date_key,rbi_ref,fred_h10,status,diff_inr,diff_pct,large_gap_flag
20130101,54.832,,rbi_only,,,0
20130102,54.389,54.23,both,-0.159000000000006,-0.2923385243339756,0
20130103,54.4153,54.46,both,0.0446999999999988,0.0821460140805965,0
20130104,54.8458,54.93,both,0.0842000000000027,0.1535213270660702,0
20130107,54.978,55.2,both,0.2220000000000013,0.4037978827894818,0
20130108,55.3278,55.02,both,-0.3078000000000003,-0.5563206923101953,1
20130109,54.9625,54.79,both,-0.1724999999999994,-0.3138503525130761,0
20130110,54.6305,54.49,both,-0.1404999999999958,-0.2571823431965584,0
20130111,54.539,54.81,both,0.2710000000000008,0.4968921322356493,0
20130114,54.6355,54.5,both,-0.1355000000000004,-0.2480072480347034,0
20130115,54.5425,54.58,both,0.0375000000000014,0.0687537241600612,0
20130116,54.826,54.66,both,-0.1660000000000039,-0.3027760551563198,0
20130117,54.6428,54.35,both,-0.2927999999999997,-0.5358436976143238,1
20130118,53.9465,53.82,both,-0.1265,-0.2344915796205501,0
20130121,53.8735,,rbi_only,,,0
20130122,53.5115,53.72,both,0.2085000000000008,0.389635872662887,0
20130123,53.771,53.66,both,-0.1110000000000042,-0.2064309758048096,0
20130124,53.8515,53.67,both,-0.1814999999999997,-0.3370379655162804,0
20130125,,53.78,fred_only,,,0
20130128,53.8905,53.97,both,0.0794999999999959,0.1475213627633737,0
20130129,53.7015,53.64,both,-0.0615000000000023,-0.1145219407279169,0
20130130,53.5678,53.21,both,-0.3577999999999974,-0.667938575039478,1
20130131,53.289,53.32,both,0.0309999999999988,0.0581733566026737,0
20130201,53.3238,53.16,both,-0.1638000000000019,-0.3071799084086317,0
20130204,52.973,53.24,both,0.267000000000003,0.5040303550865592,1
20130205,53.2945,52.99,both,-0.3044999999999973,-0.5713535167793999,1
20130206,53.0855,53.07,both,-0.0155000000000029,-0.0291981802940595,0
20130207,53.1445,53.22,both,0.0754999999999981,0.1420655006632824,0
20130208,53.5695,53.58,both,0.0105000000000003,0.0196007056254032,0
20130211,53.6793,53.95,both,0.270700000000005,0.5042912258542959,1
20130212,53.9585,53.75,both,-0.2085000000000008,-0.3864080728708188,0
20130213,53.85,53.79,both,-0.0600000000000022,-0.1114206128133746,0
20130214,53.8715,53.94,both,0.0685000000000002,0.1271544323065075,0
20130215,53.9885,54.28,both,0.2914999999999992,0.5399297998647845,1
20130218,54.2895,,rbi_only,,,0
20130219,,54.26,fred_only,,,0
20130220,54.051,54.18,both,0.1289999999999977,0.2386634844868694,0
20130221,54.48,54.47,both,-0.009999999999998,-0.0183553597650477,0
20130222,54.427,54.28,both,-0.1469999999999984,-0.2700865379315385,0
20130225,54.0415,53.96,both,-0.0814999999999983,-0.1508100256284491,0
20130226,54.0645,54.14,both,0.0754999999999981,0.1396480130214801,0
20130227,53.835,53.72,both,-0.1150000000000019,-0.213615677533207,0
20130228,53.7735,54.37,both,0.5964999999999989,1.1092824532529943,1
20130301,54.4815,54.9,both,0.4185000000000016,0.7681506566449192,1
20130304,55.0518,54.92,both,-0.1317999999999983,-0.2394108821146599,0
20130305,54.652,54.87,both,0.2179999999999964,0.3988875064041506,0
20130306,54.7065,54.83,both,0.1234999999999999,0.2257501393801467,0
20130307,54.7393,54.45,both,-0.2892999999999972,-0.5285051142414996,1
20130308,54.4035,54.32,both,-0.0835000000000008,-0.1534827722481105,0
20130311,54.2933,54.38,both,0.0867000000000004,0.1596882119893254,0
20130312,54.3365,54.19,both,-0.1465000000000031,-0.2696161880135879,0
20130313,54.11,54.3,both,0.1899999999999977,0.3511365736462719,0
20130314,54.442,54.22,both,-0.2220000000000013,-0.4077734102347476,0
20130315,54.1605,54.06,both,-0.1004999999999967,-0.18555958678372,0
20130318,54.2915,54.1,both,-0.1914999999999977,-0.352725564775329,0
20130319,54.2635,54.4,both,0.136499999999998,0.2515503054539388,0
20130320,54.378,54.32,both,-0.0579999999999998,-0.1066607819338699,0
20130321,54.281,54.27,both,-0.0109999999999956,-0.0202649177428486,0
20130322,54.335,54.3,both,-0.0350000000000036,-0.0644152019876758,0
20130325,54.099,54.22,both,0.1210000000000022,0.2236640233645765,0
20130326,54.2735,54.42,both,0.1465000000000031,0.2699291551125378,0
20130327,,54.45,fred_only,,,0
20130328,54.3893,54.44,both,0.050699999999999,0.0932168643464782,0
20130329,,54.52,fred_only,,,0
20130401,,54.28,fred_only,,,0
20130402,54.3345,54.43,both,0.0955000000000012,0.175763097111414,0
20130403,54.3885,54.46,both,0.0715000000000003,0.1314616141279872,0
20130404,54.646,54.91,both,0.2639999999999958,0.4831094682135852,0
20130405,54.8803,54.75,both,-0.1302999999999983,-0.2374258158209745,0
20130408,54.7215,54.58,both,-0.1415000000000006,-0.2585820929616341,0
20130409,54.4613,54.47,both,0.0086999999999974,0.0159746462166666,0
20130410,54.534,54.41,both,-0.1240000000000023,-0.2273810833608434,0
20130411,,54.36,fred_only,,,0
20130412,54.4425,54.62,both,0.1774999999999948,0.3260320521651189,0
20130415,54.626,54.48,both,-0.1460000000000008,-0.2672719950206876,0
20130416,54.329,54.08,both,-0.2490000000000023,-0.4583187616190291,0
20130417,53.9423,54.16,both,0.2176999999999935,0.403579380189561,0
20130418,54.0298,53.95,both,-0.0797999999999987,-0.1476962713169376,0
20130419,,53.98,fred_only,,,0
20130422,54.1665,54.19,both,0.0234999999999985,0.0433847488761476,0
20130423,54.2995,54.39,both,0.0904999999999986,0.166668201364651,0
20130424,,54.22,fred_only,,,0
20130425,54.1715,54.11,both,-0.0615000000000023,-0.1135283313181328,0
20130426,54.2935,54.41,both,0.1164999999999949,0.214574488658854,0
20130429,54.277,54.2,both,-0.0769999999999981,-0.1418648783094094,0
20130430,54.219,53.68,both,-0.5390000000000015,-0.9941164536417152,1
20130501,,53.65,fred_only,,,0
20130502,53.7355,53.79,both,0.0544999999999973,0.1014227093820608,0
20130503,53.951,53.8,both,-0.1510000000000033,-0.2798835980797452,0
20130506,53.9495,54.13,both,0.1805000000000021,0.3345721461737404,0
20130507,54.277,54.06,both,-0.2169999999999987,-0.3998010206901611,0
20130508,54.16,54.08,both,-0.0799999999999983,-0.1477104874446054,0
20130509,54.2415,54.34,both,0.0985000000000013,0.1815952729920842,0
20130510,54.5413,54.94,both,0.398699999999998,0.7310056782658243,1
20130513,54.915,54.85,both,-0.0649999999999977,-0.1183647455157929,0
20130514,54.6275,54.5,both,-0.1274999999999977,-0.2333989291107916,0
20130515,54.7835,54.78,both,-0.0034999999999953,-0.0063887849443635,0
20130516,54.7723,54.68,both,-0.0923000000000016,-0.1685158373849584,0
20130517,54.8865,55.17,both,0.2835000000000036,0.5165204558498058,1
20130520,55.0368,55.02,both,-0.0167999999999963,-0.0305250305250239,0
20130521,55.0395,55.42,both,0.3805000000000049,0.6913216871519635,1
20130522,55.522,55.62,both,0.0979999999999989,0.1765066099924336,0
20130523,55.991,55.7,both,-0.2909999999999968,-0.5197263845975189,1
20130524,55.6075,55.78,both,0.1724999999999994,0.3102099536932957,0
20130527,55.6198,,rbi_only,,,0
20130528,55.7423,56.07,both,0.3277000000000001,0.5878838871018959,1
20130529,56.243,56.28,both,0.036999999999999,0.0657859644755774,0
20130530,56.0995,56.5,both,0.4005000000000009,0.7139101061506804,1
20130531,56.4958,56.5,both,0.0041999999999973,0.0074341809479595,0
20130603,56.574,56.66,both,0.0859999999999985,0.1520132923250937,0
20130604,56.6423,56.43,both,-0.212299999999999,-0.3748082263608629,0
20130605,56.4238,56.84,both,0.4162000000000034,0.7376319921735215,1
20130606,56.869,56.92,both,0.0510000000000019,0.0896797903954736,0
20130607,56.7445,56.57,both,-0.1745000000000018,-0.3075187903673517,0
20130610,57.782,58.13,both,0.3480000000000061,0.6022636807310341,1
20130611,58.9255,58.34,both,-0.5854999999999961,-0.9936275466478792,1
20130612,58.274,57.82,both,-0.4540000000000006,-0.7790781480591699,1
20130613,58.414,58.07,both,-0.3440000000000012,-0.5888999212517567,1
20130614,57.741,57.56,both,-0.1809999999999973,-0.3134687656950821,0
20130617,57.731,57.97,both,0.2389999999999972,0.4139890180319018,0
20130618,58.4515,58.79,both,0.3384999999999962,0.5791125976236645,1
20130619,58.7445,58.7,both,-0.0444999999999993,-0.0757517725063611,0
20130620,59.7,59.57,both,-0.1300000000000025,-0.2177554438861014,0
20130621,59.3505,59.43,both,0.079500000000003,0.1339500088457604,0
20130622,59.734,,rbi_only,,,0
20130624,59.734,59.8,both,0.0659999999999954,0.1104898382830471,0
20130625,59.703,59.66,both,-0.0430000000000063,-0.0720231814146799,0
20130626,59.8538,60.7,both,0.8462000000000032,1.4137782396439378,1
20130627,60.588,60.19,both,-0.3980000000000032,-0.656895754934976,1
20130628,59.6995,59.52,both,-0.1794999999999973,-0.3006725349458493,0
20130701,59.149,59.38,both,0.2310000000000016,0.3905391469002039,0
20130702,59.4145,59.54,both,0.1255000000000024,0.2112278989135689,0
20130703,60.1005,60.21,both,0.1095000000000041,0.182194823670359,0
20130704,60.0905,,rbi_only,,,0
20130705,60.3395,60.23,both,-0.1095000000000041,-0.1814731643450876,0
20130708,61.0455,60.75,both,-0.295499999999997,-0.4840651645084355,0
20130709,60.0745,60.09,both,0.0155000000000029,0.0258012967232402,0
20130710,60.133,59.88,both,-0.2530000000000001,-0.4207340395456739,0
20130711,59.642,59.82,both,0.1779999999999972,0.2984474028369224,0
20130712,59.896,59.88,both,-0.0159999999999982,-0.0267129691465176,0
20130715,60.051,59.89,both,-0.1610000000000013,-0.2681054437061853,0
20130716,59.3925,59.29,both,-0.1024999999999991,-0.1725807130529934,0
20130717,59.3623,59.34,both,-0.0222999999999942,-0.0375659298915207,0
20130718,60.051,59.59,both,-0.4609999999999985,-0.7676808046493789,1
20130719,59.795,59.37,both,-0.4250000000000042,-0.7107617693787177,1
20130722,59.408,59.71,both,0.3019999999999996,0.5083490438998108,1
20130723,59.6875,59.64,both,-0.0474999999999994,-0.0795811518324597,0
20130724,59.4465,59.14,both,-0.3064999999999998,-0.5155896478346073,1
20130725,58.9415,59.01,both,0.0685000000000002,0.1162169269529961,0
20130726,58.9133,59.08,both,0.1666999999999987,0.2829581775252765,0
20130729,59.297,59.33,both,0.0330000000000012,0.0556520565964572,0
20130730,59.828,60.8,both,0.9719999999999942,1.6246573510730662,1
20130731,61.115,60.77,both,-0.3449999999999988,-0.5645095312116483,1
20130801,60.7423,60.45,both,-0.2922999999999973,-0.4812132566596874,0
20130802,60.8035,60.88,both,0.0765000000000029,0.1258151257740145,0
20130805,60.822,60.88,both,0.0579999999999998,0.0953602314951823,0
20130806,61.5355,60.78,both,-0.7554999999999978,-1.2277465853044145,1
20130807,61.394,61.2,both,-0.1939999999999955,-0.3159917907287284,0
20130808,61.115,60.72,both,-0.3950000000000031,-0.6463225067495756,1
20130809,,60.34,fred_only,,,0
20130812,60.8025,61.15,both,0.3474999999999966,0.5715225525266174,1
20130813,61.4343,61.33,both,-0.104300000000002,-0.1697748651811806,0
20130814,61.516,61.27,both,-0.2459999999999951,-0.3998959620261316,0
20130815,,61.41,fred_only,,,0
20130816,61.8195,61.65,both,-0.1694999999999993,-0.2741853298716413,0
20130819,62.3461,63.13,both,0.7839000000000027,1.2573360643247975,1
20130820,63.7335,63.21,both,-0.5234999999999985,-0.8213890654051613,1
20130821,63.4605,64.11,both,0.6494999999999962,1.0234712931666092,1
20130822,65.4207,64.55,both,-0.8706999999999994,-1.3309243098896824,1
20130823,64.688,63.22,both,-1.4680000000000035,-2.269354439772452,1
20130826,64.2347,64.26,both,0.0253000000000014,0.039386811178384,0
20130827,65.6675,66.24,both,0.5724999999999909,0.8718163475082665,1
20130828,68.3611,68.8,both,0.4389000000000038,0.6420317987861575,1
20130829,67.706,66.55,both,-1.156000000000006,-1.7073819159306498,1
20130830,66.5742,65.71,both,-0.864200000000011,-1.2981004653454504,1
20130902,65.8608,,rbi_only,,,0
20130903,66.8875,67.71,both,0.8224999999999909,1.2296766959446697,1
20130904,67.0289,67.08,both,0.0511000000000052,0.0762357729278046,0
20130905,66.043,66.01,both,-0.0330000000000012,-0.0499674454522072,0
20130906,65.96,65.23,both,-0.7299999999999898,-1.1067313523347329,1
20130909,,65.24,fred_only,,,0
20130910,64.2162,63.83,both,-0.3862000000000023,-0.6014058757758981,1
20130911,63.9035,63.26,both,-0.6435000000000031,-1.0069870977333055,1
20130912,63.6673,63.42,both,-0.2472999999999956,-0.3884254554535776,0
20130913,63.789,63.36,both,-0.429000000000002,-0.6725297465080218,1
20130916,62.484,62.83,both,0.3459999999999965,0.5537417578900142,1
20130917,63.377,63.36,both,-0.017000000000003,-0.0268236110892011,0
20130918,63.144,63.37,both,0.2259999999999991,0.3579120739896096,0
20130919,61.748,61.76,both,0.0120000000000004,0.0194338278162862,0
20130920,62.243,62.27,both,0.027000000000001,0.0433783718651109,0
20130923,62.52,62.57,both,0.0499999999999971,0.0799744081893748,0
20130924,62.6585,62.72,both,0.0615000000000023,0.0981510888387087,0
20130925,62.6981,62.2,both,-0.4980999999999937,-0.7944419368369916,1
20130926,62.226,61.68,both,-0.5459999999999994,-0.8774467264487504,1
20130927,61.811,62.48,both,0.6689999999999969,1.0823316238209977,1
20130930,62.777,62.58,both,-0.1970000000000027,-0.3138091976360812,0
20131001,62.3555,62.46,both,0.1045000000000015,0.1675874622126381,0
20131002,,62.46,fred_only,,,0
20131003,61.9348,61.97,both,0.0351999999999961,0.0568339608749784,0
20131004,61.405,61.42,both,0.0150000000000005,0.0244279781776737,0
20131007,61.776,61.79,both,0.0139999999999957,0.0226625226625158,0
20131008,61.6885,61.79,both,0.1015000000000014,0.1645363398364387,0
20131009,61.917,61.92,both,0.0030000000000001,0.0048451959881779,0
20131010,62.1383,61.3,both,-0.8383000000000038,-1.3490874388259797,1
20131011,61.157,61.07,both,-0.0869999999999961,-0.142256814428432,0
20131014,61.3036,,rbi_only,,,0
20131015,61.6929,61.84,both,0.1471000000000017,0.2384391072554569,0
20131016,,61.72,fred_only,,,0
20131017,61.581,61.13,both,-0.4510000000000005,-0.7323687501014932,1
20131018,61.276,61.26,both,-0.0160000000000053,-0.0261113649716126,0
20131021,61.4885,61.56,both,0.0715000000000003,0.1162819063727369,0
20131022,61.78,61.64,both,-0.1400000000000005,-0.2266105535772103,0
20131023,61.534,61.54,both,0.0060000000000002,0.0097507069262525,0
20131024,61.4105,61.48,both,0.0694999999999979,0.1131728287507802,0
20131025,61.625,61.4,both,-0.2250000000000014,-0.365111561866128,0
20131028,61.503,61.54,both,0.036999999999999,0.0601596670081118,0
20131029,61.463,61.34,both,-0.1229999999999975,-0.2001203976375991,0
20131030,61.4871,61.09,both,-0.3970999999999947,-0.6458265229617183,1
20131031,61.41,61.61,both,0.2000000000000028,0.3256798567008677,0
20131101,61.9046,61.84,both,-0.0645999999999986,-0.1043541190800015,0
20131104,,61.74,fred_only,,,0
20131105,61.788,61.76,both,-0.0279999999999986,-0.0453162426361084,0
20131106,61.9225,62.48,both,0.5574999999999974,0.9003189470709314,1
20131107,62.574,62.41,both,-0.1640000000000014,-0.262089685812001,0
20131108,62.7315,62.48,both,-0.2515,-0.400915010799997,0
20131111,63.2955,,rbi_only,,,0
20131112,63.593,63.73,both,0.1369999999999933,0.2154325161574282,0
20131113,63.6545,63.28,both,-0.3744999999999976,-0.5883323252872894,1
20131114,63.0645,63.12,both,0.055499999999995,0.0880051375972139,0
20131115,,62.97,fred_only,,,0
20131118,62.625,62.07,both,-0.5549999999999997,-0.8862275449101792,1
20131119,62.2311,62.26,both,0.0289000000000001,0.0464398026067354,0
20131120,62.558,62.34,both,-0.2179999999999964,-0.3484766137024783,0
20131121,62.8895,62.94,both,0.0504999999999995,0.080299573060685,0
20131122,63.0236,62.72,both,-0.303600000000003,-0.4817243064502868,0
20131125,62.577,62.37,both,-0.2070000000000007,-0.3307924636847416,0
20131126,62.447,62.47,both,0.0229999999999961,0.0368312328854807,0
20131127,62.3625,62.47,both,0.1075000000000017,0.1723792343154968,0
20131128,62.3896,,rbi_only,,,0
20131129,62.3948,62.39,both,-0.0047999999999959,-0.0076929487713654,0
20131202,62.226,62.3,both,0.073999999999998,0.1189213512036738,0
20131203,62.3443,62.38,both,0.0357000000000056,0.0572626527204662,0
20131204,62.333,61.9,both,-0.4329999999999998,-0.6946561211557278,1
20131205,61.6895,61.6,both,-0.089500000000001,-0.1450814158000972,0
20131206,61.6673,61.43,both,-0.2372999999999976,-0.3848068587403658,0
20131209,61.1785,60.87,both,-0.3085000000000022,-0.5042621182278124,1
20131210,61.207,61.04,both,-0.1670000000000016,-0.2728446092767193,0
20131211,61.3313,61.38,both,0.0487000000000037,0.0794048063549994,0
20131212,61.62,61.85,both,0.2300000000000039,0.3732554365465822,0
20131213,62.1266,62.16,both,0.0333999999999932,0.053761190858655,0
20131216,62.1024,61.68,both,-0.4224000000000032,-0.6801669500695676,1
20131217,61.958,61.92,both,-0.0379999999999967,-0.0613318699764303,0
20131218,61.9176,62.06,both,0.142400000000002,0.2299830742793682,0
20131219,62.38,62.14,both,-0.240000000000002,-0.3847386983007406,0
20131220,62.242,61.98,both,-0.2620000000000004,-0.4209376305388652,0
20131223,61.9915,61.83,both,-0.1615000000000037,-0.2605195873627896,0
20131224,61.8668,61.75,both,-0.1167999999999978,-0.1887926965674607,0
20131226,61.9755,62.15,both,0.1745000000000018,0.2815628756524786,0
20131227,62.0595,61.92,both,-0.1394999999999981,-0.2247842796026364,0
20131230,62.0028,61.77,both,-0.2327999999999974,-0.3754669143974102,0
20131231,61.897,61.92,both,0.0230000000000032,0.0371585052587415,0
20140101,61.9335,,rbi_only,,,0
20140102,61.902,62.31,both,0.4080000000000012,0.6591063293593119,1
20140103,62.4075,62.17,both,-0.2374999999999971,-0.3805632335857023,0
20140106,62.3265,62.31,both,-0.0165000000000006,-0.0264734904093774,0
20140107,62.379,62.3,both,-0.0790000000000006,-0.1266451850783126,0
20140108,62.243,62.07,both,-0.1730000000000018,-0.2779429012097775,0
20140109,62.181,62.07,both,-0.1109999999999971,-0.1785111207603562,0
20140110,61.936,61.45,both,-0.4859999999999971,-0.7846809609919871,1
20140113,61.52,61.52,both,0.0,0.0,0
20140114,,61.51,fred_only,,,0
20140115,61.5885,61.54,both,-0.0485000000000042,-0.078748467652247,0
20140116,61.5325,61.54,both,0.0075000000000002,0.0121886807784508,0
20140117,61.3518,61.54,both,0.1882000000000019,0.3067554660173001,0
20140120,61.6345,,rbi_only,,,0
20140121,61.5355,61.94,both,0.4044999999999987,0.6573441346864798,1
20140122,61.92,61.86,both,-0.0600000000000022,-0.0968992248062052,0
20140123,61.988,62.11,both,0.1219999999999998,0.1968122862489512,0
20140124,62.177,62.68,both,0.5030000000000001,0.8089808128407613,1
20140127,62.7145,63.09,both,0.3755000000000024,0.5987451067934886,1
20140128,62.9898,62.56,both,-0.4298000000000002,-0.6823326951347681,1
20140129,62.2005,62.46,both,0.2595000000000027,0.4171992186558029,0
20140130,62.7335,62.56,both,-0.1734999999999971,-0.2765667466345686,0
20140131,62.4768,62.63,both,0.1532000000000053,0.2452110223314979,0
20140203,62.6891,62.63,both,-0.0591000000000008,-0.0942747622792492,0
20140204,62.6815,62.27,both,-0.4114999999999966,-0.6564935427518434,1
20140205,62.4525,62.57,both,0.1174999999999997,0.1881429886713898,0
20140206,62.5045,62.14,both,-0.3644999999999996,-0.5831580126230905,1
20140207,62.3155,62.09,both,-0.2254999999999967,-0.3618682350298027,0
20140210,62.193,62.44,both,0.2469999999999999,0.3971508047529463,0
20140211,62.439,62.15,both,-0.2890000000000015,-0.4628517433014646,0
20140212,62.125,61.84,both,-0.2849999999999966,-0.4587525150905377,0
20140213,62.2725,62.23,both,-0.0425000000000039,-0.0682484242643285,0
20140214,62.277,61.87,both,-0.4070000000000036,-0.6535318014676422,1
20140217,61.9495,,rbi_only,,,0
20140218,62.122,62.2,both,0.0780000000000029,0.1255593831492916,0
20140219,,62.32,fred_only,,,0
20140220,62.2843,62.21,both,-0.0743000000000009,-0.1192916995133619,0
20140221,62.1618,62.13,both,-0.0317999999999969,-0.0511568197832059,0
20140224,62.1185,62.07,both,-0.0484999999999971,-0.0780765794409026,0
20140225,61.9765,61.96,both,-0.0165000000000006,-0.0266229941994153,0
20140226,61.938,62.11,both,0.171999999999997,0.2776970518905954,0
20140227,,62.11,fred_only,,,0
20140228,62.072,61.78,both,-0.2920000000000016,-0.4704214460626394,0
20140303,61.8605,62.17,both,0.3094999999999999,0.5003192667372554,1
20140304,61.9045,61.91,both,0.0054999999999978,0.0088846529735283,0
20140305,61.855,61.75,both,-0.1049999999999968,-0.1697518389782505,0
20140306,61.3242,60.89,both,-0.434199999999997,-0.7080402190326119,1
20140307,60.985,61.24,both,0.2550000000000025,0.4181356071165082,0
20140310,61.1965,60.84,both,-0.3564999999999969,-0.5825496556175548,1
20140311,60.6995,61.01,both,0.3104999999999975,0.5115363388495746,1
20140312,61.09,61.01,both,-0.0800000000000054,-0.1309543296775338,0
20140313,61.0155,61.2,both,0.1844999999999999,0.3023821815768123,0
20140314,61.517,61.19,both,-0.3270000000000053,-0.5315603816831206,1
20140317,,61.08,fred_only,,,0
20140318,60.9453,61.1,both,0.1546999999999982,0.2538341758921496,0
20140319,61.097,60.95,both,-0.1469999999999984,-0.2406010115062907,0
20140320,61.131,61.33,both,0.198999999999998,0.3255304182820469,0
20140321,61.0465,60.9,both,-0.1465000000000031,-0.2399809980916239,0
20140324,60.703,60.78,both,0.0769999999999981,0.1268471080506699,0
20140325,60.4935,60.27,both,-0.2234999999999942,-0.3694611817798511,0
20140326,60.1725,60.13,both,-0.0424999999999968,-0.070630271303331,0
20140327,60.1295,60.26,both,0.1304999999999978,0.2170315735204813,0
20140328,60.0998,59.89,both,-0.2098000000000013,-0.3490860202529813,0
20140331,,60.0,fred_only,,,0
20140401,,59.86,fred_only,,,0
20140402,59.6463,59.9,both,0.253700000000002,0.4253407168592219,0
20140403,60.1245,60.35,both,0.2255000000000038,0.3750550940132621,0
20140404,60.321,60.08,both,-0.2409999999999996,-0.3995291855241121,0
20140407,59.9483,60.11,both,0.1616999999999961,0.2697324194347399,0
20140408,,60.08,fred_only,,,0
20140409,60.074,60.09,both,0.0160000000000053,0.0266338182907836,0
20140410,60.2115,60.07,both,-0.1415000000000006,-0.2350049409166033,0
20140411,60.267,60.18,both,-0.0870000000000033,-0.1443576086415506,0
20140414,,60.32,fred_only,,,0
20140415,60.262,60.34,both,0.0780000000000029,0.1294348013673674,0
20140416,60.2263,60.22,both,-0.006300000000003,-0.0104605463061869,0
20140417,60.3805,60.29,both,-0.0904999999999986,-0.1498828264091862,0
20140418,,60.29,fred_only,,,0
20140421,60.335,60.59,both,0.2550000000000025,0.4226402585563977,0
20140422,60.7147,60.8,both,0.0852999999999966,0.1404931589878507,0
20140423,61.0683,61.17,both,0.101700000000001,0.1665348470483065,0
20140424,,61.11,fred_only,,,0
20140425,61.1163,60.64,both,-0.4763000000000019,-0.7793338274731977,1
20140428,60.5041,60.69,both,0.1858999999999966,0.3072519052427796,0
20140429,60.5253,60.23,both,-0.2953000000000045,-0.4878951446750442,0
20140430,60.3375,60.21,both,-0.1274999999999977,-0.2113113735239241,0
20140501,,60.11,fred_only,,,0
20140502,60.225,60.02,both,-0.2049999999999983,-0.3403902034038992,0
20140505,60.0475,60.21,both,0.1625000000000014,0.2706190932178715,0
20140506,60.202,59.97,both,-0.2319999999999993,-0.38536925683532,0
20140507,60.0399,60.01,both,-0.0299000000000049,-0.0498002161895754,0
20140508,59.9913,60.06,both,0.0686999999999997,0.1145166049077112,0
20140509,60.054,60.0,both,-0.054000000000002,-0.0899190728344524,0
20140512,59.729,59.48,both,-0.2490000000000023,-0.4168829211940638,0
20140513,59.8773,59.44,both,-0.4373000000000004,-0.730326851745153,1
20140514,,59.49,fred_only,,,0
20140515,59.4745,59.38,both,-0.0944999999999964,-0.1588916258228257,0
20140516,58.861,58.62,both,-0.2409999999999996,-0.409439187237729,0
20140519,58.426,58.38,both,-0.0459999999999993,-0.0787320713381018,0
20140520,58.7455,58.58,both,-0.1655000000000015,-0.2817237064966704,0
20140521,58.7725,58.66,both,-0.1125000000000042,-0.1914160534263546,0
20140522,58.574,58.3,both,-0.2740000000000009,-0.467784341175267,0
20140523,58.483,58.36,both,-0.1229999999999975,-0.2103175281705753,0
20140526,58.5873,,rbi_only,,,0
20140527,59.0585,58.9,both,-0.1585000000000036,-0.2683779642219216,0
20140528,59.077,58.94,both,-0.1370000000000004,-0.2319007397125793,0
20140529,58.8415,58.9,both,0.0584999999999951,0.0994196273038503,0
20140530,59.0335,59.16,both,0.1265,0.2142851093023453,0
20140602,59.1385,59.15,both,0.011499999999998,0.0194458770513253,0
20140603,59.2125,59.32,both,0.1075000000000017,0.1815495039054282,0
20140604,59.336,59.34,both,0.0040000000000048,0.0067412700552866,0
20140605,59.2973,59.24,both,-0.0572999999999979,-0.0966317184762171,0
20140606,59.197,59.17,both,-0.027000000000001,-0.0456104194469331,0
20140609,59.0605,59.18,both,0.1195000000000021,0.202334893880008,0
20140610,59.2647,59.18,both,-0.084699999999998,-0.1429181283293394,0
20140611,59.325,59.32,both,-0.0050000000000025,-0.0084281500210746,0
20140612,59.3283,59.19,both,-0.1383000000000009,-0.2331096626736329,0
20140613,59.4783,59.64,both,0.1617000000000032,0.2718638562299247,0
20140616,60.0059,60.16,both,0.1540999999999996,0.2568080805387465,0
20140617,60.368,60.32,both,-0.0480000000000018,-0.0795123244102866,0
20140618,60.124,60.28,both,0.1559999999999988,0.2594637748652764,0
20140619,60.0031,60.09,both,0.0868999999999999,0.1448258506643823,0
20140620,60.2785,60.23,both,-0.0485000000000042,-0.0804598654578402,0
20140623,60.1927,60.14,both,-0.0527000000000015,-0.0875521450275557,0
20140624,60.105,60.14,both,0.0350000000000036,0.0582314283337554,0
20140625,60.2785,60.11,both,-0.1685000000000016,-0.2795358212297944,0
20140626,60.1618,60.17,both,0.0082000000000022,0.0136299113390925,0
20140627,60.0958,60.04,both,-0.0557999999999978,-0.092851746711081,0
20140630,60.0933,60.06,both,-0.033299999999997,-0.0554138314920249,0
20140701,60.137,60.05,both,-0.0870000000000033,-0.1446696709180759,0
20140702,59.9745,59.69,both,-0.2845000000000013,-0.4743682731827715,0
20140703,59.7225,59.74,both,0.0175000000000054,0.0293021892921518,0
20140704,59.7939,,rbi_only,,,0
20140707,59.9455,60.013,both,0.0674999999999954,0.1126022804046933,0
20140708,59.7968,59.78,both,-0.0167999999999963,-0.0280951489042831,0
20140709,59.726,59.75,both,0.0240000000000009,0.0401835046713339,0
20140710,59.875,60.19,both,0.3149999999999977,0.526096033402919,1
20140711,60.1855,60.08,both,-0.1054999999999992,-0.1752913907834931,0
20140714,60.005,60.11,both,0.1049999999999968,0.1749854178818379,0
20140715,60.2195,60.15,both,-0.0694999999999979,-0.1154111209824025,0
20140716,60.1903,60.12,both,-0.0703000000000031,-0.1167962279636472,0
20140717,60.1401,60.35,both,0.2099000000000046,0.3490183754267197,0
20140718,60.33,60.33,both,0.0,0.0,0
20140721,60.1853,60.24,both,0.0547000000000039,0.0908859804636746,0
20140722,60.236,60.16,both,-0.0760000000000005,-0.1261703964406675,0
20140723,60.183,60.0,both,-0.1829999999999998,-0.3040725786351624,0
20140724,60.002,60.11,both,0.1079999999999969,0.1799940001999883,0
20140725,60.1448,60.04,both,-0.1047999999999973,-0.1742461526183433,0
20140728,60.1013,60.13,both,0.0287000000000006,0.0477527108398663,0
20140729,,60.12,fred_only,,,0
20140730,60.1485,60.4,both,0.2515,0.4181317904852158,0
20140731,60.246,60.55,both,0.3039999999999949,0.5045978156226055,1
20140801,60.851,61.2,both,0.3490000000000037,0.5735320701385412,1
20140804,61.0187,60.94,both,-0.0787000000000048,-0.1289768546363735,0
20140805,60.869,61.05,both,0.1809999999999973,0.2973599040562476,0
20140806,61.336,61.25,both,-0.0859999999999985,-0.1402112951610775,0
20140807,61.4123,61.2,both,-0.212299999999999,-0.3456962204639771,0
20140808,61.5575,61.18,both,-0.3774999999999977,-0.6132477764691512,1
20140811,61.1165,61.17,both,0.0534999999999996,0.0875377353087949,0
20140812,61.1847,61.09,both,-0.094699999999996,-0.1547772564055981,0
20140813,61.2458,61.22,both,-0.0258000000000038,-0.0421253375741745,0
20140814,61.0583,60.77,both,-0.2882999999999995,-0.4721716785432931,0
20140815,,60.77,fred_only,,,0
20140818,,60.77,fred_only,,,0
20140819,60.726,60.67,both,-0.0559999999999973,-0.0922175015643997,0
20140820,60.669,60.58,both,-0.0889999999999986,-0.1466976544858142,0
20140821,60.767,60.56,both,-0.2070000000000007,-0.3406454160975541,0
20140822,60.436,60.47,both,0.0339999999999989,0.0562578595539064,0
20140825,60.427,60.56,both,0.1330000000000026,0.2201002862958655,0
20140826,60.496,60.43,both,-0.0660000000000025,-0.1090981221899009,0
20140827,60.4678,60.45,both,-0.017799999999994,-0.0294371549816498,0
20140828,60.4745,60.51,both,0.0354999999999989,0.0587024282962223,0
20140829,,61.51,fred_only,,,0
20140901,60.4735,,rbi_only,,,0
20140902,60.61,60.69,both,0.0799999999999983,0.1319914205576609,0
20140903,60.5445,60.41,both,-0.1345000000000027,-0.2221506495222567,0
20140904,60.454,60.38,both,-0.073999999999998,-0.1224071194627288,0
20140905,60.4385,60.26,both,-0.1784999999999996,-0.2953415455380257,0
20140908,60.2628,60.29,both,0.0272000000000005,0.0451356392334915,0
20140909,60.4277,60.6,both,0.1722999999999999,0.2851341355040815,0
20140910,60.8256,60.95,both,0.1244000000000014,0.2045191498316521,0
20140911,60.9155,60.93,both,0.0144999999999981,0.0238034654562437,0
20140912,60.84,60.95,both,0.1099999999999994,0.180802103879026,0
20140915,60.9945,61.03,both,0.0354999999999989,0.0582019690299928,0
20140916,61.1015,61.06,both,-0.0414999999999992,-0.0679197728369994,0
20140917,60.954,60.9,both,-0.054000000000002,-0.0885913967910261,0
20140918,61.0558,60.78,both,-0.2757999999999967,-0.4517179367070724,0
20140919,60.8055,60.8,both,-0.0055000000000049,-0.009045234394923,0
20140922,60.7875,60.93,both,0.1424999999999983,0.2344231955582945,0
20140923,60.8708,61.04,both,0.1691999999999964,0.2779657898368289,0
20140924,61.0293,60.93,both,-0.0992999999999995,-0.162708731707556,0
20140925,61.0245,61.33,both,0.305499999999995,0.5006186040033019,1
20140926,61.572,61.14,both,-0.4320000000000021,-0.7016176183979767,1
20140929,61.4273,61.53,both,0.1026999999999986,0.1671895069456067,0
20140930,61.6135,61.92,both,0.3064999999999998,0.4974559146940196,0
20141001,61.7511,61.71,both,-0.0411000000000001,-0.0665575188134302,0
20141002,,61.61,fred_only,,,0
20141003,,61.81,fred_only,,,0
20141006,,61.68,fred_only,,,0
20141007,61.3595,61.28,both,-0.0794999999999959,-0.1295642891483729,0
20141008,61.4648,61.38,both,-0.0847999999999942,-0.137965144277691,0
20141009,61.0368,60.92,both,-0.1167999999999978,-0.191359966446468,0
20141010,61.1624,61.27,both,0.107600000000005,0.1759250781525987,0
20141013,61.2455,,rbi_only,,,0
20141014,61.1078,61.38,both,0.2722000000000051,0.4454423166928037,0
20141015,,61.42,fred_only,,,0
20141016,61.4795,61.8,both,0.3204999999999955,0.5213119820427875,1
20141017,61.6165,61.46,both,-0.1565000000000012,-0.2539904084133327,0
20141020,61.2873,61.2,both,-0.087299999999999,-0.1424438668370103,0
20141021,61.2967,61.14,both,-0.1567000000000007,-0.2556418208484318,0
20141022,61.2355,61.18,both,-0.0555000000000021,-0.0906337010394331,0
20141023,,61.16,fred_only,,,0
20141024,,61.16,fred_only,,,0
20141027,61.229,61.28,both,0.0510000000000019,0.0832938640186871,0
20141028,61.3524,61.17,both,-0.1824000000000012,-0.2972988831732764,0
20141029,61.3175,61.2,both,-0.1174999999999997,-0.1916255555102535,0
20141030,61.4636,61.42,both,-0.0435999999999978,-0.0709362940016495,0
20141031,61.408,61.44,both,0.0319999999999964,0.0521104742053095,0
20141103,61.4118,61.38,both,-0.0317999999999969,-0.0517815794358689,0
20141104,,61.38,fred_only,,,0
20141105,61.387,61.49,both,0.1030000000000015,0.1677879681365786,0
20141106,,61.45,fred_only,,,0
20141107,61.5205,61.5,both,-0.0204999999999984,-0.0333222259246891,0
20141110,61.4513,61.52,both,0.0686999999999997,0.1117958448397345,0
20141111,61.55,,rbi_only,,,0
20141112,61.4785,61.4,both,-0.0784999999999982,-0.1276869149377396,0
20141113,61.556,61.55,both,-0.0060000000000002,-0.0097472220417184,0
20141114,61.6475,61.7,both,0.0525000000000019,0.0851616042824153,0
20141117,61.678,61.82,both,0.142000000000003,0.2302279581050018,0
20141118,61.808,61.72,both,-0.0880000000000009,-0.1423763914056448,0
20141119,61.828,61.98,both,0.1519999999999939,0.2458433072394285,0
20141120,62.1044,61.92,both,-0.1843999999999965,-0.2969193809134241,0
20141121,61.8505,61.76,both,-0.0904999999999986,-0.1463205632937465,0
20141124,61.7798,61.85,both,0.0701999999999998,0.1136293740025053,0
20141125,61.9195,61.89,both,-0.0294999999999987,-0.0476425035731857,0
20141126,61.8658,61.78,both,-0.0857999999999989,-0.1386872876451916,0
20141127,61.865,,rbi_only,,,0
20141128,61.9736,62.2,both,0.2264000000000052,0.3653168445918992,0
20141201,62.1377,61.94,both,-0.1977000000000046,-0.3181643350172353,0
20141202,61.9255,61.8,both,-0.1255000000000024,-0.2026628771669221,0
20141203,61.8866,61.85,both,-0.0365999999999999,-0.0591404278147449,0
20141204,61.8771,61.78,both,-0.0970999999999975,-0.1569239670249535,0
20141205,61.8535,61.9,both,0.0465000000000017,0.0751776374821178,0
20141208,61.9253,61.82,both,-0.1052999999999997,-0.1700435847706829,0
20141209,61.875,61.87,both,-0.0050000000000025,-0.0080808080808122,0
20141210,61.95,62.1,both,0.1499999999999985,0.2421307506053246,0
20141211,62.2059,62.46,both,0.2541000000000011,0.4084821536220858,0
20141212,62.4422,62.52,both,0.0778000000000034,0.1245952256647001,0
20141215,62.6529,63.16,both,0.5070999999999941,0.8093799329320654,1
20141216,63.4135,63.65,both,0.2364999999999995,0.3729489777413319,0
20141217,63.5813,63.52,both,-0.0612999999999956,-0.0964119953508275,0
20141218,63.3161,62.98,both,-0.3361000000000018,-0.5308286517963074,1
20141219,63.067,63.24,both,0.1730000000000018,0.2743114465568392,0
20141222,63.1757,63.22,both,0.0442999999999997,0.0701218981348838,0
20141223,63.4475,63.4,both,-0.0474999999999994,-0.074865045904093,0
20141224,63.4614,63.55,both,0.0885999999999995,0.1396124258210496,0
20141226,63.6355,,rbi_only,,,0
20141229,63.6539,63.67,both,0.0161000000000015,0.0252930299636024,0
20141230,63.7498,63.38,both,-0.3697999999999979,-0.5800802512321575,1
20141231,63.3315,63.04,both,-0.2914999999999992,-0.4602764816876266,0
20150101,63.3213,,rbi_only,,,0
20150102,63.2878,63.27,both,-0.017799999999994,-0.0281254839005211,0
20150105,63.3888,63.34,both,-0.0487999999999999,-0.0769852087435003,0
20150106,63.385,63.57,both,0.1850000000000022,0.2918671610002402,0
20150107,63.4495,63.27,both,-0.1794999999999973,-0.2829021505291568,0
20150108,62.967,62.67,both,-0.296999999999997,-0.471675639620749,0
20150109,62.3953,62.34,both,-0.0552999999999954,-0.0886284704136296,0
20150112,62.1605,62.09,both,-0.0704999999999955,-0.1134160761255066,0
20150113,62.1021,61.97,both,-0.1321000000000012,-0.2127142238346226,0
20150114,62.153,62.09,both,-0.0629999999999952,-0.1013627660772533,0
20150115,61.7588,62.06,both,0.3012000000000014,0.4877037766277866,0
20150116,61.8933,61.87,both,-0.023300000000006,-0.0376454317349472,0
20150119,61.699,,rbi_only,,,0
20150120,61.8475,61.64,both,-0.207499999999996,-0.3355026476413695,0
20150121,61.614,61.55,both,-0.064,-0.1038724965105334,0
20150122,61.691,61.32,both,-0.3710000000000022,-0.6013843186202237,1
20150123,61.4988,61.46,both,-0.0388000000000019,-0.0630906619316181,0
20150126,,61.46,fred_only,,,0
20150127,61.464,61.34,both,-0.1239999999999952,-0.2017441103735442,0
20150128,61.4105,61.34,both,-0.0704999999999955,-0.1148012147759675,0
20150129,61.4998,61.94,both,0.4401999999999972,0.715774685446127,1
20150130,61.7575,62.01,both,0.2524999999999977,0.4088572238189656,0
20150202,61.884,61.68,both,-0.2040000000000006,-0.3296490207484981,0
20150203,61.7389,61.67,both,-0.0688999999999993,-0.1115990080808036,0
20150204,61.68,61.73,both,0.0499999999999971,0.0810635538261951,0
20150205,61.8748,61.73,both,-0.1448000000000036,-0.2340209584515886,0
20150206,61.7363,61.7,both,-0.0362999999999971,-0.0587984702678928,0
20150209,62.141,62.1,both,-0.0409999999999968,-0.0659789832799549,0
20150210,61.9634,62.33,both,0.3665999999999982,0.5916395807847831,1
20150211,62.1536,62.41,both,0.2563999999999993,0.4125263862431127,0
20150212,62.43,62.3,both,-0.1300000000000025,-0.2082332212077567,0
20150213,62.136,62.04,both,-0.0960000000000036,-0.1544998068752472,0
20150216,62.2023,,rbi_only,,,0
20150217,,62.14,fred_only,,,0
20150218,62.245,62.25,both,0.0050000000000025,0.0080327737167685,0
20150219,,62.08,fred_only,,,0
20150220,62.255,62.19,both,-0.0650000000000048,-0.1044092843948354,0
20150223,62.1838,62.15,both,-0.0337999999999993,-0.0543549927794689,0
20150224,62.2758,62.07,both,-0.2057999999999964,-0.3304654456466178,0
20150225,62.0468,61.84,both,-0.2067999999999941,-0.3332968017689778,0
20150226,61.9395,61.74,both,-0.1995000000000004,-0.3220884895745048,0
20150227,61.7908,61.67,both,-0.1207999999999955,-0.1954983589789994,0
20150302,61.8248,61.87,both,0.0451999999999941,0.0731098200074955,0
20150303,61.8387,61.76,both,-0.0787000000000048,-0.1272665822535157,0
20150304,61.8543,62.3,both,0.4456999999999951,0.7205642938324337,1
20150305,62.2015,62.26,both,0.0584999999999951,0.094049178878315,0
20150306,,62.45,fred_only,,,0
20150309,62.616,62.67,both,0.054000000000002,0.0862399386738246,0
20150310,62.6983,62.71,both,0.0116999999999976,0.018660793035852,0
20150311,62.745,62.76,both,0.0150000000000005,0.0239062873535748,0
20150312,62.5665,62.44,both,-0.1265,-0.2021848752926886,0
20150313,62.6733,63.06,both,0.3867000000000047,0.6170091570094518,1
20150316,62.8215,62.8,both,-0.0215000000000031,-0.0342239519909635,0
20150317,62.692,62.64,both,-0.0519999999999996,-0.0829451923690416,0
20150318,62.672,62.69,both,0.0180000000000006,0.0287209599183059,0
20150319,62.4208,62.56,both,0.1392000000000024,0.2230025888806334,0
20150320,62.4923,62.47,both,-0.0223000000000013,-0.0356843963176284,0
20150323,62.2879,62.22,both,-0.0679000000000016,-0.1090099361192167,0
20150324,62.1988,62.4,both,0.2012,0.3234789095609562,0
20150325,62.3419,62.35,both,0.0080999999999988,0.0129928667557435,0
20150326,62.6728,62.83,both,0.157199999999996,0.2508265148517315,0
20150327,62.6069,62.5,both,-0.1069000000000031,-0.1707479527017039,0
20150330,62.6305,62.52,both,-0.1104999999999947,-0.1764316107966481,0
20150331,62.5908,62.31,both,-0.2807999999999993,-0.448628232903237,0
20150401,,62.14,fred_only,,,0
20150402,,62.13,fred_only,,,0
20150403,,61.99,fred_only,,,0
20150406,62.158,62.16,both,0.0019999999999953,0.0032176067440962,0
20150407,62.3321,62.23,both,-0.1021,-0.1638000324070584,0
20150408,62.3295,62.22,both,-0.1095000000000041,-0.1756792530021966,0
20150409,62.256,62.18,both,-0.0760000000000005,-0.1220765869956317,0
20150410,62.366,62.21,both,-0.1559999999999988,-0.2501362922104974,0
20150413,62.3885,62.38,both,-0.0084999999999979,-0.0136243057614751,0
20150414,,62.25,fred_only,,,0
20150415,62.4026,62.34,both,-0.0625999999999962,-0.1003163329732995,0
20150416,62.3685,62.28,both,-0.0884999999999962,-0.1418985545587856,0
20150417,62.346,62.48,both,0.1340000000000003,0.2149295865011393,0
20150420,62.5633,63.07,both,0.5067000000000021,0.8098997335498641,1
20150421,62.92,62.92,both,0.0,0.0,0
20150422,62.8183,62.96,both,0.1417000000000001,0.2255712109369406,0
20150423,63.185,63.27,both,0.0850000000000008,0.1345255994302458,0
20150424,63.4006,63.55,both,0.1493999999999999,0.2356444576234294,0
20150427,63.6115,63.34,both,-0.2714999999999961,-0.4268096177577892,0
20150428,63.3305,63.05,both,-0.2805000000000035,-0.4429145514404647,0
20150429,63.2025,63.38,both,0.177500000000002,0.2808433210711633,0
20150430,63.578,63.58,both,0.0019999999999953,0.0031457422378736,0
20150501,,63.63,fred_only,,,0
20150504,,63.64,fred_only,,,0
20150505,63.5194,63.31,both,-0.2093999999999951,-0.3296630635679731,0
20150506,63.6425,63.57,both,-0.072499999999998,-0.1139175865184397,0
20150507,63.88,64.08,both,0.1999999999999957,0.313087038196612,0
20150508,64.0493,63.73,both,-0.3193000000000054,-0.4985222320930992,0
20150511,63.8495,63.96,both,0.1105000000000018,0.1730632189758758,0
20150512,64.202,64.19,both,-0.0120000000000004,-0.0186910065107013,0
20150513,64.1895,63.88,both,-0.3094999999999928,-0.4821660863536758,0
20150514,63.838,63.47,both,-0.3680000000000021,-0.5764591622544599,1
20150515,63.5788,63.36,both,-0.2188000000000016,-0.3441398705228813,0
20150518,63.5543,63.66,both,0.1056999999999988,0.1663144743943349,0
20150519,63.6868,63.8,both,0.113199999999999,0.1777448388049,0
20150520,63.8655,63.75,both,-0.1154999999999972,-0.180848815087954,0
20150521,63.7,63.51,both,-0.1900000000000048,-0.2982731554160201,0
20150522,63.5728,63.43,both,-0.1428000000000011,-0.2246243676540928,0
20150525,63.6228,,rbi_only,,,0
20150526,63.845,63.87,both,0.0249999999999985,0.0391573341686875,0
20150527,63.9475,63.92,both,-0.0274999999999963,-0.0430040267406799,0
20150528,63.901,63.83,both,-0.071000000000005,-0.1111093723103004,0
20150529,63.7615,63.71,both,-0.0514999999999972,-0.0807697434972471,0
20150601,63.6083,63.59,both,-0.0182999999999964,-0.0287698303523226,0
20150602,63.833,63.72,both,-0.1129999999999995,-0.1770244231040364,0
20150603,63.8515,63.99,both,0.1385000000000005,0.2169095479354447,0
20150604,64.1775,63.96,both,-0.217499999999994,-0.3389038214327358,0
20150605,63.8955,63.76,both,-0.1355000000000004,-0.212065012403065,0
20150608,64.11,64.03,both,-0.0799999999999983,-0.1247855248791113,0
20150609,63.936,63.96,both,0.0240000000000009,0.0375375375375389,0
20150610,63.8849,63.81,both,-0.0748999999999995,-0.1172421025938829,0
20150611,63.891,63.93,both,0.0390000000000014,0.0610414612386744,0
20150612,64.0301,64.02,both,-0.0101000000000084,-0.015773831369947,0
20150615,64.0868,64.03,both,-0.0567999999999955,-0.0886297958393858,0
20150616,64.1505,64.21,both,0.0594999999999998,0.0927506410706072,0
20150617,64.1135,64.14,both,0.0264999999999986,0.0413329485989668,0
20150618,63.8495,63.62,both,-0.2295000000000016,-0.3594389932575847,0
20150619,63.8195,63.43,both,-0.3894999999999982,-0.6103150291055214,1
20150622,63.5098,63.51,both,0.0001999999999995,0.0003149120293238,0
20150623,63.6406,63.57,both,-0.0705999999999988,-0.1109354720100044,0
20150624,63.66,63.54,both,-0.1199999999999974,-0.1885014137605992,0
20150625,63.6121,63.5,both,-0.112099999999998,-0.1762243346784622,0
20150626,63.6042,63.54,both,-0.0641999999999995,-0.100936730593262,0
20150629,63.917,63.73,both,-0.1870000000000047,-0.2925669227279201,0
20150630,63.7549,63.59,both,-0.1648999999999958,-0.2586467863646494,0
20150701,63.6223,63.55,both,-0.0723000000000055,-0.1136394000216992,0
20150702,63.5705,63.36,both,-0.2105000000000032,-0.3311284322130599,0
20150703,63.3963,,rbi_only,,,0
20150706,63.5785,63.24,both,-0.3384999999999962,-0.5324126866786669,1
20150707,63.3749,63.51,both,0.1351000000000013,0.213175878778509,0
20150708,63.569,63.47,both,-0.0990000000000037,-0.1557362865547731,0
20150709,63.5065,63.31,both,-0.1965000000000003,-0.3094171462763659,0
20150710,63.3793,63.33,both,-0.0493000000000023,-0.0777856492577266,0
20150713,63.4655,63.43,both,-0.0354999999999989,-0.0559359021830742,0
20150714,63.4978,63.27,both,-0.2277999999999949,-0.3587525867037833,0
20150715,63.3847,63.48,both,0.0952999999999946,0.1503517410352886,0
20150716,63.4955,63.43,both,-0.0655000000000001,-0.1031569166318874,0
20150717,63.4928,63.45,both,-0.0427999999999997,-0.0674092180530701,0
20150720,63.551,63.61,both,0.0589999999999975,0.0928388223631374,0
20150721,63.6506,63.57,both,-0.0805999999999969,-0.1266288141824223,0
20150722,63.5283,63.6,both,0.0716999999999998,0.1128630862151196,0
20150723,63.7138,63.86,both,0.1462000000000003,0.2294636326824021,0
20150724,63.8916,64.04,both,0.1484000000000094,0.2322684046103234,0
20150727,64.0028,64.24,both,0.2372000000000014,0.3706087858656206,0
20150728,64.027,63.76,both,-0.267000000000003,-0.4170115732425429,0
20150729,63.8943,63.83,both,-0.0643000000000029,-0.1006349549177358,0
20150730,64.0061,64.09,both,0.0838999999999998,0.131081256317757,0
20150731,64.0054,63.87,both,-0.135399999999997,-0.211544650920074,0
20150803,63.9623,63.99,both,0.0277000000000029,0.0433067603885459,0
20150804,63.9315,63.71,both,-0.2214999999999989,-0.3464645753658195,0
20150805,63.8159,63.73,both,-0.0859000000000023,-0.134605952435055,0
20150806,63.7603,63.67,both,-0.0902999999999991,-0.1416241767996687,0
20150807,63.8061,63.74,both,-0.0660999999999987,-0.103595110812287,0
20150810,63.759,63.77,both,0.0110000000000027,0.0172524663184848,0
20150811,64.1732,64.33,both,0.156800000000004,0.2443387582355314,0
20150812,64.827,64.8,both,-0.027000000000001,-0.0416493127863406,0
20150813,64.9212,65.27,both,0.3487999999999971,0.5372667171894498,1
20150814,65.1225,65.02,both,-0.1025000000000062,-0.1573956773772601,0
20150817,65.22,65.39,both,0.1700000000000017,0.2606562404170526,0
20150818,,65.44,fred_only,,,0
20150819,65.2525,65.17,both,-0.082499999999996,-0.1264319374736539,0
20150820,65.2385,65.49,both,0.2514999999999929,0.3855085570636862,0
20150821,65.8298,66.02,both,0.1901999999999901,0.2889268993677485,0
20150824,66.5093,66.8,both,0.290700000000001,0.4370817314270352,0
20150825,66.709,66.07,both,-0.63900000000001,-0.9578917387459112,1
20150826,66.161,66.11,both,-0.0510000000000019,-0.0770846873535798,0
20150827,66.0605,65.99,both,-0.0705000000000097,-0.1067203548262725,0
20150828,66.0808,66.14,both,0.0592000000000041,0.0895872931320506,0
20150831,66.3062,66.39,both,0.0837999999999965,0.1263833547993951,0
20150901,66.2603,66.34,both,0.0797000000000025,0.1202831861612497,0
20150902,66.1638,66.16,both,-0.0037999999999982,-0.0057433218769149,0
20150903,66.228,66.07,both,-0.1580000000000012,-0.2385697892130236,0
20150904,66.4003,66.7,both,0.2997000000000014,0.4513533824395393,0
20150907,66.7445,,rbi_only,,,0
20150908,66.606,66.36,both,-0.2459999999999951,-0.3693360958472136,0
20150909,66.2945,66.47,both,0.1754999999999995,0.2647278431845772,0
20150910,66.584,66.46,both,-0.1240000000000094,-0.1862309263486865,0
20150911,66.3866,66.39,both,0.0033999999999991,0.0051215154865578,0
20150914,66.3708,66.32,both,-0.0508000000000095,-0.0765396831136727,0
20150915,66.4383,66.36,both,-0.0782999999999987,-0.1178537078763284,0
20150916,66.5,66.45,both,-0.0499999999999971,-0.0751879699248077,0
20150917,,66.12,fred_only,,,0
20150918,65.9255,65.7,both,-0.2254999999999967,-0.3420527716892503,0
20150921,65.7531,65.66,both,-0.0931000000000068,-0.1415902824353632,0
20150922,65.625,65.85,both,0.2249999999999943,0.3428571428571342,0
20150923,65.9696,66.05,both,0.0803999999999973,0.1218743178676198,0
20150924,66.0993,66.32,both,0.2206999999999936,0.3338915843284175,0
20150925,,66.12,fred_only,,,0
20150928,66.0805,66.2,both,0.1195000000000021,0.1808400360166799,0
20150929,66.1843,65.9,both,-0.2842999999999875,-0.4295580673966297,0
20150930,65.7418,65.5,both,-0.2417999999999978,-0.3678025244212933,0
20151001,65.554,65.57,both,0.0159999999999911,0.0244073588186703,0
20151002,,65.35,fred_only,,,0
20151005,65.2905,65.12,both,-0.1704999999999898,-0.2611405947266293,0
20151006,65.3908,65.18,both,-0.2107999999999918,-0.3223695076371475,0
20151007,65.2571,64.86,both,-0.3970999999999947,-0.6085161614598178,1
20151008,65.157,64.97,both,-0.1869999999999976,-0.2869990944948319,0
20151009,64.7848,64.76,both,-0.024799999999999,-0.0382805843345955,0
20151012,64.726,,rbi_only,,,0
20151013,65.0215,65.06,both,0.038499999999999,0.0592111839929855,0
20151014,65.1123,64.87,both,-0.2423000000000001,-0.3721263110042191,0
20151015,64.824,64.77,both,-0.054000000000002,-0.0833024805627577,0
20151016,64.9697,64.7,both,-0.2697000000000003,-0.4151165851158313,0
20151019,64.8178,64.9,both,0.0822000000000002,0.1268170163134205,0
20151020,64.8908,64.97,both,0.0792000000000001,0.1220511998619221,0
20151021,65.1513,65.19,both,0.0386999999999915,0.0594001961587742,0
20151022,,64.91,fred_only,,,0
20151023,64.8815,64.87,both,-0.011499999999998,-0.0177246210398928,0
20151026,64.9603,64.83,both,-0.1303000000000054,-0.2005840490268755,0
20151027,64.9553,65.03,both,0.0747000000000071,0.1150021630259687,0
20151028,65.0408,64.89,both,-0.1508000000000038,-0.2318544667347323,0
20151029,65.1515,65.35,both,0.1984999999999956,0.3046744894591769,0
20151030,65.2231,65.4,both,0.1769000000000034,0.2712229256199159,0
20151102,65.4793,65.58,both,0.1007000000000033,0.1537890600540985,0
20151103,65.451,65.57,both,0.1189999999999997,0.1818154038899326,0
20151104,65.568,65.46,both,-0.108000000000004,-0.1647144948755552,0
20151105,65.6755,65.85,both,0.1744999999999947,0.2657002991983232,0
20151106,65.791,66.13,both,0.3389999999999986,0.5152680457813358,1
20151109,66.3378,66.38,both,0.042199999999994,0.0636138069094754,0
20151110,66.3495,66.19,both,-0.1595000000000084,-0.2403936728988288,0
20151112,,66.04,fred_only,,,0
20151113,66.139,66.12,both,-0.0189999999999912,-0.0287273771904492,0
20151116,66.169,66.01,both,-0.1589999999999918,-0.2402937931659717,0
20151117,65.9805,65.96,both,-0.0205000000000126,-0.0310697857700572,0
20151118,66.1138,66.16,both,0.0461999999999989,0.0698795107829211,0
20151119,66.1105,66.05,both,-0.0605000000000046,-0.0915134509646798,0
20151120,66.094,66.06,both,-0.0339999999999918,-0.0514418857990011,0
20151123,66.349,66.37,both,0.0210000000000007,0.031650816138903,0
20151124,66.384,66.32,both,-0.0640000000000071,-0.0964087731983718,0
20151125,,66.36,fred_only,,,0
20151126,66.5507,,rbi_only,,,0
20151127,66.7503,66.86,both,0.1097000000000036,0.164343830664437,0
20151130,66.8148,66.43,both,-0.3847999999999985,-0.5759203050821052,1
20151201,66.518,66.46,both,-0.0580000000000069,-0.087194443609259,0
20151202,66.6158,66.53,both,-0.0857999999999918,-0.1287982730823496,0
20151203,66.745,66.82,both,0.0749999999999886,0.1123679676380082,0
20151204,66.8365,66.65,both,-0.1864999999999952,-0.279039147771046,0
20151207,66.6263,66.74,both,0.1136999999999943,0.1706533305916648,0
20151208,66.7983,66.77,both,-0.0283000000000015,-0.0423663476465741,0
20151209,66.75,66.83,both,0.0799999999999983,0.119850187265915,0
20151210,66.7905,66.7,both,-0.0904999999999915,-0.1354983118856597,0
20151211,66.786,67.1,both,0.3139999999999929,0.4701584164345715,0
20151214,66.994,67.09,both,0.0960000000000036,0.1432964146042983,0
20151215,67.0435,66.79,both,-0.2534999999999883,-0.378112717862266,0
20151216,66.8468,66.6,both,-0.2468000000000074,-0.3692024150744799,0
20151217,66.6488,66.32,both,-0.3288000000000011,-0.4933322130330945,0
20151218,66.4235,66.23,both,-0.1935000000000002,-0.2913125625719816,0
20151221,66.324,66.19,both,-0.1340000000000003,-0.2020384777757679,0
20151222,66.2985,66.19,both,-0.1085000000000064,-0.1636537779889537,0
20151223,66.202,66.04,both,-0.1619999999999919,-0.2447055980181745,0
20151224,,66.0,fred_only,,,0
20151228,66.138,66.09,both,-0.0480000000000018,-0.0725755239045659,0
20151229,66.37,66.28,both,-0.0900000000000034,-0.1356034352870324,0
20151230,66.4243,66.44,both,0.0156999999999953,0.0236359284177558,0
20151231,66.326,66.19,both,-0.1359999999999956,-0.2050477942285012,0
20160101,66.178,,rbi_only,,,0
20160104,66.4623,66.56,both,0.0977000000000032,0.1470006304325959,0
20160105,66.5418,66.49,both,-0.0518,-0.0778458051931268,0
20160106,66.7165,66.71,both,-0.0065000000000026,-0.0097427173188081,0
20160107,66.9115,66.73,both,-0.1814999999999997,-0.2712538203447834,0
20160108,66.669,66.82,both,0.1509999999999962,0.2264920727774471,0
20160111,66.7885,66.78,both,-0.0084999999999979,-0.0127267418792126,0
20160112,66.8905,66.85,both,-0.0405000000000086,-0.0605467144063934,0
20160113,66.8394,66.74,both,-0.0994000000000028,-0.1487146802634416,0
20160114,67.095,67.37,both,0.2750000000000057,0.4098666070497141,0
20160115,67.4325,67.74,both,0.3074999999999903,0.4560115671226638,0
20160118,67.588,,rbi_only,,,0
20160119,67.563,67.68,both,0.1170000000000044,0.1731717064073596,0
20160120,67.9774,68.05,both,0.0725999999999942,0.1068002012433459,0
20160121,68.06,67.87,both,-0.1899999999999977,-0.2791654422568289,0
20160122,67.748,67.55,both,-0.1980000000000075,-0.2922595500974309,0
20160125,67.6428,67.71,both,0.0671999999999997,0.0993453848746647,0
20160126,,67.75,fred_only,,,0
20160127,67.9803,67.98,both,-0.0002999999999957,-0.0004413043190391,0
20160128,68.0858,68.08,both,-0.0058000000000077,-0.0085186632161299,0
20160129,67.8763,67.87,both,-0.0062999999999959,-0.0092815901868486,0
20160201,67.6728,67.92,both,0.2472000000000065,0.3652870872787982,0
20160202,67.834,67.92,both,0.0859999999999985,0.1267800807854446,0
20160203,68.1825,67.92,both,-0.2625000000000028,-0.3849961500385037,0
20160204,67.8093,67.57,both,-0.2393,-0.3529014456719065,0
20160205,67.6365,67.78,both,0.143500000000003,0.2121635507455339,0
20160208,67.819,67.98,both,0.1610000000000013,0.2373965997729269,0
20160209,68.1623,67.92,both,-0.2423000000000001,-0.355475094003577,0
20160210,67.8781,67.85,both,-0.0281000000000091,-0.0413977409503346,0
20160211,68.0155,68.44,both,0.4244999999999947,0.6241224426784994,1
20160212,68.4365,68.12,both,-0.3164999999999907,-0.4624725110138459,0
20160215,68.1348,,rbi_only,,,0
20160216,68.336,68.48,both,0.1440000000000054,0.2107234839616095,0
20160217,68.592,68.33,both,-0.2620000000000004,-0.3819687427105208,0
20160218,68.494,68.54,both,0.0460000000000064,0.0671591672263358,0
20160219,,68.54,fred_only,,,0
20160222,68.5517,68.53,both,-0.0216999999999956,-0.0316549407235642,0
20160223,68.6408,68.55,both,-0.0908000000000015,-0.1322828405263364,0
20160224,68.565,68.53,both,-0.0349999999999965,-0.0510464522715621,0
20160225,68.599,68.84,both,0.2409999999999996,0.3513170745929236,0
20160226,68.7775,68.82,both,0.0424999999999897,0.0617934644323939,0
20160229,68.616,68.21,both,-0.4060000000000059,-0.5916987291593884,1
20160301,68.158,67.75,both,-0.4080000000000012,-0.5986091141172001,1
20160302,67.7022,67.4,both,-0.3021999999999991,-0.4463665877918282,0
20160303,67.3786,67.15,both,-0.2286000000000001,-0.3392768623865739,0
20160304,67.2713,66.9,both,-0.3712999999999908,-0.5519441425986875,1
20160307,,66.97,fred_only,,,0
20160308,67.338,67.3,both,-0.0379999999999967,-0.0564317324541814,0
20160309,67.4632,67.07,both,-0.3932000000000073,-0.582836272219532,1
20160310,67.051,67.2,both,0.1490000000000009,0.2222189079954078,0
20160311,67.0868,66.93,both,-0.1567999999999898,-0.23372705211754,0
20160314,67.023,67.15,both,0.1270000000000095,0.18948719096431,0
20160315,67.229,67.33,both,0.100999999999999,0.1502327864463239,0
20160316,67.368,67.24,both,-0.1280000000000001,-0.1900011875074221,0
20160317,66.8806,66.61,both,-0.2706000000000017,-0.404601633358555,0
20160318,66.6088,66.34,both,-0.2687999999999988,-0.4035502816444656,0
20160321,66.504,66.45,both,-0.054000000000002,-0.0811981234211506,0
20160322,66.5411,66.58,both,0.0388999999999981,0.0584601096164598,0
20160323,66.864,66.82,both,-0.0440000000000111,-0.065805216559002,0
20160324,,66.82,fred_only,,,0
20160325,,66.82,fred_only,,,0
20160328,66.668,66.58,both,-0.088000000000008,-0.131997360052811,0
20160329,66.558,66.46,both,-0.0980000000000131,-0.147240001201979,0
20160330,66.4105,66.37,both,-0.0404999999999944,-0.0609843322968422,0
20160331,66.3329,66.25,both,-0.082899999999995,-0.1249756907959626,0
20160401,,66.34,fred_only,,,0
20160404,66.243,66.05,both,-0.1929999999999978,-0.2913515390305358,0
20160405,66.3248,66.4,both,0.0752000000000094,0.113381419921371,0
20160406,66.5807,66.49,both,-0.0906999999999982,-0.136225662992426,0
20160407,66.4698,66.7,both,0.2301999999999964,0.3463226909062407,0
20160408,,66.49,fred_only,,,0
20160411,66.3925,66.33,both,-0.0625,-0.094137138984072,0
20160412,66.495,66.35,both,-0.1450000000000102,-0.2180615083841043,0
20160413,66.4293,66.62,both,0.1907000000000067,0.2870721202842823,0
20160414,,66.56,fred_only,,,0
20160415,,66.49,fred_only,,,0
20160418,66.6663,66.42,both,-0.246300000000005,-0.3694520319861835,0
20160419,,66.12,fred_only,,,0
20160420,66.2406,66.12,both,-0.120599999999996,-0.1820635682647742,0
20160421,66.293,66.43,both,0.1370000000000004,0.2066583198829445,0
20160422,66.4925,66.6,both,0.1074999999999875,0.1616723690641613,0
20160425,66.6839,66.65,both,-0.0338999999999884,-0.050836858672016,0
20160426,66.733,66.4,both,-0.3329999999999984,-0.4990034915259292,0
20160427,66.546,66.52,both,-0.0260000000000104,-0.0390707179995949,0
20160428,66.4045,66.39,both,-0.0144999999999981,-0.0218358695570302,0
20160429,66.5176,66.39,both,-0.127600000000001,-0.191828929486333,0
20160502,66.3435,66.36,both,0.0164999999999935,0.0248705600397831,0
20160503,66.2698,66.51,both,0.2402000000000015,0.3624577107521096,0
20160504,66.5388,66.63,both,0.0912000000000006,0.1370628866165314,0
20160505,66.5105,66.53,both,0.0195000000000078,0.0293186790055823,0
20160506,66.583,66.52,both,-0.0630000000000023,-0.0946187465268948,0
20160509,66.4379,66.7,both,0.2621000000000038,0.3945037395823826,0
20160510,66.7224,66.58,both,-0.1423999999999949,-0.2134215795594807,0
20160511,66.6958,66.53,both,-0.1658000000000044,-0.248591365573251,0
20160512,66.5977,66.7,both,0.1022999999999996,0.1536089084157555,0
20160513,66.7609,66.84,both,0.0790999999999968,0.118482524950977,0
20160516,66.8216,66.78,both,-0.0416000000000025,-0.0622553186394856,0
20160517,66.7233,66.74,both,0.0167000000000001,0.0250287380869953,0
20160518,66.9131,66.95,both,0.0369000000000028,0.0551461522482186,0
20160519,67.2307,67.57,both,0.3392999999999944,0.5046801535607905,1
20160520,67.4076,67.42,both,0.0123999999999995,0.0183955518368841,0
20160523,67.3492,67.47,both,0.1208000000000026,0.1793636746984414,0
20160524,67.706,67.59,both,-0.1159999999999996,-0.171328981183351,0
20160525,67.4467,67.28,both,-0.1667000000000058,-0.2471581263427355,0
20160526,67.2855,66.9,both,-0.3854999999999933,-0.572931760929165,1
20160527,67.0613,66.96,both,-0.101300000000009,-0.1510558250436675,0
20160530,67.3398,,rbi_only,,,0
20160531,67.203,67.12,both,-0.0829999999999984,-0.123506391083729,0
20160601,67.3526,67.44,both,0.0874000000000023,0.1297648494638698,0
20160602,67.2533,67.22,both,-0.033299999999997,-0.0495142989265909,0
20160603,67.2415,66.99,both,-0.2515000000000071,-0.3740249696987829,0
20160606,66.9614,66.81,both,-0.1513999999999953,-0.2261004100869983,0
20160607,66.8305,66.64,both,-0.1905000000000001,-0.285049490876172,0
20160608,66.737,66.51,both,-0.2269999999999896,-0.3401411510855892,0
20160609,66.625,66.68,both,0.0550000000000068,0.0825515947467269,0
20160610,66.7948,66.84,both,0.0452000000000083,0.0676699383784491,0
20160613,67.0737,67.17,both,0.0962999999999993,0.1435734125297983,0
20160614,67.152,67.34,both,0.1880000000000024,0.2799618775315737,0
20160615,67.1596,67.08,both,-0.0795999999999992,-0.1185236362336869,0
20160616,67.2068,67.43,both,0.2232000000000056,0.3321092508496248,0
20160617,67.1682,67.11,both,-0.0581999999999993,-0.0866481459976586,0
20160620,67.4087,67.54,both,0.1313000000000102,0.194781979180744,0
20160621,67.4767,67.73,both,0.2533000000000101,0.3753888379248097,0
20160622,67.557,67.49,both,-0.0670000000000072,-0.0991755110499389,0
20160623,67.3702,67.29,both,-0.0801999999999907,-0.1190437315014512,0
20160624,68.0144,67.82,both,-0.1944000000000016,-0.2858218259662685,0
20160627,67.9,67.92,both,0.019999999999996,0.0294550810014668,0
20160628,67.8867,67.86,both,-0.0267000000000052,-0.0393302369978291,0
20160629,67.7443,67.42,both,-0.3242999999999938,-0.4787118621049945,0
20160630,67.6166,67.51,both,-0.1066000000000002,-0.15765359393995,0
20160701,67.441,67.24,both,-0.2010000000000076,-0.2980382853160653,0
20160704,67.1848,,rbi_only,,,0
20160705,67.4028,67.4,both,-0.0027999999999934,-0.0041541300954759,0
20160706,,67.45,fred_only,,,0
20160707,67.4972,67.49,both,-0.0072000000000116,-0.0106671091541747,0
20160708,67.4584,67.13,both,-0.328400000000002,-0.4868185429835306,0
20160711,67.1426,67.11,both,-0.0326000000000021,-0.04855337743847,0
20160712,67.1471,67.05,both,-0.0970999999999975,-0.1446078832890736,0
20160713,67.2046,66.99,both,-0.2146000000000043,-0.3193233796496137,0
20160714,66.9136,66.81,both,-0.1036000000000001,-0.1548265225604363,0
20160715,67.0655,67.07,both,0.004499999999993,0.0067098582728721,0
20160718,67.1015,67.14,both,0.038499999999999,0.0573757665625941,0
20160719,67.1462,67.14,both,-0.0061999999999926,-0.0092335828386307,0
20160720,67.172,67.18,both,0.0080000000000097,0.0119097242898972,0
20160721,67.2035,67.15,both,-0.0534999999999996,-0.0796089489386708,0
20160722,67.1355,67.19,both,0.0545000000000044,0.0811791079235344,0
20160725,67.243,67.41,both,0.1670000000000016,0.2483529884151534,0
20160726,67.368,67.34,both,-0.0279999999999915,-0.041562759767236,0
20160727,67.2362,67.14,both,-0.096199999999996,-0.1430776873172429,0
20160728,67.055,66.96,both,-0.095000000000013,-0.1416747446126509,0
20160729,67.034,66.77,both,-0.26400000000001,-0.3938299967180982,0
20160801,66.7412,66.63,both,-0.1112000000000108,-0.1666137258545109,0
20160802,66.7612,66.65,both,-0.1111999999999966,-0.1665638125138503,0
20160803,66.9368,66.8,both,-0.136800000000008,-0.2043718851214997,0
20160804,66.9447,66.76,both,-0.1846999999999923,-0.2758993617119687,0
20160805,66.8141,66.84,both,0.0259000000000071,0.0387642728106898,0
20160808,66.7407,66.82,both,0.0792999999999892,0.1188180525526242,0
20160809,66.9633,66.76,both,-0.2032999999999987,-0.3035991356459414,0
20160810,66.7442,66.72,both,-0.0242000000000075,-0.036257832141231,0
20160811,66.8571,66.75,both,-0.1071000000000026,-0.1601924103797541,0
20160812,66.8252,66.82,both,-0.005200000000002,-0.0077814956034581,0
20160815,,66.85,fred_only,,,0
20160816,66.8983,66.83,both,-0.0683000000000078,-0.1020952699844507,0
20160817,,66.96,fred_only,,,0
20160818,66.7939,66.83,both,0.0361000000000046,0.0540468515837594,0
20160819,66.9296,67.13,both,0.2004000000000019,0.299419091104686,0
20160822,67.194,67.18,both,-0.0139999999999957,-0.0208351936184715,0
20160823,67.0885,67.09,both,0.0015000000000071,0.0022358526424158,0
20160824,67.132,67.14,both,0.0079999999999955,0.0119168205922593,0
20160825,67.0876,67.01,both,-0.0775999999999896,-0.1156696617556592,0
20160826,67.0299,66.98,both,-0.0498999999999938,-0.0744443897424788,0
20160829,67.181,67.15,both,-0.0309999999999917,-0.0461439990473373,0
20160830,67.0879,67.14,both,0.0520999999999958,0.0776593096519578,0
20160831,66.9813,66.94,both,-0.0413000000000067,-0.0616590003478683,0
20160901,66.9539,66.85,both,-0.1039000000000101,-0.1551814009340906,0
20160902,66.8405,66.6,both,-0.2405000000000114,-0.3598117907556219,0
20160906,66.5469,66.28,both,-0.2668999999999926,-0.4010705231949085,0
20160907,66.3618,66.42,both,0.0581999999999993,0.0877010569333552,0
20160908,66.4483,66.52,both,0.0716999999999927,0.1079034377102089,0
20160909,66.5462,66.76,both,0.2138000000000062,0.3212805539610168,0
20160912,66.9017,66.79,both,-0.111699999999999,-0.1669613776630474,0
20160913,,67.03,fred_only,,,0
20160914,66.9642,66.78,both,-0.1842000000000041,-0.2750723520926169,0
20160915,67.0248,66.84,both,-0.1847999999999956,-0.2757188384001081,0
20160916,66.8804,67.1,both,0.2195999999999998,0.3283473184968987,0
20160919,66.8737,66.94,both,0.0662999999999982,0.0991421141644596,0
20160920,67.02,66.97,both,-0.0499999999999971,-0.0746045956430873,0
20160921,67.0631,66.99,both,-0.0731000000000108,-0.1090018206733819,0
20160922,66.8451,66.6,both,-0.2451000000000078,-0.3666686114614352,0
20160923,66.6519,66.66,both,0.0080999999999988,0.0121526918212367,0
20160926,66.7095,66.56,both,-0.1495000000000033,-0.2241060118873673,0
20160927,66.4627,66.5,both,0.0373000000000018,0.0561217043544753,0
20160928,66.4482,66.5,both,0.0518,0.0779554600425595,0
20160929,66.5521,66.72,both,0.167900000000003,0.2522835492794413,0
20160930,66.6596,66.58,both,-0.0795999999999992,-0.1194126577417194,0
20161003,66.533,66.52,both,-0.0130000000000052,-0.019539176047984,0
20161004,66.5559,66.49,both,-0.0658999999999991,-0.0990145126127047,0
20161005,66.5699,66.53,both,-0.0399000000000029,-0.0599369985534046,0
20161006,66.6322,66.7,both,0.0678000000000054,0.1017526060973604,0
20161007,66.7875,66.61,both,-0.1774999999999948,-0.2657682949653676,0
20161010,66.5856,,rbi_only,,,0
20161011,,66.81,fred_only,,,0
20161012,,66.85,fred_only,,,0
20161013,66.8473,66.84,both,-0.0073000000000007,-0.010920411146001,0
20161014,66.8481,66.69,both,-0.1581000000000045,-0.2365063479739956,0
20161017,66.7779,66.8,both,0.0220999999999946,0.0330947813572973,0
20161018,66.7268,66.71,both,-0.0168000000000034,-0.0251772900843491,0
20161019,66.7145,66.64,both,-0.0745000000000004,-0.1116698768633512,0
20161020,66.7411,66.83,both,0.0888999999999953,0.1332012807700132,0
20161021,66.8943,66.94,both,0.0456999999999965,0.0683167325168161,0
20161024,66.8625,66.89,both,0.0275000000000034,0.0411291830248695,0
20161025,66.8777,66.8,both,-0.0777000000000072,-0.116182225166247,0
20161026,66.7621,66.83,both,0.0678999999999945,0.1017044101368808,0
20161027,66.8854,66.85,both,-0.0354000000000098,-0.0529263486500938,0
20161028,66.8566,66.78,both,-0.0765999999999991,-0.1145735798709463,0
20161031,,66.72,fred_only,,,0
20161101,66.714,66.7,both,-0.0139999999999957,-0.0209851005785828,0
20161102,66.8294,66.66,both,-0.1694000000000102,-0.2534812522632407,0
20161103,66.6942,66.68,both,-0.0141999999999882,-0.0212912067316021,0
20161104,66.7219,66.75,both,0.0280999999999949,0.0421151076333181,0
20161107,66.7301,66.73,both,-9.99999999891088e-05,-0.0001498574106574,0
20161108,66.7073,66.39,both,-0.317300000000003,-0.4756600851780884,0
20161109,66.7968,66.48,both,-0.3168000000000006,-0.474274216728946,0
20161110,66.4273,66.86,both,0.432699999999997,0.651388811527786,1
20161111,67.0292,,rbi_only,,,0
20161114,,67.78,fred_only,,,0
20161115,67.7173,67.8,both,0.0827000000000026,0.1221253653054724,0
20161116,67.7791,68.07,both,0.2908999999999935,0.4291883486207304,0
20161117,67.9106,67.93,both,0.0194000000000045,0.0285669689268015,0
20161118,68.0937,68.12,both,0.0263000000000062,0.0386232500216704,0
20161121,68.2575,68.23,both,-0.0274999999999892,-0.0402886129729175,0
20161122,68.2317,68.4,both,0.1683000000000021,0.2466595438777021,0
20161123,68.4772,68.86,both,0.3828000000000031,0.5590181841547306,1
20161124,68.656,,rbi_only,,,0
20161125,68.4626,68.59,both,0.1274000000000086,0.1860870022464946,0
20161128,68.7235,68.56,both,-0.1634999999999991,-0.2379098852648644,0
20161129,68.6535,68.64,both,-0.0134999999999934,-0.0196639646922493,0
20161130,68.526,68.56,both,0.034000000000006,0.0496162040685375,0
20161201,68.3734,68.29,both,-0.0833999999999974,-0.1219772601625741,0
20161202,68.3689,68.04,both,-0.3288999999999902,-0.4810666838284515,0
20161205,68.1703,68.06,both,-0.1102999999999951,-0.1618006668593143,0
20161206,68.0322,67.72,both,-0.3122000000000042,-0.458900344248759,0
20161207,67.8707,67.5,both,-0.3706999999999993,-0.5461856147056084,1
20161208,67.4325,67.42,both,-0.0125000000000028,-0.0185370555740968,0
20161209,67.584,67.51,both,-0.073999999999998,-0.1094933712121183,0
20161212,,67.38,fred_only,,,0
20161213,67.4867,67.47,both,-0.0167000000000001,-0.0247456165437044,0
20161214,67.5604,67.43,both,-0.1303999999999945,-0.1930124747633147,0
20161215,67.7994,67.91,both,0.1105999999999909,0.1631282872709654,0
20161216,67.7777,67.82,both,0.0422999999999973,0.0624099076834967,0
20161219,67.7262,67.83,both,0.1037999999999925,0.1532641725063454,0
20161220,67.8954,67.97,both,0.0746000000000037,0.109874895795597,0
20161221,67.8724,67.82,both,-0.0524000000000057,-0.0772036939904965,0
20161222,67.9136,67.86,both,-0.0536000000000029,-0.0789238090750644,0
20161223,67.9117,67.84,both,-0.0716999999999927,-0.1055782729632637,0
20161226,67.8331,,rbi_only,,,0
20161227,67.9967,68.01,both,0.0133000000000009,0.0195597727536791,0
20161228,68.225,68.2,both,-0.0249999999999914,-0.0366434591425305,0
20161229,68.1241,67.91,both,-0.2141000000000019,-0.3142793813055908,0
20161230,67.9547,67.92,both,-0.0347000000000008,-0.0510634290196275,0
20170102,68.0225,,rbi_only,,,0
20170103,68.0864,68.37,both,0.2836000000000069,0.4165295859378774,0
20170104,68.1791,67.9,both,-0.2790999999999997,-0.4093629866043988,0
20170105,67.7884,67.74,both,-0.0484000000000008,-0.0713986463760774,0
20170106,67.9522,68.12,both,0.1677999999999997,0.2469382889737193,0
20170109,68.1863,68.08,both,-0.1063000000000045,-0.1558964190753927,0
20170110,68.0641,68.25,both,0.1859000000000037,0.2731248925645145,0
20170111,68.2276,68.39,both,0.1624000000000052,0.2380268395781256,0
20170112,68.0858,67.99,both,-0.0958000000000112,-0.1407048165696976,0
20170113,68.231,68.16,both,-0.0709999999999979,-0.1040582726326713,0
20170116,68.1558,,rbi_only,,,0
20170117,68.0509,67.9,both,-0.1508999999999929,-0.2217457814665095,0
20170118,67.9364,68.12,both,0.1835999999999984,0.2702527658221489,0
20170119,68.1766,68.1,both,-0.0765999999999991,-0.1123552655896585,0
20170120,68.0883,,rbi_only,,,0
20170123,68.0843,68.11,both,0.0257000000000005,0.0377473220698465,0
20170124,68.157,68.12,both,-0.0369999999999919,-0.0542864269260559,0
20170125,68.1556,68.04,both,-0.1156000000000005,-0.1696118880913682,0
20170126,,68.17,fred_only,,,0
20170127,68.2043,68.06,both,-0.1443000000000012,-0.2115702382401127,0
20170130,68.0426,67.8,both,-0.2425999999999959,-0.3565413432173314,0
20170131,67.8125,67.48,both,-0.332499999999996,-0.4903225806451554,0
20170201,67.6458,67.4,both,-0.2457999999999884,-0.3633632834558664,0
20170202,67.448,67.2,both,-0.2479999999999904,-0.3676906654014803,0
20170203,67.3825,67.18,both,-0.2024999999999863,-0.3005231328608858,0
20170206,67.1958,67.2,both,0.0041999999999973,0.0062503906494115,0
20170207,67.3692,67.35,both,-0.019200000000012,-0.0284996704725781,0
20170208,67.3058,67.04,both,-0.2657999999999987,-0.3949139598667555,0
20170209,67.0123,66.71,both,-0.3023000000000024,-0.4511112139114796,0
20170210,66.9367,66.8,both,-0.1367000000000047,-0.2042227955665646,0
20170213,66.9663,66.99,both,0.0236999999999909,0.0353909354406484,0
20170214,66.9439,66.88,both,-0.0639000000000038,-0.0954530584564147,0
20170215,66.9193,66.85,both,-0.0693000000000125,-0.1035575685938325,0
20170216,66.9468,67.12,both,0.1732000000000084,0.2587128884427762,0
20170217,67.0467,67.09,both,0.0433000000000021,0.0645818511574799,0
20170220,66.9771,,rbi_only,,,0
20170221,,67.0,fred_only,,,0
20170222,66.9644,66.95,both,-0.0143999999999948,-0.0215039632998949,0
20170223,66.8351,66.68,both,-0.1550999999999902,-0.2320636910844605,0
20170224,,66.68,fred_only,,,0
20170227,66.7249,66.69,both,-0.0349000000000074,-0.052304312183319,0
20170228,66.7375,66.67,both,-0.0674999999999954,-0.1011425360554342,0
20170301,66.8482,66.83,both,-0.0182000000000073,-0.027225863972414,0
20170302,66.7433,66.75,both,0.006699999999995,0.0100384607893152,0
20170303,66.8354,66.76,both,-0.0754000000000019,-0.112814466585076,0
20170306,66.7559,66.64,both,-0.1158999999999963,-0.1736176128252279,0
20170307,66.6347,66.62,both,-0.0146999999999906,-0.0220605780471595,0
20170308,66.6362,66.76,both,0.1238000000000028,0.1857849037009955,0
20170309,66.7707,66.64,both,-0.1307000000000044,-0.1957445406443312,0
20170310,66.688,66.6,both,-0.088000000000008,-0.1319577735124881,0
20170313,,66.15,fred_only,,,0
20170314,66.18,65.76,both,-0.4200000000000017,-0.6346328195829581,1
20170315,65.5146,65.62,both,0.105400000000003,0.1608801702216041,0
20170316,65.3836,65.4,both,0.0164000000000044,0.025082742461419,0
20170317,65.5411,65.38,both,-0.1611000000000046,-0.245799963686915,0
20170320,65.3827,65.3,both,-0.0827000000000026,-0.1264860582386513,0
20170321,65.3117,65.31,both,-0.0016999999999995,-0.002602902695841,0
20170322,65.4881,65.45,both,-0.0381,-0.0581785087672417,0
20170323,65.422,65.41,both,-0.0120000000000004,-0.0183424536088784,0
20170324,65.4581,65.4,both,-0.058099999999996,-0.0887590687783422,0
20170327,65.0892,65.05,both,-0.0392000000000081,-0.0602250450151609,0
20170328,,65.02,fred_only,,,0
20170329,64.9552,64.87,both,-0.0852000000000003,-0.1311673276350475,0
20170330,64.9325,64.85,both,-0.0825000000000102,-0.1270550186732533,0
20170331,64.8386,64.85,both,0.0113999999999947,0.017582119293129,0
20170403,64.9103,65.03,both,0.1196999999999945,0.1844083296487531,0
20170404,,65.1,fred_only,,,0
20170405,65.0438,64.87,both,-0.1737999999999999,-0.2672045606191519,0
20170406,64.9791,64.58,both,-0.3991000000000042,-0.6141974881154159,1
20170407,64.3928,64.26,both,-0.1327999999999889,-0.2062342373681358,0
20170410,64.4418,64.55,both,0.1081999999999965,0.1679034415550101,0
20170411,64.5438,64.55,both,0.0061999999999926,0.0096058800380403,0
20170412,64.692,64.68,both,-0.0119999999999862,-0.0185494342422343,0
20170413,64.3165,64.42,both,0.1034999999999968,0.1609229357940758,0
20170414,,64.42,fred_only,,,0
20170417,64.4053,64.53,both,0.1247000000000042,0.1936176060044813,0
20170418,64.5657,64.56,both,-0.0057000000000044,-0.0088282168395982,0
20170419,64.5443,64.62,both,0.0756999999999976,0.1172837880339513,0
20170420,64.6364,64.61,both,-0.0263999999999953,-0.0408438588782718,0
20170421,64.5701,64.65,both,0.0799000000000091,0.1237414840615225,0
20170424,64.4757,64.48,both,0.0043000000000006,0.0066691792411724,0
20170425,64.2776,64.32,both,0.0423999999999864,0.0659638816632644,0
20170426,64.0013,64.08,both,0.0786999999999977,0.1229662522479977,0
20170427,64.1141,64.14,both,0.0259000000000071,0.0403967302044435,0
20170428,64.217,64.27,both,0.0529999999999972,0.0825326626905605,0
20170501,,64.25,fred_only,,,0
20170502,64.2072,64.16,both,-0.0472000000000036,-0.0735120048841931,0
20170503,64.1439,64.17,both,0.0260999999999995,0.04068976161412,0
20170504,64.2115,64.22,both,0.0084999999999979,0.0132375041853841,0
20170505,64.3079,64.31,both,0.0020999999999986,0.0032655396926328,0
20170508,64.2154,64.32,both,0.1045999999999907,0.1628892757811844,0
20170509,64.5065,64.66,both,0.1534999999999939,0.2379605156069449,0
20170510,,64.53,fred_only,,,0
20170511,64.438,64.43,both,-0.0079999999999955,-0.012415034606902,0
20170512,64.3043,64.24,both,-0.0643000000000029,-0.0999933130443888,0
20170515,64.1188,64.04,both,-0.0787999999999868,-0.1228968726800671,0
20170516,64.0758,64.03,both,-0.0457999999999998,-0.0714778434291883,0
20170517,64.0214,64.11,both,0.0885999999999995,0.1383912254339948,0
20170518,64.3441,64.87,both,0.5259000000000071,0.8173243545251346,1
20170519,64.9906,64.56,both,-0.4305999999999983,-0.6625573544481791,1
20170522,64.5632,64.53,both,-0.0331999999999936,-0.0514224821570084,0
20170523,64.7751,64.85,both,0.0748999999999995,0.1156308519786145,0
20170524,64.8586,64.74,both,-0.1186000000000007,-0.1828593278300807,0
20170525,64.5088,64.55,both,0.0412000000000034,0.0638672553202097,0
20170526,64.5945,64.5,both,-0.0944999999999964,-0.1462972853725882,0
20170529,64.5565,,rbi_only,,,0
20170530,64.6336,64.66,both,0.0263999999999953,0.0408456282800204,0
20170531,64.5459,64.5,both,-0.0459000000000031,-0.0711121852821064,0
20170601,64.4704,64.39,both,-0.0803999999999973,-0.1247083933091734,0
20170602,64.4208,64.41,both,-0.0108000000000032,-0.0167647716265604,0
20170605,64.3485,64.34,both,-0.0084999999999979,-0.0132093211185932,0
20170606,64.3516,64.42,both,0.0683999999999969,0.1062910634700565,0
20170607,64.4538,64.39,both,-0.0638000000000005,-0.0989856300171603,0
20170608,64.3554,64.24,both,-0.1154000000000081,-0.1793167317738809,0
20170609,64.2584,64.24,both,-0.0183999999999997,-0.0286343886558018,0
20170612,64.3407,64.48,both,0.1393000000000057,0.216503706052321,0
20170613,64.4453,64.33,both,-0.1153000000000048,-0.1789114179001492,0
20170614,64.3141,64.23,both,-0.0840999999999922,-0.1307644824385201,0
20170615,64.2801,64.58,both,0.2998999999999938,0.4665518566399146,0
20170616,64.5883,64.5,both,-0.0883000000000038,-0.1367120670462046,0
20170619,64.3788,64.45,both,0.0712000000000045,0.1105954133969639,0
20170620,64.4672,64.54,both,0.0728000000000008,0.1129256428075065,0
20170621,64.6025,64.52,both,-0.0825000000000102,-0.1277040362215242,0
20170622,64.495,64.6,both,0.1049999999999897,0.1628033180866575,0
20170623,64.5365,64.47,both,-0.0665000000000048,-0.1030424643418916,0
20170626,,64.43,fred_only,,,0
20170627,64.4572,64.47,both,0.0127999999999985,0.0198581384236339,0
20170628,64.5288,64.55,both,0.0211999999999932,0.032853547563248,0
20170629,64.4715,64.66,both,0.1884999999999905,0.2923772519640314,0
20170630,64.7379,64.62,both,-0.1178999999999916,-0.1821189751289302,0
20170703,64.7525,64.84,both,0.0875000000000056,0.1351299177638017,0
20170704,64.8168,,rbi_only,,,0
20170705,64.7209,64.8,both,0.0790999999999968,0.1222170890701409,0
20170706,64.7779,64.72,both,-0.0579000000000036,-0.0893823356422539,0
20170707,64.7342,64.62,both,-0.1141999999999967,-0.1764137040389728,0
20170710,64.5405,64.45,both,-0.0904999999999915,-0.1402220311277285,0
20170711,64.5025,64.54,both,0.0375000000000085,0.0581372815007302,0
20170712,64.4969,64.53,both,0.0331000000000045,0.0513202960142341,0
20170713,64.4384,64.46,both,0.0215999999999922,0.0335203853602701,0
20170714,64.4539,64.38,both,-0.0739000000000089,-0.1146555910503615,0
20170717,64.3666,64.34,both,-0.0266000000000019,-0.0413257807620752,0
20170718,64.3301,64.32,both,-0.0101000000000084,-0.0157002709462731,0
20170719,64.3211,64.24,both,-0.0811000000000063,-0.1260861521336021,0
20170720,64.4273,64.37,both,-0.0572999999999979,-0.0889374535328935,0
20170721,64.3185,64.38,both,0.0614999999999952,0.0956179015368754,0
20170724,64.4494,64.39,both,-0.0593999999999965,-0.0921653265972942,0
20170725,64.358,64.38,both,0.0219999999999913,0.0341837844556874,0
20170726,64.4208,64.32,both,-0.1008000000000066,-0.1564712018478607,0
20170727,64.1216,64.11,both,-0.0116000000000013,-0.0180906278071685,0
20170728,64.1483,64.11,both,-0.0383000000000066,-0.0597054013902264,0
20170731,64.0773,64.18,both,0.1027000000000128,0.1602751676490939,0
20170801,64.0683,64.06,both,-0.0082999999999913,-0.012954924666319,0
20170802,64.069,63.64,both,-0.429000000000002,-0.6695905976369259,1
20170803,63.6314,63.67,both,0.0386000000000024,0.0606618744833563,0
20170804,63.7091,63.64,both,-0.0690999999999988,-0.1084617425140189,0
20170807,63.7375,63.83,both,0.0925000000000011,0.1451264953912549,0
20170808,63.7382,63.69,both,-0.0482000000000013,-0.0756218405916724,0
20170809,63.7491,63.86,both,0.1109000000000008,0.1739632402653541,0
20170810,63.9437,64.05,both,0.1062999999999974,0.1662399892405309,0
20170811,64.1693,64.14,both,-0.0293000000000063,-0.0456604638043524,0
20170814,64.0253,64.08,both,0.0546999999999968,0.085434976485853,0
20170815,,64.12,fred_only,,,0
20170816,64.2428,64.16,both,-0.0828000000000059,-0.1288860385911043,0
20170817,,64.15,fred_only,,,0
20170818,64.1048,64.1,both,-0.004800000000003,-0.0074877388276744,0
20170821,64.0285,64.1,both,0.0715000000000003,0.1116690223884682,0
20170822,64.1099,64.07,both,-0.0399000000000029,-0.0622368776117306,0
20170823,64.1272,64.04,both,-0.0871999999999957,-0.1359797402662142,0
20170824,64.0676,64.04,both,-0.0275999999999925,-0.0430794972809852,0
20170825,,64.0,fred_only,,,0
20170828,63.8701,63.9,both,0.0298999999999978,0.0468137673183505,0
20170829,64.0174,64.02,both,0.002600000000001,0.0040613958080163,0
20170830,63.9431,63.98,both,0.0368999999999957,0.0577075556236649,0
20170831,64.0154,63.93,both,-0.0853999999999999,-0.1334053993257871,0
20170901,63.9804,64.02,both,0.0395999999999929,0.061893955023715,0
20170904,64.0468,,rbi_only,,,0
20170905,64.1164,64.12,both,0.0036000000000058,0.0056147881041446,0
20170906,64.2146,64.06,both,-0.154600000000002,-0.2407552176607844,0
20170907,64.0276,64.01,both,-0.0176000000000016,-0.0274881457371533,0
20170908,63.8664,63.78,both,-0.0863999999999975,-0.1352824020142009,0
20170911,63.8859,63.93,both,0.0441000000000002,0.0690293163280164,0
20170912,63.9474,64.03,both,0.0825999999999993,0.1291686604928415,0
20170913,63.9818,64.0,both,0.0182000000000002,0.0284455892144331,0
20170914,64.0692,64.12,both,0.0508000000000095,0.0792892684784725,0
20170915,64.0774,64.1,both,0.022599999999997,0.0352698455305569,0
20170918,64.0371,64.15,both,0.1129000000000104,0.1763040487467584,0
20170919,64.1769,64.3,both,0.1230999999999937,0.1918135653171059,0
20170920,64.3637,64.29,both,-0.0736999999999881,-0.114505536505807,0
20170921,64.5256,64.8,both,0.2744,0.4252575721884027,0
20170922,64.9596,64.79,both,-0.1695999999999884,-0.2610853515107674,0
20170925,64.8357,65.12,both,0.2843000000000018,0.4384929907442995,0
20170926,65.3371,65.46,both,0.1228999999999871,0.1881014002763929,0
20170927,65.6947,65.71,both,0.0152999999999963,0.0232895499941339,0
20170928,65.7604,65.46,both,-0.3004000000000104,-0.4568098734192773,0
20170929,65.3552,65.3,both,-0.0551999999999992,-0.0844615271623363,0
20171002,,65.28,fred_only,,,0
20171003,65.5529,65.48,both,-0.0728999999999899,-0.111207894692668,0
20171004,65.2899,65.02,both,-0.2699000000000069,-0.4133870629301115,0
20171005,65.1758,65.14,both,-0.0357999999999947,-0.0549283629813438,0
20171006,65.2276,65.39,both,0.1624000000000052,0.2489743605467704,0
20171009,65.3074,,rbi_only,,,0
20171010,65.2652,65.24,both,-0.0251999999999981,-0.0386116950534099,0
20171011,65.2691,65.15,both,-0.1190999999999888,-0.1824753214001555,0
20171012,65.1003,65.05,both,-0.0503000000000071,-0.0772653889459912,0
20171013,64.9301,64.7,both,-0.2300999999999931,-0.3543810959785879,0
20171016,64.7603,64.7,both,-0.060299999999998,-0.0931126013931344,0
20171017,64.9226,65.02,both,0.0973999999999932,0.1500247987603596,0
20171018,65.0649,65.06,both,-0.0048999999999921,-0.007530942182332,0
20171019,,64.99,fred_only,,,0
20171020,,65.03,fred_only,,,0
20171023,65.0239,65.02,both,-0.0039000000000015,-0.0059977946570439,0
20171024,64.9256,65.1,both,0.1743999999999914,0.2686151533447383,0
20171025,65.1386,64.92,both,-0.218599999999995,-0.3355921066771393,0
20171026,64.7888,64.84,both,0.0512000000000085,0.0790260044946172,0
20171027,65.0931,65.04,both,-0.0531000000000005,-0.0815754665241025,0
20171030,64.9338,64.83,both,-0.1038000000000067,-0.1598551139776307,0
20171031,64.7745,64.75,both,-0.0245000000000032,-0.0378235262333222,0
20171101,64.5256,64.56,both,0.034400000000005,0.053312173772898,0
20171102,64.593,64.57,both,-0.0230000000000103,-0.0356075735761001,0
20171103,64.5764,64.56,both,-0.0164000000000044,-0.0253962748000885,0
20171106,64.7267,64.62,both,-0.1066999999999893,-0.1648469642357626,0
20171107,64.8064,65.03,both,0.2236000000000046,0.3450276515899736,0
20171108,65.0592,64.94,both,-0.1192000000000064,-0.1832177462987654,0
20171109,64.8967,64.96,both,0.0632999999999981,0.0975396283632267,0
20171110,65.0147,,rbi_only,,,0
20171113,65.4272,65.46,both,0.0327999999999946,0.0501320551697071,0
20171114,65.5171,65.41,both,-0.1071000000000026,-0.1634687738010422,0
20171115,65.3689,65.26,both,-0.1088999999999913,-0.16659298228973,0
20171116,65.2969,65.32,both,0.0230999999999994,0.0353768708774833,0
20171117,64.8462,65.01,both,0.163800000000009,0.2525976849838681,0
20171120,65.0565,65.1,both,0.0434999999999945,0.0668649558460638,0
20171121,65.0386,64.91,both,-0.1286000000000058,-0.1977287333983293,0
20171122,64.7453,64.87,both,0.1247000000000042,0.1926008528804473,0
20171123,64.7949,,rbi_only,,,0
20171124,64.7328,64.67,both,-0.0627999999999957,-0.097014187552517,0
20171127,64.6948,64.47,both,-0.2248000000000019,-0.3474776952707202,0
20171128,64.4206,64.4,both,-0.0205999999999875,-0.0319773488604383,0
20171129,64.4058,64.29,both,-0.115799999999993,-0.1797974716562685,0
20171130,64.4332,64.46,both,0.0267999999999943,0.041593464238924,0
20171201,,64.5,fred_only,,,0
20171204,64.3799,64.36,both,-0.0199000000000069,-0.0309102685776257,0
20171205,64.3764,64.38,both,0.0035999999999916,0.0055921113948459,0
20171206,64.4467,64.53,both,0.0832999999999941,0.1292540967962582,0
20171207,64.5388,64.57,both,0.0311999999999983,0.0483430122654873,0
20171208,64.4649,64.43,both,-0.0348999999999932,-0.054137988269575,0
20171211,64.3616,64.35,both,-0.0116000000000013,-0.0180231690946175,0
20171212,64.4834,64.39,both,-0.0934000000000025,-0.1448434790969499,0
20171213,64.4525,64.45,both,-0.0024999999999977,-0.0038788254916376,0
20171214,64.2798,64.36,both,0.0802000000000049,0.1247670341227025,0
20171215,64.0958,64.04,both,-0.0557999999999907,-0.0870571862742812,0
20171218,64.1065,64.23,both,0.123500000000007,0.1926481714022869,0
20171219,64.1205,64.02,both,-0.1005000000000109,-0.1567361452265826,0
20171220,64.0577,64.11,both,0.0523000000000024,0.0816451418018481,0
20171221,64.0883,64.02,both,-0.0683000000000078,-0.1065717143378866,0
20171222,64.0409,64.02,both,-0.0208999999999974,-0.032635393943554,0
20171226,64.0538,64.08,both,0.0262000000000028,0.0409031158182697,0
20171227,64.1577,64.15,both,-0.0076999999999998,-0.0120016771174774,0
20171228,64.1716,64.07,both,-0.1016000000000048,-0.1583254897805334,0
20171229,63.9273,63.83,both,-0.0973000000000041,-0.1522041443952805,0
20180101,63.6697,,rbi_only,,,0
20180102,63.6728,63.46,both,-0.2128000000000014,-0.3342086416805943,0
20180103,63.4833,63.5,both,0.0167000000000001,0.0263061309037182,0
20180104,63.3914,63.4,both,0.0086000000000012,0.0135665090217305,0
20180105,63.3823,63.38,both,-0.0022999999999981,-0.0036287733326152,0
20180108,63.3482,63.48,both,0.1317999999999983,0.2080564246497901,0
20180109,63.469,63.66,both,0.1909999999999954,0.3009343143896948,0
20180110,63.8264,63.58,both,-0.2464000000000012,-0.3860471529022494,0
20180111,63.7364,63.65,both,-0.0864000000000047,-0.1355583308752999,0
20180112,63.5263,63.61,both,0.0837000000000003,0.1317564536262938,0
20180115,63.4125,,rbi_only,,,0
20180116,63.7602,64.01,both,0.2498000000000075,0.3917804523825326,0
20180117,63.9797,63.88,both,-0.0996999999999985,-0.1558306775430309,0
20180118,63.8431,63.87,both,0.0268999999999977,0.0421345454716292,0
20180119,63.7183,63.84,both,0.1217000000000041,0.1909969349464818,0
20180122,63.8895,63.88,both,-0.0094999999999956,-0.014869422988121,0
20180123,63.7722,63.76,both,-0.0121999999999999,-0.0191305929542966,0
20180124,63.6439,63.69,both,0.0460999999999955,0.072434278854683,0
20180125,63.4983,63.52,both,0.0217000000000027,0.034174143244784,0
20180126,,63.58,fred_only,,,0
20180129,63.547,63.57,both,0.0230000000000032,0.0361936834154299,0
20180130,63.7534,63.65,both,-0.1034000000000006,-0.1621874284351903,0
20180131,63.6878,63.58,both,-0.1078000000000045,-0.1692631869840135,0
20180201,63.6113,63.97,both,0.3586999999999989,0.5638935220629022,1
20180202,64.0781,64.11,both,0.0318999999999931,0.0497829991837978,0
20180205,64.0295,64.06,both,0.0305000000000035,0.047634293567814,0
20180206,64.2723,64.23,both,-0.0422999999999973,-0.0658137331323094,0
20180207,64.1377,64.23,both,0.0923000000000087,0.1439091205328671,0
20180208,64.1616,64.27,both,0.1083999999999889,0.1689484052766591,0
20180209,64.3686,64.37,both,0.0014000000000038,0.0021749735119356,0
20180212,64.2838,64.29,both,0.0062000000000068,0.0096447316431307,0
20180213,,64.27,fred_only,,,0
20180214,64.1259,64.1,both,-0.0259000000000071,-0.0403892966804475,0
20180215,63.9222,63.93,both,0.0078000000000031,0.0122023334616191,0
20180216,63.9097,64.21,both,0.3002999999999929,0.4698817237445847,0
20180220,64.5254,64.83,both,0.3045999999999935,0.4720621646669273,0
20180221,64.8161,64.76,both,-0.0561000000000007,-0.0865525695004801,0
20180222,65.0458,65.01,both,-0.0357999999999947,-0.0550381423550709,0
20180223,64.8227,64.71,both,-0.1127000000000038,-0.1738588488291969,0
20180226,64.6639,64.78,both,0.1161000000000029,0.1795437639857833,0
20180227,64.8514,64.84,both,-0.0113999999999947,-0.0175786490345539,0
20180228,65.1031,65.2,both,0.0969000000000051,0.1488408386083076,0
20180301,65.2261,65.2,both,-0.0260999999999995,-0.0400146567095067,0
20180302,,65.24,fred_only,,,0
20180305,65.053,65.06,both,0.007000000000005,0.0107604568582617,0
20180306,64.9941,64.9,both,-0.0940999999999974,-0.1447823725538124,0
20180307,64.9627,64.86,both,-0.1026999999999986,-0.1580907197514861,0
20180308,64.9212,65.15,both,0.2288000000000067,0.3524272502664873,0
20180309,65.0784,65.12,both,0.0416000000000025,0.0639228991493376,0
20180312,65.0199,65.0,both,-0.0199000000000069,-0.0306060144663509,0
20180313,64.9567,64.85,both,-0.1067000000000035,-0.1642632707634525,0
20180314,64.9875,64.84,both,-0.1474999999999937,-0.2269667243700615,0
20180315,64.9366,64.94,both,0.0033999999999991,0.0052358762238848,0
20180316,64.8737,64.97,both,0.0962999999999993,0.1484422809243181,0
20180319,65.0375,65.21,both,0.1724999999999994,0.2652315971554864,0
20180320,65.1993,65.19,both,-0.009299999999996,-0.0142639568216163,0
20180321,65.2162,65.2,both,-0.0161999999999977,-0.0248404537522851,0
20180322,65.0622,65.1,both,0.03779999999999,0.0580982505971056,0
20180323,65.1333,64.98,both,-0.1533000000000015,-0.2353634776681076,0
20180326,64.9055,64.83,both,-0.0755000000000052,-0.1163229618445358,0
20180327,64.7973,64.98,both,0.1826999999999969,0.2819561926191322,0
20180328,65.0441,65.15,both,0.1059000000000054,0.1628126148259495,0
20180329,,65.12,fred_only,,,0
20180330,,65.11,fred_only,,,0
20180402,,65.11,fred_only,,,0
20180403,65.024,65.0,both,-0.0240000000000009,-0.036909448818899,0
20180404,65.0232,65.08,both,0.0567999999999955,0.0873534369271206,0
20180405,65.0601,64.92,both,-0.1401000000000039,-0.2153393554574983,0
20180406,64.9884,64.95,both,-0.0383999999999957,-0.0590874679173448,0
20180409,64.9287,64.95,both,0.0212999999999965,0.0328052155672245,0
20180410,64.9368,64.95,both,0.0131999999999976,0.0203274568503493,0
20180411,65.1272,65.26,both,0.1328000000000031,0.2039086587478091,0
20180412,65.3496,65.28,both,-0.0695999999999941,-0.1065040948988121,0
20180413,65.2226,65.27,both,0.0473999999999961,0.0726741957542264,0
20180416,65.4476,65.46,both,0.0123999999999995,0.0189464548738219,0
20180417,65.6124,65.66,both,0.0476000000000027,0.0725472624077198,0
20180418,65.6814,65.62,both,-0.0613999999999919,-0.093481564034859,0
20180419,65.7837,65.79,both,0.0063000000000101,0.0095768404635345,0
20180420,66.0167,66.15,both,0.1333000000000055,0.2019186054437824,0
20180423,66.2177,66.42,both,0.2023000000000081,0.305507439853707,0
20180424,66.3622,66.36,both,-0.0022000000000019,-0.0033151402455041,0
20180425,66.6983,66.92,both,0.2216999999999984,0.3323922798632026,0
20180426,66.8299,66.8,both,-0.0298999999999978,-0.0447404530008242,0
20180427,66.7801,66.68,both,-0.1000999999999976,-0.1498949537362142,0
20180430,,66.5,fred_only,,,0
20180501,,66.52,fred_only,,,0
20180502,66.6636,66.71,both,0.0463999999999913,0.0696032017472673,0
20180503,66.6093,66.68,both,0.0707000000000022,0.1061413346184424,0
20180504,66.7681,66.83,both,0.0618999999999942,0.0927089433426955,0
20180507,67.106,67.13,both,0.0240000000000009,0.0357643131761704,0
20180508,67.0809,67.12,both,0.0391000000000048,0.0582878285771431,0
20180509,67.3815,67.25,both,-0.1315000000000026,-0.195157424515635,0
20180510,67.3786,67.24,both,-0.1386000000000109,-0.2057032945178601,0
20180511,67.2203,67.28,both,0.0597000000000065,0.088812456951258,0
20180514,67.3153,67.55,both,0.2347000000000036,0.3486577345714922,0
20180515,67.5288,68.07,both,0.5411999999999892,0.8014358318228507,1
20180516,67.8276,67.77,both,-0.0576000000000078,-0.0849211825274782,0
20180517,67.7156,67.76,both,0.0444000000000102,0.0655683476185845,0
20180518,67.9577,68.04,both,0.0823000000000035,0.1211047460405569,0
20180521,68.0883,68.11,both,0.0216999999999956,0.0318703800799779,0
20180522,68.0187,68.04,both,0.0213000000000107,0.0313149178093829,0
20180523,68.2139,68.38,both,0.1661000000000001,0.2434987590505749,0
20180524,68.3872,68.32,both,-0.0672000000000139,-0.0982640026203937,0
20180525,68.26,67.78,both,-0.480000000000004,-0.7031936712569644,1
20180528,67.443,,rbi_only,,,0
20180529,67.8201,67.78,both,-0.0400999999999953,-0.0591270139678286,0
20180530,67.6288,67.46,both,-0.1688000000000045,-0.2495978044856696,0
20180531,67.4526,67.4,both,-0.0525999999999982,-0.0779806856963233,0
20180601,67.184,66.99,both,-0.1940000000000026,-0.2887592283877153,0
20180604,67.0543,67.05,both,-0.0043000000000006,-0.0064127132786422,0
20180605,67.1794,67.12,both,-0.0593999999999965,-0.0884199620717014,0
20180606,67.0397,66.87,both,-0.1696999999999917,-0.2531335909915941,0
20180607,67.0181,67.2,both,0.1818999999999988,0.2714192136154245,0
20180608,67.5228,67.56,both,0.0371999999999985,0.0550925020881814,0
20180611,67.3353,67.46,both,0.12469999999999,0.1851926107108605,0
20180612,67.4571,67.48,both,0.022900000000007,0.0339475014490795,0
20180613,67.6251,67.6,both,-0.025100000000009,-0.0371163961310356,0
20180614,67.6875,67.62,both,-0.0674999999999954,-0.0997229916897439,0
20180615,67.9739,68.06,both,0.0861000000000018,0.1266662645515438,0
20180618,68.0248,68.1,both,0.0751999999999952,0.1105479178182005,0
20180619,68.1511,68.3,both,0.1488999999999976,0.21848510148772,0
20180620,68.0838,68.06,both,-0.0237999999999942,-0.0349569207359082,0
20180621,68.195,67.94,both,-0.2549999999999954,-0.3739277073099134,0
20180622,67.7695,67.88,both,0.1105000000000018,0.1630527006986946,0
20180625,68.1466,68.09,both,-0.056600000000003,-0.0830562346470742,0
20180626,68.1676,68.31,both,0.1424000000000091,0.2088968952992465,0
20180627,68.5246,68.63,both,0.1053999999999888,0.1538133750506954,0
20180628,68.9389,68.81,both,-0.1289000000000015,-0.1869771638363849,0
20180629,68.5753,68.46,both,-0.1153000000000048,-0.1681363406357753,0
20180702,68.6227,68.78,both,0.1573000000000064,0.2292244403091199,0
20180703,68.6935,68.58,both,-0.1135000000000019,-0.1652266953933078,0
20180704,68.5312,,rbi_only,,,0
20180705,68.7545,68.89,both,0.1355000000000075,0.197078009439393,0
20180706,68.8757,68.8,both,-0.0756999999999976,-0.1099081388646469,0
20180709,68.6573,68.66,both,0.0026999999999901,0.003932575268748,0
20180710,68.7942,68.76,both,-0.0341999999999984,-0.0497134932886761,0
20180711,68.829,68.7,both,-0.1289999999999906,-0.1874209998692276,0
20180712,68.6313,68.52,both,-0.1112999999999999,-0.162170904528983,0
20180713,68.4094,68.44,both,0.0305999999999926,0.0447306949044906,0
20180716,68.5877,68.6,both,0.0122999999999962,0.0179332445904968,0
20180717,68.2978,68.42,both,0.1222000000000065,0.1789223078927967,0
20180718,68.5652,68.62,both,0.0548000000000001,0.079923926423317,0
20180719,68.8331,69.01,both,0.1769000000000034,0.2569984498736848,0
20180720,68.8458,68.74,both,-0.1058000000000021,-0.1536767675007075,0
20180723,68.704,68.84,both,0.1360000000000099,0.1979506287843646,0
20180724,69.053,68.94,both,-0.1129999999999995,-0.1636424195907485,0
20180725,68.8028,68.72,both,-0.0828000000000059,-0.1203439394908433,0
20180726,68.7017,68.66,both,-0.0417000000000058,-0.0606971879880786,0
20180727,68.7041,68.6,both,-0.1041000000000025,-0.1515193416404589,0
20180730,68.7531,68.6,both,-0.1531000000000091,-0.2226808682081376,0
20180731,68.6068,68.54,both,-0.0668000000000006,-0.0973664418104337,0
20180801,68.6058,68.37,both,-0.2357999999999975,-0.3437027190120916,0
20180802,68.3566,68.63,both,0.2733999999999952,0.3999613790036297,0
20180803,68.7933,68.54,both,-0.2532999999999958,-0.3682044617717072,0
20180806,68.6833,68.82,both,0.1366999999999905,0.1990294583981703,0
20180807,68.8,68.62,both,-0.1799999999999926,-0.2616279069767335,0
20180808,68.6465,68.65,both,0.0035000000000025,0.0050985847785429,0
20180809,68.624,68.74,both,0.1159999999999996,0.169037071578456,0
20180810,68.9538,68.88,both,-0.0738000000000056,-0.1070281840884848,0
20180813,69.4685,70.02,both,0.5514999999999901,0.7938849982365966,1
20180814,69.7696,69.95,both,0.1804000000000059,0.2585653350456444,0
20180815,,69.92,fred_only,,,0
20180816,70.2287,70.19,both,-0.0387000000000057,-0.0551056761694374,0
20180817,,70.09,fred_only,,,0
20180820,69.7617,69.84,both,0.0782999999999987,0.112239237289227,0
20180821,69.6668,69.85,both,0.1831999999999993,0.2629660038928146,0
20180822,,69.85,fred_only,,,0
20180823,70.0656,70.09,both,0.0243999999999999,0.0348245073188554,0
20180824,70.1377,69.96,both,-0.1777000000000015,-0.2533587500017843,0
20180827,70.0366,70.16,both,0.1233999999999895,0.1761935902085331,0
20180828,70.1687,70.09,both,-0.0786999999999977,-0.1121582699978733,0
20180829,70.5046,70.53,both,0.0254000000000047,0.0360260181605239,0
20180830,70.7329,70.74,both,0.0070999999999941,0.010037761777043,0
20180831,70.9255,71.0,both,0.0745000000000004,0.1050397952781446,0
20180903,70.7695,,rbi_only,,,0
20180904,71.1857,71.58,both,0.3943000000000012,0.5539033822804317,1
20180905,71.7533,71.75,both,-0.0032999999999958,-0.0045990916097181,0
20180906,71.9214,71.94,both,0.0185999999999921,0.0258615655423728,0
20180907,71.9009,71.78,both,-0.1208999999999917,-0.16814810384848,0
20180910,72.5745,72.45,both,-0.1244999999999976,-0.1715478577186169,0
20180911,72.3227,72.69,both,0.3673000000000002,0.5078626765870193,1
20180912,72.7549,72.15,both,-0.6049000000000007,-0.8314216636955045,1
20180913,,72.02,fred_only,,,0
20180914,71.8129,71.87,both,0.0571000000000054,0.0795121767816165,0
20180917,72.5505,72.51,both,-0.0404999999999944,-0.055823185229591,0
20180918,72.3796,72.98,both,0.6004000000000076,0.8295154988422258,1
20180919,72.6781,72.35,both,-0.3281000000000063,-0.4514427317169908,0
20180920,,72.01,fred_only,,,0
20180921,71.8489,72.18,both,0.3311000000000064,0.4608282103135975,0
20180924,72.6927,72.66,both,-0.0327000000000055,-0.0449838842139657,0
20180925,72.8134,72.68,both,-0.1333999999999946,-0.1832080358834976,0
20180926,72.7182,72.59,both,-0.1281999999999925,-0.1762969930498727,0
20180927,72.6505,72.55,both,-0.1004999999999967,-0.1383335283308397,0
20180928,72.5474,72.54,both,-0.0073999999999898,-0.0102002277131776,0
20181001,72.8036,72.92,both,0.1163999999999987,0.1598822036272914,0
20181002,,72.91,fred_only,,,0
20181003,73.0299,73.34,both,0.3101000000000056,0.4246206006033222,0
20181004,73.7509,73.62,both,-0.1308999999999969,-0.1774893594518804,0
20181005,73.5809,73.76,both,0.1791000000000053,0.2434055576922888,0
20181008,73.9235,,rbi_only,,,0
20181009,74.0989,74.33,both,0.2310999999999978,0.3118804732593842,0
20181010,74.1316,74.25,both,0.118399999999994,0.1597159645818976,0
20181011,74.3875,74.04,both,-0.3474999999999966,-0.4671483784237897,0
20181012,73.7967,73.6,both,-0.1967000000000069,-0.2665430839048453,0
20181015,73.9708,73.76,both,-0.2107999999999918,-0.2849773153730822,0
20181016,73.9041,73.46,both,-0.4441000000000059,-0.6009138870509295,1
20181017,73.4846,73.52,both,0.0353999999999956,0.0481733587717639,0
20181018,,73.52,fred_only,,,0
20181019,73.4354,73.37,both,-0.0653999999999968,-0.0890578658249247,0
20181022,73.3025,73.56,both,0.2575000000000074,0.3512840626172469,0
20181023,73.7818,73.54,both,-0.2417999999999978,-0.3277230970239243,0
20181024,73.2645,73.18,both,-0.0844999999999913,-0.1153355308505365,0
20181025,73.2746,73.21,both,-0.0646000000000128,-0.0881615184525236,0
20181026,73.374,73.46,both,0.0859999999999985,0.1172077302586727,0
20181029,73.4181,73.42,both,0.0019000000000062,0.0025879176933293,0
20181030,73.5709,73.62,both,0.0491000000000099,0.0667383435570448,0
20181031,73.9936,73.95,both,-0.0435999999999978,-0.0589240150499473,0
20181101,73.8295,73.45,both,-0.379499999999993,-0.5140221727087317,1
20181102,72.8798,72.44,both,-0.4398000000000053,-0.6034593947842959,1
20181105,73.074,73.08,both,0.0060000000000002,0.0082108547499797,0
20181106,73.0097,72.95,both,-0.0596999999999923,-0.0817699565947981,0
20181107,,72.44,fred_only,,,0
20181108,,72.37,fred_only,,,0
20181109,72.7347,72.48,both,-0.2546999999999997,-0.3501767382006108,0
20181112,72.9078,,rbi_only,,,0
20181113,72.5853,72.61,both,0.0246999999999957,0.0340289287224764,0
20181114,72.1039,72.3,both,0.1961000000000012,0.2719686452466528,0
20181115,72.16,71.97,both,-0.1899999999999977,-0.2633037694013272,0
20181116,71.8023,71.98,both,0.1777000000000015,0.2474851084157492,0
20181119,71.9007,71.6,both,-0.3007000000000062,-0.4182156780114883,0
20181120,71.3276,71.49,both,0.162399999999991,0.2276818510646523,0
20181121,,71.3,fred_only,,,0
20181122,71.1787,,rbi_only,,,0
20181123,,70.65,fred_only,,,0
20181126,70.7144,70.81,both,0.0956000000000045,0.1351917007002881,0
20181127,70.9065,70.8,both,-0.1064999999999969,-0.1501977956886843,0
20181128,70.6881,70.63,both,-0.0581000000000102,-0.0821920521276003,0
20181129,69.9159,69.79,both,-0.1258999999999872,-0.1800734882909141,0
20181130,69.6574,69.62,both,-0.0373999999999909,-0.0536913522468409,0
20181203,70.028,70.4,both,0.3719999999999999,0.5312160849945734,1
20181204,70.3455,70.52,both,0.1744999999999947,0.2480613543154783,0
20181205,70.5171,,rbi_only,,,0
20181206,71.0371,70.84,both,-0.1970999999999918,-0.2774606508429987,0
20181207,70.5663,70.85,both,0.283699999999996,0.4020332651704795,0
20181210,71.3257,72.436,both,1.1103000000000094,1.556661904474838,1
20181211,71.9274,72.27,both,0.3425999999999902,0.4763136162296846,0
20181212,72.0407,71.79,both,-0.2506999999999948,-0.3479977290614816,0
20181213,71.5368,71.52,both,-0.0168000000000034,-0.023484416412257,0
20181214,71.7359,71.94,both,0.2040999999999968,0.2845158421376142,0
20181217,71.673,71.6,both,-0.0730000000000075,-0.1018514642892128,0
20181218,71.194,70.61,both,-0.5840000000000032,-0.8202938449869416,1
20181219,70.1094,70.26,both,0.1506000000000114,0.214807144263125,0
20181220,70.2835,69.96,both,-0.3235000000000099,-0.4602787282932835,0
20181221,70.0368,70.09,both,0.0532000000000039,0.0759600667077935,0
20181224,70.1757,,rbi_only,,,0
20181226,69.9906,70.07,both,0.0793999999999925,0.1134438053109883,0
20181227,70.327,70.34,both,0.0130000000000052,0.0184850768552692,0
20181228,69.9786,69.92,both,-0.0585999999999984,-0.083739886193777,0
20181231,69.7923,69.58,both,-0.212299999999999,-0.3041882843809404,0
20190101,69.7131,,rbi_only,,,0
20190102,69.6089,70.02,both,0.4110999999999905,0.5905853992808253,1
20190103,70.3627,70.12,both,-0.2426999999999992,-0.3449270707349195,0
20190104,69.8653,69.63,both,-0.2353000000000094,-0.3367909391357503,0
20190107,69.4814,69.78,both,0.2986000000000075,0.4297553014188078,0
20190108,70.0221,70.11,both,0.0879000000000047,0.1255317963900036,0
20190109,70.4418,70.42,both,-0.0217999999999989,-0.0309475339925994,0
20190110,70.5135,70.43,both,-0.0834999999999865,-0.1184170407084977,0
20190111,70.4737,70.38,both,-0.0936999999999983,-0.1329574011297808,0
20190114,70.8244,,rbi_only,,,0
20190115,71.0298,71.0,both,-0.0297999999999944,-0.0419542220307455,0
20190116,71.1847,70.97,both,-0.2147000000000076,-0.301609756029045,0
20190117,71.3418,71.09,both,-0.2518000000000029,-0.3529487621562714,0
20190118,71.1418,71.21,both,0.0681999999999902,0.0958648783134391,0
20190121,71.3782,,rbi_only,,,0
20190122,71.3761,71.23,both,-0.1460999999999899,-0.2046903655425134,0
20190123,71.2039,71.21,both,0.0060999999999893,0.0085669464734225,0
20190124,71.282,71.02,both,-0.2620000000000004,-0.3675542212620303,0
20190125,71.1051,70.94,both,-0.1650999999999953,-0.2321915024379339,0
20190128,71.134,71.06,both,-0.073999999999998,-0.1040290156605815,0
20190129,71.0942,71.4,both,0.3058000000000049,0.4301335411327576,0
20190130,71.2442,71.24,both,-0.0042000000000115,-0.0058952167334485,0
20190131,71.0333,70.94,both,-0.0932999999999992,-0.1313468471829399,0
20190201,71.1102,71.41,both,0.2997999999999905,0.4215991517391182,0
20190204,71.658,71.66,both,0.0019999999999953,0.0027910351949473,0
20190205,71.7459,71.52,both,-0.2259000000000099,-0.3148611976433635,0
20190206,71.5731,71.55,both,-0.0230999999999994,-0.0322746953813645,0
20190207,71.4688,71.3,both,-0.1688000000000045,-0.2361869794931557,0
20190208,71.2949,71.23,both,-0.0648999999999944,-0.0910303542048511,0
20190211,71.1621,71.15,both,-0.0120999999999895,-0.0170034330071619,0
20190212,70.9353,70.56,both,-0.3752999999999957,-0.5290736769986111,1
20190213,70.5547,70.86,both,0.3053000000000025,0.4327139084993665,0
20190214,70.9408,71.18,both,0.2392000000000109,0.3371825522125645,0
20190215,71.2515,71.36,both,0.1085000000000064,0.1522774959123758,0
20190218,71.4705,,rbi_only,,,0
20190219,,71.31,fred_only,,,0
20190220,71.1773,,rbi_only,,,0
20190221,71.154,71.15,both,-0.0039999999999906,-0.0056216094667772,0
20190222,71.2177,71.07,both,-0.1477000000000004,-0.2073922634401285,0
20190225,71.042,70.82,both,-0.2220000000000084,-0.312491202387332,0
20190226,71.0952,71.02,both,-0.0752000000000094,-0.1057736668579727,0
20190227,71.1663,71.15,both,-0.016300000000001,-0.0229040992717073,0
20190228,71.1953,70.83,both,-0.3653000000000048,-0.5130956678320125,1
20190301,70.9696,70.9,both,-0.0695999999999941,-0.0980701596176308,0
20190304,,70.91,fred_only,,,0
20190305,70.7601,70.55,both,-0.210099999999997,-0.2969187437553043,0
20190306,70.5798,70.02,both,-0.5598000000000098,-0.7931447808013196,1
20190307,70.0268,70.09,both,0.063200000000009,0.0902511609840932,0
20190308,70.101,70.0,both,-0.100999999999999,-0.1440778305587639,0
20190311,69.9308,69.82,both,-0.1108000000000117,-0.158442345861926,0
20190312,69.595,69.62,both,0.0250000000000056,0.0359221208420226,0
20190313,69.6225,69.52,both,-0.1025000000000062,-0.1472225214549984,0
20190314,69.6657,69.33,both,-0.3357000000000028,-0.4818727149802597,0
20190315,69.2131,68.94,both,-0.2730999999999994,-0.394578482975043,0
20190318,68.6088,68.6,both,-0.0088000000000079,-0.0128263429764227,0
20190319,68.5847,69.02,both,0.435299999999998,0.6346896611051707,1
20190320,68.8604,68.85,both,-0.0104000000000041,-0.0151030200231253,0
20190321,,68.72,fred_only,,,0
20190322,68.6607,69.01,both,0.3492999999999995,0.5087335258743348,1
20190325,68.9903,68.88,both,-0.1103000000000093,-0.1598775480031387,0
20190326,68.8469,68.98,both,0.1330999999999988,0.1933275136571129,0
20190327,68.903,69.13,both,0.2269999999999896,0.3294486451968559,0
20190328,69.0038,69.23,both,0.2262000000000057,0.3278080337604678,0
20190329,69.1713,69.16,both,-0.0113000000000056,-0.0163362550653314,0
20190401,,69.18,fred_only,,,0
20190402,69.1198,68.91,both,-0.2098000000000013,-0.3035309708650796,0
20190403,68.4896,68.58,both,0.0904000000000024,0.1319908424052739,0
20190404,68.8446,69.03,both,0.1854000000000013,0.2693021674902626,0
20190405,69.1965,69.11,both,-0.0865000000000009,-0.1250063225741199,0
20190408,69.5142,69.56,both,0.0457999999999998,0.065885819012518,0
20190409,69.5397,69.28,both,-0.2596999999999951,-0.3734557382329736,0
20190410,69.1482,69.12,both,-0.0281999999999982,-0.0407819726326907,0
20190411,68.9742,68.97,both,-0.0041999999999973,-0.0060892333655153,0
20190412,69.324,69.21,both,-0.1140000000000043,-0.1644452137787841,0
20190415,69.2293,69.38,both,0.1507000000000005,0.2176823974819917,0
20190416,69.577,69.51,both,-0.066999999999993,-0.0962961898328371,0
20190417,,69.43,fred_only,,,0
20190418,69.4189,69.42,both,0.001100000000008,0.0015845828729756,0
20190419,,69.37,fred_only,,,0
20190422,69.7423,69.64,both,-0.1022999999999996,-0.1466828596131754,0
20190423,69.7474,69.78,both,0.0326000000000021,0.04674009353754,0
20190424,69.9045,69.91,both,0.0054999999999978,0.0078678768891814,0
20190425,69.9418,70.19,both,0.2481999999999971,0.3548664746975301,0
20190426,70.1445,69.93,both,-0.2144999999999868,-0.3057973183927276,0
20190429,,69.8,fred_only,,,0
20190430,69.8368,69.64,both,-0.1967999999999961,-0.2817998533724284,0
20190501,,69.52,fred_only,,,0
20190502,69.5419,69.4,both,-0.1418999999999926,-0.204049644890336,0
20190503,69.2679,69.08,both,-0.187899999999999,-0.2712656223156744,0
20190506,69.3558,69.4,both,0.0442000000000035,0.0637293492397226,0
20190507,69.3095,69.62,both,0.3105000000000046,0.4479905352080229,0
20190508,69.6009,69.73,both,0.1291000000000082,0.1854861072198897,0
20190509,69.8685,70.21,both,0.3414999999999963,0.4887753422500788,0
20190510,69.9212,70.02,both,0.0987999999999971,0.1413019227358757,0
20190513,70.2576,70.62,both,0.362400000000008,0.5158160825305848,1
20190514,70.4208,70.3,both,-0.1208000000000026,-0.1715402267511909,0
20190515,70.2087,70.22,both,0.0113000000000056,0.0160948714333204,0
20190516,70.2469,70.08,both,-0.1668999999999982,-0.2375905555974687,0
20190517,70.1666,70.28,both,0.1133999999999986,0.1616153554540174,0
20190520,69.5466,69.59,both,0.0434000000000054,0.0624042009242801,0
20190521,69.7291,69.61,both,-0.119100000000003,-0.1708038681124567,0
20190522,69.7655,69.71,both,-0.0555000000000092,-0.0795522142033085,0
20190523,69.6732,69.66,both,-0.0131999999999976,-0.0189455917052721,0
20190524,69.6096,69.37,both,-0.2395999999999958,-0.3442053969567356,0
20190527,69.4327,,rbi_only,,,0
20190528,69.6142,69.56,both,-0.0541999999999944,-0.0778576784621448,0
20190529,69.8805,69.8,both,-0.0805000000000006,-0.115196657150422,0
20190530,69.7852,69.81,both,0.024799999999999,0.0355376211574933,0
20190531,69.8058,69.63,both,-0.1758000000000095,-0.2518415375226836,0
20190603,69.4338,69.15,both,-0.2837999999999994,-0.4087346508472809,0
20190604,69.2918,69.28,both,-0.0117999999999938,-0.0170294320540003,0
20190605,,69.41,fred_only,,,0
20190606,69.3205,69.21,both,-0.1105000000000018,-0.1594045051608136,0
20190607,69.3019,69.32,both,0.0180999999999897,0.0261176100510805,0
20190610,69.4598,69.49,both,0.0301999999999935,0.0434783860592653,0
20190611,69.4222,69.42,both,-0.0022000000000019,-0.0031690150989193,0
20190612,69.4048,69.35,both,-0.0548000000000001,-0.0789570750149848,0
20190613,69.3579,69.53,both,0.1721000000000003,0.2481332335609936,0
20190614,69.5646,69.81,both,0.2454000000000036,0.3527656307949785,0
20190617,69.8362,69.83,both,-0.0062000000000068,-0.0088779171833617,0
20190618,69.801,69.6,both,-0.2010000000000076,-0.2879614905230693,0
20190619,69.6677,69.64,both,-0.0276999999999958,-0.0397601758059988,0
20190620,69.5645,69.44,both,-0.1244999999999976,-0.178970595634264,0
20190621,69.6343,69.59,both,-0.0442999999999926,-0.0636180732770957,0
20190624,69.4788,69.32,both,-0.1588000000000136,-0.2285589273274921,0
20190625,69.3398,69.26,both,-0.0797999999999916,-0.1150854199175533,0
20190626,69.3192,69.18,both,-0.1391999999999882,-0.2008101651490326,0
20190627,69.2216,69.01,both,-0.21159999999999,-0.3056849307152537,0
20190628,68.918,68.92,both,0.0019999999999953,0.0029019994776333,0
20190701,68.9665,68.87,both,-0.0964999999999918,-0.1399230060971512,0
20190702,68.9924,68.87,both,-0.1223999999999989,-0.177410845252519,0
20190703,68.8776,68.79,both,-0.0875999999999948,-0.1271821317815876,0
20190704,68.8545,,rbi_only,,,0
20190705,68.7499,68.48,both,-0.2698999999999927,-0.3925823892107373,0
20190708,68.6982,68.55,both,-0.1482000000000027,-0.2157261762316957,0
20190709,68.7301,68.54,both,-0.1900999999999868,-0.2765891508960221,0
20190710,68.5269,68.4,both,-0.126899999999992,-0.1851827530502504,0
20190711,68.3665,68.4,both,0.0335000000000036,0.0490006070224505,0
20190712,68.5855,68.57,both,-0.0155000000000029,-0.0225995290549794,0
20190715,68.5836,68.52,both,-0.0636000000000081,-0.0927335397966978,0
20190716,68.5672,68.66,both,0.0927999999999968,0.1353416794035586,0
20190717,68.8051,68.84,both,0.0349000000000074,0.0507229841974032,0
20190718,68.8758,68.85,both,-0.0258000000000038,-0.0374587300619431,0
20190719,68.8249,68.82,both,-0.0049000000000063,-0.0071195163378462,0
20190722,69.0199,68.89,both,-0.1299000000000063,-0.1882065896937062,0
20190723,68.9922,68.99,both,-0.0022000000000019,-0.0031887662663344,0
20190724,69.0135,68.94,both,-0.0734999999999956,-0.106500901997429,0
20190725,68.9904,69.03,both,0.0396000000000071,0.0573992903360571,0
20190726,69.0611,68.89,both,-0.1710999999999956,-0.2477516286302934,0
20190729,68.9023,68.73,both,-0.1722999999999928,-0.250064221368507,0
20190730,68.75,68.82,both,0.0699999999999931,0.1018181818181719,0
20190731,68.8569,68.81,both,-0.0468999999999937,-0.0681122734250216,0
20190801,69.058,69.0,both,-0.0580000000000069,-0.083987372932907,0
20190802,69.3981,69.65,both,0.2519000000000062,0.3629782371563577,0
20190805,70.3584,70.8,both,0.441599999999994,0.6276436075862925,1
20190806,70.7226,70.9,both,0.1774000000000057,0.2508391942604002,0
20190807,70.9553,71.18,both,0.2247000000000127,0.3166782467271828,0
20190808,70.8497,70.62,both,-0.229699999999994,-0.3242074419510513,0
20190809,70.5185,70.91,both,0.3914999999999935,0.555173465119073,1
20190812,,71.27,fred_only,,,0
20190813,71.2365,71.41,both,0.17349999999999,0.2435549191776546,0
20190814,71.0968,71.27,both,0.1731999999999942,0.2436115268197644,0
20190815,,71.79,fred_only,,,0
20190816,71.2872,71.15,both,-0.1371999999999928,-0.1924609186501825,0
20190819,71.3419,71.44,both,0.0981000000000023,0.1375068508127794,0
20190820,71.6483,71.54,both,-0.1082999999999998,-0.1511550169368984,0
20190821,71.5508,71.43,both,-0.1207999999999884,-0.1688310962281183,0
20190822,71.7033,71.9,both,0.1967000000000069,0.2743248916019304,0
20190823,71.7267,71.49,both,-0.236699999999999,-0.3300026350020272,0
20190826,72.1814,72.02,both,-0.1614000000000004,-0.2236033105481473,0
20190827,71.8206,71.52,both,-0.3006000000000028,-0.4185428693160498,0
20190828,71.7041,71.75,both,0.0459000000000031,0.0640130759607932,0
20190829,71.9971,71.67,both,-0.3271000000000015,-0.4543238547108168,0
20190830,71.7586,71.45,both,-0.3085999999999984,-0.430052983196437,0
20190903,72.1899,72.2,both,0.0101000000000084,0.0139908768401236,0
20190904,72.07,72.11,both,0.0400000000000062,0.0555015956708842,0
20190905,71.8611,71.84,both,-0.0210999999999899,-0.0293622001332986,0
20190906,71.7323,71.68,both,-0.0522999999999882,-0.0729099722161261,0
20190909,71.5886,71.66,both,0.071399999999997,0.0997365502328541,0
20190910,,71.89,fred_only,,,0
20190911,71.6637,71.62,both,-0.0437000000000011,-0.0609792684441372,0
20190912,71.3175,70.91,both,-0.4074999999999988,-0.5713885091316983,1
20190913,70.9387,71.0,both,0.0613000000000028,0.0864126351342818,0
20190916,71.5362,71.53,both,-0.0061999999999926,-0.0086669406538125,0
20190917,71.8196,71.47,both,-0.3495999999999952,-0.4867751978568458,0
20190918,71.3132,71.16,both,-0.1531999999999982,-0.2148269885519065,0
20190919,71.1382,71.31,both,0.1718000000000046,0.2415017529260012,0
20190920,70.937,71.05,both,0.1129999999999995,0.1592962769781631,0
20190923,70.9212,70.79,both,-0.1311999999999926,-0.1849940497340607,0
20190924,70.8477,70.94,both,0.0922999999999945,0.1302794586133276,0
20190925,71.0395,71.0,both,-0.0395000000000038,-0.0556028688265033,0
20190926,70.9021,70.93,both,0.0279000000000024,0.0393500333558561,0
20190927,70.8381,70.49,both,-0.3481000000000023,-0.4914022256384661,0
20190930,70.685,70.64,both,-0.0450000000000017,-0.0636627290089859,0
20191001,70.9109,71.11,both,0.1991000000000014,0.2807748879227331,0
20191002,,71.17,fred_only,,,0
20191003,71.1163,71.03,both,-0.0862999999999942,-0.1213505202042208,0
20191004,70.8703,70.86,both,-0.0103000000000008,-0.0145335916455847,0
20191007,70.9763,70.97,both,-0.0062999999999959,-0.0088762023379578,0
20191008,,71.21,fred_only,,,0
20191009,71.1121,71.09,both,-0.0220999999999946,-0.0310776928258266,0
20191010,71.0516,70.98,both,-0.0715999999999894,-0.1007718334280853,0
20191011,71.0272,70.91,both,-0.1171999999999968,-0.1650072085060327,0
20191014,71.0188,,rbi_only,,,0
20191015,71.3186,71.48,both,0.1614000000000004,0.2263084244502842,0
20191016,71.5051,71.37,both,-0.1350999999999942,-0.1889375722850457,0
20191017,71.4087,71.09,both,-0.3186999999999926,-0.4463041618178074,0
20191018,71.1988,71.07,both,-0.1288000000000124,-0.1809019253133654,0
20191021,,70.9,fred_only,,,0
20191022,70.8731,70.81,both,-0.0630999999999915,-0.0890323691216999,0
20191023,70.9373,70.81,both,-0.1272999999999911,-0.1794542504436891,0
20191024,70.9338,71.01,both,0.0762,0.1074241052925404,0
20191025,70.9593,70.78,both,-0.1792999999999978,-0.2526800574413753,0
20191028,,70.71,fred_only,,,0
20191029,70.7303,70.86,both,0.1296999999999997,0.1833726139999402,0
20191030,70.9915,70.96,both,-0.0315000000000083,-0.0443715092652054,0
20191031,70.8095,71.01,both,0.2005000000000052,0.2831540965548482,0
20191101,70.8798,70.76,both,-0.1197999999999979,-0.1690185356053458,0
20191104,70.6821,70.79,both,0.1079000000000007,0.1526553398951088,0
20191105,70.7283,70.81,both,0.0816999999999978,0.1155124610657938,0
20191106,70.8861,70.96,both,0.0738999999999947,0.1042517503431487,0
20191107,71.0079,71.04,both,0.0320999999999997,0.0452062376158142,0
20191108,71.2494,71.35,both,0.1006,0.1411941714596895,0
20191111,71.445,,rbi_only,,,0
20191112,,71.75,fred_only,,,0
20191113,71.7002,72.12,both,0.4198000000000093,0.5854934853738334,1
20191114,72.0501,71.99,both,-0.0601000000000055,-0.0834141798554139,0
20191115,71.7109,71.6,both,-0.1109000000000008,-0.1546487354084259,0
20191118,71.7131,71.9,both,0.1869000000000085,0.260621838966672,0
20191119,71.8138,71.86,both,0.0461999999999989,0.0643330390537736,0
20191120,71.6756,71.74,both,0.064399999999992,0.0898492653008723,0
20191121,71.7996,71.75,both,-0.049599999999998,-0.0690811647975728,0
20191122,71.8514,71.76,both,-0.091399999999993,-0.127206985528456,0
20191125,71.6468,71.69,both,0.0431999999999987,0.0602957843197446,0
20191126,71.5909,71.51,both,-0.0808999999999997,-0.1130031889527855,0
20191127,71.3627,71.26,both,-0.1026999999999986,-0.1439127163069764,0
20191128,71.5147,,rbi_only,,,0
20191129,71.7255,71.75,both,0.0245000000000032,0.0341580051725025,0
20191202,71.7217,71.65,both,-0.0716999999999927,-0.0999697441638901,0
20191203,71.6006,71.7,both,0.0994000000000028,0.138825652299007,0
20191204,71.78,71.47,both,-0.3100000000000023,-0.4318751741432186,0
20191205,71.5476,71.26,both,-0.2875999999999976,-0.4019701569304877,0
20191206,71.3165,71.26,both,-0.0564999999999997,-0.0792243029312988,0
20191209,71.162,71.02,both,-0.1420000000000101,-0.1995447008234874,0
20191210,70.8962,70.84,both,-0.0561999999999898,-0.0792708212851885,0
20191211,70.8679,70.73,both,-0.1379000000000019,-0.1945873942927642,0
20191212,70.7494,70.62,both,-0.1293999999999897,-0.1828990775893361,0
20191213,70.7178,70.8,both,0.0822000000000002,0.1162366476332695,0
20191216,70.941,70.89,both,-0.0510000000000019,-0.0718907260963363,0
20191217,70.9687,71.04,both,0.0713000000000079,0.1004668255160484,0
20191218,71.0611,70.97,both,-0.0910999999999973,-0.1281995353294521,0
20191219,71.0813,71.11,both,0.0287000000000006,0.0403763015026464,0
20191220,71.1569,71.07,both,-0.0868999999999999,-0.1221244882787192,0
20191223,71.1699,71.24,both,0.0700999999999965,0.0984966959346528,0
20191224,71.1959,71.23,both,0.0341000000000093,0.0478960164841084,0
20191226,71.2699,71.28,both,0.0100999999999942,0.0141714805268342,0
20191227,71.2214,71.45,both,0.2286000000000001,0.3209709441263442,0
20191230,71.3449,71.3,both,-0.0448999999999983,-0.062933720560262,0
20191231,71.274,71.36,both,0.0859999999999985,0.1206611106434303,0
20200101,71.3717,,rbi_only,,,0
20200102,71.3429,71.34,both,-0.0028999999999967,-0.0040648754115641,0
20200103,71.6949,71.76,both,0.065100000000001,0.0908014377591726,0
20200106,72.0919,71.86,both,-0.231899999999996,-0.3216727538045134,0
20200107,71.7764,71.84,both,0.0636000000000081,0.0886085119900247,0
20200108,72.0178,71.51,both,-0.5077999999999889,-0.7051034605333528,1
20200109,71.4221,71.16,both,-0.2621000000000038,-0.3669732477762538,0
20200110,71.1136,70.94,both,-0.1736000000000075,-0.2441164559240532,0
20200113,70.8115,70.74,both,-0.0715000000000003,-0.1009722996970836,0
20200114,70.9242,70.85,both,-0.0742000000000047,-0.1046187338031373,0
20200115,70.8753,70.69,both,-0.185299999999998,-0.2614451014669399,0
20200116,70.9065,70.95,both,0.0435000000000087,0.0613483954221527,0
20200117,71.0436,71.08,both,0.0364000000000004,0.0512361423126086,0
20200120,71.057,,rbi_only,,,0
20200121,71.1825,71.17,both,-0.0125000000000028,-0.0175604959084084,0
20200122,71.2056,71.07,both,-0.1356000000000108,-0.1904344602110098,0
20200123,71.2437,71.45,both,0.2062999999999988,0.2895694636859102,0
20200124,71.2404,71.31,both,0.0696000000000083,0.0976973739619771,0
20200127,71.3948,71.45,both,0.0551999999999992,0.0773165552673293,0
20200128,71.3263,71.24,both,-0.0863000000000084,-0.1209932381183497,0
20200129,71.1875,71.35,both,0.1624999999999943,0.228270412642661,0
20200130,71.4772,71.57,both,0.0927999999999968,0.1298316106394723,0
20200131,71.5096,71.53,both,0.020399999999995,0.0285276382471655,0
20200203,71.5803,71.32,both,-0.2603000000000008,-0.3636475398957546,0
20200204,71.135,71.11,both,-0.0250000000000056,-0.0351444436634647,0
20200205,71.2664,71.19,both,-0.0764000000000066,-0.1072033945870798,0
20200206,71.2558,71.19,both,-0.0657999999999958,-0.0923433601194511,0
20200207,71.2476,71.47,both,0.2223999999999932,0.3121508654326507,0
20200210,71.3046,71.28,both,-0.0245999999999924,-0.0344998779882257,0
20200211,71.2291,71.25,both,0.0208999999999974,0.0293419403024851,0
20200212,71.258,71.29,both,0.0320000000000106,0.0449072384855183,0
20200213,71.4699,71.27,both,-0.1998999999999995,-0.279698166640781,0
20200214,71.3865,71.52,both,0.1334999999999979,0.187010148977745,0
20200217,71.4259,,rbi_only,,,0
20200218,71.4013,71.56,both,0.158699999999996,0.2222648607238188,0
20200219,,71.55,fred_only,,,0
20200220,71.5899,71.67,both,0.0801000000000016,0.1118872913637281,0
20200221,,71.9,fred_only,,,0
20200224,71.8522,71.92,both,0.0678000000000054,0.0943603675322473,0
20200225,71.8598,71.81,both,-0.0498000000000047,-0.0693016123061916,0
20200226,71.7291,71.58,both,-0.1491000000000042,-0.2078654270024358,0
20200227,71.6124,71.65,both,0.0376000000000118,0.0525048734576859,0
20200228,72.1895,72.53,both,0.3405000000000058,0.4716752436296218,0
20200302,72.242,72.88,both,0.637999999999991,0.8831427701337047,1
20200303,72.8733,73.03,both,0.1567000000000007,0.2150307451425978,0
20200304,73.5603,73.49,both,-0.0703000000000031,-0.0955678538559564,0
20200305,73.2824,73.5,both,0.2176000000000044,0.2969335065445516,0
20200306,73.6629,74.0,both,0.3371000000000066,0.4576252088907803,0
20200309,73.9538,74.21,both,0.2561999999999926,0.346432502454225,0
20200310,,74.15,fred_only,,,0
20200311,73.8128,73.68,both,-0.1327999999999889,-0.1799145947586176,0
20200312,74.1694,74.25,both,0.080600000000004,0.1086701523809064,0
20200313,74.0694,73.86,both,-0.2094000000000022,-0.2827078388646354,0
20200316,74.2723,74.01,both,-0.2622999999999962,-0.3531599263790083,0
20200317,74.0309,74.26,both,0.2291000000000025,0.3094653718920106,0
20200318,74.1727,74.55,both,0.3772999999999911,0.5086777210482981,1
20200319,75.0583,74.78,both,-0.2783000000000015,-0.370778448219586,0
20200320,75.0063,75.31,both,0.3037000000000063,0.4048993217903114,0
20200323,75.8814,76.29,both,0.4086000000000069,0.5384718784840645,1
20200324,76.1522,76.37,both,0.2178000000000111,0.2860061823558756,0
20200325,,76.36,fred_only,,,0
20200326,75.2392,74.89,both,-0.3491999999999962,-0.4641197673553097,0
20200327,74.8434,75.47,both,0.6265999999999963,0.8372147711087368,1
20200330,75.3451,75.33,both,-0.0151000000000038,-0.0200411174714797,0
20200331,75.3859,75.39,both,0.0040999999999939,0.0054386828306009,0
20200401,,76.4,fred_only,,,0
20200402,,76.34,fred_only,,,0
20200403,75.8276,76.24,both,0.412399999999991,0.5438652944310396,1
20200406,,75.95,fred_only,,,0
20200407,75.8438,75.64,both,-0.2038000000000011,-0.2687101648387885,0
20200408,76.0867,75.96,both,-0.1266999999999996,-0.1665205614121779,0
20200409,76.4577,76.3,both,-0.1577000000000055,-0.2062578393020003,0
20200410,,75.87,fred_only,,,0
20200413,76.3617,76.25,both,-0.111699999999999,-0.1462775187037468,0
20200414,,76.11,fred_only,,,0
20200415,76.2743,76.56,both,0.2857000000000056,0.3745691536992219,0
20200416,76.7408,76.75,both,0.0092000000000069,0.0119884077309683,0
20200417,76.5444,76.56,both,0.0156000000000062,0.0203803282800652,0
20200420,76.6335,76.56,both,-0.0734999999999956,-0.0959110571747286,0
20200421,76.6516,76.95,both,0.2984000000000009,0.3892938960178272,0
20200422,76.8084,76.44,both,-0.3684000000000083,-0.4796350399175197,0
20200423,76.0635,75.84,both,-0.2235000000000013,-0.2938334417953438,0
20200424,76.4173,76.26,both,-0.1572999999999922,-0.2058434412102917,0
20200427,76.1269,76.23,both,0.1030999999999977,0.1354317593386802,0
20200428,76.371,75.96,both,-0.4110000000000013,-0.5381623914836802,1
20200429,75.6961,75.45,both,-0.2460999999999984,-0.3251158249896605,0
20200430,75.115,75.08,both,-0.0349999999999965,-0.0465952206616475,0
20200501,,75.75,fred_only,,,0
20200504,75.7902,75.64,both,-0.1501999999999981,-0.1981786563434297,0
20200505,75.5715,75.72,both,0.1484999999999985,0.1965026498084575,0
20200506,75.6911,76.08,both,0.3888999999999925,0.5137988482133202,1
20200507,,75.78,fred_only,,,0
20200508,75.4411,75.58,both,0.1388999999999924,0.1841171456937829,0
20200511,75.6838,75.87,both,0.1861999999999994,0.2460235876105579,0
20200512,75.7944,75.03,both,-0.7643999999999949,-1.0085177796776474,1
20200513,75.3885,75.33,both,-0.0584999999999951,-0.0775980421416994,0
20200514,75.444,75.48,both,0.0360000000000013,0.0477175123270258,0
20200515,75.5634,75.82,both,0.2565999999999917,0.3395823904165134,0
20200518,75.9345,75.74,both,-0.194500000000005,-0.256141806425281,0
20200519,75.6638,75.67,both,0.0062000000000068,0.0081941430380272,0
20200520,75.6712,75.47,both,-0.2012,-0.2658871538973877,0
20200521,75.7785,75.63,both,-0.1484999999999985,-0.1959658742255369,0
20200522,75.7868,75.99,both,0.2031999999999953,0.2681205698089844,0
20200526,75.6404,75.43,both,-0.2103999999999928,-0.2781582329019846,0
20200527,75.6476,75.88,both,0.2323999999999983,0.3072139763852368,0
20200528,75.7501,75.67,both,-0.0801000000000016,-0.1057424346634547,0
20200529,75.6369,75.59,both,-0.0468999999999937,-0.0620067718269703,0
20200601,75.4792,75.56,both,0.0807999999999964,0.1070493592936814,0
20200602,75.5871,75.03,both,-0.5571000000000055,-0.7370305250499165,1
20200603,75.326,75.32,both,-0.0060000000000002,-0.0079653771606088,0
20200604,75.529,75.43,both,-0.0989999999999895,-0.1310754809410816,0
20200605,75.4665,75.61,both,0.143500000000003,0.1901505966223464,0
20200608,75.6307,75.44,both,-0.1907000000000067,-0.2521462845114572,0
20200609,75.4931,75.44,both,-0.0531000000000005,-0.0703375540281172,0
20200610,75.4688,75.65,both,0.181200000000004,0.240099219810046,0
20200611,75.7907,75.97,both,0.1792999999999978,0.2365725610134195,0
20200612,75.973,76.03,both,0.0570000000000021,0.0750266542061023,0
20200615,76.1056,75.97,both,-0.1355999999999966,-0.1781734852625781,0
20200616,75.841,76.19,both,0.3490000000000037,0.4601732572091663,0
20200617,76.2032,76.25,both,0.0468000000000046,0.0614147437378018,0
20200618,76.1509,76.32,both,0.1691000000000002,0.2220590958215861,0
20200619,76.2144,76.21,both,-0.0044000000000039,-0.0057731872192183,0
20200622,76.062,75.76,both,-0.3019999999999925,-0.3970445163156273,0
20200623,75.7549,75.48,both,-0.2749000000000023,-0.3628808169504577,0
20200624,75.7087,75.65,both,-0.0586999999999875,-0.0775340218495199,0
20200625,75.6349,75.58,both,-0.0549000000000035,-0.0725855392153668,0
20200626,75.4757,75.63,both,0.1542999999999921,0.2044366597461065,0
20200629,75.568,75.52,both,-0.0480000000000018,-0.063518949820032,0
20200630,75.527,75.53,both,0.0030000000000001,0.0039720894514545,0
20200701,75.5813,75.5,both,-0.0812999999999988,-0.1075662895451637,0
20200702,75.4876,74.78,both,-0.7075999999999993,-0.9373724956151732,1
20200703,74.7843,,rbi_only,,,0
20200706,74.6822,74.62,both,-0.06219999999999,-0.083286244915107,0
20200707,74.8609,74.81,both,-0.0508999999999986,-0.0679927705918558,0
20200708,75.027,74.94,both,-0.0870000000000033,-0.1159582550281942,0
20200709,75.0031,75.12,both,0.1169000000000011,0.1558602244440577,0
20200710,75.2865,75.14,both,-0.1465000000000031,-0.1945899995351134,0
20200713,75.1567,75.16,both,0.0032999999999958,0.0043908261006615,0
20200714,75.3935,75.38,both,-0.0135000000000076,-0.0179060529090805,0
20200715,75.3123,75.11,both,-0.2022999999999939,-0.2686148212177744,0
20200716,75.242,75.11,both,-0.132000000000005,-0.1754339331756266,0
20200717,75.1015,74.93,both,-0.1714999999999946,-0.2283576226839606,0
20200720,74.9666,74.77,both,-0.1966000000000036,-0.2622501220543597,0
20200721,74.7678,74.54,both,-0.2277999999999878,-0.3046766121244543,0
20200722,74.6848,74.56,both,-0.1247999999999933,-0.1671022751617375,0
20200723,74.7548,74.81,both,0.0551999999999992,0.073841412190253,0
20200724,74.8672,74.77,both,-0.0972000000000008,-0.1298298854505054,0
20200727,74.762,74.77,both,0.0079999999999955,0.0107006233113019,0
20200728,74.7458,74.91,both,0.1641999999999939,0.2196778949452597,0
20200729,74.7667,74.92,both,0.1533000000000015,0.2050378042631299,0
20200730,74.8412,74.88,both,0.0387999999999948,0.0518431024622732,0
20200731,74.7722,74.9,both,0.1278000000000076,0.1709191383963661,0
20200803,74.9789,75.2,both,0.2211000000000069,0.2948829604062035,0
20200804,75.0894,75.06,both,-0.0293999999999954,-0.0391533292315499,0
20200805,74.9086,74.8,both,-0.1086000000000098,-0.1449766782452345,0
20200806,74.8591,74.87,both,0.0109000000000065,0.014560688012555,0
20200807,74.9556,75.04,both,0.0844000000000022,0.1125999925289134,0
20200810,74.878,74.91,both,0.0319999999999964,0.0427361841929491,0
20200811,74.8436,74.61,both,-0.2335999999999956,-0.3121175357679155,0
20200812,74.8286,74.73,both,-0.0985999999999904,-0.131767800012282,0
20200813,74.8369,74.81,both,-0.0268999999999977,-0.0359448347005256,0
20200814,74.7721,74.87,both,0.0979000000000098,0.1309311895747342,0
20200817,74.8464,74.74,both,-0.1064000000000078,-0.1421578058530641,0
20200818,74.819,74.62,both,-0.198999999999998,-0.2659752201980754,0
20200819,74.7608,74.85,both,0.089199999999991,0.119313865020159,0
20200820,75.0062,75.01,both,0.0037999999999982,0.0050662478568415,0
20200821,74.8755,74.92,both,0.0444999999999993,0.0594319904374586,0
20200824,74.8282,74.17,both,-0.6581999999999937,-0.8796149045413277,1
20200825,74.3952,74.2,both,-0.1951999999999998,-0.2623825193023203,0
20200826,74.3541,74.22,both,-0.1341000000000036,-0.1803532017736798,0
20200827,74.3263,73.89,both,-0.4363000000000028,-0.5870062144893567,1
20200828,73.3528,73.11,both,-0.2428000000000025,-0.3310030428286344,0
20200831,73.5951,73.25,both,-0.3451000000000022,-0.4689170882300617,0
20200901,72.8204,73.0,both,0.1795999999999935,0.2466341849261931,0
20200902,73.0126,73.27,both,0.2573999999999898,0.3525418900299261,0
20200903,73.356,73.39,both,0.034000000000006,0.046349310213215,0
20200904,73.338,73.29,both,-0.0479999999999876,-0.0654503804303193,0
20200907,73.2831,,rbi_only,,,0
20200908,73.4272,73.78,both,0.352800000000002,0.4804758999389899,0
20200909,73.6728,73.38,both,-0.2927999999999997,-0.3974329739062445,0
20200910,73.3541,73.43,both,0.0759000000000043,0.1034706989793403,0
20200911,73.4737,73.45,both,-0.0236999999999909,-0.0322564400594919,0
20200914,73.383,73.42,both,0.0370000000000061,0.0504203970947033,0
20200915,73.4169,73.57,both,0.1530999999999949,0.2085350920564541,0
20200916,73.7451,73.54,both,-0.2050999999999874,-0.2781201734081144,0
20200917,,73.6,fred_only,,,0
20200918,73.297,73.54,both,0.2430000000000092,0.3315278933653617,0
20200921,73.3164,73.58,both,0.2635999999999967,0.3595375659470415,0
20200922,73.4951,73.5,both,0.0049000000000063,0.0066671111407513,0
20200923,73.6273,73.53,both,-0.0973000000000041,-0.1321520685941276,0
20200924,73.9246,73.9,both,-0.0245999999999924,-0.0332771499608958,0
20200925,73.7297,73.71,both,-0.0197000000000002,-0.0267192189850226,0
20200928,73.5733,73.79,both,0.216700000000003,0.2945361972345987,0
20200929,73.8521,73.78,both,-0.0720999999999918,-0.0976275556145212,0
20200930,73.7978,73.54,both,-0.2577999999999889,-0.3493329069430104,0
20201001,73.3834,73.18,both,-0.2033999999999878,-0.2771744018401816,0
20201002,,73.35,fred_only,,,0
20201005,73.264,73.09,both,-0.1739999999999923,-0.2374972701463097,0
20201006,73.3684,73.4,both,0.0316000000000116,0.0430703136500341,0
20201007,73.3603,73.28,both,-0.080299999999994,-0.1094597486651418,0
20201008,73.2943,73.33,both,0.0356999999999914,0.0487077439855369,0
20201009,73.2103,72.98,both,-0.2302999999999997,-0.3145732226203139,0
20201013,73.379,73.45,both,0.0709999999999979,0.0967579280175499,0
20201014,73.4558,73.24,both,-0.2158000000000015,-0.2937821111471137,0
20201015,73.2677,73.48,both,0.212299999999999,0.2897593346044697,0
20201016,73.383,73.42,both,0.0370000000000061,0.0504203970947033,0
20201019,73.4189,73.31,both,-0.1088999999999913,-0.1483269294418621,0
20201020,73.3337,73.47,both,0.1363000000000056,0.1858627070501088,0
20201021,73.4546,73.62,both,0.1654000000000053,0.2251731001189923,0
20201022,73.6557,73.65,both,-0.0056999999999902,-0.0077387086131694,0
20201023,73.578,73.86,both,0.2819999999999965,0.383266737339961,0
20201026,73.7331,73.93,both,0.1969000000000136,0.2670442447150786,0
20201027,73.7487,73.62,both,-0.1286999999999949,-0.1745115507120734,0
20201028,73.765,74.19,both,0.4249999999999971,0.5761540025757435,1
20201029,73.9732,74.42,both,0.4467999999999961,0.6040025306462287,1
20201030,,74.59,fred_only,,,0
20201102,74.322,74.51,both,0.1880000000000024,0.2529533650870568,0
20201103,74.326,74.61,both,0.284000000000006,0.3821004762801793,0
20201104,74.6915,74.36,both,-0.3315000000000054,-0.443825602645556,0
20201105,74.2677,73.93,both,-0.3376999999999981,-0.4547064201530383,0
20201106,74.0535,73.96,both,-0.0935000000000059,-0.1262600687340989,0
20201109,73.9258,74.03,both,0.1042000000000058,0.1409521439064654,0
20201110,74.2116,74.31,both,0.098399999999998,0.1325938263020849,0
20201111,74.2529,,rbi_only,,,0
20201112,74.45,74.63,both,0.1799999999999926,0.2417730020147651,0
20201113,74.6713,74.56,both,-0.1112999999999999,-0.1490532507134601,0
20201116,,74.41,fred_only,,,0
20201117,74.5087,74.42,both,-0.0887000000000028,-0.1190465006099997,0
20201118,74.3629,74.1,both,-0.2629000000000019,-0.3535365081243495,0
20201119,74.2555,74.16,both,-0.0955000000000012,-0.128610001952719,0
20201120,74.1598,74.12,both,-0.0397999999999996,-0.053667890150728,0
20201123,74.1409,74.21,both,0.0690999999999917,0.0932009187911014,0
20201124,73.9752,74.08,both,0.1047999999999973,0.1416690999145623,0
20201125,73.9762,73.75,both,-0.2262000000000057,-0.305774019211592,0
20201126,73.8262,,rbi_only,,,0
20201127,73.7983,,rbi_only,,,0
20201130,,74.01,fred_only,,,0
20201201,73.5083,73.51,both,0.0016999999999995,0.0023126640120905,0
20201202,73.6501,73.72,both,0.069900000000004,0.09490822144166,0
20201203,73.8938,73.8,both,-0.0938000000000016,-0.1269389312770512,0
20201204,73.7413,73.78,both,0.0387000000000057,0.0524807672227174,0
20201207,73.7657,73.83,both,0.0643000000000029,0.0871678842605749,0
20201208,73.7613,73.68,both,-0.0812999999999988,-0.110220400128521,0
20201209,73.5882,73.71,both,0.1217999999999932,0.1655156669139797,0
20201210,73.6684,73.72,both,0.0515999999999934,0.070043600784045,0
20201211,73.5914,73.73,both,0.1386000000000109,0.1883372241865366,0
20201214,73.5417,73.64,both,0.0982999999999947,0.1336656617945937,0
20201215,73.6532,73.56,both,-0.0931999999999959,-0.1265389691147105,0
20201216,73.5209,73.65,both,0.1291000000000082,0.1755963270308282,0
20201217,73.4336,73.53,both,0.0964000000000027,0.1312750566498206,0
20201218,73.5146,73.53,both,0.0153999999999996,0.0209482198093979,0
20201221,73.6498,74.03,both,0.3802000000000021,0.5162267921976734,1
20201222,73.8879,73.85,both,-0.0379000000000075,-0.0512939195727684,0
20201223,73.8132,73.77,both,-0.0431999999999987,-0.0585261172798345,0
20201224,73.5838,,rbi_only,,,0
20201228,73.5886,73.5,both,-0.0885999999999995,-0.120399083553702,0
20201229,73.3669,73.33,both,-0.0369000000000028,-0.0502951603516065,0
20201230,73.2839,73.13,both,-0.1539000000000072,-0.2100051989591264,0
20201231,73.0536,73.01,both,-0.0435999999999978,-0.0596822059419355,0
20210101,73.0328,,rbi_only,,,0
20210104,73.0115,73.08,both,0.0685000000000002,0.0938208364435742,0
20210105,73.1086,73.15,both,0.04140000000001,0.0566280847944155,0
20210106,73.139,73.15,both,0.0110000000000098,0.0150398556173995,0
20210107,73.133,73.43,both,0.2970000000000112,0.4061094170894278,0
20210108,73.3344,73.31,both,-0.0243999999999999,-0.0332722433128245,0
20210111,73.4511,73.5,both,0.0489000000000032,0.0665749049367583,0
20210112,73.3725,73.26,both,-0.1124999999999971,-0.1533272002453196,0
20210113,73.1546,73.07,both,-0.0846000000000088,-0.1156454959770252,0
20210114,73.1226,73.11,both,-0.0126000000000061,-0.0172313347720214,0
20210115,73.0243,73.08,both,0.0557000000000016,0.076275979365775,0
20210119,73.1803,73.2,both,0.0197000000000002,0.0269198131191048,0
20210120,73.1251,,rbi_only,,,0
20210121,72.9735,72.96,both,-0.0135000000000076,-0.0184998663898642,0
20210122,73.038,72.98,both,-0.0579999999999927,-0.07941071770858,0
20210125,72.9297,73.01,both,0.0803000000000082,0.1101060336186879,0
20210126,,72.9,fred_only,,,0
20210127,72.8176,73.05,both,0.2323999999999983,0.3191536112148689,0
20210128,73.0674,72.91,both,-0.1574000000000097,-0.2154175459917962,0
20210129,72.9519,72.84,both,-0.1118999999999914,-0.1533887397038205,0
20210201,73.0189,73.11,both,0.0910999999999973,0.1247622190966959,0
20210202,72.9805,72.95,both,-0.0305000000000035,-0.0417919855303862,0
20210203,72.9396,72.84,both,-0.0995999999999952,-0.1365513383676291,0
20210204,72.9152,72.93,both,0.0148000000000081,0.0202975511278967,0
20210205,72.8986,72.85,both,-0.0486000000000075,-0.066667946983903,0
20210208,72.8623,72.9,both,0.0377000000000009,0.0517414355572099,0
20210209,72.8883,72.83,both,-0.0583000000000026,-0.0799854023210895,0
20210210,72.8458,72.82,both,-0.0258000000000038,-0.0354172786900601,0
20210211,72.7772,72.69,both,-0.0871999999999957,-0.1198177451179706,0
20210212,72.7998,72.6,both,-0.1998000000000104,-0.2744513034376611,0
20210215,72.5906,,rbi_only,,,0
20210216,72.7219,72.86,both,0.1380999999999943,0.1899015289754452,0
20210217,72.8359,72.81,both,-0.0258999999999929,-0.0355593876096717,0
20210218,72.7327,72.65,both,-0.0826999999999884,-0.1137040148378768,0
20210219,,72.5,fred_only,,,0
20210222,72.3664,72.48,both,0.1136000000000052,0.1569789294479278,0
20210223,72.3707,72.44,both,0.0692999999999983,0.0957569845255032,0
20210224,72.2923,72.38,both,0.0876999999999981,0.1213130582371817,0
20210225,72.4953,72.74,both,0.2446999999999946,0.337539123225912,0
20210226,73.0408,73.92,both,0.8791999999999973,1.2037108027294297,1
20210301,73.2948,73.4,both,0.1052000000000106,0.143529963926514,0
20210302,73.3507,73.29,both,-0.060699999999997,-0.0827531298269779,0
20210303,73.0662,72.85,both,-0.2162000000000006,-0.2958960504309799,0
20210304,72.7126,72.73,both,0.0174000000000091,0.0239298278427799,0
20210305,72.7572,73.21,both,0.4527999999999963,0.6223439054828888,1
20210308,73.0023,73.32,both,0.3176999999999879,0.4351917679305828,0
20210309,73.1181,72.89,both,-0.2280999999999977,-0.3119610602573067,0
20210310,72.9737,72.86,both,-0.1136999999999943,-0.1558095587862399,0
20210311,,72.69,fred_only,,,0
20210312,72.6845,72.71,both,0.0254999999999938,0.0350831332677446,0
20210315,72.7097,72.58,both,-0.1296999999999997,-0.1783806012127676,0
20210316,72.4811,72.52,both,0.0388999999999981,0.0536691634094931,0
20210317,72.5716,72.56,both,-0.0116000000000013,-0.0159842142105195,0
20210318,72.5248,72.63,both,0.1051999999999964,0.1450538298623318,0
20210319,72.5155,72.45,both,-0.0655000000000001,-0.0903255166136896,0
20210322,72.3772,72.37,both,-0.0071999999999974,-0.0099478841403058,0
20210323,72.2928,72.52,both,0.2271999999999963,0.3142774937476433,0
20210324,72.6558,72.59,both,-0.0657999999999958,-0.0905640017727364,0
20210325,72.6102,72.69,both,0.0797999999999916,0.1099019146070272,0
20210326,72.4046,72.65,both,0.2454000000000036,0.3389287420965016,0
20210329,,72.75,fred_only,,,0
20210330,73.0407,73.45,both,0.4093000000000018,0.5603725046446731,1
20210331,73.5047,73.14,both,-0.3646999999999991,-0.4961587490323736,0
20210401,,73.32,fred_only,,,0
20210402,,73.37,fred_only,,,0
20210405,73.433,73.29,both,-0.1430000000000006,-0.194735336973841,0
20210406,73.3141,73.49,both,0.1758999999999986,0.2399265625575416,0
20210407,74.1172,74.35,both,0.2327999999999974,0.3140971326493681,0
20210408,74.37,74.57,both,0.1999999999999886,0.2689256420599551,0
20210409,74.8899,74.72,both,-0.1698999999999983,-0.2268663731691435,0
20210412,74.8525,75.03,both,0.1774999999999948,0.2371330282889614,0
20210413,,75.27,fred_only,,,0
20210414,,75.07,fred_only,,,0
20210415,75.1699,74.81,both,-0.3598999999999961,-0.4787820656938431,0
20210416,74.5607,74.48,both,-0.0806999999999931,-0.10823396239573,0
20210419,74.8847,74.87,both,-0.0146999999999906,-0.0196301781271616,0
20210420,74.7296,75.38,both,0.6503999999999905,0.8703378580910248,1
20210421,,75.42,fred_only,,,0
20210422,74.9404,75.11,both,0.1696000000000026,0.2263131768712238,0
20210423,74.9144,74.97,both,0.0555999999999983,0.0742180408572962,0
20210426,74.7672,74.75,both,-0.0172000000000025,-0.0230047400464408,0
20210427,74.5993,74.58,both,-0.0193000000000012,-0.0258715564355177,0
20210428,74.4042,74.49,both,0.0857999999999918,0.1153160708669562,0
20210429,74.0573,74.07,both,0.0126999999999952,0.0171488833646315,0
20210430,74.0232,74.0,both,-0.0232000000000027,-0.0313415253596207,0
20210503,74.1812,73.82,both,-0.3612000000000108,-0.4869158223377497,0
20210504,73.8546,73.8,both,-0.0546000000000077,-0.0739290443655611,0
20210505,73.9666,73.81,both,-0.1565999999999974,-0.2117171804571217,0
20210506,73.9406,73.64,both,-0.3006000000000028,-0.4065425490190813,0
20210507,73.7443,73.27,both,-0.4742999999999995,-0.643168353350699,1
20210510,73.4135,73.41,both,-0.0035000000000025,-0.0047675155114556,0
20210511,73.4518,73.39,both,-0.0618000000000051,-0.0841368080836755,0
20210512,73.4389,73.53,both,0.0910999999999973,0.1240486989865007,0
20210513,,73.48,fred_only,,,0
20210514,73.3721,73.23,both,-0.1420999999999992,-0.1936703460852275,0
20210517,73.2423,73.3,both,0.0576999999999969,0.0787796123278446,0
20210518,73.0353,73.04,both,0.0046999999999997,0.0064352443270578,0
20210519,72.967,73.2,both,0.2330000000000041,0.3193224334288159,0
20210520,73.1168,73.03,both,-0.0867999999999966,-0.1187141669219613,0
20210521,73.0233,72.82,both,-0.2033000000000129,-0.2784042901375491,0
20210524,72.8961,72.86,both,-0.0361000000000046,-0.0495225396146085,0
20210525,72.8045,72.78,both,-0.0245000000000032,-0.0336517660309504,0
20210526,,72.71,fred_only,,,0
20210527,72.6404,72.59,both,-0.0503999999999962,-0.0693828778475837,0
20210528,72.4767,72.42,both,-0.0566999999999922,-0.0782320387103609,0
20210531,72.5211,,rbi_only,,,0
20210601,72.7714,72.83,both,0.0585999999999984,0.0805261407640892,0
20210602,73.2088,72.97,both,-0.2387999999999976,-0.3261902940630056,0
20210603,73.1197,73.01,both,-0.1096999999999894,-0.1500279678390221,0
20210604,73.0266,72.87,both,-0.1565999999999974,-0.2144424086565681,0
20210607,72.8087,72.8,both,-0.0087000000000045,-0.0119491214648861,0
20210608,72.8419,72.93,both,0.0881000000000113,0.1209468726104225,0
20210609,72.9769,72.98,both,0.0031000000000034,0.004247919547149,0
20210610,72.9947,73.1,both,0.1052999999999997,0.144257048799433,0
20210611,72.9844,73.24,both,0.2556000000000011,0.3502118260888644,0
20210614,73.1893,73.16,both,-0.0293000000000063,-0.0400331742481569,0
20210615,73.2765,73.35,both,0.0734999999999956,0.1003050091093265,0
20210616,73.3703,73.31,both,-0.060299999999998,-0.08218584359066,0
20210617,73.731,74.16,both,0.429000000000002,0.5818448142572352,1
20210618,74.1442,74.14,both,-0.0041999999999973,-0.0056646372878759,0
20210621,74.1522,74.18,both,0.0278000000000133,0.0374904588131078,0
20210622,74.13,74.37,both,0.2400000000000091,0.3237555645487779,0
20210623,74.3737,74.13,both,-0.243700000000004,-0.3276695928802843,0
20210624,74.2362,74.14,both,-0.096199999999996,-0.1295863743025586,0
20210625,74.179,74.14,both,-0.0390000000000014,-0.0525755267663374,0
20210628,74.2023,74.29,both,0.0877000000000123,0.1181904064968502,0
20210629,74.2183,74.29,both,0.0717000000000069,0.0966069015323808,0
20210630,74.3456,74.33,both,-0.0156000000000062,-0.0209830844058105,0
20210701,74.3943,74.56,both,0.165700000000001,0.2227321179176375,0
20210702,74.7747,74.51,both,-0.2646999999999906,-0.3539967395388956,0
20210705,74.393,,rbi_only,,,0
20210706,74.3289,74.58,both,0.2510999999999939,0.3378228387612273,0
20210707,74.7438,74.81,both,0.0662000000000091,0.08856921911919,0
20210708,74.6979,74.76,both,0.0621000000000009,0.0831348672452651,0
20210709,74.6446,74.53,both,-0.1145999999999958,-0.1535275157211584,0
20210712,74.466,74.56,both,0.0940000000000083,0.1262321059275485,0
20210713,74.4884,74.51,both,0.0216000000000065,0.0289978036848777,0
20210714,74.5708,74.54,both,-0.0307999999999992,-0.0413030301404829,0
20210715,74.5187,74.55,both,0.0313000000000016,0.0420028798140623,0
20210716,74.6232,74.61,both,-0.0131999999999976,-0.0176888688772361,0
20210719,74.7902,74.85,both,0.0597999999999956,0.0799569997138604,0
20210720,74.8596,74.6,both,-0.259600000000006,-0.3467825101924215,0
20210721,,74.49,fred_only,,,0
20210722,74.3679,74.46,both,0.0920999999999878,0.1238437551685443,0
20210723,74.4262,74.44,both,0.0138000000000033,0.0185418575716661,0
20210726,74.4578,74.35,both,-0.1078000000000116,-0.1447799961857745,0
20210727,74.416,74.5,both,0.0840000000000031,0.112878950763281,0
20210728,74.435,74.52,both,0.0849999999999937,0.1141935917243148,0
20210729,74.2822,74.25,both,-0.0322000000000031,-0.0433482045496809,0
20210730,74.3871,74.34,both,-0.0471000000000003,-0.0633174300382732,0
20210802,74.4035,74.35,both,-0.0534999999999996,-0.0719052195125224,0
20210803,74.2957,74.25,both,-0.0456999999999965,-0.0615109622764123,0
20210804,74.1493,74.15,both,0.000700000000009,0.0009440412788914,0
20210805,74.2644,74.1,both,-0.1644000000000005,-0.2213712088160687,0
20210806,74.1888,74.19,both,0.0011999999999972,0.0016174948240127,0
20210809,74.2261,74.31,both,0.0838999999999998,0.1130330166881997,0
20210810,74.3855,74.5,both,0.1145000000000067,0.1539278488415171,0
20210811,74.4276,74.25,both,-0.1775999999999982,-0.2386211566676854,0
20210812,74.2816,74.31,both,0.0284000000000048,0.0382328867445031,0
20210813,74.2971,74.24,both,-0.0571000000000054,-0.0768536053224223,0
20210816,,74.19,fred_only,,,0
20210817,74.2856,74.38,both,0.0943999999999931,0.1270771185801732,0
20210818,74.3002,74.27,both,-0.0302000000000077,-0.0406459201994177,0
20210819,,74.38,fred_only,,,0
20210820,74.4275,74.35,both,-0.0775000000000005,-0.1041281784286729,0
20210823,74.2765,74.12,both,-0.1564999999999941,-0.2106992117291392,0
20210824,74.1379,74.13,both,-0.0079000000000064,-0.0106558184140722,0
20210825,74.2992,74.23,both,-0.069199999999995,-0.0931369382173631,0
20210826,74.2578,74.13,both,-0.1278000000000076,-0.172103132600222,0
20210827,74.1332,73.47,both,-0.6632000000000033,-0.8946059255502302,1
20210830,73.5007,73.29,both,-0.2106999999999885,-0.2866639365339222,0
20210831,73.1536,72.95,both,-0.2035999999999944,-0.2783184969707498,0
20210901,72.9589,72.99,both,0.031099999999995,0.0426267391640979,0
20210902,72.9771,72.99,both,0.0129000000000019,0.0176767780577769,0
20210903,73.0651,72.98,both,-0.085099999999997,-0.1164714754376536,0
20210906,73.0589,,rbi_only,,,0
20210907,73.2814,73.44,both,0.1585999999999927,0.216425996228228,0
20210908,73.6519,73.84,both,0.1881000000000057,0.2553905601892221,0
20210909,73.6887,73.52,both,-0.1687000000000011,-0.2289360512534502,0
20210910,,73.52,fred_only,,,0
20210913,73.635,73.58,both,-0.0550000000000068,-0.0746927412236121,0
20210914,73.6214,73.64,both,0.0186000000000063,0.0252643932334978,0
20210915,73.6712,73.47,both,-0.2012,-0.273105365461673,0
20210916,73.4311,73.56,both,0.1289000000000015,0.1755387022664805,0
20210917,73.4927,73.64,both,0.1473000000000013,0.2004280697266549,0
20210920,73.6459,73.65,both,0.0041000000000082,0.0055671802503713,0
20210921,73.5907,73.71,both,0.1192999999999955,0.1621128756758605,0
20210922,73.8026,73.8,both,-0.002600000000001,-0.0035229111169539,0
20210923,73.7261,73.7,both,-0.0260999999999995,-0.0354013029307118,0
20210924,73.6935,73.81,both,0.116500000000002,0.1580872125764172,0
20210927,73.6567,73.86,both,0.2032999999999987,0.2760101932342865,0
20210928,73.7746,74.21,both,0.4353999999999871,0.5901760226419216,1
20210929,74.153,74.28,both,0.1269999999999953,0.171267514463333,0
20210930,74.2551,74.16,both,-0.0951000000000021,-0.1280720112153942,0
20211001,74.2644,74.15,both,-0.1143999999999891,-0.1540441988354974,0
20211004,74.2429,74.46,both,0.2170999999999878,0.2924185342975393,0
20211005,74.5307,74.51,both,-0.0206999999999908,-0.0277737898610785,0
20211006,74.6292,74.82,both,0.1907999999999958,0.2556640028299859,0
20211007,74.8607,74.85,both,-0.0106999999999999,-0.014293213929338,0
20211008,74.994,75.05,both,0.0559999999999973,0.0746726404779014,0
20211011,75.1283,,rbi_only,,,0
20211012,75.3424,75.46,both,0.1175999999999959,0.156087408949006,0
20211013,75.4576,75.33,both,-0.127600000000001,-0.1691015881766727,0
20211014,75.3039,75.18,both,-0.1238999999999919,-0.1645333110237211,0
20211015,,74.98,fred_only,,,0
20211018,75.3434,75.32,both,-0.0234000000000094,-0.0310577967015152,0
20211019,,75.06,fred_only,,,0
20211020,75.0507,74.83,both,-0.2207000000000079,-0.2940678767819725,0
20211021,74.7635,74.8,both,0.0365000000000037,0.048820614337215,0
20211022,74.7836,74.87,both,0.0863999999999975,0.1155333522323043,0
20211025,75.0191,75.05,both,0.0309000000000025,0.041189510404687,0
20211026,75.1167,74.9,both,-0.2166999999999888,-0.2884844515267428,0
20211027,74.9519,75.01,both,0.0581000000000102,0.0775163805053777,0
20211028,74.8216,74.77,both,-0.0516000000000076,-0.0689640424690298,0
20211029,74.7858,75.0,both,0.2142000000000052,0.2864180098360989,0
20211101,74.9298,74.83,both,-0.0998000000000018,-0.1331913337550639,0
20211102,74.7616,74.63,both,-0.1316000000000059,-0.1760261952660268,0
20211103,74.5684,74.51,both,-0.0583999999999917,-0.078317356950118,0
20211104,,74.53,fred_only,,,0
20211105,,74.22,fred_only,,,0
20211108,74.1106,73.91,both,-0.2006000000000085,-0.2706765294033627,0
20211109,73.9191,74.1,both,0.180899999999994,0.244727005604768,0
20211110,74.1659,74.26,both,0.0941000000000116,0.1268777160393275,0
20211111,74.4749,,rbi_only,,,0
20211112,74.4694,74.4,both,-0.0693999999999874,-0.0931926401985076,0
20211115,74.3548,74.35,both,-0.004800000000003,-0.0064555348141653,0
20211116,74.4535,74.48,both,0.0264999999999986,0.0355926853673751,0
20211117,74.3753,74.28,both,-0.0952999999999946,-0.1281339369387345,0
20211118,74.1552,74.25,both,0.0948000000000064,0.1278399896433513,0
20211119,,74.25,fred_only,,,0
20211122,74.3836,74.37,both,-0.0135999999999967,-0.0182836001484154,0
20211123,74.5042,74.49,both,-0.0142000000000024,-0.0190593281989504,0
20211124,74.4063,74.57,both,0.1636999999999915,0.2200082519894035,0
20211125,74.5068,,rbi_only,,,0
20211126,74.7148,74.89,both,0.1752000000000038,0.2344916937474286,0
20211129,75.091,75.12,both,0.0290000000000105,0.0386198079663482,0
20211130,75.0885,75.1,both,0.011499999999998,0.0153152613249672,0
20211201,74.9163,74.83,both,-0.0863000000000084,-0.1151952245372615,0
20211202,74.9989,74.89,both,-0.1089000000000055,-0.145202129631242,0
20211203,74.9852,75.24,both,0.2547999999999888,0.3398003872764076,0
20211206,75.2978,75.39,both,0.0922000000000053,0.1224471365697343,0
20211207,75.3532,75.43,both,0.0768000000000057,0.1019200246306802,0
20211208,75.4733,75.4,both,-0.073299999999989,-0.0971204386186758,0
20211209,75.4992,75.58,both,0.0807999999999964,0.1070210015470315,0
20211210,75.7189,75.66,both,-0.0589000000000083,-0.0777877121828346,0
20211213,75.706,75.78,both,0.073999999999998,0.097746545848411,0
20211214,75.8985,75.98,both,0.0815000000000054,0.1073802512566196,0
20211215,76.0433,76.38,both,0.3366999999999933,0.4427740510998251,0
20211216,76.2528,76.18,both,-0.0727999999999866,-0.0954719039825247,0
20211217,76.1733,75.98,both,-0.1932999999999936,-0.2537634577995092,0
20211220,75.9865,75.82,both,-0.1665000000000134,-0.2191178696215951,0
20211221,75.5925,75.67,both,0.0775000000000005,0.1025233984853002,0
20211222,75.5947,75.45,both,-0.1447000000000002,-0.1914155357452311,0
20211223,75.3481,75.02,both,-0.3281000000000063,-0.4354456184031266,0
20211224,75.1462,,rbi_only,,,0
20211227,75.1082,74.97,both,-0.1381999999999976,-0.1840012142482414,0
20211228,74.8528,74.67,both,-0.1828000000000003,-0.2442126413440783,0
20211229,74.7375,74.58,both,-0.1574999999999988,-0.2107375815353722,0
20211230,74.5823,74.39,both,-0.192300000000003,-0.2578359744872483,0
20211231,74.3025,,rbi_only,,,0
20220103,74.3115,74.32,both,0.0084999999999979,0.0114383372694642,0
20220104,74.5717,74.52,both,-0.0517000000000109,-0.0693292495678802,0
20220105,74.484,74.31,both,-0.1739999999999923,-0.2336072176574733,0
20220106,74.4398,74.4,both,-0.0397999999999996,-0.0534660222085492,0
20220107,74.2939,74.27,both,-0.0238999999999975,-0.0321695320880955,0
20220110,74.163,74.06,both,-0.1029999999999944,-0.1388832706335968,0
20220111,73.9319,73.81,both,-0.1218999999999965,-0.1648814652403043,0
20220112,73.9968,73.77,both,-0.2267999999999972,-0.3064997405293165,0
20220113,73.9348,73.96,both,0.0251999999999981,0.0340840848964197,0
20220114,74.1157,74.08,both,-0.0357000000000056,-0.0481679320306029,0
20220117,74.3134,,rbi_only,,,0
20220118,74.4115,74.56,both,0.1484999999999985,0.1995659273096208,0
20220119,74.5955,74.39,both,-0.2055000000000006,-0.2754857866761409,0
20220120,74.3618,74.32,both,-0.0418000000000091,-0.0562116570604923,0
20220121,74.5343,74.28,both,-0.2543000000000006,-0.3411851992975054,0
20220124,74.5788,74.72,both,0.1411999999999977,0.1893299436300902,0
20220125,74.7025,74.73,both,0.0275000000000034,0.0368126903383466,0
20220126,,74.87,fred_only,,,0
20220127,75.1724,75.18,both,0.0076000000000107,0.0101100935981965,0
20220128,74.9513,75.0,both,0.0486999999999966,0.0649755241069823,0
20220131,74.9674,74.6,both,-0.3674000000000035,-0.4900796879710427,0
20220201,74.5295,74.78,both,0.2505000000000024,0.3361085207870741,0
20220202,74.8334,74.77,both,-0.0634000000000014,-0.0847215280877274,0
20220203,74.857,74.71,both,-0.1470000000000055,-0.1963744205618787,0
20220204,74.7231,74.61,both,-0.1131000000000028,-0.1513588167514502,0
20220207,,74.68,fred_only,,,0
20220208,74.69,74.71,both,0.019999999999996,0.0267773463649699,0
20220209,74.818,74.8,both,-0.0180000000000006,-0.0240583816728603,0
20220210,74.9367,75.07,both,0.1332999999999913,0.1778834669794524,0
20220211,75.3542,75.34,both,-0.0142000000000024,-0.0188443378073185,0
20220214,75.5533,75.63,both,0.0767000000000024,0.1015177364853718,0
20220215,75.6611,75.2,both,-0.4611000000000018,-0.6094280944897733,1
20220216,75.0815,75.03,both,-0.0515000000000043,-0.0685921298855301,0
20220217,75.0866,75.02,both,-0.0666000000000082,-0.0886975838565179,0
20220218,74.9223,74.63,both,-0.2923000000000115,-0.3901375157997172,0
20220221,74.4797,,rbi_only,,,0
20220222,74.8804,74.65,both,-0.2303999999999888,-0.3076906640455831,0
20220223,74.6224,74.6,both,-0.0224000000000046,-0.0300177962649347,0
20220224,75.2578,75.61,both,0.3521999999999963,0.4679913577064387,0
20220225,75.2842,75.09,both,-0.194199999999995,-0.257955852622456,0
20220228,75.4882,75.49,both,0.0017999999999886,0.0023844786337317,0
20220301,,75.79,fred_only,,,0
20220302,75.72,75.61,both,-0.1099999999999994,-0.1452720549392491,0
20220303,75.7111,75.94,both,0.2288999999999958,0.3023334755405692,0
20220304,76.1246,76.42,both,0.2954000000000008,0.3880480160158487,0
20220307,76.9239,76.91,both,-0.0139000000000066,-0.0180698066530775,0
20220308,76.8816,77.07,both,0.1883999999999872,0.2450521321096169,0
20220309,76.8567,76.36,both,-0.4967000000000041,-0.6462676643675881,1
20220310,76.116,76.37,both,0.2540000000000049,0.3337011929160819,0
20220311,76.4359,76.48,both,0.0441000000000002,0.057695402291332,0
20220314,76.6086,76.45,both,-0.1585999999999927,-0.2070263651861445,0
20220315,76.4879,76.41,both,-0.0778999999999996,-0.1018461743622189,0
20220316,76.3482,76.17,both,-0.1782000000000039,-0.2334043238740453,0
20220317,75.8935,75.94,both,0.0464999999999946,0.0612700692417593,0
20220318,,76.03,fred_only,,,0
20220321,76.1347,76.19,both,0.0553000000000025,0.0726344229372448,0
20220322,76.3807,76.06,both,-0.3207000000000022,-0.4198704646592688,0
20220323,76.1872,76.46,both,0.2727999999999895,0.3580653968120491,0
20220324,76.3403,76.18,both,-0.1602999999999923,-0.2099808358101715,0
20220325,76.1781,76.25,both,0.0718999999999994,0.0943840815142402,0
20220328,76.2569,76.06,both,-0.1968999999999994,-0.2582061426572538,0
20220329,75.9731,75.58,both,-0.393100000000004,-0.5174199815461051,1
20220330,75.7678,75.76,both,-0.0077999999999889,-0.0102946106393334,0
20220331,75.8071,75.87,both,0.062899999999999,0.082973758394661,0
20220401,,75.96,fred_only,,,0
20220404,75.5565,75.42,both,-0.136499999999998,-0.180659506462049,0
20220405,75.3899,75.31,both,-0.0798999999999949,-0.1059823663381898,0
20220406,75.6016,75.92,both,0.3183999999999969,0.4211551078284016,0
20220407,75.8029,75.9,both,0.0971000000000117,0.1280953631061763,0
20220408,75.7811,75.93,both,0.1489000000000118,0.1964869868608555,0
20220411,75.9627,75.85,both,-0.1127000000000038,-0.1483622883336213,0
20220412,76.1127,76.02,both,-0.0927000000000077,-0.1217930778963402,0
20220413,76.2248,76.14,both,-0.0848000000000013,-0.111249881928193,0
20220414,,76.19,fred_only,,,0
20220415,,76.32,fred_only,,,0
20220418,76.3737,76.22,both,-0.1537000000000006,-0.2012472880062124,0
20220419,76.2797,76.39,both,0.1102999999999951,0.1445994150475096,0
20220420,76.4183,76.24,both,-0.1783000000000072,-0.2333210762343669,0
20220421,76.2091,76.23,both,0.0208999999999974,0.0274245464124329,0
20220422,76.3279,76.49,both,0.1620999999999952,0.212373195122616,0
20220425,76.7366,76.72,both,-0.0165999999999968,-0.0216324413643513,0
20220426,76.5612,76.61,both,0.0487999999999999,0.0637398577869729,0
20220427,76.6414,76.61,both,-0.0314000000000049,-0.0409700240340142,0
20220428,76.6167,76.66,both,0.0433000000000021,0.0565150939677669,0
20220429,76.4242,76.48,both,0.0558000000000049,0.0730135218949036,0
20220502,76.4346,76.49,both,0.0553999999999916,0.072480264173544,0
20220503,,76.49,fred_only,,,0
20220504,76.4841,76.24,both,-0.2441000000000031,-0.3191513007278678,0
20220505,76.0887,76.54,both,0.4513000000000033,0.5931235518546162,1
20220506,76.747,76.9,both,0.1530000000000058,0.1993563266316674,0
20220509,77.3679,77.45,both,0.0820999999999969,0.1061163609197056,0
20220510,77.3537,77.31,both,-0.0437000000000011,-0.0564937423807797,0
20220511,77.2641,77.28,both,0.015900000000002,0.0205787681471757,0
20220512,77.5868,77.39,both,-0.1967999999999961,-0.2536513943093362,0
20220513,77.3543,77.42,both,0.0657000000000067,0.0849338692225341,0
20220516,,77.82,fred_only,,,0
20220517,77.651,77.46,both,-0.1910000000000025,-0.2459723635239759,0
20220518,77.5716,77.71,both,0.1383999999999901,0.1784158119724101,0
20220519,77.6999,77.45,both,-0.2498999999999966,-0.321622035549591,0
20220520,77.5829,77.79,both,0.2071000000000111,0.2669402664762611,0
20220523,77.589,77.51,both,-0.0789999999999935,-0.1018185567541707,0
20220524,77.6352,77.5,both,-0.1351999999999975,-0.1741478092411658,0
20220525,77.5137,77.58,both,0.0662999999999982,0.0855332670224724,0
20220526,77.6262,77.66,both,0.0337999999999993,0.0435419999948463,0
20220527,77.6592,77.58,both,-0.0792000000000001,-0.101984053402559,0
20220530,77.5115,,rbi_only,,,0
20220531,77.6641,77.59,both,-0.0741000000000013,-0.0954108783852531,0
20220601,77.5554,77.59,both,0.0345999999999975,0.0446132699979595,0
20220602,77.5883,77.41,both,-0.1783000000000072,-0.2298026893230129,0
20220603,77.5994,77.59,both,-0.0093999999999994,-0.0121134957229043,0
20220606,77.6718,77.83,both,0.1581999999999936,0.2036775251764394,0
20220607,77.7239,77.66,both,-0.0639000000000038,-0.0822140937343646,0
20220608,77.7251,77.65,both,-0.0750999999999919,-0.0966225839529212,0
20220609,77.787,77.84,both,0.0529999999999972,0.0681347783048546,0
20220610,77.84,78.08,both,0.2399999999999948,0.3083247687564168,0
20220613,78.143,78.08,both,-0.0630000000000023,-0.0806214248237236,0
20220614,78.0015,78.01,both,0.0085000000000121,0.0108972263354065,0
20220615,78.0755,78.12,both,0.0444999999999993,0.0569961127370293,0
20220616,78.0864,78.0,both,-0.0863999999999975,-0.1106466683058734,0
20220617,78.0875,78.0,both,-0.0875000000000056,-0.1120537858171995,0
20220620,77.996,,rbi_only,,,0
20220621,78.0861,78.08,both,-0.0061000000000035,-0.007811889696122,0
20220622,78.2115,78.21,both,-0.0015000000000071,-0.0019178765271183,0
20220623,78.2662,78.14,both,-0.1261999999999972,-0.1612445730085237,0
20220624,78.3308,78.25,both,-0.0807999999999964,-0.1031522721585844,0
20220627,78.289,78.45,both,0.1610000000000013,0.2056483030821716,0
20220628,78.6966,78.97,both,0.2733999999999952,0.3474101803635674,0
20220629,78.9376,78.91,both,-0.0276000000000067,-0.0349643262526435,0
20220630,78.9421,79.02,both,0.0778999999999996,0.0986799185732323,0
20220701,79.094,78.89,both,-0.2039999999999935,-0.257920954813252,0
20220704,78.9866,,rbi_only,,,0
20220705,79.079,79.27,both,0.1910000000000025,0.2415306212774599,0
20220706,79.332,79.02,both,-0.3119999999999976,-0.3932839207381607,0
20220707,79.0235,79.12,both,0.096500000000006,0.1221155732155701,0
20220708,79.2499,79.25,both,0.0001000000000033,0.0001261831245254,0
20220711,79.4098,79.46,both,0.0501999999999895,0.063216378834841,0
20220712,79.6401,79.45,both,-0.190100000000001,-0.2386988464354025,0
20220713,79.6592,79.68,both,0.0208000000000083,0.026111233856238,0
20220714,79.871,79.94,both,0.0690000000000026,0.0863893027506887,0
20220715,79.8797,79.74,both,-0.1397000000000048,-0.1748879878116778,0
20220718,79.8958,79.99,both,0.0942000000000007,0.1179035693991433,0
20220719,79.9478,79.88,both,-0.0678000000000054,-0.0848053354814083,0
20220720,79.9738,79.96,both,-0.0138000000000033,-0.0172556512257806,0
20220721,79.9763,79.85,both,-0.1263000000000005,-0.157921784328608,0
20220722,79.9101,79.83,both,-0.0801000000000016,-0.100237642050256,0
20220725,79.8488,79.79,both,-0.0587999999999908,-0.0736391780464964,0
20220726,79.7948,79.82,both,0.0251999999999981,0.031581005278537,0
20220727,79.8967,79.92,both,0.023300000000006,0.029162656279929,0
20220728,79.7434,79.64,both,-0.1033999999999935,-0.1296659033850996,0
20220729,79.4203,79.33,both,-0.0902999999999991,-0.113698890585907,0
20220801,79.169,78.93,both,-0.2389999999999901,-0.3018858391542019,0
20220802,78.6082,78.49,both,-0.1182000000000016,-0.150365992351945,0
20220803,78.8427,79.13,both,0.2873000000000019,0.3643964501469405,0
20220804,79.5427,79.23,both,-0.3126999999999924,-0.3931221846882145,0
20220805,79.1158,79.36,both,0.2442000000000064,0.3086614810189702,0
20220808,79.5785,79.58,both,0.0014999999999929,0.0018849312314167,0
20220809,,79.65,fred_only,,,0
20220810,79.5033,79.07,both,-0.4333000000000027,-0.5450088235331145,1
20220811,79.4881,79.54,both,0.0519000000000033,0.0652927922544423,0
20220812,79.7011,79.65,both,-0.051099999999991,-0.0641145479798786,0
20220815,,79.48,fred_only,,,0
20220816,,79.31,fred_only,,,0
20220817,79.4335,79.41,both,-0.0234999999999985,-0.0295844952066804,0
20220818,79.6667,79.66,both,-0.0067000000000092,-0.0084100383221713,0
20220819,79.7528,79.89,both,0.1372000000000071,0.1720315775747147,0
20220822,79.8703,79.86,both,-0.0103000000000008,-0.0128959074900192,0
20220823,79.8903,79.81,both,-0.080299999999994,-0.1005128282156833,0
20220824,79.7927,79.82,both,0.0272999999999967,0.0342136561364595,0
20220825,79.8705,79.9,both,0.0294999999999987,0.0369347881883783,0
20220826,79.9097,79.87,both,-0.0396999999999962,-0.0496810775162418,0
20220829,80.0906,79.96,both,-0.1306000000000011,-0.1630653285154576,0
20220830,79.7194,79.6,both,-0.1193999999999988,-0.1497753369945068,0
20220831,,79.45,fred_only,,,0
20220901,79.397,79.65,both,0.2530000000000001,0.3186518382306637,0
20220902,79.7888,79.7,both,-0.088799999999992,-0.1112938156733677,0
20220905,79.8936,,rbi_only,,,0
20220906,79.8893,79.86,both,-0.0293000000000063,-0.0366757500691661,0
20220907,79.922,79.82,both,-0.1020000000000038,-0.1276244338229822,0
20220908,79.6712,79.71,both,0.0387999999999948,0.0487001576479265,0
20220909,79.6358,79.61,both,-0.0258000000000038,-0.032397489571278,0
20220912,79.6776,79.35,both,-0.3276000000000039,-0.4111569625591181,0
20220913,79.064,79.49,both,0.4260000000000019,0.5388040068805043,1
20220914,79.5837,79.41,both,-0.1736999999999966,-0.2182607745053279,0
20220915,79.583,79.82,both,0.2369999999999947,0.2978022944598655,0
20220916,79.818,79.66,both,-0.1580000000000012,-0.1979503370167146,0
20220919,79.6657,79.71,both,0.0442999999999926,0.0556073692944299,0
20220920,79.6778,79.72,both,0.042199999999994,0.0529633097299298,0
20220921,79.9226,79.96,both,0.0373999999999909,0.0467952744279978,0
20220922,80.7246,81.0,both,0.2754000000000047,0.3411599438089563,0
20220923,80.9165,81.11,both,0.1935000000000002,0.2391354050162825,0
20220926,81.575,81.6,both,0.0249999999999914,0.0306466441924504,0
20220927,81.372,81.63,both,0.2579999999999955,0.317062380179909,0
20220928,81.9005,81.61,both,-0.2904999999999944,-0.3546986892631845,0
20220929,81.8633,81.54,both,-0.323299999999989,-0.3949266643294236,0
20220930,81.5522,81.37,both,-0.1821999999999946,-0.2234151868373809,0
20221003,81.7417,81.56,both,-0.1816999999999922,-0.2222855653846105,0
20221004,81.4267,81.45,both,0.023300000000006,0.0286146927236472,0
20221005,,81.5,fred_only,,,0
20221006,81.7044,82.06,both,0.3555999999999955,0.43522747856908,0
20221007,82.4,82.32,both,-0.0800000000000125,-0.0970873786407918,0
20221010,82.4028,,rbi_only,,,0
20221011,82.3901,82.22,both,-0.170100000000005,-0.2064568437227349,0
20221012,82.2411,82.25,both,0.008899999999997,0.0108218396884246,0
20221013,82.4013,82.28,both,-0.121300000000005,-0.1472064154327723,0
20221014,82.3877,82.28,both,-0.1076999999999941,-0.1307233968177217,0
20221017,82.4047,82.16,both,-0.2447000000000088,-0.2969490817878213,0
20221018,82.2279,82.29,both,0.0621000000000009,0.0755218119397442,0
20221019,82.3735,82.95,both,0.5764999999999958,0.6998609989863194,1
20221020,83.2042,82.66,both,-0.5442000000000036,-0.6540535213366676,1
20221021,82.8619,82.58,both,-0.2819000000000073,-0.3402046054942106,0
20221024,,82.68,fred_only,,,0
20221025,82.7626,82.44,both,-0.3226000000000084,-0.3897895909505119,0
20221026,,82.73,fred_only,,,0
20221027,82.3889,82.36,both,-0.0289000000000072,-0.0350775407852359,0
20221028,82.4092,82.33,both,-0.0792000000000001,-0.0961057745979819,0
20221031,82.3934,82.73,both,0.3366000000000042,0.4085278675233746,0
20221101,82.7126,82.62,both,-0.0925999999999902,-0.11195392237699,0
20221102,82.765,82.72,both,-0.0450000000000017,-0.0543708089168147,0
20221103,82.8835,82.76,both,-0.1234999999999928,-0.1490043253482211,0
20221104,82.5287,82.03,both,-0.4986999999999995,-0.6042746341575712,1
20221107,82.2112,81.95,both,-0.2612000000000023,-0.3177182670974299,0
20221108,,81.27,fred_only,,,0
20221109,81.48,81.25,both,-0.2300000000000039,-0.282277859597452,0
20221110,81.7421,80.72,both,-1.022099999999995,-1.2503960627387782,1
20221111,80.6483,,rbi_only,,,0
20221114,81.2332,80.98,both,-0.2531999999999925,-0.311695218211264,0
20221115,81.428,80.94,both,-0.4879999999999995,-0.5993024512452714,1
20221116,81.3354,81.46,both,0.1245999999999867,0.1531928287067952,0
20221117,81.6335,81.69,both,0.0564999999999997,0.0692117819277622,0
20221118,81.6975,81.76,both,0.0625,0.076501728939074,0
20221121,81.7732,81.68,both,-0.0931999999999959,-0.1139737713578482,0
20221122,81.7742,81.69,both,-0.0841999999999956,-0.1029664613044158,0
20221123,81.8165,81.71,both,-0.1065000000000111,-0.130169342369829,0
20221124,81.7655,,rbi_only,,,0
20221125,81.5289,81.73,both,0.2011000000000109,0.2466609999644432,0
20221128,81.7545,81.61,both,-0.1444999999999936,-0.1767486805007597,0
20221129,81.7121,81.61,both,-0.1021000000000071,-0.1249508946655479,0
20221130,81.597,81.43,both,-0.1669999999999873,-0.2046643871710815,0
20221201,81.1512,81.17,both,0.0187999999999988,0.0231666321631704,0
20221202,81.1771,81.41,both,0.2329000000000007,0.2869035725592572,0
20221205,81.5855,81.77,both,0.1844999999999999,0.2261431259231112,0
20221206,82.28,82.42,both,0.1400000000000005,0.1701507049100638,0
20221207,82.5391,82.31,both,-0.2291000000000025,-0.2775654205097977,0
20221208,82.2844,82.29,both,0.0056000000000011,0.0068056642571388,0
20221209,82.2092,82.46,both,0.2507999999999981,0.3050753443653485,0
20221212,82.6425,82.67,both,0.0275000000000034,0.033275856853318,0
20221213,82.7154,82.49,both,-0.2254000000000076,-0.2725006467961318,0
20221214,82.517,82.5,both,-0.0169999999999959,-0.0206018153834917,0
20221215,82.4822,82.75,both,0.267799999999994,0.3246761119368713,0
20221216,82.8184,82.71,both,-0.1084000000000031,-0.130888787998806,0
20221219,82.6405,82.65,both,0.0095000000000027,0.0114955742039347,0
20221220,82.7902,82.58,both,-0.2102000000000004,-0.2538947846484251,0
20221221,82.7736,82.81,both,0.0364000000000004,0.0439753737906777,0
20221222,82.6679,82.93,both,0.2621000000000038,0.3170517214057738,0
20221223,82.8685,82.86,both,-0.0084999999999979,-0.0102572147438386,0
20221226,82.7373,,rbi_only,,,0
20221227,82.7936,82.88,both,0.0863999999999975,0.1043558922428757,0
20221228,82.9183,82.74,both,-0.1783000000000072,-0.215030940094053,0
20221229,82.8346,82.83,both,-0.0045999999999963,-0.0055532350008286,0
20221230,82.7862,82.72,both,-0.0661999999999949,-0.0799650183243039,0
20230102,82.6287,,rbi_only,,,0
20230103,82.7817,82.86,both,0.0782999999999987,0.0945861222951433,0
20230104,82.9052,82.72,both,-0.1851999999999947,-0.2233876765269183,0
20230105,82.6973,82.57,both,-0.1273000000000053,-0.1539348926748579,0
20230106,82.6348,82.72,both,0.0852000000000003,0.1031042611587374,0
20230109,82.3662,82.36,both,-0.0062000000000068,-0.0075273595236964,0
20230110,82.2108,81.6,both,-0.6108000000000118,-0.7429680771869532,1
20230111,81.7029,81.6,both,-0.1029000000000053,-0.1259441219344788,0
20230112,81.7187,81.19,both,-0.5287000000000006,-0.6469755392584569,1
20230113,81.4328,81.31,both,-0.122799999999998,-0.1507991865685547,0
20230116,81.3719,,rbi_only,,,0
20230117,81.7727,81.57,both,-0.2027000000000072,-0.2478822394271036,0
20230118,81.648,81.33,both,-0.3179999999999978,-0.3894767783656646,0
20230119,81.3577,81.28,both,-0.077699999999993,-0.0955041747738603,0
20230120,81.2196,80.99,both,-0.2296000000000049,-0.2826903850794696,0
20230123,81.2757,81.41,both,0.1342999999999961,0.1652400409962585,0
20230124,81.602,81.53,both,-0.0720000000000027,-0.0882331315408969,0
20230125,,81.49,fred_only,,,0
20230126,,81.59,fred_only,,,0
20230127,,81.54,fred_only,,,0
20230130,81.6552,81.47,both,-0.1851999999999947,-0.2268073558083192,0
20230131,81.7387,81.69,both,-0.0486999999999966,-0.0595801009803148,0
20230201,81.8494,81.73,both,-0.1193999999999988,-0.1458776728968066,0
20230202,81.9536,82.03,both,0.0764000000000066,0.093223482555991,0
20230203,82.2296,82.21,both,-0.0196000000000111,-0.0238356990670162,0
20230206,82.454,82.77,both,0.3160000000000025,0.3832439905886949,0
20230207,82.6959,82.81,both,0.1141000000000076,0.1379754014407094,0
20230208,82.6746,82.65,both,-0.0245999999999924,-0.0297552089759036,0
20230209,82.6103,82.44,both,-0.1702999999999974,-0.2061486279555908,0
20230210,82.5787,82.47,both,-0.1086999999999989,-0.1316320068007838,0
20230213,82.7046,82.72,both,0.0153999999999996,0.0186204878567814,0
20230214,82.7163,82.86,both,0.1436999999999955,0.1737263393067575,0
20230215,82.8621,82.78,both,-0.0820999999999969,-0.099080279162605,0
20230216,82.6414,82.74,both,0.0985999999999904,0.1193106602743787,0
20230217,82.8085,82.73,both,-0.0784999999999911,-0.0947970317056716,0
20230220,82.6902,,rbi_only,,,0
20230221,82.7562,82.85,both,0.0937999999999874,0.1133449820073752,0
20230222,82.8434,82.78,both,-0.0634000000000014,-0.0765299347926346,0
20230223,82.7628,82.59,both,-0.1727999999999951,-0.2087894561324594,0
20230224,82.7432,82.97,both,0.2267999999999972,0.2741010741668164,0
20230227,82.9145,82.69,both,-0.2245000000000061,-0.2707608440019612,0
20230228,82.6816,82.57,both,-0.1116000000000099,-0.1349756173078531,0
20230301,82.5467,82.43,both,-0.1166999999999944,-0.1413745189086838,0
20230302,82.5555,82.41,both,-0.1454999999999984,-0.1762450714973544,0
20230303,82.2643,81.98,both,-0.2843000000000018,-0.3455934105073546,0
20230306,81.7448,81.77,both,0.0251999999999981,0.0308276489758346,0
20230307,,81.93,fred_only,,,0
20230308,82.089,81.86,both,-0.2289999999999992,-0.2789655130407231,0
20230309,81.9159,82.02,both,0.1041000000000025,0.1270815555954369,0
20230310,82.0147,81.93,both,-0.084699999999998,-0.1032741691428463,0
20230313,81.9132,82.19,both,0.2767999999999944,0.3379186748899986,0
20230314,82.3619,82.25,both,-0.1119000000000056,-0.1358637913889865,0
20230315,82.4955,82.84,both,0.3444999999999965,0.4175985356776993,0
20230316,82.6841,82.63,both,-0.0541000000000053,-0.0654297500970626,0
20230317,82.4663,82.56,both,0.0936999999999983,0.1136221705108612,0
20230320,82.503,82.55,both,0.046999999999997,0.0569676254196781,0
20230321,82.6799,82.59,both,-0.0899,-0.1087325940161999,0
20230322,,82.66,fred_only,,,0
20230323,82.159,82.07,both,-0.0890000000000128,-0.1083265375674154,0
20230324,82.2378,82.34,both,0.1022000000000105,0.1242737524593441,0
20230327,82.3558,82.24,both,-0.1158000000000072,-0.1406094045592505,0
20230328,82.2068,82.17,both,-0.0367999999999995,-0.0447651532476626,0
20230329,82.3603,82.18,both,-0.1802999999999883,-0.2189161525637817,0
20230330,,82.34,fred_only,,,0
20230331,82.2169,82.19,both,-0.0268999999999977,-0.0327183340651346,0
20230403,82.3867,82.24,both,-0.1467000000000098,-0.1780627212887636,0
20230404,,82.33,fred_only,,,0
20230405,82.1892,81.89,both,-0.299199999999999,-0.3640380974629258,0
20230406,81.9753,81.86,both,-0.1153000000000048,-0.1406521232615249,0
20230407,,81.85,fred_only,,,0
20230410,81.9105,82.01,both,0.0995000000000061,0.1214740478937451,0
20230411,82.0881,82.04,both,-0.0480999999999909,-0.0585955820636498,0
20230412,82.0712,81.98,both,-0.0912000000000006,-0.1111230248857097,0
20230413,81.9755,81.65,both,-0.325499999999991,-0.3970698562375235,0
20230414,,81.88,fred_only,,,0
20230417,81.9456,81.98,both,0.034400000000005,0.0419790690409309,0
20230418,82.0734,82.08,both,0.0065999999999917,0.0080415822909636,0
20230419,82.1202,82.18,both,0.0598000000000098,0.0728200856792967,0
20230420,82.1635,82.1,both,-0.0635000000000047,-0.0772849257882207,0
20230421,82.1542,82.06,both,-0.0942000000000007,-0.1146624274839274,0
20230424,82.0495,81.9,both,-0.149499999999989,-0.1822070823100556,0
20230425,81.8994,81.92,both,0.0206000000000017,0.0251528094222933,0
20230426,81.9155,81.74,both,-0.1754999999999995,-0.2142451672760339,0
20230427,81.6526,81.84,both,0.1873999999999966,0.2295089194955172,0
20230428,81.7829,81.84,both,0.0571000000000054,0.0698189963916729,0
20230501,,81.84,fred_only,,,0
20230502,81.7625,81.89,both,0.1274999999999977,0.1559394587983461,0
20230503,81.8552,81.83,both,-0.0251999999999981,-0.0307860710132015,0
20230504,81.7353,81.73,both,-0.0052999999999912,-0.0064843464206911,0
20230505,,81.81,fred_only,,,0
20230508,81.7606,81.78,both,0.0194000000000045,0.0237278102166624,0
20230509,82.0231,82.04,both,0.0169000000000068,0.0206039518135827,0
20230510,82.024,81.94,both,-0.0840000000000031,-0.1024090510094645,0
20230511,82.0431,82.13,both,0.0868999999999999,0.105919937203738,0
20230512,82.1606,82.17,both,0.0093999999999994,0.0114410070033561,0
20230515,82.2841,82.3,both,0.015900000000002,0.0193232957521587,0
20230516,82.2735,82.26,both,-0.0134999999999934,-0.0164086856642702,0
20230517,82.3695,82.39,both,0.0204999999999984,0.0248878529067171,0
20230518,82.4783,82.77,both,0.2916999999999916,0.3536687831829604,0
20230519,82.6989,82.65,both,-0.048899999999989,-0.059130169808775,0
20230522,82.7982,82.83,both,0.031800000000004,0.0384066320282373,0
20230523,82.7961,82.84,both,0.0439000000000078,0.0530218210761229,0
20230524,82.7207,82.66,both,-0.060699999999997,-0.0733794564117531,0
20230525,82.7477,82.76,both,0.0123000000000104,0.0148644614895766,0
20230526,82.7182,82.58,both,-0.1381999999999976,-0.1670732680353267,0
20230529,82.5497,,rbi_only,,,0
20230530,82.7332,82.67,both,-0.0631999999999948,-0.0763901311686177,0
20230531,82.6773,82.68,both,0.0027000000000043,0.0032657089672792,0
20230601,82.4562,82.41,both,-0.0461999999999989,-0.056029746701884,0
20230602,82.3175,82.35,both,0.0324999999999988,0.0394812767637487,0
20230605,82.5768,82.67,both,0.0931999999999959,0.1128646302593415,0
20230606,82.6396,82.61,both,-0.029600000000002,-0.0358181791780236,0
20230607,82.5339,82.5,both,-0.0339000000000027,-0.0410740313980106,0
20230608,82.5795,82.57,both,-0.0095000000000027,-0.0115040657790404,0
20230609,82.4251,82.46,both,0.0348999999999932,0.0423414712265963,0
20230612,82.4553,82.43,both,-0.0252999999999872,-0.0306832914318269,0
20230613,82.3907,82.38,both,-0.0106999999999999,-0.0129869026479929,0
20230614,82.3141,82.1,both,-0.2141000000000019,-0.2601012463235362,0
20230615,82.1982,82.18,both,-0.0181999999999931,-0.0221416040740467,0
20230616,81.8834,81.89,both,0.0066000000000059,0.00806024175841,0
20230619,81.9658,,rbi_only,,,0
20230620,82.1157,82.11,both,-0.0057000000000044,-0.0069414253303624,0
20230621,82.0951,82.04,both,-0.0550999999999959,-0.0671172822738457,0
20230622,81.9188,81.93,both,0.0112000000000023,0.0136720752745429,0
20230623,82.051,82.01,both,-0.0409999999999968,-0.0499689217681647,0
20230626,81.9729,82.0,both,0.0271000000000043,0.0330597063175809,0
20230627,81.962,81.98,both,0.0180000000000006,0.0219613967448338,0
20230628,82.0124,82.0,both,-0.0123999999999995,-0.0151196648311712,0
20230629,,82.05,fred_only,,,0
20230630,82.0428,82.06,both,0.0172000000000025,0.0209646672224772,0
20230703,81.863,81.96,both,0.0969999999999942,0.1184906490111457,0
20230704,81.9689,,rbi_only,,,0
20230705,82.1616,82.34,both,0.1783999999999963,0.217133064594648,0
20230706,82.4572,82.49,both,0.0327999999999946,0.0397782122119046,0
20230707,82.6773,82.74,both,0.0626999999999924,0.0758370193511307,0
20230710,82.6335,82.57,both,-0.0635000000000047,-0.0768453472260097,0
20230711,82.3533,82.39,both,0.0366999999999961,0.0445640915421679,0
20230712,82.2817,82.03,both,-0.2516999999999996,-0.3059003399297773,0
20230713,82.1201,82.04,both,-0.0800999999999874,-0.0975400663174879,0
20230714,82.1021,82.16,both,0.0579000000000036,0.0705219476724756,0
20230717,82.146,82.03,both,-0.1159999999999996,-0.1412119884108778,0
20230718,82.0486,82.03,both,-0.0185999999999921,-0.0226694910089778,0
20230719,82.1029,82.09,both,-0.0129000000000019,-0.0157119906848624,0
20230720,82.0446,81.99,both,-0.0546000000000077,-0.0665491695980085,0
20230721,82.0217,81.99,both,-0.0317000000000007,-0.0386483089231273,0
20230724,81.9246,81.81,both,-0.1145999999999958,-0.1398847232699284,0
20230725,81.8088,81.87,both,0.0611999999999994,0.0748085780502824,0
20230726,81.988,81.99,both,0.0019999999999953,0.0024393813728781,0
20230727,81.9923,82.15,both,0.1577000000000055,0.1923351339089225,0
20230728,82.2465,82.22,both,-0.0264999999999986,-0.0322202160578245,0
20230731,82.2481,82.24,both,-0.0080999999999988,-0.0098482518137183,0
20230801,82.2833,82.25,both,-0.033299999999997,-0.0404699373992012,0
20230802,82.5347,82.58,both,0.0452999999999974,0.0548860055225225,0
20230803,82.7171,82.74,both,0.0228999999999928,0.0276847229895545,0
20230804,82.7978,82.83,both,0.0322000000000031,0.0388899221960041,0
20230807,82.7431,82.75,both,0.0069000000000016,0.0083390639219483,0
20230808,82.7968,82.85,both,0.0531999999999897,0.0642536909638895,0
20230809,82.8166,82.84,both,0.0234000000000094,0.0282552048743964,0
20230810,82.8372,82.69,both,-0.147199999999998,-0.1776979424702887,0
20230811,82.7796,82.87,both,0.0904000000000024,0.1092056497011371,0
20230814,82.9521,83.17,both,0.2179000000000002,0.2626817163158017,0
20230815,,82.94,fred_only,,,0
20230816,,83.19,fred_only,,,0
20230817,83.1263,83.09,both,-0.0362999999999971,-0.0436684899965439,0
20230818,83.0905,83.14,both,0.0494999999999947,0.0595735974630009,0
20230821,83.1146,83.1,both,-0.0146000000000015,-0.0175661075190177,0
20230822,83.067,82.94,both,-0.1269999999999953,-0.152888632068084,0
20230823,82.9218,82.69,both,-0.2318000000000069,-0.2795404827198721,0
20230824,82.5517,82.57,both,0.0182999999999964,0.0221679262813442,0
20230825,82.6523,82.64,both,-0.0122999999999962,-0.0148816185393463,0
20230828,82.6126,82.6,both,-0.0126000000000061,-0.01525191072549,0
20230829,82.6498,82.7,both,0.0502000000000038,0.0607381990035109,0
20230830,82.7698,82.73,both,-0.0397999999999996,-0.0480851711614618,0
20230831,82.6784,82.78,both,0.1016000000000048,0.1228857839532511,0
20230901,82.6648,82.69,both,0.0251999999999981,0.0304845593287567,0
20230904,82.7373,,rbi_only,,,0
20230905,82.944,83.03,both,0.0859999999999985,0.1036844135802451,0
20230906,83.0902,83.14,both,0.0498000000000047,0.059934865964945,0
20230907,83.1829,83.21,both,0.0270999999999901,0.0325788112700929,0
20230908,83.1589,82.93,both,-0.2288999999999958,-0.2752561662070997,0
20230911,82.8809,83.03,both,0.1491000000000042,0.1798966951372442,0
20230912,82.976,82.86,both,-0.1159999999999996,-0.1397994600848434,0
20230913,82.9527,82.93,both,-0.0226999999999861,-0.0273649923389909,0
20230914,82.976,83.02,both,0.0439999999999969,0.0530273814114887,0
20230915,83.0557,83.15,both,0.094300000000004,0.1135382640806158,0
20230918,83.2102,83.27,both,0.0597999999999956,0.0718661894815727,0
20230919,,83.27,fred_only,,,0
20230920,83.2553,83.07,both,-0.1853000000000122,-0.2225684130620059,0
20230921,83.1511,83.11,both,-0.0411000000000001,-0.0494280893457815,0
20230922,82.9477,82.95,both,0.0023000000000052,0.0027728315553117,0
20230925,83.0968,83.11,both,0.0131999999999976,0.0158850882344418,0
20230926,83.2328,83.24,both,0.0071999999999974,0.0086504358858496,0
20230927,83.2188,83.18,both,-0.0387999999999948,-0.0466240801357323,0
20230928,83.1591,83.13,both,-0.0290999999999996,-0.0349931637066775,0
20230929,83.058,83.08,both,0.0219999999999913,0.0264875147487194,0
20231002,,83.04,fred_only,,,0
20231003,83.1812,83.22,both,0.0387999999999948,0.0466451553956841,0
20231004,83.2588,83.25,both,-0.0087999999999937,-0.0105694533190409,0
20231005,83.2413,83.24,both,-0.0013000000000005,-0.0015617247688353,0
20231006,83.2388,83.25,both,0.0112000000000023,0.0134552636510885,0
20231009,83.2542,,rbi_only,,,0
20231010,83.2556,83.25,both,-0.0056000000000011,-0.0067262742686391,0
20231011,83.2368,83.18,both,-0.0567999999999955,-0.0682390481133291,0
20231012,83.1834,83.28,both,0.0965999999999951,0.11612893918738,0
20231013,83.2574,83.26,both,0.002600000000001,0.0031228455368544,0
20231016,83.2632,83.28,both,0.0168000000000034,0.0201769809471693,0
20231017,83.2555,83.22,both,-0.0354999999999989,-0.0426398255971064,0
20231018,83.2571,83.25,both,-0.0070999999999941,-0.0085278012325604,0
20231019,83.2746,83.1,both,-0.1746000000000123,-0.2096677738470221,0
20231020,83.1982,83.14,both,-0.0581999999999993,-0.0699534364926156,0
20231023,83.1663,83.19,both,0.0236999999999909,0.0284971196265686,0
20231024,,83.19,fred_only,,,0
20231025,83.1518,83.18,both,0.0282000000000124,0.0339138779918323,0
20231026,83.2439,83.24,both,-0.0039000000000015,-0.0046850279720214,0
20231027,83.2518,83.27,both,0.0181999999999931,0.0218613891831685,0
20231030,83.2676,83.25,both,-0.0176000000000016,-0.0211366726073546,0
20231031,83.2692,83.26,both,-0.0091999999999927,-0.0110485029278445,0
20231101,83.2843,83.24,both,-0.0443000000000068,-0.05319129775961,0
20231102,83.263,83.22,both,-0.0430000000000063,-0.0516435871875939,0
20231103,83.2669,83.14,both,-0.1269000000000062,-0.1524014944714,0
20231106,83.2213,83.19,both,-0.0313000000000016,-0.0376105636417619,0
20231107,83.265,83.22,both,-0.0450000000000017,-0.0540443163394003,0
20231108,83.2691,83.28,both,0.0109000000000065,0.0130900898412575,0
20231109,83.2808,83.25,both,-0.0307999999999992,-0.036983314281322,0
20231110,83.353,,rbi_only,,,0
20231113,83.3248,83.32,both,-0.004800000000003,-0.0057605898844077,0
20231114,,83.32,fred_only,,,0
20231115,83.1272,83.11,both,-0.0172000000000025,-0.0206911817070736,0
20231116,83.2388,83.22,both,-0.0187999999999988,-0.0225856211286068,0
20231117,83.2646,83.25,both,-0.0146000000000015,-0.0175344624246096,0
20231120,83.3309,83.33,both,-0.0009000000000014,-0.0010800315369226,0
20231121,83.3466,83.26,both,-0.08659999999999,-0.1039034585693838,0
20231122,83.3375,83.29,both,-0.0474999999999994,-0.0569971501424921,0
20231123,83.3571,,rbi_only,,,0
20231124,83.3675,83.34,both,-0.0275000000000034,-0.0329864755450306,0
20231127,,83.34,fred_only,,,0
20231128,83.3926,83.33,both,-0.0626000000000033,-0.075066612625105,0
20231129,83.3191,83.31,both,-0.0091000000000036,-0.010921865454624,0
20231130,83.35,83.36,both,0.0100000000000051,0.0119976004799101,0
20231201,83.3602,83.27,both,-0.09020000000001,-0.1082051146710421,0
20231204,83.3357,83.4,both,0.0643000000000029,0.0771578087182359,0
20231205,83.3931,83.33,both,-0.0631000000000057,-0.0756657325366315,0
20231206,83.3544,83.32,both,-0.034400000000005,-0.041269567053455,0
20231207,83.365,83.32,both,-0.0450000000000017,-0.05397948779464,0
20231208,83.3681,83.38,both,0.0118999999999971,0.0142740448684774,0
20231211,83.3872,83.38,both,-0.0072000000000116,-0.0086344187117586,0
20231212,83.38,83.37,both,-0.0099999999999909,-0.0119932837610828,0
20231213,83.395,83.4,both,0.0050000000000096,0.005995563283182,0
20231214,83.35,83.28,both,-0.0699999999999931,-0.0839832033593199,0
20231215,83.1802,83.02,both,-0.1602000000000032,-0.1925939105700674,0
20231218,83.0173,83.04,both,0.0227000000000003,0.0273436982412104,0
20231219,83.179,83.18,both,0.0010000000000047,0.0012022265235273,0
20231220,83.1523,83.14,both,-0.0122999999999962,-0.0147921344328373,0
20231221,83.2729,83.27,both,-0.002900000000011,-0.0034825255275257,0
20231222,83.2493,83.12,both,-0.1293000000000006,-0.1553166212809004,0
20231226,83.1703,83.17,both,-0.0002999999999957,-0.0003607056845962,0
20231227,83.3226,83.35,both,0.0274,0.0328842354895311,0
20231228,83.2254,83.15,both,-0.0753999999999877,-0.0905973416769252,0
20231229,83.1164,83.19,both,0.073599999999999,0.0885505146998654,0
20240101,83.1975,,rbi_only,,,0
20240102,83.3282,83.31,both,-0.0181999999999931,-0.02184134542687,0
20240103,83.3242,83.3,both,-0.0242000000000075,-0.0290431831328804,0
20240104,83.3002,83.21,both,-0.09020000000001,-0.1082830533420208,0
20240105,83.176,83.16,both,-0.0160000000000053,-0.0192363181687089,0
20240108,83.0687,83.13,both,0.0612999999999885,0.0737943413102511,0
20240109,83.1289,83.09,both,-0.0388999999999981,-0.0467947969959883,0
20240110,83.1548,83.01,both,-0.1447999999999893,-0.1741330626734588,0
20240111,82.9415,83.03,both,0.0884999999999962,0.1067017114472203,0
20240112,82.9881,82.92,both,-0.0681000000000011,-0.0820599579939788,0
20240115,82.853,,rbi_only,,,0
20240116,82.9774,83.05,both,0.0725999999999942,0.0874937031046938,0
20240117,83.131,83.14,both,0.0090000000000003,0.0108262862229497,0
20240118,83.1243,83.15,both,0.0257000000000005,0.0309175535914293,0
20240119,83.1338,83.09,both,-0.0437999999999902,-0.0526861517216707,0
20240122,,83.08,fred_only,,,0
20240123,83.1029,83.15,both,0.0471000000000003,0.0566767224729827,0
20240124,83.1457,83.09,both,-0.0557000000000016,-0.0669908365676176,0
20240125,83.1155,83.08,both,-0.0354999999999989,-0.0427116482485204,0
20240126,,83.11,fred_only,,,0
20240129,83.1494,83.12,both,-0.0293999999999954,-0.0353580422708948,0
20240130,83.119,83.11,both,-0.0090000000000003,-0.0108278492282153,0
20240131,83.0805,83.02,both,-0.0605000000000046,-0.0728209387281066,0
20240201,82.9553,82.95,both,-0.0052999999999912,-0.0063889829823907,0
20240202,82.8406,82.92,both,0.0794000000000068,0.0958467225008109,0
20240205,83.0284,83.04,both,0.0116000000000013,0.0139711231337727,0
20240206,83.0629,83.03,both,-0.0328999999999979,-0.0396085376263024,0
20240207,82.9765,82.97,both,-0.0065000000000026,-0.007833543232123,0
20240208,82.9762,82.97,both,-0.0062000000000068,-0.007472022097911,0
20240209,82.9995,83.0,both,0.0005000000000023,0.0006024132675526,0
20240212,82.9954,82.95,both,-0.0454000000000007,-0.0547018268482358,0
20240213,83.019,83.06,both,0.0409999999999968,0.0493862850672699,0
20240214,83.0864,83.02,both,-0.0664000000000015,-0.0799168094898823,0
20240215,83.0119,83.0,both,-0.0118999999999971,-0.0143352940963851,0
20240216,83.0375,83.02,both,-0.0174999999999982,-0.0210748155953614,0
20240220,82.9704,82.88,both,-0.0904000000000024,-0.108954518719932,0
20240221,82.8851,82.96,both,0.0748999999999995,0.090366060968738,0
20240222,82.924,82.86,both,-0.0640000000000071,-0.0771791037576662,0
20240223,82.8865,82.86,both,-0.0264999999999986,-0.0319714308120123,0
20240226,82.8856,82.85,both,-0.0356000000000022,-0.0429507658748953,0
20240227,82.8915,82.88,both,-0.011499999999998,-0.0138735576024056,0
20240228,82.9155,82.88,both,-0.0354999999999989,-0.0428146727692638,0
20240229,82.9246,82.87,both,-0.0545999999999935,-0.0658429464839065,0
20240301,82.8702,82.91,both,0.0397999999999996,0.0480269143793542,0
20240304,82.8954,82.88,both,-0.0153999999999996,-0.018577629156744,0
20240305,82.9271,82.86,both,-0.0670999999999963,-0.0809144417204947,0
20240306,82.9078,82.78,both,-0.1277999999999934,-0.1541471369400629,0
20240307,82.7785,82.78,both,0.0015000000000071,0.0018120647269606,0
20240308,,82.73,fred_only,,,0
20240311,82.677,82.72,both,0.0429999999999921,0.0520096278287699,0
20240312,82.745,82.77,both,0.0249999999999914,0.0302133059399256,0
20240313,82.9027,82.81,both,-0.0926999999999935,-0.1118178298173564,0
20240314,82.8709,82.82,both,-0.0509000000000128,-0.0614208365059542,0
20240315,82.8919,82.86,both,-0.0319000000000073,-0.038483856685644,0
20240318,82.9078,82.89,both,-0.017799999999994,-0.0214696325315519,0
20240319,82.9401,83.01,both,0.069900000000004,0.0842776895615077,0
20240320,83.1022,83.18,both,0.0778000000000105,0.0936196634986926,0
20240321,83.1308,83.15,both,0.019200000000012,0.0230961328412719,0
20240322,83.3546,83.53,both,0.1753999999999962,0.2104262992084374,0
20240325,,83.42,fred_only,,,0
20240326,83.3559,83.32,both,-0.0359000000000122,-0.0430683370943295,0
20240327,83.3255,83.34,both,0.0144999999999981,0.0174016357537586,0
20240328,83.3739,83.35,both,-0.0239000000000118,-0.0286660453691284,0
20240329,,83.34,fred_only,,,0
20240401,,83.36,fred_only,,,0
20240402,83.3585,83.32,both,-0.0385000000000133,-0.0461860518123686,0
20240403,83.4204,83.43,both,0.009600000000006,0.0115079764661953,0
20240404,83.4475,83.44,both,-0.0075000000000073,-0.0089876868689983,0
20240405,83.4073,83.29,both,-0.1173000000000001,-0.1406351722211367,0
20240408,83.3176,83.25,both,-0.0675999999999987,-0.0811353183481026,0
20240409,,83.18,fred_only,,,0
20240410,83.2253,83.37,both,0.1447000000000002,0.1738653991033979,0
20240411,,83.19,fred_only,,,0
20240412,83.3931,83.59,both,0.1968999999999994,0.236110661433619,0
20240415,83.4422,83.48,both,0.0378000000000042,0.0453008190100504,0
20240416,83.4982,83.54,both,0.0418000000000091,0.0500609593979381,0
20240417,,83.54,fred_only,,,0
20240418,83.517,83.53,both,0.0130000000000052,0.0155656932121666,0
20240419,83.5214,83.46,both,-0.0614000000000061,-0.0735140933940356,0
20240422,83.4113,83.47,both,0.0587000000000017,0.0703741579378354,0
20240423,83.3765,83.36,both,-0.0164999999999935,-0.0197897489100568,0
20240424,83.2987,83.34,both,0.0413000000000067,0.0495806056997369,0
20240425,83.3758,83.31,both,-0.0657999999999958,-0.0789197824788438,0
20240426,83.3395,83.38,both,0.0404999999999944,0.0485964038661072,0
20240429,83.4392,83.46,both,0.0207999999999941,0.0249283310482293,0
20240430,83.5187,83.44,both,-0.0786999999999977,-0.0942303939117799,0
20240501,,83.45,fred_only,,,0
20240502,83.4526,83.44,both,-0.0126000000000061,-0.0150983911825469,0
20240503,83.3795,83.43,both,0.0505000000000137,0.0605664461888279,0
20240506,83.4725,83.48,both,0.0075000000000073,0.0089849950582615,0
20240507,83.5015,83.51,both,0.0085000000000121,0.010179457854065,0
20240508,83.5147,83.45,both,-0.0647000000000019,-0.0774713912640552,0
20240509,83.4976,83.51,both,0.0123999999999995,0.0148507262484185,0
20240510,83.4946,83.54,both,0.0454000000000007,0.0543747739374771,0
20240513,83.5234,83.48,both,-0.0433999999999912,-0.0519614862421683,0
20240514,83.5201,83.5,both,-0.0200999999999993,-0.0240660631392914,0
20240515,83.5092,83.46,both,-0.0492000000000132,-0.0589156643819043,0
20240516,83.5011,83.46,both,-0.0411000000000001,-0.0492209084670742,0
20240517,83.4815,83.34,both,-0.1414999999999935,-0.1694986314333038,0
20240520,,83.34,fred_only,,,0
20240521,83.3614,83.31,both,-0.051400000000001,-0.0616592331702694,0
20240522,83.2301,83.26,both,0.029900000000012,0.0359245032746711,0
20240523,,83.27,fred_only,,,0
20240524,83.1219,83.09,both,-0.0318999999999931,-0.03837737106586,0
20240527,83.0838,,rbi_only,,,0
20240528,83.1644,83.16,both,-0.0044000000000039,-0.0052907253584514,0
20240529,83.327,83.33,both,0.0030000000000001,0.0036002736207953,0
20240530,83.4231,83.28,both,-0.143100000000004,-0.1715352222585878,0
20240531,83.2988,83.43,both,0.1312000000000068,0.1575052701839724,0
20240603,83.0659,83.14,both,0.0741000000000013,0.0892062807963332,0
20240604,83.5021,83.52,both,0.0178999999999973,0.0214365866247643,0
20240605,83.3898,83.37,both,-0.0197999999999893,-0.0237439111258084,0
20240606,83.4649,83.47,both,0.0050999999999987,0.006110352974722,0
20240607,83.4257,83.38,both,-0.0457000000000107,-0.0547792826431312,0
20240610,83.4919,83.5,both,0.0080999999999988,0.0097015399098581,0
20240611,83.5054,83.5,both,-0.0053999999999945,-0.0064666476658928,0
20240612,83.5645,83.57,both,0.0054999999999978,0.0065817422470042,0
20240613,83.5469,83.52,both,-0.0268999999999977,-0.0321974842872658,0
20240614,83.5458,83.54,both,-0.0057999999999935,-0.0069422999121363,0
20240617,,83.52,fred_only,,,0
20240618,83.4817,83.42,both,-0.0617000000000018,-0.0739084134606768,0
20240619,83.4251,,rbi_only,,,0
20240620,83.5265,83.62,both,0.0935000000000059,0.1119405218703117,0
20240621,83.586,83.53,both,-0.0559999999999973,-0.0669968655037893,0
20240624,83.5138,83.42,both,-0.0938000000000016,-0.1123167668097986,0
20240625,83.4275,83.4,both,-0.0274999999999892,-0.0329627520901252,0
20240626,83.5409,83.55,both,0.0091000000000036,0.0108928680442797,0
20240627,83.4896,83.44,both,-0.049599999999998,-0.0594085969989053,0
20240628,83.4534,83.33,both,-0.1234000000000037,-0.1478669532936989,0
20240701,83.4043,83.44,both,0.0356999999999914,0.0428035484980887,0
20240702,83.515,83.5,both,-0.0150000000000005,-0.0179608453571221,0
20240703,83.5337,83.48,both,-0.053699999999992,-0.0642854321070323,0
20240704,83.5016,,rbi_only,,,0
20240705,83.5,83.47,both,-0.0300000000000011,-0.0359281437125762,0
20240708,83.4755,83.45,both,-0.0254999999999938,-0.0305478853076577,0
20240709,83.4843,83.47,both,-0.0143000000000057,-0.0171289691594775,0
20240710,83.4923,83.5,both,0.0076999999999998,0.009222407335766,0
20240711,83.5342,83.57,both,0.0357999999999947,0.0428566982146171,0
20240712,83.5385,83.48,both,-0.0584999999999951,-0.0700275920683219,0
20240715,83.5658,83.55,both,-0.0157999999999987,-0.0189072563177743,0
20240716,83.5781,83.6,both,0.021899999999988,0.0262030364413501,0
20240717,,83.55,fred_only,,,0
20240718,83.6393,83.58,both,-0.0593000000000074,-0.0708996847175998,0
20240719,83.6405,83.7,both,0.0594999999999998,0.0711377861203602,0
20240722,83.6654,83.65,both,-0.0153999999999996,-0.0184066531684539,0
20240723,83.6625,83.68,both,0.0175000000000125,0.0209173763633796,0
20240724,83.7028,83.72,both,0.0172000000000025,0.020548894421695,0
20240725,83.7075,83.7,both,-0.0074999999999931,-0.0089597706298637,0
20240726,83.7272,83.7,both,-0.0271999999999934,-0.0324864560142862,0
20240729,83.7371,83.75,both,0.0129000000000019,0.0154053579596163,0
20240730,83.7328,83.7,both,-0.0327999999999946,-0.0391722240268982,0
20240731,83.744,83.73,both,-0.0139999999999957,-0.0167176155903656,0
20240801,83.7251,83.7,both,-0.0250999999999947,-0.0299790624316898,0
20240802,83.7375,83.79,both,0.052500000000009,0.0626959247649011,0
20240805,83.839,83.83,both,-0.0090000000000003,-0.0107348608642759,0
20240806,83.9078,83.91,both,0.0022000000000019,0.002621925494414,0
20240807,83.9519,83.96,both,0.0080999999999988,0.009648381990162,0
20240808,83.9584,83.95,both,-0.0083999999999946,-0.0100049548347689,0
20240809,83.9,83.92,both,0.019999999999996,0.0238379022645959,0
20240812,83.9691,83.92,both,-0.0490999999999957,-0.0584738909908474,0
20240813,83.9696,83.97,both,0.000399999999999,0.0004763628741819,0
20240814,83.9366,83.91,both,-0.0266000000000019,-0.031690585513354,0
20240815,,83.94,fred_only,,,0
20240816,83.9561,83.95,both,-0.0061000000000035,-0.0072657019561455,0
20240819,83.9201,83.82,both,-0.1001000000000118,-0.1192801247853754,0
20240820,83.7804,83.79,both,0.009600000000006,0.0114585272927869,0
20240821,83.9183,83.93,both,0.0117000000000047,0.0139421318115413,0
20240822,83.9569,83.93,both,-0.0268999999999977,-0.0320402492231105,0
20240823,83.8746,83.91,both,0.0353999999999956,0.0422058644690951,0
20240826,83.8504,83.87,both,0.0196000000000111,0.0233749630294085,0
20240827,83.9424,83.91,both,-0.0324000000000097,-0.0385978956999201,0
20240828,83.9671,83.9,both,-0.0670999999999963,-0.0799122513460586,0
20240829,83.8899,83.84,both,-0.0498999999999938,-0.059482726764478,0
20240830,83.8709,83.83,both,-0.0409000000000077,-0.0487654240028516,0
20240902,83.8759,,rbi_only,,,0
20240903,83.9525,83.94,both,-0.0125000000000028,-0.0148893719662938,0
20240904,83.9682,83.95,both,-0.0181999999999931,-0.0216748721539738,0
20240905,83.9825,83.96,both,-0.0225000000000079,-0.0267912958056832,0
20240906,83.9308,83.91,both,-0.0208000000000083,-0.0247823206737078,0
20240909,83.9425,83.93,both,-0.0124999999999886,-0.0148911457247385,0
20240910,83.975,83.95,both,-0.0249999999999914,-0.0297707651086531,0
20240911,83.9508,83.95,both,-0.0007999999999981,-0.0009529391024244,0
20240912,83.9843,83.92,both,-0.0643000000000029,-0.0765619288367027,0
20240913,83.918,83.88,both,-0.0380000000000109,-0.0452822993875103,0
20240916,83.8939,83.89,both,-0.0039000000000015,-0.0046487289302339,0
20240917,83.8302,83.75,both,-0.0802000000000049,-0.0956695796980144,0
20240918,,83.75,fred_only,,,0
20240919,83.6172,83.68,both,0.0628000000000099,0.0751041651717708,0
20240920,83.4922,83.57,both,0.0777999999999963,0.0931823571543166,0
20240923,83.5128,83.53,both,0.0172000000000025,0.0205956452184605,0
20240924,83.6319,83.66,both,0.0280999999999949,0.033599619284023,0
20240925,83.5471,83.56,both,0.0129000000000019,0.0154403923056598,0
20240926,83.7009,83.6,both,-0.1009000000000099,-0.1205482856217913,0
20240927,83.6688,83.68,both,0.0112000000000023,0.0133861128640572,0
20240930,83.7888,83.76,both,-0.0287999999999897,-0.0343721356553497,0
20241001,83.8149,83.81,both,-0.0048999999999921,-0.0058462158876191,0
20241002,,83.81,fred_only,,,0
20241003,83.9492,84.0,both,0.0507999999999952,0.0605127863040925,0
20241004,83.966,83.99,both,0.0240000000000009,0.0285829978800954,0
20241007,83.9719,83.96,both,-0.0119000000000113,-0.0141714073398498,0
20241008,83.9399,83.95,both,0.0101000000000084,0.012032418432722,0
20241009,83.962,83.93,both,-0.0319999999999964,-0.0381124794549873,0
20241010,83.9685,83.94,both,-0.0285000000000081,-0.0339412994158621,0
20241011,84.0586,84.08,both,0.0213999999999998,0.025458430190367,0
20241014,84.0725,,rbi_only,,,0
20241015,84.0736,84.04,both,-0.0335999999999927,-0.0399649830624509,0
20241016,84.0696,84.01,both,-0.0595999999999889,-0.070893640507376,0
20241017,84.0304,84.04,both,0.009600000000006,0.0114244368704731,0
20241018,84.071,84.03,both,-0.0409999999999968,-0.0487683029819995,0
20241021,84.0744,84.07,both,-0.0044000000000039,-0.0052334598879135,0
20241022,84.0718,84.06,both,-0.0117999999999938,-0.0140356219326739,0
20241023,84.075,84.06,both,-0.0150000000000005,-0.0178412132024984,0
20241024,84.0738,84.05,both,-0.0238000000000084,-0.0283084623271559,0
20241025,84.0771,84.06,both,-0.0170999999999992,-0.0203384750425493,0
20241028,84.0775,84.05,both,-0.0275000000000034,-0.0327079182896772,0
20241029,84.0783,84.04,both,-0.0382999999999924,-0.0455527764000847,0
20241030,84.0847,84.07,both,-0.0147000000000048,-0.0174823719416312,0
20241031,84.0886,84.06,both,-0.0285999999999972,-0.0340117447549338,0
20241101,,84.03,fred_only,,,0
20241104,84.1055,84.11,both,0.004499999999993,0.0053504229806529,0
20241105,84.1225,84.1,both,-0.0225000000000079,-0.0267467086689149,0
20241106,84.2366,84.31,both,0.0734000000000065,0.087135520664422,0
20241107,84.3562,84.37,both,0.0138000000000033,0.0163592006278179,0
20241108,84.3751,84.34,both,-0.0350999999999999,-0.0415999506963546,0
20241111,84.3848,,rbi_only,,,0
20241112,84.4011,84.38,both,-0.0211000000000041,-0.0249996741748675,0
20241113,84.4063,84.39,both,-0.016300000000001,-0.0193113547211536,0
20241114,84.405,84.42,both,0.0150000000000005,0.0177714590367875,0
20241115,,84.41,fred_only,,,0
20241118,84.3875,84.37,both,-0.0174999999999982,-0.0207376684935544,0
20241119,84.4036,84.36,both,-0.0435999999999978,-0.0516565644119419,0
20241120,,84.41,fred_only,,,0
20241121,84.4561,84.48,both,0.0238999999999975,0.028298725610107,0
20241122,84.4975,84.44,both,-0.0575000000000045,-0.0680493505725075,0
20241125,84.2776,84.24,both,-0.0376000000000118,-0.0446144645789769,0
20241126,84.2835,84.27,both,-0.0135000000000076,-0.0160173699478635,0
20241127,84.4708,84.41,both,-0.0608000000000004,-0.0719775354323629,0
20241128,84.4917,,rbi_only,,,0
20241129,84.4971,84.48,both,-0.0170999999999992,-0.0202373809278652,0
20241202,84.6812,84.74,both,0.0587999999999908,0.0694368998077387,0
20241203,84.745,84.68,both,-0.0649999999999977,-0.07670069030621,0
20241204,84.6885,84.69,both,0.0014999999999929,0.0017711967976678,0
20241205,84.7335,84.68,both,-0.0534999999999996,-0.0631391362330125,0
20241206,84.6578,84.67,both,0.012200000000007,0.0144109579979719,0
20241209,84.7305,84.72,both,-0.0105000000000075,-0.0123922318409634,0
20241210,84.8531,84.84,both,-0.0130999999999943,-0.0154384459730927,0
20241211,84.8427,84.8,both,-0.0426999999999964,-0.0503284313205454,0
20241212,84.8732,84.84,both,-0.0331999999999936,-0.0391171771536759,0
20241213,84.8411,84.78,both,-0.0610999999999961,-0.072016982335208,0
20241216,84.8259,84.89,both,0.0640999999999962,0.0755665427658253,0
20241217,84.9264,84.91,both,-0.0164000000000044,-0.0193108385613948,0
20241218,84.937,84.95,both,0.0130000000000052,0.0153054616951449,0
20241219,85.0739,85.09,both,0.0161000000000086,0.0189247230936969,0
20241220,85.088,85.02,both,-0.0679999999999978,-0.0799172621286172,0
20241223,85.0713,85.1,both,0.0287000000000006,0.0337364069903723,0
20241224,85.1932,85.14,both,-0.0532000000000039,-0.0624462985308732,0
20241226,85.2684,85.25,both,-0.0183999999999997,-0.0215789202095966,0
20241227,85.5914,85.53,both,-0.0613999999999919,-0.0717361791020965,0
20241230,85.4655,85.47,both,0.004499999999993,0.005265282482397,0
20241231,85.6232,85.55,both,-0.0731999999999999,-0.0854908482747665,0
20250101,85.709,,rbi_only,,,0
20250102,85.7853,85.75,both,-0.0353000000000065,-0.0411492411870175,0
20250103,85.7598,85.75,both,-0.0097999999999984,-0.0114272654553747,0
20250106,85.8279,85.7,both,-0.1278999999999968,-0.1490191417942147,0
20250107,85.7191,85.74,both,0.0208999999999974,0.0243819638796924,0
20250108,85.8443,85.89,both,0.0456999999999965,0.0532359166537516,0
20250109,85.8806,85.87,both,-0.0105999999999966,-0.012342717680124,0
20250110,85.8956,85.96,both,0.064399999999992,0.0749747367734692,0
20250113,86.4368,86.69,both,0.2531999999999925,0.2929307887381214,0
20250114,86.5497,86.63,both,0.080299999999994,0.0927790622035593,0
20250115,86.5008,86.37,both,-0.1307999999999936,-0.15121247433549,0
20250116,86.4854,86.57,both,0.0845999999999946,0.0978199788634783,0
20250117,86.5844,86.55,both,-0.034400000000005,-0.039730020650377,0
20250120,86.5481,,rbi_only,,,0
20250121,86.5139,86.58,both,0.0660999999999916,0.0764039073489827,0
20250122,86.5661,86.34,both,-0.2261000000000024,-0.2611876935659599,0
20250123,86.4593,86.42,both,-0.0392999999999972,-0.0454549134679522,0
20250124,86.2904,86.2,both,-0.0904000000000024,-0.1047625228298889,0
20250127,86.4175,86.34,both,-0.0775000000000005,-0.0896809095379993,0
20250128,86.5358,86.52,both,-0.0157999999999987,-0.0182583393231456,0
20250129,86.5768,86.61,both,0.0331999999999936,0.0383474556694099,0
20250130,86.5842,86.55,both,-0.0341999999999984,-0.0394991233966456,0
20250131,86.6414,86.54,both,-0.1013999999999981,-0.1170341199472748,0
20250203,87.1162,87.19,both,0.0737999999999914,0.0847144388758823,0
20250204,87.1206,87.06,both,-0.0605999999999937,-0.0695587495953813,0
20250205,87.2237,87.08,both,-0.1436999999999955,-0.1647488010712633,0
20250206,87.5617,87.57,both,0.0082999999999913,0.0094790302152554,0
20250207,87.4782,87.43,both,-0.0481999999999942,-0.0550994419180941,0
20250210,87.5858,87.45,both,-0.1358000000000032,-0.1550479643960587,0
20250211,86.8861,86.76,both,-0.1260999999999938,-0.1451325355839356,0
20250212,86.8461,86.9,both,0.0538999999999987,0.0620638117313255,0
20250213,86.8822,86.89,both,0.0078000000000031,0.0089776732173024,0
20250214,86.8862,86.82,both,-0.0662000000000091,-0.0761916161599991,0
20250217,86.7721,,rbi_only,,,0
20250218,86.9742,86.96,both,-0.0142000000000024,-0.016326680785799,0
20250219,,86.96,fred_only,,,0
20250220,86.6995,86.65,both,-0.0494999999999947,-0.0570937548659389,0
20250221,86.6466,86.7,both,0.0533999999999963,0.0616296542507107,0
20250224,86.6916,86.72,both,0.0284000000000048,0.0327598060250414,0
20250225,87.0022,87.2,both,0.1978000000000008,0.2273505727441384,0
20250226,,87.2,fred_only,,,0
20250227,87.2119,87.17,both,-0.0418999999999982,-0.0480439022656292,0
20250228,87.4006,87.5,both,0.0994000000000028,0.1137291963670762,0
20250303,87.3314,87.35,both,0.0185999999999921,0.0212981814101138,0
20250304,87.3786,87.26,both,-0.1186000000000007,-0.1357311744523266,0
20250305,87.0896,86.95,both,-0.1396000000000015,-0.1602946850140562,0
20250306,87.0859,87.11,both,0.0241000000000042,0.0276738254987365,0
20250307,87.0612,86.88,both,-0.181200000000004,-0.208129453763564,0
20250310,87.2392,87.27,both,0.0307999999999992,0.0353052297590982,0
20250311,87.3267,87.16,both,-0.1667000000000058,-0.1908923616717519,0
20250312,87.2605,87.16,both,-0.1004999999999967,-0.1151723861311781,0
20250313,87.0833,87.0,both,-0.0832999999999941,-0.0956555390068981,0
20250314,,87.0,fred_only,,,0
20250317,86.792,86.79,both,-0.0019999999999953,-0.0023043598488286,0
20250318,86.6705,86.5,both,-0.1705000000000041,-0.1967220680623788,0
20250319,86.5016,86.43,both,-0.0715999999999894,-0.0827730354120495,0
20250320,86.304,86.31,both,0.0060000000000002,0.0069521690767522,0
20250321,86.2184,86.01,both,-0.2083999999999974,-0.2417117459846129,0
20250324,85.8318,85.56,both,-0.2717999999999989,-0.3166658511181158,0
20250325,85.7302,85.77,both,0.0397999999999996,0.0464247138114685,0
20250326,85.8683,85.71,both,-0.1583000000000112,-0.1843520833648869,0
20250327,85.761,85.79,both,0.0290000000000105,0.0338149042105509,0
20250328,85.5814,85.51,both,-0.071399999999997,-0.08342934329188,0
20250331,,85.43,fred_only,,,0
20250401,,85.46,fred_only,,,0
20250402,85.6024,85.52,both,-0.0824000000000069,-0.096258983392997,0
20250403,85.6468,85.44,both,-0.2068000000000012,-0.2414567736331085,0
20250404,85.2281,85.24,both,0.0118999999999971,0.0139625311370277,0
20250407,85.8087,85.85,both,0.0412999999999925,0.0481303177882808,0
20250408,85.9085,86.24,both,0.3314999999999912,0.3858756700442811,0
20250409,86.6171,86.64,both,0.022900000000007,0.0264381975383694,0
20250410,,86.69,fred_only,,,0
20250411,86.1441,86.06,both,-0.0840999999999922,-0.0976271154960029,0
20250414,,86.02,fred_only,,,0
20250415,85.6905,85.76,both,0.069500000000005,0.0811058402039957,0
20250416,85.6464,85.67,both,0.0236000000000018,0.0275551570176934,0
20250417,85.5703,85.37,both,-0.2002999999999986,-0.2340765429126678,0
20250418,,85.43,fred_only,,,0
20250421,85.1622,85.18,both,0.0178000000000082,0.0209012918877251,0
20250422,85.1003,85.19,both,0.0896999999999934,0.1054050338247849,0
20250423,85.4372,85.42,both,-0.0172000000000025,-0.0201317458905518,0
20250424,85.5085,85.3,both,-0.2085000000000008,-0.2438354081757963,0
20250425,85.5788,85.43,both,-0.1487999999999942,-0.1738748381608462,0
20250428,85.198,85.02,both,-0.1779999999999972,-0.2089250921383099,0
20250429,85.2005,85.27,both,0.0694999999999907,0.0815722912424114,0
20250430,85.0535,84.49,both,-0.5635000000000048,-0.6625241759598426,1
20250501,,84.58,fred_only,,,0
20250502,83.8568,84.5,both,0.6431999999999931,0.7670218753875572,1
20250505,84.2369,84.27,both,0.0330999999999903,0.0392939436280185,0
20250506,84.5436,84.45,both,-0.093599999999995,-0.1107121059429631,0
20250507,84.5715,84.82,both,0.2484999999999928,0.2938342112886644,0
20250508,84.8642,85.67,both,0.805800000000005,0.9495169930312252,1
20250509,85.6438,85.38,both,-0.2638000000000033,-0.3080199617485484,0
20250512,,85.38,fred_only,,,0
20250513,84.8888,85.35,both,0.4611999999999909,0.5432989982188355,1
20250514,85.2982,85.29,both,-0.0081999999999879,-0.0096133329894276,0
20250515,85.5871,85.52,both,-0.0671000000000106,-0.078399665370144,0
20250516,85.5665,85.49,both,-0.07650000000001,-0.0894041476512537,0
20250519,85.491,85.37,both,-0.1209999999999951,-0.1415353662958617,0
20250520,85.4582,85.63,both,0.1717999999999904,0.2010339557818798,0
20250521,85.5546,85.65,both,0.0954000000000121,0.1115077389176176,0
20250522,85.6653,85.97,both,0.3046999999999968,0.3556866082299331,0
20250523,85.6821,85.17,both,-0.5121000000000038,-0.597674426747248,1
20250526,84.9004,,rbi_only,,,0
20250527,85.322,85.3,both,-0.0220000000000055,-0.0257846745270921,0
20250528,85.6873,85.39,both,-0.2972999999999928,-0.3469592343322672,0
20250529,85.4976,85.49,both,-0.0076000000000107,-0.008889138408576,0
20250530,85.4778,85.5,both,0.022199999999998,0.0259716557983453,0
20250602,85.4353,85.33,both,-0.1052999999999997,-0.1232511619904181,0
20250603,85.4576,85.59,both,0.132400000000004,0.1549306322667663,0
20250604,85.9579,85.85,both,-0.1079000000000007,-0.1255265659119182,0
20250605,85.773,85.8,both,0.027000000000001,0.0314784372704709,0
20250606,85.7883,85.66,both,-0.12830000000001,-0.1495541932874413,0
20250609,85.4984,85.64,both,0.1415999999999968,0.1656171343557269,0
20250610,85.5949,85.57,both,-0.0249000000000023,-0.0290905182434962,0
20250611,85.4542,85.51,both,0.0558000000000049,0.0652981363116206,0
20250612,85.5353,85.55,both,0.0146999999999906,0.0171858869963519,0
20250613,86.0979,86.08,both,-0.0178999999999973,-0.0207902864065178,0
20250616,86.0242,86.05,both,0.0258000000000038,0.0299915605143713,0
20250617,86.0978,86.29,both,0.1921999999999997,0.2232345077342274,0
20250618,86.303,86.49,both,0.1869999999999976,0.2166784468674294,0
20250619,86.6994,,rbi_only,,,0
20250620,86.6133,86.58,both,-0.033299999999997,-0.0384467512495159,0
20250623,86.808,86.73,both,-0.0780000000000029,-0.0898534697262959,0
20250624,86.1043,85.92,both,-0.1842999999999932,-0.214042736541605,0
20250625,85.8732,86.04,both,0.1668000000000091,0.1942398792638555,0
20250626,85.7528,85.66,both,-0.0927999999999968,-0.1082180406937113,0
20250627,85.5594,85.45,both,-0.1093999999999937,-0.1278643842757122,0
20250630,85.5439,85.74,both,0.1961000000000012,0.2292390223031698,0
20250701,85.6179,85.58,both,-0.0379000000000075,-0.044266444283272,0
20250702,85.6928,85.7,both,0.0071999999999974,0.008402106127933,0
20250703,85.5121,85.3,both,-0.2121000000000066,-0.248035073398977,0
20250704,85.3886,,rbi_only,,,0
20250707,85.815,85.86,both,0.0450000000000017,0.0524383848977471,0
20250708,85.7188,85.75,both,0.0311999999999983,0.0363980830342915,0
20250709,85.7979,85.69,both,-0.1079000000000007,-0.1257606538155372,0
20250710,85.578,85.65,both,0.0720000000000027,0.0841337726985939,0
20250711,85.8536,85.8,both,-0.0536000000000029,-0.0624318607489994,0
20250714,85.991,85.99,both,-0.0010000000000047,-0.0011629123978146,0
20250715,85.8262,85.82,both,-0.0062000000000068,-0.0072239013261764,0
20250716,85.8051,85.96,both,0.1548999999999978,0.1805254000053584,0
20250717,85.9149,86.08,both,0.1650999999999953,0.1921669000371243,0
20250718,86.2007,86.1,both,-0.1007000000000033,-0.1168203970501438,0
20250721,86.2248,86.3,both,0.0751999999999952,0.0872138874198551,0
20250722,86.2581,86.37,both,0.1119000000000056,0.1297269473823393,0
20250723,86.3676,86.41,both,0.0424000000000006,0.0490924837554831,0
20250724,86.3301,86.39,both,0.0598999999999989,0.0693848379649727,0
20250725,86.5247,86.48,both,-0.0446999999999917,-0.0516615486675963,0
20250728,86.551,86.67,both,0.1189999999999997,0.1374911901653357,0
20250729,86.8417,86.83,both,-0.0117000000000047,-0.0134727901457533,0
20250730,87.2713,87.44,both,0.1687000000000011,0.1933052446795237,0
20250731,87.5544,87.6,both,0.0455999999999932,0.0520819056495084,0
20250801,87.3519,87.54,both,0.1881000000000057,0.2153358999632586,0
20250804,87.5018,87.63,both,0.1281999999999925,0.1465112717681151,0
20250805,87.7917,87.8,both,0.0082999999999913,0.0094541966951218,0
20250806,87.7,87.71,both,0.0099999999999909,0.011402508551871,0
20250807,87.6945,87.71,both,0.0154999999999887,0.0176749967215603,0
20250808,87.6196,87.67,both,0.0503999999999962,0.0575213764956656,0
20250811,87.5776,87.63,both,0.0523999999999915,0.0598326512715483,0
20250812,87.6726,87.71,both,0.0373999999999909,0.0426587097907339,0
20250813,87.6956,87.48,both,-0.2155999999999949,-0.2458504189491775,0
20250814,87.4852,87.56,both,0.0747999999999962,0.0855001760297698,0
20250815,,87.56,fred_only,,,0
20250818,87.4137,87.3,both,-0.1137000000000085,-0.1300711444544832,0
20250819,87.1756,87.02,both,-0.1556000000000068,-0.1784903115091916,0
20250820,87.0919,87.02,both,-0.0718999999999994,-0.0825564719566336,0
20250821,86.9741,87.31,both,0.3358999999999952,0.3862069282694448,0
20250822,87.4375,87.53,both,0.0925000000000011,0.1057898498927818,0
20250825,87.4174,87.55,both,0.1325999999999965,0.1516860487728947,0
20250826,87.7414,87.68,both,-0.0613999999999919,-0.0699783682503264,0
20250827,,87.74,fred_only,,,0
20250828,87.6559,87.63,both,-0.0259000000000071,-0.0295473550554008,0
20250829,87.8514,88.18,both,0.3286000000000086,0.374040709652901,0
20250901,88.2576,,rbi_only,,,0
20250902,88.0265,88.15,both,0.123500000000007,0.1402986600626028,0
20250903,88.107,88.06,both,-0.046999999999997,-0.053344229175885,0
20250904,88.1641,88.17,both,0.0058999999999969,0.006692066271869,0
20250905,88.3242,88.25,both,-0.0742000000000047,-0.0840086861811425,0
20250908,,88.25,fred_only,,,0
20250909,88.1409,88.12,both,-0.0208999999999974,-0.0237120338004235,0
20250910,88.1252,88.09,both,-0.0352000000000032,-0.0399431717601812,0
20250911,88.2649,88.44,both,0.1751000000000004,0.198380103529263,0
20250912,88.2806,88.28,both,-0.0006000000000057,-0.0006796510218617,0
20250915,88.269,88.22,both,-0.0490000000000065,-0.0555121277005591,0
20250916,88.0461,88.05,both,0.0039000000000015,0.0044294977290323,0
20250917,87.752,87.77,both,0.0180000000000006,0.0205123529948043,0
20250918,88.1209,88.17,both,0.0490999999999957,0.0557189043688792,0
20250919,88.3055,88.06,both,-0.2454999999999927,-0.278012128349868,0
20250922,88.1447,88.29,both,0.1453000000000059,0.1648425827077589,0
20250923,88.7435,88.76,both,0.0165000000000077,0.0185929110301123,0
20250924,88.7606,88.73,both,-0.0305999999999926,-0.0344747556911429,0
20250925,88.6696,88.7,both,0.0304000000000002,0.0342845800590057,0
20250926,88.7234,88.65,both,-0.0733999999999923,-0.0827290207543808,0
20250929,88.7558,88.76,both,0.0042000000000115,0.0047320851144505,0
20250930,88.7923,88.78,both,-0.0122999999999962,-0.0138525525298885,0
20251001,88.6778,88.69,both,0.0121999999999928,0.0137576710292687,0
20251002,,88.74,fred_only,,,0
20251003,88.7775,88.78,both,0.0024999999999977,0.0028160288361327,0
20251006,88.7859,88.79,both,0.0041000000000082,0.0046178503568789,0
20251007,88.7319,88.72,both,-0.0118999999999971,-0.0134111858305717,0
20251008,88.7903,88.77,both,-0.0203000000000059,-0.0228628577671276,0
20251009,88.7875,88.84,both,0.052500000000009,0.0591299450936326,0
20251010,88.692,88.72,both,0.0280000000000057,0.0315699273891735,0
20251013,88.7797,,rbi_only,,,0
20251014,88.7907,88.76,both,-0.0306999999999959,-0.0345756931750689,0
20251015,88.2898,87.98,both,-0.3097999999999956,-0.3508899102727559,0
20251016,87.9039,87.81,both,-0.0938999999999907,-0.1068211990594169,0
20251017,87.9097,87.99,both,0.080299999999994,0.0913437311240898,0
20251020,87.7861,87.92,both,0.133899999999997,0.1525298424237972,0
20251021,,87.97,fred_only,,,0
20251022,,87.92,fred_only,,,0
20251023,87.9474,87.85,both,-0.0974000000000074,-0.1107480152909665,0
20251024,87.7058,87.83,both,0.1242000000000018,0.141609790914628,0
20251027,88.0637,88.24,both,0.1762999999999976,0.2001959944903492,0
20251028,88.296,88.21,both,-0.0860000000000127,-0.097399655703557,0
20251029,88.2834,88.2,both,-0.0833999999999974,-0.0944684957761,0
20251030,88.6048,88.64,both,0.0352000000000032,0.0397269673877749,0
20251031,88.7241,88.75,both,0.0258999999999929,0.0291916176100889,0
20251103,88.7932,88.78,both,-0.0131999999999976,-0.0148660032524986,0
20251104,88.6372,88.67,both,0.0327999999999946,0.0370047790318225,0
20251105,,88.66,fred_only,,,0
20251106,88.6026,88.65,both,0.0474000000000103,0.0534973014336039,0
20251107,88.705,88.68,both,-0.0249999999999914,-0.028183304210576,0
20251110,88.6761,88.7,both,0.0238999999999975,0.0269520197663153,0
20251111,88.6983,,rbi_only,,,0
20251112,88.6362,88.58,both,-0.056200000000004,-0.0634052452609701,0
20251113,88.716,88.66,both,-0.0559999999999973,-0.0631227737950284,0
20251114,88.742,88.74,both,-0.0020000000000095,-0.0022537242793824,0
20251117,88.63,88.58,both,-0.0499999999999971,-0.0564143066681678,0
20251118,88.6344,88.6,both,-0.034400000000005,-0.03881111622576,0
20251119,88.4558,88.58,both,0.1242000000000018,0.1404091082778086,0
20251120,88.6915,88.69,both,-0.0015000000000071,-0.0016912556445737,0
20251121,88.6402,89.54,both,0.8998000000000133,1.0151150380978533,1
20251124,89.1919,89.23,both,0.0381,0.0427168834838141,0
20251125,89.2213,89.16,both,-0.0613000000000028,-0.0687055669442193,0
20251126,89.2649,89.27,both,0.0050999999999987,0.0057133318919292,0
20251127,89.2942,,rbi_only,,,0
20251128,89.4557,89.43,both,-0.0256999999999862,-0.0287293040018537,0
20251201,89.7436,89.59,both,-0.1535999999999973,-0.1711542661537951,0
20251202,89.8887,89.92,both,0.0313000000000016,0.0348208395493556,0
20251203,90.2697,90.15,both,-0.1196999999999945,-0.1326026341064549,0
20251204,90.1865,89.97,both,-0.2164999999999963,-0.2400581018223308,0
20251205,89.9238,89.97,both,0.0461999999999989,0.0513768323847512,0
20251208,90.1745,90.12,both,-0.0544999999999902,-0.0604383722670934,0
20251209,89.9644,89.9,both,-0.064399999999992,-0.0715838709533904,0
20251210,89.8822,89.98,both,0.0978000000000065,0.1088090856699174,0
20251211,90.3702,90.35,both,-0.0202000000000026,-0.0223525011563575,0
20251212,90.3883,90.41,both,0.0216999999999956,0.0240075319482672,0
20251215,90.7228,90.7,both,-0.0228000000000037,-0.0251314994687153,0
20251216,91.0202,91.03,both,0.0097999999999984,0.0107668407672126,0
20251217,90.3291,90.4,both,0.0709000000000088,0.0784907632202787,0
20251218,90.1303,90.25,both,0.1196999999999945,0.1328077239285729,0
20251219,90.1975,89.54,both,-0.6574999999999989,-0.7289559023254513,1
20251222,89.5467,89.64,both,0.0932999999999992,0.1041914442408254,0
20251223,89.8314,89.67,both,-0.1614000000000004,-0.1796699149740518,0
20251224,89.7703,89.81,both,0.0396999999999962,0.0442239805369886,0
20251226,89.8296,89.78,both,-0.049599999999998,-0.0552156527469765,0
20251229,89.9756,89.97,both,-0.0056000000000011,-0.0062239095932687,0
20251230,89.9429,89.78,both,-0.1628999999999933,-0.1811149073467649,0
20251231,89.9198,89.84,both,-0.0797999999999916,-0.0887457489896459,0
20260101,89.9792,,rbi_only,,,0
20260102,90.1242,90.19,both,0.0657999999999958,0.0730103568186967,0
20260105,90.2729,90.28,both,0.0070999999999941,0.0078650403387883,0
20260106,90.181,90.18,both,-0.0009999999999905,-0.001108881028144,0
20260107,89.9432,89.9,both,-0.0431999999999987,-0.0480303124638647,0
20260108,89.893,90.02,both,0.1269999999999953,0.1412790762350743,0
20260109,90.1395,90.16,both,0.0204999999999984,0.0227425268611412,0
20260112,90.1899,90.12,both,-0.0698999999999898,-0.0775031350516963,0
20260113,90.2677,90.19,both,-0.0777000000000072,-0.0860773011830446,0
20260114,90.2016,90.24,both,0.0383999999999957,0.0425713069391183,0
20260115,,90.26,fred_only,,,0
20260116,90.6497,90.87,both,0.2203000000000088,0.2430234187206453,0
20260119,90.9705,,rbi_only,,,0
20260120,91.0356,91.01,both,-0.0255999999999971,-0.0281208670014776,0
20260121,91.55,91.68,both,0.1300000000000096,0.1419989077007205,0
20260122,91.5826,91.62,both,0.0374000000000052,0.0408374516556695,0
20260123,91.6195,91.95,both,0.3305000000000007,0.3607310670763327,0
20260126,,91.95,fred_only,,,0
20260127,91.8244,91.72,both,-0.1043999999999982,-0.1136952705381121,0
20260128,91.6945,91.78,both,0.0854999999999961,0.0932444148776601,0
20260129,91.9644,91.95,both,-0.0143999999999948,-0.0156582329684039,0
20260130,91.8983,91.98,both,0.0816999999999978,0.0889026238787854,0
20260202,91.6443,91.51,both,-0.1342999999999961,-0.1465448478519625,0
20260203,90.4495,90.3,both,-0.1495000000000033,-0.1652856013576673,0
20260204,90.4693,90.36,both,-0.1093000000000046,-0.1208144641331419,0
20260205,90.3957,90.33,both,-0.0657000000000067,-0.0726804482956675,0
20260206,90.4163,90.65,both,0.2336999999999989,0.2584710942606575,0
20260209,90.4006,90.77,both,0.3693999999999988,0.4086256064672124,0
20260210,90.5773,90.57,both,-0.0073000000000007,-0.0080594144449003,0
20260211,90.5675,90.69,both,0.1225000000000022,0.1352582328097852,0
20260212,90.5947,90.63,both,0.0352999999999923,0.0389647518011454,0
20260213,90.7415,90.64,both,-0.1015000000000014,-0.1118562069174539,0
20260216,90.7125,,rbi_only,,,0
20260217,90.7744,90.63,both,-0.1444000000000045,-0.1590756865371784,0
20260218,90.6669,90.7,both,0.0331000000000045,0.0365072589886767,0
20260219,,90.68,fred_only,,,0
20260220,90.9518,90.98,both,0.0281999999999982,0.0310054336472705,0
20260223,90.7461,90.88,both,0.133899999999997,0.1475545505536844,0
20260224,90.9661,90.95,both,-0.0160999999999944,-0.0176989010191647,0
20260225,90.9502,90.95,both,-0.0001999999999924,-0.000219900560958,0
20260226,90.9072,90.92,both,0.0127999999999985,0.0140802928700901,0
20260227,90.9542,91.03,both,0.0758000000000009,0.0833386473631794,0
20260302,91.4514,91.47,both,0.0185999999999921,0.0203386716879043,0
20260303,,91.47,fred_only,,,0
20260304,92.2828,92.08,both,-0.2027999999999963,-0.2197592617475806,0
20260305,91.6275,91.58,both,-0.0474999999999994,-0.0518403317781227,0
20260306,91.6829,91.73,both,0.0471000000000003,0.0513727205400356,0
20260309,92.2639,92.31,both,0.0460999999999955,0.0499653710714543,0
20260310,92.0174,91.85,both,-0.1674000000000006,-0.1819221147304756,0
20260311,91.9257,92.03,both,0.1042999999999949,0.1134611974670793,0
20260312,92.353,92.18,both,-0.1729999999999876,-0.1873247214492086,0
20260313,92.4405,92.47,both,0.0294999999999987,0.0319124193400065,0
20260316,92.3966,92.42,both,0.0233999999999952,0.025325607219308,0
20260317,92.457,92.36,both,-0.0969999999999942,-0.1049136355278607,0
20260318,92.4514,92.87,both,0.4185999999999978,0.45277843277657,0
20260319,,92.62,fred_only,,,0
20260320,93.3483,93.73,both,0.3817000000000092,0.4088987158844984,0
20260323,93.898,93.96,both,0.0619999999999976,0.0660290954013904,0
20260324,93.8792,93.86,both,-0.0191999999999978,-0.0204518146724704,0
20260325,93.9657,93.97,both,0.0043000000000006,0.0045761378886132,0
20260326,,93.97,fred_only,,,0
20260327,94.5988,94.83,both,0.2312000000000011,0.2444005632206763,0
20260330,94.6543,94.41,both,-0.2443000000000097,-0.2580970964869105,0
20260331,,93.83,fred_only,,,0
20260401,,93.21,fred_only,,,0
20260402,93.2088,93.09,both,-0.1187999999999931,-0.1274557767077713,0
20260403,,93.09,fred_only,,,0
20260406,93.0591,93.06,both,0.0009000000000014,0.0009671273416586,0
20260407,92.9625,92.96,both,-0.0025000000000119,-0.0026892564206125,0
20260408,92.5586,92.25,both,-0.3085999999999984,-0.3334104016266435,0
20260409,92.7129,92.69,both,-0.022900000000007,-0.0246999069169522,0
20260410,92.6492,92.72,both,0.0708000000000055,0.0764172815307693,0
20260413,93.3684,93.39,both,0.0216000000000065,0.0231341653064703,0
20260414,,93.37,fred_only,,,0
20260415,93.3885,93.37,both,-0.0184999999999888,-0.0198097196121458,0
20260416,93.337,93.2,both,-0.1370000000000004,-0.1467799479306175,0
20260417,92.7235,92.9,both,0.1765000000000043,0.1903508819231417,0
20260420,93.0681,93.13,both,0.0618999999999942,0.0665104369810862,0
20260421,93.4404,93.5,both,0.0596000000000032,0.063783973527514,0
20260422,93.8351,93.79,both,-0.0450999999999908,-0.0480630382447408,0
20260423,94.0802,94.11,both,0.0297999999999944,0.0316751027314934,0
20260424,94.2958,94.25,both,-0.0457999999999998,-0.0485705619974588,0
20260427,94.2168,94.19,both,-0.0268000000000085,-0.0284450331575776,0
20260428,94.521,94.54,both,0.0190000000000054,0.0201013531384617,0
20260429,94.787,94.85,both,0.0629999999999881,0.0664648105752773,0
20260430,95.2417,94.91,both,-0.3316999999999979,-0.3482718179116899,0
20260501,,94.9,fred_only,,,0
20260504,94.9432,95.09,both,0.1467999999999989,0.1546187615332103,0
20260505,95.3602,95.32,both,-0.0402000000000128,-0.0421559518541413,0
20260506,95.1643,94.61,both,-0.5542999999999978,-0.5824663240311733,1
20260507,94.7759,94.25,both,-0.5258999999999929,-0.5548878987168605,1
20260508,94.4365,94.49,both,0.0534999999999996,0.0566518242416858,0
20260511,95.2029,95.31,both,0.1071000000000026,0.112496573108595,0
20260512,95.5564,95.63,both,0.073599999999999,0.0770225751493348,0
20260513,95.6536,95.69,both,0.0364000000000004,0.0380539781043269,0
20260514,95.7529,95.76,both,0.0071000000000083,0.0074149190259598,0
20260515,95.9255,95.97,both,0.0444999999999993,0.0463901673694683,0
20260518,96.2948,96.35,both,0.0551999999999992,0.0573239676493426,0
20260519,96.345,96.53,both,0.1850000000000022,0.1920182676838469,0
20260520,96.8441,96.82,both,-0.0241000000000042,-0.0248853569809665,0
20260521,96.3172,96.2,both,-0.1171999999999968,-0.1216812781102408,0
20260522,95.9588,95.69,both,-0.2687999999999988,-0.2801202182603355,0
20260525,95.2047,,rbi_only,,,0
20260526,95.4437,95.68,both,0.2362999999999999,0.2475805108142286,0
20260527,95.7883,95.69,both,-0.0983000000000089,-0.1026221365239898,0
20260528,,95.69,fred_only,,,0
20260529,95.3845,95.0,both,-0.3845000000000027,-0.4031053263370912,0
20260601,94.8913,94.99,both,0.0986999999999937,0.1040137504702684,0
20260602,95.1702,95.27,both,0.0998000000000018,0.1048647580860415,0
20260603,95.7795,95.71,both,-0.069500000000005,-0.0725625003262754,0
20260604,95.7425,95.79,both,0.0474999999999994,0.0496122411677148,0
20260605,95.3996,94.95,both,-0.4496000000000038,-0.4712808020159453,0
20260608,95.6198,95.71,both,0.0901999999999958,0.0943319270694938,0
20260609,95.6359,95.35,both,-0.2859000000000122,-0.2989463161846254,0
20260610,95.1855,95.27,both,0.0844999999999913,0.0887740254555487,0
20260611,95.7205,95.76,both,0.0395000000000038,0.0412659775074345,0
20260612,95.3825,95.11,both,-0.2724999999999937,-0.2856918197782547,0
20260615,94.6772,94.71,both,0.0327999999999946,0.0346440325653849,0
20260616,94.6992,94.62,both,-0.0792000000000001,-0.0836332302701608,0
20260617,94.3758,94.53,both,0.154200000000003,0.1633893434545752,0
20260618,94.2795,94.33,both,0.0504999999999995,0.0535641364241426,0
20260619,94.4735,,rbi_only,,,0
20260622,94.4938,94.68,both,0.1862000000000137,0.1970499651829153,0
20260623,94.7064,94.74,both,0.0335999999999927,0.0354780669521729,0
20260624,94.698,94.67,both,-0.0279999999999915,-0.0295676783036511,0
20260625,94.4804,94.4,both,-0.0803999999999973,-0.0850970148305864,0
20260626,,94.37,fred_only,,,0
20260629,94.3519,94.54,both,0.1881000000000057,0.1993600552824115,0
20260630,94.5975,94.66,both,0.0625,0.0660693992970216,0
20260701,94.7323,95.25,both,0.5177000000000049,0.5464873121416929,1
20260702,95.2731,95.39,both,0.1169000000000011,0.1226999016511493,0
20260703,95.2408,,rbi_only,,,0
20260706,95.4346,95.4,both,-0.0345999999999975,-0.0362551946568618,0
20260707,95.3138,94.97,both,-0.3438000000000016,-0.3607032769651421,0
20260708,95.2236,95.56,both,0.3363999999999976,0.3532737682675277,0
20260709,95.3746,95.39,both,0.0153999999999996,0.0161468567102767,0
20260710,95.3129,95.33,both,0.0170999999999992,0.0179409083135642,0
20260713,95.8336,95.62,both,-0.2135999999999995,-0.222886336316281,0
20260714,96.1138,96.2,both,0.0862000000000051,0.089685352155471,0
20260715,96.2219,96.26,both,0.0381,0.039595975552343,0
20260716,96.3172,96.35,both,0.0327999999999946,0.0340541460922811,0
20260717,96.3665,96.28,both,-0.0865000000000009,-0.0897614835030855,0
20260720,96.512,96.45,both,-0.0619999999999976,-0.0642407161803688,0
20260721,96.2537,96.24,both,-0.0137,-0.0142332190866429,0
20260722,96.4745,96.57,both,0.095499999999987,0.0989898885197508,0
20260723,96.5431,96.57,both,0.0268999999999977,0.0278632030668144,0
20260724,96.539,96.56,both,0.0210000000000007,0.0217528667170789,0
20260727,96.1856,95.91,both,-0.2755999999999972,-0.2865293765386889,0
20260728,95.7954,95.85,both,0.0545999999999935,0.0569964737346402,0
20260729,95.717,95.65,both,-0.066999999999993,-0.0699980149816574,0
20260730,95.7327,95.68,both,-0.0526999999999873,-0.055049110700928,0
20260731,95.3706,95.38,both,0.0093999999999994,0.0098562869479686,0
20260803,95.2601,95.34,both,0.0799000000000091,0.0838756205378843,0
20260804,95.3487,95.38,both,0.0313000000000016,0.0328268765069703,0
20260805,95.1237,95.14,both,0.016300000000001,0.0171355824048066,0
20260806,95.2053,95.21,both,0.0046999999999997,0.0049366999526283,0
20260807,95.2135,95.21,both,-0.0035000000000025,-0.0036759493139129,0
20260810,95.256,95.3,both,0.0439999999999969,0.0461913160325826,0
20260811,95.4321,95.44,both,0.0078999999999922,0.0082781370209732,0
20260812,95.4261,95.33,both,-0.0961000000000069,-0.1007062009240731,0
20260813,95.4098,95.44,both,0.0301999999999935,0.0316529329272187,0
20260814,95.4263,95.43,both,0.0037000000000091,0.0038773377989182,0
20260817,95.6019,95.6,both,-0.0019000000000062,-0.0019874082000527,0
20260818,95.6772,95.68,both,0.0028000000000076,0.0029265070466189,0
20260819,95.7477,95.75,both,0.0023000000000052,0.0024021464745422,0
20260820,95.6416,95.71,both,0.0683999999999969,0.0715169967880053,0
20260821,95.7467,95.7,both,-0.0467000000000012,-0.0487745269549773,0
20260824,95.7258,95.75,both,0.0241999999999933,0.0252805408782097,0
20260825,95.7143,95.41,both,-0.3042999999999978,-0.3179253256827849,0
20260826,,95.43,fred_only,,,0
20260827,95.5131,95.54,both,0.0269000000000119,0.0281636759774438,0
20260828,95.5614,95.38,both,-0.1814000000000106,-0.1898255990389536,0
20260831,95.4509,95.16,both,-0.2909000000000077,-0.3047640200354399,0
20260901,94.8697,94.95,both,0.0803000000000082,0.0846424095364571,0
20260902,94.9701,94.97,both,-0.0001000000000033,-0.0001052962985227,0
20260903,94.4688,94.49,both,0.0211999999999932,0.022441271615595,0
20260904,94.4914,94.49,both,-0.0014000000000038,-0.0014816163164095,0
20260907,94.4467,,rbi_only,,,0
20260908,94.7178,94.82,both,0.1021999999999963,0.1078994655703535,0
20260909,95.1483,95.09,both,-0.0583000000000026,-0.0612727710321705,0
20260910,95.2311,95.44,both,0.2088999999999998,0.2193611120736816,0
20260911,95.7245,95.55,both,-0.1745000000000089,-0.1822939790753767,0
20260914,,95.55,fred_only,,,0
20260915,95.9253,95.95,both,0.0247000000000099,0.0257492027650785,0
20260916,95.9433,95.96,both,0.0167000000000001,0.017406113819308,0
20260917,95.8855,95.93,both,0.0445000000000135,0.0464095196875581,0
20260918,95.791,95.87,both,0.0790000000000077,0.082471213370784,0
20260921,95.7991,95.81,both,0.0109000000000065,0.0113779774549098,0
20260922,95.8179,95.59,both,-0.2278999999999911,-0.2378469993602355,0
20260923,95.731,95.74,both,0.0090000000000003,0.0094013433475053,0
20260924,95.9099,95.96,both,0.0501000000000004,0.0522365261563201,0
20260925,95.8918,95.81,both,-0.0818000000000012,-0.0853044785894114,0
20260928,95.9681,,rbi_only,,,0
20260929,96.0321,,rbi_only,,,0
