basis,event_id,window_id,series_id,status,start_date,end_date,trading_days,start_value,end_value,change,log_change,change_unit,n_returns,window_vol_ann_pct,start_staleness_days,end_staleness_days,inr_pct_change,usdinr_minus_dxy_pp,baseline_n,baseline_mean_pct,baseline_sd_pct,z_score,percentile,direction,is_unusual_2sd
RBI,E01,PRE_30,USDINR,complete,2014-01-16,2014-02-28,29,61.5325,62.072,0.8767724373298647,0.0087295110779434,%,29,7.119505046627479,0.0,0.0,-0.8691519525712121,1.0489551921904927,227.0,1.743915075741187,4.079735261061916,-0.2098009362198366,43.61233480176212,INR weakened,0.0
RBI,E01,PRE_30,BRENT,complete,2014-01-16,2014-02-28,29,107.46,108.98,1.4144798064396058,0.0140456938542768,%,29,12.114799019916894,0.0,0.0,,,227.0,-0.5080984230225849,5.077453436347732,0.3769533372656088,59.91189427312775,up,0.0
RBI,E01,PRE_30,GOLD_USD,complete,2014-01-16,2014-02-28,29,1237.25,1327.75,7.314609011921602,0.0705946054705131,%,29,11.142958073431368,0.0,0.0,,,227.0,-3.901212286049793,5.623412168375106,1.963009060974631,94.7136563876652,up,0.0
RBI,E01,PRE_30,NIFTY50,complete,2014-01-16,2014-02-28,29,6318.9,6276.95,-0.6638813717577352,-0.0066609486622732,%,29,12.280351482435153,0.0,0.0,,,227.0,0.5059621797183222,5.336132384116557,-0.2194063554311297,39.20704845814978,down,0.0
RBI,E01,PRE_30,DXY_BROAD,complete,2014-01-16,2014-02-28,29,94.5507,94.3879,-0.172182754860628,-0.0017233115974219,%,29,3.0408794774487165,0.0,0.0,,,227.0,0.3870248897000605,1.1208484921768267,-0.4983805026424298,27.75330396475771,down,0.0
RBI,E01,PRE_30,VIX,complete,2014-01-16,2014-02-28,29,12.53,14.0,11.73184357541901,0.1109315607072818,%,29,132.25951673235247,0.0,0.0,,,,,,,,up,
RBI,E01,PRE_30,UST10Y,complete,2014-01-16,2014-02-28,29,2.86,2.66,-0.1999999999999997,,pp,29,,0.0,0.0,,,,,,,,down,
RBI,E01,PRE_30,FFR_UPPER,complete,2014-01-16,2014-02-28,29,0.25,0.25,0.0,,pp,29,,0.0,0.0,,,,,,,,,
RBI,E01,PRE_30,IN_REPO,complete,2014-01-16,2014-02-28,29,7.75,8.0,0.25,,pp,29,,79.0,31.0,,,,,,,,up,
RBI,E01,PRE_14,USDINR,complete,2014-02-07,2014-02-28,13,62.3155,62.072,-0.3907535043448207,-0.0039151894048027,%,13,4.725153770996428,0.0,0.0,0.3922863771104401,-0.013111036137825,259.0,0.6639226470688708,2.7622554813717715,-0.3812997512415532,34.74903474903475,INR strengthened,0.0
RBI,E01,PRE_14,BRENT,complete,2014-02-07,2014-02-28,13,110.12,108.98,-1.0352342898656053,-0.0104063011194543,%,13,9.788111327738727,0.0,0.0,,,259.0,-0.1571736497799514,3.843297366607781,-0.2298372284386922,40.15444015444015,down,0.0
RBI,E01,PRE_14,GOLD_USD,complete,2014-02-07,2014-02-28,13,1260.0,1327.75,5.37698412698413,0.0523740593569848,%,13,11.73434295975052,0.0,0.0,,,259.0,-1.4217529461262202,4.471310535940882,1.49159012005591,94.98069498069498,up,0.0
RBI,E01,PRE_14,NIFTY50,complete,2014-02-07,2014-02-28,13,6063.2,6276.95,3.5253661432906647,0.0346464801993298,%,13,10.433473572795876,0.0,0.0,,,259.0,0.1042598286256524,3.9857122477839706,0.8431222063226875,81.08108108108108,up,0.0
RBI,E01,PRE_14,DXY_BROAD,complete,2014-02-07,2014-02-28,13,94.7457,94.3879,-0.3776424682069956,-0.0037835733771072,%,13,3.913195191282868,0.0,0.0,,,259.0,0.2257226185467642,0.9621087720036312,-0.6276063611883098,27.7992277992278,down,0.0
RBI,E01,PRE_14,VIX,complete,2014-02-07,2014-02-28,13,15.29,14.0,-8.436886854153036,-0.0881416903257122,%,13,54.57773058267479,0.0,0.0,,,,,,,,down,
RBI,E01,PRE_14,UST10Y,complete,2014-02-07,2014-02-28,13,2.71,2.66,-0.0499999999999998,,pp,13,,0.0,0.0,,,,,,,,down,
RBI,E01,PRE_14,FFR_UPPER,complete,2014-02-07,2014-02-28,13,0.25,0.25,0.0,,pp,13,,0.0,0.0,,,,,,,,,
RBI,E01,PRE_14,IN_REPO,complete,2014-02-07,2014-02-28,13,8.0,8.0,0.0,,pp,13,,10.0,31.0,,,,,,,,,
RBI,E01,PRE_7,USDINR,complete,2014-02-18,2014-02-28,6,62.122,62.072,-0.0804867840700551,-0.0008051919207271,%,6,3.2807177001986614,0.0,0.0,0.0805516174764653,-0.2869768353899959,273.0,0.2787963113094038,1.7030125004287868,-0.2107603950092272,43.95604395604396,INR strengthened,0.0
RBI,E01,PRE_7,BRENT,complete,2014-02-18,2014-02-28,6,110.14,108.98,-1.05320501180316,-0.0105879046793831,%,6,7.974307572762901,0.0,0.0,,,273.0,-0.068413386177013,2.605778581069604,-0.3800605609087817,36.26373626373626,down,0.0
RBI,E01,PRE_7,GOLD_USD,complete,2014-02-18,2014-02-28,6,1314.0,1327.75,1.0464231354642362,0.0104098602579527,%,6,10.269722341819683,0.0,0.0,,,273.0,-0.5357530542176914,3.1499865167911394,0.5010114725545138,68.86446886446886,up,0.0
RBI,E01,PRE_7,NIFTY50,complete,2014-02-18,2014-02-28,6,6127.1,6276.95,2.445692089242857,0.0241626389034434,%,6,8.744360904571352,0.0,0.0,,,273.0,0.0265037251350186,2.6411656651199875,0.9048140025391198,82.05128205128204,up,0.0
RBI,E01,PRE_7,DXY_BROAD,complete,2014-02-18,2014-02-28,6,94.1934,94.3879,0.2064900513199408,0.0020627715363811,%,6,5.409787884344333,0.0,0.0,,,273.0,0.0825653388882408,0.6766443082249604,0.1828817292505409,58.60805860805861,up,0.0
RBI,E01,PRE_7,VIX,complete,2014-02-18,2014-02-28,6,13.87,14.0,0.93727469358329,0.0093290952885185,%,6,69.96865115226036,0.0,0.0,,,,,,,,up,
RBI,E01,PRE_7,UST10Y,complete,2014-02-18,2014-02-28,6,2.71,2.66,-0.0499999999999998,,pp,6,,0.0,0.0,,,,,,,,down,
RBI,E01,PRE_7,FFR_UPPER,complete,2014-02-18,2014-02-28,6,0.25,0.25,0.0,,pp,6,,0.0,0.0,,,,,,,,,
RBI,E01,PRE_7,IN_REPO,complete,2014-02-18,2014-02-28,6,8.0,8.0,0.0,,pp,6,,21.0,31.0,,,,,,,,,
RBI,E01,EVENT,USDINR,complete,2014-02-28,2014-03-03,1,62.072,61.8605,-0.3407333419255032,-0.0034131515998503,%,1,,0.0,0.0,0.3418983034408018,-0.3407333419255032,284.0,0.0436789154964367,0.7431016680837828,-0.5180778829534622,26.05633802816901,INR strengthened,0.0
RBI,E01,EVENT,BRENT,complete,2014-02-28,2014-03-03,1,108.98,111.26,2.0921269957790534,0.0207054254921949,%,1,,0.0,0.0,,,284.0,-0.005831659233213,1.1047225741858548,1.8795437216721915,97.1830985915493,up,0.0
RBI,E01,EVENT,GOLD_USD,complete,2014-02-28,2014-03-03,1,1327.75,1344.25,1.2427038222556863,0.0123504563872788,%,1,,0.0,0.0,,,284.0,-0.0794538278993117,1.2738787650662968,1.0319122070003992,90.84507042253522,up,0.0
RBI,E01,EVENT,NIFTY50,complete,2014-02-28,2014-03-03,1,6276.95,6221.45,-0.8841873840001901,-0.0088811951608681,%,1,,0.0,0.0,,,284.0,0.0187870206022955,1.099455714557222,-0.82486703206107,16.549295774647888,down,0.0
RBI,E01,EVENT,DXY_BROAD,complete,2014-02-28,2014-03-03,1,94.3879,94.3879,0.0,0.0,%,1,,0.0,3.0,,,284.0,0.0125491382719777,0.2625407340232316,-0.0477958248276331,45.77464788732394,,0.0
RBI,E01,EVENT,VIX,complete,2014-02-28,2014-03-03,1,14.0,16.0,14.28571428571428,0.1335313926245225,%,1,,0.0,0.0,,,,,,,,up,
RBI,E01,EVENT,UST10Y,complete,2014-02-28,2014-03-03,1,2.66,2.6,-0.06,,pp,1,,0.0,0.0,,,,,,,,down,
RBI,E01,EVENT,FFR_UPPER,complete,2014-02-28,2014-03-03,1,0.25,0.25,0.0,,pp,1,,0.0,0.0,,,,,,,,,
RBI,E01,EVENT,IN_REPO,complete,2014-02-28,2014-03-03,1,8.0,8.0,0.0,,pp,1,,31.0,34.0,,,,,,,,,
RBI,E01,POST_7,USDINR,complete,2014-02-28,2014-03-12,8,62.072,61.09,-1.582033767238045,-0.0159468149299725,%,8,8.604394722600311,0.0,0.0,1.607464396791625,-1.660539592666943,277.0,0.3609527092730102,2.042502124598176,-0.9571516757719816,10.830324909747292,INR strengthened,0.0
RBI,E01,POST_7,BRENT,complete,2014-02-28,2014-03-12,8,108.98,107.88,-1.0093595155074353,-0.010144880883423,%,8,19.54822224513697,0.0,0.0,,,277.0,-0.0858532925413935,2.9974886274669945,-0.3097919746035141,38.62815884476535,down,0.0
RBI,E01,POST_7,GOLD_USD,complete,2014-02-28,2014-03-12,8,1327.75,1355.75,2.1088307286763364,0.0208690264186615,%,8,13.240654774292482,0.0,0.0,,,277.0,-0.6501576215286353,3.6656619285564913,0.7472546697367901,77.25631768953069,up,0.0
RBI,E01,POST_7,NIFTY50,complete,2014-02-28,2014-03-12,8,6276.95,6516.9,3.8227164466819055,0.0375146090338451,%,8,14.709353515992872,0.0,0.0,,,277.0,0.0859715948589689,3.0930638852387187,1.1850793837227998,88.4476534296029,up,0.0
RBI,E01,POST_7,DXY_BROAD,complete,2014-02-28,2014-03-12,8,94.3879,94.462,0.0785058254288983,0.0007847502572442,%,8,4.179570463160288,0.0,0.0,,,277.0,0.1108169873059727,0.764161944907192,-0.042243146362141,50.18050541516246,up,0.0
RBI,E01,POST_7,VIX,complete,2014-02-28,2014-03-12,8,14.0,14.47,3.3571428571428585,0.0330202110281338,%,8,114.9908977795784,0.0,0.0,,,,,,,,up,
RBI,E01,POST_7,UST10Y,complete,2014-02-28,2014-03-12,8,2.66,2.73,0.0699999999999998,,pp,8,,0.0,0.0,,,,,,,,up,
RBI,E01,POST_7,FFR_UPPER,complete,2014-02-28,2014-03-12,8,0.25,0.25,0.0,,pp,8,,0.0,0.0,,,,,,,,,
RBI,E01,POST_7,IN_REPO,complete,2014-02-28,2014-03-12,8,8.0,8.0,0.0,,pp,8,,31.0,43.0,,,,,,,,,
RBI,E01,POST_14,USDINR,complete,2014-02-28,2014-03-24,15,62.072,60.703,-2.2055032865059943,-0.0223018813537515,%,15,8.487374145392558,0.0,0.0,2.255242739238583,-2.5986680883502977,270.0,0.7225934171772863,2.960820769307737,-0.9964072751931008,11.48148148148148,INR strengthened,0.0
RBI,E01,POST_14,BRENT,complete,2014-02-28,2014-03-24,15,108.98,106.59,-2.1930629473297825,-0.0221746804539068,%,15,16.543191061572845,0.0,0.0,,,270.0,-0.1379682924518954,3.874614823791058,-0.5366738588541569,27.77777777777778,down,0.0
RBI,E01,POST_14,GOLD_USD,complete,2014-02-28,2014-03-24,15,1327.75,1322.0,-0.4330634532103139,-0.0043400388908768,%,15,15.148215451288912,0.0,0.0,,,270.0,-1.3648225620937926,4.777871134592676,0.196785968135653,54.07407407407408,down,0.0
RBI,E01,POST_14,NIFTY50,complete,2014-02-28,2014-03-24,15,6276.95,6583.5,4.883741307482148,0.0476823250992492,%,15,12.58157410741044,0.0,0.0,,,270.0,0.0961819080398607,4.212835396391466,1.1090148053366564,86.66666666666667,up,0.0
RBI,E01,POST_14,DXY_BROAD,complete,2014-02-28,2014-03-24,15,94.3879,94.759,0.3931648018443034,0.0039239392891066,%,15,4.337777386439741,0.0,0.0,,,270.0,0.2254974182281044,1.002131556383261,0.1667948419346776,57.77777777777777,up,0.0
RBI,E01,POST_14,VIX,complete,2014-02-28,2014-03-24,15,14.0,15.09,7.785714285714285,0.0749749431644989,%,15,137.27405860545778,0.0,0.0,,,,,,,,up,
RBI,E01,POST_14,UST10Y,complete,2014-02-28,2014-03-24,15,2.66,2.74,0.08,,pp,15,,0.0,0.0,,,,,,,,up,
RBI,E01,POST_14,FFR_UPPER,complete,2014-02-28,2014-03-24,15,0.25,0.25,0.0,,pp,15,,0.0,0.0,,,,,,,,,
RBI,E01,POST_14,IN_REPO,complete,2014-02-28,2014-03-24,15,8.0,8.0,0.0,,pp,15,,31.0,55.0,,,,,,,,,
RBI,E01,POST_30,USDINR,complete,2014-02-28,2014-04-22,31,62.072,60.7147,-2.186654208016503,-0.022109158216413,%,31,7.59150150240129,0.0,0.0,2.235537686919309,-1.8606590327874817,254.0,1.7222456510795014,3.931885050086637,-0.9965954962924288,8.267716535433072,INR strengthened,0.0
RBI,E01,POST_30,BRENT,complete,2014-02-28,2014-04-22,31,108.98,108.54,-0.4037438062029719,-0.0040456105196935,%,31,18.983899673322792,0.0,0.0,,,254.0,-0.5754411420490824,5.029591855526431,0.0343053942924944,49.60629921259843,down,0.0
RBI,E01,POST_30,GOLD_USD,complete,2014-02-28,2014-04-22,31,1327.75,1290.75,-2.786669177179435,-0.02826233554275,%,31,12.78915877240016,0.0,0.0,,,254.0,-3.227487471992063,6.228051225996532,0.0729739979667768,58.66141732283464,down,0.0
RBI,E01,POST_30,NIFTY50,complete,2014-02-28,2014-04-22,31,6276.95,6815.35,8.577414190012679,0.0822932274148162,%,31,11.791767757188602,0.0,0.0,,,254.0,0.3089358270681686,5.157847271222121,1.5356916798920337,91.73228346456692,up,0.0
RBI,E01,POST_30,DXY_BROAD,complete,2014-02-28,2014-04-22,31,94.3879,94.0802,-0.3259951752290213,-0.0032652769714583,%,31,3.748403666714197,0.0,0.0,,,254.0,0.4991240614669046,1.1305789913623363,-0.7291929799863868,22.440944881889763,down,0.0
RBI,E01,POST_30,VIX,complete,2014-02-28,2014-04-22,31,14.0,13.19,-5.785714285714294,-0.0595983628860354,%,31,128.75841120773862,0.0,0.0,,,,,,,,down,
RBI,E01,POST_30,UST10Y,complete,2014-02-28,2014-04-22,31,2.66,2.73,0.0699999999999998,,pp,31,,0.0,0.0,,,,,,,,up,
RBI,E01,POST_30,FFR_UPPER,complete,2014-02-28,2014-04-22,31,0.25,0.25,0.0,,pp,31,,0.0,0.0,,,,,,,,,
RBI,E01,POST_30,IN_REPO,complete,2014-02-28,2014-04-22,31,8.0,8.0,0.0,,pp,31,,31.0,84.0,,,,,,,,,
RBI,E01,POST_90,USDINR,complete,2014-02-28,2014-07-18,91,62.072,60.33,-2.8064183528805358,-0.0284655091389778,%,91,6.618352484030794,0.0,0.0,2.887452345433461,-2.036086562470951,194.0,6.558471487431228,6.621140549689845,-1.3893253737819329,7.216494845360824,INR strengthened,0.0
RBI,E01,POST_90,BRENT,complete,2014-02-28,2014-07-18,91,108.98,106.03,-2.7069187006790285,-0.0274423062172454,%,91,14.25715050795846,0.0,0.0,,,194.0,-0.0224516672544639,6.954171743034368,-0.3913875777416946,30.412371134020617,down,0.0
RBI,E01,POST_90,GOLD_USD,complete,2014-02-28,2014-07-18,91,1327.75,1310.25,-1.318019205422705,-0.0132678216202328,%,91,12.227364548547152,0.0,0.0,,,194.0,-9.746073075582364,8.81459361565869,1.0128119385445329,85.56701030927834,down,0.0
RBI,E01,POST_90,NIFTY50,complete,2014-02-28,2014-07-18,91,6276.95,7663.9,22.09592238268585,0.1996367988517196,%,91,13.678393832814796,0.0,0.0,,,194.0,2.2857870730448093,5.7204192639961455,3.094812585521548,100.0,up,1.0
RBI,E01,POST_90,DXY_BROAD,complete,2014-02-28,2014-07-18,91,94.3879,93.6608,-0.7703317904095841,-0.0077331417177336,%,91,2.7066226385510155,0.0,0.0,,,194.0,1.045014221203755,1.4295767755563331,-1.268141659204001,9.793814432989691,down,0.0
RBI,E01,POST_90,VIX,complete,2014-02-28,2014-07-18,91,14.0,12.06,-13.857142857142858,-0.1491631383162192,%,91,110.3455924533008,0.0,0.0,,,,,,,,down,
RBI,E01,POST_90,UST10Y,complete,2014-02-28,2014-07-18,91,2.66,2.5,-0.1600000000000001,,pp,91,,0.0,0.0,,,,,,,,down,
RBI,E01,POST_90,FFR_UPPER,complete,2014-02-28,2014-07-18,91,0.25,0.25,0.0,,pp,91,,0.0,0.0,,,,,,,,,
RBI,E01,POST_90,IN_REPO,complete,2014-02-28,2014-07-18,91,8.0,8.0,0.0,,pp,91,,31.0,171.0,,,,,,,,,
RBI,E02,PRE_30,USDINR,complete,2016-08-12,2016-09-28,29,66.8252,66.4482,-0.5641584312504833,-0.0056575581561362,%,29,3.59080215201951,0.0,0.0,0.5673592362170687,-1.8680053011994824,751.0,0.5802655740174245,2.542182100187426,-0.4501425501044611,26.764314247669773,INR strengthened,0.0
RBI,E02,PRE_30,BRENT,complete,2016-08-12,2016-09-28,29,45.12,45.49,0.8200354609929184,0.0081669143921093,%,29,44.21837017882776,0.0,0.0,,,751.0,-3.224039629884168,14.13010124714602,0.2897253141209105,62.982689747004,up,0.0
RBI,E02,PRE_30,GOLD_USD,complete,2016-08-12,2016-09-28,29,1336.7,1324.8,-0.8902521134136365,-0.0089423853464321,%,29,9.962754551680291,0.0,0.0,,,751.0,-0.0360019104286402,5.200597244983502,-0.1650253041222882,44.87350199733689,down,0.0
RBI,E02,PRE_30,NIFTY50,complete,2016-08-12,2016-09-28,29,8672.15,8745.15,0.8417751076722713,0.0083825193864537,%,29,11.159421732846187,0.0,0.0,,,751.0,1.4764040171852066,5.090674486137205,-0.1232369769725795,42.07723035952064,up,0.0
RBI,E02,PRE_30,DXY_BROAD,complete,2016-08-12,2016-09-28,29,111.1787,112.6283,1.3038468699489991,0.012954199569689,%,29,5.958782360123114,0.0,0.0,,,751.0,0.7133980576766064,1.6840379950364248,0.3471148197734373,61.65113182423435,up,0.0
RBI,E02,PRE_30,VIX,complete,2016-08-12,2016-09-28,29,11.55,12.39,7.272727272727275,0.0702042586732485,%,29,168.67884770006043,0.0,0.0,,,,,,,,up,
RBI,E02,PRE_30,UST10Y,complete,2016-08-12,2016-09-28,29,1.51,1.57,0.06,,pp,29,,0.0,0.0,,,,,,,,up,
RBI,E02,PRE_30,FFR_UPPER,complete,2016-08-12,2016-09-28,29,0.5,0.5,0.0,,pp,29,,0.0,0.0,,,,,,,,,
RBI,E02,PRE_30,IN_REPO,complete,2016-08-12,2016-09-28,29,6.5,6.5,0.0,,pp,29,,129.0,176.0,,,,,,,,,
RBI,E02,PRE_14,USDINR,complete,2016-09-08,2016-09-28,13,66.4483,66.4482,-0.0001504929396323,-1.5049305287305648e-06,%,13,3.9846278089917,0.0,0.0,0.0001504931661067,-1.2291536737515707,751.0,0.1907049840744079,1.792291506161809,-0.1063855212026681,44.34087882822903,INR strengthened,0.0
RBI,E02,PRE_14,BRENT,complete,2016-09-08,2016-09-28,13,49.23,45.49,-7.5969937030266,-0.0790106721881963,%,13,33.73943719866713,0.0,0.0,,,751.0,-1.4075714373367965,8.862599081215002,-0.7315569038019152,18.10918774966711,down,0.0
RBI,E02,PRE_14,GOLD_USD,complete,2016-09-08,2016-09-28,13,1348.0,1324.8,-1.721068249258162,-0.0173605078412571,%,13,8.135089167078979,0.0,0.0,,,751.0,0.0785092787377816,3.499269043256622,-0.5185452270229932,30.75898801597869,down,0.0
RBI,E02,PRE_14,NIFTY50,complete,2016-09-08,2016-09-28,13,8952.5,8745.15,-2.316112817648708,-0.0234335619083284,%,13,12.042760537019742,0.0,0.0,,,751.0,0.6712050699349215,3.6528358269225008,-0.824652092626922,19.307589880159785,down,0.0
RBI,E02,PRE_14,DXY_BROAD,complete,2016-09-08,2016-09-28,13,111.2609,112.6283,1.2290031808119384,0.012215122501202,%,13,5.710761797776966,0.0,0.0,,,751.0,0.2937553995580044,1.128123803610832,0.8227709278556647,79.49400798934754,up,0.0
RBI,E02,PRE_14,VIX,complete,2016-09-08,2016-09-28,13,12.51,12.39,-0.9592326139088668,-0.0096386288377686,%,13,235.86533445614543,0.0,0.0,,,,,,,,down,
RBI,E02,PRE_14,UST10Y,complete,2016-09-08,2016-09-28,13,1.61,1.57,-0.04,,pp,13,,0.0,0.0,,,,,,,,down,
RBI,E02,PRE_14,FFR_UPPER,complete,2016-09-08,2016-09-28,13,0.5,0.5,0.0,,pp,13,,0.0,0.0,,,,,,,,,
RBI,E02,PRE_14,IN_REPO,complete,2016-09-08,2016-09-28,13,6.5,6.5,0.0,,pp,13,,156.0,176.0,,,,,,,,,
RBI,E02,PRE_7,USDINR,complete,2016-09-20,2016-09-28,6,67.02,66.4482,-0.8531781557743923,-0.0085683855529148,%,6,3.3061724074213967,0.0,0.0,0.8605199237902594,-0.3615043621201241,751.0,0.0930751320928013,1.1464433478813787,-0.8285367097264413,13.18242343541944,INR strengthened,0.0
RBI,E02,PRE_7,BRENT,complete,2016-09-20,2016-09-28,6,45.24,45.49,0.5526083112290081,0.005510870333993,%,6,35.683711923656844,0.0,0.0,,,751.0,-0.6793775207431074,5.876366304271995,0.2097865866842435,62.31691078561917,up,0.0
RBI,E02,PRE_7,GOLD_USD,complete,2016-09-20,2016-09-28,6,1315.4,1324.8,0.7146115250113994,0.0071207027637445,%,6,9.297243960761602,0.0,0.0,,,751.0,-0.0048936317975756,2.281084972526106,0.3143083385973649,63.11584553928096,up,0.0
RBI,E02,PRE_7,NIFTY50,complete,2016-09-20,2016-09-28,6,8775.9,8745.15,-0.3503914128465402,-0.0035100672130332,%,6,12.20108946191789,0.0,0.0,,,751.0,0.3227131028188168,2.511771653603471,-0.2680180827756556,38.8814913448735,down,0.0
RBI,E02,PRE_7,DXY_BROAD,complete,2016-09-20,2016-09-28,6,113.1848,112.6283,-0.4916737936542681,-0.0049288648587728,%,6,5.478493535434863,0.0,0.0,,,751.0,0.1510782228284046,0.7616876426613852,-0.8452949270942232,18.508655126498,down,0.0
RBI,E02,PRE_7,VIX,complete,2016-09-20,2016-09-28,6,15.92,12.39,-22.17336683417085,-0.2506864847751858,%,6,192.2733021572249,0.0,0.0,,,,,,,,down,
RBI,E02,PRE_7,UST10Y,complete,2016-09-20,2016-09-28,6,1.69,1.57,-0.1199999999999998,,pp,6,,0.0,0.0,,,,,,,,down,
RBI,E02,PRE_7,FFR_UPPER,complete,2016-09-20,2016-09-28,6,0.5,0.5,0.0,,pp,6,,0.0,0.0,,,,,,,,,
RBI,E02,PRE_7,IN_REPO,complete,2016-09-20,2016-09-28,6,6.5,6.5,0.0,,pp,6,,168.0,176.0,,,,,,,,,
RBI,E02,EVENT,USDINR,complete,2016-09-28,2016-09-29,1,66.4482,66.5521,0.1563623995834318,0.0015624028086534,%,1,,0.0,0.0,-0.1561182892801271,0.4585954973039929,751.0,0.0111411480800738,0.4623841016732463,0.3138078338766384,67.24367509986683,INR weakened,0.0
RBI,E02,EVENT,BRENT,complete,2016-09-28,2016-09-29,1,45.49,48.43,6.462958892064186,0.062626934833225,%,1,,0.0,0.0,,,751.0,-0.1142253261994685,2.274297072935681,2.803936289702491,98.40213049267643,up,1.0
RBI,E02,EVENT,GOLD_USD,complete,2016-09-28,2016-09-29,1,1324.8,1320.85,-0.2981582125603954,-0.002986035896649,%,1,,0.0,0.0,,,751.0,0.0037770347349974,0.925062518801153,-0.3268758023658866,36.75099866844207,down,0.0
RBI,E02,EVENT,NIFTY50,complete,2016-09-28,2016-09-29,1,8745.15,8591.25,-1.7598325929229277,-0.0177550175284443,%,1,,0.0,0.0,,,751.0,0.0601892758054667,1.0082056465936873,-1.8207326336371537,3.595206391478029,down,0.0
RBI,E02,EVENT,DXY_BROAD,complete,2016-09-28,2016-09-29,1,112.6283,112.2879,-0.3022330977205612,-0.0030269074428622,%,1,,0.0,0.0,,,751.0,0.0257191573736603,0.3308955113647165,-0.9924782403276629,12.383488681757656,down,0.0
RBI,E02,EVENT,VIX,complete,2016-09-28,2016-09-29,1,12.39,14.02,13.155770782889409,0.1235951859653927,%,1,,0.0,0.0,,,,,,,,up,
RBI,E02,EVENT,UST10Y,complete,2016-09-28,2016-09-29,1,1.57,1.56,-0.01,,pp,1,,0.0,0.0,,,,,,,,down,
RBI,E02,EVENT,FFR_UPPER,complete,2016-09-28,2016-09-29,1,0.5,0.5,0.0,,pp,1,,0.0,0.0,,,,,,,,,
RBI,E02,EVENT,IN_REPO,complete,2016-09-28,2016-09-29,1,6.5,6.5,0.0,,pp,1,,176.0,177.0,,,,,,,,,
RBI,E02,POST_7,USDINR,complete,2016-09-28,2016-10-10,8,66.4482,66.5856,0.2067776102287144,0.0020656411957817,%,8,2.92404226576097,0.0,0.0,-0.2063509227220317,-0.3820619620635179,751.0,0.0975907685507815,1.351247687758578,0.0806816846730356,55.52596537949401,INR weakened,0.0
RBI,E02,POST_7,BRENT,complete,2016-09-28,2016-10-10,8,45.49,51.54,13.29962629149264,0.1248656836423063,%,8,32.3409479922911,0.0,0.0,,,751.0,-0.910815946205834,6.856352783189919,1.954619025980094,96.40479360852196,up,0.0
RBI,E02,POST_7,GOLD_USD,complete,2016-09-28,2016-10-10,8,1324.8,1262.1,-4.732789855072472,-0.0484845043664104,%,8,16.22606879254481,0.0,0.0,,,751.0,0.0189145002387203,2.6807530091101857,-1.8156701239437572,3.462050599201065,down,0.0
RBI,E02,POST_7,NIFTY50,complete,2016-09-28,2016-10-10,8,8745.15,8708.8,-0.415658965255028,-0.0041652522843237,%,8,14.356797165032692,0.0,0.0,,,751.0,0.4703669058094828,2.8663160864744417,-0.3090340838464349,35.685752330226364,down,0.0
RBI,E02,POST_7,DXY_BROAD,complete,2016-09-28,2016-10-10,8,112.6283,113.2915,0.5888395722922324,0.0058711268781943,%,8,2.8204947508311315,0.0,3.0,,,751.0,0.2005759170484955,0.8724055382530717,0.4433003216197496,67.24367509986683,up,0.0
RBI,E02,POST_7,VIX,complete,2016-09-28,2016-10-10,8,12.39,13.38,7.990314769975781,0.0768713590590312,%,8,90.4389188325058,0.0,0.0,,,,,,,,up,
RBI,E02,POST_7,UST10Y,complete,2016-09-28,2016-10-10,8,1.57,1.73,0.1599999999999999,,pp,8,,0.0,3.0,,,,,,,,up,
RBI,E02,POST_7,FFR_UPPER,complete,2016-09-28,2016-10-10,8,0.5,0.5,0.0,,pp,8,,0.0,0.0,,,,,,,,,
RBI,E02,POST_7,IN_REPO,complete,2016-09-28,2016-10-10,8,6.5,6.25,-0.25,,pp,8,,176.0,6.0,,,,,,,,down,
RBI,E02,POST_14,USDINR,complete,2016-09-28,2016-10-21,15,66.4482,66.8943,0.671350013995875,0.0066910649543324,%,15,2.8086572157913348,0.0,0.0,-0.6668729622703262,-0.4590941106157986,751.0,0.2069543839496646,1.911432250902179,0.2418950328193413,64.4474034620506,INR weakened,0.0
RBI,E02,POST_14,BRENT,complete,2016-09-28,2016-10-21,15,45.49,50.28,10.529786766322257,0.1001148621401338,%,15,39.87848549613363,0.0,0.0,,,751.0,-1.6803585009829811,9.514372310325612,1.2303620809243343,88.81491344873503,up,0.0
RBI,E02,POST_14,GOLD_USD,complete,2016-09-28,2016-10-21,15,1324.8,1263.95,-4.593146135265691,-0.0470197666686149,%,15,13.464120406915292,0.0,0.0,,,751.0,0.0270304916343055,3.6858265489123454,-1.2830238870877115,10.51930758988016,down,0.0
RBI,E02,POST_14,NIFTY50,complete,2016-09-28,2016-10-21,15,8745.15,8693.05,-0.5957587920161544,-0.0059754051474513,%,15,14.915656680425208,0.0,0.0,,,751.0,0.8367726199286718,3.818767114572412,-0.3746841736761497,32.090545938748335,down,0.0
RBI,E02,POST_14,DXY_BROAD,complete,2016-09-28,2016-10-21,15,112.6283,113.9015,1.1304441246116737,0.0112410235371462,%,15,3.588185341595973,0.0,0.0,,,751.0,0.3723365854750859,1.19649237257805,0.6288859355197111,71.77097203728363,up,0.0
RBI,E02,POST_14,VIX,complete,2016-09-28,2016-10-21,15,12.39,13.34,7.667473769168676,0.0738773448464265,%,15,122.40419079917868,0.0,0.0,,,,,,,,up,
RBI,E02,POST_14,UST10Y,complete,2016-09-28,2016-10-21,15,1.57,1.74,0.1699999999999999,,pp,15,,0.0,0.0,,,,,,,,up,
RBI,E02,POST_14,FFR_UPPER,complete,2016-09-28,2016-10-21,15,0.5,0.5,0.0,,pp,15,,0.0,0.0,,,,,,,,,
RBI,E02,POST_14,IN_REPO,complete,2016-09-28,2016-10-21,15,6.5,6.25,-0.25,,pp,15,,176.0,17.0,,,,,,,,down,
RBI,E02,POST_30,USDINR,complete,2016-09-28,2016-11-16,31,66.4482,67.7791,2.002913547695795,0.0198311910813269,%,31,4.780067385460329,0.0,0.0,-1.9635846448241456,-1.7065449099032293,751.0,0.4438964018668612,2.4364755089522787,0.6321446756948378,80.29294274300932,INR weakened,0.0
RBI,E02,POST_30,BRENT,complete,2016-09-28,2016-11-16,31,45.49,45.07,-0.9232798417234568,-0.0092756848793558,%,31,41.60919209615911,0.0,0.0,,,751.0,-3.359816759629275,14.768388125210954,0.1686024947327487,55.25965379494008,down,0.0
RBI,E02,POST_30,GOLD_USD,complete,2016-09-28,2016-11-16,31,1324.8,1225.7,-7.480374396135259,-0.0777493952838757,%,31,15.69374847669098,0.0,0.0,,,751.0,0.1515328444223085,5.128904802994248,-1.545428894102382,6.125166444740346,down,0.0
RBI,E02,POST_30,NIFTY50,complete,2016-09-28,2016-11-16,31,8745.15,8111.6,-7.244586999651226,-0.0752041250137506,%,31,15.92456093741506,0.0,0.0,,,751.0,1.6763746909322474,5.1965314629264805,-1.7671193145774386,5.0599201065246335,down,0.0
RBI,E02,POST_30,DXY_BROAD,complete,2016-09-28,2016-11-16,31,112.6283,116.8062,3.709458457599024,0.0364231349009406,%,31,5.656143788626944,0.0,0.0,,,751.0,0.7284442484495779,1.7689929262647472,1.6486835752356166,97.0705725699068,up,0.0
RBI,E02,POST_30,VIX,complete,2016-09-28,2016-11-16,31,12.39,13.72,10.73446327683616,0.101964926656688,%,31,143.64629794000118,0.0,0.0,,,,,,,,up,
RBI,E02,POST_30,UST10Y,complete,2016-09-28,2016-11-16,31,1.57,2.22,0.6500000000000001,,pp,31,,0.0,0.0,,,,,,,,up,
RBI,E02,POST_30,FFR_UPPER,complete,2016-09-28,2016-11-16,31,0.5,0.5,0.0,,pp,31,,0.0,0.0,,,,,,,,,
RBI,E02,POST_30,IN_REPO,complete,2016-09-28,2016-11-16,31,6.5,6.25,-0.25,,pp,31,,176.0,43.0,,,,,,,,down,
RBI,E02,POST_90,USDINR,complete,2016-09-28,2017-02-10,91,66.4482,66.9367,0.7351591164245219,0.0073246999330533,%,91,4.201610687573648,0.0,0.0,-0.7297939695264377,-2.389899150458663,751.0,1.9450396402843628,4.276390662661844,-0.2791829846572854,35.81890812250333,INR weakened,0.0
RBI,E02,POST_90,BRENT,complete,2016-09-28,2017-02-10,91,45.49,55.2,21.34535062651133,0.1934704317011369,%,91,36.9470265181462,0.0,0.0,,,751.0,-9.323105660342978,25.790102347709105,1.129650581756782,89.88015978695073,up,0.0
RBI,E02,POST_90,GOLD_USD,complete,2016-09-28,2017-02-10,91,1324.8,1225.75,-7.476600241545894,-0.0777086030996526,%,91,14.575884286411169,0.0,0.0,,,751.0,-0.5591702939752086,7.128646849562509,-1.0114290914702713,14.247669773635153,down,0.0
RBI,E02,POST_90,NIFTY50,complete,2016-09-28,2017-02-10,91,8745.15,8793.55,0.5534496263643218,0.0055192372140756,%,91,13.674794868009547,0.0,0.0,,,751.0,4.557682151957931,8.732327585535531,-0.4471829285993225,36.21837549933422,up,0.0
RBI,E02,POST_90,DXY_BROAD,complete,2016-09-28,2017-02-10,91,112.6283,116.148,3.125058266883185,0.0307722236787946,%,91,6.23639827214433,0.0,0.0,,,751.0,2.2674737798888733,3.149917834911114,0.265109665371863,64.4474034620506,up,0.0
RBI,E02,POST_90,VIX,complete,2016-09-28,2017-02-10,91,12.39,10.85,-12.429378531073452,-0.1327246156545826,%,91,102.96060164872964,0.0,0.0,,,,,,,,down,
RBI,E02,POST_90,UST10Y,complete,2016-09-28,2017-02-10,91,1.57,2.41,0.8400000000000001,,pp,91,,0.0,0.0,,,,,,,,up,
RBI,E02,POST_90,FFR_UPPER,complete,2016-09-28,2017-02-10,91,0.5,0.75,0.25,,pp,91,,0.0,0.0,,,,,,,,up,
RBI,E02,POST_90,IN_REPO,complete,2016-09-28,2017-02-10,91,6.5,6.25,-0.25,,pp,91,,176.0,129.0,,,,,,,,down,
RBI,E03,PRE_30,USDINR,complete,2017-05-18,2017-06-29,29,64.3441,64.4715,0.1979979516381513,0.0019780219404864,%,29,4.798706421857437,0.0,0.0,-0.1976066944308852,2.184813192610491,751.0,0.1744831741007368,1.7941351876074885,0.0130821050520072,47.93608521970706,INR weakened,0.0
RBI,E03,PRE_30,BRENT,complete,2017-05-18,2017-06-29,29,51.71,47.02,-9.06981241539354,-0.0950781432962066,%,29,32.98737778673392,0.0,0.0,,,751.0,-2.868937586168008,14.703870152028834,-0.4486518313961907,27.4300932090546,down,0.0
RBI,E03,PRE_30,GOLD_USD,complete,2017-05-18,2017-06-29,29,1261.35,1246.6,-1.1693820113370612,-0.0117627305722664,%,29,8.639800763266086,0.0,0.0,,,751.0,-0.2190010435355605,4.9095703460865066,-0.1949318959187972,43.00932090545938,down,0.0
RBI,E03,PRE_30,NIFTY50,complete,2017-05-18,2017-06-29,29,9429.45,9504.1,0.7916686551177499,0.0078855140023183,%,29,7.431828241395102,0.0,0.0,,,751.0,1.489619017083954,4.911210444809962,-0.140511542820476,39.14780292942743,up,0.0
RBI,E03,PRE_30,DXY_BROAD,complete,2017-05-18,2017-06-29,29,114.2683,111.998,-1.9868152409723396,-0.0200681780095674,%,29,4.113672351258092,0.0,0.0,,,751.0,0.7522831793796092,1.8355986247625864,-1.5015730590410898,8.388814913448735,down,0.0
RBI,E03,PRE_30,VIX,complete,2017-05-18,2017-06-29,29,14.66,11.44,-21.964529331514328,-0.2480067105068536,%,29,104.61748011360264,0.0,0.0,,,,,,,,down,
RBI,E03,PRE_30,UST10Y,complete,2017-05-18,2017-06-29,29,2.23,2.27,0.04,,pp,29,,0.0,0.0,,,,,,,,up,
RBI,E03,PRE_30,FFR_UPPER,complete,2017-05-18,2017-06-29,29,1.0,1.25,0.25,,pp,29,,0.0,0.0,,,,,,,,up,
RBI,E03,PRE_30,IN_REPO,complete,2017-05-18,2017-06-29,29,6.25,6.25,0.0,,pp,29,,226.0,268.0,,,,,,,,,
RBI,E03,PRE_14,USDINR,complete,2017-06-09,2017-06-29,13,64.2584,64.4715,0.3316297947038915,0.0033108111582067,%,13,3.376826307545152,0.0,0.0,-0.3305336466500885,1.1799232040076713,751.0,0.1138117471194855,1.206391270095471,0.1801522363090829,57.65645805592543,INR weakened,0.0
RBI,E03,PRE_14,BRENT,complete,2017-06-09,2017-06-29,13,46.64,47.02,0.8147512864494111,0.0081145010696866,%,13,34.227927764149925,0.0,0.0,,,751.0,-1.340312450691794,9.558717940919314,0.2260581213372378,62.050599201065246,up,0.0
RBI,E03,PRE_14,GOLD_USD,complete,2017-06-09,2017-06-29,13,1274.25,1246.6,-2.169903865018641,-0.0219379248454009,%,13,6.416766356354247,0.0,0.0,,,751.0,-0.0407560666088491,3.409741273228749,-0.6314344514328424,27.4300932090546,down,0.0
RBI,E03,PRE_14,NIFTY50,complete,2017-06-09,2017-06-29,13,9668.25,9504.1,-1.6978253561916512,-0.0171240365587303,%,13,5.931341406268241,0.0,0.0,,,751.0,0.6088871551785058,3.3004836399281063,-0.7027590004254856,20.63914780292943,down,0.0
RBI,E03,PRE_14,DXY_BROAD,complete,2017-06-09,2017-06-29,13,112.9562,111.998,-0.8482934093037797,-0.0085191189596611,%,13,5.461368666876013,0.0,0.0,,,751.0,0.3225167258471995,1.1959671896429434,-0.9815567369492496,16.644474034620508,down,0.0
RBI,E03,PRE_14,VIX,complete,2017-06-09,2017-06-29,13,10.7,11.44,6.915887850467284,0.0668722444837913,%,13,110.67802564059504,0.0,0.0,,,,,,,,up,
RBI,E03,PRE_14,UST10Y,complete,2017-06-09,2017-06-29,13,2.21,2.27,0.06,,pp,13,,0.0,0.0,,,,,,,,up,
RBI,E03,PRE_14,FFR_UPPER,complete,2017-06-09,2017-06-29,13,1.0,1.25,0.25,,pp,13,,0.0,0.0,,,,,,,,up,
RBI,E03,PRE_14,IN_REPO,complete,2017-06-09,2017-06-29,13,6.25,6.25,0.0,,pp,13,,248.0,268.0,,,,,,,,,
RBI,E03,PRE_7,USDINR,complete,2017-06-20,2017-06-29,6,64.4672,64.4715,0.0066700585724221,6.669836133906534e-05,%,6,2.366906011614433,0.0,0.0,-0.006669613705279,1.1294759609400409,751.0,0.053658383466093,0.7773059963984639,-0.0604320005081569,47.802929427430094,INR weakened,0.0
RBI,E03,PRE_7,BRENT,complete,2017-06-20,2017-06-29,6,43.98,47.02,6.91223283310598,0.0668380579853085,%,6,29.582100244637825,0.0,0.0,,,751.0,-0.6937614766576616,6.307231456700613,1.1700831084737775,89.61384820239681,up,0.0
RBI,E03,PRE_7,GOLD_USD,complete,2017-06-20,2017-06-29,6,1246.5,1246.6,0.0080224628961067,8.022141113761953e-05,%,6,5.797738262207201,0.0,0.0,,,751.0,-0.0236943156361357,2.222992528111716,0.0142687228568007,51.39813581890812,up,0.0
RBI,E03,PRE_7,NIFTY50,complete,2017-06-20,2017-06-29,6,9653.5,9504.1,-1.54762521365307,-0.0155972594432779,%,6,4.887287281135374,0.0,0.0,,,751.0,0.2897003318976576,2.324621214663973,-0.7954016085899991,19.44074567243675,down,0.0
RBI,E03,PRE_7,DXY_BROAD,complete,2017-06-20,2017-06-29,6,113.2698,111.998,-1.1228059023676185,-0.0112915695256737,%,6,2.7032496101187053,0.0,0.0,,,751.0,0.1474375563429442,0.8074152887604522,-1.5809533758263634,5.725699067909454,down,0.0
RBI,E03,PRE_7,VIX,complete,2017-06-20,2017-06-29,6,10.86,11.44,5.340699815837935,0.0520296714458624,%,6,140.0625375494871,0.0,0.0,,,,,,,,up,
RBI,E03,PRE_7,UST10Y,complete,2017-06-20,2017-06-29,6,2.16,2.27,0.1099999999999998,,pp,6,,0.0,0.0,,,,,,,,up,
RBI,E03,PRE_7,FFR_UPPER,complete,2017-06-20,2017-06-29,6,1.25,1.25,0.0,,pp,6,,0.0,0.0,,,,,,,,,
RBI,E03,PRE_7,IN_REPO,complete,2017-06-20,2017-06-29,6,6.25,6.25,0.0,,pp,6,,259.0,268.0,,,,,,,,,
RBI,E03,EVENT,USDINR,complete,2017-06-29,2017-06-30,1,64.4715,64.7379,0.4132058351364431,0.0041235448424076,%,1,,0.0,0.0,-0.4115054705203458,0.4207059690674142,751.0,0.0121238418769875,0.3019410951345338,1.3255280042743909,92.54327563249002,INR weakened,0.0
RBI,E03,EVENT,BRENT,complete,2017-06-29,2017-06-30,1,47.02,47.08,0.1276052743513389,0.0012752392801525,%,1,,0.0,0.0,,,751.0,-0.1141898603947533,2.448808279297117,0.0987333458277024,58.72170439414115,up,0.0
RBI,E03,EVENT,GOLD_USD,complete,2017-06-29,2017-06-30,1,1246.6,1243.25,-0.2687309481790412,-0.0026909267799022,%,1,,0.0,0.0,,,751.0,-0.0049433042646152,0.8609367198011675,-0.3068161056033296,37.15046604527296,down,0.0
RBI,E03,EVENT,NIFTY50,complete,2017-06-29,2017-06-30,1,9504.1,9520.9,0.1767658168579711,0.0017660976995258,%,1,,0.0,0.0,,,751.0,0.0369210189969715,0.9068594934119666,0.1540432295206533,57.25699067909454,up,0.0
RBI,E03,EVENT,DXY_BROAD,complete,2017-06-29,2017-06-30,1,111.998,111.9896,-0.007500133930971,-7.50041520508e-05,%,1,,0.0,0.0,,,751.0,0.023887358846597,0.3507488440296438,-0.0894797574121832,43.40878828229028,down,0.0
RBI,E03,EVENT,VIX,complete,2017-06-29,2017-06-30,1,11.44,11.18,-2.2727272727272707,-0.0229895182246987,%,1,,0.0,0.0,,,,,,,,down,
RBI,E03,EVENT,UST10Y,complete,2017-06-29,2017-06-30,1,2.27,2.31,0.04,,pp,1,,0.0,0.0,,,,,,,,up,
RBI,E03,EVENT,FFR_UPPER,complete,2017-06-29,2017-06-30,1,1.25,1.25,0.0,,pp,1,,0.0,0.0,,,,,,,,,
RBI,E03,EVENT,IN_REPO,complete,2017-06-29,2017-06-30,1,6.25,6.25,0.0,,pp,1,,268.0,269.0,,,,,,,,,
RBI,E03,POST_7,USDINR,complete,2017-06-29,2017-07-11,8,64.4715,64.5025,0.048083261596199,0.0004807170530025,%,8,3.327733125840589,0.0,0.0,-0.048060152707241,-0.0817404852564207,751.0,0.0809047368848236,0.9044813420108416,-0.0362642321299403,49.2676431424767,INR weakened,0.0
RBI,E03,POST_7,BRENT,complete,2017-06-29,2017-07-11,8,47.02,46.68,-0.7230965546575985,-0.0072572356935682,%,8,43.05047319453239,0.0,0.0,,,751.0,-0.9286021960144496,7.397125296453535,0.0280131817447598,52.72969374167776,down,0.0
RBI,E03,POST_7,GOLD_USD,complete,2017-06-29,2017-07-11,8,1246.6,1211.9,-2.783571313973998,-0.0282304694003083,%,8,7.864510982826293,0.0,0.0,,,751.0,-0.0398853641446983,2.6403497375649136,-1.0540852145314237,14.647137150466044,down,0.0
RBI,E03,POST_7,NIFTY50,complete,2017-06-29,2017-07-11,8,9504.1,9786.05,2.96661440851842,0.029234617743296,%,8,6.959038169870342,0.0,0.0,,,751.0,0.3482480792999398,2.6197730409806748,0.9832220708489486,87.61651131824235,up,0.0
RBI,E03,POST_7,DXY_BROAD,complete,2017-06-29,2017-07-11,8,111.998,112.1434,0.1298237468526197,0.0012973954869131,%,8,3.0685195537759564,0.0,0.0,,,751.0,0.1988649841707657,0.931593703593592,-0.0739892944379684,45.67243675099867,up,0.0
RBI,E03,POST_7,VIX,complete,2017-06-29,2017-07-11,8,11.44,10.89,-4.807692307692301,-0.0492710490067826,%,8,102.86223733179054,0.0,0.0,,,,,,,,down,
RBI,E03,POST_7,UST10Y,complete,2017-06-29,2017-07-11,8,2.27,2.37,0.1,,pp,8,,0.0,0.0,,,,,,,,up,
RBI,E03,POST_7,FFR_UPPER,complete,2017-06-29,2017-07-11,8,1.25,1.25,0.0,,pp,8,,0.0,0.0,,,,,,,,,
RBI,E03,POST_7,IN_REPO,complete,2017-06-29,2017-07-11,8,6.25,6.25,0.0,,pp,8,,268.0,280.0,,,,,,,,,
RBI,E03,POST_14,USDINR,complete,2017-06-29,2017-07-20,15,64.4715,64.4273,-0.0685574245984699,-0.0006858093594727,%,15,2.5648470779614367,0.0,0.0,0.0686044580480604,1.491113283807044,751.0,0.1380489043693034,1.2884549043813798,-0.1602963671597101,41.94407456724368,INR strengthened,0.0
RBI,E03,POST_14,BRENT,complete,2017-06-29,2017-07-20,15,47.02,48.54,3.2326669502339422,0.0318151571865318,%,15,31.8614813371518,0.0,0.0,,,751.0,-1.7188218514120224,10.277735178691112,0.4782455187358287,71.37150466045273,up,0.0
RBI,E03,POST_14,GOLD_USD,complete,2017-06-29,2017-07-20,15,1246.6,1236.55,-0.8061928445371347,-0.0080946015142826,%,15,8.875875560325976,0.0,0.0,,,751.0,-0.0562148200465406,3.66863463104541,-0.2053160373490573,40.74567243675099,down,0.0
RBI,E03,POST_14,NIFTY50,complete,2017-06-29,2017-07-20,15,9504.1,9873.3,3.8846392609505287,0.0381108596181559,%,15,8.094118685858534,0.0,0.0,,,751.0,0.6811545329484803,3.5037755896928453,0.8939615923328275,81.89081225033289,up,0.0
RBI,E03,POST_14,DXY_BROAD,complete,2017-06-29,2017-07-20,15,111.998,110.2512,-1.559670708405514,-0.015719615371334,%,15,4.009565241385114,0.0,0.0,,,751.0,0.368644287556874,1.2895464383403128,-1.5043490791004883,7.456724367509987,down,0.0
RBI,E03,POST_14,VIX,complete,2017-06-29,2017-07-20,15,11.44,9.58,-16.25874125874125,-0.1774383939688825,%,15,79.97668209126016,0.0,0.0,,,,,,,,down,
RBI,E03,POST_14,UST10Y,complete,2017-06-29,2017-07-20,15,2.27,2.27,0.0,,pp,15,,0.0,0.0,,,,,,,,,
RBI,E03,POST_14,FFR_UPPER,complete,2017-06-29,2017-07-20,15,1.25,1.25,0.0,,pp,15,,0.0,0.0,,,,,,,,,
RBI,E03,POST_14,IN_REPO,complete,2017-06-29,2017-07-20,15,6.25,6.25,0.0,,pp,15,,268.0,289.0,,,,,,,,,
RBI,E03,POST_30,USDINR,complete,2017-06-29,2017-08-11,31,64.4715,64.1693,-0.4687342469153033,-0.0046983625088162,%,31,3.4206423630247373,0.0,0.0,0.4709417120024595,1.2775469366772652,751.0,0.2857992841812429,1.7673716055064768,-0.4273169847469695,29.294274300932088,INR strengthened,0.0
RBI,E03,POST_30,BRENT,complete,2017-06-29,2017-08-11,31,47.02,51.47,9.464057847724373,0.0904260705527397,%,31,29.8402924517552,0.0,0.0,,,751.0,-3.26793566003758,15.281498069955306,0.8091570783784546,80.0266311584554,up,0.0
RBI,E03,POST_30,GOLD_USD,complete,2017-06-29,2017-08-11,31,1246.6,1288.3,3.3450986683779997,0.0329036744227289,%,31,9.50244268102693,0.0,0.0,,,751.0,-0.119046039097248,5.012984357433107,0.6801306675531968,78.29560585885486,up,0.0
RBI,E03,POST_30,NIFTY50,complete,2017-06-29,2017-08-11,31,9504.1,9710.8,2.174850853842014,0.0215153837483583,%,31,9.057990626925283,0.0,0.0,,,751.0,1.4358699611157766,4.942041463737118,0.1468784516552104,49.2676431424767,up,0.0
RBI,E03,POST_30,DXY_BROAD,complete,2017-06-29,2017-08-11,31,111.998,110.0422,-1.7462811835925685,-0.0176170854063585,%,31,3.3169877038260824,0.0,0.0,,,751.0,0.7686906695949292,1.953726248303426,-1.293661197014347,10.652463382157125,down,0.0
RBI,E03,POST_30,VIX,complete,2017-06-29,2017-08-11,31,11.44,15.51,35.57692307692308,0.3043689912367956,%,31,125.34812485014342,0.0,0.0,,,,,,,,up,
RBI,E03,POST_30,UST10Y,complete,2017-06-29,2017-08-11,31,2.27,2.19,-0.08,,pp,31,,0.0,0.0,,,,,,,,down,
RBI,E03,POST_30,FFR_UPPER,complete,2017-06-29,2017-08-11,31,1.25,1.25,0.0,,pp,31,,0.0,0.0,,,,,,,,,
RBI,E03,POST_30,IN_REPO,complete,2017-06-29,2017-08-11,31,6.25,6.0,-0.25,,pp,31,,268.0,9.0,,,,,,,,down,
RBI,E03,POST_90,USDINR,complete,2017-06-29,2017-11-13,91,64.4715,65.4272,1.4823604228224818,0.0147148084529938,%,91,4.187946217461112,0.0,0.0,-1.4607074733444136,1.67406027460556,751.0,0.723841717282725,2.838621205664605,0.2642995434169919,54.19440745672437,INR weakened,0.0
RBI,E03,POST_90,BRENT,complete,2017-06-29,2017-11-13,91,47.02,62.94,33.85793279455549,0.2916088485243372,%,91,24.67055855726053,0.0,0.0,,,751.0,-8.811133906604073,26.663078373217537,1.439617068296265,94.1411451398136,up,0.0
RBI,E03,POST_90,GOLD_USD,complete,2017-06-29,2017-11-13,91,1246.6,1278.4,2.550938552863813,0.0251894506372602,%,91,11.296347764491037,0.0,0.0,,,751.0,-0.3406736369822138,7.541119848166512,0.3792805806356374,66.44474034620505,up,0.0
RBI,E03,POST_90,NIFTY50,complete,2017-06-29,2017-11-13,91,9504.1,10224.95,7.584621373933363,0.073107527490903,%,91,9.539895163998596,0.0,0.0,,,751.0,4.538331387503392,9.034534285105966,0.3179345043053521,57.65645805592543,up,0.0
RBI,E03,POST_90,DXY_BROAD,complete,2017-06-29,2017-11-13,91,111.998,111.7833,-0.1916998517830781,-0.0019188383111194,%,91,3.850598925072471,0.0,0.0,,,751.0,2.391126158572998,3.5003934150410405,-0.729880888699372,25.166444740346204,down,0.0
RBI,E03,POST_90,VIX,complete,2017-06-29,2017-11-13,91,11.44,11.5,0.5244755244755206,0.0052310494175525,%,91,114.33484736664758,0.0,0.0,,,,,,,,up,
RBI,E03,POST_90,UST10Y,complete,2017-06-29,2017-11-13,91,2.27,2.4,0.1299999999999999,,pp,91,,0.0,0.0,,,,,,,,up,
RBI,E03,POST_90,FFR_UPPER,complete,2017-06-29,2017-11-13,91,1.25,1.25,0.0,,pp,91,,0.0,0.0,,,,,,,,,
RBI,E03,POST_90,IN_REPO,complete,2017-06-29,2017-11-13,91,6.25,6.0,-0.25,,pp,91,,268.0,103.0,,,,,,,,down,
RBI,E04,PRE_30,USDINR,complete,2019-01-04,2019-02-14,29,69.8653,70.9408,1.5393907991520628,0.0152766238987418,%,29,5.65834403195232,0.0,0.0,-1.5160528215074964,1.4362443093940858,751.0,0.286912503156822,2.008222077537478,0.6180395629230232,73.90146471371504,INR weakened,0.0
RBI,E04,PRE_30,BRENT,complete,2019-01-04,2019-02-14,29,55.64,64.0,15.025161754133707,0.1399807163044296,%,29,26.617588444534952,0.0,0.0,,,751.0,0.7904059936702845,12.989000678010786,1.017073854210327,88.1491344873502,up,0.0
RBI,E04,PRE_30,GOLD_USD,complete,2019-01-04,2019-02-14,29,1290.35,1305.65,1.185724803347954,0.0117875016600263,%,29,7.832235905834225,0.0,0.0,,,751.0,0.3940110154303067,4.551413596305227,0.1725866754189444,58.988015978695074,up,0.0
RBI,E04,PRE_30,NIFTY50,complete,2019-01-04,2019-02-14,29,10727.35,10746.05,0.1743207781977673,0.0017416901587245,%,29,10.52811046969576,0.0,0.0,,,751.0,1.1400708960341843,4.413268381529305,-0.2174016997067944,30.62583222370173,up,0.0
RBI,E04,PRE_30,DXY_BROAD,complete,2019-01-04,2019-02-14,29,114.9821,115.1007,0.103146489757977,0.0010309333031782,%,29,3.7983401615736234,0.0,0.0,,,751.0,0.1868007288372997,1.8579693898501888,-0.0449593752123904,47.93608521970706,up,0.0
RBI,E04,PRE_30,VIX,complete,2019-01-04,2019-02-14,29,21.38,16.22,-24.13470533208606,-0.2762108569096322,%,29,82.03863998386238,0.0,0.0,,,,,,,,down,
RBI,E04,PRE_30,UST10Y,complete,2019-01-04,2019-02-14,29,2.67,2.66,-0.0099999999999997,,pp,29,,0.0,0.0,,,,,,,,down,
RBI,E04,PRE_30,FFR_UPPER,complete,2019-01-04,2019-02-14,29,2.5,2.5,0.0,,pp,29,,0.0,0.0,,,,,,,,,
RBI,E04,PRE_30,IN_REPO,complete,2019-01-04,2019-02-14,29,6.5,6.25,-0.25,,pp,29,,156.0,7.0,,,,,,,,down,
RBI,E04,PRE_14,USDINR,complete,2019-01-28,2019-02-14,13,71.134,70.9408,-0.2716000787246653,-0.0027196958093565,%,13,5.811188934909269,0.0,0.0,0.272339753710149,-1.1909159709214023,751.0,0.1082529295963086,1.2598149529452205,-0.3017617455731861,36.61784287616511,INR strengthened,0.0
RBI,E04,PRE_14,BRENT,complete,2019-01-28,2019-02-14,13,59.71,64.0,7.18472617651984,0.0693835728007707,%,13,19.338422962143724,0.0,0.0,,,751.0,0.7538987044615864,8.614790038694954,0.7182167135168861,76.83089214380826,up,0.0
RBI,E04,PRE_14,GOLD_USD,complete,2019-01-28,2019-02-14,13,1301.0,1305.65,0.3574173712528994,0.00356780153267,%,13,7.079356851882233,0.0,0.0,,,751.0,0.3245605193299195,2.859800547486303,0.0114501673031807,52.86284953395472,up,0.0
RBI,E04,PRE_14,NIFTY50,complete,2019-01-28,2019-02-14,13,10661.55,10746.05,0.7925676848113072,0.0078944336451424,%,13,11.826578247349468,0.0,0.0,,,751.0,0.581288653032086,2.8618116788049512,0.0733233695139265,47.003994673768304,up,0.0
RBI,E04,PRE_14,DXY_BROAD,complete,2019-01-28,2019-02-14,13,114.0522,115.1007,0.919315892196737,0.0091511590479249,%,13,3.5837671300084204,0.0,0.0,,,751.0,0.0282482170942843,1.1786112647164222,0.75247174645767,77.3635153129161,up,0.0
RBI,E04,PRE_14,VIX,complete,2019-01-28,2019-02-14,13,18.87,16.22,-14.043455219925816,-0.151328310693192,%,13,63.0526712428268,0.0,0.0,,,,,,,,down,
RBI,E04,PRE_14,UST10Y,complete,2019-01-28,2019-02-14,13,2.75,2.66,-0.0899999999999998,,pp,13,,0.0,0.0,,,,,,,,down,
RBI,E04,PRE_14,FFR_UPPER,complete,2019-01-28,2019-02-14,13,2.5,2.5,0.0,,pp,13,,0.0,0.0,,,,,,,,,
RBI,E04,PRE_14,IN_REPO,complete,2019-01-28,2019-02-14,13,6.5,6.25,-0.25,,pp,13,,180.0,7.0,,,,,,,,down,
RBI,E04,PRE_7,USDINR,complete,2019-02-06,2019-02-14,6,71.5731,70.9408,-0.8834324627548629,-0.0088735786327838,%,6,5.825371952523295,0.0,0.0,0.8913065541973131,-1.645225504017911,751.0,0.0592407706685671,0.8190672273094403,-1.1556818072661577,9.187749667110518,INR strengthened,0.0
RBI,E04,PRE_7,BRENT,complete,2019-02-06,2019-02-14,6,62.22,64.0,2.8608164577306416,0.0282065918901809,%,6,22.08688354742361,0.0,0.0,,,751.0,0.4362933818530257,5.698660770527728,0.4185746271815758,66.57789613848203,up,0.0
RBI,E04,PRE_7,GOLD_USD,complete,2019-02-06,2019-02-14,6,1313.35,1305.65,-0.5862869760535849,-0.0058801238535025,%,6,6.154981872749274,0.0,0.0,,,751.0,0.164496953001203,1.901465247176914,-0.3956812733864536,33.15579227696405,down,0.0
RBI,E04,PRE_7,NIFTY50,complete,2019-02-06,2019-02-14,6,11062.45,10746.05,-2.8601259214731,-0.0290182453599173,%,6,6.170692446632723,0.0,0.0,,,751.0,0.2588303298310279,2.0075687092014927,-1.5742028965260555,6.524633821571238,down,0.0
RBI,E04,PRE_7,DXY_BROAD,complete,2019-02-06,2019-02-14,6,114.2305,115.1007,0.761793041263048,0.0075890605073293,%,6,3.721253928847222,0.0,0.0,,,751.0,0.0047297192864226,0.7857078409624357,0.959868801067827,83.75499334221038,up,0.0
RBI,E04,PRE_7,VIX,complete,2019-02-06,2019-02-14,6,15.38,16.22,5.46163849154746,0.0531770846097689,%,6,63.39584398523495,0.0,0.0,,,,,,,,up,
RBI,E04,PRE_7,UST10Y,complete,2019-02-06,2019-02-14,6,2.7,2.66,-0.04,,pp,6,,0.0,0.0,,,,,,,,down,
RBI,E04,PRE_7,FFR_UPPER,complete,2019-02-06,2019-02-14,6,2.5,2.5,0.0,,pp,6,,0.0,0.0,,,,,,,,,
RBI,E04,PRE_7,IN_REPO,complete,2019-02-06,2019-02-14,6,6.5,6.25,-0.25,,pp,6,,189.0,7.0,,,,,,,,down,
RBI,E04,EVENT,USDINR,complete,2019-02-14,2019-02-15,1,70.9408,71.2515,0.4379708151021733,0.0043701451412384,%,1,,0.0,0.0,-0.4360609952071104,0.532149217144906,751.0,0.007786571539925,0.3344288581840936,1.283466528732947,91.34487350199734,INR weakened,0.0
RBI,E04,EVENT,BRENT,complete,2019-02-14,2019-02-15,1,64.0,65.65,2.578125000000009,0.0254545173891334,%,1,,0.0,0.0,,,751.0,0.0859557320178838,2.244899832698908,1.095609207971806,90.14647137150466,up,0.0
RBI,E04,EVENT,GOLD_USD,complete,2019-02-14,2019-02-15,1,1305.65,1318.0,0.945889020794244,0.0094144350172774,%,1,,0.0,0.0,,,751.0,0.0233094822213786,0.7589926850192015,1.209677976963458,90.14647137150466,up,0.0
RBI,E04,EVENT,NIFTY50,complete,2019-02-14,2019-02-15,1,10746.05,10724.4,-0.2014693771199671,-0.0020167259966956,%,1,,0.0,0.0,,,751.0,0.0466912929489415,0.7935934199126249,-0.3129473977411558,33.55525965379494,down,0.0
RBI,E04,EVENT,DXY_BROAD,complete,2019-02-14,2019-02-15,1,115.1007,114.9923,-0.0941784020427327,-0.0009422277776354,%,1,,0.0,0.0,,,751.0,0.0005205649573403,0.3287215409486891,-0.2882176236230994,37.017310252996005,down,0.0
RBI,E04,EVENT,VIX,complete,2019-02-14,2019-02-15,1,16.22,14.91,-8.076448828606653,-0.0842129199106197,%,1,,0.0,0.0,,,,,,,,down,
RBI,E04,EVENT,UST10Y,complete,2019-02-14,2019-02-15,1,2.66,2.66,0.0,,pp,1,,0.0,0.0,,,,,,,,,
RBI,E04,EVENT,FFR_UPPER,complete,2019-02-14,2019-02-15,1,2.5,2.5,0.0,,pp,1,,0.0,0.0,,,,,,,,,
RBI,E04,EVENT,IN_REPO,complete,2019-02-14,2019-02-15,1,6.25,6.25,0.0,,pp,1,,7.0,8.0,,,,,,,,,
RBI,E04,POST_7,USDINR,complete,2019-02-14,2019-02-27,8,70.9408,71.1663,0.3178706752672733,0.0031736653449756,%,8,4.356728598744137,0.0,0.0,-0.3168634592496833,1.2426261285355955,751.0,0.0730455589741829,0.9702949869026252,0.2518282008107746,64.58055925432757,INR weakened,0.0
RBI,E04,POST_7,BRENT,complete,2019-02-14,2019-02-27,8,64.0,65.55,2.421874999999996,0.0239301268500369,%,8,32.92854924367498,0.0,0.0,,,751.0,0.5954360848232865,6.672828825651278,0.2696521014071,60.45272969374168,up,0.0
RBI,E04,POST_7,GOLD_USD,complete,2019-02-14,2019-02-27,8,1305.65,1326.45,1.5930762455481862,0.0158051996446785,%,8,13.81546007901046,0.0,0.0,,,751.0,0.2121302807048142,2.216340263136406,0.6175109414027709,72.83621837549934,up,0.0
RBI,E04,POST_7,NIFTY50,complete,2019-02-14,2019-02-27,8,10746.05,10806.65,0.5639281410378727,0.0056234401904604,%,8,9.591608645003976,0.0,0.0,,,751.0,0.3542841938193541,2.244608443611945,0.0929720878066704,48.33555259653795,up,0.0
RBI,E04,POST_7,DXY_BROAD,complete,2019-02-14,2019-02-27,8,115.1007,114.0363,-0.9247554532683222,-0.0092905786155556,%,8,1.8954194874807424,0.0,0.0,,,751.0,0.0069933534258215,0.8975695486920338,-1.042872913660959,14.51398135818908,down,0.0
RBI,E04,POST_7,VIX,complete,2019-02-14,2019-02-27,8,16.22,14.7,-9.371146732429104,-0.0983975549025762,%,8,96.05813469238012,0.0,0.0,,,,,,,,down,
RBI,E04,POST_7,UST10Y,complete,2019-02-14,2019-02-27,8,2.66,2.69,0.0299999999999998,,pp,8,,0.0,0.0,,,,,,,,up,
RBI,E04,POST_7,FFR_UPPER,complete,2019-02-14,2019-02-27,8,2.5,2.5,0.0,,pp,8,,0.0,0.0,,,,,,,,,
RBI,E04,POST_7,IN_REPO,complete,2019-02-14,2019-02-27,8,6.25,6.25,0.0,,pp,8,,7.0,20.0,,,,,,,,,
RBI,E04,POST_14,USDINR,complete,2019-02-14,2019-03-11,15,70.9408,69.9308,-1.4237223149442757,-0.0143395447557177,%,15,4.923601345308652,0.0,0.0,1.4442849216653952,-1.5940079865344623,751.0,0.1379692972746093,1.350935790863842,-1.163511021985579,9.587217043941411,INR strengthened,0.0
RBI,E04,POST_14,BRENT,complete,2019-02-14,2019-03-11,15,64.0,65.06,1.6562500000000036,0.0164268376855335,%,15,26.524977773343927,0.0,0.0,,,751.0,1.0937090760305246,8.922007351508023,0.0621959177107988,48.60186418109188,up,0.0
RBI,E04,POST_14,GOLD_USD,complete,2019-02-14,2019-03-11,15,1305.65,1296.35,-0.7122888982499243,-0.0071483778646645,%,15,14.109562427089667,0.0,0.0,,,751.0,0.4016874215682309,3.097046486836234,-0.360253100110717,37.949400798934754,down,0.0
RBI,E04,POST_14,NIFTY50,complete,2019-02-14,2019-03-11,15,10746.05,11168.05,3.9270243484815337,0.0385187778974532,%,15,9.64351058292526,0.0,0.0,,,751.0,0.6535293571565459,3.076403466432432,1.0403299540801194,87.0838881491345,up,0.0
RBI,E04,POST_14,DXY_BROAD,complete,2019-02-14,2019-03-11,15,115.1007,115.2967,0.1702856715901868,0.0017014084992416,%,15,3.310783055864291,0.0,0.0,,,751.0,0.0121631827831869,1.267482314141034,0.1246395354266916,56.3249001331558,up,0.0
RBI,E04,POST_14,VIX,complete,2019-02-14,2019-03-11,15,16.22,14.33,-11.652281134401964,-0.1238898068471862,%,15,104.7869926879706,0.0,0.0,,,,,,,,down,
RBI,E04,POST_14,UST10Y,complete,2019-02-14,2019-03-11,15,2.66,2.64,-0.02,,pp,15,,0.0,0.0,,,,,,,,down,
RBI,E04,POST_14,FFR_UPPER,complete,2019-02-14,2019-03-11,15,2.5,2.5,0.0,,pp,15,,0.0,0.0,,,,,,,,,
RBI,E04,POST_14,IN_REPO,complete,2019-02-14,2019-03-11,15,6.25,6.25,0.0,,pp,15,,7.0,32.0,,,,,,,,,
RBI,E04,POST_30,USDINR,complete,2019-02-14,2019-04-04,31,70.9408,68.8446,-2.9548581352338843,-0.029993935691283,%,31,6.039478497462283,0.0,0.0,3.0448284978051854,-2.8410447526914684,751.0,0.2632951590872956,2.0829663841209345,-1.5662003662699049,7.456724367509987,INR strengthened,0.0
RBI,E04,POST_30,BRENT,complete,2019-02-14,2019-04-04,31,64.0,69.8,9.062499999999996,0.0867509264086549,%,31,24.81994815932972,0.0,0.0,,,751.0,1.8929132850691088,13.03024130888429,0.5218531165621819,67.7762982689747,up,0.0
RBI,E04,POST_30,GOLD_USD,complete,2019-02-14,2019-04-04,31,1305.65,1291.6,-1.0760923677861745,-0.0108192411610551,%,31,11.604368256323292,0.0,0.0,,,751.0,0.8020452499636566,4.541443446749005,-0.4141348670996563,33.422103861517975,down,0.0
RBI,E04,POST_30,NIFTY50,complete,2019-02-14,2019-04-04,31,10746.05,11598.0,7.928029368930911,0.0762944242643436,%,31,9.966730846037576,0.0,0.0,,,751.0,1.3624452557270406,4.492195110384178,1.3971332171416235,96.40479360852196,up,0.0
RBI,E04,POST_30,DXY_BROAD,complete,2019-02-14,2019-04-04,31,115.1007,114.9697,-0.1138133825424159,-0.0011387819915729,%,31,3.555640213734026,0.0,0.0,,,751.0,0.0547613079849407,1.925552465957684,-0.087572019766186,48.60186418109188,down,0.0
RBI,E04,POST_30,VIX,complete,2019-02-14,2019-04-04,31,16.22,13.58,-16.276202219482116,-0.1776469265567167,%,31,98.46882399708986,0.0,0.0,,,,,,,,down,
RBI,E04,POST_30,UST10Y,complete,2019-02-14,2019-04-04,31,2.66,2.51,-0.1500000000000003,,pp,31,,0.0,0.0,,,,,,,,down,
RBI,E04,POST_30,FFR_UPPER,complete,2019-02-14,2019-04-04,31,2.5,2.5,0.0,,pp,31,,0.0,0.0,,,,,,,,,
RBI,E04,POST_30,IN_REPO,complete,2019-02-14,2019-04-04,31,6.25,6.0,-0.25,,pp,31,,7.0,0.0,,,,,,,,down,
RBI,E04,POST_90,USDINR,complete,2019-02-14,2019-07-04,91,70.9408,68.8545,-2.940902837295312,-0.0298501439015463,%,91,5.24131015741562,0.0,0.0,3.030012562722839,-2.691382200148884,751.0,0.9904450406825748,3.412231085903768,-1.163633579388744,10.918774966711052,INR strengthened,0.0
RBI,E04,POST_90,BRENT,complete,2019-02-14,2019-07-04,91,64.0,63.62,-0.593750000000004,-0.0059551970386738,%,91,30.493418391194528,0.0,0.0,,,751.0,4.729429855660161,20.074633552319007,-0.2598561848715967,31.158455392809586,down,0.0
RBI,E04,POST_90,GOLD_USD,complete,2019-02-14,2019-07-04,91,1305.65,1415.25,8.394286370773173,0.0806051928715941,%,91,12.891146176697283,0.0,0.0,,,751.0,1.4831412484311413,7.380303373524355,0.8926826840782396,83.88814913448735,up,0.0
RBI,E04,POST_90,NIFTY50,complete,2019-02-14,2019-07-04,91,10746.05,11946.75,11.17340790336916,0.1059210296708152,%,91,12.764006965959338,0.0,0.0,,,751.0,3.695431907335278,6.9037765669409765,1.008624073458204,82.02396804260985,up,0.0
RBI,E04,POST_90,DXY_BROAD,complete,2019-02-14,2019-07-04,91,115.1007,114.8135,-0.2495206371464275,-0.0024983245870232,%,91,3.354495576351032,0.0,1.0,,,751.0,0.4200818634983783,3.247235087667967,-0.206032031424649,43.27563249001332,down,0.0
RBI,E04,POST_90,VIX,complete,2019-02-14,2019-07-04,91,16.22,12.57,-22.503082614056712,-0.2549320260851107,%,91,114.65483104402487,0.0,1.0,,,,,,,,down,
RBI,E04,POST_90,UST10Y,complete,2019-02-14,2019-07-04,91,2.66,1.96,-0.7000000000000002,,pp,91,,0.0,1.0,,,,,,,,down,
RBI,E04,POST_90,FFR_UPPER,complete,2019-02-14,2019-07-04,91,2.5,2.5,0.0,,pp,91,,0.0,0.0,,,,,,,,,
RBI,E04,POST_90,IN_REPO,complete,2019-02-14,2019-07-04,91,6.25,5.75,-0.5,,pp,91,,7.0,28.0,,,,,,,,down,
RBI,E05,PRE_30,USDINR,complete,2019-11-21,2020-01-02,29,71.7996,71.3429,-0.6360759669970295,-0.0063810754969754,%,29,3.05847327201515,0.0,0.0,0.640147793263246,0.8792118220447565,751.0,0.250439317248996,2.1208191370758973,-0.4188163784279576,33.82157123834887,INR strengthened,0.0
RBI,E05,PRE_30,BRENT,complete,2019-11-21,2020-01-02,29,64.99,67.05,3.169718418218181,0.0312051978214299,%,29,20.38811665954189,0.0,0.0,,,751.0,0.9962539698885164,10.25592349407769,0.2076064342273074,53.66178428761651,up,0.0
RBI,E05,PRE_30,GOLD_USD,complete,2019-11-21,2020-01-02,29,1468.9,1520.55,3.516236639662318,0.034558290159149,%,29,6.915090375840732,0.0,0.0,,,751.0,0.471438761886489,4.031238178065742,0.7405908344637941,76.96404793608522,up,0.0
RBI,E05,PRE_30,NIFTY50,complete,2019-11-21,2020-01-02,29,11968.4,12282.2,2.6219043481167104,0.0258812166339632,%,29,9.43643807380203,0.0,0.0,,,751.0,1.1309142694941654,4.296141480846689,0.340667184198079,59.78695073235686,up,0.0
RBI,E05,PRE_30,DXY_BROAD,complete,2019-11-21,2020-01-02,29,116.7435,114.9745,-1.515287789041786,-0.0152688558358623,%,29,2.3227831972111503,0.0,0.0,,,751.0,0.1347522843193394,1.673380733827481,-0.99292834255002,16.644474034620508,down,0.0
RBI,E05,PRE_30,VIX,complete,2019-11-21,2020-01-02,29,13.13,12.47,-5.026656511805028,-0.0515739286227597,%,29,106.2242735722543,0.0,0.0,,,,,,,,down,
RBI,E05,PRE_30,UST10Y,complete,2019-11-21,2020-01-02,29,1.77,1.88,0.1099999999999998,,pp,29,,0.0,0.0,,,,,,,,up,
RBI,E05,PRE_30,FFR_UPPER,complete,2019-11-21,2020-01-02,29,1.75,1.75,0.0,,pp,29,,0.0,0.0,,,,,,,,,
RBI,E05,PRE_30,IN_REPO,complete,2019-11-21,2020-01-02,29,5.15,5.15,0.0,,pp,29,,48.0,90.0,,,,,,,,,
RBI,E05,PRE_14,USDINR,complete,2019-12-13,2020-01-02,13,70.7178,71.3429,0.8839358690457155,0.0088005202628238,%,13,1.761027530659231,0.0,0.0,-0.8761909033695114,1.5081541916080687,751.0,0.1132478047628726,1.345529886006303,0.569937766859633,75.36617842876166,INR weakened,0.0
RBI,E05,PRE_14,BRENT,complete,2019-12-13,2020-01-02,13,67.44,67.05,-0.5782918149466187,-0.0057997039659124,%,13,19.51014960007534,0.0,0.0,,,751.0,0.5393880198755419,7.06845064985865,-0.1581547335572848,37.68308921438083,down,0.0
RBI,E05,PRE_14,GOLD_USD,complete,2019-12-13,2020-01-02,13,1470.6,1520.55,3.396572827417388,0.0334016307343965,%,13,6.888880835494109,0.0,0.0,,,751.0,0.2418965994424482,2.5410882636631547,1.219382505194006,87.48335552596538,up,0.0
RBI,E05,PRE_14,NIFTY50,complete,2019-12-13,2020-01-02,13,12086.7,12282.2,1.6174803709863017,0.0160453852527667,%,13,9.022347741843069,0.0,0.0,,,751.0,0.5754675082997096,2.8061427684334896,0.367308647899182,60.31957390146472,up,0.0
RBI,E05,PRE_14,DXY_BROAD,complete,2019-12-13,2020-01-02,13,115.6967,114.9745,-0.6242183225623532,-0.0062617471080522,%,13,2.7273258592584173,0.0,0.0,,,751.0,0.0424961830823855,1.0487977515706255,-0.6375508202756097,26.498002663115845,down,0.0
RBI,E05,PRE_14,VIX,complete,2019-12-13,2020-01-02,13,12.63,12.47,-1.2668250197941378,-0.0127491766704546,%,13,80.59321127074006,0.0,0.0,,,,,,,,down,
RBI,E05,PRE_14,UST10Y,complete,2019-12-13,2020-01-02,13,1.82,1.88,0.0599999999999998,,pp,13,,0.0,0.0,,,,,,,,up,
RBI,E05,PRE_14,FFR_UPPER,complete,2019-12-13,2020-01-02,13,1.75,1.75,0.0,,pp,13,,0.0,0.0,,,,,,,,,
RBI,E05,PRE_14,IN_REPO,complete,2019-12-13,2020-01-02,13,5.15,5.15,0.0,,pp,13,,70.0,90.0,,,,,,,,,
RBI,E05,PRE_7,USDINR,complete,2019-12-24,2020-01-02,6,71.1959,71.3429,0.2064725637290987,0.0020625970208147,%,6,1.8598374337542545,0.0,0.0,-0.2060471329312418,0.9243979889449028,751.0,0.0466412598965737,0.869602650799919,0.1835658109974164,60.45272969374168,INR weakened,0.0
RBI,E05,PRE_7,BRENT,complete,2019-12-24,2020-01-02,6,69.26,67.05,-3.1908749639041445,-0.0324289292465885,%,6,7.2476810305510995,0.0,0.0,,,751.0,0.3653366307768024,4.602940606217292,-0.7837519817758106,20.23968042609853,down,0.0
RBI,E05,PRE_7,GOLD_USD,complete,2019-12-24,2020-01-02,6,1490.85,1520.55,1.9921521279806955,0.0197256844143942,%,6,9.222101342938457,0.0,0.0,,,751.0,0.1270877508644963,1.6997710799327597,1.0857705490401168,86.28495339547271,up,0.0
RBI,E05,PRE_7,NIFTY50,complete,2019-12-24,2020-01-02,6,12214.55,12282.2,0.5538476652844571,0.0055231956872438,%,6,11.504692186131717,0.0,0.0,,,751.0,0.3070315421514591,1.960761058770637,0.1253382734986748,49.80026631158455,up,0.0
RBI,E05,PRE_7,DXY_BROAD,complete,2019-12-24,2020-01-02,6,115.8059,114.9745,-0.717925425215804,-0.0072051491095766,%,6,3.552580600903509,1.0,0.0,,,751.0,0.000893791441725,0.6904999701688347,-1.0447628234201345,13.981358189081226,down,0.0
RBI,E05,PRE_7,VIX,complete,2019-12-24,2020-01-02,6,12.67,12.47,-1.5785319652722896,-0.0159112346411025,%,6,119.87604484306752,0.0,0.0,,,,,,,,down,
RBI,E05,PRE_7,UST10Y,complete,2019-12-24,2020-01-02,6,1.9,1.88,-0.02,,pp,6,,0.0,0.0,,,,,,,,down,
RBI,E05,PRE_7,FFR_UPPER,complete,2019-12-24,2020-01-02,6,1.75,1.75,0.0,,pp,6,,0.0,0.0,,,,,,,,,
RBI,E05,PRE_7,IN_REPO,complete,2019-12-24,2020-01-02,6,5.15,5.15,0.0,,pp,6,,81.0,90.0,,,,,,,,,
RBI,E05,EVENT,USDINR,complete,2020-01-02,2020-01-03,1,71.3429,71.6949,0.4933917740938431,0.0049217858575799,%,1,,0.0,0.0,-0.4909693716010577,0.4827807255570082,751.0,0.0051118884770495,0.3424286108152835,1.4223894048276458,93.20905459387482,INR weakened,0.0
RBI,E05,EVENT,BRENT,complete,2020-01-02,2020-01-03,1,67.05,69.08,3.027591349739001,0.0298266435507903,%,1,,0.0,0.0,,,751.0,0.0457983867629296,1.925921143151351,1.5249204065389323,95.6058588548602,up,0.0
RBI,E05,EVENT,GOLD_USD,complete,2020-01-02,2020-01-03,1,1520.55,1547.4,1.7658084245832262,0.0175039916188359,%,1,,0.0,0.0,,,751.0,0.0329524858045937,0.6899031613487623,2.489410399077678,98.66844207723037,up,1.0
RBI,E05,EVENT,NIFTY50,complete,2020-01-02,2020-01-03,1,12282.2,12226.65,-0.4522805360603232,-0.0045330641889106,%,1,,0.0,0.0,,,751.0,0.0576772585938023,0.7702499469821764,-0.6633782352715921,23.03595206391478,down,0.0
RBI,E05,EVENT,DXY_BROAD,complete,2020-01-02,2020-01-03,1,114.9745,114.9867,0.0106110485368349,0.000106104856049,%,1,,0.0,0.0,,,751.0,-0.0034987283050735,0.2665117400563207,0.0529405388067218,55.792276964047936,up,0.0
RBI,E05,EVENT,VIX,complete,2020-01-02,2020-01-03,1,12.47,14.02,12.429831595829976,0.1171591219144988,%,1,,0.0,0.0,,,,,,,,up,
RBI,E05,EVENT,UST10Y,complete,2020-01-02,2020-01-03,1,1.88,1.8,-0.0799999999999998,,pp,1,,0.0,0.0,,,,,,,,down,
RBI,E05,EVENT,FFR_UPPER,complete,2020-01-02,2020-01-03,1,1.75,1.75,0.0,,pp,1,,0.0,0.0,,,,,,,,,
RBI,E05,EVENT,IN_REPO,complete,2020-01-02,2020-01-03,1,5.15,5.15,0.0,,pp,1,,90.0,91.0,,,,,,,,,
RBI,E05,POST_7,USDINR,complete,2020-01-02,2020-01-14,8,71.3429,70.9242,-0.586883908559932,-0.0058861284003637,%,8,8.254661970113778,0.0,0.0,0.590348569317678,-0.6298499575534078,751.0,0.0479144032452971,1.0085257008908832,-0.6311349006124597,23.56857523302264,INR strengthened,0.0
RBI,E05,POST_7,BRENT,complete,2020-01-02,2020-01-14,8,67.05,64.45,-3.877703206562255,-0.039548880342491,%,8,36.27618956161835,0.0,0.0,,,751.0,0.4317282064975947,5.383574768441575,-0.8146421581985308,20.905459387483354,down,0.0
RBI,E05,POST_7,GOLD_USD,complete,2020-01-02,2020-01-14,8,1520.55,1544.95,1.6046825161948108,0.015919435852105,%,8,21.590455540519603,0.0,0.0,,,751.0,0.228929766169883,1.923780256174528,0.7086440666018097,76.83089214380826,up,0.0
RBI,E05,POST_7,NIFTY50,complete,2020-01-02,2020-01-14,8,12282.2,12362.3,0.6521632932210641,0.0065004590929731,%,8,16.07585410204756,0.0,0.0,,,751.0,0.4470071904844719,2.146067652802697,0.0950738101552003,48.8681757656458,up,0.0
RBI,E05,POST_7,DXY_BROAD,complete,2020-01-02,2020-01-14,8,114.9745,115.0239,0.0429660489934757,0.0004295682122975,%,8,1.4421051735256536,0.0,0.0,,,751.0,-0.0198326179551067,0.7738991054886651,0.0811364241969932,52.86284953395472,up,0.0
RBI,E05,POST_7,VIX,complete,2020-01-02,2020-01-14,8,12.47,12.39,-0.6415396952686447,-0.006436064050894,%,8,84.48426945320348,0.0,0.0,,,,,,,,down,
RBI,E05,POST_7,UST10Y,complete,2020-01-02,2020-01-14,8,1.88,1.82,-0.0599999999999998,,pp,8,,0.0,0.0,,,,,,,,down,
RBI,E05,POST_7,FFR_UPPER,complete,2020-01-02,2020-01-14,8,1.75,1.75,0.0,,pp,8,,0.0,0.0,,,,,,,,,
RBI,E05,POST_7,IN_REPO,complete,2020-01-02,2020-01-14,8,5.15,5.15,0.0,,pp,8,,90.0,102.0,,,,,,,,,
RBI,E05,POST_14,USDINR,complete,2020-01-02,2020-01-23,15,71.3429,71.2437,-0.1390467726991695,-0.0013914353242874,%,15,6.021256532978439,0.0,0.0,0.1392403819565846,-0.6435064572379079,751.0,0.10517086008619,1.445279844818396,-0.1690047277606525,44.87350199733689,INR strengthened,0.0
RBI,E05,POST_14,BRENT,complete,2020-01-02,2020-01-23,15,67.05,61.26,-8.63534675615213,-0.0903115083230583,%,15,30.783984342133717,0.0,0.0,,,751.0,0.8626409583808448,7.41572564279341,-1.3336648064217211,10.785619174434087,down,0.0
RBI,E05,POST_14,GOLD_USD,complete,2020-01-02,2020-01-23,15,1520.55,1554.05,2.2031501759231853,0.0217923149456442,%,15,15.503005801758055,0.0,0.0,,,751.0,0.3572695077584509,2.729354708208348,0.6677764062001282,73.90146471371504,up,0.0
RBI,E05,POST_14,NIFTY50,complete,2020-01-02,2020-01-23,15,12282.2,12180.35,-0.8292488316425373,-0.0083270622663852,%,15,12.824351622964365,0.0,0.0,,,751.0,0.7863811533007414,2.907544353548854,-0.5557994381698571,24.900133155792275,down,0.0
RBI,E05,POST_14,DXY_BROAD,complete,2020-01-02,2020-01-23,15,114.9745,115.5545,0.5044596845387384,0.0050319154970339,%,15,1.6026061284526043,0.0,0.0,,,751.0,-0.0094513412159824,1.0971270527948631,0.4672597729504908,69.6404793608522,up,0.0
RBI,E05,POST_14,VIX,complete,2020-01-02,2020-01-23,15,12.47,12.98,4.089815557337606,0.0400839515839988,%,15,65.43596101942293,0.0,0.0,,,,,,,,up,
RBI,E05,POST_14,UST10Y,complete,2020-01-02,2020-01-23,15,1.88,1.74,-0.1399999999999999,,pp,15,,0.0,0.0,,,,,,,,down,
RBI,E05,POST_14,FFR_UPPER,complete,2020-01-02,2020-01-23,15,1.75,1.75,0.0,,pp,15,,0.0,0.0,,,,,,,,,
RBI,E05,POST_14,IN_REPO,complete,2020-01-02,2020-01-23,15,5.15,5.15,0.0,,pp,15,,90.0,111.0,,,,,,,,,
RBI,E05,POST_30,USDINR,complete,2020-01-02,2020-02-14,31,71.3429,71.3865,0.0611132992911711,0.000610946327192,%,31,4.876582227479328,0.0,0.0,-0.0610759737485366,-1.1981224442867644,751.0,0.2505628341992638,2.1988728016494403,-0.0860235371706458,48.33555259653795,INR weakened,0.0
RBI,E05,POST_30,BRENT,complete,2020-01-02,2020-02-14,31,67.05,57.37,-14.43698732289337,-0.1559170911139079,%,31,35.0533726248089,0.0,0.0,,,751.0,1.4641758683758388,10.657172684046728,-1.5994175871122895,5.193075898801598,down,0.0
RBI,E05,POST_30,GOLD_USD,complete,2020-01-02,2020-02-14,31,1520.55,1576.35,3.669724770642202,0.0360399364831968,%,31,12.662694490361917,0.0,0.0,,,751.0,0.6694965268975617,4.057750962831641,0.723733004669179,76.2982689747004,up,0.0
RBI,E05,POST_30,NIFTY50,complete,2020-01-02,2020-02-14,31,12282.2,12113.45,-1.3739395222354345,-0.0138346542536054,%,31,14.4197082295371,0.0,0.0,,,751.0,1.494880159262446,4.327128810599489,-0.6626293080119523,19.44074567243675,down,0.0
RBI,E05,POST_30,DXY_BROAD,complete,2020-01-02,2020-02-14,31,114.9745,116.4223,1.2592357435779356,0.0125137330590422,%,31,1.9919554110053608,0.0,0.0,,,751.0,0.0478895668573953,1.666702703808124,0.7220815084120388,78.42876165113182,up,0.0
RBI,E05,POST_30,VIX,complete,2020-01-02,2020-02-14,31,12.47,13.68,9.703287890938238,0.0926091525024592,%,31,120.94759325782614,0.0,0.0,,,,,,,,up,
RBI,E05,POST_30,UST10Y,complete,2020-01-02,2020-02-14,31,1.88,1.59,-0.2899999999999998,,pp,31,,0.0,0.0,,,,,,,,down,
RBI,E05,POST_30,FFR_UPPER,complete,2020-01-02,2020-02-14,31,1.75,1.75,0.0,,pp,31,,0.0,0.0,,,,,,,,,
RBI,E05,POST_30,IN_REPO,complete,2020-01-02,2020-02-14,31,5.15,5.15,0.0,,pp,31,,90.0,133.0,,,,,,,,,
RBI,E05,POST_90,USDINR,complete,2020-01-02,2020-05-26,91,71.3429,75.6404,6.023724855591794,0.0584927024725277,%,91,6.906022962591731,0.0,0.0,-5.681487670609887,0.4469230430159676,751.0,0.76278656520119,3.709076617194311,1.37214156354302,88.28229027962716,INR weakened,0.0
RBI,E05,POST_90,BRENT,complete,2020-01-02,2020-05-26,91,67.05,33.95,-49.366144668158086,-0.6805497557229823,%,91,192.6413894251077,0.0,0.0,,,751.0,3.850084709636059,15.774404742221842,-4.553756211327647,0.0,down,1.0
RBI,E05,POST_90,GOLD_USD,complete,2020-01-02,2020-05-26,91,1520.55,1722.75,13.297819867811,0.124849739740799,%,91,23.554728715751143,0.0,0.0,,,751.0,1.6388547661093875,7.197081253592002,1.5088621493230554,94.0079893475366,up,0.0
RBI,E05,POST_90,NIFTY50,complete,2020-01-02,2020-05-26,91,12282.2,9029.05,-26.48670433635669,-0.3077039027456334,%,91,49.508502342475154,0.0,0.0,,,751.0,3.708802504071018,5.980644687728114,-5.753906655205675,0.0,down,1.0
RBI,E05,POST_90,DXY_BROAD,complete,2020-01-02,2020-05-26,91,114.9745,121.3864,5.576801812575827,0.0542684813457737,%,91,8.734745383313854,0.0,0.0,,,751.0,0.3885111201360702,3.010347808898999,1.673922778934404,94.1411451398136,up,0.0
RBI,E05,POST_90,VIX,complete,2020-01-02,2020-05-26,91,12.47,28.01,124.61908580593426,0.8092358295800721,%,91,189.88748343933244,0.0,0.0,,,,,,,,up,
RBI,E05,POST_90,UST10Y,complete,2020-01-02,2020-05-26,91,1.88,0.69,-1.19,,pp,91,,0.0,0.0,,,,,,,,down,
RBI,E05,POST_90,FFR_UPPER,complete,2020-01-02,2020-05-26,91,1.75,0.25,-1.5,,pp,91,,0.0,0.0,,,,,,,,down,
RBI,E05,POST_90,IN_REPO,complete,2020-01-02,2020-05-26,91,5.15,4.0,-1.1500000000000004,,pp,91,,90.0,4.0,,,,,,,,down,
RBI,E06,PRE_30,USDINR,complete,2020-04-30,2020-06-15,29,75.115,76.1056,1.3187778739266465,0.013101577030854,%,29,4.726833585082069,0.0,0.0,-1.301612496320903,3.2587420682582247,751.0,0.4862540235716972,2.276098576916102,0.3624983927773061,68.97470039946738,INR weakened,0.0
RBI,E06,PRE_30,BRENT,complete,2020-04-30,2020-06-15,29,18.11,39.44,117.78023191606847,0.7783162578391127,%,29,89.92325921004675,0.0,0.0,,,751.0,-3.755522282157675,22.077443563476614,3.698774472313812,100.0,up,1.0
RBI,E06,PRE_30,GOLD_USD,complete,2020-04-30,2020-06-15,29,1716.75,1710.4,-0.3698849570409113,-0.0037057072300048,%,29,12.999815654545635,0.0,0.0,,,751.0,1.1002996694136291,3.552868754286615,-0.4123037569408705,38.8814913448735,down,0.0
RBI,E06,PRE_30,NIFTY50,complete,2020-04-30,2020-06-15,29,9859.9,9813.7,-0.4685645899045521,-0.0046966579503051,%,29,29.96462734412121,0.0,0.0,,,751.0,-0.0019788939416121,7.117060676814944,-0.0657134880178998,28.22902796271638,down,0.0
RBI,E06,PRE_30,DXY_BROAD,complete,2020-04-30,2020-06-15,29,122.327,119.9539,-1.9399641943315784,-0.0195902846246627,%,29,6.751606471105795,0.0,0.0,,,751.0,0.228973404304944,1.8456531396976044,-1.1853473846686635,7.723035952063914,down,0.0
RBI,E06,PRE_30,VIX,complete,2020-04-30,2020-06-15,29,34.15,34.4,0.7320644216691097,0.0072939783625536,%,29,164.56212406390088,0.0,0.0,,,,,,,,up,
RBI,E06,PRE_30,UST10Y,complete,2020-04-30,2020-06-15,29,0.64,0.71,0.0699999999999999,,pp,29,,0.0,0.0,,,,,,,,up,
RBI,E06,PRE_30,FFR_UPPER,complete,2020-04-30,2020-06-15,29,0.25,0.25,0.0,,pp,29,,0.0,0.0,,,,,,,,,
RBI,E06,PRE_30,IN_REPO,complete,2020-04-30,2020-06-15,29,4.4,4.0,-0.4000000000000003,,pp,29,,34.0,24.0,,,,,,,,down,
RBI,E06,PRE_14,USDINR,complete,2020-05-27,2020-06-15,13,75.6476,76.1056,0.605438903547495,0.0060361348636964,%,13,3.626845699216467,0.0,0.0,-0.6017954000756776,1.9329296761787076,751.0,0.2656636266354262,1.3671746968105996,0.2474461548958093,65.77896138482025,INR weakened,0.0
RBI,E06,PRE_14,BRENT,complete,2020-05-27,2020-06-15,13,32.73,39.44,20.501069355331516,0.1864884412213456,%,13,64.00019076753462,0.0,0.0,,,751.0,-0.9279944367610038,15.698206490844765,1.2473508527419035,97.86950732356856,up,0.0
RBI,E06,PRE_14,GOLD_USD,complete,2020-05-27,2020-06-15,13,1705.15,1710.4,0.3078908013957715,0.0030741778832829,%,13,13.63073716118869,0.0,0.0,,,751.0,0.5507345407028019,2.7263296262416725,-0.0886927804180982,50.33288948069241,up,0.0
RBI,E06,PRE_14,NIFTY50,complete,2020-05-27,2020-06-15,13,9314.95,9813.7,5.3542960509718185,0.0521587322723601,%,13,21.861683525557147,0.0,0.0,,,751.0,-0.0104941197281549,4.881246969130383,1.0707034351442664,96.271637816245,up,0.0
RBI,E06,PRE_14,DXY_BROAD,complete,2020-05-27,2020-06-15,13,121.5677,119.9539,-1.3274907726312124,-0.0133638069430367,%,13,5.600986631708445,0.0,0.0,,,751.0,0.1142630195593241,1.1767545720883597,-1.2326941554051751,8.255659121171771,down,0.0
RBI,E06,PRE_14,VIX,complete,2020-05-27,2020-06-15,13,27.62,34.4,24.54742939898624,0.2195164163982066,%,13,196.87585191841333,0.0,0.0,,,,,,,,up,
RBI,E06,PRE_14,UST10Y,complete,2020-05-27,2020-06-15,13,0.68,0.71,0.0299999999999999,,pp,13,,0.0,0.0,,,,,,,,up,
RBI,E06,PRE_14,FFR_UPPER,complete,2020-05-27,2020-06-15,13,0.25,0.25,0.0,,pp,13,,0.0,0.0,,,,,,,,,
RBI,E06,PRE_14,IN_REPO,complete,2020-05-27,2020-06-15,13,4.0,4.0,0.0,,pp,13,,5.0,24.0,,,,,,,,,
RBI,E06,PRE_7,USDINR,complete,2020-06-05,2020-06-15,6,75.4665,76.1056,0.8468658278838914,0.0084330003673269,%,6,3.4209042300434005,0.0,0.0,-0.8397542362191479,-0.1127028417487574,751.0,0.125520692964276,0.8827128309347232,0.8132407618578787,81.75765645805593,INR weakened,0.0
RBI,E06,PRE_7,BRENT,complete,2020-06-05,2020-06-15,6,41.0,39.44,-3.804878048780491,-0.0387915369698731,%,6,71.10117489641019,0.0,0.0,,,751.0,-0.2524975649129679,9.831880356423907,-0.3688345146496568,23.302263648468703,down,0.0
RBI,E06,PRE_7,GOLD_USD,complete,2020-06-05,2020-06-15,6,1709.55,1710.4,0.0497206867304367,0.0004970833009269,%,6,16.131565958220325,0.0,0.0,,,751.0,0.2367669541630812,2.0360069470794704,-0.0917377875496051,45.27296937416778,up,0.0
RBI,E06,PRE_7,NIFTY50,complete,2020-06-05,2020-06-15,6,10142.15,9813.7,-3.2384652169411665,-0.0329206386207296,%,6,19.873252574392257,0.0,0.0,,,751.0,0.0669005386997767,3.165613342798019,-1.0610714792379834,7.856191744340879,down,0.0
RBI,E06,PRE_7,DXY_BROAD,complete,2020-06-05,2020-06-15,6,118.8138,119.9539,0.9595686696326488,0.0095499405059929,%,6,4.586248974414036,0.0,0.0,,,751.0,0.0353498702672094,0.8325851630946164,1.1045722019696351,91.34487350199734,up,0.0
RBI,E06,PRE_7,VIX,complete,2020-06-05,2020-06-15,6,24.52,34.4,40.29363784665578,0.3385674533113419,%,6,282.72543101383667,0.0,0.0,,,,,,,,up,
RBI,E06,PRE_7,UST10Y,complete,2020-06-05,2020-06-15,6,0.91,0.71,-0.2,,pp,6,,0.0,0.0,,,,,,,,down,
RBI,E06,PRE_7,FFR_UPPER,complete,2020-06-05,2020-06-15,6,0.25,0.25,0.0,,pp,6,,0.0,0.0,,,,,,,,,
RBI,E06,PRE_7,IN_REPO,complete,2020-06-05,2020-06-15,6,4.0,4.0,0.0,,pp,6,,14.0,24.0,,,,,,,,,
RBI,E06,EVENT,USDINR,complete,2020-06-15,2020-06-16,1,76.1056,75.841,-0.3476748097380522,-0.0034828060313962,%,1,,0.0,0.0,0.3488878047494204,-0.0251342337334259,751.0,0.0227712810294766,0.3618970963946819,-1.025289496939626,10.652463382157125,INR strengthened,0.0
RBI,E06,EVENT,BRENT,complete,2020-06-15,2020-06-16,1,39.44,40.75,3.321501014198791,0.0326753099524371,%,1,,0.0,0.0,,,751.0,-0.0284060226786286,4.605266155213076,0.7156895914617691,93.60852197070572,up,0.0
RBI,E06,EVENT,GOLD_USD,complete,2020-06-15,2020-06-16,1,1710.4,1728.35,1.0494621141253324,0.0104399348797845,%,1,,0.0,0.0,,,751.0,0.041343922710979,0.8245041345702725,1.2160740831637475,92.14380825565912,up,0.0
RBI,E06,EVENT,NIFTY50,complete,2020-06-15,2020-06-16,1,9813.7,9914.0,1.0220406166889129,0.0101685309734032,%,1,,0.0,0.0,,,751.0,0.0069883729458597,1.3281298541427895,0.7603661384614137,90.4127829560586,up,0.0
RBI,E06,EVENT,DXY_BROAD,complete,2020-06-15,2020-06-16,1,119.9539,119.567,-0.3225405760046262,-0.0032306185932241,%,1,,0.0,0.0,,,751.0,0.0060060400127293,0.3060300776582032,-1.075279010147878,9.986684420772304,down,0.0
RBI,E06,EVENT,VIX,complete,2020-06-15,2020-06-16,1,34.4,33.67,-2.1220930232558,-0.0214493312063694,%,1,,0.0,0.0,,,,,,,,down,
RBI,E06,EVENT,UST10Y,complete,2020-06-15,2020-06-16,1,0.71,0.75,0.04,,pp,1,,0.0,0.0,,,,,,,,up,
RBI,E06,EVENT,FFR_UPPER,complete,2020-06-15,2020-06-16,1,0.25,0.25,0.0,,pp,1,,0.0,0.0,,,,,,,,,
RBI,E06,EVENT,IN_REPO,complete,2020-06-15,2020-06-16,1,4.0,4.0,0.0,,pp,1,,24.0,25.0,,,,,,,,,
RBI,E06,POST_7,USDINR,complete,2020-06-15,2020-06-25,8,76.1056,75.6349,-0.6184827397720971,-0.0062040326711736,%,8,4.363187069831298,0.0,0.0,0.6223317542563,-0.9067601530116765,751.0,0.1745826807290518,1.0360831985278027,-0.7671524164784188,18.908122503328894,INR strengthened,0.0
RBI,E06,POST_7,BRENT,complete,2020-06-15,2020-06-25,8,39.44,41.18,4.41176470588236,0.0431721718652087,%,8,46.72466572980371,0.0,0.0,,,751.0,-0.2385121238388521,11.908535554062595,0.382583919150747,75.09986684420772,up,0.0
RBI,E06,POST_7,GOLD_USD,complete,2020-06-15,2020-06-25,8,1710.4,1758.55,2.815130963517287,0.0277623445628924,%,8,13.21284726797624,0.0,0.0,,,751.0,0.3231552646480784,2.240640143089843,1.0950442995750935,90.14647137150466,up,0.0
RBI,E06,POST_7,NIFTY50,complete,2020-06-15,2020-06-25,8,9813.7,10288.9,4.842210379367606,0.0472862756039591,%,8,19.35569710577024,0.0,0.0,,,751.0,0.0817252096260379,3.774093423252478,1.2312720450971226,96.40479360852196,up,0.0
RBI,E06,POST_7,DXY_BROAD,complete,2020-06-15,2020-06-25,8,119.9539,120.2997,0.2882774132395793,0.0028786269074766,%,8,5.638085987782114,0.0,0.0,,,751.0,0.0398467778565114,0.972823909836435,0.2549524606699757,61.38482023968043,up,0.0
RBI,E06,POST_7,VIX,complete,2020-06-15,2020-06-25,8,34.4,32.22,-6.337209302325586,-0.0654691866305244,%,8,90.36392833376564,0.0,0.0,,,,,,,,down,
RBI,E06,POST_7,UST10Y,complete,2020-06-15,2020-06-25,8,0.71,0.68,-0.0299999999999999,,pp,8,,0.0,0.0,,,,,,,,down,
RBI,E06,POST_7,FFR_UPPER,complete,2020-06-15,2020-06-25,8,0.25,0.25,0.0,,pp,8,,0.0,0.0,,,,,,,,,
RBI,E06,POST_7,IN_REPO,complete,2020-06-15,2020-06-25,8,4.0,4.0,0.0,,pp,8,,24.0,34.0,,,,,,,,,
RBI,E06,POST_14,USDINR,complete,2020-06-15,2020-07-06,15,76.1056,74.6822,-1.870296009754868,-0.0188800722804537,%,15,4.868818133868122,0.0,0.0,1.905942781546344,-1.3128318506070658,751.0,0.3223018441810943,1.4781984643445094,-1.4949215862765226,4.660452729693742,INR strengthened,0.0
RBI,E06,POST_14,BRENT,complete,2020-06-15,2020-07-06,15,39.44,42.73,8.341784989858002,0.0801207199214988,%,15,35.24471720991473,0.0,0.0,,,751.0,-0.6261015850829277,17.510453700650178,0.4934276381784244,86.15179760319573,up,0.0
RBI,E06,POST_14,GOLD_USD,complete,2020-06-15,2020-07-06,15,1710.4,1774.4,3.741814780168373,0.0367350763253217,%,15,11.046558123310104,0.0,0.0,,,751.0,0.603478424016135,2.918161988870693,1.052663580130471,86.28495339547271,up,0.0
RBI,E06,POST_14,NIFTY50,complete,2020-06-15,2020-07-06,15,9813.7,10763.65,9.679835332239616,0.0923953479176452,%,15,15.930766127495032,0.0,0.0,,,751.0,0.1266855840314606,5.405004385485617,1.6860170198346809,98.66844207723037,up,0.0
RBI,E06,POST_14,DXY_BROAD,complete,2020-06-15,2020-07-06,15,119.9539,119.2852,-0.5574641591478025,-0.0055902378954583,%,15,4.864629070483171,0.0,0.0,,,751.0,0.087072567779467,1.325814563679397,-0.4872917290656248,29.69374167776298,down,0.0
RBI,E06,POST_14,VIX,complete,2020-06-15,2020-07-06,15,34.4,27.94,-18.779069767441857,-0.2079972105505368,%,15,85.57986098941366,0.0,0.0,,,,,,,,down,
RBI,E06,POST_14,UST10Y,complete,2020-06-15,2020-07-06,15,0.71,0.69,-0.02,,pp,15,,0.0,0.0,,,,,,,,down,
RBI,E06,POST_14,FFR_UPPER,complete,2020-06-15,2020-07-06,15,0.25,0.25,0.0,,pp,15,,0.0,0.0,,,,,,,,,
RBI,E06,POST_14,IN_REPO,complete,2020-06-15,2020-07-06,15,4.0,4.0,0.0,,pp,15,,24.0,45.0,,,,,,,,,
RBI,E06,POST_30,USDINR,complete,2020-06-15,2020-07-28,31,76.1056,74.7458,-1.7867279148971904,-0.01802882614398,%,31,4.149705408472844,0.0,0.0,1.819232652536984,0.4099493086028416,751.0,0.6432313797075873,2.254504883181588,-1.084075757777845,10.119840213049269,INR strengthened,0.0
RBI,E06,POST_30,BRENT,complete,2020-06-15,2020-07-28,31,39.44,43.11,9.305273833671412,0.0889744590246087,%,31,29.930907061003275,0.0,0.0,,,751.0,-1.99039130946822,26.341128658255787,0.4141019342834771,74.56724367509987,up,0.0
RBI,E06,POST_30,GOLD_USD,complete,2020-06-15,2020-07-28,31,1710.4,1931.65,12.935570626753968,0.1216472986700427,%,31,12.439569831730603,0.0,0.0,,,751.0,1.2935622753320386,3.8707759292364674,2.810667124485764,99.33422103861518,up,1.0
RBI,E06,POST_30,NIFTY50,complete,2020-06-15,2020-07-28,31,9813.7,11300.55,15.150758633339102,0.1410720284752167,%,31,15.455462167071632,0.0,0.0,,,751.0,0.1402618039399339,7.477443877031023,1.867889555342484,99.86684420772303,up,0.0
RBI,E06,POST_30,DXY_BROAD,complete,2020-06-15,2020-07-28,31,119.9539,117.3189,-2.196677223500032,-0.0222116343046283,%,31,4.28716906654806,0.0,0.0,,,751.0,0.2308682842220077,1.947611217559964,-1.2588578260508985,6.92410119840213,down,0.0
RBI,E06,POST_30,VIX,complete,2020-06-15,2020-07-28,31,34.4,25.44,-26.04651162790697,-0.3017338259074311,%,31,95.6370204634104,0.0,0.0,,,,,,,,down,
RBI,E06,POST_30,UST10Y,complete,2020-06-15,2020-07-28,31,0.71,0.59,-0.12,,pp,31,,0.0,0.0,,,,,,,,down,
RBI,E06,POST_30,FFR_UPPER,complete,2020-06-15,2020-07-28,31,0.25,0.25,0.0,,pp,31,,0.0,0.0,,,,,,,,,
RBI,E06,POST_30,IN_REPO,complete,2020-06-15,2020-07-28,31,4.0,4.0,0.0,,pp,31,,24.0,67.0,,,,,,,,,
RBI,E06,POST_90,USDINR,complete,2020-06-15,2020-10-23,91,76.1056,73.578,-3.3211747887146204,-0.0337757815372969,%,91,4.776561283644479,0.0,0.0,3.435265976242885,0.7981577215247282,751.0,1.3430359689896365,3.792174279307338,-1.2424733128613237,12.250332889480692,INR strengthened,0.0
RBI,E06,POST_90,BRENT,complete,2020-06-15,2020-10-23,91,39.44,40.71,3.2200811359026416,0.0316932327804528,%,91,33.053954334142375,0.0,0.0,,,751.0,-5.535744748554672,31.368541995456145,0.2825821714768072,51.664447403462056,up,0.0
RBI,E06,POST_90,GOLD_USD,complete,2020-06-15,2020-10-23,91,1710.4,1910.6,11.704864359214206,0.1106900675651271,%,91,17.136213153638533,0.0,0.0,,,751.0,3.729453490813928,6.40143680614155,1.1571488548686866,87.88282290279628,up,0.0
RBI,E06,POST_90,NIFTY50,complete,2020-06-15,2020-10-23,91,9813.7,11930.35,21.568317759866297,0.1953062048583566,%,91,16.318013031723545,0.0,0.0,,,751.0,1.6468484406320094,10.236758640572566,1.7483254374154846,100.0,up,0.0
RBI,E06,POST_90,DXY_BROAD,complete,2020-06-15,2020-10-23,91,119.9539,115.0126,-4.1193325102393485,-0.0420658147256496,%,91,4.77730016461327,0.0,0.0,,,751.0,0.3897544978187728,3.0563403727931204,-1.5036212708070318,7.057256990679095,down,0.0
RBI,E06,POST_90,VIX,complete,2020-06-15,2020-10-23,91,34.4,27.55,-19.91279069767441,-0.222054028780429,%,91,89.48255607392407,0.0,0.0,,,,,,,,down,
RBI,E06,POST_90,UST10Y,complete,2020-06-15,2020-10-23,91,0.71,0.85,0.14,,pp,91,,0.0,0.0,,,,,,,,up,
RBI,E06,POST_90,FFR_UPPER,complete,2020-06-15,2020-10-23,91,0.25,0.25,0.0,,pp,91,,0.0,0.0,,,,,,,,,
RBI,E06,POST_90,IN_REPO,complete,2020-06-15,2020-10-23,91,4.0,4.0,0.0,,pp,91,,24.0,154.0,,,,,,,,,
RBI,E07,PRE_30,USDINR,complete,2022-01-11,2022-02-23,29,73.9319,74.6224,0.9339676107336548,0.0092963310095436,%,29,5.409951936013157,0.0,0.0,-0.9253253714702314,1.0788734393616162,751.0,0.1460094811611911,1.906816772963355,0.411014902482504,71.63781624500666,INR weakened,0.0
RBI,E07,PRE_30,BRENT,complete,2022-01-11,2022-02-23,29,84.98,99.29,16.83925629559897,0.1556289263588372,%,29,27.774367021172772,0.0,0.0,,,751.0,0.3908903883047765,26.68311084256154,0.5686280107490417,85.48601864181093,up,0.0
RBI,E07,PRE_30,GOLD_USD,complete,2022-01-11,2022-02-23,29,1805.2,1895.7,5.013294925770007,0.0489167744946732,%,29,10.323538692431727,0.0,0.0,,,751.0,1.4873168630363145,4.434523206252148,0.7701645754152204,75.09986684420772,up,0.0
RBI,E07,PRE_30,NIFTY50,complete,2022-01-11,2022-02-23,29,18055.75,17063.25,-5.496863879927449,-0.0565371655832583,%,29,19.89723780479676,0.0,0.0,,,751.0,1.955924966078304,7.991997839080354,-0.949794942972975,8.921438082556591,down,0.0
RBI,E07,PRE_30,DXY_BROAD,complete,2022-01-11,2022-02-23,29,114.8332,114.6668,-0.1449058286279614,-0.0014501091865713,%,29,4.065363685688053,0.0,0.0,,,751.0,-0.0109742844274562,1.8081399718238165,-0.0741292345170731,45.67243675099867,down,0.0
RBI,E07,PRE_30,VIX,complete,2022-01-11,2022-02-23,29,18.41,31.02,68.49538294405215,0.5217381625034063,%,29,141.62832840104204,0.0,0.0,,,,,,,,up,
RBI,E07,PRE_30,UST10Y,complete,2022-01-11,2022-02-23,29,1.75,1.99,0.24,,pp,29,,0.0,0.0,,,,,,,,up,
RBI,E07,PRE_30,FFR_UPPER,complete,2022-01-11,2022-02-23,29,0.25,0.25,0.0,,pp,29,,0.0,0.0,,,,,,,,,
RBI,E07,PRE_30,IN_REPO,complete,2022-01-11,2022-02-23,29,4.0,4.0,0.0,,pp,29,,599.0,642.0,,,,,,,,,
RBI,E07,PRE_14,USDINR,complete,2022-02-03,2022-02-23,13,74.857,74.6224,-0.3133975446518056,-0.0031388966321741,%,13,6.278265733159577,0.0,0.0,0.314382812667513,-0.1047931576066862,751.0,0.0883035352155836,1.2726309823895043,-0.3160022342397139,37.68308921438083,INR strengthened,0.0
RBI,E07,PRE_14,BRENT,complete,2022-02-03,2022-02-23,13,92.99,99.29,6.774922034627395,0.0655529005553969,%,13,36.133553529448406,0.0,0.0,,,751.0,0.8110798848000256,16.058857636503603,0.3579010335343798,77.09720372836219,up,0.0
RBI,E07,PRE_14,GOLD_USD,complete,2022-02-03,2022-02-23,13,1803.75,1895.7,5.097713097713097,0.0497203323594386,%,13,9.862902290265126,0.0,0.0,,,751.0,0.6495994199424482,3.2085943173870604,1.347797257083296,91.8774966711052,up,0.0
RBI,E07,PRE_14,NIFTY50,complete,2022-02-03,2022-02-23,13,17560.2,17063.25,-2.8299791574127875,-0.0287079496406546,%,13,22.653798753785438,0.0,0.0,,,751.0,0.8532563657168257,5.234505848684179,-0.7107512687148524,10.785619174434087,down,0.0
RBI,E07,PRE_14,DXY_BROAD,complete,2022-02-03,2022-02-23,13,114.9065,114.6668,-0.2086043870451193,-0.0020882226905694,%,13,2.976318582518287,0.0,0.0,,,751.0,-0.0187053666261594,1.1753350677916583,-0.1617540035762744,46.60452729693741,down,0.0
RBI,E07,PRE_14,VIX,complete,2022-02-03,2022-02-23,13,24.35,31.02,27.39219712525667,0.2421003082197939,%,13,146.53924691763217,0.0,0.0,,,,,,,,up,
RBI,E07,PRE_14,UST10Y,complete,2022-02-03,2022-02-23,13,1.82,1.99,0.1699999999999999,,pp,13,,0.0,0.0,,,,,,,,up,
RBI,E07,PRE_14,FFR_UPPER,complete,2022-02-03,2022-02-23,13,0.25,0.25,0.0,,pp,13,,0.0,0.0,,,,,,,,,
RBI,E07,PRE_14,IN_REPO,complete,2022-02-03,2022-02-23,13,4.0,4.0,0.0,,pp,13,,622.0,642.0,,,,,,,,,
RBI,E07,PRE_7,USDINR,complete,2022-02-15,2022-02-23,6,75.6611,74.6224,-1.3728322744448684,-0.0138234275902888,%,6,7.374316148535626,0.0,0.0,1.3919412937670297,-1.1438233124680064,751.0,0.0582225901131661,0.8015244929224915,-1.7972606190929936,3.595206391478029,INR strengthened,0.0
RBI,E07,PRE_7,BRENT,complete,2022-02-15,2022-02-23,6,98.43,99.29,0.8737173625926964,0.0086992254043826,%,6,27.710918246795984,0.0,0.0,,,751.0,0.4970715088066679,9.894450071646643,0.037807291023405,46.73768308921439,up,0.0
RBI,E07,PRE_7,GOLD_USD,complete,2022-02-15,2022-02-23,6,1855.1,1895.7,2.1885612635437424,0.0216495605031917,%,6,10.950200114746051,0.0,0.0,,,751.0,0.2860693276015569,2.3635841990573847,0.7951039455597843,84.28761651131825,up,0.0
RBI,E07,PRE_7,NIFTY50,complete,2022-02-15,2022-02-23,6,17352.45,17063.25,-1.6666234451042985,-0.0168066787751656,%,6,3.4349453448188285,0.0,0.0,,,751.0,0.3776001983732513,3.395957680950106,-0.6058841567571942,18.64181091877497,down,0.0
RBI,E07,PRE_7,DXY_BROAD,complete,2022-02-15,2022-02-23,6,114.93,114.6668,-0.229008961976862,-0.002292715885357,%,6,1.6673192096027265,0.0,0.0,,,751.0,-0.0042064726721968,0.8244255186792082,-0.2729961922449189,38.08255659121172,down,0.0
RBI,E07,PRE_7,VIX,complete,2022-02-15,2022-02-23,6,25.7,31.02,20.70038910505836,0.1881411658472186,%,6,113.70434771094354,0.0,0.0,,,,,,,,up,
RBI,E07,PRE_7,UST10Y,complete,2022-02-15,2022-02-23,6,2.05,1.99,-0.0599999999999998,,pp,6,,0.0,0.0,,,,,,,,down,
RBI,E07,PRE_7,FFR_UPPER,complete,2022-02-15,2022-02-23,6,0.25,0.25,0.0,,pp,6,,0.0,0.0,,,,,,,,,
RBI,E07,PRE_7,IN_REPO,complete,2022-02-15,2022-02-23,6,4.0,4.0,0.0,,pp,6,,634.0,642.0,,,,,,,,,
RBI,E07,EVENT,USDINR,complete,2022-02-23,2022-02-24,1,74.6224,75.2578,0.8514869529792746,0.0084788225074929,%,1,,0.0,0.0,-0.8442978667991929,-0.2605175679457172,751.0,0.0069559218250025,0.3139116224189365,2.678864083965134,98.80159786950732,INR weakened,1.0
RBI,E07,EVENT,BRENT,complete,2022-02-23,2022-02-24,1,99.29,101.29,2.0143015409406884,0.0199428286532031,%,1,,0.0,0.0,,,751.0,0.0697850583083914,4.67763999655639,0.4114301542825319,82.82290279627163,up,0.0
RBI,E07,EVENT,GOLD_USD,complete,2022-02-23,2022-02-24,1,1895.7,1968.35,3.832357440523282,0.0376074648804934,%,1,,0.0,0.0,,,751.0,0.0508893534976628,0.95500620571169,3.884655467790597,99.73368841544608,up,1.0
RBI,E07,EVENT,NIFTY50,complete,2022-02-23,2022-02-24,1,17063.25,16247.95,-4.778104991721976,-0.048960281051569,%,1,,0.0,0.0,,,751.0,0.0616935136501739,1.430739117280155,-3.465133885209626,0.9320905459387484,down,1.0
RBI,E07,EVENT,DXY_BROAD,complete,2022-02-23,2022-02-24,1,114.6668,115.9419,1.1120045209249918,0.0110586720687846,%,1,,0.0,0.0,,,751.0,0.0007293981215905,0.3057511374901986,3.6145010628207466,99.33422103861518,up,1.0
RBI,E07,EVENT,VIX,complete,2022-02-23,2022-02-24,1,31.02,30.32,-2.256608639587365,-0.0228245969742218,%,1,,0.0,0.0,,,,,,,,down,
RBI,E07,EVENT,UST10Y,complete,2022-02-23,2022-02-24,1,1.99,1.96,-0.03,,pp,1,,0.0,0.0,,,,,,,,down,
RBI,E07,EVENT,FFR_UPPER,complete,2022-02-23,2022-02-24,1,0.25,0.25,0.0,,pp,1,,0.0,0.0,,,,,,,,,
RBI,E07,EVENT,IN_REPO,complete,2022-02-23,2022-02-24,1,4.0,4.0,0.0,,pp,1,,642.0,643.0,,,,,,,,,
RBI,E07,POST_7,USDINR,complete,2022-02-23,2022-03-08,8,74.6224,76.8816,3.027509166148512,0.029825845865217,%,8,6.479521212092794,0.0,0.0,-2.9385444631745528,0.4541400654149097,751.0,0.0702634668015678,0.935212481079178,3.1141006475624464,99.33422103861518,INR weakened,1.0
RBI,E07,POST_7,BRENT,complete,2022-02-23,2022-03-08,8,99.29,133.18,34.1323396112398,0.2936567356369736,%,8,88.01503252791193,0.0,0.0,,,751.0,0.5709066325752854,11.855661466865444,2.428914700993521,98.40213049267643,up,1.0
RBI,E07,POST_7,GOLD_USD,complete,2022-02-23,2022-03-08,8,1895.7,2007.0,5.871182149074228,0.0570529063488189,%,8,32.071733909794126,0.0,0.0,,,751.0,0.4015264209738634,2.607659447803083,2.0342258205299064,97.60319573901464,up,1.0
RBI,E07,POST_7,NIFTY50,complete,2022-02-23,2022-03-08,8,17063.25,16013.45,-6.152403557352781,-0.0634980339106253,%,8,36.22079414276408,0.0,0.0,,,751.0,0.4985308268752098,4.026548495033571,-1.7004875704640576,2.6631158455392807,down,0.0
RBI,E07,POST_7,DXY_BROAD,complete,2022-02-23,2022-03-08,8,114.6668,117.6176,2.5733691007336024,0.0254081526352416,%,8,7.985201065982441,0.0,0.0,,,751.0,0.0028494757632113,0.941153896994914,2.696653370358902,98.93475366178428,up,1.0
RBI,E07,POST_7,VIX,complete,2022-02-23,2022-03-08,8,31.02,35.13,13.249516441005804,0.1244233085293429,%,8,114.7783518077783,0.0,0.0,,,,,,,,up,
RBI,E07,POST_7,UST10Y,complete,2022-02-23,2022-03-08,8,1.99,1.86,-0.1299999999999999,,pp,8,,0.0,0.0,,,,,,,,down,
RBI,E07,POST_7,FFR_UPPER,complete,2022-02-23,2022-03-08,8,0.25,0.25,0.0,,pp,8,,0.0,0.0,,,,,,,,,
RBI,E07,POST_7,IN_REPO,complete,2022-02-23,2022-03-08,8,4.0,4.0,0.0,,pp,8,,642.0,655.0,,,,,,,,,
RBI,E07,POST_14,USDINR,complete,2022-02-23,2022-03-17,15,74.6224,75.8935,1.7033759300156603,0.0168903115008862,%,15,8.126425979907095,0.0,0.0,-1.6748469895313869,0.4999761665270164,751.0,0.1340260865055231,1.3598190071648617,1.1436042518739131,87.7496671105193,INR weakened,0.0
RBI,E07,POST_14,BRENT,complete,2022-02-23,2022-03-17,15,99.29,113.5,14.311612448383526,0.1337579758759546,%,15,107.08145541721356,0.0,0.0,,,751.0,1.1465729252719823,17.615778418806855,0.6945902532930515,90.67909454061252,up,0.0
RBI,E07,POST_14,GOLD_USD,complete,2022-02-23,2022-03-17,15,1895.7,1941.4,2.4107189956216635,0.0238211988306065,%,15,26.945878756927616,0.0,0.0,,,751.0,0.7346378208153759,3.421532951112775,0.4822889055570452,73.10252996005326,up,0.0
RBI,E07,POST_14,NIFTY50,complete,2022-02-23,2022-03-17,15,17063.25,17287.05,1.3115906993099058,0.013030638260221,%,15,32.39176673449448,0.0,0.0,,,751.0,0.952201168925515,5.651278444148977,0.0628826771895021,51.39813581890812,up,0.0
RBI,E07,POST_14,DXY_BROAD,complete,2022-02-23,2022-03-17,15,114.6668,116.0467,1.203399763488644,0.0119621648018671,%,15,8.381177239929745,0.0,0.0,,,751.0,-0.0045942277207,1.2517897141968886,0.9592751880180572,87.7496671105193,up,0.0
RBI,E07,POST_14,VIX,complete,2022-02-23,2022-03-17,15,31.02,25.67,-17.246937459703414,-0.1893091628653437,%,15,109.64122773629543,0.0,0.0,,,,,,,,down,
RBI,E07,POST_14,UST10Y,complete,2022-02-23,2022-03-17,15,1.99,2.2,0.2100000000000002,,pp,15,,0.0,0.0,,,,,,,,up,
RBI,E07,POST_14,FFR_UPPER,complete,2022-02-23,2022-03-17,15,0.25,0.5,0.25,,pp,15,,0.0,0.0,,,,,,,,up,
RBI,E07,POST_14,IN_REPO,complete,2022-02-23,2022-03-17,15,4.0,4.0,0.0,,pp,15,,642.0,664.0,,,,,,,,,
RBI,E07,POST_30,USDINR,complete,2022-02-23,2022-04-12,31,74.6224,76.1127,1.9971215077510207,0.0197744063857286,%,31,6.2952434949708325,0.0,0.0,-1.9580175187583704,0.4972976703368825,751.0,0.2392378137653583,1.8597566746373384,0.9347935493754076,85.88548601864181,INR weakened,0.0
RBI,E07,POST_30,BRENT,complete,2022-02-23,2022-04-12,31,99.29,104.42,5.1666834525128325,0.0503763669369034,%,31,88.72279915968439,0.0,0.0,,,751.0,2.0519468941133434,27.471503122165142,0.1094391736488522,50.33288948069241,up,0.0
RBI,E07,POST_30,GOLD_USD,complete,2022-02-23,2022-04-12,31,1895.7,1951.4,2.9382286226723675,0.0289589002263304,%,31,19.91830343301208,0.0,0.0,,,751.0,1.5532343313672037,4.544199155331963,0.2980932082418939,62.84953395472704,up,0.0
RBI,E07,POST_30,NIFTY50,complete,2022-02-23,2022-04-12,31,17063.25,17530.3,2.7371690621657674,0.0270037842832931,%,31,25.423384873155,0.0,0.0,,,751.0,2.029715194729232,8.279995158916408,0.0834526330388771,47.4034620505992,up,0.0
RBI,E07,POST_30,DXY_BROAD,complete,2022-02-23,2022-04-12,31,114.6668,116.3866,1.4998238374141382,0.0148868769002655,%,31,6.387659362923194,0.0,0.0,,,751.0,-0.0296296321652622,1.8584721260155697,0.8169730884744427,84.4207723035952,up,0.0
RBI,E07,POST_30,VIX,complete,2022-02-23,2022-04-12,31,31.02,24.26,-21.79239200515796,-0.2458032542324886,%,31,109.70642365762558,0.0,0.0,,,,,,,,down,
RBI,E07,POST_30,UST10Y,complete,2022-02-23,2022-04-12,31,1.99,2.72,0.7300000000000002,,pp,31,,0.0,0.0,,,,,,,,up,
RBI,E07,POST_30,FFR_UPPER,complete,2022-02-23,2022-04-12,31,0.25,0.5,0.25,,pp,31,,0.0,0.0,,,,,,,,up,
RBI,E07,POST_30,IN_REPO,complete,2022-02-23,2022-04-12,31,4.0,4.0,0.0,,pp,31,,642.0,690.0,,,,,,,,,
RBI,E07,POST_90,USDINR,complete,2022-02-23,2022-07-11,91,74.6224,79.4098,6.415499903514244,0.0621810560946741,%,91,4.85805707725228,0.0,0.0,-6.0287269329478255,-1.1111773910470468,751.0,0.5023730812040217,2.8521365592722505,2.00445879522334,96.00532623169109,INR weakened,1.0
RBI,E07,POST_90,BRENT,complete,2022-02-23,2022-07-11,91,99.29,114.85,15.671265988518469,0.1455820680896044,%,91,62.25673187227348,0.0,0.0,,,751.0,2.454318945913525,37.8438238043954,0.3206209401211753,63.24900133155792,up,0.0
RBI,E07,POST_90,GOLD_USD,complete,2022-02-23,2022-07-11,91,1895.7,1737.4,-8.350477396212474,-0.087198420621699,%,91,15.730349313386885,0.0,0.0,,,751.0,4.816914233462577,7.317967943036255,-1.8344353227583183,2.5299600532623168,down,0.0
RBI,E07,POST_90,NIFTY50,complete,2022-02-23,2022-07-11,91,17063.25,16216.0,-4.965349508446515,-0.050928618873397,%,91,21.564299410248143,0.0,0.0,,,751.0,6.087477626409776,13.678529633771149,-0.8043441088282361,16.644474034620508,down,0.0
RBI,E07,POST_90,DXY_BROAD,complete,2022-02-23,2022-07-11,91,114.6668,123.2974,7.52667729456129,0.0725687916724482,%,91,6.540894874600922,0.0,0.0,,,751.0,-0.0191851091366213,2.9008918511512767,2.508216951994011,99.46737683089214,up,1.0
RBI,E07,POST_90,VIX,complete,2022-02-23,2022-07-11,91,31.02,26.17,-15.635074145712435,-0.1700184412063382,%,91,127.40187520591437,0.0,0.0,,,,,,,,down,
RBI,E07,POST_90,UST10Y,complete,2022-02-23,2022-07-11,91,1.99,2.99,1.0000000000000002,,pp,91,,0.0,0.0,,,,,,,,up,
RBI,E07,POST_90,FFR_UPPER,complete,2022-02-23,2022-07-11,91,0.25,1.75,1.5,,pp,91,,0.0,0.0,,,,,,,,up,
RBI,E07,POST_90,IN_REPO,complete,2022-02-23,2022-07-11,91,4.0,4.9,0.9000000000000004,,pp,91,,642.0,33.0,,,,,,,,up,
RBI,E08,PRE_30,USDINR,complete,2023-08-24,2023-10-06,29,82.5517,83.2388,0.8323268933286609,0.0082888215416955,%,29,2.1272251300512037,0.0,0.0,-0.8254563977375895,-1.7633312905340093,751.0,0.3404191831852143,1.3949991237725434,0.3505673065416468,65.64580559254327,INR weakened,0.0
RBI,E08,PRE_30,BRENT,complete,2023-08-24,2023-10-06,29,84.07,87.86,4.508147971928156,0.044094853400428,%,29,24.52529824542524,0.0,0.0,,,751.0,2.742764689889765,11.865869177386562,0.1435765461448023,54.06125166444741,up,0.0
RBI,E08,PRE_30,GOLD_USD,complete,2023-08-24,2023-10-06,29,1920.7,1821.9,-5.143957932003951,-0.0528097903391668,%,29,9.26089408578264,0.0,0.0,,,751.0,0.3760918510225197,4.715667002793468,-1.199483641319708,9.054593874833555,down,0.0
RBI,E08,PRE_30,NIFTY50,complete,2023-08-24,2023-10-06,29,19386.7,19653.5,1.3762012101079524,0.013668175552209,%,29,8.641684337769542,0.0,0.0,,,751.0,2.4865433004168658,5.2147851066496935,-0.2088895960770613,41.41145139813582,up,0.0
RBI,E08,PRE_30,DXY_BROAD,complete,2023-08-24,2023-10-06,29,120.2354,123.3563,2.59565818386267,0.025625427957075,%,29,5.807613371080127,0.0,0.0,,,751.0,-0.0291381048251104,1.8270313072581643,1.4185225705806588,92.80958721704394,up,0.0
RBI,E08,PRE_30,VIX,complete,2023-08-24,2023-10-06,29,17.2,17.45,1.4534883720930258,0.0144302648290288,%,29,95.09484703597336,0.0,0.0,,,,,,,,up,
RBI,E08,PRE_30,UST10Y,complete,2023-08-24,2023-10-06,29,4.23,4.78,0.5499999999999998,,pp,29,,0.0,0.0,,,,,,,,up,
RBI,E08,PRE_30,FFR_UPPER,complete,2023-08-24,2023-10-06,29,5.5,5.5,0.0,,pp,29,,0.0,0.0,,,,,,,,,
RBI,E08,PRE_30,IN_REPO,complete,2023-08-24,2023-10-06,29,6.5,6.5,0.0,,pp,29,,197.0,240.0,,,,,,,,,
RBI,E08,PRE_14,USDINR,complete,2023-09-15,2023-10-06,13,83.0557,83.2388,0.2204544660992624,0.0022021182178918,%,13,2.148214049322379,0.0,0.0,-0.2199695334387241,-1.5595107151316068,751.0,0.1776821163643527,1.0669972098800324,0.0400070149803712,54.460719041278296,INR weakened,0.0
RBI,E08,PRE_14,BRENT,complete,2023-09-15,2023-10-06,13,95.55,87.86,-8.048142333856623,-0.0839050321386485,%,13,27.95270296335262,0.0,0.0,,,751.0,1.2871597932223144,7.877089966534453,-1.2275408243352772,12.78295605858855,down,0.0
RBI,E08,PRE_14,GOLD_USD,complete,2023-09-15,2023-10-06,13,1918.7,1821.9,-5.045082608015838,-0.051767960792414,%,13,11.454337829921984,0.0,0.0,,,751.0,-0.027883222533287,3.102015389217063,-1.6598592600517112,4.660452729693742,down,0.0
RBI,E08,PRE_14,NIFTY50,complete,2023-09-15,2023-10-06,13,20192.35,19653.5,-2.6685848848697624,-0.0270483803033836,%,13,9.35547382473098,0.0,0.0,,,751.0,0.9949092059199582,3.356387439283913,-1.100835545741788,13.315579227696404,down,0.0
RBI,E08,PRE_14,DXY_BROAD,complete,2023-09-15,2023-10-06,13,121.199,123.3563,1.7799651812308692,0.0176430930741958,%,13,7.120497801621249,0.0,0.0,,,751.0,0.0523081849008955,1.2227196125919828,1.4001695735064117,91.4780292942743,up,0.0
RBI,E08,PRE_14,VIX,complete,2023-09-15,2023-10-06,13,13.79,17.45,26.540971718636698,0.2353959568432257,%,13,115.47493980218476,0.0,0.0,,,,,,,,up,
RBI,E08,PRE_14,UST10Y,complete,2023-09-15,2023-10-06,13,4.33,4.78,0.4500000000000002,,pp,13,,0.0,0.0,,,,,,,,up,
RBI,E08,PRE_14,FFR_UPPER,complete,2023-09-15,2023-10-06,13,5.5,5.5,0.0,,pp,13,,0.0,0.0,,,,,,,,,
RBI,E08,PRE_14,IN_REPO,complete,2023-09-15,2023-10-06,13,6.5,6.5,0.0,,pp,13,,219.0,240.0,,,,,,,,,
RBI,E08,PRE_7,USDINR,complete,2023-09-27,2023-10-06,6,83.2188,83.2388,0.0240330309978054,0.0002403014352753,%,6,1.6027318055681936,0.0,0.0,-0.0240272565197874,-0.2742038103585642,751.0,0.0843279391806062,0.7151329292291916,-0.0842672140518899,46.87083888149135,INR weakened,0.0
RBI,E08,PRE_7,BRENT,complete,2023-09-27,2023-10-06,6,97.1,87.86,-9.515962924819766,-0.0999967367496456,%,6,27.40017904734989,0.0,0.0,,,751.0,0.5994089132316915,5.890077008911553,-1.7991773729884664,5.326231691078561,down,0.0
RBI,E08,PRE_7,GOLD_USD,complete,2023-09-27,2023-10-06,6,1895.55,1821.9,-3.8854158423676455,-0.03962912130116,%,6,14.64226569652188,0.0,0.0,,,751.0,-0.0172559281904849,2.103129779104755,-1.87608713077064,3.9946737683089215,down,0.0
RBI,E08,PRE_7,NIFTY50,complete,2023-09-27,2023-10-06,6,19716.45,19653.5,-0.3192765431910938,-0.0031978731822592,%,6,11.114083683636848,0.0,0.0,,,751.0,0.4469171277484696,2.3739651223346185,-0.3225442234747564,32.889480692410125,down,0.0
RBI,E08,PRE_7,DXY_BROAD,complete,2023-09-27,2023-10-06,6,122.9895,123.3563,0.2982368413563696,0.002977929975402,%,6,9.721869076311682,0.0,0.0,,,751.0,0.0330195573152725,0.848294202955999,0.31213096772129,64.0479360852197,up,0.0
RBI,E08,PRE_7,VIX,complete,2023-09-27,2023-10-06,6,18.22,17.45,-4.226125137211856,-0.0431802431833761,%,6,110.57345356803272,0.0,0.0,,,,,,,,down,
RBI,E08,PRE_7,UST10Y,complete,2023-09-27,2023-10-06,6,4.61,4.78,0.1699999999999999,,pp,6,,0.0,0.0,,,,,,,,up,
RBI,E08,PRE_7,FFR_UPPER,complete,2023-09-27,2023-10-06,6,5.5,5.5,0.0,,pp,6,,0.0,0.0,,,,,,,,,
RBI,E08,PRE_7,IN_REPO,complete,2023-09-27,2023-10-06,6,6.5,6.5,0.0,,pp,6,,231.0,240.0,,,,,,,,,
RBI,E08,EVENT,USDINR,complete,2023-10-06,2023-10-09,1,83.2388,83.2542,0.0185009875202535,0.0001849927629861,%,1,,0.0,0.0,-0.0184975652880003,0.0185009875202535,751.0,0.0150310588851176,0.2850906397572155,0.0121692769952567,50.86551264980027,INR weakened,0.0
RBI,E08,EVENT,BRENT,complete,2023-10-06,2023-10-09,1,87.86,91.37,3.994992032779421,0.0391725584628957,%,1,,0.0,0.0,,,751.0,0.0868124820623039,2.5088257695963216,1.5268023275623952,95.73901464713715,up,0.0
RBI,E08,EVENT,GOLD_USD,complete,2023-10-06,2023-10-09,1,1821.9,1852.3,1.668587738075633,0.0165481975570379,%,1,,0.0,0.0,,,751.0,-0.0068790866976087,0.8741627861038631,1.90090347637378,96.80426098535288,up,0.0
RBI,E08,EVENT,NIFTY50,complete,2023-10-06,2023-10-09,1,19653.5,19512.35,-0.7181926883252476,-0.0072078410705406,%,1,,0.0,0.0,,,751.0,0.0708112957428674,0.9679395567302996,-0.817789021973696,15.978695073235686,down,0.0
RBI,E08,EVENT,DXY_BROAD,complete,2023-10-06,2023-10-09,1,123.3563,123.3563,0.0,0.0,%,1,,0.0,3.0,,,751.0,0.0074728835794513,0.3409467487213217,-0.0219172184555195,51.39813581890812,,0.0
RBI,E08,EVENT,VIX,complete,2023-10-06,2023-10-09,1,17.45,17.7,1.4326647564469883,0.0142249909313472,%,1,,0.0,0.0,,,,,,,,up,
RBI,E08,EVENT,UST10Y,complete,2023-10-06,2023-10-09,1,4.78,4.78,0.0,,pp,1,,0.0,3.0,,,,,,,,,
RBI,E08,EVENT,FFR_UPPER,complete,2023-10-06,2023-10-09,1,5.5,5.5,0.0,,pp,1,,0.0,0.0,,,,,,,,,
RBI,E08,EVENT,IN_REPO,complete,2023-10-06,2023-10-09,1,6.5,6.5,0.0,,pp,1,,240.0,243.0,,,,,,,,,
RBI,E08,POST_7,USDINR,complete,2023-10-06,2023-10-18,8,83.2388,83.2571,0.0219849397156135,0.0002198252338188,%,8,0.6829911360897513,0.0,0.0,-0.0219801074022418,-0.3497026027933669,751.0,0.1143417315227601,0.8305206189488532,-0.1111277500700699,46.60452729693741,INR weakened,0.0
RBI,E08,POST_7,BRENT,complete,2023-10-06,2023-10-18,8,87.86,91.99,4.700660141133617,0.0459352369414323,%,8,55.19765105625301,0.0,0.0,,,751.0,0.7757610029529349,6.519736587047703,0.5860292350667697,73.23568575233023,up,0.0
RBI,E08,POST_7,GOLD_USD,complete,2023-10-06,2023-10-18,8,1821.9,1943.85,6.693561666392212,0.0647906299778936,%,8,8.148409500467054,0.0,0.0,,,751.0,-0.0525822337329118,2.419010939543737,2.700136222640986,99.06790945406124,up,1.0
RBI,E08,POST_7,NIFTY50,complete,2023-10-06,2023-10-18,8,19653.5,19671.1,0.0895514793802565,0.0008951140596539,%,8,9.391376180650555,0.0,0.0,,,751.0,0.5781788996435999,2.731095637670898,-0.178317612761533,40.21304926764314,up,0.0
RBI,E08,POST_7,DXY_BROAD,complete,2023-10-06,2023-10-18,8,123.3563,123.8148,0.3716875425089805,0.0037099849124669,%,8,5.156884079034931,0.0,0.0,,,751.0,0.0564582879496677,0.9744999240176284,0.3227872339849553,64.71371504660452,up,0.0
RBI,E08,POST_7,VIX,complete,2023-10-06,2023-10-18,8,17.45,19.22,10.143266475644698,0.0966117548937102,%,8,129.4638843977323,0.0,0.0,,,,,,,,up,
RBI,E08,POST_7,UST10Y,complete,2023-10-06,2023-10-18,8,4.78,4.91,0.1299999999999999,,pp,8,,0.0,0.0,,,,,,,,up,
RBI,E08,POST_7,FFR_UPPER,complete,2023-10-06,2023-10-18,8,5.5,5.5,0.0,,pp,8,,0.0,0.0,,,,,,,,,
RBI,E08,POST_7,IN_REPO,complete,2023-10-06,2023-10-18,8,6.5,6.5,0.0,,pp,8,,240.0,252.0,,,,,,,,,
RBI,E08,POST_14,USDINR,complete,2023-10-06,2023-10-30,15,83.2388,83.2676,0.0345992493885116,0.0003459326522849,%,15,0.8081558918548932,0.0,0.0,-0.034587282448395,-0.0069876010601488,751.0,0.2119040881754186,1.138043079808459,-0.1556062560777221,46.33821571238349,INR weakened,0.0
RBI,E08,POST_14,BRENT,complete,2023-10-06,2023-10-30,15,87.86,90.73,3.266560437058952,0.0321434246339039,%,15,43.70770019927331,0.0,0.0,,,751.0,1.4868665520309188,8.488957507890113,0.2047862069296085,54.32756324900133,up,0.0
RBI,E08,POST_14,GOLD_USD,complete,2023-10-06,2023-10-30,15,1821.9,1996.15,9.564191228936814,0.0913404127767286,%,15,10.86868458048544,0.0,0.0,,,751.0,-0.0859075320241986,3.3133090762205173,2.782712243037026,99.73368841544608,up,1.0
RBI,E08,POST_14,NIFTY50,complete,2023-10-06,2023-10-30,15,19653.5,19140.9,-2.608186836950155,-0.0264280326397732,%,15,11.928896246653004,0.0,0.0,,,751.0,1.1145473333486366,3.576731640959105,-1.0487745973128522,15.1797603195739,down,0.0
RBI,E08,POST_14,DXY_BROAD,complete,2023-10-06,2023-10-30,15,123.3563,123.4076,0.0415868504486605,0.0004157820551469,%,15,4.594373242884328,0.0,0.0,,,751.0,0.0886776710659287,1.330818385478945,-0.0353618274642962,49.66711051930759,up,0.0
RBI,E08,POST_14,VIX,complete,2023-10-06,2023-10-30,15,17.45,19.75,13.180515759312318,0.1238138426986946,%,15,111.8113297651611,0.0,0.0,,,,,,,,up,
RBI,E08,POST_14,UST10Y,complete,2023-10-06,2023-10-30,15,4.78,4.88,0.0999999999999996,,pp,15,,0.0,0.0,,,,,,,,up,
RBI,E08,POST_14,FFR_UPPER,complete,2023-10-06,2023-10-30,15,5.5,5.5,0.0,,pp,15,,0.0,0.0,,,,,,,,,
RBI,E08,POST_14,IN_REPO,complete,2023-10-06,2023-10-30,15,6.5,6.5,0.0,,pp,15,,240.0,264.0,,,,,,,,,
RBI,E08,POST_30,USDINR,complete,2023-10-06,2023-11-22,31,83.2388,83.3375,0.1185745109252067,0.0011850426687421,%,31,1.059725376397398,0.0,0.0,-0.1184340782960924,2.2879813430043194,751.0,0.4269383242960112,1.3778966492109253,-0.2231845629941288,43.54194407456725,INR weakened,0.0
RBI,E08,POST_30,BRENT,complete,2023-10-06,2023-11-22,31,87.86,81.76,-6.9428636467106735,-0.0719565120922391,%,31,43.99812418906224,0.0,0.0,,,751.0,3.039778095328227,12.355348238708045,-0.824755667838462,24.101198402130493,down,0.0
RBI,E08,POST_30,GOLD_USD,complete,2023-10-06,2023-11-22,31,1821.9,1999.9,9.770020308469183,0.0932172667204013,%,31,12.596915020225904,0.0,0.0,,,751.0,-0.0564656307942113,4.408072773595217,2.1275075826451144,97.7363515312916,up,1.0
RBI,E08,POST_30,NIFTY50,complete,2023-10-06,2023-11-22,31,19653.5,19811.85,0.8057089068104872,0.008024804025683,%,31,10.2149648478772,0.0,0.0,,,751.0,2.3522716102945207,5.285899158053157,-0.288040235415555,39.94673768308921,up,0.0
RBI,E08,POST_30,DXY_BROAD,complete,2023-10-06,2023-11-22,31,123.3563,120.6802,-2.1694068320791127,-0.021932844285363,%,31,6.095077362253338,0.0,0.0,,,751.0,0.1399527369480235,1.9040076493783216,-1.2253833768375266,13.049267643142477,down,0.0
RBI,E08,POST_30,VIX,complete,2023-10-06,2023-11-22,31,17.45,12.85,-26.36103151862465,-0.3059958373072074,%,31,93.71517280202008,0.0,0.0,,,,,,,,down,
RBI,E08,POST_30,UST10Y,complete,2023-10-06,2023-11-22,31,4.78,4.42,-0.3600000000000003,,pp,31,,0.0,0.0,,,,,,,,down,
RBI,E08,POST_30,FFR_UPPER,complete,2023-10-06,2023-11-22,31,5.5,5.5,0.0,,pp,31,,0.0,0.0,,,,,,,,,
RBI,E08,POST_30,IN_REPO,complete,2023-10-06,2023-11-22,31,6.5,6.5,0.0,,pp,31,,240.0,287.0,,,,,,,,,
RBI,E08,POST_90,USDINR,complete,2023-10-06,2024-02-21,91,83.2388,82.8851,-0.4249220315525992,-0.0042582739084138,%,91,1.451173085316996,0.0,0.0,0.4267353239605143,1.4545117711798228,751.0,1.107976548330547,2.309443286937518,-0.6615061097410098,27.030625832223706,INR strengthened,0.0
RBI,E08,POST_90,BRENT,complete,2023-10-06,2024-02-21,91,87.86,84.77,-3.516958798087866,-0.0358029319273193,%,91,33.945802193603214,0.0,0.0,,,751.0,10.880615957440495,23.642022872950736,-0.5883034513778623,30.22636484687084,down,0.0
RBI,E08,POST_90,GOLD_USD,complete,2023-10-06,2024-02-21,91,1821.9,2028.8,11.35627641473187,0.1075645726712674,%,91,12.691842271942605,0.0,0.0,,,751.0,0.8527714785909302,7.243339473088299,1.36778089455957,89.74700399467378,up,0.0
RBI,E08,POST_90,NIFTY50,complete,2023-10-06,2024-02-21,91,19653.5,22055.05,12.219452006004005,0.1152861611112986,%,91,11.728434168122297,0.0,0.0,,,751.0,8.011462796439407,9.352011126702577,0.4086713337424197,65.64580559254327,up,0.0
RBI,E08,POST_90,DXY_BROAD,complete,2023-10-06,2024-02-21,91,123.3563,121.0379,-1.879433802732422,-0.0189731961571793,%,91,5.569895652696221,0.0,0.0,,,751.0,-0.0001828793838698,3.4444191567100555,-0.5507856767289887,30.62583222370173,down,0.0
RBI,E08,POST_90,VIX,complete,2023-10-06,2024-02-21,91,17.45,15.34,-12.091690544412604,-0.128875852709326,%,91,76.92297658086672,0.0,0.0,,,,,,,,down,
RBI,E08,POST_90,UST10Y,complete,2023-10-06,2024-02-21,91,4.78,4.32,-0.4599999999999999,,pp,91,,0.0,0.0,,,,,,,,down,
RBI,E08,POST_90,FFR_UPPER,complete,2023-10-06,2024-02-21,91,5.5,5.5,0.0,,pp,91,,0.0,0.0,,,,,,,,,
RBI,E08,POST_90,IN_REPO,complete,2023-10-06,2024-02-21,91,6.5,6.5,0.0,,pp,91,,240.0,378.0,,,,,,,,,
RBI,E09,PRE_30,USDINR,complete,2024-02-23,2024-04-12,29,82.8865,83.3931,0.6111972395987264,0.0060933700522293,%,29,1.5640987535130773,0.0,0.0,-0.6074843122512608,-0.4228675786509095,751.0,0.4729147213674789,1.2716858239271591,0.1081532952877486,58.45539280958722,INR weakened,0.0
RBI,E09,PRE_30,BRENT,complete,2024-02-23,2024-04-12,29,84.18,93.12,10.620099786172489,0.1009316206407031,%,29,22.25916632797091,0.0,0.0,,,751.0,1.8446088882033247,11.61644503801214,0.7115223027757275,75.63249001331558,up,0.0
RBI,E09,PRE_30,GOLD_USD,complete,2024-02-23,2024-04-12,29,2019.3,2394.8,18.59555291437629,0.17054880336642,%,29,16.932793649640058,0.0,0.0,,,751.0,0.3111082641688245,4.2981369582973,3.895700666430337,100.0,up,1.0
RBI,E09,PRE_30,NIFTY50,complete,2024-02-23,2024-04-12,29,22212.7,22519.4,1.380741647796091,0.013712962553087,%,29,11.029145153266592,0.0,0.0,,,751.0,1.777848320821307,4.836179118007459,-0.0808351347129019,46.87083888149135,up,0.0
RBI,E09,PRE_30,DXY_BROAD,complete,2024-02-23,2024-04-12,29,121.0369,122.2885,1.034064818249636,0.0102875494168107,%,29,3.766892049312548,0.0,0.0,,,751.0,0.3045376156615154,1.8137001633858416,0.3995589332413195,62.84953395472704,up,0.0
RBI,E09,PRE_30,VIX,complete,2024-02-23,2024-04-12,29,13.75,17.31,25.89090909090908,0.2302455450755374,%,29,80.40055530805303,0.0,0.0,,,,,,,,up,
RBI,E09,PRE_30,UST10Y,complete,2024-02-23,2024-04-12,29,4.26,4.5,0.2400000000000002,,pp,29,,0.0,0.0,,,,,,,,up,
RBI,E09,PRE_30,FFR_UPPER,complete,2024-02-23,2024-04-12,29,5.5,5.5,0.0,,pp,29,,0.0,0.0,,,,,,,,,
RBI,E09,PRE_30,IN_REPO,complete,2024-02-23,2024-04-12,29,6.5,6.5,0.0,,pp,29,,380.0,429.0,,,,,,,,,
RBI,E09,PRE_14,USDINR,complete,2024-03-19,2024-04-12,13,82.9401,83.3931,0.5461773014500793,0.0054469116207514,%,13,1.873446921995249,0.0,0.0,-0.5432104094943102,-0.5745240444168909,751.0,0.2205255858679367,1.0042583973252197,0.3230327750789329,66.57789613848203,INR weakened,0.0
RBI,E09,PRE_14,BRENT,complete,2024-03-19,2024-04-12,13,87.36,93.12,6.593406593406592,0.0638514719865327,%,13,25.807242297542825,0.0,0.0,,,751.0,0.7081781268944987,7.570579251311125,0.7502021560419176,78.02929427430094,up,0.0
RBI,E09,PRE_14,GOLD_USD,complete,2024-03-19,2024-04-12,13,2154.3,2394.8,11.163719073480948,0.1058338752668154,%,13,20.85535288366221,0.0,0.0,,,751.0,0.2550372895499642,3.174972720243416,3.253153905692625,100.0,up,1.0
RBI,E09,PRE_14,NIFTY50,complete,2024-03-19,2024-04-12,13,21817.45,22519.4,3.217378749578903,0.0316670516181251,%,13,8.497426912281911,0.0,0.0,,,751.0,0.7471017926950152,3.192291872170563,0.7588217020494384,76.83089214380826,up,0.0
RBI,E09,PRE_14,DXY_BROAD,complete,2024-03-19,2024-04-12,13,120.9332,122.2885,1.12070134586697,0.0111446801643601,%,13,4.694628554062834,0.0,0.0,,,751.0,0.1270680034736182,1.234724111628422,0.7997581538466227,78.29560585885486,up,0.0
RBI,E09,PRE_14,VIX,complete,2024-03-19,2024-04-12,13,13.82,17.31,25.25325615050651,0.225167550848594,%,13,98.09244590576913,0.0,0.0,,,,,,,,up,
RBI,E09,PRE_14,UST10Y,complete,2024-03-19,2024-04-12,13,4.3,4.5,0.2000000000000001,,pp,13,,0.0,0.0,,,,,,,,up,
RBI,E09,PRE_14,FFR_UPPER,complete,2024-03-19,2024-04-12,13,5.5,5.5,0.0,,pp,13,,0.0,0.0,,,,,,,,,
RBI,E09,PRE_14,IN_REPO,complete,2024-03-19,2024-04-12,13,6.5,6.5,0.0,,pp,13,,405.0,429.0,,,,,,,,,
RBI,E09,PRE_7,USDINR,complete,2024-04-02,2024-04-12,6,83.3585,83.3931,0.0415074647456492,0.0004149885278049,%,6,1.9185654016007323,0.0,0.0,-0.0414902431975727,-0.7705053790717065,751.0,0.1082784448976914,0.6703680865429874,-0.0995289224384273,49.00133155792277,INR weakened,0.0
RBI,E09,PRE_7,BRENT,complete,2024-04-02,2024-04-12,6,87.63,93.12,6.2649777473468005,0.0607655789153684,%,6,28.981359161173387,0.0,0.0,,,751.0,0.2481873572638848,5.720359773390869,1.018935563732878,88.81491344873503,up,0.0
RBI,E09,PRE_7,GOLD_USD,complete,2024-04-02,2024-04-12,6,2264.55,2394.8,5.751694597160584,0.0559236563693422,%,6,14.997652572105563,0.0,0.0,,,751.0,0.1526869690395171,2.145978815425557,2.53487829275222,98.26897470039948,up,1.0
RBI,E09,PRE_7,NIFTY50,complete,2024-04-02,2024-04-12,6,22453.3,22519.4,0.294388798083145,0.0029395632282553,%,6,9.514827637140318,0.0,0.0,,,751.0,0.3012762532065505,2.1581421830602583,-0.0031819047936991,46.87083888149135,up,0.0
RBI,E09,PRE_7,DXY_BROAD,complete,2024-04-02,2024-04-12,6,121.3035,122.2885,0.8120128438173557,0.0080873375862667,%,6,6.649653274957402,0.0,0.0,,,751.0,0.0647643095751382,0.843660414334823,0.8818600463393373,83.62183754993342,up,0.0
RBI,E09,PRE_7,VIX,complete,2024-04-02,2024-04-12,6,14.61,17.31,18.48049281314168,0.1695781434255097,%,6,114.78284976216078,0.0,0.0,,,,,,,,up,
RBI,E09,PRE_7,UST10Y,complete,2024-04-02,2024-04-12,6,4.36,4.5,0.1399999999999996,,pp,6,,0.0,0.0,,,,,,,,up,
RBI,E09,PRE_7,FFR_UPPER,complete,2024-04-02,2024-04-12,6,5.5,5.5,0.0,,pp,6,,0.0,0.0,,,,,,,,,
RBI,E09,PRE_7,IN_REPO,complete,2024-04-02,2024-04-12,6,6.5,6.5,0.0,,pp,6,,419.0,429.0,,,,,,,,,
RBI,E09,EVENT,USDINR,complete,2024-04-12,2024-04-15,1,83.3931,83.4422,0.0588777728612877,0.000588604467011,%,1,,0.0,0.0,-0.0588431273384371,-0.0527435161397304,751.0,0.017651009404962,0.2643048584336739,0.1559221996437964,62.18375499334221,INR weakened,0.0
RBI,E09,EVENT,BRENT,complete,2024-04-12,2024-04-15,1,93.12,90.84,-2.448453608247425,-0.02478926674577,%,1,,0.0,0.0,,,751.0,0.0461301715841022,2.484231237902657,-1.01642961852467,11.984021304926763,down,0.0
RBI,E09,EVENT,GOLD_USD,complete,2024-04-12,2024-04-15,1,2394.8,2347.15,-1.9897277434441365,-0.0200978938661935,%,1,,0.0,0.0,,,751.0,0.0406330697825252,0.8594687431467888,-2.3856762910288247,1.5978695073235687,down,1.0
RBI,E09,EVENT,NIFTY50,complete,2024-04-12,2024-04-15,1,22519.4,22272.5,-1.0963880032327733,-0.011024426319883,%,1,,0.0,0.0,,,751.0,0.0583685835867875,0.8914629188521394,-1.302122795233717,7.989347536617843,down,0.0
RBI,E09,EVENT,DXY_BROAD,complete,2024-04-12,2024-04-15,1,122.2885,122.425,0.1116212890010182,0.0011155903875893,%,1,,0.0,0.0,,,751.0,0.0107190069784435,0.3446298554243752,0.2926055437095423,65.9121171770972,up,0.0
RBI,E09,EVENT,VIX,complete,2024-04-12,2024-04-15,1,17.31,19.23,11.091854419410762,0.1051871904125706,%,1,,0.0,0.0,,,,,,,,up,
RBI,E09,EVENT,UST10Y,complete,2024-04-12,2024-04-15,1,4.5,4.63,0.1299999999999999,,pp,1,,0.0,0.0,,,,,,,,up,
RBI,E09,EVENT,FFR_UPPER,complete,2024-04-12,2024-04-15,1,5.5,5.5,0.0,,pp,1,,0.0,0.0,,,,,,,,,
RBI,E09,EVENT,IN_REPO,complete,2024-04-12,2024-04-15,1,6.5,6.5,0.0,,pp,1,,429.0,432.0,,,,,,,,,
RBI,E09,POST_7,USDINR,complete,2024-04-12,2024-04-25,8,83.3931,83.3758,-0.0207451215987974,-0.0002074727369679,%,8,1.2708418295482165,0.0,0.0,0.0207494260924701,-0.4704194572885845,751.0,0.1473341677643791,0.7796167319507489,-0.2154558827208701,39.81358189081225,INR strengthened,0.0
RBI,E09,POST_7,BRENT,complete,2024-04-12,2024-04-25,8,93.12,88.1,-5.390893470790392,-0.055416451040994,%,8,24.82761703828076,0.0,0.0,,,751.0,0.3480484798829675,6.272524675103535,-0.9388706465150122,16.910785619174433,down,0.0
RBI,E09,POST_7,GOLD_USD,complete,2024-04-12,2024-04-25,8,2394.8,2325.65,-2.8875062635710718,-0.0293001502096474,%,8,21.522835166833104,0.0,0.0,,,751.0,0.2636994640150991,2.5403585760367235,-1.257053802598029,9.85352862849534,down,0.0
RBI,E09,POST_7,NIFTY50,complete,2024-04-12,2024-04-25,8,22519.4,22570.35,0.22624936721225,0.0022599380872514,%,8,11.686744016878045,0.0,0.0,,,751.0,0.4373660889822828,2.479437358761371,-0.0848654690538748,42.87616511318242,up,0.0
RBI,E09,POST_7,DXY_BROAD,complete,2024-04-12,2024-04-25,8,122.2885,122.8384,0.449674335689787,0.0044866632137368,%,8,3.9139955377330606,0.0,0.0,,,751.0,0.0839347458180039,0.9688688295683038,0.376487270446698,65.37949400798935,up,0.0
RBI,E09,POST_7,VIX,complete,2024-04-12,2024-04-25,8,17.31,15.37,-11.20739456961294,-0.1188668116376133,%,8,105.2246933643323,0.0,0.0,,,,,,,,down,
RBI,E09,POST_7,UST10Y,complete,2024-04-12,2024-04-25,8,4.5,4.7,0.2000000000000001,,pp,8,,0.0,0.0,,,,,,,,up,
RBI,E09,POST_7,FFR_UPPER,complete,2024-04-12,2024-04-25,8,5.5,5.5,0.0,,pp,8,,0.0,0.0,,,,,,,,,
RBI,E09,POST_7,IN_REPO,complete,2024-04-12,2024-04-25,8,6.5,6.5,0.0,,pp,8,,429.0,442.0,,,,,,,,,
RBI,E09,POST_14,USDINR,complete,2024-04-12,2024-05-07,15,83.3931,83.5015,0.1299867734860349,0.0012990236381931,%,15,1.318861598113989,0.0,0.0,-0.1298180272210514,0.2898546269636703,751.0,0.2714879946703608,1.0641775576910228,-0.132701321152998,50.06657789613848,INR weakened,0.0
RBI,E09,POST_14,BRENT,complete,2024-04-12,2024-05-07,15,93.12,82.69,-11.200601374570452,-0.1187903082490524,%,15,26.04546593885319,0.0,0.0,,,751.0,0.663506961420679,7.975663749408158,-1.5723263494397273,5.992010652463383,down,0.0
RBI,E09,POST_14,GOLD_USD,complete,2024-04-12,2024-05-07,15,2394.8,2315.0,-3.3322198095874445,-0.0338900325308625,%,15,17.08602673815659,0.0,0.0,,,751.0,0.4269053786441601,3.463739340435902,-1.1014108167238652,13.981358189081226,down,0.0
RBI,E09,POST_14,NIFTY50,complete,2024-04-12,2024-05-07,15,22519.4,22302.5,-0.9631695338241708,-0.0096783801267433,%,15,10.591423347571768,0.0,0.0,,,751.0,0.7881720977260143,3.349805409026089,-0.523290175108049,30.49267643142477,down,0.0
RBI,E09,POST_14,DXY_BROAD,complete,2024-04-12,2024-05-07,15,122.2885,122.093,-0.1598678534776354,-0.0015999577848933,%,15,4.285069355419513,0.0,0.0,,,751.0,0.1577506293501729,1.3323146050045354,-0.2383987318325874,40.47936085219707,down,0.0
RBI,E09,POST_14,VIX,complete,2024-04-12,2024-05-07,15,17.31,13.23,-23.570190641247823,-0.2687973910612534,%,15,89.59392002247321,0.0,0.0,,,,,,,,down,
RBI,E09,POST_14,UST10Y,complete,2024-04-12,2024-05-07,15,4.5,4.47,-0.0300000000000002,,pp,15,,0.0,0.0,,,,,,,,down,
RBI,E09,POST_14,FFR_UPPER,complete,2024-04-12,2024-05-07,15,5.5,5.5,0.0,,pp,15,,0.0,0.0,,,,,,,,,
RBI,E09,POST_14,IN_REPO,complete,2024-04-12,2024-05-07,15,6.5,6.5,0.0,,pp,15,,429.0,454.0,,,,,,,,,
RBI,E09,POST_30,USDINR,complete,2024-04-12,2024-05-31,31,83.3931,83.2988,-0.1130788998130571,-0.0011314288223926,%,31,1.4425132214670873,0.0,0.0,0.1132069129447188,0.042700261759776,751.0,0.5416027088511521,1.244126153083257,-0.5250948195693295,31.82423435419441,INR strengthened,0.0
RBI,E09,POST_30,BRENT,complete,2024-04-12,2024-05-31,31,93.12,79.41,-14.7229381443299,-0.1592646790760081,%,31,25.053586672281572,0.0,0.0,,,751.0,1.5586275598864496,11.752615127312318,-1.4867392010300529,7.1904127829560585,down,0.0
RBI,E09,POST_30,GOLD_USD,complete,2024-04-12,2024-05-31,31,2394.8,2342.9,-2.167195590445969,-0.0219102417786027,%,31,18.163392338763447,0.0,0.0,,,751.0,0.6982060591643524,4.611105922477512,-0.6260545980998647,28.362183754993342,down,0.0
RBI,E09,POST_30,NIFTY50,complete,2024-04-12,2024-05-31,31,22519.4,22530.7,0.0501789568105648,0.0005016637138201,%,31,11.01874431349349,0.0,0.0,,,751.0,1.723367315655033,4.854053150151601,-0.3416772244294247,36.48468708388816,up,0.0
RBI,E09,POST_30,DXY_BROAD,complete,2024-04-12,2024-05-31,31,122.2885,122.098,-0.1557791615728332,-0.0015590062346667,%,31,3.830190524365001,0.0,0.0,,,751.0,0.3207357222403173,1.8672931968864237,-0.2549803569478158,36.35153129161118,down,0.0
RBI,E09,POST_30,VIX,complete,2024-04-12,2024-05-31,31,17.31,12.92,-25.36106296938185,-0.292507870833662,%,31,86.79902382085135,0.0,0.0,,,,,,,,down,
RBI,E09,POST_30,UST10Y,complete,2024-04-12,2024-05-31,31,4.5,4.51,0.0099999999999997,,pp,31,,0.0,0.0,,,,,,,,up,
RBI,E09,POST_30,FFR_UPPER,complete,2024-04-12,2024-05-31,31,5.5,5.5,0.0,,pp,31,,0.0,0.0,,,,,,,,,
RBI,E09,POST_30,IN_REPO,complete,2024-04-12,2024-05-31,31,6.5,6.5,0.0,,pp,31,,429.0,478.0,,,,,,,,,
RBI,E09,POST_90,USDINR,complete,2024-04-12,2024-08-28,91,83.3931,83.9671,0.68830634668815,0.0068594833261037,%,91,1.557960846277896,0.0,0.0,-0.6836010770885248,1.0106588164624952,751.0,1.512635144340524,1.8974242236236432,-0.4297196957493027,40.612516644474034,INR weakened,0.0
RBI,E09,POST_90,BRENT,complete,2024-04-12,2024-08-28,91,93.12,80.04,-14.046391752577314,-0.1513624742675949,%,91,24.91323085292389,0.0,0.0,,,751.0,6.188091405180618,20.260863826983737,-1.0434118650812017,14.51398135818908,down,0.0
RBI,E09,POST_90,GOLD_USD,complete,2024-04-12,2024-08-28,91,2394.8,2509.55,4.791631869049606,0.046803734133012,%,91,14.793733375633058,0.0,0.0,,,751.0,1.3391557203632276,7.006617854414007,0.4781344146773817,67.90945406125167,up,0.0
RBI,E09,POST_90,NIFTY50,complete,2024-04-12,2024-08-28,91,22519.4,25052.35,11.247857402950334,0.1065904755734727,%,91,16.921661155773666,0.0,0.0,,,751.0,5.879224503424796,7.505044934786601,0.6590448019479604,73.36884154460719,up,0.0
RBI,E09,POST_90,DXY_BROAD,complete,2024-04-12,2024-08-28,91,122.2885,121.8943,-0.3223524697743452,-0.0032287314458803,%,91,4.110418183392382,0.0,0.0,,,751.0,0.8034786428128937,2.874143449806538,-0.3907741920714116,34.22103861517976,down,0.0
RBI,E09,POST_90,VIX,complete,2024-04-12,2024-08-28,91,17.31,17.11,-1.1554015020219466,-0.0116212812840157,%,91,148.28865131902512,0.0,0.0,,,,,,,,down,
RBI,E09,POST_90,UST10Y,complete,2024-04-12,2024-08-28,91,4.5,3.84,-0.6600000000000001,,pp,91,,0.0,0.0,,,,,,,,down,
RBI,E09,POST_90,FFR_UPPER,complete,2024-04-12,2024-08-28,91,5.5,5.5,0.0,,pp,91,,0.0,0.0,,,,,,,,,
RBI,E09,POST_90,IN_REPO,complete,2024-04-12,2024-08-28,91,6.5,6.5,0.0,,pp,91,,429.0,567.0,,,,,,,,,
RBI,E10,PRE_30,USDINR,complete,2025-03-04,2025-04-22,29,87.3786,85.1003,-2.607388994559312,-0.0264198405844355,%,29,4.945845657755486,0.0,0.0,2.677193852430615,1.7513986607377796,751.0,0.5795225040865715,1.0089250414135311,-3.191350851963035,0.0,INR strengthened,1.0
RBI,E10,PRE_30,BRENT,complete,2025-03-04,2025-04-22,29,72.31,68.93,-4.674318904715802,-0.0478709352892999,%,29,36.64138211681393,0.0,0.0,,,751.0,-0.1850397509465473,10.636239111521748,-0.4326606726025483,35.15312916111851,down,0.0
RBI,E10,PRE_30,GOLD_USD,complete,2025-03-04,2025-04-22,29,2911.6,3454.7,18.65297430965791,0.1710328645074919,%,29,23.152119244116808,0.0,0.0,,,751.0,1.7810405613441604,4.654016966268483,3.29563056744412,100.0,up,1.0
RBI,E10,PRE_30,NIFTY50,complete,2025-03-04,2025-04-22,29,22082.65,24167.25,9.439990218565251,0.0902061785089999,%,29,18.162296284738904,0.0,0.0,,,751.0,1.053440946997264,4.609569261785418,1.7295947793519404,95.47270306258322,up,0.0
RBI,E10,PRE_30,DXY_BROAD,complete,2025-03-04,2025-04-22,29,127.9966,122.4175,-4.358787655297092,-0.0445663673521805,%,29,9.25790012095602,0.0,0.0,,,751.0,0.4055188531443265,1.86744950793104,-2.6031951900895973,0.3994673768308922,down,1.0
RBI,E10,PRE_30,VIX,complete,2025-03-04,2025-04-22,29,23.51,30.57,30.029774564015295,0.2625932733507649,%,29,258.23095751672633,0.0,0.0,,,,,,,,up,
RBI,E10,PRE_30,UST10Y,complete,2025-03-04,2025-04-22,29,4.22,4.41,0.1900000000000004,,pp,29,,0.0,0.0,,,,,,,,up,
RBI,E10,PRE_30,FFR_UPPER,complete,2025-03-04,2025-04-22,29,4.5,4.5,0.0,,pp,29,,0.0,0.0,,,,,,,,,
RBI,E10,PRE_30,IN_REPO,complete,2025-03-04,2025-04-22,29,6.25,6.0,-0.25,,pp,29,,25.0,13.0,,,,,,,,down,
RBI,E10,PRE_14,USDINR,complete,2025-03-27,2025-04-22,13,85.761,85.1003,-0.7703968004104333,-0.0077337968647609,%,13,6.817988954593582,0.0,0.0,0.7763779916169389,2.351650387602477,751.0,0.2474364257785355,0.7575448425512171,-1.3471288233357497,7.057256990679095,INR strengthened,0.0
RBI,E10,PRE_14,BRENT,complete,2025-03-27,2025-04-22,13,74.72,68.93,-7.748929336188426,-0.0806562970230266,%,13,50.03413720426645,0.0,0.0,,,751.0,-0.4673885478919337,7.1305217839167865,-1.065440329471849,14.780292942743008,down,0.0
RBI,E10,PRE_14,GOLD_USD,complete,2025-03-27,2025-04-22,13,3051.7,3454.7,13.205754169807005,0.1240368103778489,%,13,32.56277463440879,0.0,0.0,,,751.0,0.8631190951244427,3.258741072312385,3.542553784960122,100.0,up,1.0
RBI,E10,PRE_14,NIFTY50,complete,2025-03-27,2025-04-22,13,23591.95,24167.25,2.4385436557808893,0.0240928586840051,%,13,24.940664427480677,0.0,0.0,,,751.0,0.4848055770496184,3.1042501237407976,0.6203274904898974,72.96937416777631,up,0.0
RBI,E10,PRE_14,DXY_BROAD,complete,2025-03-27,2025-04-22,13,126.3626,122.4175,-3.122047188012911,-0.0317182181392388,%,13,12.458762754246845,0.0,0.0,,,751.0,0.1567015664960092,1.2935026796369713,-2.573168795105234,0.3994673768308922,down,1.0
RBI,E10,PRE_14,VIX,complete,2025-03-27,2025-04-22,13,18.69,30.57,63.56340288924558,0.4920305144352716,%,13,353.94097818110134,0.0,0.0,,,,,,,,up,
RBI,E10,PRE_14,UST10Y,complete,2025-03-27,2025-04-22,13,4.38,4.41,0.0300000000000002,,pp,13,,0.0,0.0,,,,,,,,up,
RBI,E10,PRE_14,FFR_UPPER,complete,2025-03-27,2025-04-22,13,4.5,4.5,0.0,,pp,13,,0.0,0.0,,,,,,,,,
RBI,E10,PRE_14,IN_REPO,complete,2025-03-27,2025-04-22,13,6.25,6.0,-0.25,,pp,13,,48.0,13.0,,,,,,,,down,
RBI,E10,PRE_7,USDINR,complete,2025-04-09,2025-04-22,6,86.6171,85.1003,-1.7511553723225437,-0.0176666948225976,%,6,3.906328041572274,0.0,0.0,1.7823673947095164,1.5739386037333047,751.0,0.1085376721293496,0.5400709614145205,-3.4720405813571054,0.2663115845539281,INR strengthened,1.0
RBI,E10,PRE_7,BRENT,complete,2025-04-09,2025-04-22,6,67.3,68.93,2.421991084695408,0.0239312602468784,%,6,20.33228727883643,0.0,0.0,,,751.0,-0.2833099545982875,5.66741350498277,0.4723209377946652,70.43941411451398,up,0.0
RBI,E10,PRE_7,GOLD_USD,complete,2025-04-09,2025-04-22,6,3044.7,3454.7,13.46602292508292,0.1263332486287126,%,6,34.414300171043635,0.0,0.0,,,751.0,0.3802162658919306,2.184157771956364,5.61032254600605,100.0,up,1.0
RBI,E10,PRE_7,NIFTY50,complete,2025-04-09,2025-04-22,6,22399.15,24167.25,7.893603105474978,0.0759753991197998,%,6,12.899598277153004,0.0,0.0,,,751.0,0.2371530356919837,2.1540159196215427,3.4171834911911785,100.0,up,1.0
RBI,E10,PRE_7,DXY_BROAD,complete,2025-04-09,2025-04-22,6,126.628,122.4175,-3.3250939760558484,-0.0338163205774978,%,6,12.505833669143597,0.0,0.0,,,751.0,0.0741317570217114,0.8660153010409806,-3.990387175148976,0.133155792276964,down,1.0
RBI,E10,PRE_7,VIX,complete,2025-04-09,2025-04-22,6,33.62,30.57,-9.071980963712068,-0.0951019920777263,%,6,227.52591983969447,0.0,0.0,,,,,,,,down,
RBI,E10,PRE_7,UST10Y,complete,2025-04-09,2025-04-22,6,4.34,4.41,0.0700000000000002,,pp,6,,0.0,0.0,,,,,,,,up,
RBI,E10,PRE_7,FFR_UPPER,complete,2025-04-09,2025-04-22,6,4.5,4.5,0.0,,pp,6,,0.0,0.0,,,,,,,,,
RBI,E10,PRE_7,IN_REPO,complete,2025-04-09,2025-04-22,6,6.0,6.0,0.0,,pp,6,,0.0,13.0,,,,,,,,,
RBI,E10,EVENT,USDINR,complete,2025-04-22,2025-04-23,1,85.1003,85.4372,0.3958857959372563,0.003951042301796,%,1,,0.0,0.0,-0.3943247203794131,-0.1005301576641359,751.0,0.0135247473660227,0.2234420911450056,1.7077373173948915,96.13848202396804,INR weakened,0.0
RBI,E10,EVENT,BRENT,complete,2025-04-22,2025-04-23,1,68.93,68.26,-0.9720005802988596,-0.0097675534189995,%,1,,0.0,0.0,,,751.0,-0.0876593064007891,2.2881297167318677,-0.3885520937734777,29.82689747003995,down,0.0
RBI,E10,EVENT,GOLD_USD,complete,2025-04-22,2025-04-23,1,3454.7,3332.85,-3.5270790517266337,-0.0359078289570381,%,1,,0.0,0.0,,,751.0,0.0723423399377365,0.9150813096256408,-4.003031252689935,0.0,down,1.0
RBI,E10,EVENT,NIFTY50,complete,2025-04-22,2025-04-23,1,24167.25,24328.95,0.669087297892812,0.0066685884351257,%,1,,0.0,0.0,,,751.0,0.0548178712666658,0.8653400808965108,0.7073011007628166,79.09454061251664,up,0.0
RBI,E10,EVENT,DXY_BROAD,complete,2025-04-22,2025-04-23,1,122.4175,123.0252,0.4964159536013923,0.0049518787219093,%,1,,0.0,0.0,,,751.0,0.0053261937120296,0.3617593025699407,1.3541098095766395,93.47536617842876,up,0.0
RBI,E10,EVENT,VIX,complete,2025-04-22,2025-04-23,1,30.57,28.45,-6.934903500163559,-0.0718709753304032,%,1,,0.0,0.0,,,,,,,,down,
RBI,E10,EVENT,UST10Y,complete,2025-04-22,2025-04-23,1,4.41,4.4,-0.0099999999999997,,pp,1,,0.0,0.0,,,,,,,,down,
RBI,E10,EVENT,FFR_UPPER,complete,2025-04-22,2025-04-23,1,4.5,4.5,0.0,,pp,1,,0.0,0.0,,,,,,,,,
RBI,E10,EVENT,IN_REPO,complete,2025-04-22,2025-04-23,1,6.0,6.0,0.0,,pp,1,,13.0,14.0,,,,,,,,,
RBI,E10,POST_7,USDINR,complete,2025-04-22,2025-05-05,8,85.1003,84.2369,-1.0145675162132162,-0.010197493309045,%,8,9.450581988886029,0.0,0.0,1.0249664933063674,-0.8869713800398804,751.0,0.1294991166255643,0.600957032504017,-1.912224348146236,3.9946737683089215,INR strengthened,0.0
RBI,E10,POST_7,BRENT,complete,2025-04-22,2025-05-05,8,68.93,61.57,-10.677498911939654,-0.1129167579744417,%,8,17.2208615352806,0.0,3.0,,,751.0,-0.5616970822676426,5.857257783219825,-1.8316413007472627,3.9946737683089215,down,0.0
RBI,E10,POST_7,GOLD_USD,complete,2025-04-22,2025-05-05,8,3454.7,3263.05,-5.5475149795930045,-0.0570732819535787,%,8,21.3248923272971,0.0,3.0,,,751.0,0.5408344243809982,2.6040602523913563,-2.398832882803556,0.5326231691078562,down,1.0
RBI,E10,POST_7,NIFTY50,complete,2025-04-22,2025-05-05,8,24167.25,24461.15,1.2161085766895452,0.0120877338571603,%,8,9.981465820226791,0.0,0.0,,,751.0,0.37836154756552,2.4485492891360376,0.3394360198262248,58.85486018641812,up,0.0
RBI,E10,POST_7,DXY_BROAD,complete,2025-04-22,2025-05-05,8,122.4175,122.2613,-0.1275961361733357,-0.0012767760935496,%,8,3.4080927692992846,0.0,0.0,,,751.0,0.0694699065651782,1.0182211690734269,-0.1935958539633096,42.07723035952064,down,0.0
RBI,E10,POST_7,VIX,complete,2025-04-22,2025-05-05,8,30.57,23.64,-22.669283611383705,-0.2570789433648456,%,8,79.03048544125558,0.0,0.0,,,,,,,,down,
RBI,E10,POST_7,UST10Y,complete,2025-04-22,2025-05-05,8,4.41,4.36,-0.0499999999999998,,pp,8,,0.0,0.0,,,,,,,,down,
RBI,E10,POST_7,FFR_UPPER,complete,2025-04-22,2025-05-05,8,4.5,4.5,0.0,,pp,8,,0.0,0.0,,,,,,,,,
RBI,E10,POST_7,IN_REPO,complete,2025-04-22,2025-05-05,8,6.0,6.0,0.0,,pp,8,,13.0,26.0,,,,,,,,,
RBI,E10,POST_14,USDINR,complete,2025-04-22,2025-05-15,15,85.1003,85.5871,0.5720308859075818,0.0057040100190807,%,15,9.302747989223176,0.0,0.0,-0.5687773040563338,0.2453619047570132,751.0,0.2538985388954362,0.8157193742985955,0.3883985728314992,72.43675099866844,INR weakened,0.0
RBI,E10,POST_14,BRENT,complete,2025-04-22,2025-05-15,15,68.93,64.36,-6.629914405919058,-0.068599174773378,%,15,37.6398458889279,0.0,0.0,,,751.0,-0.837989791068583,7.297153530116231,-0.8247595158261577,22.103861517976032,down,0.0
RBI,E10,POST_14,GOLD_USD,complete,2025-04-22,2025-05-15,15,3454.7,3171.35,-8.20186991634585,-0.0855782580282119,%,15,24.57151361865655,0.0,0.0,,,751.0,1.0018383908569015,3.5174699305400647,-2.7163498904660104,0.0,down,1.0
RBI,E10,POST_14,NIFTY50,complete,2025-04-22,2025-05-15,15,24167.25,25062.1,3.7027382097673422,0.0363583340074347,%,15,14.644692326624575,0.0,0.0,,,751.0,0.6559729841066897,3.2444903587576444,0.9190973702738126,81.35818908122504,up,0.0
RBI,E10,POST_14,DXY_BROAD,complete,2025-04-22,2025-05-15,15,122.4175,122.8174,0.3266689811505685,0.0032613657718499,%,15,3.9328222704940137,0.0,0.0,,,751.0,0.1575394698515531,1.404992425554764,0.1200868186265719,54.06125166444741,up,0.0
RBI,E10,POST_14,VIX,complete,2025-04-22,2025-05-15,15,30.57,17.83,-41.67484461890744,-0.5391367040276943,%,15,94.79837278274668,0.0,0.0,,,,,,,,down,
RBI,E10,POST_14,UST10Y,complete,2025-04-22,2025-05-15,15,4.41,4.45,0.04,,pp,15,,0.0,0.0,,,,,,,,up,
RBI,E10,POST_14,FFR_UPPER,complete,2025-04-22,2025-05-15,15,4.5,4.5,0.0,,pp,15,,0.0,0.0,,,,,,,,,
RBI,E10,POST_14,IN_REPO,complete,2025-04-22,2025-05-15,15,6.0,6.0,0.0,,pp,15,,13.0,36.0,,,,,,,,,
RBI,E10,POST_30,USDINR,complete,2025-04-22,2025-06-06,31,85.1003,85.7883,0.8084577845201446,0.0080520727216773,%,31,7.421175677977495,0.0,0.0,-0.8019741619778031,1.8348633229439804,751.0,0.5709742892343606,1.0442456909212117,0.2258633814054349,67.64314247669773,INR weakened,0.0
RBI,E10,POST_30,BRENT,complete,2025-04-22,2025-06-06,31,68.93,68.02,-1.320179892644724,-0.0132897173185111,%,31,31.791976005345276,0.0,0.0,,,751.0,-1.3736195259354431,10.03549085393552,0.0053977668577508,47.802929427430094,down,0.0
RBI,E10,POST_30,GOLD_USD,complete,2025-04-22,2025-06-06,31,3454.7,3356.05,-2.855530147335505,-0.0289709355865669,%,31,21.13077431858702,0.0,0.0,,,751.0,2.052318255431529,4.951215340563367,-0.9954395449382576,16.511318242343542,down,0.0
RBI,E10,POST_30,NIFTY50,complete,2025-04-22,2025-06-06,31,24167.25,25003.05,3.4583992800173657,0.0339994065945671,%,31,12.517580840869588,0.0,0.0,,,751.0,1.2302603952393465,4.621438183184246,0.4711058289513037,70.43941411451398,up,0.0
RBI,E10,POST_30,DXY_BROAD,complete,2025-04-22,2025-06-06,31,122.4175,121.161,-1.0264055384238358,-0.0103170940406448,%,31,4.529396112366822,0.0,0.0,,,751.0,0.3541119017222538,1.986910039764422,-0.6971608065194198,25.299600532623167,down,0.0
RBI,E10,POST_30,VIX,complete,2025-04-22,2025-06-06,31,30.57,16.77,-45.14229636898921,-0.6004275600676258,%,31,100.14557613080788,0.0,0.0,,,,,,,,down,
RBI,E10,POST_30,UST10Y,complete,2025-04-22,2025-06-06,31,4.41,4.51,0.0999999999999996,,pp,31,,0.0,0.0,,,,,,,,up,
RBI,E10,POST_30,FFR_UPPER,complete,2025-04-22,2025-06-06,31,4.5,4.5,0.0,,pp,31,,0.0,0.0,,,,,,,,,
RBI,E10,POST_30,IN_REPO,complete,2025-04-22,2025-06-06,31,6.0,5.5,-0.5,,pp,31,,13.0,0.0,,,,,,,,down,
RBI,E10,POST_90,USDINR,complete,2025-04-22,2025-09-02,91,85.1003,88.0265,3.438530768986703,0.033807344671879,%,91,5.444279158497099,0.0,0.0,-3.3242262273292638,4.854831542977356,751.0,1.7059663725771612,1.77594604089657,0.9511304138898342,78.56191744340879,INR weakened,0.0
RBI,E10,POST_90,BRENT,complete,2025-04-22,2025-09-02,91,68.93,68.09,-1.2186275932105084,-0.0122611374026852,%,91,35.621417222475,0.0,0.0,,,751.0,-1.668665471652686,16.803802367737543,0.0271742540808636,59.6537949400799,down,0.0
RBI,E10,POST_90,GOLD_USD,complete,2025-04-22,2025-09-02,91,3454.7,3478.0,0.6744435117376435,0.0067217931626335,%,91,16.194460439288996,0.0,0.0,,,751.0,5.51092588921529,7.968892933006562,-0.5888212042569575,21.837549933422103,up,0.0
RBI,E10,POST_90,NIFTY50,complete,2025-04-22,2025-09-02,91,24167.25,24579.6,1.7062346770939874,0.0169184197802343,%,91,10.446484421600278,0.0,0.0,,,751.0,3.611836801943147,7.264971879754406,-0.2555133410386703,38.348868175765645,up,0.0
RBI,E10,POST_90,DXY_BROAD,complete,2025-04-22,2025-09-02,91,122.4175,120.6837,-1.416300773990653,-0.0142642602981578,%,91,4.286438796096796,0.0,0.0,,,751.0,1.2155901362503885,3.0272892015378243,-0.8703123578312764,17.842876165113182,down,0.0
RBI,E10,POST_90,VIX,complete,2025-04-22,2025-09-02,91,30.57,17.17,-43.83382401046777,-0.5768554609933588,%,91,102.7746500098437,0.0,0.0,,,,,,,,down,
RBI,E10,POST_90,UST10Y,complete,2025-04-22,2025-09-02,91,4.41,4.28,-0.1299999999999999,,pp,91,,0.0,0.0,,,,,,,,down,
RBI,E10,POST_90,FFR_UPPER,complete,2025-04-22,2025-09-02,91,4.5,4.5,0.0,,pp,91,,0.0,0.0,,,,,,,,,
RBI,E10,POST_90,IN_REPO,complete,2025-04-22,2025-09-02,91,6.0,5.5,-0.5,,pp,91,,13.0,88.0,,,,,,,,down,
RBI,E11,PRE_30,USDINR,complete,2025-04-30,2025-06-12,29,85.0535,85.5353,0.5664669884249296,0.0056486859757685,%,29,7.548539156078346,0.0,0.0,-0.5632762146154935,2.540329904550842,751.0,0.4933505141186067,1.0450805987977032,0.0695937416811256,60.18641810918774,INR weakened,0.0
RBI,E11,PRE_30,BRENT,complete,2025-04-30,2025-06-12,29,63.37,70.84,11.787912261322408,0.1114332495792073,%,29,32.716526550936905,0.0,0.0,,,751.0,-1.5467969557467542,9.450424280372385,1.3440888209046746,92.54327563249002,up,0.0
RBI,E11,PRE_30,GOLD_USD,complete,2025-04-30,2025-06-12,29,3284.3,3360.45,2.318606704625026,0.0229213541513256,%,29,18.71303099094252,0.0,0.0,,,751.0,1.9654924299785657,4.848490323715851,0.0713024750781176,54.8601864181092,up,0.0
RBI,E11,PRE_30,NIFTY50,complete,2025-04-30,2025-06-12,29,24334.2,24888.2,2.276631243270777,0.0225110272799457,%,29,12.488940611975952,0.0,0.0,,,751.0,1.259858328891439,4.506589341893712,0.2217008263215451,61.65113182423435,up,0.0
RBI,E11,PRE_30,DXY_BROAD,complete,2025-04-30,2025-06-12,29,122.5921,120.1723,-1.9738629161259125,-0.0199360379394681,%,29,4.626642170098349,0.0,0.0,,,751.0,0.2937121845038026,1.941428715907643,-1.1779394567552697,13.581890812250332,down,0.0
RBI,E11,PRE_30,VIX,complete,2025-04-30,2025-06-12,29,24.7,18.02,-27.044534412955468,-0.3153209914537397,%,29,101.22421795704994,0.0,0.0,,,,,,,,down,
RBI,E11,PRE_30,UST10Y,complete,2025-04-30,2025-06-12,29,4.17,4.36,0.1900000000000004,,pp,29,,0.0,0.0,,,,,,,,up,
RBI,E11,PRE_30,FFR_UPPER,complete,2025-04-30,2025-06-12,29,4.5,4.5,0.0,,pp,29,,0.0,0.0,,,,,,,,,
RBI,E11,PRE_30,IN_REPO,complete,2025-04-30,2025-06-12,29,6.0,5.5,-0.5,,pp,29,,21.0,6.0,,,,,,,,down,
RBI,E11,PRE_14,USDINR,complete,2025-05-26,2025-06-12,13,84.9004,85.5353,0.7478174425562312,0.0074503515028737,%,13,4.5568616987634165,0.0,0.0,-0.7422666431286307,1.745809759481809,751.0,0.2029024829124814,0.7681488216193194,0.7060327649746264,81.35818908122504,INR weakened,0.0
RBI,E11,PRE_14,BRENT,complete,2025-05-26,2025-06-12,13,65.41,70.84,8.301482953676809,0.0797486609415114,%,13,29.517841094729707,3.0,0.0,,,751.0,-0.9139574787209503,6.642934932559166,1.3387193881055288,90.81225033288948,up,0.0
RBI,E11,PRE_14,GOLD_USD,complete,2025-05-26,2025-06-12,13,3330.1,3360.45,0.911384042521246,0.0090725600074208,%,13,13.934201233449684,3.0,0.0,,,751.0,0.9211595548765272,3.344576523606412,-0.0028962576538534,53.26231691078562,up,0.0
RBI,E11,PRE_14,NIFTY50,complete,2025-05-26,2025-06-12,13,25001.15,24888.2,-0.4517792181559676,-0.0045280282459,%,13,9.069984779940778,0.0,0.0,,,751.0,0.5932850185307315,3.009817188842358,-0.3469761690360107,37.416777629826896,down,0.0
RBI,E11,PRE_14,DXY_BROAD,complete,2025-05-26,2025-06-12,13,121.3837,120.1723,-0.9979923169255778,-0.0100300564321159,%,13,4.46419069064008,3.0,0.0,,,751.0,0.0939192417226397,1.3275528541698949,-0.8262426651899065,20.505992010652463,down,0.0
RBI,E11,PRE_14,VIX,complete,2025-05-26,2025-06-12,13,20.57,18.02,-12.396694214876035,-0.1323514514846739,%,13,69.302362664364,0.0,0.0,,,,,,,,down,
RBI,E11,PRE_14,UST10Y,complete,2025-05-26,2025-06-12,13,4.51,4.36,-0.1499999999999994,,pp,13,,3.0,0.0,,,,,,,,down,
RBI,E11,PRE_14,FFR_UPPER,complete,2025-05-26,2025-06-12,13,4.5,4.5,0.0,,pp,13,,0.0,0.0,,,,,,,,,
RBI,E11,PRE_14,IN_REPO,complete,2025-05-26,2025-06-12,13,6.0,5.5,-0.5,,pp,13,,47.0,6.0,,,,,,,,down,
RBI,E11,PRE_7,USDINR,complete,2025-06-04,2025-06-12,6,85.9579,85.5353,-0.4916360218199744,-0.0049284852741837,%,6,2.9234377334810637,0.0,0.0,0.4940650234464439,0.2366346080399428,751.0,0.0917348940650431,0.5302278000893337,-1.102434407712732,8.921438082556591,INR strengthened,0.0
RBI,E11,PRE_7,BRENT,complete,2025-06-04,2025-06-12,6,66.69,70.84,6.2228220122957145,0.060368796270418,%,6,27.289307732673663,0.0,0.0,,,751.0,-0.3867951647863132,5.020896883434445,1.2795372874692963,89.61384820239681,up,0.0
RBI,E11,PRE_7,GOLD_USD,complete,2025-06-04,2025-06-12,6,3363.1,3360.45,-0.0787963486069465,-0.0007882740924722,%,6,12.615061431266025,0.0,0.0,,,751.0,0.4237417773605978,2.304480267429692,-0.2176950423011113,43.27563249001332,down,0.0
RBI,E11,PRE_7,NIFTY50,complete,2025-06-04,2025-06-12,6,24620.2,24888.2,1.088537054938632,0.0108265513641729,%,6,10.810067900921986,0.0,0.0,,,751.0,0.2888218863125846,2.1204600847807566,0.3745647205774232,61.51797603195739,up,0.0
RBI,E11,PRE_7,DXY_BROAD,complete,2025-06-04,2025-06-12,6,121.0539,120.1723,-0.7282706298599173,-0.0073093546644231,%,6,3.6562585059129806,0.0,0.0,,,751.0,0.0300139375440933,0.886884885469245,-0.857997371668597,18.24234354194408,down,0.0
RBI,E11,PRE_7,VIX,complete,2025-06-04,2025-06-12,6,17.61,18.02,2.328222600794993,0.0230153296720769,%,6,85.57646333181394,0.0,0.0,,,,,,,,up,
RBI,E11,PRE_7,UST10Y,complete,2025-06-04,2025-06-12,6,4.37,4.36,-0.0099999999999997,,pp,6,,0.0,0.0,,,,,,,,down,
RBI,E11,PRE_7,FFR_UPPER,complete,2025-06-04,2025-06-12,6,4.5,4.5,0.0,,pp,6,,0.0,0.0,,,,,,,,,
RBI,E11,PRE_7,IN_REPO,complete,2025-06-04,2025-06-12,6,6.0,5.5,-0.5,,pp,6,,56.0,6.0,,,,,,,,down,
RBI,E11,EVENT,USDINR,complete,2025-06-12,2025-06-13,1,85.5353,86.0979,0.6577401376975267,0.006555864658053,%,1,,0.0,0.0,-0.6534421861624784,0.5310886547850835,751.0,0.0149803074219745,0.2337183994325453,2.740936451193788,98.40213049267643,INR weakened,1.0
RBI,E11,EVENT,BRENT,complete,2025-06-12,2025-06-13,1,70.84,76.0,7.284020327498575,0.0703095273716981,%,1,,0.0,0.0,,,751.0,-0.0565798869162748,2.111887758088933,3.356025247742274,99.86684420772303,up,1.0
RBI,E11,EVENT,GOLD_USD,complete,2025-06-12,2025-06-13,1,3360.45,3420.2,1.7780356797452823,0.0176241353179054,%,1,,0.0,0.0,,,751.0,0.0748778612429612,0.9383496732210254,1.7984379791376108,96.53794940079894,up,0.0
RBI,E11,EVENT,NIFTY50,complete,2025-06-12,2025-06-13,1,24888.2,24718.6,-0.6814474329200237,-0.006837798882833,%,1,,0.0,0.0,,,751.0,0.0502288533721584,0.8406837086163524,-0.8730942727527395,15.1797603195739,down,0.0
RBI,E11,EVENT,DXY_BROAD,complete,2025-06-12,2025-06-13,1,120.1723,120.3245,0.1266514829124432,0.0012657134757641,%,1,,0.0,0.0,,,751.0,0.0003214985026644,0.3585334534435262,0.3521285067766777,66.97736351531292,up,0.0
RBI,E11,EVENT,VIX,complete,2025-06-12,2025-06-13,1,18.02,20.82,15.53829078801332,0.144431811006631,%,1,,0.0,0.0,,,,,,,,up,
RBI,E11,EVENT,UST10Y,complete,2025-06-12,2025-06-13,1,4.36,4.41,0.0499999999999998,,pp,1,,0.0,0.0,,,,,,,,up,
RBI,E11,EVENT,FFR_UPPER,complete,2025-06-12,2025-06-13,1,4.5,4.5,0.0,,pp,1,,0.0,0.0,,,,,,,,,
RBI,E11,EVENT,IN_REPO,complete,2025-06-12,2025-06-13,1,5.5,5.5,0.0,,pp,1,,6.0,7.0,,,,,,,,,
RBI,E11,POST_7,USDINR,complete,2025-06-12,2025-06-24,8,85.5353,86.1043,0.6652224286347153,0.0066301958803364,%,8,7.045736672404431,0.0,0.0,-0.6608264627898874,0.5052854048779976,751.0,0.1202882697644014,0.601012767726793,0.9031482121381113,85.61917443408788,INR weakened,0.0
RBI,E11,POST_7,BRENT,complete,2025-06-12,2025-06-24,8,70.84,69.13,-2.413890457368728,-0.0244350229574592,%,8,78.0550993305074,0.0,0.0,,,751.0,-0.45305212289658,5.571555759347171,-0.3570673735221965,35.15312916111851,down,0.0
RBI,E11,POST_7,GOLD_USD,complete,2025-06-12,2025-06-24,8,3360.45,3319.5,-1.2185867964111918,-0.0122607244018339,%,8,14.88665154545892,0.0,0.0,,,751.0,0.5973219352392922,2.630938232318909,-0.692383218244846,25.03328894806924,down,0.0
RBI,E11,POST_7,NIFTY50,complete,2025-06-12,2025-06-24,8,24888.2,25044.35,0.6274057585522463,0.006254457624366,%,8,11.174881756250612,0.0,0.0,,,751.0,0.3979273773813796,2.398338366793544,0.0951942499483073,49.13448735019973,up,0.0
RBI,E11,POST_7,DXY_BROAD,complete,2025-06-12,2025-06-24,8,120.1723,120.3645,0.1599370237567177,0.0015980926070768,%,8,4.9204548564056,0.0,0.0,,,751.0,0.0174448174426133,1.002412655623974,0.1420233113555228,56.59121171770972,up,0.0
RBI,E11,POST_7,VIX,complete,2025-06-12,2025-06-24,8,18.02,17.48,-2.9966703662597016,-0.0304248819528023,%,8,169.60141942980476,0.0,0.0,,,,,,,,down,
RBI,E11,POST_7,UST10Y,complete,2025-06-12,2025-06-24,8,4.36,4.3,-0.0600000000000005,,pp,8,,0.0,0.0,,,,,,,,down,
RBI,E11,POST_7,FFR_UPPER,complete,2025-06-12,2025-06-24,8,4.5,4.5,0.0,,pp,8,,0.0,0.0,,,,,,,,,
RBI,E11,POST_7,IN_REPO,complete,2025-06-12,2025-06-24,8,5.5,5.5,0.0,,pp,8,,6.0,18.0,,,,,,,,,
RBI,E11,POST_14,USDINR,complete,2025-06-12,2025-07-03,15,85.5353,85.5121,-0.0271233046473251,-0.0002712698368086,%,15,5.4278652782688575,0.0,0.0,0.027130663379804,0.7501772879185187,751.0,0.2274654059582159,0.805515099595684,-0.3157409201267798,33.15579227696405,INR strengthened,0.0
RBI,E11,POST_14,BRENT,complete,2025-06-12,2025-07-03,15,70.84,70.42,-0.5928853754940788,-0.0059464991877264,%,15,59.62432646074994,0.0,0.0,,,751.0,-0.8918000577845975,6.93914597577913,0.0433987810432718,51.39813581890812,down,0.0
RBI,E11,POST_14,GOLD_USD,complete,2025-06-12,2025-07-03,15,3360.45,3350.0,-0.3109702569596306,-0.0031145477419358,%,15,15.56445958384188,0.0,0.0,,,751.0,1.0916592276416948,3.5886996616500437,-0.3893327799229987,37.28362183754994,down,0.0
RBI,E11,POST_14,NIFTY50,complete,2025-06-12,2025-07-03,15,24888.2,25405.3,2.077691436102236,0.0205640181107147,%,15,10.23070119105639,0.0,0.0,,,751.0,0.7314486373372509,3.1805400128755905,0.4174181995715013,63.64846870838882,up,0.0
RBI,E11,POST_14,DXY_BROAD,complete,2025-06-12,2025-07-03,15,120.1723,119.2382,-0.7773005925658438,-0.007803373201921,%,15,4.276645201468357,0.0,0.0,,,751.0,0.0560996298285099,1.4109425620726916,-0.5928102550342367,31.025299600532623,down,0.0
RBI,E11,POST_14,VIX,complete,2025-06-12,2025-07-03,15,18.02,16.38,-9.100998890122092,-0.0954211737552685,%,15,121.92036261736963,0.0,0.0,,,,,,,,down,
RBI,E11,POST_14,UST10Y,complete,2025-06-12,2025-07-03,15,4.36,4.35,-0.0100000000000006,,pp,15,,0.0,0.0,,,,,,,,down,
RBI,E11,POST_14,FFR_UPPER,complete,2025-06-12,2025-07-03,15,4.5,4.5,0.0,,pp,15,,0.0,0.0,,,,,,,,,
RBI,E11,POST_14,IN_REPO,complete,2025-06-12,2025-07-03,15,5.5,5.5,0.0,,pp,15,,6.0,27.0,,,,,,,,,
RBI,E11,POST_30,USDINR,complete,2025-06-12,2025-07-25,31,85.5353,86.5247,1.1567154145715186,0.0115007660751045,%,31,4.408863422520977,0.0,0.0,-1.1434885067500788,1.3119924626100563,751.0,0.4688512467051264,1.0980556242326955,0.6213902372408305,79.76031957390146,INR weakened,0.0
RBI,E11,POST_30,BRENT,complete,2025-06-12,2025-07-25,31,70.84,69.23,-2.2727272727272707,-0.0229895182246987,%,31,44.8233650398753,0.0,0.0,,,751.0,-2.07462303872088,9.388367320924544,-0.0215698981683661,47.802929427430094,down,0.0
RBI,E11,POST_30,GOLD_USD,complete,2025-06-12,2025-07-25,31,3360.45,3346.6,-0.4121471826689871,-0.0041299885005748,%,31,14.56711378713131,0.0,0.0,,,751.0,2.241744373848276,5.075409044603861,-0.5181819696615815,34.88681757656458,down,0.0
RBI,E11,POST_30,NIFTY50,complete,2025-06-12,2025-07-25,31,24888.2,24837.0,-0.2057199797494413,-0.0020593187395546,%,31,9.0494929971135,0.0,0.0,,,751.0,1.4774659742751606,4.711159022256097,-0.3550272109418333,36.21837549933422,down,0.0
RBI,E11,POST_30,DXY_BROAD,complete,2025-06-12,2025-07-25,31,120.1723,119.9857,-0.1552770480385379,-0.0015539772778825,%,31,3.796812657964562,0.0,0.0,,,751.0,0.1724363669462603,2.0814214543866134,-0.1574335621597028,42.47669773635153,down,0.0
RBI,E11,POST_30,VIX,complete,2025-06-12,2025-07-25,31,18.02,14.93,-17.147613762486124,-0.1881096406290928,%,31,93.68126843681058,0.0,0.0,,,,,,,,down,
RBI,E11,POST_30,UST10Y,complete,2025-06-12,2025-07-25,31,4.36,4.4,0.04,,pp,31,,0.0,0.0,,,,,,,,up,
RBI,E11,POST_30,FFR_UPPER,complete,2025-06-12,2025-07-25,31,4.5,4.5,0.0,,pp,31,,0.0,0.0,,,,,,,,,
RBI,E11,POST_30,IN_REPO,complete,2025-06-12,2025-07-25,31,5.5,5.5,0.0,,pp,31,,6.0,49.0,,,,,,,,,
RBI,E11,POST_90,USDINR,complete,2025-06-12,2025-10-27,91,85.5353,88.0637,2.9559725633744094,0.0291312600173663,%,91,4.016910653658418,0.0,0.0,-2.8711035307396715,2.434637779901028,751.0,1.6092823976891824,1.823821331184447,0.7219212006811662,73.23568575233023,INR weakened,0.0
RBI,E11,POST_90,BRENT,complete,2025-06-12,2025-10-27,91,70.84,65.52,-7.509881422924913,-0.0780683733698189,%,91,37.27607857514061,0.0,0.0,,,751.0,-3.841314638755833,15.13215728282143,-0.2570551308717646,43.94141145139814,down,0.0
RBI,E11,POST_90,GOLD_USD,complete,2025-06-12,2025-10-27,91,3360.45,4029.7,19.91548750911336,0.1816170379214157,%,91,17.151763922377526,0.0,0.0,,,751.0,6.234663689723763,8.684682369745609,1.3948324545411968,93.87483355525966,up,0.0
RBI,E11,POST_90,NIFTY50,complete,2025-06-12,2025-10-27,91,24888.2,25966.05,4.3307671908775935,0.0423961199668833,%,91,8.701517628790624,0.0,0.0,,,751.0,3.875164980806134,7.145419757295982,0.0612485293572876,49.53395472703063,up,0.0
RBI,E11,POST_90,DXY_BROAD,complete,2025-06-12,2025-10-27,91,120.1723,120.7988,0.5213347834733817,0.0051998053841893,%,91,3.901405290295652,0.0,0.0,,,751.0,0.9056956171961116,3.3073586239656234,-0.1153906475458958,43.27563249001332,up,0.0
RBI,E11,POST_90,VIX,complete,2025-06-12,2025-10-27,91,18.02,15.79,-12.375138734739178,-0.1321054239126411,%,91,117.34090885915931,0.0,0.0,,,,,,,,down,
RBI,E11,POST_90,UST10Y,complete,2025-06-12,2025-10-27,91,4.36,4.01,-0.3500000000000005,,pp,91,,0.0,0.0,,,,,,,,down,
RBI,E11,POST_90,FFR_UPPER,complete,2025-06-12,2025-10-27,91,4.5,4.25,-0.25,,pp,91,,0.0,0.0,,,,,,,,down,
RBI,E11,POST_90,IN_REPO,complete,2025-06-12,2025-10-27,91,5.5,5.5,0.0,,pp,91,,6.0,143.0,,,,,,,,,
RBI,E12,PRE_30,USDINR,complete,2026-01-14,2026-02-27,29,90.2016,90.9542,0.8343532708954271,0.0083089178467984,%,29,5.142932662012526,0.0,0.0,-0.827449419597992,2.611205506382952,751.0,0.3713298285095368,0.9111909307370232,0.5051078406153544,75.63249001331558,INR weakened,0.0
RBI,E12,PRE_30,BRENT,complete,2026-01-14,2026-02-27,29,68.87,71.32,3.55742703644546,0.0349561234383326,%,29,34.15557599403482,0.0,0.0,,,751.0,-1.3868721912111748,8.037345977467988,0.6086824523995426,71.77097203728363,up,0.0
RBI,E12,PRE_30,GOLD_USD,complete,2026-01-14,2026-02-27,29,4633.0,5174.1,11.67925750053962,0.1104608045488163,%,29,47.79891829201253,0.0,0.0,,,751.0,3.659740782826448,4.778814122978807,1.5593236419926424,94.4074567243675,up,0.0
RBI,E12,PRE_30,NIFTY50,complete,2026-01-14,2026-02-27,29,25665.6,25178.65,-1.897286640483753,-0.019155160680868,%,29,13.174235793104964,0.0,0.0,,,751.0,1.36434413108395,3.7662799426804137,-0.8683998194806368,19.70705725699068,down,0.0
RBI,E12,PRE_30,DXY_BROAD,complete,2026-01-14,2026-02-27,29,119.9537,117.8223,-1.776852235487525,-0.0179282777891938,%,29,4.937860580678663,0.0,0.0,,,751.0,-0.1498242616217893,1.6946935128420042,-0.9694326177979192,16.77762982689747,down,0.0
RBI,E12,PRE_30,VIX,complete,2026-01-14,2026-02-27,29,16.75,19.86,18.567164179104463,0.170309400345951,%,29,139.3558790244779,0.0,0.0,,,,,,,,up,
RBI,E12,PRE_30,UST10Y,complete,2026-01-14,2026-02-27,29,4.15,3.97,-0.1800000000000001,,pp,29,,0.0,0.0,,,,,,,,down,
RBI,E12,PRE_30,FFR_UPPER,complete,2026-01-14,2026-02-27,29,3.75,3.75,0.0,,pp,29,,0.0,0.0,,,,,,,,,
RBI,E12,PRE_30,IN_REPO,complete,2026-01-14,2026-02-27,29,5.25,5.25,0.0,,pp,29,,40.0,84.0,,,,,,,,,
RBI,E12,PRE_14,USDINR,complete,2026-02-09,2026-02-27,13,90.4006,90.9542,0.6123853160266757,0.0061051785730088,%,13,2.380957157193915,0.0,0.0,-0.6086579839083894,0.4567399189141508,751.0,0.1694823724106786,0.6846266329470976,0.6444080948101288,77.62982689747004,INR weakened,0.0
RBI,E12,PRE_14,BRENT,complete,2026-02-09,2026-02-27,13,71.19,71.32,0.1826099171231776,0.0018244338791576,%,13,22.912832694220768,0.0,0.0,,,751.0,-0.2635444185787761,6.144523852807681,0.0726395904471974,53.39547270306259,up,0.0
RBI,E12,PRE_14,GOLD_USD,complete,2026-02-09,2026-02-27,13,4992.5,5174.1,3.637456184276422,0.0357286246754944,%,13,19.426296967494373,0.0,0.0,,,751.0,1.783365632396472,3.56311926912998,0.5066381719929854,71.23834886817576,up,0.0
RBI,E12,PRE_14,NIFTY50,complete,2026-02-09,2026-02-27,13,25867.3,25178.65,-2.6622415172824265,-0.0269832095578327,%,13,11.71661627546712,0.0,0.0,,,751.0,0.5727877499907219,2.490583315935836,-1.3127344478508811,9.587217043941411,down,0.0
RBI,E12,PRE_14,DXY_BROAD,complete,2026-02-09,2026-02-27,13,117.6392,117.8223,0.1556453971125249,0.0015552439520397,%,13,1.549203260813663,0.0,0.0,,,751.0,-0.0574135437965694,1.102147810796678,0.1932176653627071,56.3249001331558,up,0.0
RBI,E12,PRE_14,VIX,complete,2026-02-09,2026-02-27,13,17.36,19.86,14.400921658986164,0.1345389493848223,%,13,111.0271046365734,0.0,0.0,,,,,,,,up,
RBI,E12,PRE_14,UST10Y,complete,2026-02-09,2026-02-27,13,4.22,3.97,-0.2499999999999995,,pp,13,,0.0,0.0,,,,,,,,down,
RBI,E12,PRE_14,FFR_UPPER,complete,2026-02-09,2026-02-27,13,3.75,3.75,0.0,,pp,13,,0.0,0.0,,,,,,,,,
RBI,E12,PRE_14,IN_REPO,complete,2026-02-09,2026-02-27,13,5.25,5.25,0.0,,pp,13,,66.0,84.0,,,,,,,,,
RBI,E12,PRE_7,USDINR,complete,2026-02-18,2026-02-27,6,90.6669,90.9542,0.3168741845149592,0.0031637319632672,%,6,3.149873507616073,0.0,0.0,-0.3158732636865613,0.3341005525686169,751.0,0.0732131591952844,0.5110272748604313,0.4758783666826495,75.23302263648469,INR weakened,0.0
RBI,E12,PRE_7,BRENT,complete,2026-02-18,2026-02-27,6,71.78,71.32,-0.640847032599623,-0.0064290927245216,%,6,18.327657937976426,0.0,0.0,,,751.0,-0.0899102808341711,4.80495379475478,-0.115080929328576,45.27296937416778,down,0.0
RBI,E12,PRE_7,GOLD_USD,complete,2026-02-18,2026-02-27,6,4916.85,5174.1,5.232008297995661,0.0509973294252003,%,6,17.870562208840056,0.0,0.0,,,751.0,0.8032055020070761,2.5861983798675574,1.6625700488105888,95.33954727030626,up,0.0
RBI,E12,PRE_7,NIFTY50,complete,2026-02-18,2026-02-27,6,25819.35,25178.65,-2.481472229161452,-0.0251277976185459,%,6,12.471879627685745,0.0,0.0,,,751.0,0.2830927034148889,1.868355387984371,-1.4962209708606662,7.589880159786951,down,0.0
RBI,E12,PRE_7,DXY_BROAD,complete,2026-02-18,2026-02-27,6,117.8426,117.8223,-0.0172263680536577,-0.0001722785196285,%,6,1.7178781936250842,0.0,0.0,,,751.0,-0.0267148671189487,0.7589351848728815,0.012505131401922,49.2676431424767,down,0.0
RBI,E12,PRE_7,VIX,complete,2026-02-18,2026-02-27,6,19.62,19.86,1.2232415902140523,0.0121582044798093,%,6,119.0765115505427,0.0,0.0,,,,,,,,up,
RBI,E12,PRE_7,UST10Y,complete,2026-02-18,2026-02-27,6,4.09,3.97,-0.1199999999999996,,pp,6,,0.0,0.0,,,,,,,,down,
RBI,E12,PRE_7,FFR_UPPER,complete,2026-02-18,2026-02-27,6,3.75,3.75,0.0,,pp,6,,0.0,0.0,,,,,,,,,
RBI,E12,PRE_7,IN_REPO,complete,2026-02-18,2026-02-27,6,5.25,5.25,0.0,,pp,6,,75.0,84.0,,,,,,,,,
RBI,E12,EVENT,USDINR,complete,2026-02-27,2026-03-02,1,90.9542,91.4514,0.5466487528888342,0.0054516005144132,%,1,,0.0,0.0,-0.5436767507113194,-0.17027834834753,751.0,0.0148248109572257,0.2093533262804889,2.533211908656611,98.5352862849534,INR weakened,1.0
RBI,E12,EVENT,BRENT,complete,2026-02-27,2026-03-02,1,71.32,77.24,8.300616937745374,0.079740664565374,%,1,,0.0,0.0,,,751.0,-0.0196303008700438,1.9519136174269127,4.095313754171559,99.73368841544608,up,1.0
RBI,E12,EVENT,GOLD_USD,complete,2026-02-27,2026-03-02,1,5174.1,5390.45,4.181403529116157,0.0409634583932847,%,1,,0.0,0.0,,,751.0,0.1324305640462597,1.132591458942499,3.4999406501912187,99.6005326231691,up,1.0
RBI,E12,EVENT,NIFTY50,complete,2026-02-27,2026-03-02,1,25178.65,24865.7,-1.2429181072059148,-0.0125070694082176,%,1,,0.0,0.0,,,751.0,0.0454808388988814,0.7550905393443039,-1.7165854593377736,3.861517976031957,down,0.0
RBI,E12,EVENT,DXY_BROAD,complete,2026-02-27,2026-03-02,1,117.8223,118.667,0.7169271012363643,0.007143693962053,%,1,,0.0,0.0,,,751.0,-0.0015114174635177,0.3132310206037983,2.28547231277057,98.26897470039948,up,1.0
RBI,E12,EVENT,VIX,complete,2026-02-27,2026-03-02,1,19.86,21.44,7.955689828801615,0.0765506775855747,%,1,,0.0,0.0,,,,,,,,up,
RBI,E12,EVENT,UST10Y,complete,2026-02-27,2026-03-02,1,3.97,4.05,0.0799999999999996,,pp,1,,0.0,0.0,,,,,,,,up,
RBI,E12,EVENT,FFR_UPPER,complete,2026-02-27,2026-03-02,1,3.75,3.75,0.0,,pp,1,,0.0,0.0,,,,,,,,,
RBI,E12,EVENT,IN_REPO,complete,2026-02-27,2026-03-02,1,5.25,5.25,0.0,,pp,1,,84.0,87.0,,,,,,,,,
RBI,E12,POST_7,USDINR,complete,2026-02-27,2026-03-12,8,90.9542,92.353,1.5379168856413328,0.0152621081113546,%,8,8.553332661504667,0.0,0.0,-1.514623239093471,-0.1598941399455045,751.0,0.1092072520662901,0.5664998722704403,2.501435951133612,98.40213049267643,INR weakened,1.0
RBI,E12,POST_7,BRENT,complete,2026-02-27,2026-03-12,8,71.32,102.38,43.550196298373535,0.3615145880344976,%,8,90.1045573354018,0.0,0.0,,,751.0,-0.118792740641882,5.313877609633012,6.825584784422896,100.0,up,1.0
RBI,E12,POST_7,GOLD_USD,complete,2026-02-27,2026-03-12,8,5174.1,5181.65,0.1459190970410251,0.0014581273857891,%,8,36.25698660129067,0.0,0.0,,,751.0,1.0675584947772432,2.904816008489893,-0.3153685402891689,40.612516644474034,up,0.0
RBI,E12,POST_7,NIFTY50,complete,2026-02-27,2026-03-12,8,25178.65,23639.15,-6.114307161027299,-0.0630921773148751,%,8,18.58577398698003,0.0,0.0,,,751.0,0.3777807316230452,2.0977788224584275,-3.187317267317667,0.133155792276964,down,1.0
RBI,E12,POST_7,DXY_BROAD,complete,2026-02-27,2026-03-12,8,117.8223,119.8227,1.6978110255868373,0.0168355929959109,%,8,6.874494998036557,0.0,0.0,,,751.0,-0.0207184304150787,0.854586266362351,1.994274824733528,98.80159786950732,up,0.0
RBI,E12,POST_7,VIX,complete,2026-02-27,2026-03-12,8,19.86,27.29,37.41188318227593,0.3178126761032205,%,8,180.32044683936795,0.0,0.0,,,,,,,,up,
RBI,E12,POST_7,UST10Y,complete,2026-02-27,2026-03-12,8,3.97,4.27,0.2999999999999994,,pp,8,,0.0,0.0,,,,,,,,up,
RBI,E12,POST_7,FFR_UPPER,complete,2026-02-27,2026-03-12,8,3.75,3.75,0.0,,pp,8,,0.0,0.0,,,,,,,,,
RBI,E12,POST_7,IN_REPO,complete,2026-02-27,2026-03-12,8,5.25,5.25,0.0,,pp,8,,84.0,97.0,,,,,,,,,
RBI,E12,POST_14,USDINR,complete,2026-02-27,2026-03-24,15,90.9542,93.8792,3.215904268302072,0.0316527663124292,%,15,7.284770563163328,0.0,0.0,-3.115706141509511,1.2577011098168,751.0,0.1928893211856408,0.713569097287445,4.165781721673033,100.0,INR weakened,1.0
RBI,E12,POST_14,BRENT,complete,2026-02-27,2026-03-24,15,71.32,108.42,52.019068984857,0.4188357808372526,%,15,103.31593499750431,0.0,0.0,,,751.0,-0.2442713895813186,6.373954720601743,6.609420704925205,100.0,up,1.0
RBI,E12,POST_14,GOLD_USD,complete,2026-02-27,2026-03-24,15,5174.1,4419.4,-14.586111594286944,-0.1576614707144602,%,15,54.2934463520988,0.0,0.0,,,751.0,2.0258600310958164,3.821786923648252,-4.650117841326176,0.0,down,1.0
RBI,E12,POST_14,NIFTY50,complete,2026-02-27,2026-03-24,15,25178.65,22912.4,-9.000681132626253,-0.0943181644731687,%,15,24.559276644952277,0.0,0.0,,,751.0,0.7065756362073738,2.617955303662816,-3.871688535059407,0.0,down,1.0
RBI,E12,POST_14,DXY_BROAD,complete,2026-02-27,2026-03-24,15,117.8223,120.1295,1.958203158485272,0.0193927703602726,%,15,6.251422960450325,0.0,0.0,,,751.0,-0.0523237896347228,1.1731045934378383,1.697729708394698,96.00532623169109,up,0.0
RBI,E12,POST_14,VIX,complete,2026-02-27,2026-03-24,15,19.86,26.95,35.69989929506545,0.3052756387379796,%,15,158.32313285491293,0.0,0.0,,,,,,,,up,
RBI,E12,POST_14,UST10Y,complete,2026-02-27,2026-03-24,15,3.97,4.39,0.4199999999999995,,pp,15,,0.0,0.0,,,,,,,,up,
RBI,E12,POST_14,FFR_UPPER,complete,2026-02-27,2026-03-24,15,3.75,3.75,0.0,,pp,15,,0.0,0.0,,,,,,,,,
RBI,E12,POST_14,IN_REPO,complete,2026-02-27,2026-03-24,15,5.25,5.25,0.0,,pp,15,,84.0,109.0,,,,,,,,,
RBI,E12,POST_30,USDINR,complete,2026-02-27,2026-04-22,31,90.9542,93.8351,3.167418327026117,0.0311829033258443,%,31,8.147848635742431,0.0,0.0,-3.070173101536633,2.507017027781422,751.0,0.4047563140137544,0.9326393599116806,2.91039716953589,100.0,INR weakened,1.0
RBI,E12,POST_30,BRENT,complete,2026-02-27,2026-04-22,31,71.32,113.44,59.05776780706675,0.4640972697888778,%,31,109.14258536509264,0.0,0.0,,,751.0,-0.567181763404212,8.259080414794848,5.688105814041763,100.0,up,1.0
RBI,E12,POST_30,GOLD_USD,complete,2026-02-27,2026-04-22,31,5174.1,4756.15,-8.077733325602532,-0.0842268935436449,%,31,42.80819645913905,0.0,0.0,,,751.0,4.228947368375335,5.3166437500208685,-2.3632691983916567,0.0,down,1.0
RBI,E12,POST_30,NIFTY50,complete,2026-02-27,2026-04-22,31,25178.65,24378.1,-3.179479439922328,-0.0323112249151067,%,31,25.412644302256908,0.0,0.0,,,751.0,1.4033261085690365,3.881932254944738,-1.191337930920243,10.652463382157125,down,0.0
RBI,E12,POST_30,DXY_BROAD,complete,2026-02-27,2026-04-22,31,117.8223,118.6004,0.660401299244695,0.0065823020325323,%,31,6.4070032158655605,0.0,0.0,,,751.0,-0.1158190076293141,1.7058740002588273,0.4537945550547476,66.57789613848203,up,0.0
RBI,E12,POST_30,VIX,complete,2026-02-27,2026-04-22,31,19.86,18.92,-4.73313192346424,-0.0484880949932942,%,31,162.84432806264587,0.0,0.0,,,,,,,,down,
RBI,E12,POST_30,UST10Y,complete,2026-02-27,2026-04-22,31,3.97,4.3,0.3299999999999996,,pp,31,,0.0,0.0,,,,,,,,up,
RBI,E12,POST_30,FFR_UPPER,complete,2026-02-27,2026-04-22,31,3.75,3.75,0.0,,pp,31,,0.0,0.0,,,,,,,,,
RBI,E12,POST_30,IN_REPO,complete,2026-02-27,2026-04-22,31,5.25,5.25,0.0,,pp,31,,84.0,138.0,,,,,,,,,
RBI,E12,POST_90,USDINR,complete,2026-02-27,2026-07-20,91,90.9542,96.512,6.110547946109146,0.059311269828181,%,91,6.498103388526644,0.0,0.0,-5.758662135278514,3.803853882251973,751.0,1.146329453508943,1.4440466561822192,3.3179801225255483,100.0,INR weakened,1.0
RBI,E12,POST_90,BRENT,complete,2026-02-27,2026-07-20,91,71.32,86.99,21.97139652271453,0.1986163765245098,%,91,78.85013190627848,0.0,0.0,,,751.0,-3.413299638979883,9.97689696252805,2.3388585556321075,97.33688415446072,up,1.0
RBI,E12,POST_90,GOLD_USD,complete,2026-02-27,2026-07-20,91,5174.1,4014.8,-22.40582903306856,-0.2536778780258194,%,91,31.47576102675696,0.0,0.0,,,751.0,12.101449270435571,8.053401795202609,-4.56840425648265,0.0,down,1.0
RBI,E12,POST_90,NIFTY50,complete,2026-02-27,2026-07-20,91,25178.65,24238.5,-3.7339174260732855,-0.0380541351012965,%,91,17.895736909028628,0.0,0.0,,,751.0,4.499935927897414,6.13069923087406,-1.338679395237821,10.652463382157125,down,0.0
RBI,E12,POST_90,DXY_BROAD,complete,2026-02-27,2026-07-20,91,117.8223,120.5401,2.306694063857173,0.0228049204479998,%,91,4.906639552709658,0.0,0.0,,,751.0,-0.4492528071924573,3.023841535827144,0.9030754398590402,80.55925432756325,up,0.0
RBI,E12,POST_90,VIX,complete,2026-02-27,2026-07-20,91,19.86,18.65,-6.092648539778455,-0.062861512527202,%,91,135.09617664269066,0.0,0.0,,,,,,,,down,
RBI,E12,POST_90,UST10Y,complete,2026-02-27,2026-07-20,91,3.97,4.6,0.6299999999999994,,pp,91,,0.0,0.0,,,,,,,,up,
RBI,E12,POST_90,FFR_UPPER,complete,2026-02-27,2026-07-20,91,3.75,3.75,0.0,,pp,91,,0.0,0.0,,,,,,,,,
RBI,E12,POST_90,IN_REPO,complete,2026-02-27,2026-07-20,91,5.25,5.25,0.0,,pp,91,,84.0,227.0,,,,,,,,,
RBI,E13,PRE_30,USDINR,complete,2026-05-25,2026-07-07,29,95.2047,95.3138,0.1145951828008362,0.001145295726405,%,29,5.443730989833631,0.0,0.0,-0.1144640125564144,-1.1660997474009838,751.0,0.5472825231912726,1.0318683267156594,-0.4179416988479547,33.68841544607191,INR weakened,0.0
RBI,E13,PRE_30,BRENT,complete,2026-05-25,2026-07-07,29,106.9,71.78,-32.8531337698784,-0.3982879323115384,%,29,46.78975591535168,3.0,0.0,,,751.0,1.281177325687266,12.109490581780756,-3.394183482283565,0.0,down,1.0
RBI,E13,PRE_30,GOLD_USD,complete,2026-05-25,2026-07-07,29,4515.1,4124.15,-8.658722951872623,-0.0905673970707382,%,29,28.985365404478408,3.0,0.0,,,751.0,3.498802935054024,5.659571328355488,-2.207892623426058,1.5978695073235687,down,1.0
RBI,E13,PRE_30,NIFTY50,complete,2026-05-25,2026-07-07,29,24031.7,24398.7,1.527149556627294,0.0151560600429913,%,29,11.436063284586997,0.0,0.0,,,751.0,1.2660233288558589,4.063799406701117,0.0633716679370027,53.26231691078562,up,0.0
RBI,E13,PRE_30,DXY_BROAD,complete,2026-05-25,2026-07-07,29,119.2868,120.8145,1.28069493020182,0.0127256338593713,%,29,4.394241455533948,3.0,0.0,,,751.0,-0.0627436801669878,1.6172891514631107,0.8256574014489311,77.762982689747,up,0.0
RBI,E13,PRE_30,VIX,complete,2026-05-25,2026-07-07,29,16.59,16.13,-2.772754671488853,-0.0281192120652356,%,29,148.86902001181284,0.0,0.0,,,,,,,,down,
RBI,E13,PRE_30,UST10Y,complete,2026-05-25,2026-07-07,29,4.56,4.55,-0.0099999999999997,,pp,29,,3.0,0.0,,,,,,,,down,
RBI,E13,PRE_30,FFR_UPPER,complete,2026-05-25,2026-07-07,29,3.75,3.75,0.0,,pp,29,,0.0,0.0,,,,,,,,,
RBI,E13,PRE_30,IN_REPO,complete,2026-05-25,2026-07-07,29,5.25,5.25,0.0,,pp,29,,171.0,214.0,,,,,,,,,
RBI,E13,PRE_14,USDINR,complete,2026-06-17,2026-07-07,13,94.3758,95.3138,0.9938988596652988,0.0098899216985252,%,13,3.460818246805523,0.0,0.0,-0.9841177248205436,-0.2017077008424905,751.0,0.2613966458680838,0.7506741443762766,0.9697104612915524,85.35286284953395,INR weakened,0.0
RBI,E13,PRE_14,BRENT,complete,2026-06-17,2026-07-07,13,80.33,71.78,-10.643595169924058,-0.1125372644662598,%,13,40.00521760754226,0.0,0.0,,,751.0,0.253161830986448,8.122727912168317,-1.4165891665080284,3.9946737683089215,down,0.0
RBI,E13,PRE_14,GOLD_USD,complete,2026-06-17,2026-07-07,13,4331.85,4124.15,-4.794718191996505,-0.0491347645532879,%,13,25.897383337734787,0.0,0.0,,,751.0,1.3521378477264756,4.08279780208217,-1.5324184048737293,3.861517976031957,down,0.0
RBI,E13,PRE_14,NIFTY50,complete,2026-06-17,2026-07-07,13,24085.7,24398.7,1.2995262749266212,0.0129115487988162,%,13,9.567776783649869,0.0,0.0,,,751.0,0.4722533886717617,2.774503744369867,0.2955530735160898,60.852197070572565,up,0.0
RBI,E13,PRE_14,DXY_BROAD,complete,2026-06-17,2026-07-07,13,119.3871,120.8145,1.1956065605077892,0.0118851564891659,%,13,4.941330805686007,0.0,0.0,,,751.0,0.0050512537105307,1.085556656304183,1.090191392503389,84.8202396804261,up,0.0
RBI,E13,PRE_14,VIX,complete,2026-06-17,2026-07-07,13,18.44,16.13,-12.52711496746205,-0.1338413259913304,%,13,94.76597993593089,0.0,0.0,,,,,,,,down,
RBI,E13,PRE_14,UST10Y,complete,2026-06-17,2026-07-07,13,4.49,4.55,0.0599999999999996,,pp,13,,0.0,0.0,,,,,,,,up,
RBI,E13,PRE_14,FFR_UPPER,complete,2026-06-17,2026-07-07,13,3.75,3.75,0.0,,pp,13,,0.0,0.0,,,,,,,,,
RBI,E13,PRE_14,IN_REPO,complete,2026-06-17,2026-07-07,13,5.25,5.25,0.0,,pp,13,,194.0,214.0,,,,,,,,,
RBI,E13,PRE_7,USDINR,complete,2026-06-29,2026-07-07,6,94.3519,95.3138,1.0194813247003998,0.0101431966563375,%,6,3.881581597699855,0.0,0.0,-1.009192792649127,1.1335757005917713,751.0,0.111830422004866,0.569884064637333,1.5837462095737531,93.87483355525966,INR weakened,0.0
RBI,E13,PRE_7,BRENT,complete,2026-06-29,2026-07-07,6,71.59,71.78,0.2654001955580298,0.0026504863113674,%,6,30.262747789593234,0.0,0.0,,,751.0,-0.0078073414158885,6.011419958892605,0.0453896548913986,53.39547270306259,up,0.0
RBI,E13,PRE_7,GOLD_USD,complete,2026-06-29,2026-07-07,6,4042.85,4124.15,2.010957616532893,0.0199100491393145,%,6,25.33014980044192,0.0,0.0,,,751.0,0.5699179970431345,3.01036247962788,0.4726024905479103,71.90412782956058,up,0.0
RBI,E13,PRE_7,NIFTY50,complete,2026-06-29,2026-07-07,6,23946.25,24398.7,1.8894398914234944,0.018718116794098,%,6,6.98938921575452,0.0,0.0,,,751.0,0.2167110453344056,1.9920253574085316,0.8309809448979933,80.42609853528629,up,0.0
RBI,E13,PRE_7,DXY_BROAD,complete,2026-06-29,2026-07-07,6,120.9525,120.8145,-0.1140943758913715,-0.0011415951307437,%,6,3.0785657153933634,0.0,0.0,,,751.0,0.0116397455901084,0.760143835774444,-0.1654931282452615,41.54460719041278,down,0.0
RBI,E13,PRE_7,VIX,complete,2026-06-29,2026-07-07,6,17.65,16.13,-8.611898016997166,-0.0900548912421882,%,6,56.50786053037638,0.0,0.0,,,,,,,,down,
RBI,E13,PRE_7,UST10Y,complete,2026-06-29,2026-07-07,6,4.38,4.55,0.1699999999999999,,pp,6,,0.0,0.0,,,,,,,,up,
RBI,E13,PRE_7,FFR_UPPER,complete,2026-06-29,2026-07-07,6,3.75,3.75,0.0,,pp,6,,0.0,0.0,,,,,,,,,
RBI,E13,PRE_7,IN_REPO,complete,2026-06-29,2026-07-07,6,5.25,5.25,0.0,,pp,6,,206.0,214.0,,,,,,,,,
RBI,E13,EVENT,USDINR,complete,2026-07-07,2026-07-08,1,95.3138,95.2236,-0.0946347748174925,-0.0009467958179139,%,1,,0.0,0.0,0.0947244170562688,-0.3563583262124026,751.0,0.0188271231781556,0.2420388011423519,-0.4689534585092468,20.77230359520639,INR strengthened,0.0
RBI,E13,EVENT,BRENT,complete,2026-07-07,2026-07-08,1,71.78,76.5,6.5756478127612095,0.0636848551130288,%,1,,0.0,0.0,,,751.0,-0.0070095723586627,2.4461595811544705,2.606328458070028,98.40213049267643,up,1.0
RBI,E13,EVENT,GOLD_USD,complete,2026-07-07,2026-07-08,1,4124.15,4055.4,-1.6670101717929595,-0.0168106115949535,%,1,,0.0,0.0,,,751.0,0.0989494131139245,1.2876766831284474,-1.3823047922424274,5.992010652463383,down,0.0
RBI,E13,EVENT,NIFTY50,complete,2026-07-07,2026-07-08,1,24398.7,23882.05,-2.117530852053595,-0.0214027214552712,%,1,,0.0,0.0,,,751.0,0.0381529117907453,0.814733207815585,-2.673780521093317,0.9320905459387484,down,1.0
RBI,E13,EVENT,DXY_BROAD,complete,2026-07-07,2026-07-08,1,120.8145,121.1307,0.2617235513949101,0.0026138165173283,%,1,,0.0,0.0,,,751.0,-2.953436020192157e-05,0.3101593698856442,0.8428285954855241,83.62183754993342,up,0.0
RBI,E13,EVENT,VIX,complete,2026-07-07,2026-07-08,1,16.13,16.9,4.773713577185368,0.0466327297919102,%,1,,0.0,0.0,,,,,,,,up,
RBI,E13,EVENT,UST10Y,complete,2026-07-07,2026-07-08,1,4.55,4.56,0.0099999999999997,,pp,1,,0.0,0.0,,,,,,,,up,
RBI,E13,EVENT,FFR_UPPER,complete,2026-07-07,2026-07-08,1,3.75,3.75,0.0,,pp,1,,0.0,0.0,,,,,,,,,
RBI,E13,EVENT,IN_REPO,complete,2026-07-07,2026-07-08,1,5.25,5.25,0.0,,pp,1,,214.0,215.0,,,,,,,,,
RBI,E13,POST_7,USDINR,complete,2026-07-07,2026-07-17,8,95.3138,96.3665,1.10445706707738,0.0109840247943555,%,8,3.256437456731485,0.0,0.0,-1.0923920657074817,1.3387004732910437,751.0,0.1481552371033201,0.6383962603148801,1.4886629872409864,92.80958721704394,INR weakened,0.0
RBI,E13,POST_7,BRENT,complete,2026-07-07,2026-07-17,8,71.78,85.01,18.431317915853995,0.1691630109098062,%,8,68.92658792188351,0.0,0.0,,,751.0,-0.0834279646519386,6.890906385437512,2.466985172234015,98.00266311584554,up,1.0
RBI,E13,POST_7,GOLD_USD,complete,2026-07-07,2026-07-17,8,4124.15,3998.8,-3.0394141823163467,-0.0308656218362913,%,8,15.201975909300142,0.0,0.0,,,751.0,0.7708880633587434,3.390186375222765,-1.1369563974005532,8.255659121171771,down,0.0
RBI,E13,POST_7,NIFTY50,complete,2026-07-07,2026-07-17,8,24398.7,24334.3,-0.2639484890588517,-0.0026429744726509,%,8,16.241895369899286,0.0,0.0,,,751.0,0.2980192099392376,2.2793323754207018,-0.2465079100963255,40.3462050599201,down,0.0
RBI,E13,POST_7,DXY_BROAD,complete,2026-07-07,2026-07-17,8,120.8145,120.5315,-0.2342434062136633,-0.002345181852655,%,8,3.478252871774871,0.0,0.0,,,751.0,0.0074573575921776,0.8598135617095203,-0.2814275973148103,38.74833555259654,down,0.0
RBI,E13,POST_7,VIX,complete,2026-07-07,2026-07-17,8,16.13,18.77,16.36701797892126,0.1515789584612999,%,8,128.0449485529951,0.0,0.0,,,,,,,,up,
RBI,E13,POST_7,UST10Y,complete,2026-07-07,2026-07-17,8,4.55,4.55,0.0,,pp,8,,0.0,0.0,,,,,,,,,
RBI,E13,POST_7,FFR_UPPER,complete,2026-07-07,2026-07-17,8,3.75,3.75,0.0,,pp,8,,0.0,0.0,,,,,,,,,
RBI,E13,POST_7,IN_REPO,complete,2026-07-07,2026-07-17,8,5.25,5.25,0.0,,pp,8,,214.0,224.0,,,,,,,,,
RBI,E13,POST_14,USDINR,complete,2026-07-07,2026-07-28,15,95.3138,95.7954,0.505278354236216,0.0050400610695367,%,15,3.980714047423824,0.0,0.0,-0.5027381273004727,0.6623787022904559,751.0,0.2809547610835849,0.7982892562430745,0.2799051651033601,68.57523302263648,INR weakened,0.0
RBI,E13,POST_14,BRENT,complete,2026-07-07,2026-07-28,15,71.78,85.51,19.127890777375317,0.1750274424484026,%,15,93.855185185121,0.0,0.0,,,751.0,-0.0557082445847734,9.482716229410723,1.8516285405414887,96.6711051930759,up,0.0
RBI,E13,POST_14,GOLD_USD,complete,2026-07-07,2026-07-28,15,4124.15,4037.7,-2.0961895178400303,-0.0211847150215373,%,15,16.303071661335707,0.0,0.0,,,751.0,1.4610465574373732,4.420247978325538,-0.8074089116610803,16.378162450066576,down,0.0
RBI,E13,POST_14,NIFTY50,complete,2026-07-07,2026-07-28,15,24398.7,23985.35,-1.6941476390135657,-0.0170866248900967,%,15,12.976075819446724,0.0,0.0,,,751.0,0.552880187087279,2.9555223214042967,-0.7646769870024541,21.171770972037287,down,0.0
RBI,E13,POST_14,DXY_BROAD,complete,2026-07-07,2026-07-28,15,120.8145,120.6247,-0.1571003480542399,-0.0015722388004744,%,15,2.888239823209481,0.0,0.0,,,751.0,0.0184142761442629,1.1676195779540544,-0.1504226755770424,44.207723035952064,down,0.0
RBI,E13,POST_14,VIX,complete,2026-07-07,2026-07-28,15,16.13,18.21,12.895226286422831,0.1212900016023992,%,15,112.58808744563795,0.0,0.0,,,,,,,,up,
RBI,E13,POST_14,UST10Y,complete,2026-07-07,2026-07-28,15,4.55,4.61,0.0600000000000005,,pp,15,,0.0,0.0,,,,,,,,up,
RBI,E13,POST_14,FFR_UPPER,complete,2026-07-07,2026-07-28,15,3.75,3.75,0.0,,pp,15,,0.0,0.0,,,,,,,,,
RBI,E13,POST_14,IN_REPO,complete,2026-07-07,2026-07-28,15,5.25,5.25,0.0,,pp,15,,214.0,235.0,,,,,,,,,
RBI,E13,POST_30,USDINR,complete,2026-07-07,2026-08-19,31,95.3138,95.7477,0.4552331351808325,0.0045420008315426,%,31,3.1863701306711514,0.0,0.0,-0.4531701544788991,2.50937398747918,751.0,0.6066112406778457,1.0883849564049357,-0.1383505694371461,48.60186418109188,INR weakened,0.0
RBI,E13,POST_30,BRENT,complete,2026-07-07,2026-08-19,31,71.78,92.37,28.684870437447763,0.2521963648850575,%,31,77.92296457439616,0.0,0.0,,,751.0,0.2782621838019139,14.107633461301424,1.7679620615065168,95.20639147802927,up,0.0
RBI,E13,POST_30,GOLD_USD,complete,2026-07-07,2026-08-19,31,4124.15,4355.75,5.615702629632779,0.0546368733736976,%,31,17.24000939711984,0.0,0.0,,,751.0,3.179219491741025,6.381957077461764,0.3657120820639891,63.91478029294274,up,0.0
RBI,E13,POST_30,NIFTY50,complete,2026-07-07,2026-08-19,31,24398.7,24078.3,-1.3131847188579735,-0.0132188322494526,%,31,11.092065823826845,0.0,0.0,,,751.0,1.1522338583594085,4.149261539533931,-0.5946912241304165,25.699067909454055,down,0.0
RBI,E13,POST_30,DXY_BROAD,complete,2026-07-07,2026-08-19,31,120.8145,118.3328,-2.0541408522983478,-0.0207553176550037,%,31,3.871526253868524,0.0,0.0,,,751.0,0.0221186009677243,1.6788845896104991,-1.2494294924422689,11.051930758988016,down,0.0
RBI,E13,POST_30,VIX,complete,2026-07-07,2026-08-19,31,16.13,14.89,-7.687538747675127,-0.0799910454411997,%,31,111.26360872868696,0.0,0.0,,,,,,,,down,
RBI,E13,POST_30,UST10Y,complete,2026-07-07,2026-08-19,31,4.55,4.65,0.1000000000000005,,pp,31,,0.0,0.0,,,,,,,,up,
RBI,E13,POST_30,FFR_UPPER,complete,2026-07-07,2026-08-19,31,3.75,3.75,0.0,,pp,31,,0.0,0.0,,,,,,,,,
RBI,E13,POST_30,IN_REPO,complete,2026-07-07,2026-08-19,31,5.25,5.25,0.0,,pp,31,,214.0,257.0,,,,,,,,,
RBI,E13,POST_90,USDINR,partial,2026-07-07,2026-09-29,58,95.3138,96.0321,0.7536159506807971,0.0075079045239964,%,58,3.4116167877803494,0.0,0.0,-0.7479790611680914,1.154643972979441,,,,,,INR weakened,
RBI,E13,POST_90,BRENT,no_data,2026-07-07,2026-09-29,58,71.78,,,,%,56,70.92700371751766,0.0,,,,,,,,,,
RBI,E13,POST_90,GOLD_USD,partial,2026-07-07,2026-09-29,58,4124.15,4139.0,0.3600741971072851,0.0035942748194153,%,58,22.85727169230347,0.0,0.0,,,,,,,,up,
RBI,E13,POST_90,NIFTY50,partial,2026-07-07,2026-09-29,58,24398.7,22716.2,-6.895859205613409,-0.0714515258478778,%,58,10.580232813579824,0.0,0.0,,,,,,,,down,
RBI,E13,POST_90,DXY_BROAD,partial,2026-07-07,2026-09-29,58,120.8145,120.33,-0.401028022298644,-0.0040183429598284,%,58,3.761491367111085,0.0,4.0,,,,,,,,down,
RBI,E13,POST_90,VIX,partial,2026-07-07,2026-09-29,58,16.13,16.07,-0.3719776813391084,-0.0037267123876961,%,58,105.4975897576015,0.0,1.0,,,,,,,,down,
RBI,E13,POST_90,UST10Y,partial,2026-07-07,2026-09-29,58,4.55,5.24,0.6900000000000004,,pp,58,,0.0,1.0,,,,,,,,up,
RBI,E13,POST_90,FFR_UPPER,partial,2026-07-07,2026-09-29,58,3.75,4.0,0.25,,pp,58,,0.0,0.0,,,,,,,,up,
RBI,E13,POST_90,IN_REPO,partial,2026-07-07,2026-09-29,58,5.25,5.25,0.0,,pp,58,,214.0,298.0,,,,,,,,,
FRED,E01,PRE_30,USDINR,complete,2014-01-16,2014-02-28,29,61.54,61.78,0.3899902502437546,0.0038923175965399,%,29,7.3115095547837345,0.0,0.0,-0.388475234703789,0.5621730051043827,233.0,1.6962449599650764,3.967980731532284,-0.3258049105753275,38.62660944206009,INR weakened,0.0
FRED,E01,PRE_30,BRENT,complete,2014-01-16,2014-02-28,29,107.46,108.98,1.4144798064396058,0.0140456938542768,%,29,12.16049913674968,0.0,0.0,,,233.0,-0.5408769465275909,4.940301475846088,0.3940881698683478,62.231759656652365,up,0.0
FRED,E01,PRE_30,GOLD_USD,complete,2014-01-16,2014-02-28,29,1237.25,1327.75,7.314609011921602,0.0705946054705131,%,29,9.530546773739507,0.0,0.0,,,233.0,-3.7768361863995015,5.417838837908075,2.0136197836903467,96.137339055794,up,1.0
FRED,E01,PRE_30,NIFTY50,complete,2014-01-16,2014-02-28,29,6318.9,6276.95,-0.6638813717577352,-0.0066609486622732,%,29,12.913700596934593,0.0,0.0,,,233.0,0.4913911088263223,5.2276269979991365,-0.2211868960804801,43.34763948497854,down,0.0
FRED,E01,PRE_30,DXY_BROAD,complete,2014-01-16,2014-02-28,29,94.5507,94.3879,-0.172182754860628,-0.0017233115974219,%,29,2.759127704741496,0.0,0.0,,,233.0,0.3772639946135747,1.1154153936508016,-0.4920904818648058,27.896995708154503,down,0.0
FRED,E01,PRE_30,VIX,complete,2014-01-16,2014-02-28,29,12.53,14.0,11.73184357541901,0.1109315607072818,%,29,135.71714956606922,0.0,0.0,,,,,,,,up,
FRED,E01,PRE_30,UST10Y,complete,2014-01-16,2014-02-28,29,2.86,2.66,-0.1999999999999997,,pp,29,,0.0,0.0,,,,,,,,down,
FRED,E01,PRE_30,FFR_UPPER,complete,2014-01-16,2014-02-28,29,0.25,0.25,0.0,,pp,29,,0.0,0.0,,,,,,,,,
FRED,E01,PRE_30,IN_REPO,complete,2014-01-16,2014-02-28,29,7.75,8.0,0.25,,pp,29,,79.0,31.0,,,,,,,,up,
FRED,E01,PRE_14,USDINR,complete,2014-02-10,2014-02-28,13,62.44,61.78,-1.0570147341447789,-0.0106264081567956,%,13,6.254345189493337,0.0,0.0,1.0683068954354002,-0.7075596623481228,265.0,0.6632531936709984,2.7003851214301373,-0.6383179010881624,20.75471698113208,INR strengthened,0.0
FRED,E01,PRE_14,BRENT,complete,2014-02-10,2014-02-28,13,110.18,108.98,-1.08912688328191,-0.0109510128896182,%,13,10.788213413034274,0.0,0.0,,,265.0,-0.155020197195399,3.8357925672516737,-0.2450499589475877,37.35849056603773,down,0.0
FRED,E01,PRE_14,GOLD_USD,complete,2014-02-10,2014-02-28,13,1273.5,1327.75,4.259913623871214,0.0417167648829967,%,13,8.840389212688473,0.0,0.0,,,265.0,-1.3854865348755907,4.461223844919144,1.2478303408025488,90.9433962264151,up,0.0
FRED,E01,PRE_14,NIFTY50,complete,2014-02-10,2014-02-28,13,6053.45,6276.95,3.692109458242809,0.0362558362679455,%,13,11.802009103934752,0.0,0.0,,,265.0,0.0773529061247613,3.886860464650951,0.9128860309961911,82.26415094339623,up,0.0
FRED,E01,PRE_14,DXY_BROAD,complete,2014-02-10,2014-02-28,13,94.7189,94.3879,-0.349455071796656,-0.0035006709227306,%,13,3.393601752306108,0.0,0.0,,,265.0,0.2209799229245579,0.957959568494168,-0.5958531366469115,27.92452830188679,down,0.0
FRED,E01,PRE_14,VIX,complete,2014-02-10,2014-02-28,13,15.26,14.0,-8.25688073394495,-0.0861776962410522,%,13,71.73168009167976,0.0,0.0,,,,,,,,down,
FRED,E01,PRE_14,UST10Y,complete,2014-02-10,2014-02-28,13,2.7,2.66,-0.04,,pp,13,,0.0,0.0,,,,,,,,down,
FRED,E01,PRE_14,FFR_UPPER,complete,2014-02-10,2014-02-28,13,0.25,0.25,0.0,,pp,13,,0.0,0.0,,,,,,,,,
FRED,E01,PRE_14,IN_REPO,complete,2014-02-10,2014-02-28,13,8.0,8.0,0.0,,pp,13,,13.0,31.0,,,,,,,,,
FRED,E01,PRE_7,USDINR,complete,2014-02-20,2014-02-28,6,62.21,61.78,-0.6912072014145676,-0.0069360710364928,%,6,4.012479093590498,0.0,0.0,0.6960181288442779,-0.4068122643205774,279.0,0.2708494237005032,1.714918411178502,-0.5621785765335454,25.806451612903224,INR strengthened,0.0
FRED,E01,PRE_7,BRENT,complete,2014-02-20,2014-02-28,6,109.42,108.98,-0.4021202705172699,-0.0040293094807275,%,6,9.04289673508184,0.0,0.0,,,279.0,-0.0678268017803462,2.5879980744448026,-0.1294750320023386,41.57706093189964,down,0.0
FRED,E01,PRE_7,GOLD_USD,complete,2014-02-20,2014-02-28,6,1313.75,1327.75,1.0656517602283475,0.0106001371113475,%,6,9.407758726969144,0.0,0.0,,,279.0,-0.5175950770428428,3.128054190941143,0.5047716105083799,68.45878136200717,up,0.0
FRED,E01,PRE_7,NIFTY50,complete,2014-02-20,2014-02-28,6,6091.45,6276.95,3.0452519515058007,0.0299980450952841,%,6,5.723066610824431,0.0,0.0,,,279.0,0.0310476224174127,2.68740763023966,1.1046934869434557,87.45519713261649,up,0.0
FRED,E01,PRE_7,DXY_BROAD,complete,2014-02-20,2014-02-28,6,94.6571,94.3879,-0.2843949370939902,-0.0028480010786765,%,6,3.6721574453723074,0.0,0.0,,,279.0,0.081570606524961,0.6636062207113449,-0.5520404303343417,29.39068100358423,down,0.0
FRED,E01,PRE_7,VIX,complete,2014-02-20,2014-02-28,6,14.79,14.0,-5.341446923597015,-0.0548939471074497,%,6,50.081889255164015,0.0,0.0,,,,,,,,down,
FRED,E01,PRE_7,UST10Y,complete,2014-02-20,2014-02-28,6,2.76,2.66,-0.0999999999999996,,pp,6,,0.0,0.0,,,,,,,,down,
FRED,E01,PRE_7,FFR_UPPER,complete,2014-02-20,2014-02-28,6,0.25,0.25,0.0,,pp,6,,0.0,0.0,,,,,,,,,
FRED,E01,PRE_7,IN_REPO,complete,2014-02-20,2014-02-28,6,8.0,8.0,0.0,,pp,6,,23.0,31.0,,,,,,,,,
FRED,E01,EVENT,USDINR,complete,2014-02-28,2014-03-03,1,61.78,62.17,0.6312722563936557,0.0062928807908105,%,1,,0.0,0.0,-0.627312208460673,0.6312722563936557,290.0,0.0449568013827228,0.7652860578998951,0.7635594222689767,85.86206896551725,INR weakened,0.0
FRED,E01,EVENT,BRENT,complete,2014-02-28,2014-03-03,1,108.98,111.26,2.0921269957790534,0.0207054254921949,%,1,,0.0,0.0,,,290.0,-0.0124290319256648,1.075803301399692,1.936201860417477,97.58620689655172,up,0.0
FRED,E01,EVENT,GOLD_USD,complete,2014-02-28,2014-03-03,1,1327.75,1344.25,1.2427038222556863,0.0123504563872788,%,1,,0.0,0.0,,,290.0,-0.081415278341268,1.2394105629092746,1.0621936884386622,90.6896551724138,up,0.0
FRED,E01,EVENT,NIFTY50,complete,2014-02-28,2014-03-03,1,6276.95,6221.45,-0.8841873840001901,-0.0088811951608681,%,1,,0.0,0.0,,,290.0,0.0159496710573803,1.0861108001869484,-0.8323901347484804,16.896551724137932,down,0.0
FRED,E01,EVENT,DXY_BROAD,complete,2014-02-28,2014-03-03,1,94.3879,94.3879,0.0,0.0,%,1,,0.0,3.0,,,290.0,0.0137666653041712,0.2567171373012599,-0.0536221225059976,47.93103448275862,,0.0
FRED,E01,EVENT,VIX,complete,2014-02-28,2014-03-03,1,14.0,16.0,14.28571428571428,0.1335313926245225,%,1,,0.0,0.0,,,,,,,,up,
FRED,E01,EVENT,UST10Y,complete,2014-02-28,2014-03-03,1,2.66,2.6,-0.06,,pp,1,,0.0,0.0,,,,,,,,down,
FRED,E01,EVENT,FFR_UPPER,complete,2014-02-28,2014-03-03,1,0.25,0.25,0.0,,pp,1,,0.0,0.0,,,,,,,,,
FRED,E01,EVENT,IN_REPO,complete,2014-02-28,2014-03-03,1,8.0,8.0,0.0,,pp,1,,31.0,34.0,,,,,,,,,
FRED,E01,POST_7,USDINR,complete,2014-02-28,2014-03-12,8,61.78,61.01,-1.2463580446746558,-0.0125419023266746,%,8,10.807982497946483,0.0,0.0,1.2620881822652086,-1.3248638701035542,283.0,0.3565900925094789,2.0239843536949085,-0.7955328543727692,16.607773851590103,INR strengthened,0.0
FRED,E01,POST_7,BRENT,complete,2014-02-28,2014-03-12,8,108.98,107.88,-1.0093595155074353,-0.010144880883423,%,8,19.54822224513697,0.0,0.0,,,283.0,-0.0819931114409477,2.9862185556681617,-0.3122548891788993,38.16254416961131,down,0.0
FRED,E01,POST_7,GOLD_USD,complete,2014-02-28,2014-03-12,8,1327.75,1355.75,2.1088307286763364,0.0208690264186615,%,8,13.240654774292482,0.0,0.0,,,283.0,-0.6349875227689372,3.65790643041985,0.7446649709327967,76.32508833922262,up,0.0
FRED,E01,POST_7,NIFTY50,complete,2014-02-28,2014-03-12,8,6276.95,6516.9,3.8227164466819055,0.0375146090338451,%,8,14.709353515992872,0.0,0.0,,,283.0,0.0951076424479557,3.0381117130503834,1.2035102079665347,90.1060070671378,up,0.0
FRED,E01,POST_7,DXY_BROAD,complete,2014-02-28,2014-03-12,8,94.3879,94.462,0.0785058254288983,0.0007847502572442,%,8,4.179570463160288,0.0,0.0,,,283.0,0.1128037654448466,0.7498083562000584,-0.045698562566812,49.46996466431096,up,0.0
FRED,E01,POST_7,VIX,complete,2014-02-28,2014-03-12,8,14.0,14.47,3.3571428571428585,0.0330202110281338,%,8,114.9908977795784,0.0,0.0,,,,,,,,up,
FRED,E01,POST_7,UST10Y,complete,2014-02-28,2014-03-12,8,2.66,2.73,0.0699999999999998,,pp,8,,0.0,0.0,,,,,,,,up,
FRED,E01,POST_7,FFR_UPPER,complete,2014-02-28,2014-03-12,8,0.25,0.25,0.0,,pp,8,,0.0,0.0,,,,,,,,,
FRED,E01,POST_7,IN_REPO,complete,2014-02-28,2014-03-12,8,8.0,8.0,0.0,,pp,8,,31.0,43.0,,,,,,,,,
FRED,E01,POST_14,USDINR,complete,2014-02-28,2014-03-21,15,61.78,60.9,-1.4244091939138892,-0.0143465127745843,%,15,8.875495155547867,0.0,0.0,1.4449917898193831,-1.9189641103809276,276.0,0.7141070404742988,2.8490189074090693,-0.753319201211619,16.304347826086957,INR strengthened,0.0
FRED,E01,POST_14,BRENT,complete,2014-02-28,2014-03-21,15,108.98,107.2,-1.6333272160029333,-0.0164681305182506,%,15,16.236810167377307,0.0,0.0,,,276.0,-0.1404601716549769,3.936208685791121,-0.3826662310459413,31.521739130434785,down,0.0
FRED,E01,POST_14,GOLD_USD,complete,2014-02-28,2014-03-21,15,1327.75,1338.5,0.8096403690453835,0.0080638036578987,%,15,15.152392678661636,0.0,0.0,,,276.0,-1.324258099982667,4.784756740332723,0.4471460236020802,65.94202898550725,up,0.0
FRED,E01,POST_14,NIFTY50,complete,2014-02-28,2014-03-21,15,6276.95,6493.2,3.445144536757505,0.0338712817395406,%,15,11.725101554335474,0.0,0.0,,,276.0,0.1065414578113932,4.070190626793247,0.8060171456536163,81.52173913043478,up,0.0
FRED,E01,POST_14,DXY_BROAD,complete,2014-02-28,2014-03-21,15,94.3879,94.8547,0.4945549164670382,0.0049333601076019,%,15,4.304139434944189,0.0,0.0,,,276.0,0.2221377266066415,0.9849449899738948,0.2755937113153234,63.40579710144928,up,0.0
FRED,E01,POST_14,VIX,complete,2014-02-28,2014-03-21,15,14.0,15.0,7.14285714285714,0.0689928714869514,%,15,123.92538238829428,0.0,0.0,,,,,,,,up,
FRED,E01,POST_14,UST10Y,complete,2014-02-28,2014-03-21,15,2.66,2.75,0.0899999999999998,,pp,15,,0.0,0.0,,,,,,,,up,
FRED,E01,POST_14,FFR_UPPER,complete,2014-02-28,2014-03-21,15,0.25,0.25,0.0,,pp,15,,0.0,0.0,,,,,,,,,
FRED,E01,POST_14,IN_REPO,complete,2014-02-28,2014-03-21,15,8.0,8.0,0.0,,pp,15,,31.0,52.0,,,,,,,,,
FRED,E01,POST_30,USDINR,complete,2014-02-28,2014-04-14,31,61.78,60.32,-2.363224344448045,-0.023915963790735,%,31,7.392487661933285,0.0,0.0,2.420424403183019,-1.74524259043084,260.0,1.7004999034061052,3.8744127214595,-1.052494900459881,8.076923076923077,INR strengthened,0.0
FRED,E01,POST_30,BRENT,complete,2014-02-28,2014-04-14,31,108.98,107.68,-1.19287942741787,-0.0120005132585345,%,31,16.30206542986626,0.0,0.0,,,260.0,-0.5872354611802466,4.851854417476558,-0.125948720758085,44.230769230769226,down,0.0
FRED,E01,POST_30,GOLD_USD,complete,2014-02-28,2014-04-14,31,1327.75,1324.5,-0.2447749952927846,-0.0024507505903841,%,31,13.137841222000851,0.0,0.0,,,260.0,-3.125816298572781,6.052952785069795,0.4841665730456847,70.76923076923077,down,0.0
FRED,E01,POST_30,NIFTY50,complete,2014-02-28,2014-04-14,31,6276.95,6776.3,7.955296760369301,0.0765470365625909,%,31,10.27564445376346,0.0,3.0,,,260.0,0.3067978106748859,5.072007840514203,1.4488099665387686,91.15384615384616,up,0.0
FRED,E01,POST_30,DXY_BROAD,complete,2014-02-28,2014-04-14,31,94.3879,93.8046,-0.617981754017205,-0.0061989916483963,%,31,3.712068647278696,0.0,0.0,,,260.0,0.4862622147622675,1.1328852909898215,-0.9753705448658252,17.307692307692307,down,0.0
FRED,E01,POST_30,VIX,complete,2014-02-28,2014-04-14,31,14.0,16.11,15.07142857142856,0.1403828675736242,%,31,111.85529605487903,0.0,0.0,,,,,,,,up,
FRED,E01,POST_30,UST10Y,complete,2014-02-28,2014-04-14,31,2.66,2.65,-0.0100000000000002,,pp,31,,0.0,0.0,,,,,,,,down,
FRED,E01,POST_30,FFR_UPPER,complete,2014-02-28,2014-04-14,31,0.25,0.25,0.0,,pp,31,,0.0,0.0,,,,,,,,,
FRED,E01,POST_30,IN_REPO,complete,2014-02-28,2014-04-14,31,8.0,8.0,0.0,,pp,31,,31.0,76.0,,,,,,,,,
FRED,E01,POST_90,USDINR,complete,2014-02-28,2014-07-09,91,61.78,59.75,-3.285853026869534,-0.0334104966788155,%,91,6.627495243707856,0.0,0.0,3.3974895397489657,-2.0569878863165525,200.0,6.352364938574073,6.501803072465648,-1.461103763788152,5.5,INR strengthened,0.0
FRED,E01,POST_90,BRENT,complete,2014-02-28,2014-07-09,91,108.98,106.84,-1.9636630574417333,-0.0198319909131921,%,91,13.297435280019435,0.0,0.0,,,200.0,-0.0367855216426904,7.043538469429556,-0.2763393442928765,30.5,down,0.0
FRED,E01,POST_90,GOLD_USD,complete,2014-02-28,2014-07-09,91,1327.75,1322.5,-0.3954057616268103,-0.003961895570054,%,91,11.872439946549605,0.0,0.0,,,200.0,-9.586310339947357,8.571987504090297,1.1294066883101228,86.0,down,0.0
FRED,E01,POST_90,NIFTY50,complete,2014-02-28,2014-07-09,91,6276.95,7585.0,20.83894248002613,0.1892884190854834,%,91,13.232894604933138,0.0,0.0,,,200.0,2.435917302037094,5.604888632682521,2.947805208870069,100.0,up,1.0
FRED,E01,POST_90,DXY_BROAD,complete,2014-02-28,2014-07-09,91,94.3879,93.228,-1.2288651405529816,-0.0123647812135718,%,91,2.689768625129156,0.0,0.0,,,200.0,1.0238428784711928,1.345764778152328,-1.6757127751319547,4.5,down,0.0
FRED,E01,POST_90,VIX,complete,2014-02-28,2014-07-09,91,14.0,11.65,-16.78571428571428,-0.183751149603549,%,91,87.10726194897421,0.0,0.0,,,,,,,,down,
FRED,E01,POST_90,UST10Y,complete,2014-02-28,2014-07-09,91,2.66,2.57,-0.0900000000000003,,pp,91,,0.0,0.0,,,,,,,,down,
FRED,E01,POST_90,FFR_UPPER,complete,2014-02-28,2014-07-09,91,0.25,0.25,0.0,,pp,91,,0.0,0.0,,,,,,,,,
FRED,E01,POST_90,IN_REPO,complete,2014-02-28,2014-07-09,91,8.0,8.0,0.0,,pp,91,,31.0,162.0,,,,,,,,,
FRED,E02,PRE_30,USDINR,complete,2016-08-17,2016-09-28,29,66.96,66.5,-0.6869772998805201,-0.0068934785194113,%,29,4.135321091629549,0.0,0.0,0.6917293233082544,-2.203392056982856,751.0,0.4034058931239759,2.3586829418728983,-0.4629457506986855,26.63115845539281,INR strengthened,0.0
FRED,E02,PRE_30,BRENT,complete,2016-08-17,2016-09-28,29,48.58,45.49,-6.360642239604763,-0.0657194019921136,%,29,37.62492678656098,0.0,0.0,,,751.0,-3.447333285709797,13.96561413477545,-0.2193805745706996,35.01997336884155,down,0.0
FRED,E02,PRE_30,GOLD_USD,complete,2016-08-17,2016-09-28,29,1342.75,1324.8,-1.3368087879352064,-0.0134582451545734,%,29,9.620503445968035,0.0,0.0,,,751.0,0.08781734942227,4.929054326772943,-0.2908475405146575,39.01464713715047,down,0.0
FRED,E02,PRE_30,NIFTY50,complete,2016-08-17,2016-09-28,29,8624.05,8745.15,1.4042126379137487,0.0139444490586331,%,29,11.174801237556004,0.0,0.0,,,751.0,1.5318644505300627,4.9152113051875626,-0.0255950265975886,45.13981358189081,up,0.0
FRED,E02,PRE_30,DXY_BROAD,complete,2016-08-17,2016-09-28,29,110.9459,112.6283,1.5164147571023356,0.0150503211630495,%,29,5.859239478384755,0.0,0.0,,,751.0,0.7031780789789943,1.6510110177559496,0.4871650138872864,66.3115845539281,up,0.0
FRED,E02,PRE_30,VIX,complete,2016-08-17,2016-09-28,29,12.19,12.39,1.6406890894175683,0.016273752147871,%,29,163.47152395608776,0.0,0.0,,,,,,,,up,
FRED,E02,PRE_30,UST10Y,complete,2016-08-17,2016-09-28,29,1.56,1.57,0.01,,pp,29,,0.0,0.0,,,,,,,,up,
FRED,E02,PRE_30,FFR_UPPER,complete,2016-08-17,2016-09-28,29,0.5,0.5,0.0,,pp,29,,0.0,0.0,,,,,,,,,
FRED,E02,PRE_30,IN_REPO,complete,2016-08-17,2016-09-28,29,6.5,6.5,0.0,,pp,29,,134.0,176.0,,,,,,,,,
FRED,E02,PRE_14,USDINR,complete,2016-09-09,2016-09-28,13,66.76,66.5,-0.3894547633313427,-0.0039021511318259,%,13,4.242208543402608,0.0,0.0,0.3909774436090307,-0.9613022575695628,751.0,0.0321702535964307,1.424991478478053,-0.2964089256965844,34.22103861517976,INR strengthened,0.0
FRED,E02,PRE_14,BRENT,complete,2016-09-09,2016-09-28,13,48.37,45.49,-5.954103783336773,-0.061387265252979,%,13,29.96674986605478,0.0,0.0,,,751.0,-1.5027608988589458,8.768584294974293,-0.5274009585169256,23.169107856191744,down,0.0
FRED,E02,PRE_14,GOLD_USD,complete,2016-09-09,2016-09-28,13,1335.65,1324.8,-0.8123385617489709,-0.0081565600959724,%,13,7.310822489552825,0.0,0.0,,,751.0,-0.0783946505790278,3.3748692296327216,-0.2184471646692726,40.74567243675099,down,0.0
FRED,E02,PRE_14,NIFTY50,complete,2016-09-09,2016-09-28,13,8866.7,8745.15,-1.3708595080469732,-0.0138034255288512,%,13,11.46060669581335,0.0,0.0,,,751.0,0.7983519231155256,3.417364516179767,-0.6366088537606136,23.56857523302264,down,0.0
FRED,E02,PRE_14,DXY_BROAD,complete,2016-09-09,2016-09-28,13,111.9879,112.6283,0.5718474942382201,0.0057021865316264,%,13,5.122396319586513,0.0,0.0,,,751.0,0.2906230309405178,1.1072719774155784,0.2528891909356932,59.92010652463382,up,0.0
FRED,E02,PRE_14,VIX,complete,2016-09-09,2016-09-28,13,17.5,12.39,-29.199999999999992,-0.3453111852884172,%,13,170.1181410048165,0.0,0.0,,,,,,,,down,
FRED,E02,PRE_14,UST10Y,complete,2016-09-09,2016-09-28,13,1.67,1.57,-0.0999999999999998,,pp,13,,0.0,0.0,,,,,,,,down,
FRED,E02,PRE_14,FFR_UPPER,complete,2016-09-09,2016-09-28,13,0.5,0.5,0.0,,pp,13,,0.0,0.0,,,,,,,,,
FRED,E02,PRE_14,IN_REPO,complete,2016-09-09,2016-09-28,13,6.5,6.5,0.0,,pp,13,,157.0,176.0,,,,,,,,,
FRED,E02,PRE_7,USDINR,complete,2016-09-20,2016-09-28,6,66.97,66.5,-0.7018067791548455,-0.0070428102601503,%,6,3.874919419667988,0.0,0.0,0.7067669172932334,-0.2101329855005773,751.0,0.0507780963588277,0.8771940680306691,-0.860751642286173,17.177097203728362,INR strengthened,0.0
FRED,E02,PRE_7,BRENT,complete,2016-09-20,2016-09-28,6,45.24,45.49,0.5526083112290081,0.005510870333993,%,6,35.683711923656844,0.0,0.0,,,751.0,-0.7022411382228033,5.785862787759271,0.2170472296719585,61.784287616511314,up,0.0
FRED,E02,PRE_7,GOLD_USD,complete,2016-09-20,2016-09-28,6,1315.4,1324.8,0.7146115250113994,0.0071207027637445,%,6,9.297243960761602,0.0,0.0,,,751.0,-0.004128178100704,2.183407473807426,0.3280187268196322,63.51531291611185,up,0.0
FRED,E02,PRE_7,NIFTY50,complete,2016-09-20,2016-09-28,6,8775.9,8745.15,-0.3503914128465402,-0.0035100672130332,%,6,12.20108946191789,0.0,0.0,,,751.0,0.3124115914601599,2.3521660254350474,-0.281838660450175,37.017310252996005,down,0.0
FRED,E02,PRE_7,DXY_BROAD,complete,2016-09-20,2016-09-28,6,113.1848,112.6283,-0.4916737936542681,-0.0049288648587728,%,6,5.478493535434863,0.0,0.0,,,751.0,0.153606284426444,0.7468405394666592,-0.8654791516593752,18.10918774966711,down,0.0
FRED,E02,PRE_7,VIX,complete,2016-09-20,2016-09-28,6,15.92,12.39,-22.17336683417085,-0.2506864847751858,%,6,192.2733021572249,0.0,0.0,,,,,,,,down,
FRED,E02,PRE_7,UST10Y,complete,2016-09-20,2016-09-28,6,1.69,1.57,-0.1199999999999998,,pp,6,,0.0,0.0,,,,,,,,down,
FRED,E02,PRE_7,FFR_UPPER,complete,2016-09-20,2016-09-28,6,0.5,0.5,0.0,,pp,6,,0.0,0.0,,,,,,,,,
FRED,E02,PRE_7,IN_REPO,complete,2016-09-20,2016-09-28,6,6.5,6.5,0.0,,pp,6,,168.0,176.0,,,,,,,,,
FRED,E02,EVENT,USDINR,complete,2016-09-28,2016-09-29,1,66.5,66.72,0.3308270676691816,0.0033028103886829,%,1,,0.0,0.0,-0.329736211031173,0.6330601653897427,751.0,0.0080903684538613,0.3917721953211396,0.8223937316505672,83.3555259653795,INR weakened,0.0
FRED,E02,EVENT,BRENT,complete,2016-09-28,2016-09-29,1,45.49,48.43,6.462958892064186,0.062626934833225,%,1,,0.0,0.0,,,751.0,-0.1148805464394553,2.239641075308129,2.847617030405586,98.66844207723037,up,1.0
FRED,E02,EVENT,GOLD_USD,complete,2016-09-28,2016-09-29,1,1324.8,1320.85,-0.2981582125603954,-0.002986035896649,%,1,,0.0,0.0,,,751.0,-0.0010960562045636,0.8723031042621658,-0.341059805932075,36.085219707057256,down,0.0
FRED,E02,EVENT,NIFTY50,complete,2016-09-28,2016-09-29,1,8745.15,8591.25,-1.7598325929229277,-0.0177550175284443,%,1,,0.0,0.0,,,751.0,0.0561887761730162,0.9215045863537078,-1.98770008978807,3.062583222370173,down,0.0
FRED,E02,EVENT,DXY_BROAD,complete,2016-09-28,2016-09-29,1,112.6283,112.2879,-0.3022330977205612,-0.0030269074428622,%,1,,0.0,0.0,,,751.0,0.0256153407595327,0.3225787718396363,-1.0177446054655106,12.51664447403462,down,0.0
FRED,E02,EVENT,VIX,complete,2016-09-28,2016-09-29,1,12.39,14.02,13.155770782889409,0.1235951859653927,%,1,,0.0,0.0,,,,,,,,up,
FRED,E02,EVENT,UST10Y,complete,2016-09-28,2016-09-29,1,1.57,1.56,-0.01,,pp,1,,0.0,0.0,,,,,,,,down,
FRED,E02,EVENT,FFR_UPPER,complete,2016-09-28,2016-09-29,1,0.5,0.5,0.0,,pp,1,,0.0,0.0,,,,,,,,,
FRED,E02,EVENT,IN_REPO,complete,2016-09-28,2016-09-29,1,6.5,6.5,0.0,,pp,1,,176.0,177.0,,,,,,,,,
FRED,E02,POST_7,USDINR,complete,2016-09-28,2016-10-11,8,66.5,66.81,0.4661654135338366,0.0046508222755775,%,8,3.357807381596988,0.0,0.0,-0.4640023948510707,-0.2599398371003314,751.0,0.0732749284495737,0.9907667508347612,0.3954857505529301,67.11051930758988,INR weakened,0.0
FRED,E02,POST_7,BRENT,complete,2016-09-28,2016-10-11,8,45.49,50.48,10.969443833809622,0.1040846966510449,%,8,33.27967110991351,0.0,0.0,,,751.0,-0.915081696829778,6.758307879478717,1.6761242836664807,94.94007989347536,up,0.0
FRED,E02,POST_7,GOLD_USD,complete,2016-09-28,2016-10-11,8,1324.8,1256.4,-5.163043478260865,-0.0530110159665037,%,8,15.218463080012851,0.0,0.0,,,751.0,-0.0051143740611214,2.5854063324003955,-2.048415765611463,1.7310252996005324,down,1.0
FRED,E02,POST_7,NIFTY50,complete,2016-09-28,2016-10-11,8,8745.15,8708.8,-0.415658965255028,-0.0041652522843237,%,8,14.356797165032692,0.0,1.0,,,751.0,0.4236594408992156,2.6637055543139496,-0.3150835339337378,35.685752330226364,down,0.0
FRED,E02,POST_7,DXY_BROAD,complete,2016-09-28,2016-10-11,8,112.6283,113.4461,0.7261052506341681,0.0072348179815537,%,8,2.796498731327679,0.0,0.0,,,751.0,0.2080516758539818,0.837470024922133,0.6157190523072597,74.83355525965379,up,0.0
FRED,E02,POST_7,VIX,complete,2016-09-28,2016-10-11,8,12.39,15.36,23.970944309927344,0.2148770320784749,%,8,111.73137300835305,0.0,0.0,,,,,,,,up,
FRED,E02,POST_7,UST10Y,complete,2016-09-28,2016-10-11,8,1.57,1.77,0.1999999999999999,,pp,8,,0.0,0.0,,,,,,,,up,
FRED,E02,POST_7,FFR_UPPER,complete,2016-09-28,2016-10-11,8,0.5,0.5,0.0,,pp,8,,0.0,0.0,,,,,,,,,
FRED,E02,POST_7,IN_REPO,complete,2016-09-28,2016-10-11,8,6.5,6.25,-0.25,,pp,8,,176.0,7.0,,,,,,,,down,
FRED,E02,POST_14,USDINR,complete,2016-09-28,2016-10-20,15,66.5,66.83,0.4962406015037501,0.0049501338611702,%,15,3.046422678131512,0.0,0.0,-0.4937902139757533,-0.1918635428365345,751.0,0.1232367890461771,1.337439871189093,0.2780330385551322,59.38748335552596,INR weakened,0.0
FRED,E02,POST_14,BRENT,complete,2016-09-28,2016-10-20,15,45.49,50.42,10.837546713563428,0.1028954001778611,%,15,34.87767306951714,0.0,0.0,,,751.0,-1.7103195229849488,9.427326324462046,1.274449831017239,89.61384820239681,up,0.0
FRED,E02,POST_14,GOLD_USD,complete,2016-09-28,2016-10-20,15,1324.8,1269.2,-4.196859903381633,-0.0428747239219546,%,15,13.263082191960528,0.0,0.0,,,751.0,-0.0070892450038329,3.5582795325638976,-1.2029360978305643,12.383488681757656,down,0.0
FRED,E02,POST_14,NIFTY50,complete,2016-09-28,2016-10-20,15,8745.15,8699.4,-0.5231471158299139,-0.0052452032170562,%,15,14.915735276959072,0.0,0.0,,,751.0,0.8015465507412944,3.4841104820533686,-0.37968702720438,34.0878828229028,down,0.0
FRED,E02,POST_14,DXY_BROAD,complete,2016-09-28,2016-10-20,15,112.6283,113.4033,0.6881041443402847,0.0068574751231829,%,15,3.2558357283187878,0.0,0.0,,,751.0,0.3789974422828468,1.162626123900582,0.2644585817706888,59.254327563249,up,0.0
FRED,E02,POST_14,VIX,complete,2016-09-28,2016-10-20,15,12.39,13.75,10.97659402744149,0.1041491284715292,%,15,98.24105730369736,0.0,0.0,,,,,,,,up,
FRED,E02,POST_14,UST10Y,complete,2016-09-28,2016-10-20,15,1.57,1.76,0.1899999999999999,,pp,15,,0.0,0.0,,,,,,,,up,
FRED,E02,POST_14,FFR_UPPER,complete,2016-09-28,2016-10-20,15,0.5,0.5,0.0,,pp,15,,0.0,0.0,,,,,,,,,
FRED,E02,POST_14,IN_REPO,complete,2016-09-28,2016-10-20,15,6.5,6.25,-0.25,,pp,15,,176.0,16.0,,,,,,,,down,
FRED,E02,POST_30,USDINR,complete,2016-09-28,2016-11-14,31,66.5,67.78,1.924812030075196,0.0190652185170969,%,31,5.00029220896014,0.0,0.0,-1.8884626733549736,-2.156045090204528,751.0,0.1802690651042215,1.9549018865790808,0.8831210855785144,83.75499334221038,INR weakened,0.0
FRED,E02,POST_30,BRENT,complete,2016-09-28,2016-11-14,31,45.49,41.83,-8.04572433501869,-0.0838787361278057,%,31,33.43509270612646,0.0,0.0,,,751.0,-3.502733735929397,14.673015696855243,-0.3286524747873416,31.55792276964048,down,0.0
FRED,E02,POST_30,GOLD_USD,complete,2016-09-28,2016-11-14,31,1324.8,1222.6,-7.714371980676327,-0.0802817660363702,%,31,18.51390711229592,0.0,0.0,,,751.0,-0.0911262191998329,4.952613481897513,-1.6025899998592594,5.992010652463383,down,0.0
FRED,E02,POST_30,NIFTY50,complete,2016-09-28,2016-11-14,31,8745.15,8296.3,-5.132559189951003,-0.0526896287029397,%,31,14.74228730003522,0.0,3.0,,,751.0,1.8128830011770347,4.791147060489426,-1.4747218151856416,8.5219707057257,down,0.0
FRED,E02,POST_30,DXY_BROAD,complete,2016-09-28,2016-11-14,31,112.6283,117.2245,4.080857120279724,0.0399978833886263,%,31,6.102397144145099,0.0,0.0,,,751.0,0.7352714737412169,1.739309184559009,1.8784508454764008,98.66844207723037,up,0.0
FRED,E02,POST_30,VIX,complete,2016-09-28,2016-11-14,31,12.39,14.48,16.868442292171103,0.1558786913165192,%,31,130.50228084311308,0.0,0.0,,,,,,,,up,
FRED,E02,POST_30,UST10Y,complete,2016-09-28,2016-11-14,31,1.57,2.23,0.6599999999999999,,pp,31,,0.0,0.0,,,,,,,,up,
FRED,E02,POST_30,FFR_UPPER,complete,2016-09-28,2016-11-14,31,0.5,0.5,0.0,,pp,31,,0.0,0.0,,,,,,,,,
FRED,E02,POST_30,IN_REPO,complete,2016-09-28,2016-11-14,31,6.5,6.25,-0.25,,pp,31,,176.0,41.0,,,,,,,,down,
FRED,E02,POST_90,USDINR,complete,2016-09-28,2017-02-13,91,66.5,66.99,0.7368421052631469,0.0073414068583676,%,91,5.010768196430695,0.0,0.0,-0.7314524555903756,-2.5610856802046333,751.0,1.2105768187588462,2.882390568193962,-0.1627701886352056,40.07989347536618,INR weakened,0.0
FRED,E02,POST_90,BRENT,complete,2016-09-28,2017-02-13,91,45.49,54.15,19.03715102220267,0.1742654518650868,%,91,35.9050317031661,0.0,0.0,,,751.0,-9.703187194868525,25.252496622255528,1.0942817964139104,89.61384820239681,up,0.0
FRED,E02,POST_90,GOLD_USD,complete,2016-09-28,2017-02-13,91,1324.8,1229.4,-7.2010869565217295,-0.074735259158086,%,91,15.671584522545192,0.0,0.0,,,751.0,-0.1985667033038818,6.830526736208236,-1.0650367224096458,12.649800266311583,down,0.0
FRED,E02,POST_90,NIFTY50,complete,2016-09-28,2017-02-13,91,8745.15,8805.05,0.684951087174035,0.0068261595416332,%,91,13.057122509840118,0.0,0.0,,,751.0,4.764188698462379,8.44049603072648,-0.4705370030817209,33.022636484687084,up,0.0
FRED,E02,POST_90,DXY_BROAD,complete,2016-09-28,2017-02-13,91,112.6283,116.3427,3.29792778546778,0.0324471297762529,%,91,6.439525150962505,0.0,0.0,,,751.0,2.194122697113676,3.155340100234256,0.3404751045256033,65.9121171770972,up,0.0
FRED,E02,POST_90,VIX,complete,2016-09-28,2017-02-13,91,12.39,11.07,-10.653753026634384,-0.1126509489205055,%,91,97.35954217579746,0.0,0.0,,,,,,,,down,
FRED,E02,POST_90,UST10Y,complete,2016-09-28,2017-02-13,91,1.57,2.43,0.8600000000000001,,pp,91,,0.0,0.0,,,,,,,,up,
FRED,E02,POST_90,FFR_UPPER,complete,2016-09-28,2017-02-13,91,0.5,0.75,0.25,,pp,91,,0.0,0.0,,,,,,,,up,
FRED,E02,POST_90,IN_REPO,complete,2016-09-28,2017-02-13,91,6.5,6.25,-0.25,,pp,91,,176.0,132.0,,,,,,,,down,
FRED,E03,PRE_30,USDINR,complete,2017-05-18,2017-06-29,29,64.87,64.66,-0.3237243718205773,-0.0032424949276771,%,29,3.665950370788545,0.0,0.0,0.324775750077344,1.663090869151762,751.0,0.2676790318524302,1.6964142918425698,-0.3487184145929052,34.354194407456724,INR strengthened,0.0
FRED,E03,PRE_30,BRENT,complete,2017-05-18,2017-06-29,29,51.71,47.02,-9.06981241539354,-0.0950781432962066,%,29,30.731528887529336,0.0,0.0,,,751.0,-2.9120905724094093,14.666009224804563,-0.4467800827036093,28.22902796271638,down,0.0
FRED,E03,PRE_30,GOLD_USD,complete,2017-05-18,2017-06-29,29,1261.35,1246.6,-1.1693820113370612,-0.0117627305722664,%,29,9.577217667488776,0.0,0.0,,,751.0,-0.1253799281367706,4.87657096091059,-0.2154822458484865,41.67776298268975,down,0.0
FRED,E03,PRE_30,NIFTY50,complete,2017-05-18,2017-06-29,29,9429.45,9504.1,0.7916686551177499,0.0078855140023183,%,29,7.457050920758195,0.0,0.0,,,751.0,1.1934177478327257,4.646626295287151,-0.0856107738684139,40.612516644474034,up,0.0
FRED,E03,PRE_30,DXY_BROAD,complete,2017-05-18,2017-06-29,29,114.2683,111.998,-1.9868152409723396,-0.0200681780095674,%,29,4.075603090489845,0.0,0.0,,,751.0,0.7795104482271942,1.7911076496216265,-1.5539578338455369,7.723035952063914,down,0.0
FRED,E03,PRE_30,VIX,complete,2017-05-18,2017-06-29,29,14.66,11.44,-21.964529331514328,-0.2480067105068536,%,29,105.75967911688092,0.0,0.0,,,,,,,,down,
FRED,E03,PRE_30,UST10Y,complete,2017-05-18,2017-06-29,29,2.23,2.27,0.04,,pp,29,,0.0,0.0,,,,,,,,up,
FRED,E03,PRE_30,FFR_UPPER,complete,2017-05-18,2017-06-29,29,1.0,1.25,0.25,,pp,29,,0.0,0.0,,,,,,,,up,
FRED,E03,PRE_30,IN_REPO,complete,2017-05-18,2017-06-29,29,6.25,6.25,0.0,,pp,29,,226.0,268.0,,,,,,,,,
FRED,E03,PRE_14,USDINR,complete,2017-06-12,2017-06-29,13,64.48,64.66,0.2791563275434061,0.0027876740989139,%,13,3.296939863615369,0.0,0.0,-0.278379214351987,1.1515830581248945,751.0,0.1504699998031045,1.1596116621659192,0.110735780735292,55.65912117177098,INR weakened,0.0
FRED,E03,PRE_14,BRENT,complete,2017-06-12,2017-06-29,13,47.18,47.02,-0.3391267486222871,-0.0033970308676054,%,13,34.154701803662306,0.0,0.0,,,751.0,-1.3779666562165227,9.510405674031318,0.1101788601920837,56.99067909454061,down,0.0
FRED,E03,PRE_14,GOLD_USD,complete,2017-06-12,2017-06-29,13,1269.25,1246.6,-1.784518416387637,-0.0180063294527535,%,13,8.961690596795757,0.0,0.0,,,751.0,0.0172740515753666,3.4104787779143484,-0.5330352784572803,30.359520639147803,down,0.0
FRED,E03,PRE_14,NIFTY50,complete,2017-06-12,2017-06-29,13,9616.4,9504.1,-1.167796680670519,-0.0117466898150205,%,13,5.6228401625731,0.0,0.0,,,751.0,0.4448507061491025,3.1294746774295343,-0.5171900457384724,26.764314247669773,down,0.0
FRED,E03,PRE_14,DXY_BROAD,complete,2017-06-12,2017-06-29,13,112.9837,111.998,-0.8724267305814881,-0.0087625465272204,%,13,5.386901520511876,0.0,0.0,,,751.0,0.3232208961114313,1.2001247404079385,-0.9990247451675032,17.310252996005325,down,0.0
FRED,E03,PRE_14,VIX,complete,2017-06-12,2017-06-29,13,11.46,11.44,-0.1745200698080373,-0.0017467253349417,%,13,109.05823612813764,0.0,0.0,,,,,,,,down,
FRED,E03,PRE_14,UST10Y,complete,2017-06-12,2017-06-29,13,2.21,2.27,0.06,,pp,13,,0.0,0.0,,,,,,,,up,
FRED,E03,PRE_14,FFR_UPPER,complete,2017-06-12,2017-06-29,13,1.0,1.25,0.25,,pp,13,,0.0,0.0,,,,,,,,up,
FRED,E03,PRE_14,IN_REPO,complete,2017-06-12,2017-06-29,13,6.25,6.25,0.0,,pp,13,,251.0,268.0,,,,,,,,,
FRED,E03,PRE_7,USDINR,complete,2017-06-21,2017-06-29,6,64.52,64.66,0.2169869807811641,0.002167519040279,%,6,2.2469744265487543,0.0,0.0,-0.2165171667182219,1.3946700325393913,751.0,0.0558315956517674,0.7708309854947457,0.2087823289945061,60.18641810918774,INR weakened,0.0
FRED,E03,PRE_7,BRENT,complete,2017-06-21,2017-06-29,6,44.62,47.02,5.378753922008084,0.0523908541075371,%,6,31.100829845386585,0.0,0.0,,,751.0,-0.7368002669757789,6.22776865647493,0.9599928622592144,86.95073235685751,up,0.0
FRED,E03,PRE_7,GOLD_USD,complete,2017-06-21,2017-06-29,6,1247.05,1246.6,-0.0360851609799151,-0.0003609167324081,%,6,11.363809110532818,0.0,0.0,,,751.0,-0.0157718320077826,2.2244863856011685,-0.0091340623527012,51.1318242343542,down,0.0
FRED,E03,PRE_7,NIFTY50,complete,2017-06-21,2017-06-29,6,9633.6,9504.1,-1.3442534462713818,-0.0135337032775899,%,6,5.175802895920936,0.0,0.0,,,751.0,0.1935835028708421,2.200697128442606,-0.7028530547164819,21.171770972037287,down,0.0
FRED,E03,PRE_7,DXY_BROAD,complete,2017-06-21,2017-06-29,6,113.3327,111.998,-1.177683051758227,-0.0118467266983922,%,6,2.080230504315502,0.0,0.0,,,751.0,0.1467189209610531,0.8169697014241556,-1.6295390899232638,5.992010652463383,down,0.0
FRED,E03,PRE_7,VIX,complete,2017-06-21,2017-06-29,6,10.75,11.44,6.418604651162796,0.06221023137798,%,6,144.26788349219143,0.0,0.0,,,,,,,,up,
FRED,E03,PRE_7,UST10Y,complete,2017-06-21,2017-06-29,6,2.16,2.27,0.1099999999999998,,pp,6,,0.0,0.0,,,,,,,,up,
FRED,E03,PRE_7,FFR_UPPER,complete,2017-06-21,2017-06-29,6,1.25,1.25,0.0,,pp,6,,0.0,0.0,,,,,,,,,
FRED,E03,PRE_7,IN_REPO,complete,2017-06-21,2017-06-29,6,6.25,6.25,0.0,,pp,6,,260.0,268.0,,,,,,,,,
FRED,E03,EVENT,USDINR,complete,2017-06-29,2017-06-30,1,64.66,64.62,-0.061862047633765,-0.0006188119009347,%,1,,0.0,0.0,0.0619003404518592,-0.0543619137027939,751.0,0.0098272085032213,0.3405910618740347,-0.2105396288547325,40.612516644474034,INR strengthened,0.0
FRED,E03,EVENT,BRENT,complete,2017-06-29,2017-06-30,1,47.02,47.08,0.1276052743513389,0.0012752392801525,%,1,,0.0,0.0,,,751.0,-0.1143456795713704,2.417932777715865,0.1000586262640171,57.922769640479366,up,0.0
FRED,E03,EVENT,GOLD_USD,complete,2017-06-29,2017-06-30,1,1246.6,1243.25,-0.2687309481790412,-0.0026909267799022,%,1,,0.0,0.0,,,751.0,-0.0069098478007068,0.8663352539380011,-0.3026341018177038,37.54993342210386,down,0.0
FRED,E03,EVENT,NIFTY50,complete,2017-06-29,2017-06-30,1,9504.1,9520.9,0.1767658168579711,0.0017660976995258,%,1,,0.0,0.0,,,751.0,0.0295759747133361,0.8779514523430627,0.167478700190145,59.78695073235686,up,0.0
FRED,E03,EVENT,DXY_BROAD,complete,2017-06-29,2017-06-30,1,111.998,111.9896,-0.007500133930971,-7.50041520508e-05,%,1,,0.0,0.0,,,751.0,0.0244598567778586,0.3505396961218847,-0.0911659404091175,45.00665778961385,down,0.0
FRED,E03,EVENT,VIX,complete,2017-06-29,2017-06-30,1,11.44,11.18,-2.2727272727272707,-0.0229895182246987,%,1,,0.0,0.0,,,,,,,,down,
FRED,E03,EVENT,UST10Y,complete,2017-06-29,2017-06-30,1,2.27,2.31,0.04,,pp,1,,0.0,0.0,,,,,,,,up,
FRED,E03,EVENT,FFR_UPPER,complete,2017-06-29,2017-06-30,1,1.25,1.25,0.0,,pp,1,,0.0,0.0,,,,,,,,,
FRED,E03,EVENT,IN_REPO,complete,2017-06-29,2017-06-30,1,6.25,6.25,0.0,,pp,1,,268.0,269.0,,,,,,,,,
FRED,E03,POST_7,USDINR,complete,2017-06-29,2017-07-12,8,64.66,64.53,-0.2010516548097696,-0.0020125403495386,%,8,2.978107770864652,0.0,0.0,0.2014566868123291,0.1628834154593472,751.0,0.0753902638286341,0.8926131349189551,-0.3098944926721318,36.35153129161118,INR strengthened,0.0
FRED,E03,POST_7,BRENT,complete,2017-06-29,2017-07-12,8,47.02,46.73,-0.6167588260314938,-0.0061866863995888,%,8,42.95218418631063,0.0,0.0,,,751.0,-0.9761239826538426,7.313768499118869,0.049529960364885,53.12916111850865,down,0.0
FRED,E03,POST_7,GOLD_USD,complete,2017-06-29,2017-07-12,8,1246.6,1219.4,-2.181934862826873,-0.0220609109010343,%,8,10.091295136351995,0.0,0.0,,,751.0,-0.0509130492984732,2.618077906885639,-0.8231859984162609,19.973368841544605,down,0.0
FRED,E03,POST_7,NIFTY50,complete,2017-06-29,2017-07-12,8,9504.1,9816.1,3.282793741648349,0.032300610355325,%,8,6.557508799256643,0.0,0.0,,,751.0,0.2546834003382514,2.48569180300684,1.197132082167239,90.54593874833556,up,0.0
FRED,E03,POST_7,DXY_BROAD,complete,2017-06-29,2017-07-12,8,111.998,111.5904,-0.3639350702691168,-0.0036459892510244,%,8,4.206031513970553,0.0,0.0,,,751.0,0.1988076996012777,0.9285978678175738,-0.6065157839056856,26.36484687083888,down,0.0
FRED,E03,POST_7,VIX,complete,2017-06-29,2017-07-12,8,11.44,10.3,-9.965034965034958,-0.1049720907160616,%,8,106.3529989508661,0.0,0.0,,,,,,,,down,
FRED,E03,POST_7,UST10Y,complete,2017-06-29,2017-07-12,8,2.27,2.33,0.06,,pp,8,,0.0,0.0,,,,,,,,up,
FRED,E03,POST_7,FFR_UPPER,complete,2017-06-29,2017-07-12,8,1.25,1.25,0.0,,pp,8,,0.0,0.0,,,,,,,,,
FRED,E03,POST_7,IN_REPO,complete,2017-06-29,2017-07-12,8,6.25,6.25,0.0,,pp,8,,268.0,281.0,,,,,,,,,
FRED,E03,POST_14,USDINR,complete,2017-06-29,2017-07-21,15,64.66,64.38,-0.4330343334364439,-0.0043397464266249,%,15,2.427972690334183,0.0,0.0,0.4349176762969975,1.180387334807631,751.0,0.145728436235637,1.2284470303747868,-0.4718127715145591,30.75898801597869,INR strengthened,0.0
FRED,E03,POST_14,BRENT,complete,2017-06-29,2017-07-21,15,47.02,47.47,0.957039557635042,0.0095248894513031,%,15,33.33000401660877,0.0,0.0,,,751.0,-1.7921888020180687,10.254531862807603,0.2692401744336294,64.31424766977364,up,0.0
FRED,E03,POST_14,GOLD_USD,complete,2017-06-29,2017-07-21,15,1246.6,1247.25,0.0521418257660943,0.0005212823663966,%,15,9.954166390752402,0.0,0.0,,,751.0,-0.0535393703187003,3.6355933942689513,0.0290686919399466,49.13448735019973,up,0.0
FRED,E03,POST_14,NIFTY50,complete,2017-06-29,2017-07-21,15,9504.1,9915.25,4.326027714354863,0.042350691525162,%,15,8.030942881385476,0.0,0.0,,,751.0,0.4751202183797431,3.3105470831662256,1.1360883785501994,88.81491344873503,up,0.0
FRED,E03,POST_14,DXY_BROAD,complete,2017-06-29,2017-07-21,15,111.998,110.191,-1.613421668244075,-0.0162657903006035,%,15,3.9900718257147454,0.0,0.0,,,751.0,0.3687069392570796,1.287207693571943,-1.5495618317302526,6.657789613848203,down,0.0
FRED,E03,POST_14,VIX,complete,2017-06-29,2017-07-21,15,11.44,9.36,-18.181818181818187,-0.2006706954621512,%,15,79.9250318476743,0.0,0.0,,,,,,,,down,
FRED,E03,POST_14,UST10Y,complete,2017-06-29,2017-07-21,15,2.27,2.24,-0.0299999999999998,,pp,15,,0.0,0.0,,,,,,,,down,
FRED,E03,POST_14,FFR_UPPER,complete,2017-06-29,2017-07-21,15,1.25,1.25,0.0,,pp,15,,0.0,0.0,,,,,,,,,
FRED,E03,POST_14,IN_REPO,complete,2017-06-29,2017-07-21,15,6.25,6.25,0.0,,pp,15,,268.0,290.0,,,,,,,,,
FRED,E03,POST_30,USDINR,complete,2017-06-29,2017-08-14,31,64.66,64.08,-0.8969996906897593,-0.0090104695371832,%,31,3.2259930001922834,0.0,0.0,0.905118601747823,0.8021377939081864,751.0,0.3403031871608952,1.6902554446912756,-0.7340739080462009,20.905459387483354,INR strengthened,0.0
FRED,E03,POST_30,BRENT,complete,2017-06-29,2017-08-14,31,47.02,51.29,9.081242024670331,0.0869227582892534,%,31,29.84858058942065,0.0,0.0,,,751.0,-3.4077683142481163,15.205515285515927,0.7996744690402305,78.96138482023967,up,0.0
FRED,E03,POST_30,GOLD_USD,complete,2017-06-29,2017-08-14,31,1246.6,1281.1,2.7675276752767486,0.0272992384876377,%,31,9.83480520011236,0.0,0.0,,,751.0,-0.0600397515194028,4.992395607153812,0.5588462635776861,74.83355525965379,up,0.0
FRED,E03,POST_30,NIFTY50,complete,2017-06-29,2017-08-14,31,9504.1,9794.15,3.0518407845035123,0.0300619842116733,%,31,9.322739455532558,0.0,0.0,,,751.0,1.036711385715039,4.509657354123681,0.4379099958996805,61.25166444740346,up,0.0
FRED,E03,POST_30,DXY_BROAD,complete,2017-06-29,2017-08-14,31,111.998,110.095,-1.6991374845979457,-0.0171373845560479,%,31,3.326696856142049,0.0,0.0,,,751.0,0.7745157429453142,1.925392660023732,-1.290786172940372,12.250332889480692,down,0.0
FRED,E03,POST_30,VIX,complete,2017-06-29,2017-08-14,31,11.44,12.33,7.779720279720292,0.0749193312246012,%,31,142.72466278472314,0.0,0.0,,,,,,,,up,
FRED,E03,POST_30,UST10Y,complete,2017-06-29,2017-08-14,31,2.27,2.22,-0.0499999999999998,,pp,31,,0.0,0.0,,,,,,,,down,
FRED,E03,POST_30,FFR_UPPER,complete,2017-06-29,2017-08-14,31,1.25,1.25,0.0,,pp,31,,0.0,0.0,,,,,,,,,
FRED,E03,POST_30,IN_REPO,complete,2017-06-29,2017-08-14,31,6.25,6.0,-0.25,,pp,31,,268.0,12.0,,,,,,,,down,
FRED,E03,POST_90,USDINR,complete,2017-06-29,2017-11-08,91,64.66,64.94,0.4330343334364439,0.0043209943774129,%,91,3.9188152543452577,0.0,0.0,-0.4311672312904191,0.7049141884338583,751.0,0.9183929196888928,2.589130276917284,-0.1862022557916466,34.62050599201065,INR weakened,0.0
FRED,E03,POST_90,BRENT,complete,2017-06-29,2017-11-08,91,47.02,63.96,36.02722245852827,0.3076848448538299,%,91,24.46706094383296,0.0,0.0,,,751.0,-8.954815011328288,26.316434332671573,1.5256592293125768,94.94007989347536,up,0.0
FRED,E03,POST_90,GOLD_USD,complete,2017-06-29,2017-11-08,91,1246.6,1282.25,2.859778597785989,0.0281965018946277,%,91,11.077132940022178,0.0,0.0,,,751.0,-0.4852756561683269,7.406603739397778,0.4463728920135884,68.44207723035952,up,0.0
FRED,E03,POST_90,NIFTY50,complete,2017-06-29,2017-11-08,91,9504.1,10303.15,8.407424164308019,0.0807263892728448,%,91,9.404823156010709,0.0,0.0,,,751.0,3.67349984603278,8.27421539465725,0.5396286763024785,63.64846870838882,up,0.0
FRED,E03,POST_90,DXY_BROAD,complete,2017-06-29,2017-11-08,91,111.998,111.6935,-0.2718798549974144,-0.0027225011954392,%,91,3.846027965289979,0.0,0.0,,,751.0,2.413507817458793,3.438695769283977,-0.7727037567647174,23.03595206391478,down,0.0
FRED,E03,POST_90,VIX,complete,2017-06-29,2017-11-08,91,11.44,9.78,-14.51048951048951,-0.1567765019049258,%,91,118.65342750589458,0.0,0.0,,,,,,,,down,
FRED,E03,POST_90,UST10Y,complete,2017-06-29,2017-11-08,91,2.27,2.32,0.0499999999999998,,pp,91,,0.0,0.0,,,,,,,,up,
FRED,E03,POST_90,FFR_UPPER,complete,2017-06-29,2017-11-08,91,1.25,1.25,0.0,,pp,91,,0.0,0.0,,,,,,,,,
FRED,E03,POST_90,IN_REPO,complete,2017-06-29,2017-11-08,91,6.25,6.0,-0.25,,pp,91,,268.0,98.0,,,,,,,,down,
FRED,E04,PRE_30,USDINR,complete,2019-01-02,2019-02-14,29,70.02,71.18,1.656669522993437,0.016430964555527,%,29,6.078776832618736,0.0,0.0,-1.6296712559707882,2.23385389634414,751.0,0.2450209765144428,1.905310763976384,0.7339354778449448,77.3635153129161,INR weakened,0.0
FRED,E04,PRE_30,BRENT,complete,2019-01-02,2019-02-14,29,54.06,64.0,18.386977432482432,0.1687885425113703,%,29,29.56165116195085,0.0,0.0,,,751.0,1.4822846494567887,12.232532450293306,1.2595468791938158,92.67643142476696,up,0.0
FRED,E04,PRE_30,GOLD_USD,complete,2019-01-02,2019-02-14,29,1287.2,1305.65,1.4333436917340014,0.0142316843670017,%,29,7.54044215658342,0.0,0.0,,,751.0,0.5799202909016365,4.326524035403073,0.1952891521453617,63.11584553928096,up,0.0
FRED,E04,PRE_30,NIFTY50,complete,2019-01-02,2019-02-14,29,10792.5,10746.05,-0.4303914755617422,-0.0043132032575904,%,29,10.393147818373455,0.0,0.0,,,751.0,1.2428506901134506,4.2544764251865015,-0.3917076657526746,25.96537949400799,down,0.0
FRED,E04,PRE_30,DXY_BROAD,complete,2019-01-02,2019-02-14,29,115.7689,115.1007,-0.5771843733507032,-0.0057885651970422,%,29,4.064799383407581,0.0,0.0,,,751.0,0.1248968996757637,1.812777249306837,-0.3881753747481882,37.949400798934754,down,0.0
FRED,E04,PRE_30,VIX,complete,2019-01-02,2019-02-14,29,23.22,16.22,-30.146425495262708,-0.3587689275824786,%,29,99.22320730428726,0.0,0.0,,,,,,,,down,
FRED,E04,PRE_30,UST10Y,complete,2019-01-02,2019-02-14,29,2.66,2.66,0.0,,pp,29,,0.0,0.0,,,,,,,,,
FRED,E04,PRE_30,FFR_UPPER,complete,2019-01-02,2019-02-14,29,2.5,2.5,0.0,,pp,29,,0.0,0.0,,,,,,,,,
FRED,E04,PRE_30,IN_REPO,complete,2019-01-02,2019-02-14,29,6.5,6.25,-0.25,,pp,29,,154.0,7.0,,,,,,,,down,
FRED,E04,PRE_14,USDINR,complete,2019-01-28,2019-02-14,13,71.06,71.18,0.1688713763017268,0.0016872894891656,%,13,6.9095900216908825,0.0,0.0,-0.1685866816521608,-0.7504445158950102,751.0,0.0896778242491791,1.2065457502551695,0.0655518542812514,55.25965379494008,INR weakened,0.0
FRED,E04,PRE_14,BRENT,complete,2019-01-28,2019-02-14,13,59.71,64.0,7.18472617651984,0.0693835728007707,%,13,19.338422962143724,0.0,0.0,,,751.0,1.2316247040996986,7.8533313360552786,0.7276218362786803,77.09720372836219,up,0.0
FRED,E04,PRE_14,GOLD_USD,complete,2019-01-28,2019-02-14,13,1301.0,1305.65,0.3574173712528994,0.00356780153267,%,13,7.079356851882233,0.0,0.0,,,751.0,0.2844774181914644,2.868301233977786,0.0253483160884773,52.19707057256991,up,0.0
FRED,E04,PRE_14,NIFTY50,complete,2019-01-28,2019-02-14,13,10661.55,10746.05,0.7925676848113072,0.0078944336451424,%,13,11.826578247349468,0.0,0.0,,,751.0,0.6414567941816385,2.7174304841781853,0.0552121386253713,47.003994673768304,up,0.0
FRED,E04,PRE_14,DXY_BROAD,complete,2019-01-28,2019-02-14,13,114.0522,115.1007,0.919315892196737,0.0091511590479249,%,13,3.5837671300084204,0.0,0.0,,,751.0,-0.016862798905104,1.1558829786651654,0.8062928019786675,80.55925432756325,up,0.0
FRED,E04,PRE_14,VIX,complete,2019-01-28,2019-02-14,13,18.87,16.22,-14.043455219925816,-0.151328310693192,%,13,63.0526712428268,0.0,0.0,,,,,,,,down,
FRED,E04,PRE_14,UST10Y,complete,2019-01-28,2019-02-14,13,2.75,2.66,-0.0899999999999998,,pp,13,,0.0,0.0,,,,,,,,down,
FRED,E04,PRE_14,FFR_UPPER,complete,2019-01-28,2019-02-14,13,2.5,2.5,0.0,,pp,13,,0.0,0.0,,,,,,,,,
FRED,E04,PRE_14,IN_REPO,complete,2019-01-28,2019-02-14,13,6.5,6.25,-0.25,,pp,13,,180.0,7.0,,,,,,,,down,
FRED,E04,PRE_7,USDINR,complete,2019-02-06,2019-02-14,6,71.55,71.18,-0.5171208944793726,-0.0051846259204131,%,6,7.699995915613167,0.0,0.0,0.5198089350941126,-1.2789139357424206,751.0,0.0394419183324501,0.841190788368926,-0.6632225908888111,20.63914780292943,INR strengthened,0.0
FRED,E04,PRE_7,BRENT,complete,2019-02-06,2019-02-14,6,62.22,64.0,2.8608164577306416,0.0282065918901809,%,6,22.08688354742361,0.0,0.0,,,751.0,0.5233364108932825,5.149801313708164,0.4463642933068857,67.50998668442078,up,0.0
FRED,E04,PRE_7,GOLD_USD,complete,2019-02-06,2019-02-14,6,1313.35,1305.65,-0.5862869760535849,-0.0058801238535025,%,6,6.154981872749274,0.0,0.0,,,751.0,0.1283080375936718,1.8983526134348232,-0.3772945939841561,33.55525965379494,down,0.0
FRED,E04,PRE_7,NIFTY50,complete,2019-02-06,2019-02-14,6,11062.45,10746.05,-2.8601259214731,-0.0290182453599173,%,6,6.170692446632723,0.0,0.0,,,751.0,0.301299244602915,1.940341590860932,-1.650570600142729,5.992010652463383,down,0.0
FRED,E04,PRE_7,DXY_BROAD,complete,2019-02-06,2019-02-14,6,114.2305,115.1007,0.761793041263048,0.0075890605073293,%,6,3.721253928847222,0.0,0.0,,,751.0,-0.0096132212796917,0.7827394886494249,0.9818333497373524,84.55392809587217,up,0.0
FRED,E04,PRE_7,VIX,complete,2019-02-06,2019-02-14,6,15.38,16.22,5.46163849154746,0.0531770846097689,%,6,63.39584398523495,0.0,0.0,,,,,,,,up,
FRED,E04,PRE_7,UST10Y,complete,2019-02-06,2019-02-14,6,2.7,2.66,-0.04,,pp,6,,0.0,0.0,,,,,,,,down,
FRED,E04,PRE_7,FFR_UPPER,complete,2019-02-06,2019-02-14,6,2.5,2.5,0.0,,pp,6,,0.0,0.0,,,,,,,,,
FRED,E04,PRE_7,IN_REPO,complete,2019-02-06,2019-02-14,6,6.5,6.25,-0.25,,pp,6,,189.0,7.0,,,,,,,,down,
FRED,E04,EVENT,USDINR,complete,2019-02-14,2019-02-15,1,71.18,71.36,0.2528800224782079,0.0025256081897071,%,1,,0.0,0.0,-0.2522421524663532,0.3470584245209407,751.0,0.0052270914755903,0.3392082527107528,0.7291504912579584,80.6924101198402,INR weakened,0.0
FRED,E04,EVENT,BRENT,complete,2019-02-14,2019-02-15,1,64.0,65.65,2.578125000000009,0.0254545173891334,%,1,,0.0,0.0,,,751.0,0.1062899354780766,2.1097920029946398,1.1561415759134728,90.81225033288948,up,0.0
FRED,E04,EVENT,GOLD_USD,complete,2019-02-14,2019-02-15,1,1305.65,1318.0,0.945889020794244,0.0094144350172774,%,1,,0.0,0.0,,,751.0,0.0086807695500734,0.7528949418257852,1.238902079316277,90.81225033288948,up,0.0
FRED,E04,EVENT,NIFTY50,complete,2019-02-14,2019-02-15,1,10746.05,10724.4,-0.2014693771199671,-0.0020167259966956,%,1,,0.0,0.0,,,751.0,0.0575415005475532,0.7418536965817503,-0.3493917367237881,30.49267643142477,down,0.0
FRED,E04,EVENT,DXY_BROAD,complete,2019-02-14,2019-02-15,1,115.1007,114.9923,-0.0941784020427327,-0.0009422277776354,%,1,,0.0,0.0,,,751.0,0.001064164938147,0.3252034218314698,-0.2930071784080657,38.48202396804261,down,0.0
FRED,E04,EVENT,VIX,complete,2019-02-14,2019-02-15,1,16.22,14.91,-8.076448828606653,-0.0842129199106197,%,1,,0.0,0.0,,,,,,,,down,
FRED,E04,EVENT,UST10Y,complete,2019-02-14,2019-02-15,1,2.66,2.66,0.0,,pp,1,,0.0,0.0,,,,,,,,,
FRED,E04,EVENT,FFR_UPPER,complete,2019-02-14,2019-02-15,1,2.5,2.5,0.0,,pp,1,,0.0,0.0,,,,,,,,,
FRED,E04,EVENT,IN_REPO,complete,2019-02-14,2019-02-15,1,6.25,6.25,0.0,,pp,1,,7.0,8.0,,,,,,,,,
FRED,E04,POST_7,USDINR,complete,2019-02-14,2019-02-28,8,71.18,70.83,-0.4917111548187858,-0.0049292403165155,%,8,4.416352866470286,0.0,0.0,0.4941409007482855,0.2916029344960491,751.0,0.0497410603341741,0.9697864877567514,-0.5595589669188705,25.432756324900136,INR strengthened,0.0
FRED,E04,POST_7,BRENT,complete,2019-02-14,2019-02-28,8,64.0,65.03,1.6093750000000018,0.0159656185213886,%,8,33.958487724878,0.0,0.0,,,751.0,0.7419461262048621,5.977095136615686,0.1434400135187759,54.99334221038615,up,0.0
FRED,E04,POST_7,GOLD_USD,complete,2019-02-14,2019-02-28,8,1305.65,1325.45,1.5164860414353054,0.015051023357942,%,8,9.969636814651892,0.0,0.0,,,751.0,0.1245960918032862,2.170790802223187,0.6359819652324686,74.70039946737683,up,0.0
FRED,E04,POST_7,NIFTY50,complete,2019-02-14,2019-02-28,8,10746.05,10792.5,0.4322518506800321,0.0043132032575904,%,8,13.703231119330349,0.0,0.0,,,751.0,0.4255613800598912,2.1235427813371217,0.0031371618047498,46.20505992010652,up,0.0
FRED,E04,POST_7,DXY_BROAD,complete,2019-02-14,2019-02-28,8,115.1007,114.1991,-0.7833140893148349,-0.007863981097286,%,8,2.329495516224502,0.0,0.0,,,751.0,0.0022308060440456,0.8810601749499313,-0.8950908386426275,18.37549933422104,down,0.0
FRED,E04,POST_7,VIX,complete,2019-02-14,2019-02-28,8,16.22,14.78,-8.87792848335388,-0.0929701331672111,%,8,88.73345159241937,0.0,0.0,,,,,,,,down,
FRED,E04,POST_7,UST10Y,complete,2019-02-14,2019-02-28,8,2.66,2.73,0.0699999999999998,,pp,8,,0.0,0.0,,,,,,,,up,
FRED,E04,POST_7,FFR_UPPER,complete,2019-02-14,2019-02-28,8,2.5,2.5,0.0,,pp,8,,0.0,0.0,,,,,,,,,
FRED,E04,POST_7,IN_REPO,complete,2019-02-14,2019-02-28,8,6.25,6.25,0.0,,pp,8,,7.0,21.0,,,,,,,,,
FRED,E04,POST_14,USDINR,complete,2019-02-14,2019-03-11,15,71.18,69.82,-1.9106490587243783,-0.0192913784051568,%,15,4.751914537860224,0.0,0.0,1.9478659409911447,-2.0809347303145653,751.0,0.0953358082996347,1.2824925251709076,-1.5785107463503385,5.193075898801598,INR strengthened,0.0
FRED,E04,POST_14,BRENT,complete,2019-02-14,2019-03-11,15,64.0,65.06,1.6562500000000036,0.0164268376855335,%,15,27.0592175755511,0.0,0.0,,,751.0,1.36814809353345,8.213470351816683,0.0345542518201523,48.33555259653795,up,0.0
FRED,E04,POST_14,GOLD_USD,complete,2019-02-14,2019-03-11,15,1305.65,1296.35,-0.7122888982499243,-0.0071483778646645,%,15,11.867459285373904,0.0,0.0,,,751.0,0.2762591114820356,3.00550734141364,-0.3296335331328938,37.54993342210386,down,0.0
FRED,E04,POST_14,NIFTY50,complete,2019-02-14,2019-03-11,15,10746.05,11168.05,3.9270243484815337,0.0385187778974532,%,15,11.84420298850901,0.0,0.0,,,751.0,0.7687555505362376,2.9209237206711154,1.0565363571569997,87.21704394141145,up,0.0
FRED,E04,POST_14,DXY_BROAD,complete,2019-02-14,2019-03-11,15,115.1007,115.2967,0.1702856715901868,0.0017014084992416,%,15,3.238316151316329,0.0,0.0,,,751.0,-0.0119596448217906,1.231967019770274,0.1478133805907079,57.52330226364847,up,0.0
FRED,E04,POST_14,VIX,complete,2019-02-14,2019-03-11,15,16.22,14.33,-11.652281134401964,-0.1238898068471862,%,15,100.35960651334712,0.0,0.0,,,,,,,,down,
FRED,E04,POST_14,UST10Y,complete,2019-02-14,2019-03-11,15,2.66,2.64,-0.02,,pp,15,,0.0,0.0,,,,,,,,down,
FRED,E04,POST_14,FFR_UPPER,complete,2019-02-14,2019-03-11,15,2.5,2.5,0.0,,pp,15,,0.0,0.0,,,,,,,,,
FRED,E04,POST_14,IN_REPO,complete,2019-02-14,2019-03-11,15,6.25,6.25,0.0,,pp,15,,7.0,32.0,,,,,,,,,
FRED,E04,POST_30,USDINR,complete,2019-02-14,2019-04-02,31,71.18,68.91,-3.1890980612531705,-0.0324105747129301,%,31,4.883699014027865,0.0,0.0,3.2941517921927232,-3.2035202150715203,751.0,0.2057625694263931,1.9906798910250836,-1.7313726104450686,4.527296937416778,INR strengthened,0.0
FRED,E04,POST_30,BRENT,complete,2019-02-14,2019-04-02,31,64.0,69.68,8.87500000000001,0.0850302491845756,%,31,24.335713451118004,0.0,0.0,,,751.0,2.7002245239703404,11.5087523966332,0.5073193862928596,68.04260985352862,up,0.0
FRED,E04,POST_30,GOLD_USD,complete,2019-02-14,2019-04-02,31,1305.65,1287.2,-1.4130892658828942,-0.0142316843670017,%,31,10.73129141820145,0.0,0.0,,,751.0,0.6429111332252324,4.44743649268909,-0.4640924530605177,32.090545938748335,down,0.0
FRED,E04,POST_30,NIFTY50,complete,2019-02-14,2019-04-02,31,10746.05,11713.2,9.00005118159697,0.0861781657968775,%,31,10.503613506284124,0.0,0.0,,,751.0,1.527726841219201,4.23632598220979,1.676368156186967,98.66844207723037,up,0.0
FRED,E04,POST_30,DXY_BROAD,complete,2019-02-14,2019-04-02,31,115.1007,115.1173,0.0144221538183497,0.0001442111392572,%,31,3.373134634661728,0.0,0.0,,,751.0,-0.0150791146375728,1.8607256836706685,0.0158547634586813,52.19707057256991,up,0.0
FRED,E04,POST_30,VIX,complete,2019-02-14,2019-04-02,31,16.22,13.36,-17.63255240443896,-0.1939798805787671,%,31,99.0725876775008,0.0,0.0,,,,,,,,down,
FRED,E04,POST_30,UST10Y,complete,2019-02-14,2019-04-02,31,2.66,2.48,-0.1800000000000001,,pp,31,,0.0,0.0,,,,,,,,down,
FRED,E04,POST_30,FFR_UPPER,complete,2019-02-14,2019-04-02,31,2.5,2.5,0.0,,pp,31,,0.0,0.0,,,,,,,,,
FRED,E04,POST_30,IN_REPO,complete,2019-02-14,2019-04-02,31,6.25,6.25,0.0,,pp,31,,7.0,54.0,,,,,,,,,
FRED,E04,POST_90,USDINR,complete,2019-02-14,2019-06-26,91,71.18,69.18,-2.8097780275358253,-0.0285000765730239,%,91,5.378003780573437,0.0,0.0,2.8910089621277724,-2.340710506660626,751.0,0.9425955345704118,3.362544032065201,-1.126584051918105,10.51930758988016,INR strengthened,0.0
FRED,E04,POST_90,BRENT,complete,2019-02-14,2019-06-26,91,64.0,66.85,4.453124999999991,0.0435682201882802,%,91,29.153827227800043,0.0,0.0,,,751.0,6.394130383916385,17.58590580676619,-0.104697499503932,39.680426098535285,up,0.0
FRED,E04,POST_90,GOLD_USD,complete,2019-02-14,2019-06-26,91,1305.65,1406.75,7.743269635813577,0.0745810782682131,%,91,11.584973137200835,0.0,0.0,,,751.0,1.4750188416183363,7.295800631961398,0.8215495307168957,80.15978695073235,up,0.0
FRED,E04,POST_90,NIFTY50,complete,2019-02-14,2019-06-26,91,10746.05,11847.55,10.250278009128944,0.097582849960437,%,91,12.953034537765948,0.0,0.0,,,751.0,3.884680570969623,6.631312384641023,0.8968299069621621,77.89613848202397,up,0.0
FRED,E04,POST_90,DXY_BROAD,complete,2019-02-14,2019-06-26,91,115.1007,114.5608,-0.4690675208751993,-0.0047017109492821,%,91,3.4807125164831927,0.0,0.0,,,751.0,0.2870986793029217,3.1773760780678244,-0.2382023451087189,43.14247669773636,down,0.0
FRED,E04,POST_90,VIX,complete,2019-02-14,2019-06-26,91,16.22,16.21,-0.0616522811343944,-0.000616712939682,%,91,114.11679235338951,0.0,0.0,,,,,,,,down,
FRED,E04,POST_90,UST10Y,complete,2019-02-14,2019-06-26,91,2.66,2.05,-0.6100000000000003,,pp,91,,0.0,0.0,,,,,,,,down,
FRED,E04,POST_90,FFR_UPPER,complete,2019-02-14,2019-06-26,91,2.5,2.5,0.0,,pp,91,,0.0,0.0,,,,,,,,,
FRED,E04,POST_90,IN_REPO,complete,2019-02-14,2019-06-26,91,6.25,5.75,-0.5,,pp,91,,7.0,20.0,,,,,,,,down,
FRED,E05,PRE_30,USDINR,complete,2019-11-19,2020-01-02,29,71.86,71.34,-0.7236292791539034,-0.0072626017546271,%,29,3.630054766676574,0.0,0.0,0.7289038407625403,0.6189244217070122,751.0,0.2477308411724887,2.061099994085692,-0.4724102044638956,32.2237017310253,INR strengthened,0.0
FRED,E05,PRE_30,BRENT,complete,2019-11-19,2020-01-02,29,62.37,67.05,7.503607503607501,0.0723542191896562,%,29,21.95775144891897,0.0,0.0,,,751.0,0.9637735597760376,10.22435621796113,0.6138541045001731,71.37150466045273,up,0.0
FRED,E05,PRE_30,GOLD_USD,complete,2019-11-19,2020-01-02,29,1464.9,1520.55,3.798894122465679,0.0372851307607938,%,29,7.363088394194545,0.0,0.0,,,751.0,0.6028543471086723,3.940609420173697,0.7936510046886064,78.16245006657789,up,0.0
FRED,E05,PRE_30,NIFTY50,complete,2019-11-19,2020-01-02,29,11940.1,12282.2,2.865135132871588,0.0282485766286953,%,29,9.339957194306264,0.0,0.0,,,751.0,1.1895922235336531,4.203534551373968,0.390691559506637,62.71637816245007,up,0.0
FRED,E05,PRE_30,DXY_BROAD,complete,2019-11-19,2020-01-02,29,116.5391,114.9745,-1.3425537008609156,-0.0135164743697208,%,29,2.480061602419214,0.0,0.0,,,751.0,0.0882063478166106,1.6463620111632506,-0.8745433240610234,20.23968042609853,down,0.0
FRED,E05,PRE_30,VIX,complete,2019-11-19,2020-01-02,29,12.86,12.47,-3.032659409020211,-0.0307959591175281,%,29,106.57443944456313,0.0,0.0,,,,,,,,down,
FRED,E05,PRE_30,UST10Y,complete,2019-11-19,2020-01-02,29,1.79,1.88,0.0899999999999998,,pp,29,,0.0,0.0,,,,,,,,up,
FRED,E05,PRE_30,FFR_UPPER,complete,2019-11-19,2020-01-02,29,1.75,1.75,0.0,,pp,29,,0.0,0.0,,,,,,,,,
FRED,E05,PRE_30,IN_REPO,complete,2019-11-19,2020-01-02,29,5.15,5.15,0.0,,pp,29,,46.0,90.0,,,,,,,,,
FRED,E05,PRE_14,USDINR,complete,2019-12-12,2020-01-02,13,70.62,71.34,1.0195412064570863,0.010143789430505,%,13,2.377483033992793,0.0,0.0,-1.0092514718250567,1.7959010659942876,751.0,0.0748229116795062,1.2732303682991613,0.7379528741616536,78.69507323568575,INR weakened,0.0
FRED,E05,PRE_14,BRENT,complete,2019-12-12,2020-01-02,13,66.67,67.05,0.5699715014249263,0.0056835330977188,%,13,20.207896500111428,0.0,0.0,,,751.0,0.5164322312282144,6.730907519271133,0.0079112684621784,42.87616511318242,up,0.0
FRED,E05,PRE_14,GOLD_USD,complete,2019-12-12,2020-01-02,13,1474.7,1520.55,3.1091069370041247,0.030617532239623,%,13,7.2085798497379185,0.0,0.0,,,751.0,0.3639826197852969,2.3536472330120284,1.1464893209372944,86.01864181091877,up,0.0
FRED,E05,PRE_14,NIFTY50,complete,2019-12-12,2020-01-02,13,11971.8,12282.2,2.5927596518485307,0.0255971755630568,%,13,9.903906855024667,0.0,0.0,,,751.0,0.6823912595527837,2.6344035510587736,0.7134989045396182,76.69773635153129,up,0.0
FRED,E05,PRE_14,DXY_BROAD,complete,2019-12-12,2020-01-02,13,115.8741,114.9745,-0.7763598595372012,-0.0077938922205051,%,13,2.7537968648218314,0.0,0.0,,,751.0,-0.012513026409866,0.9832383115565508,-0.7799486692927514,21.97070572569907,down,0.0
FRED,E05,PRE_14,VIX,complete,2019-12-12,2020-01-02,13,13.94,12.47,-10.54519368723098,-0.1114366456404326,%,13,91.33743125508768,0.0,0.0,,,,,,,,down,
FRED,E05,PRE_14,UST10Y,complete,2019-12-12,2020-01-02,13,1.9,1.88,-0.02,,pp,13,,0.0,0.0,,,,,,,,down,
FRED,E05,PRE_14,FFR_UPPER,complete,2019-12-12,2020-01-02,13,1.75,1.75,0.0,,pp,13,,0.0,0.0,,,,,,,,,
FRED,E05,PRE_14,IN_REPO,complete,2019-12-12,2020-01-02,13,5.15,5.15,0.0,,pp,13,,69.0,90.0,,,,,,,,,
FRED,E05,PRE_7,USDINR,complete,2019-12-23,2020-01-02,6,71.24,71.34,0.1403705783267872,0.0014027215092846,%,6,2.3611333802007337,0.0,0.0,-0.1401738155312748,0.8582960035425913,751.0,0.0399733645847666,0.8688602523434332,0.1154463831140954,58.45539280958722,INR weakened,0.0
FRED,E05,PRE_7,BRENT,complete,2019-12-23,2020-01-02,6,67.49,67.05,-0.6519484368054496,-0.0065408290276275,%,6,21.79564576638307,0.0,0.0,,,751.0,0.2059743656384727,4.481444221909358,-0.1918679312880633,37.017310252996005,down,0.0
FRED,E05,PRE_7,GOLD_USD,complete,2019-12-23,2020-01-02,6,1483.95,1520.55,2.4663903770342666,0.024364660059177,%,6,8.872002153101217,0.0,0.0,,,751.0,0.1998728931647431,1.6320940844203098,1.370504687328929,91.21171770972038,up,0.0
FRED,E05,PRE_7,NIFTY50,complete,2019-12-23,2020-01-02,6,12262.75,12282.2,0.1586104258832765,0.0015848477239608,%,6,12.329129346515892,0.0,0.0,,,751.0,0.3194419923768343,1.9077233893277796,-0.0841044822912613,42.60985352862849,up,0.0
FRED,E05,PRE_7,DXY_BROAD,complete,2019-12-23,2020-01-02,6,115.8059,114.9745,-0.717925425215804,-0.0072051491095766,%,6,3.5525806009035086,0.0,0.0,,,751.0,-0.0125056561019798,0.6675345065860013,-1.060632021038608,14.380825565912115,down,0.0
FRED,E05,PRE_7,VIX,complete,2019-12-23,2020-01-02,6,12.61,12.47,-1.1102299762093426,-0.0111643902848829,%,6,119.96840634230648,0.0,0.0,,,,,,,,down,
FRED,E05,PRE_7,UST10Y,complete,2019-12-23,2020-01-02,6,1.93,1.88,-0.05,,pp,6,,0.0,0.0,,,,,,,,down,
FRED,E05,PRE_7,FFR_UPPER,complete,2019-12-23,2020-01-02,6,1.75,1.75,0.0,,pp,6,,0.0,0.0,,,,,,,,,
FRED,E05,PRE_7,IN_REPO,complete,2019-12-23,2020-01-02,6,5.15,5.15,0.0,,pp,6,,80.0,90.0,,,,,,,,,
FRED,E05,EVENT,USDINR,complete,2020-01-02,2020-01-03,1,71.34,71.76,0.5887300252312988,0.0058700378197953,%,1,,0.0,0.0,-0.58528428093646,0.5781189766944639,751.0,0.0063653725870027,0.3541922226473148,1.639331907499136,94.54061251664449,INR weakened,0.0
FRED,E05,EVENT,BRENT,complete,2020-01-02,2020-01-03,1,67.05,69.08,3.027591349739001,0.0298266435507903,%,1,,0.0,0.0,,,751.0,0.0289991041110493,1.8759318252050423,1.574507887338938,95.87217043941412,up,0.0
FRED,E05,EVENT,GOLD_USD,complete,2020-01-02,2020-01-03,1,1520.55,1547.4,1.7658084245832262,0.0175039916188359,%,1,,0.0,0.0,,,751.0,0.0394178752429752,0.6783481086144935,2.5222876451130243,98.80159786950732,up,1.0
FRED,E05,EVENT,NIFTY50,complete,2020-01-02,2020-01-03,1,12282.2,12226.65,-0.4522805360603232,-0.0045330641889106,%,1,,0.0,0.0,,,751.0,0.0565554906814869,0.7507892790328702,-0.6790799192536596,21.30492676431425,down,0.0
FRED,E05,EVENT,DXY_BROAD,complete,2020-01-02,2020-01-03,1,114.9745,114.9867,0.0106110485368349,0.000106104856049,%,1,,0.0,0.0,,,751.0,-0.0045269170030448,0.2576551962961584,0.058751018002074,53.52862849533955,up,0.0
FRED,E05,EVENT,VIX,complete,2020-01-02,2020-01-03,1,12.47,14.02,12.429831595829976,0.1171591219144988,%,1,,0.0,0.0,,,,,,,,up,
FRED,E05,EVENT,UST10Y,complete,2020-01-02,2020-01-03,1,1.88,1.8,-0.0799999999999998,,pp,1,,0.0,0.0,,,,,,,,down,
FRED,E05,EVENT,FFR_UPPER,complete,2020-01-02,2020-01-03,1,1.75,1.75,0.0,,pp,1,,0.0,0.0,,,,,,,,,
FRED,E05,EVENT,IN_REPO,complete,2020-01-02,2020-01-03,1,5.15,5.15,0.0,,pp,1,,90.0,91.0,,,,,,,,,
FRED,E05,POST_7,USDINR,complete,2020-01-02,2020-01-14,8,71.34,70.85,-0.6868516961031856,-0.0068922137940561,%,8,5.872040422291545,0.0,0.0,0.6916019760056624,-0.7298177450966614,751.0,0.0520929835974959,1.000934896412963,-0.7406084071754183,19.174434087882823,INR strengthened,0.0
FRED,E05,POST_7,BRENT,complete,2020-01-02,2020-01-14,8,67.05,64.45,-3.877703206562255,-0.039548880342491,%,8,36.27618956161835,0.0,0.0,,,751.0,0.2589800368689721,5.203651275737552,-0.8097263003274182,20.905459387483354,down,0.0
FRED,E05,POST_7,GOLD_USD,complete,2020-01-02,2020-01-14,8,1520.55,1544.95,1.6046825161948108,0.015919435852105,%,8,21.590455540519603,0.0,0.0,,,751.0,0.2999487809390411,1.88443832491217,0.6858509169660939,77.3635153129161,up,0.0
FRED,E05,POST_7,NIFTY50,complete,2020-01-02,2020-01-14,8,12282.2,12362.3,0.6521632932210641,0.0065004590929731,%,8,16.07585410204756,0.0,0.0,,,751.0,0.4440868529203889,2.121696438452951,0.0975362020007114,49.13448735019973,up,0.0
FRED,E05,POST_7,DXY_BROAD,complete,2020-01-02,2020-01-14,8,114.9745,115.0239,0.0429660489934757,0.0004295682122975,%,8,1.4421051735256536,0.0,0.0,,,751.0,-0.030147369476563,0.759448264499142,0.0962655908990665,53.52862849533955,up,0.0
FRED,E05,POST_7,VIX,complete,2020-01-02,2020-01-14,8,12.47,12.39,-0.6415396952686447,-0.006436064050894,%,8,84.48426945320348,0.0,0.0,,,,,,,,down,
FRED,E05,POST_7,UST10Y,complete,2020-01-02,2020-01-14,8,1.88,1.82,-0.0599999999999998,,pp,8,,0.0,0.0,,,,,,,,down,
FRED,E05,POST_7,FFR_UPPER,complete,2020-01-02,2020-01-14,8,1.75,1.75,0.0,,pp,8,,0.0,0.0,,,,,,,,,
FRED,E05,POST_7,IN_REPO,complete,2020-01-02,2020-01-14,8,5.15,5.15,0.0,,pp,8,,90.0,102.0,,,,,,,,,
FRED,E05,POST_14,USDINR,complete,2020-01-02,2020-01-24,15,71.34,71.31,-0.0420521446593769,-0.0004206098905332,%,15,5.358317337763934,0.0,0.0,0.0420698359276494,-0.5474685630825871,751.0,0.0978065791516824,1.3695055237370288,-0.1020950746906501,48.33555259653795,INR strengthened,0.0
FRED,E05,POST_14,BRENT,complete,2020-01-02,2020-01-24,15,67.05,59.34,-11.498881431767328,-0.1221549948650116,%,15,31.62136821510769,0.0,0.0,,,751.0,0.4972625754631421,7.053198882560138,-1.80223612103584,6.391478029294275,down,0.0
FRED,E05,POST_14,GOLD_USD,complete,2020-01-02,2020-01-24,15,1520.55,1561.85,2.716122455690373,0.0267989045620336,%,15,15.514892772006128,0.0,0.0,,,751.0,0.5201188112271549,2.47583970086215,0.8728834868371511,79.76031957390146,up,0.0
FRED,E05,POST_14,NIFTY50,complete,2020-01-02,2020-01-24,15,12282.2,12248.25,-0.2764162772141865,-0.0027679901246345,%,15,13.69515956876493,0.0,0.0,,,751.0,0.8098034666590204,2.841088018580475,-0.3813120743716727,32.090545938748335,down,0.0
FRED,E05,POST_14,DXY_BROAD,complete,2020-01-02,2020-01-24,15,114.9745,115.5556,0.5054164184232102,0.00504143476945,%,15,1.6022521718969245,0.0,0.0,,,751.0,-0.0396152103758651,1.058002115506078,0.5139560008896588,70.0399467376831,up,0.0
FRED,E05,POST_14,VIX,complete,2020-01-02,2020-01-24,15,12.47,14.56,16.760224538893343,0.1549522830765948,%,15,79.9254352296153,0.0,0.0,,,,,,,,up,
FRED,E05,POST_14,UST10Y,complete,2020-01-02,2020-01-24,15,1.88,1.7,-0.1799999999999999,,pp,15,,0.0,0.0,,,,,,,,down,
FRED,E05,POST_14,FFR_UPPER,complete,2020-01-02,2020-01-24,15,1.75,1.75,0.0,,pp,15,,0.0,0.0,,,,,,,,,
FRED,E05,POST_14,IN_REPO,complete,2020-01-02,2020-01-24,15,5.15,5.15,0.0,,pp,15,,90.0,112.0,,,,,,,,,
FRED,E05,POST_30,USDINR,complete,2020-01-02,2020-02-18,31,71.34,71.56,0.3083823941687713,0.0030790787097729,%,31,4.472565713032102,0.0,0.0,-0.307434320849631,-1.1088014161543702,751.0,0.2002427399981465,2.114609591638229,0.0510095811268411,54.06125166444741,INR weakened,0.0
FRED,E05,POST_30,BRENT,complete,2020-01-02,2020-02-18,31,67.05,57.35,-14.466815809097678,-0.1562657661523077,%,31,34.72106046243578,0.0,0.0,,,751.0,1.2045698027994378,10.432536745622096,-1.612642219763257,5.326231691078561,down,0.0
FRED,E05,POST_30,GOLD_USD,complete,2020-01-02,2020-02-18,31,1520.55,1588.2,4.449048041826975,0.0435291879645922,%,31,12.762031118994145,0.0,0.0,,,751.0,0.939175180554197,3.628034186771517,0.9421428436930982,79.76031957390146,up,0.0
FRED,E05,POST_30,NIFTY50,complete,2020-01-02,2020-02-18,31,12282.2,11992.5,-2.358697953135436,-0.0238696053733778,%,31,14.939786414046164,0.0,0.0,,,751.0,1.6457974642392958,4.110914001310153,-0.9777294148524536,14.51398135818908,down,0.0
FRED,E05,POST_30,DXY_BROAD,complete,2020-01-02,2020-02-18,31,114.9745,116.6039,1.4171838103231416,0.014072356396362,%,31,2.014861117869529,0.0,0.0,,,751.0,-0.0506057538534054,1.552525986318052,0.9390208056872812,82.82290279627163,up,0.0
FRED,E05,POST_30,VIX,complete,2020-01-02,2020-02-18,31,12.47,14.83,18.925421010425023,0.1733263964578957,%,31,122.95299295525017,0.0,0.0,,,,,,,,up,
FRED,E05,POST_30,UST10Y,complete,2020-01-02,2020-02-18,31,1.88,1.55,-0.3299999999999998,,pp,31,,0.0,0.0,,,,,,,,down,
FRED,E05,POST_30,FFR_UPPER,complete,2020-01-02,2020-02-18,31,1.75,1.75,0.0,,pp,31,,0.0,0.0,,,,,,,,,
FRED,E05,POST_30,IN_REPO,complete,2020-01-02,2020-02-18,31,5.15,5.15,0.0,,pp,31,,90.0,137.0,,,,,,,,,
FRED,E05,POST_90,USDINR,complete,2020-01-02,2020-05-12,91,71.34,75.03,5.172413793103448,0.0504308536268919,%,91,7.851561183891623,0.0,0.0,-4.91803278688524,-1.8593193303282571,751.0,0.7202243298336519,3.678065531643384,1.17601011312041,82.82290279627163,INR weakened,0.0
FRED,E05,POST_90,BRENT,complete,2020-01-02,2020-05-12,91,67.05,26.67,-60.22371364653243,-0.9218992715337644,%,91,183.18225162659903,0.0,0.0,,,751.0,3.263981834296281,15.312285617718938,-6.230407068661787,0.0,down,1.0
FRED,E05,POST_90,GOLD_USD,complete,2020-01-02,2020-05-12,91,1520.55,1703.45,12.028542303771662,0.1135834948382582,%,91,23.27511322443176,0.0,0.0,,,751.0,2.0722862992021085,6.675642320687275,1.394209348925218,93.3422103861518,up,0.0
FRED,E05,POST_90,NIFTY50,complete,2020-01-02,2020-05-12,91,12282.2,9196.55,-25.122942143915598,-0.2893226460425483,%,91,46.8903457870432,0.0,0.0,,,751.0,3.8480591003191567,5.833698531512539,-5.606757342399916,0.0,down,1.0
FRED,E05,POST_90,DXY_BROAD,complete,2020-01-02,2020-05-12,91,114.9745,123.0592,7.031733123431705,0.0679551757522808,%,91,7.885112979479928,0.0,0.0,,,751.0,0.2509157405568674,2.8894962289703487,2.2650716886240736,99.46737683089214,up,1.0
FRED,E05,POST_90,VIX,complete,2020-01-02,2020-05-12,91,12.47,33.04,164.95589414595025,0.9743931889608322,%,91,185.8971663506658,0.0,0.0,,,,,,,,up,
FRED,E05,POST_90,UST10Y,complete,2020-01-02,2020-05-12,91,1.88,0.69,-1.19,,pp,91,,0.0,0.0,,,,,,,,down,
FRED,E05,POST_90,FFR_UPPER,complete,2020-01-02,2020-05-12,91,1.75,0.25,-1.5,,pp,91,,0.0,0.0,,,,,,,,down,
FRED,E05,POST_90,IN_REPO,complete,2020-01-02,2020-05-12,91,5.15,4.4,-0.75,,pp,91,,90.0,46.0,,,,,,,,down,
FRED,E06,PRE_30,USDINR,complete,2020-05-04,2020-06-15,29,75.64,75.97,0.436277102062399,0.0043532817248734,%,29,6.458066345290455,0.0,0.0,-0.4343819928919301,3.080344183354178,751.0,0.62533643249163,2.1089058249182417,-0.0891747477028558,51.39813581890812,INR weakened,0.0
FRED,E06,PRE_30,BRENT,complete,2020-05-04,2020-06-15,29,20.4,39.44,93.33333333333331,0.659245628884264,%,29,85.68203315646981,0.0,0.0,,,751.0,-3.8737751708382784,21.35931871932347,3.271422905683216,100.0,up,1.0
FRED,E06,PRE_30,GOLD_USD,complete,2020-05-04,2020-06-15,29,1703.7,1710.4,0.3932617244820191,0.0039249047192843,%,29,12.796470400295847,0.0,0.0,,,751.0,1.079034117199407,3.7169737583909632,-0.1831499650586086,48.73501997336884,up,0.0
FRED,E06,PRE_30,NIFTY50,complete,2020-05-04,2020-06-15,29,9293.5,9813.7,5.59746059073547,0.0544641375587083,%,29,24.11853404613652,0.0,0.0,,,751.0,-0.1107769705063099,7.44877558319109,0.7460624994468562,88.01597869507324,up,0.0
FRED,E06,PRE_30,DXY_BROAD,complete,2020-05-04,2020-06-15,29,123.2117,119.9539,-2.644067081291779,-0.0267965118182951,%,29,6.041325094541419,0.0,0.0,,,751.0,0.2769564854789852,1.8221071733765648,-1.622420949048234,2.130492676431425,down,0.0
FRED,E06,PRE_30,VIX,complete,2020-05-04,2020-06-15,29,35.97,34.4,-4.364748401445651,-0.0446286933281799,%,29,158.47806208532117,0.0,0.0,,,,,,,,down,
FRED,E06,PRE_30,UST10Y,complete,2020-05-04,2020-06-15,29,0.64,0.71,0.0699999999999999,,pp,29,,0.0,0.0,,,,,,,,up,
FRED,E06,PRE_30,FFR_UPPER,complete,2020-05-04,2020-06-15,29,0.25,0.25,0.0,,pp,29,,0.0,0.0,,,,,,,,,
FRED,E06,PRE_30,IN_REPO,complete,2020-05-04,2020-06-15,29,4.4,4.0,-0.4000000000000003,,pp,29,,38.0,24.0,,,,,,,,down,
FRED,E06,PRE_14,USDINR,complete,2020-05-27,2020-06-15,13,75.88,75.97,0.1186083289404393,0.0011853804483168,%,13,4.870198680581644,0.0,0.0,-0.1184678162432617,1.4460991015716518,751.0,0.277579506999781,1.3166026349230553,-0.1205047882219756,47.4034620505992,INR weakened,0.0
FRED,E06,PRE_14,BRENT,complete,2020-05-27,2020-06-15,13,32.73,39.44,20.501069355331516,0.1864884412213456,%,13,64.00019076753462,0.0,0.0,,,751.0,-0.8477827030322405,15.335100904710302,1.271608257746346,97.60319573901464,up,0.0
FRED,E06,PRE_14,GOLD_USD,complete,2020-05-27,2020-06-15,13,1705.15,1710.4,0.3078908013957715,0.0030741778832829,%,13,13.63073716118869,0.0,0.0,,,751.0,0.5710210611318267,2.591734441208935,-0.1010825504541398,49.2676431424767,up,0.0
FRED,E06,PRE_14,NIFTY50,complete,2020-05-27,2020-06-15,13,9314.95,9813.7,5.3542960509718185,0.0521587322723601,%,13,21.861683525557147,0.0,0.0,,,751.0,-0.0534071002239455,4.895512683165546,1.0763519441490503,96.00532623169109,up,0.0
FRED,E06,PRE_14,DXY_BROAD,complete,2020-05-27,2020-06-15,13,121.5677,119.9539,-1.3274907726312124,-0.0133638069430367,%,13,5.600986631708445,0.0,0.0,,,751.0,0.1202758246099833,1.193561014509667,-1.2203684837075242,9.054593874833555,down,0.0
FRED,E06,PRE_14,VIX,complete,2020-05-27,2020-06-15,13,27.62,34.4,24.54742939898624,0.2195164163982066,%,13,196.87585191841333,0.0,0.0,,,,,,,,up,
FRED,E06,PRE_14,UST10Y,complete,2020-05-27,2020-06-15,13,0.68,0.71,0.0299999999999999,,pp,13,,0.0,0.0,,,,,,,,up,
FRED,E06,PRE_14,FFR_UPPER,complete,2020-05-27,2020-06-15,13,0.25,0.25,0.0,,pp,13,,0.0,0.0,,,,,,,,,
FRED,E06,PRE_14,IN_REPO,complete,2020-05-27,2020-06-15,13,4.0,4.0,0.0,,pp,13,,5.0,24.0,,,,,,,,,
FRED,E06,PRE_7,USDINR,complete,2020-06-05,2020-06-15,6,75.61,75.97,0.4761274963629214,0.0047499759449517,%,6,3.763137051735508,0.0,0.0,-0.4738712649730137,-0.4834411732697274,751.0,0.1250498696875324,0.909650340718352,0.3847916406646068,70.0399467376831,INR weakened,0.0
FRED,E06,PRE_7,BRENT,complete,2020-06-05,2020-06-15,6,41.0,39.44,-3.804878048780491,-0.0387915369698731,%,6,71.10117489641019,0.0,0.0,,,751.0,-0.2323225935168205,9.924529451146809,-0.3674290890843709,21.97070572569907,down,0.0
FRED,E06,PRE_7,GOLD_USD,complete,2020-06-05,2020-06-15,6,1709.55,1710.4,0.0497206867304367,0.0004970833009269,%,6,16.131565958220325,0.0,0.0,,,751.0,0.2483662012005005,2.033072463154784,-0.0975616735715351,44.0745672436751,up,0.0
FRED,E06,PRE_7,NIFTY50,complete,2020-06-05,2020-06-15,6,10142.15,9813.7,-3.2384652169411665,-0.0329206386207296,%,6,19.873252574392257,0.0,0.0,,,751.0,0.0271062475608596,3.205822262424559,-1.035355726191754,8.255659121171771,down,0.0
FRED,E06,PRE_7,DXY_BROAD,complete,2020-06-05,2020-06-15,6,118.8138,119.9539,0.9595686696326488,0.0095499405059929,%,6,4.586248974414036,0.0,0.0,,,751.0,0.0435065899071052,0.8376874557863903,1.0881109843160204,91.4780292942743,up,0.0
FRED,E06,PRE_7,VIX,complete,2020-06-05,2020-06-15,6,24.52,34.4,40.29363784665578,0.3385674533113419,%,6,282.72543101383667,0.0,0.0,,,,,,,,up,
FRED,E06,PRE_7,UST10Y,complete,2020-06-05,2020-06-15,6,0.91,0.71,-0.2,,pp,6,,0.0,0.0,,,,,,,,down,
FRED,E06,PRE_7,FFR_UPPER,complete,2020-06-05,2020-06-15,6,0.25,0.25,0.0,,pp,6,,0.0,0.0,,,,,,,,,
FRED,E06,PRE_7,IN_REPO,complete,2020-06-05,2020-06-15,6,4.0,4.0,0.0,,pp,6,,14.0,24.0,,,,,,,,,
FRED,E06,EVENT,USDINR,complete,2020-06-15,2020-06-16,1,75.97,76.19,0.2895879952612867,0.002891694969788,%,1,,0.0,0.0,-0.2887518046987725,0.612128571265913,751.0,0.0218377272692249,0.3813320564835147,0.7010534500020635,80.29294274300932,INR weakened,0.0
FRED,E06,EVENT,BRENT,complete,2020-06-15,2020-06-16,1,39.44,40.75,3.321501014198791,0.0326753099524371,%,1,,0.0,0.0,,,751.0,-0.0238572794300839,4.4413481041184655,0.7410792948031493,93.3422103861518,up,0.0
FRED,E06,EVENT,GOLD_USD,complete,2020-06-15,2020-06-16,1,1710.4,1728.35,1.0494621141253324,0.0104399348797845,%,1,,0.0,0.0,,,751.0,0.0397284071445458,0.8148434292675206,1.2324735457200495,92.01065246338216,up,0.0
FRED,E06,EVENT,NIFTY50,complete,2020-06-15,2020-06-16,1,9813.7,9914.0,1.0220406166889129,0.0101685309734032,%,1,,0.0,0.0,,,751.0,0.0027043500634871,1.289114089854598,0.7867021172331709,90.54593874833556,up,0.0
FRED,E06,EVENT,DXY_BROAD,complete,2020-06-15,2020-06-16,1,119.9539,119.567,-0.3225405760046262,-0.0032306185932241,%,1,,0.0,0.0,,,751.0,0.007971548308161,0.2957538307653197,-1.119285890779282,9.986684420772304,down,0.0
FRED,E06,EVENT,VIX,complete,2020-06-15,2020-06-16,1,34.4,33.67,-2.1220930232558,-0.0214493312063694,%,1,,0.0,0.0,,,,,,,,down,
FRED,E06,EVENT,UST10Y,complete,2020-06-15,2020-06-16,1,0.71,0.75,0.04,,pp,1,,0.0,0.0,,,,,,,,up,
FRED,E06,EVENT,FFR_UPPER,complete,2020-06-15,2020-06-16,1,0.25,0.25,0.0,,pp,1,,0.0,0.0,,,,,,,,,
FRED,E06,EVENT,IN_REPO,complete,2020-06-15,2020-06-16,1,4.0,4.0,0.0,,pp,1,,24.0,25.0,,,,,,,,,
FRED,E06,POST_7,USDINR,complete,2020-06-15,2020-06-25,8,75.97,75.58,-0.5133605370540972,-0.0051468275937872,%,8,4.773453403088054,0.0,0.0,0.5160095263297082,-0.8016379502936766,751.0,0.1728513336700876,1.042318935616838,-0.6594765321493562,22.103861517976032,INR strengthened,0.0
FRED,E06,POST_7,BRENT,complete,2020-06-15,2020-06-25,8,39.44,41.18,4.41176470588236,0.0431721718652087,%,8,46.72466572980371,0.0,0.0,,,751.0,-0.2016942081672801,11.453553946570525,0.3945600721359332,75.63249001331558,up,0.0
FRED,E06,POST_7,GOLD_USD,complete,2020-06-15,2020-06-25,8,1710.4,1758.55,2.815130963517287,0.0277623445628924,%,8,13.21284726797624,0.0,0.0,,,751.0,0.3138924560669442,2.223890161140564,1.1074439093873507,89.74700399467378,up,0.0
FRED,E06,POST_7,NIFTY50,complete,2020-06-15,2020-06-25,8,9813.7,10288.9,4.842210379367606,0.0472862756039591,%,8,19.35569710577024,0.0,0.0,,,751.0,0.0407292575993478,3.715681902050376,1.2616544468783426,96.00532623169109,up,0.0
FRED,E06,POST_7,DXY_BROAD,complete,2020-06-15,2020-06-25,8,119.9539,120.2997,0.2882774132395793,0.0028786269074766,%,8,5.638085987782114,0.0,0.0,,,751.0,0.0562191899304842,0.970024137392394,0.2388180757090565,60.18641810918774,up,0.0
FRED,E06,POST_7,VIX,complete,2020-06-15,2020-06-25,8,34.4,32.22,-6.337209302325586,-0.0654691866305244,%,8,90.36392833376564,0.0,0.0,,,,,,,,down,
FRED,E06,POST_7,UST10Y,complete,2020-06-15,2020-06-25,8,0.71,0.68,-0.0299999999999999,,pp,8,,0.0,0.0,,,,,,,,down,
FRED,E06,POST_7,FFR_UPPER,complete,2020-06-15,2020-06-25,8,0.25,0.25,0.0,,pp,8,,0.0,0.0,,,,,,,,,
FRED,E06,POST_7,IN_REPO,complete,2020-06-15,2020-06-25,8,4.0,4.0,0.0,,pp,8,,24.0,34.0,,,,,,,,,
FRED,E06,POST_14,USDINR,complete,2020-06-15,2020-07-07,15,75.97,74.81,-1.5269185204686009,-0.0153869596308166,%,15,5.3062780253333175,0.0,0.0,1.5505948402619874,-1.2082961163616956,751.0,0.3182307088950287,1.4256714338166334,-1.3021383088094654,7.323568575233022,INR strengthened,0.0
FRED,E06,POST_14,BRENT,complete,2020-06-15,2020-07-07,15,39.44,43.28,9.73630831643002,0.0929101048037914,%,15,35.42729256171194,0.0,0.0,,,751.0,-0.559219766913921,16.752989869427815,0.5880621794562161,90.67909454061252,up,0.0
FRED,E06,POST_14,GOLD_USD,complete,2020-06-15,2020-07-07,15,1710.4,1775.5,3.806127221702527,0.0373548121123618,%,15,11.021093459119456,0.0,0.0,,,751.0,0.6080977479967942,2.81026620877506,1.1134976844443796,87.21704394141145,up,0.0
FRED,E06,POST_14,NIFTY50,complete,2020-06-15,2020-07-07,15,9813.7,10799.65,10.04666945188868,0.0957343575726563,%,15,16.61197700134602,0.0,0.0,,,751.0,0.0505760804018651,5.453433760243389,1.7462158487513362,98.40213049267643,up,0.0
FRED,E06,POST_14,DXY_BROAD,complete,2020-06-15,2020-07-07,15,119.9539,119.5717,-0.3186224041069052,-0.003191310860928,%,15,4.995326285144033,0.0,0.0,,,751.0,0.1125861518346926,1.329032094031492,-0.3247881741817888,33.82157123834887,down,0.0
FRED,E06,POST_14,VIX,complete,2020-06-15,2020-07-07,15,34.4,29.43,-14.44767441860465,-0.1560420021339712,%,15,89.64797414140968,0.0,0.0,,,,,,,,down,
FRED,E06,POST_14,UST10Y,complete,2020-06-15,2020-07-07,15,0.71,0.65,-0.0599999999999999,,pp,15,,0.0,0.0,,,,,,,,down,
FRED,E06,POST_14,FFR_UPPER,complete,2020-06-15,2020-07-07,15,0.25,0.25,0.0,,pp,15,,0.0,0.0,,,,,,,,,
FRED,E06,POST_14,IN_REPO,complete,2020-06-15,2020-07-07,15,4.0,4.0,0.0,,pp,15,,24.0,46.0,,,,,,,,,
FRED,E06,POST_30,USDINR,complete,2020-06-15,2020-07-29,31,75.97,74.92,-1.3821245228379575,-0.0139176479392424,%,31,4.406801624039204,0.0,0.0,1.4014949279231192,0.9031700778378116,751.0,0.6658128381586081,2.1876777805016503,-0.939521764356061,13.18242343541944,INR strengthened,0.0
FRED,E06,POST_30,BRENT,complete,2020-06-15,2020-07-29,31,39.44,43.51,10.319472616632863,0.0982102669981541,%,31,30.050193334218623,0.0,0.0,,,751.0,-1.793720259180731,26.03354591925588,0.4467708377119866,80.29294274300932,up,0.0
FRED,E06,POST_30,GOLD_USD,complete,2020-06-15,2020-07-29,31,1710.4,1954.35,14.262745556594949,0.1333303960462694,%,31,12.573748356873365,0.0,0.0,,,751.0,1.3003816035522142,3.8437077381449223,3.132662833028965,99.86684420772303,up,1.0
FRED,E06,POST_30,NIFTY50,complete,2020-06-15,2020-07-29,31,9813.7,11202.85,14.155211591958183,0.1323888415912393,%,31,16.265466108016827,0.0,0.0,,,751.0,0.0071810728979659,7.75231091950198,1.7068076192308717,99.46737683089214,up,0.0
FRED,E06,POST_30,DXY_BROAD,complete,2020-06-15,2020-07-29,31,119.9539,117.2126,-2.285294600675769,-0.0231181224077537,%,31,4.282230738607307,0.0,0.0,,,751.0,0.262585185019204,1.9300291596392187,-1.333686209025765,6.25832223701731,down,0.0
FRED,E06,POST_30,VIX,complete,2020-06-15,2020-07-29,31,34.4,24.1,-29.94186046511628,-0.3558447238827433,%,31,96.41563457947647,0.0,0.0,,,,,,,,down,
FRED,E06,POST_30,UST10Y,complete,2020-06-15,2020-07-29,31,0.71,0.58,-0.13,,pp,31,,0.0,0.0,,,,,,,,down,
FRED,E06,POST_30,FFR_UPPER,complete,2020-06-15,2020-07-29,31,0.25,0.25,0.0,,pp,31,,0.0,0.0,,,,,,,,,
FRED,E06,POST_30,IN_REPO,complete,2020-06-15,2020-07-29,31,4.0,4.0,0.0,,pp,31,,24.0,68.0,,,,,,,,,
FRED,E06,POST_90,USDINR,complete,2020-06-15,2020-10-23,91,75.97,73.86,-2.777412136369617,-0.028167116090713,%,91,4.936800888196622,0.0,0.0,2.8567560249119994,1.3419203738697316,751.0,1.6580680931112646,3.555812640715005,-1.2546172377310187,10.252996005326231,INR strengthened,0.0
FRED,E06,POST_90,BRENT,complete,2020-06-15,2020-10-23,91,39.44,40.71,3.2200811359026416,0.0316932327804528,%,91,35.328864048962096,0.0,0.0,,,751.0,-6.2663087575266285,33.1800370635368,0.2905534100112953,52.19707057256991,up,0.0
FRED,E06,POST_90,GOLD_USD,complete,2020-06-15,2020-10-23,91,1710.4,1910.6,11.704864359214206,0.1106900675651271,%,91,17.428453723498553,0.0,0.0,,,751.0,3.494876174482675,6.435034634786583,1.1862896156163565,87.88282290279628,up,0.0
FRED,E06,POST_90,NIFTY50,complete,2020-06-15,2020-10-23,91,9813.7,11930.35,21.568317759866297,0.1953062048583566,%,91,16.4262993018169,0.0,0.0,,,751.0,0.7065244236751367,10.56516507094555,1.7819485190690976,100.0,up,0.0
FRED,E06,POST_90,DXY_BROAD,complete,2020-06-15,2020-10-23,91,119.9539,115.0126,-4.1193325102393485,-0.0420658147256496,%,91,4.787060048337715,0.0,0.0,,,751.0,0.6148696648863528,3.0116622157610258,-1.6003018206459292,5.59254327563249,down,0.0
FRED,E06,POST_90,VIX,complete,2020-06-15,2020-10-23,91,34.4,27.55,-19.91279069767441,-0.222054028780429,%,91,89.47600413811776,0.0,0.0,,,,,,,,down,
FRED,E06,POST_90,UST10Y,complete,2020-06-15,2020-10-23,91,0.71,0.85,0.14,,pp,91,,0.0,0.0,,,,,,,,up,
FRED,E06,POST_90,FFR_UPPER,complete,2020-06-15,2020-10-23,91,0.25,0.25,0.0,,pp,91,,0.0,0.0,,,,,,,,,
FRED,E06,POST_90,IN_REPO,complete,2020-06-15,2020-10-23,91,4.0,4.0,0.0,,pp,91,,24.0,154.0,,,,,,,,,
FRED,E07,PRE_30,USDINR,complete,2022-01-11,2022-02-23,29,73.81,74.6,1.070315675382738,0.0106462834277541,%,29,4.839890855465505,0.0,0.0,-1.0589812332439608,1.2152215040106995,751.0,0.2378876196299506,1.8339223251768555,0.4509587000764644,72.83621837549934,INR weakened,0.0
FRED,E07,PRE_30,BRENT,complete,2022-01-11,2022-02-23,29,84.98,99.29,16.83925629559897,0.1556289263588372,%,29,28.36868361124447,0.0,0.0,,,751.0,1.1137184403639422,25.80693311156777,0.5601336009473368,84.95339547270306,up,0.0
FRED,E07,PRE_30,GOLD_USD,complete,2022-01-11,2022-02-23,29,1805.2,1895.7,5.013294925770007,0.0489167744946732,%,29,11.156994353286208,0.0,0.0,,,751.0,1.4042153677004343,4.436862186379929,0.7882214287282079,75.63249001331558,up,0.0
FRED,E07,PRE_30,NIFTY50,complete,2022-01-11,2022-02-23,29,18055.75,17063.25,-5.496863879927449,-0.0565371655832583,%,29,20.12226717777591,0.0,0.0,,,751.0,1.8577740700074676,8.303618500209886,-0.9025516764022848,9.054593874833555,down,0.0
FRED,E07,PRE_30,DXY_BROAD,complete,2022-01-11,2022-02-23,29,114.8332,114.6668,-0.1449058286279614,-0.0014501091865713,%,29,4.188208062525023,0.0,0.0,,,751.0,-0.0156584121235869,1.795702294466426,-0.072033811436792,46.60452729693741,down,0.0
FRED,E07,PRE_30,VIX,complete,2022-01-11,2022-02-23,29,18.41,31.02,68.49538294405215,0.5217381625034063,%,29,141.7500173427162,0.0,0.0,,,,,,,,up,
FRED,E07,PRE_30,UST10Y,complete,2022-01-11,2022-02-23,29,1.75,1.99,0.24,,pp,29,,0.0,0.0,,,,,,,,up,
FRED,E07,PRE_30,FFR_UPPER,complete,2022-01-11,2022-02-23,29,0.25,0.25,0.0,,pp,29,,0.0,0.0,,,,,,,,,
FRED,E07,PRE_30,IN_REPO,complete,2022-01-11,2022-02-23,29,4.0,4.0,0.0,,pp,29,,599.0,642.0,,,,,,,,,
FRED,E07,PRE_14,USDINR,complete,2022-02-03,2022-02-23,13,74.71,74.6,-0.1472359791192645,-0.0014734447779947,%,13,4.808138080659627,0.0,0.0,0.1474530831099274,0.0613684079258547,751.0,0.0863414270894979,1.2369773238506263,-0.1888867706911365,46.20505992010652,INR strengthened,0.0
FRED,E07,PRE_14,BRENT,complete,2022-02-03,2022-02-23,13,92.99,99.29,6.774922034627395,0.0655529005553969,%,13,36.08096031542449,0.0,0.0,,,751.0,0.6923988366341227,15.67856547863788,0.3740952767572573,78.96138482023967,up,0.0
FRED,E07,PRE_14,GOLD_USD,complete,2022-02-03,2022-02-23,13,1803.75,1895.7,5.097713097713097,0.0497203323594386,%,13,10.0548998447069,0.0,0.0,,,751.0,0.5890444575550768,3.1317519350629737,1.4000843468350606,91.61118508655126,up,0.0
FRED,E07,PRE_14,NIFTY50,complete,2022-02-03,2022-02-23,13,17560.2,17063.25,-2.8299791574127875,-0.0287079496406546,%,13,23.38993822633061,0.0,0.0,,,751.0,0.83748412884046,5.287714032512109,-0.7006414547841434,11.18508655126498,down,0.0
FRED,E07,PRE_14,DXY_BROAD,complete,2022-02-03,2022-02-23,13,114.9065,114.6668,-0.2086043870451193,-0.0020882226905694,%,13,3.029333560219799,0.0,0.0,,,751.0,0.0136254898673859,1.175967957258148,-0.1891606224181642,42.743009320905465,down,0.0
FRED,E07,PRE_14,VIX,complete,2022-02-03,2022-02-23,13,24.35,31.02,27.39219712525667,0.2421003082197939,%,13,145.09613049750766,0.0,0.0,,,,,,,,up,
FRED,E07,PRE_14,UST10Y,complete,2022-02-03,2022-02-23,13,1.82,1.99,0.1699999999999999,,pp,13,,0.0,0.0,,,,,,,,up,
FRED,E07,PRE_14,FFR_UPPER,complete,2022-02-03,2022-02-23,13,0.25,0.25,0.0,,pp,13,,0.0,0.0,,,,,,,,,
FRED,E07,PRE_14,IN_REPO,complete,2022-02-03,2022-02-23,13,4.0,4.0,0.0,,pp,13,,622.0,642.0,,,,,,,,,
FRED,E07,PRE_7,USDINR,complete,2022-02-14,2022-02-23,6,75.63,74.6,-1.361893428533656,-0.013712522658223,%,6,4.139500271582846,0.0,0.0,1.3806970509383287,-0.9037122290677102,751.0,0.0396912731268184,0.8172182445127136,-1.7265102358162714,4.660452729693742,INR strengthened,0.0
FRED,E07,PRE_7,BRENT,complete,2022-02-14,2022-02-23,6,101.66,99.29,-2.3313004131418347,-0.0235890509732536,%,6,34.485406688452,0.0,0.0,,,751.0,0.3652687081724615,10.03566909384934,-0.2713828339627577,22.90279627163781,down,0.0
FRED,E07,PRE_7,GOLD_USD,complete,2022-02-14,2022-02-23,6,1855.8,1895.7,2.1500161655350736,0.0212722935284402,%,6,10.966454336691566,0.0,0.0,,,751.0,0.2667322403520966,2.386738928973984,0.7796630745993048,84.02130492676432,up,0.0
FRED,E07,PRE_7,NIFTY50,complete,2022-02-14,2022-02-23,6,16842.8,17063.25,1.3088678841997714,0.0130037622465219,%,6,22.279651589779107,0.0,0.0,,,751.0,0.3644119481331032,3.4454309659834426,0.271846006325335,62.84953395472704,up,0.0
FRED,E07,PRE_7,DXY_BROAD,complete,2022-02-14,2022-02-23,6,115.1946,114.6668,-0.4581811994659457,-0.0045923406678134,%,6,2.0286122331136576,0.0,0.0,,,751.0,0.0039469152528281,0.8226461402935463,-0.5630378378487703,28.22902796271638,down,0.0
FRED,E07,PRE_7,VIX,complete,2022-02-14,2022-02-23,6,28.33,31.02,9.49523473349807,0.0907108439059676,%,6,141.4042044168689,0.0,0.0,,,,,,,,up,
FRED,E07,PRE_7,UST10Y,complete,2022-02-14,2022-02-23,6,1.98,1.99,0.01,,pp,6,,0.0,0.0,,,,,,,,up,
FRED,E07,PRE_7,FFR_UPPER,complete,2022-02-14,2022-02-23,6,0.25,0.25,0.0,,pp,6,,0.0,0.0,,,,,,,,,
FRED,E07,PRE_7,IN_REPO,complete,2022-02-14,2022-02-23,6,4.0,4.0,0.0,,pp,6,,633.0,642.0,,,,,,,,,
FRED,E07,EVENT,USDINR,complete,2022-02-23,2022-02-24,1,74.6,75.61,1.3538873994638043,0.0134480423604633,%,1,,0.0,0.0,-1.3358021425737387,0.2418828785388127,751.0,0.006305149854624,0.3487228557140537,3.83828952712948,99.73368841544608,INR weakened,1.0
FRED,E07,EVENT,BRENT,complete,2022-02-23,2022-02-24,1,99.29,101.29,2.0143015409406884,0.0199428286532031,%,1,,0.0,0.0,,,751.0,0.0525699287588388,4.5315996750410665,0.4284859407158685,81.89081225033289,up,0.0
FRED,E07,EVENT,GOLD_USD,complete,2022-02-23,2022-02-24,1,1895.7,1968.35,3.832357440523282,0.0376074648804934,%,1,,0.0,0.0,,,751.0,0.046697906621218,0.960094336171844,3.8684318213106312,99.86684420772303,up,1.0
FRED,E07,EVENT,NIFTY50,complete,2022-02-23,2022-02-24,1,17063.25,16247.95,-4.778104991721976,-0.048960281051569,%,1,,0.0,0.0,,,751.0,0.0610467418703297,1.3917294809567269,-3.5617958007730657,0.7989347536617843,down,1.0
FRED,E07,EVENT,DXY_BROAD,complete,2022-02-23,2022-02-24,1,114.6668,115.9419,1.1120045209249918,0.0110586720687846,%,1,,0.0,0.0,,,751.0,0.0001832539197721,0.2950614652571305,3.7473004215004817,99.46737683089214,up,1.0
FRED,E07,EVENT,VIX,complete,2022-02-23,2022-02-24,1,31.02,30.32,-2.256608639587365,-0.0228245969742218,%,1,,0.0,0.0,,,,,,,,down,
FRED,E07,EVENT,UST10Y,complete,2022-02-23,2022-02-24,1,1.99,1.96,-0.03,,pp,1,,0.0,0.0,,,,,,,,down,
FRED,E07,EVENT,FFR_UPPER,complete,2022-02-23,2022-02-24,1,0.25,0.25,0.0,,pp,1,,0.0,0.0,,,,,,,,,
FRED,E07,EVENT,IN_REPO,complete,2022-02-23,2022-02-24,1,4.0,4.0,0.0,,pp,1,,642.0,643.0,,,,,,,,,
FRED,E07,POST_7,USDINR,complete,2022-02-23,2022-03-07,8,74.6,76.91,3.096514745308321,0.0304953998592473,%,8,9.699941672136235,0.0,0.0,-3.003510596801462,0.7758779088395285,751.0,0.0570737598432957,0.9367656395753572,3.194483636605019,99.06790945406124,INR weakened,1.0
FRED,E07,POST_7,BRENT,complete,2022-02-23,2022-03-07,8,99.29,129.02,29.94259240608319,0.2619225700585929,%,8,67.03166184353815,0.0,0.0,,,751.0,0.4581549139941021,11.518013204056194,2.234339201639008,97.86950732356856,up,1.0
FRED,E07,POST_7,GOLD_USD,complete,2022-02-23,2022-03-07,8,1895.7,1999.25,5.462362188109937,0.05318394676448,%,8,31.9962771146566,0.0,0.0,,,751.0,0.3745226479587193,2.608763953693067,1.895369495333024,96.80426098535288,up,0.0
FRED,E07,POST_7,NIFTY50,complete,2022-02-23,2022-03-07,8,17063.25,15863.15,-7.033243959972458,-0.0729282186747701,%,8,34.957661467271535,0.0,0.0,,,751.0,0.4981332920263259,3.9875441320548775,-1.9535128195426643,1.7310252996005324,down,0.0
FRED,E07,POST_7,DXY_BROAD,complete,2022-02-23,2022-03-07,8,114.6668,117.3278,2.3206368364687924,0.0229411952317431,%,8,8.245433233401487,0.0,0.0,,,751.0,0.0001418383644757,0.9366188672465624,2.4492114830594507,98.66844207723037,up,1.0
FRED,E07,POST_7,VIX,complete,2022-02-23,2022-03-07,8,31.02,36.45,17.50483558994198,0.1613093007062744,%,8,134.20548601274584,0.0,0.0,,,,,,,,up,
FRED,E07,POST_7,UST10Y,complete,2022-02-23,2022-03-07,8,1.99,1.78,-0.2099999999999999,,pp,8,,0.0,0.0,,,,,,,,down,
FRED,E07,POST_7,FFR_UPPER,complete,2022-02-23,2022-03-07,8,0.25,0.25,0.0,,pp,8,,0.0,0.0,,,,,,,,,
FRED,E07,POST_7,IN_REPO,complete,2022-02-23,2022-03-07,8,4.0,4.0,0.0,,pp,8,,642.0,654.0,,,,,,,,,
FRED,E07,POST_14,USDINR,complete,2022-02-23,2022-03-16,15,74.6,76.17,2.1045576407506816,0.0208271771749817,%,15,9.010744560899742,0.0,0.0,-2.061178941840625,0.2378446950680679,751.0,0.1003622557732786,1.3474628040406609,1.4712137396450464,92.27696404793608,INR weakened,0.0
FRED,E07,POST_14,BRENT,complete,2022-02-23,2022-03-16,15,99.29,104.61,5.358042098902205,0.0521942883101667,%,15,92.78384745608624,0.0,0.0,,,751.0,0.8610552864375176,16.919605781247515,0.2578109406614189,66.04527296937417,up,0.0
FRED,E07,POST_14,GOLD_USD,complete,2022-02-23,2022-03-16,15,1895.7,1918.75,1.2159096903518574,0.0120857688879881,%,15,26.401292495793037,0.0,0.0,,,751.0,0.6774286984907674,3.3679539479059017,0.1583847156207404,59.92010652463382,up,0.0
FRED,E07,POST_14,NIFTY50,complete,2022-02-23,2022-03-16,15,17063.25,16975.35,-0.5151421915520316,-0.0051647362341947,%,15,31.48572900602012,0.0,0.0,,,751.0,0.9412229795789706,5.722045756764514,-0.2539816633572513,29.82689747003995,down,0.0
FRED,E07,POST_14,DXY_BROAD,complete,2022-02-23,2022-03-16,15,114.6668,116.8073,1.8667129456826137,0.0184950369457726,%,15,7.790889565436039,0.0,0.0,,,751.0,0.0079474057580908,1.2616290883466572,1.4596656193319588,96.13848202396804,up,0.0
FRED,E07,POST_14,VIX,complete,2022-02-23,2022-03-16,15,31.02,26.67,-14.023210831721467,-0.1510928195544698,%,15,121.71681174255116,0.0,0.0,,,,,,,,down,
FRED,E07,POST_14,UST10Y,complete,2022-02-23,2022-03-16,15,1.99,2.19,0.1999999999999999,,pp,15,,0.0,0.0,,,,,,,,up,
FRED,E07,POST_14,FFR_UPPER,complete,2022-02-23,2022-03-16,15,0.25,0.25,0.0,,pp,15,,0.0,0.0,,,,,,,,,
FRED,E07,POST_14,IN_REPO,complete,2022-02-23,2022-03-16,15,4.0,4.0,0.0,,pp,15,,642.0,663.0,,,,,,,,,
FRED,E07,POST_30,USDINR,complete,2022-02-23,2022-04-07,31,74.6,75.9,1.7426273458445165,0.0172761771918691,%,31,7.688448521293467,0.0,0.0,-1.7127799736495586,0.2736755655558864,751.0,0.2092241714577669,1.8685736459676336,0.8127119420542844,82.15712383488682,INR weakened,0.0
FRED,E07,POST_30,BRENT,complete,2022-02-23,2022-04-07,31,99.29,99.83,0.5438614160539812,0.005423878302831,%,31,80.70523392974118,0.0,0.0,,,751.0,1.7130468847784908,27.099767687190703,-0.0426627955687301,39.680426098535285,up,0.0
FRED,E07,POST_30,GOLD_USD,complete,2022-02-23,2022-04-07,31,1895.7,1926.4,1.6194545550456407,0.0160648126669827,%,31,19.436420650124397,0.0,0.0,,,751.0,1.4167282740016107,4.534797739936903,0.0440360982494561,56.99067909454061,up,0.0
FRED,E07,POST_30,NIFTY50,complete,2022-02-23,2022-04-07,31,17063.25,17639.55,3.377433958946852,0.0332165120260768,%,31,24.262599398220683,0.0,0.0,,,751.0,2.0042145947736456,8.582524449250256,0.1558115692649184,54.32756324900133,up,0.0
FRED,E07,POST_30,DXY_BROAD,complete,2022-02-23,2022-04-07,31,114.6668,116.3512,1.4689517802886298,0.0145826719084422,%,31,6.423357605894696,0.0,0.0,,,751.0,0.0193249589683031,1.8378857058977789,0.7829344851467184,82.9560585885486,up,0.0
FRED,E07,POST_30,VIX,complete,2022-02-23,2022-04-07,31,31.02,21.55,-30.52869116698904,-0.364256341198636,%,31,104.31176384871164,0.0,0.0,,,,,,,,down,
FRED,E07,POST_30,UST10Y,complete,2022-02-23,2022-04-07,31,1.99,2.66,0.6700000000000002,,pp,31,,0.0,0.0,,,,,,,,up,
FRED,E07,POST_30,FFR_UPPER,complete,2022-02-23,2022-04-07,31,0.25,0.5,0.25,,pp,31,,0.0,0.0,,,,,,,,up,
FRED,E07,POST_30,IN_REPO,complete,2022-02-23,2022-04-07,31,4.0,4.0,0.0,,pp,31,,642.0,685.0,,,,,,,,,
FRED,E07,POST_90,USDINR,complete,2022-02-23,2022-07-05,91,74.6,79.27,6.260053619302952,0.0607192396393493,%,91,5.459675085686902,0.0,0.0,-5.89125772675666,-0.6761301758321681,751.0,0.5249219509690706,2.8733876610354314,1.9309524437278929,94.94007989347536,INR weakened,0.0
FRED,E07,POST_90,BRENT,complete,2022-02-23,2022-07-05,91,99.29,110.49,11.280088629267793,0.1068801580795808,%,91,59.38764933867036,0.0,0.0,,,751.0,3.169126036849357,39.99017948781768,0.1892482180832207,53.79494007989347,up,0.0
FRED,E07,POST_90,GOLD_USD,complete,2022-02-23,2022-07-05,91,1895.7,1804.4,-4.81616289497283,-0.0493600369132783,%,91,15.70820867299228,0.0,0.0,,,751.0,4.536333953544558,7.290790037589448,-1.2855198785161417,10.785619174434087,down,0.0
FRED,E07,POST_90,NIFTY50,complete,2022-02-23,2022-07-05,91,17063.25,15810.85,-7.339750633671782,-0.0762306148060571,%,91,20.8900776834202,0.0,0.0,,,751.0,6.250735128937923,14.214472535625234,-0.9628366801239808,11.717709720372836,down,0.0
FRED,E07,POST_90,DXY_BROAD,complete,2022-02-23,2022-07-05,91,114.6668,122.6203,6.93618379513512,0.0670620574191778,%,91,6.379407254410429,0.0,0.0,,,751.0,-0.0298580143411109,2.990521283371716,2.2524729223985926,98.26897470039948,up,1.0
FRED,E07,POST_90,VIX,complete,2022-02-23,2022-07-05,91,31.02,27.54,-11.218568665377182,-0.118992664447884,%,91,123.90994810296463,0.0,0.0,,,,,,,,down,
FRED,E07,POST_90,UST10Y,complete,2022-02-23,2022-07-05,91,1.99,2.82,0.8299999999999998,,pp,91,,0.0,0.0,,,,,,,,up,
FRED,E07,POST_90,FFR_UPPER,complete,2022-02-23,2022-07-05,91,0.25,1.75,1.5,,pp,91,,0.0,0.0,,,,,,,,up,
FRED,E07,POST_90,IN_REPO,complete,2022-02-23,2022-07-05,91,4.0,4.9,0.9000000000000004,,pp,91,,642.0,27.0,,,,,,,,up,
FRED,E08,PRE_30,USDINR,complete,2023-08-25,2023-10-06,29,82.64,83.25,0.7381413359148103,0.00735430404917,%,29,2.4455046213785034,0.0,0.0,-0.7327327327327327,-1.6205946418204942,751.0,0.3775060939085639,1.4062522183129451,0.2550289858137614,61.65113182423435,INR weakened,0.0
FRED,E08,PRE_30,BRENT,complete,2023-08-25,2023-10-06,29,85.42,87.86,2.8564738937017164,0.0281643731343131,%,29,30.1411899568788,0.0,0.0,,,751.0,2.5637541565875166,12.011529209230796,0.0237268883871551,49.66711051930759,up,0.0
FRED,E08,PRE_30,GOLD_USD,complete,2023-08-25,2023-10-06,29,1917.85,1821.9,-5.002998148968885,-0.0513248543483912,%,29,9.036872174488323,0.0,0.0,,,751.0,0.0226819194399041,4.346226042981397,-1.1861244057118294,11.18508655126498,down,0.0
FRED,E08,PRE_30,NIFTY50,complete,2023-08-25,2023-10-06,29,19265.8,19653.5,2.0123742590497207,0.01992393620315,%,29,8.517117997158104,0.0,0.0,,,751.0,2.2063156257528416,5.132134236100002,-0.0370089773790988,47.93608521970706,up,0.0
FRED,E08,PRE_30,DXY_BROAD,complete,2023-08-25,2023-10-06,29,120.5137,123.3563,2.3587359777353045,0.0233134764360745,%,29,5.200290434851198,0.0,0.0,,,751.0,0.0436545829973766,1.8234820207128288,1.2545791844751213,90.94540612516646,up,0.0
FRED,E08,PRE_30,VIX,complete,2023-08-25,2023-10-06,29,15.68,17.45,11.288265306122437,0.1069536337261742,%,29,90.35859096651986,0.0,0.0,,,,,,,,up,
FRED,E08,PRE_30,UST10Y,complete,2023-08-25,2023-10-06,29,4.25,4.78,0.5300000000000002,,pp,29,,0.0,0.0,,,,,,,,up,
FRED,E08,PRE_30,FFR_UPPER,complete,2023-08-25,2023-10-06,29,5.5,5.5,0.0,,pp,29,,0.0,0.0,,,,,,,,,
FRED,E08,PRE_30,IN_REPO,complete,2023-08-25,2023-10-06,29,6.5,6.5,0.0,,pp,29,,198.0,240.0,,,,,,,,,
FRED,E08,PRE_14,USDINR,complete,2023-09-19,2023-10-06,13,83.27,83.25,-0.0240182538729372,-0.0002402113871746,%,13,2.159274407757468,0.0,0.0,0.0240240240240163,-1.8329639434107148,751.0,0.2122733375770291,1.0554565585460296,-0.2236657613820327,43.80825565912117,INR strengthened,0.0
FRED,E08,PRE_14,BRENT,complete,2023-09-19,2023-10-06,13,96.11,87.86,-8.583914264904802,-0.0897487302875595,%,13,38.7722361679219,0.0,0.0,,,751.0,1.3747614333362137,7.844753739212374,-1.3181128032964102,9.85352862849534,down,0.0
FRED,E08,PRE_14,GOLD_USD,complete,2023-09-19,2023-10-06,13,1935.0,1821.9,-5.844961240310076,-0.0602274138922428,%,13,9.775854493569804,0.0,0.0,,,751.0,-0.0167998594514551,3.0654830652373244,-1.9592149069573803,2.396804260985353,down,0.0
FRED,E08,PRE_14,NIFTY50,complete,2023-09-19,2023-10-06,13,20133.3,19653.5,-2.3831165283386246,-0.0241197211394917,%,13,9.388526426350037,1.0,0.0,,,751.0,0.9555363308328736,3.359247722828245,-1.0011086852673825,16.11185086551265,down,0.0
FRED,E08,PRE_14,DXY_BROAD,complete,2023-09-19,2023-10-06,13,121.1645,123.3563,1.8089456895377776,0.017927789410344,%,13,5.935422047388635,0.0,0.0,,,751.0,0.0761032776179337,1.2106206645156703,1.4180367621295389,92.01065246338216,up,0.0
FRED,E08,PRE_14,VIX,complete,2023-09-19,2023-10-06,13,14.11,17.45,23.67115520907157,0.2124558827837134,%,13,113.83285835143292,0.0,0.0,,,,,,,,up,
FRED,E08,PRE_14,UST10Y,complete,2023-09-19,2023-10-06,13,4.37,4.78,0.4100000000000001,,pp,13,,0.0,0.0,,,,,,,,up,
FRED,E08,PRE_14,FFR_UPPER,complete,2023-09-19,2023-10-06,13,5.5,5.5,0.0,,pp,13,,0.0,0.0,,,,,,,,,
FRED,E08,PRE_14,IN_REPO,complete,2023-09-19,2023-10-06,13,6.5,6.5,0.0,,pp,13,,223.0,240.0,,,,,,,,,
FRED,E08,PRE_7,USDINR,complete,2023-09-28,2023-10-06,6,83.13,83.25,0.1443522194153779,0.0014424813175565,%,6,1.6023553598106517,0.0,0.0,-0.1441441441441537,-0.5265625129613927,751.0,0.0977911323891245,0.7069034555369965,0.0657866125566202,53.26231691078562,INR weakened,0.0
FRED,E08,PRE_7,BRENT,complete,2023-09-28,2023-10-06,6,96.64,87.86,-9.08526490066225,-0.0952480956388712,%,6,50.71641305162666,0.0,0.0,,,751.0,0.6668578868131325,5.789472095213219,-1.7599970466713497,5.326231691078561,down,0.0
FRED,E08,PRE_7,GOLD_USD,complete,2023-09-28,2023-10-06,6,1874.1,1821.9,-2.7853369617416246,-0.0282486315959944,%,6,13.116133232161191,0.0,0.0,,,751.0,-0.0085388462546687,2.1176012553621377,-1.3299595198260867,9.587217043941411,down,0.0
FRED,E08,PRE_7,NIFTY50,complete,2023-09-28,2023-10-06,6,19523.55,19653.5,0.6656064086705493,0.006634010299003,%,6,8.483242023044022,0.0,0.0,,,751.0,0.4394966121174626,2.3613919465700555,0.0952266242934813,52.46338215712384,up,0.0
FRED,E08,PRE_7,DXY_BROAD,complete,2023-09-28,2023-10-06,6,122.5342,123.3563,0.6709147323767706,0.006686741156548,%,6,6.947141272791551,0.0,0.0,,,751.0,0.0413748668265379,0.8470666214916224,0.7405648976717076,78.82822902796272,up,0.0
FRED,E08,PRE_7,VIX,complete,2023-09-28,2023-10-06,6,17.34,17.45,0.6343713956170616,0.0063236772960402,%,6,102.68618712371465,0.0,0.0,,,,,,,,up,
FRED,E08,PRE_7,UST10Y,complete,2023-09-28,2023-10-06,6,4.59,4.78,0.1900000000000004,,pp,6,,0.0,0.0,,,,,,,,up,
FRED,E08,PRE_7,FFR_UPPER,complete,2023-09-28,2023-10-06,6,5.5,5.5,0.0,,pp,6,,0.0,0.0,,,,,,,,,
FRED,E08,PRE_7,IN_REPO,complete,2023-09-28,2023-10-06,6,6.5,6.5,0.0,,pp,6,,232.0,240.0,,,,,,,,,
FRED,E08,EVENT,USDINR,complete,2023-10-06,2023-10-10,1,83.25,83.25,0.0,0.0,%,1,,0.0,0.0,0.0,0.3470434829838442,751.0,0.0171687132380471,0.2913606112112454,-0.058920934822957,46.87083888149135,,0.0
FRED,E08,EVENT,BRENT,complete,2023-10-06,2023-10-10,1,87.86,90.7,3.232415206009565,0.0318127185734574,%,1,,0.0,0.0,,,751.0,0.1056662798543994,2.4395615499874244,1.2607434991853663,92.54327563249002,up,0.0
FRED,E08,EVENT,GOLD_USD,complete,2023-10-06,2023-10-10,1,1821.9,1859.7,2.074757121686144,0.0205352718043439,%,1,,0.0,0.0,,,751.0,-0.005276707820967,0.8689691054703084,2.3692488196852706,98.80159786950732,up,1.0
FRED,E08,EVENT,NIFTY50,complete,2023-10-06,2023-10-10,1,19653.5,19689.85,0.1849543338336534,0.0018478350391143,%,1,,0.0,0.0,,,751.0,0.0723505740259033,0.9330487325449358,0.1205286351863053,54.72703062583223,up,0.0
FRED,E08,EVENT,DXY_BROAD,complete,2023-10-06,2023-10-10,1,123.3563,122.9282,-0.3470434829838442,-0.0034764707577015,%,1,,0.0,0.0,,,751.0,0.0073605744217219,0.3316844272013702,-1.0703166932204349,11.584553928095872,down,0.0
FRED,E08,EVENT,VIX,complete,2023-10-06,2023-10-10,1,17.45,17.03,-2.4068767908309363,-0.0243631539738391,%,1,,0.0,0.0,,,,,,,,down,
FRED,E08,EVENT,UST10Y,complete,2023-10-06,2023-10-10,1,4.78,4.66,-0.1200000000000001,,pp,1,,0.0,0.0,,,,,,,,down,
FRED,E08,EVENT,FFR_UPPER,complete,2023-10-06,2023-10-10,1,5.5,5.5,0.0,,pp,1,,0.0,0.0,,,,,,,,,
FRED,E08,EVENT,IN_REPO,complete,2023-10-06,2023-10-10,1,6.5,6.5,0.0,,pp,1,,240.0,244.0,,,,,,,,,
FRED,E08,POST_7,USDINR,complete,2023-10-06,2023-10-19,8,83.25,83.1,-0.1801801801801894,-0.0018034269991507,%,8,1.4402139711562796,0.0,0.0,0.1805054151624574,-0.5382486371621087,751.0,0.1301189646906841,0.8155051921912215,-0.3805948585194362,34.62050599201065,INR strengthened,0.0
FRED,E08,POST_7,BRENT,complete,2023-10-06,2023-10-19,8,87.86,93.12,5.986797177327574,0.0581443454354942,%,8,53.25112265390195,0.0,0.0,,,751.0,0.8780017261522,6.451563278959889,0.7657469399481636,78.69507323568575,up,0.0
FRED,E08,POST_7,GOLD_USD,complete,2023-10-06,2023-10-19,8,1821.9,1948.65,6.9570228881936425,0.0672569125382121,%,8,10.071549182295746,0.0,0.0,,,751.0,-0.0183011832133317,2.4000019434182343,2.8099952712122462,99.20106524633822,up,1.0
FRED,E08,POST_7,NIFTY50,complete,2023-10-06,2023-10-19,8,19653.5,19624.7,-0.1465387844404309,-0.0014664625752315,%,8,6.568806232313539,0.0,0.0,,,751.0,0.6013279976613939,2.7024957080602223,-0.2761053390529723,36.48468708388816,down,0.0
FRED,E08,POST_7,DXY_BROAD,complete,2023-10-06,2023-10-19,8,123.3563,123.798,0.3580684569819192,0.0035742891808585,%,8,5.161837097834098,0.0,0.0,,,751.0,0.0526287087071031,0.9575392655395636,0.3183306047035181,63.91478029294274,up,0.0
FRED,E08,POST_7,VIX,complete,2023-10-06,2023-10-19,8,17.45,21.4,22.636103151862464,0.2040512733793696,%,8,138.08551259483917,0.0,0.0,,,,,,,,up,
FRED,E08,POST_7,UST10Y,complete,2023-10-06,2023-10-19,8,4.78,4.98,0.2000000000000001,,pp,8,,0.0,0.0,,,,,,,,up,
FRED,E08,POST_7,FFR_UPPER,complete,2023-10-06,2023-10-19,8,5.5,5.5,0.0,,pp,8,,0.0,0.0,,,,,,,,,
FRED,E08,POST_7,IN_REPO,complete,2023-10-06,2023-10-19,8,6.5,6.5,0.0,,pp,8,,240.0,253.0,,,,,,,,,
FRED,E08,POST_14,USDINR,complete,2023-10-06,2023-10-30,15,83.25,83.25,0.0,0.0,%,15,1.1605955408465811,0.0,0.0,0.0,-0.0415868504486605,751.0,0.2449064329778316,1.1341780955010543,-0.2156689737605281,44.47403462050599,,0.0
FRED,E08,POST_14,BRENT,complete,2023-10-06,2023-10-30,15,87.86,90.73,3.266560437058952,0.0321434246339039,%,15,46.68814137853099,0.0,0.0,,,751.0,1.6818334356514253,8.403600368727309,0.1840276999891166,55.65912117177098,up,0.0
FRED,E08,POST_14,GOLD_USD,complete,2023-10-06,2023-10-30,15,1821.9,1996.15,9.564191228936814,0.0913404127767286,%,15,12.055376380654396,0.0,0.0,,,751.0,-0.0293485682159144,3.2915910097009315,2.783879931138969,100.0,up,1.0
FRED,E08,POST_14,NIFTY50,complete,2023-10-06,2023-10-30,15,19653.5,19140.9,-2.608186836950155,-0.0264280326397732,%,15,10.89957297131066,0.0,0.0,,,751.0,1.1166098856326023,3.5404947311767416,-1.0600849226354885,15.71238348868176,down,0.0
FRED,E08,POST_14,DXY_BROAD,complete,2023-10-06,2023-10-30,15,123.3563,123.4076,0.0415868504486605,0.0004157820551469,%,15,4.459147521844004,0.0,0.0,,,751.0,0.0989900926801734,1.3167914449115004,-0.0435626495786398,49.13448735019973,up,0.0
FRED,E08,POST_14,VIX,complete,2023-10-06,2023-10-30,15,17.45,19.75,13.180515759312318,0.1238138426986946,%,15,117.90619738708634,0.0,0.0,,,,,,,,up,
FRED,E08,POST_14,UST10Y,complete,2023-10-06,2023-10-30,15,4.78,4.88,0.0999999999999996,,pp,15,,0.0,0.0,,,,,,,,up,
FRED,E08,POST_14,FFR_UPPER,complete,2023-10-06,2023-10-30,15,5.5,5.5,0.0,,pp,15,,0.0,0.0,,,,,,,,,
FRED,E08,POST_14,IN_REPO,complete,2023-10-06,2023-10-30,15,6.5,6.5,0.0,,pp,15,,240.0,264.0,,,,,,,,,
FRED,E08,POST_30,USDINR,complete,2023-10-06,2023-11-22,31,83.25,83.29,0.0480480480480549,0.0004803650866959,%,31,1.3085398501128764,0.0,0.0,-0.0480249729859605,2.217454880127168,751.0,0.4923406570407795,1.3545333070439352,-0.3271208710215852,38.74833555259654,INR weakened,0.0
FRED,E08,POST_30,BRENT,complete,2023-10-06,2023-11-22,31,87.86,81.76,-6.9428636467106735,-0.0719565120922391,%,31,45.67610712716556,0.0,0.0,,,751.0,3.274090059935486,12.342218045572558,-0.8440366886896249,23.834886817576564,down,0.0
FRED,E08,POST_30,GOLD_USD,complete,2023-10-06,2023-11-22,31,1821.9,1999.9,9.770020308469183,0.0932172667204013,%,31,12.48381695979338,0.0,0.0,,,751.0,-0.0518334809611276,4.36887216576346,2.1455362472378114,98.26897470039948,up,1.0
FRED,E08,POST_30,NIFTY50,complete,2023-10-06,2023-11-22,31,19653.5,19811.85,0.8057089068104872,0.008024804025683,%,31,9.675918559244115,0.0,0.0,,,751.0,2.288156093541516,5.300776524103817,-0.2754105924504363,40.74567243675099,up,0.0
FRED,E08,POST_30,DXY_BROAD,complete,2023-10-06,2023-11-22,31,123.3563,120.6802,-2.1694068320791127,-0.021932844285363,%,31,5.762937806215341,0.0,0.0,,,751.0,0.1822864200239138,1.9150684591832088,-1.2403759756481971,12.78295605858855,down,0.0
FRED,E08,POST_30,VIX,complete,2023-10-06,2023-11-22,31,17.45,12.85,-26.36103151862465,-0.3059958373072074,%,31,94.46906943719732,0.0,0.0,,,,,,,,down,
FRED,E08,POST_30,UST10Y,complete,2023-10-06,2023-11-22,31,4.78,4.42,-0.3600000000000003,,pp,31,,0.0,0.0,,,,,,,,down,
FRED,E08,POST_30,FFR_UPPER,complete,2023-10-06,2023-11-22,31,5.5,5.5,0.0,,pp,31,,0.0,0.0,,,,,,,,,
FRED,E08,POST_30,IN_REPO,complete,2023-10-06,2023-11-22,31,6.5,6.5,0.0,,pp,31,,240.0,287.0,,,,,,,,,
FRED,E08,POST_90,USDINR,complete,2023-10-06,2024-02-21,91,83.25,82.96,-0.3483483483483596,-0.0034895649392814,%,91,1.5066444840493558,0.0,0.0,0.3495660559305724,1.5310854543840624,751.0,1.2239127988724396,2.1374287967919363,-0.7323940050941872,25.299600532623167,INR strengthened,0.0
FRED,E08,POST_90,BRENT,complete,2023-10-06,2024-02-21,91,87.86,84.77,-3.516958798087866,-0.0358029319273193,%,91,34.7588051062507,0.0,0.0,,,751.0,8.757263261535808,20.407949296244176,-0.5867870433783545,30.359520639147803,down,0.0
FRED,E08,POST_90,GOLD_USD,complete,2023-10-06,2024-02-21,91,1821.9,2028.8,11.35627641473187,0.1075645726712674,%,91,12.514821251233451,0.0,0.0,,,751.0,0.4485808329327323,7.131688325744637,1.4455033770941277,91.0785619174434,up,0.0
FRED,E08,POST_90,NIFTY50,complete,2023-10-06,2024-02-21,91,19653.5,22055.05,12.219452006004005,0.1152861611112986,%,91,11.416266708930412,0.0,0.0,,,751.0,7.303796199806722,9.086855526750435,0.4929353025165235,67.7762982689747,up,0.0
FRED,E08,POST_90,DXY_BROAD,complete,2023-10-06,2024-02-21,91,123.3563,121.0379,-1.879433802732422,-0.0189731961571793,%,91,5.465268667382983,0.0,0.0,,,751.0,0.1907571885053416,3.276082679358842,-0.6373145302163845,28.095872170439414,down,0.0
FRED,E08,POST_90,VIX,complete,2023-10-06,2024-02-21,91,17.45,15.34,-12.091690544412604,-0.128875852709326,%,91,77.91522312537002,0.0,0.0,,,,,,,,down,
FRED,E08,POST_90,UST10Y,complete,2023-10-06,2024-02-21,91,4.78,4.32,-0.4599999999999999,,pp,91,,0.0,0.0,,,,,,,,down,
FRED,E08,POST_90,FFR_UPPER,complete,2023-10-06,2024-02-21,91,5.5,5.5,0.0,,pp,91,,0.0,0.0,,,,,,,,,
FRED,E08,POST_90,IN_REPO,complete,2023-10-06,2024-02-21,91,6.5,6.5,0.0,,pp,91,,240.0,378.0,,,,,,,,,
FRED,E09,PRE_30,USDINR,complete,2024-03-04,2024-04-12,29,82.88,83.59,0.8566602316602445,0.0085301171998919,%,29,2.499282307605667,0.0,0.0,-0.8493838975954127,-0.3152406221355042,751.0,0.5025441418568866,1.2806477361199602,0.2746470450631089,65.24633821571238,INR weakened,0.0
FRED,E09,PRE_30,BRENT,complete,2024-03-04,2024-04-12,29,86.58,93.12,7.553707553707567,0.0728201419692933,%,29,21.6885111040411,0.0,0.0,,,751.0,1.2423325043051214,11.29800752946882,0.5352567966792451,68.70838881491345,up,0.0
FRED,E09,PRE_30,GOLD_USD,complete,2024-03-04,2024-04-12,29,2083.15,2394.8,14.96051652545425,0.1394185488610867,%,29,17.83231556241093,0.0,0.0,,,751.0,0.4327871021336804,4.241398738930177,3.185270342538097,100.0,up,1.0
FRED,E09,PRE_30,NIFTY50,complete,2024-03-04,2024-04-12,29,22405.6,22519.4,0.5079087371014479,0.0050662323163433,%,29,9.241908260587236,0.0,0.0,,,751.0,1.5332573289823292,4.74288158357928,-0.2140046034012822,41.67776298268975,up,0.0
FRED,E09,PRE_30,DXY_BROAD,complete,2024-03-04,2024-04-12,29,120.872,122.2885,1.1719008537957487,0.0116508727632519,%,29,3.910775750848066,0.0,0.0,,,751.0,0.2974231026716234,1.8312043346131477,0.4740626617684828,66.17842876165113,up,0.0
FRED,E09,PRE_30,VIX,complete,2024-03-04,2024-04-12,29,13.49,17.31,28.317272053372868,0.2493356989684533,%,29,84.11492012142597,0.0,0.0,,,,,,,,up,
FRED,E09,PRE_30,UST10Y,complete,2024-03-04,2024-04-12,29,4.22,4.5,0.2800000000000002,,pp,29,,0.0,0.0,,,,,,,,up,
FRED,E09,PRE_30,FFR_UPPER,complete,2024-03-04,2024-04-12,29,5.5,5.5,0.0,,pp,29,,0.0,0.0,,,,,,,,,
FRED,E09,PRE_30,IN_REPO,complete,2024-03-04,2024-04-12,29,6.5,6.5,0.0,,pp,29,,390.0,429.0,,,,,,,,,
FRED,E09,PRE_14,USDINR,complete,2024-03-26,2024-04-12,13,83.32,83.59,0.3240518482957366,0.0032352793182936,%,13,2.8392065583817296,0.0,0.0,-0.3230051441560078,-0.6788868454969954,751.0,0.2318651805427007,1.0147674185167403,0.0905933144151388,58.72170439414115,INR weakened,0.0
FRED,E09,PRE_14,BRENT,complete,2024-03-26,2024-04-12,13,85.91,93.12,8.39250378302876,0.0805887473331626,%,13,22.840274579279686,0.0,0.0,,,751.0,0.4579811614276563,7.387963328933354,1.0289627568662572,85.88548601864181,up,0.0
FRED,E09,PRE_14,GOLD_USD,complete,2024-03-26,2024-04-12,13,2193.45,2394.8,9.17960290865989,0.0878240733251993,%,13,18.32464861290479,0.0,0.0,,,751.0,0.396433344204361,3.1083345170263046,2.698151588491875,99.86684420772303,up,1.0
FRED,E09,PRE_14,NIFTY50,complete,2024-03-26,2024-04-12,13,22004.7,22519.4,2.3390457493172034,0.023121093027591,%,13,7.92874594251797,0.0,0.0,,,751.0,0.6930361126335827,3.0880025638656683,0.525084942037863,68.04260985352862,up,0.0
FRED,E09,PRE_14,DXY_BROAD,complete,2024-03-26,2024-04-12,13,121.0742,122.2885,1.002938693792732,0.0099794264080341,%,13,4.84568575236075,0.0,0.0,,,751.0,0.1080806827403968,1.215577833687677,0.732096537564122,76.69773635153129,up,0.0
FRED,E09,PRE_14,VIX,complete,2024-03-26,2024-04-12,13,13.24,17.31,30.74018126888216,0.2680418186792556,%,13,105.19160029352436,0.0,0.0,,,,,,,,up,
FRED,E09,PRE_14,UST10Y,complete,2024-03-26,2024-04-12,13,4.24,4.5,0.2599999999999998,,pp,13,,0.0,0.0,,,,,,,,up,
FRED,E09,PRE_14,FFR_UPPER,complete,2024-03-26,2024-04-12,13,5.5,5.5,0.0,,pp,13,,0.0,0.0,,,,,,,,,
FRED,E09,PRE_14,IN_REPO,complete,2024-03-26,2024-04-12,13,6.5,6.5,0.0,,pp,13,,412.0,429.0,,,,,,,,,
FRED,E09,PRE_7,USDINR,complete,2024-04-04,2024-04-12,6,83.44,83.59,0.179769894535009,0.0017960850185478,%,6,4.290483511435142,0.0,0.0,-0.1794473023088993,-1.0848736626310584,751.0,0.1038072707402415,0.6703748485259443,0.1131532213212425,59.254327563249,INR weakened,0.0
FRED,E09,PRE_7,BRENT,complete,2024-04-04,2024-04-12,6,90.32,93.12,3.10008857395927,0.0305300641417212,%,6,23.43811988743183,0.0,0.0,,,751.0,0.2564599583151805,5.627696592298572,0.4969839271460451,70.30625832223701,up,0.0
FRED,E09,PRE_7,GOLD_USD,complete,2024-04-04,2024-04-12,6,2292.5,2394.8,4.462377317339161,0.0436567949205771,%,6,23.19059926939733,0.0,0.0,,,751.0,0.2168832110041485,2.1196023284087326,1.957457338847095,96.53794940079894,up,0.0
FRED,E09,PRE_7,NIFTY50,complete,2024-04-04,2024-04-12,6,22514.65,22519.4,0.0210973743762332,0.0002109514919317,%,6,9.46818993566469,0.0,0.0,,,751.0,0.335867856012606,2.1034968995598784,-0.1493750385716044,40.612516644474034,up,0.0
FRED,E09,PRE_7,DXY_BROAD,complete,2024-04-04,2024-04-12,6,120.7613,122.2885,1.2646435571660677,0.0125671372660729,%,6,5.621472162100044,0.0,0.0,,,751.0,0.0497502231278979,0.8329836814558196,1.4489790156398294,92.9427430093209,up,0.0
FRED,E09,PRE_7,VIX,complete,2024-04-04,2024-04-12,6,16.35,17.31,5.871559633027501,0.0570564718448552,%,6,125.83372905669472,0.0,0.0,,,,,,,,up,
FRED,E09,PRE_7,UST10Y,complete,2024-04-04,2024-04-12,6,4.31,4.5,0.1900000000000004,,pp,6,,0.0,0.0,,,,,,,,up,
FRED,E09,PRE_7,FFR_UPPER,complete,2024-04-04,2024-04-12,6,5.5,5.5,0.0,,pp,6,,0.0,0.0,,,,,,,,,
FRED,E09,PRE_7,IN_REPO,complete,2024-04-04,2024-04-12,6,6.5,6.5,0.0,,pp,6,,421.0,429.0,,,,,,,,,
FRED,E09,EVENT,USDINR,complete,2024-04-12,2024-04-15,1,83.59,83.48,-0.1315946883598484,-0.0013168135020647,%,1,,0.0,0.0,0.1317680881648186,-0.2432159773608666,751.0,0.0139613269212635,0.260729381478541,-0.5585933652712786,24.101198402130493,INR strengthened,0.0
FRED,E09,EVENT,BRENT,complete,2024-04-12,2024-04-15,1,93.12,90.84,-2.448453608247425,-0.02478926674577,%,1,,0.0,0.0,,,751.0,0.0524047141671868,2.3783178125502173,-1.064331120471618,11.984021304926763,down,0.0
FRED,E09,EVENT,GOLD_USD,complete,2024-04-12,2024-04-15,1,2394.8,2347.15,-1.9897277434441365,-0.0200978938661935,%,1,,0.0,0.0,,,751.0,0.0434551355464218,0.8530528530272373,-2.406925990423459,1.5978695073235687,down,1.0
FRED,E09,EVENT,NIFTY50,complete,2024-04-12,2024-04-15,1,22519.4,22272.5,-1.0963880032327733,-0.011024426319883,%,1,,0.0,0.0,,,751.0,0.058592062681817,0.8444519619315031,-1.3748769480829832,7.323568575233022,down,0.0
FRED,E09,EVENT,DXY_BROAD,complete,2024-04-12,2024-04-15,1,122.2885,122.425,0.1116212890010182,0.0011155903875893,%,1,,0.0,0.0,,,751.0,0.0104731490137677,0.3350458066568279,0.3017093070043321,64.84687083888149,up,0.0
FRED,E09,EVENT,VIX,complete,2024-04-12,2024-04-15,1,17.31,19.23,11.091854419410762,0.1051871904125706,%,1,,0.0,0.0,,,,,,,,up,
FRED,E09,EVENT,UST10Y,complete,2024-04-12,2024-04-15,1,4.5,4.63,0.1299999999999999,,pp,1,,0.0,0.0,,,,,,,,up,
FRED,E09,EVENT,FFR_UPPER,complete,2024-04-12,2024-04-15,1,5.5,5.5,0.0,,pp,1,,0.0,0.0,,,,,,,,,
FRED,E09,EVENT,IN_REPO,complete,2024-04-12,2024-04-15,1,6.5,6.5,0.0,,pp,1,,429.0,432.0,,,,,,,,,
FRED,E09,POST_7,USDINR,complete,2024-04-12,2024-04-24,8,83.59,83.34,-0.2990788371814767,-0.0029952697167573,%,8,1.1473773745723004,0.0,0.0,0.2999760019198438,-0.7909484733287897,751.0,0.1230224576193927,0.7565726667136474,-0.5584048132620368,22.237017310252995,INR strengthened,0.0
FRED,E09,POST_7,BRENT,complete,2024-04-12,2024-04-24,8,93.12,89.02,-4.402920962199319,-0.0450279203954194,%,8,20.892147293666795,0.0,0.0,,,751.0,0.4090263658167892,6.213117660738615,-0.7904218839466243,20.505992010652463,down,0.0
FRED,E09,POST_7,GOLD_USD,complete,2024-04-12,2024-04-24,8,2394.8,2312.3,-3.4449640888591926,-0.035057019891275,%,8,21.86798621887009,0.0,0.0,,,751.0,0.3152102072015106,2.487126808113889,-1.5360762619661166,5.59254327563249,down,0.0
FRED,E09,POST_7,NIFTY50,complete,2024-04-12,2024-04-24,8,22519.4,22402.4,-0.5195520306935375,-0.0052090639537937,%,8,10.747363051451368,0.0,0.0,,,751.0,0.45990520737198,2.4294987670105432,-0.4032754753535458,28.495339547270305,down,0.0
FRED,E09,POST_7,DXY_BROAD,complete,2024-04-12,2024-04-24,8,122.2885,122.89,0.4918696361473129,0.0049066390957141,%,8,3.871116141592757,0.0,0.0,,,751.0,0.07231392690068,0.9492970318421288,0.4407220317341235,67.50998668442078,up,0.0
FRED,E09,POST_7,VIX,complete,2024-04-12,2024-04-24,8,17.31,15.97,-7.741190063547076,-0.0805724069611967,%,8,103.92934074359783,0.0,0.0,,,,,,,,down,
FRED,E09,POST_7,UST10Y,complete,2024-04-12,2024-04-24,8,4.5,4.65,0.1500000000000003,,pp,8,,0.0,0.0,,,,,,,,up,
FRED,E09,POST_7,FFR_UPPER,complete,2024-04-12,2024-04-24,8,5.5,5.5,0.0,,pp,8,,0.0,0.0,,,,,,,,,
FRED,E09,POST_7,IN_REPO,complete,2024-04-12,2024-04-24,8,6.5,6.5,0.0,,pp,8,,429.0,441.0,,,,,,,,,
FRED,E09,POST_14,USDINR,complete,2024-04-12,2024-05-03,15,83.59,83.43,-0.1914104557961482,-0.0019159387970815,%,15,1.0723772529209217,0.0,0.0,0.1917775380558595,-0.067931960271228,751.0,0.2475954335927843,1.0664349415888972,-0.4115424989400453,31.29161118508655,INR strengthened,0.0
FRED,E09,POST_14,BRENT,complete,2024-04-12,2024-05-03,15,93.12,83.6,-10.22336769759451,-0.1078454638924718,%,15,29.7697723027786,0.0,0.0,,,751.0,0.6975262778624813,7.910319356598731,-1.4512247469108832,8.788282290279627,down,0.0
FRED,E09,POST_14,GOLD_USD,complete,2024-04-12,2024-05-03,15,2394.8,2301.1,-3.91264406213464,-0.0399124505946688,%,15,17.985083677978352,0.0,0.0,,,751.0,0.5500936059117612,3.408929516856132,-1.331746858926759,9.85352862849534,down,0.0
FRED,E09,POST_14,NIFTY50,complete,2024-04-12,2024-05-03,15,22519.4,22475.85,-0.1933888114248327,-0.001935760490234,%,15,10.285742867782712,0.0,0.0,,,751.0,0.8546629780780357,3.2852953209566547,-0.3179645536001771,37.949400798934754,down,0.0
FRED,E09,POST_14,DXY_BROAD,complete,2024-04-12,2024-05-03,15,122.2885,122.1375,-0.1234784955249201,-0.0012355479303301,%,15,4.187766349394967,0.0,0.0,,,751.0,0.1300898422724961,1.3182183493869886,-0.1923506010228654,42.60985352862849,down,0.0
FRED,E09,POST_14,VIX,complete,2024-04-12,2024-05-03,15,17.31,13.49,-22.068168688619284,-0.2493356989684532,%,15,88.04372457377357,0.0,0.0,,,,,,,,down,
FRED,E09,POST_14,UST10Y,complete,2024-04-12,2024-05-03,15,4.5,4.5,0.0,,pp,15,,0.0,0.0,,,,,,,,,
FRED,E09,POST_14,FFR_UPPER,complete,2024-04-12,2024-05-03,15,5.5,5.5,0.0,,pp,15,,0.0,0.0,,,,,,,,,
FRED,E09,POST_14,IN_REPO,complete,2024-04-12,2024-05-03,15,6.5,6.5,0.0,,pp,15,,429.0,450.0,,,,,,,,,
FRED,E09,POST_30,USDINR,complete,2024-04-12,2024-05-28,31,83.59,83.16,-0.514415599952156,-0.0051574327212526,%,31,1.166376761167084,0.0,0.0,0.5170755170755159,0.1876128001018107,751.0,0.5270589925500557,1.2705356800962913,-0.8196685746665631,16.910785619174433,INR strengthened,0.0
FRED,E09,POST_30,BRENT,complete,2024-04-12,2024-05-28,31,93.12,81.34,-12.650343642611684,-0.1352510835040492,%,31,25.994101007098653,0.0,0.0,,,751.0,1.2426130041845118,11.486888309371931,-1.2849488815631278,11.8508655126498,down,0.0
FRED,E09,POST_30,GOLD_USD,complete,2024-04-12,2024-05-28,31,2394.8,2344.7,-2.0920327375981485,-0.0211422581245071,%,31,19.072400090776654,0.0,0.0,,,751.0,1.027047658297442,4.515001207724209,-0.6945812477167187,25.832223701731028,down,0.0
FRED,E09,POST_30,NIFTY50,complete,2024-04-12,2024-05-28,31,22519.4,22888.15,1.6374770198140265,0.0162421494463582,%,31,10.419519194877314,0.0,0.0,,,751.0,1.7094934669016126,4.8163451999772695,-0.0147064006247275,48.06924101198402,up,0.0
FRED,E09,POST_30,DXY_BROAD,complete,2024-04-12,2024-05-28,31,122.2885,121.43,-0.7020284000539667,-0.0070450421350641,%,31,3.411707574561341,0.0,0.0,,,751.0,0.2646105466553861,1.8798524544946904,-0.5153411271748138,28.095872170439414,down,0.0
FRED,E09,POST_30,VIX,complete,2024-04-12,2024-05-28,31,17.31,12.92,-25.36106296938185,-0.292507870833662,%,31,78.75193242819137,0.0,0.0,,,,,,,,down,
FRED,E09,POST_30,UST10Y,complete,2024-04-12,2024-05-28,31,4.5,4.54,0.04,,pp,31,,0.0,0.0,,,,,,,,up,
FRED,E09,POST_30,FFR_UPPER,complete,2024-04-12,2024-05-28,31,5.5,5.5,0.0,,pp,31,,0.0,0.0,,,,,,,,,
FRED,E09,POST_30,IN_REPO,complete,2024-04-12,2024-05-28,31,6.5,6.5,0.0,,pp,31,,429.0,475.0,,,,,,,,,
FRED,E09,POST_90,USDINR,complete,2024-04-12,2024-08-22,91,83.59,83.93,0.4067472185668164,0.0040592223836714,%,91,1.692965730334631,0.0,0.0,-0.4050994876683034,0.3461528045376916,751.0,1.550049968817091,1.805910846825536,-0.6269618312351589,30.892143808255657,INR weakened,0.0
FRED,E09,POST_90,BRENT,complete,2024-04-12,2024-08-22,91,93.12,78.8,-15.378006872852248,-0.1669759871192944,%,91,24.888952563542883,0.0,0.0,,,751.0,4.330968785683376,18.21533346482393,-1.149438409978874,13.18242343541944,down,0.0
FRED,E09,POST_90,GOLD_USD,complete,2024-04-12,2024-08-22,91,2394.8,2505.1,4.605812593953562,0.0450289338306604,%,91,15.297356272956089,0.0,0.0,,,751.0,1.8145847440687255,6.860655729114591,0.3942153407252123,65.5126498002663,up,0.0
FRED,E09,POST_90,NIFTY50,complete,2024-04-12,2024-08-22,91,22519.4,24811.5,10.178335124381643,0.0969300954357036,%,91,16.898040040573598,0.0,0.0,,,751.0,5.16947824063243,6.992616687373672,0.6653754393937579,70.97203728362183,up,0.0
FRED,E09,POST_90,DXY_BROAD,complete,2024-04-12,2024-08-22,91,122.2885,122.3626,0.0605944140291248,0.0006057606302681,%,91,3.968649634882198,0.0,0.0,,,751.0,0.8552967281931334,2.857884230118033,-0.2768074778532736,36.61784287616511,up,0.0
FRED,E09,POST_90,VIX,complete,2024-04-12,2024-08-22,91,17.31,17.55,1.3864818024263537,0.013769580723757,%,91,144.978138717651,0.0,0.0,,,,,,,,up,
FRED,E09,POST_90,UST10Y,complete,2024-04-12,2024-08-22,91,4.5,3.86,-0.6400000000000001,,pp,91,,0.0,0.0,,,,,,,,down,
FRED,E09,POST_90,FFR_UPPER,complete,2024-04-12,2024-08-22,91,5.5,5.5,0.0,,pp,91,,0.0,0.0,,,,,,,,,
FRED,E09,POST_90,IN_REPO,complete,2024-04-12,2024-08-22,91,6.5,6.5,0.0,,pp,91,,429.0,561.0,,,,,,,,,
FRED,E10,PRE_30,USDINR,complete,2025-03-12,2025-04-22,29,87.16,85.19,-2.260211106011933,-0.02286145402167,%,29,4.731657428717138,0.0,0.0,2.312477990374462,0.4799165213770995,751.0,0.5602342223709478,0.9761084484909174,-2.9144468052847343,0.0,INR strengthened,1.0
FRED,E10,PRE_30,BRENT,complete,2025-03-12,2025-04-22,29,72.36,68.93,-4.740187949143159,-0.0485621636295338,%,29,36.77677547884658,0.0,0.0,,,751.0,-1.222749413342061,9.431690504323337,-0.3844411417584037,36.35153129161118,down,0.0
FRED,E10,PRE_30,GOLD_USD,complete,2025-03-12,2025-04-22,29,2913.6,3454.7,18.571526633717728,0.1703461927782512,%,29,20.03446722093505,0.0,0.0,,,751.0,1.6735633034220545,4.598552280479243,3.343423059667705,100.0,up,1.0
FRED,E10,PRE_30,NIFTY50,complete,2025-03-12,2025-04-22,29,22470.5,24167.25,7.551011325960699,0.0727950729911597,%,29,18.352093267218397,0.0,0.0,,,751.0,1.1546520338774124,4.502469434224743,1.3618016930831682,90.94540612516646,up,0.0
FRED,E10,PRE_30,DXY_BROAD,complete,2025-03-12,2025-04-22,29,125.8664,122.4175,-2.740127627389033,-0.0277836932422765,%,29,7.438501580317074,0.0,0.0,,,751.0,0.3843112865128395,1.891630410862326,-1.6715442949916672,5.193075898801598,down,0.0
FRED,E10,PRE_30,VIX,complete,2025-03-12,2025-04-22,29,24.23,30.57,26.165910028889797,0.2324276010743086,%,29,247.6479170266281,0.0,0.0,,,,,,,,up,
FRED,E10,PRE_30,UST10Y,complete,2025-03-12,2025-04-22,29,4.32,4.41,0.0899999999999998,,pp,29,,0.0,0.0,,,,,,,,up,
FRED,E10,PRE_30,FFR_UPPER,complete,2025-03-12,2025-04-22,29,4.5,4.5,0.0,,pp,29,,0.0,0.0,,,,,,,,,
FRED,E10,PRE_30,IN_REPO,complete,2025-03-12,2025-04-22,29,6.25,6.0,-0.25,,pp,29,,33.0,13.0,,,,,,,,down,
FRED,E10,PRE_14,USDINR,complete,2025-04-03,2025-04-22,13,85.44,85.19,-0.2926029962546761,-0.0029303191571355,%,13,6.200105206872012,0.0,0.0,0.2934616739053819,1.5626606257945874,751.0,0.2093269322787971,0.752573910381191,-0.6672302314827903,16.511318242343542,INR strengthened,0.0
FRED,E10,PRE_14,BRENT,complete,2025-04-03,2025-04-22,13,72.54,68.93,-4.976564653984006,-0.0510466369571958,%,13,42.14119951848038,0.0,0.0,,,751.0,-0.7645373059350757,6.679986795861084,-0.6492810470664769,25.699067909454055,down,0.0
FRED,E10,PRE_14,GOLD_USD,complete,2025-04-03,2025-04-22,13,3128.15,3454.7,10.439077409970745,0.0992938472719533,%,13,27.981016416203925,0.0,0.0,,,751.0,0.802044344528352,3.238199865932582,2.819634377522401,100.0,up,1.0
FRED,E10,PRE_14,NIFTY50,complete,2025-04-03,2025-04-22,13,23250.1,24167.25,3.944714216282952,0.0386889777328542,%,13,24.274231576414163,0.0,0.0,,,751.0,0.5209118085980791,2.9611400181423315,1.1310974815198214,87.61651131824235,up,0.0
FRED,E10,PRE_14,DXY_BROAD,complete,2025-04-03,2025-04-22,13,124.7316,122.4175,-1.8552636220492635,-0.0187268950485451,%,13,9.150135976587467,0.0,0.0,,,751.0,0.1463048992931259,1.2669028726917608,-1.5935613742157777,5.725699067909454,down,0.0
FRED,E10,PRE_14,VIX,complete,2025-04-03,2025-04-22,13,30.02,30.57,1.832111925383084,0.0181553096974273,%,13,325.15295157747136,0.0,0.0,,,,,,,,up,
FRED,E10,PRE_14,UST10Y,complete,2025-04-03,2025-04-22,13,4.06,4.41,0.3500000000000005,,pp,13,,0.0,0.0,,,,,,,,up,
FRED,E10,PRE_14,FFR_UPPER,complete,2025-04-03,2025-04-22,13,4.5,4.5,0.0,,pp,13,,0.0,0.0,,,,,,,,,
FRED,E10,PRE_14,IN_REPO,complete,2025-04-03,2025-04-22,13,6.25,6.0,-0.25,,pp,13,,55.0,13.0,,,,,,,,down,
FRED,E10,PRE_7,USDINR,complete,2025-04-14,2025-04-22,6,86.02,85.19,-0.9648918856079992,-0.0096957713008411,%,6,2.8397118052106967,0.0,0.0,0.974292757365891,0.03971915209382,751.0,0.1030070224138146,0.523180649654158,-2.050020652287401,2.396804260985353,INR strengthened,1.0
FRED,E10,PRE_7,BRENT,complete,2025-04-14,2025-04-22,6,67.18,68.93,2.604941947008044,0.0257159127134138,%,6,20.363959056649666,0.0,0.0,,,751.0,-0.3420831156893733,4.965427977244248,0.5869103010800661,71.5046604527297,up,0.0
FRED,E10,PRE_7,GOLD_USD,complete,2025-04-14,2025-04-22,6,3220.65,3454.7,7.267166565755345,0.0701524202307688,%,6,25.162594614970736,0.0,0.0,,,751.0,0.3765407878451476,2.198934025122691,3.0193758883363344,99.6005326231691,up,1.0
FRED,E10,PRE_7,NIFTY50,complete,2025-04-14,2025-04-22,6,22828.55,24167.25,5.864148182867512,0.05698646522916,%,6,14.02679765646652,3.0,0.0,,,751.0,0.1913101058330646,2.047834447192693,2.6894357546113405,99.86684420772303,up,1.0
FRED,E10,PRE_7,DXY_BROAD,complete,2025-04-14,2025-04-22,6,123.6598,122.4175,-1.0046110377018191,-0.0100969130766056,%,6,4.135666764267996,0.0,0.0,,,751.0,0.061323987845796,0.8568315214352572,-1.2499499297582128,9.187749667110518,down,0.0
FRED,E10,PRE_7,VIX,complete,2025-04-14,2025-04-22,6,30.89,30.57,-1.0359339592101002,-0.0104133710277472,%,6,148.6272678162281,0.0,0.0,,,,,,,,down,
FRED,E10,PRE_7,UST10Y,complete,2025-04-14,2025-04-22,6,4.38,4.41,0.0300000000000002,,pp,6,,0.0,0.0,,,,,,,,up,
FRED,E10,PRE_7,FFR_UPPER,complete,2025-04-14,2025-04-22,6,4.5,4.5,0.0,,pp,6,,0.0,0.0,,,,,,,,,
FRED,E10,PRE_7,IN_REPO,complete,2025-04-14,2025-04-22,6,6.0,6.0,0.0,,pp,6,,5.0,13.0,,,,,,,,,
FRED,E10,EVENT,USDINR,complete,2025-04-22,2025-04-23,1,85.19,85.42,0.2699847399929567,0.0026962093585713,%,1,,0.0,0.0,-0.2692577850620492,-0.2264312136084356,751.0,0.0147810918575075,0.2187870248530354,1.1647899891072488,90.54593874833556,INR weakened,0.0
FRED,E10,EVENT,BRENT,complete,2025-04-22,2025-04-23,1,68.93,68.26,-0.9720005802988596,-0.0097675534189995,%,1,,0.0,0.0,,,751.0,-0.0560887823866429,2.109091833231356,-0.4365152855677195,28.62849533954727,down,0.0
FRED,E10,EVENT,GOLD_USD,complete,2025-04-22,2025-04-23,1,3454.7,3332.85,-3.5270790517266337,-0.0359078289570381,%,1,,0.0,0.0,,,751.0,0.0763491644895308,0.9022595107068055,-4.064354972742478,0.0,down,1.0
FRED,E10,EVENT,NIFTY50,complete,2025-04-22,2025-04-23,1,24167.25,24328.95,0.669087297892812,0.0066685884351257,%,1,,0.0,0.0,,,751.0,0.0457874168515726,0.831382403963668,0.7470472106926929,80.29294274300932,up,0.0
FRED,E10,EVENT,DXY_BROAD,complete,2025-04-22,2025-04-23,1,122.4175,123.0252,0.4964159536013923,0.0049518787219093,%,1,,0.0,0.0,,,751.0,0.0063342376211972,0.3502268996788744,1.395820354239875,93.60852197070572,up,0.0
FRED,E10,EVENT,VIX,complete,2025-04-22,2025-04-23,1,30.57,28.45,-6.934903500163559,-0.0718709753304032,%,1,,0.0,0.0,,,,,,,,down,
FRED,E10,EVENT,UST10Y,complete,2025-04-22,2025-04-23,1,4.41,4.4,-0.0099999999999997,,pp,1,,0.0,0.0,,,,,,,,down,
FRED,E10,EVENT,FFR_UPPER,complete,2025-04-22,2025-04-23,1,4.5,4.5,0.0,,pp,1,,0.0,0.0,,,,,,,,,
FRED,E10,EVENT,IN_REPO,complete,2025-04-22,2025-04-23,1,6.0,6.0,0.0,,pp,1,,13.0,14.0,,,,,,,,,
FRED,E10,POST_7,USDINR,complete,2025-04-22,2025-05-02,8,85.19,84.5,-0.8099542199788701,-0.0081325216916209,%,8,6.61467563498277,0.0,0.0,0.8165680473372738,-0.874242414068771,751.0,0.1242005852991168,0.6043420090098635,-1.551068228524527,4.92676431424767,INR strengthened,0.0
FRED,E10,POST_7,BRENT,complete,2025-04-22,2025-05-02,8,68.93,61.57,-10.677498911939654,-0.1129167579744417,%,8,12.194712152888968,0.0,0.0,,,751.0,-0.4755624917376244,5.497172393710085,-1.9673712473935565,3.062583222370173,down,0.0
FRED,E10,POST_7,GOLD_USD,complete,2025-04-22,2025-05-02,8,3454.7,3263.05,-5.5475149795930045,-0.0570732819535787,%,8,24.56931987943009,0.0,0.0,,,751.0,0.5533606145639025,2.6329666307617803,-2.377228530632346,0.6657789613848202,down,1.0
FRED,E10,POST_7,NIFTY50,complete,2025-04-22,2025-05-02,8,24167.25,24346.7,0.7425338009082516,0.0073979058982422,%,8,9.788970235603404,0.0,0.0,,,751.0,0.3251787561154184,2.382749296726237,0.1742270565453108,51.39813581890812,up,0.0
FRED,E10,POST_7,DXY_BROAD,complete,2025-04-22,2025-05-02,8,122.4175,122.4962,0.0642881940899009,0.0006426753808284,%,8,5.215573633519894,0.0,0.0,,,751.0,0.0579786569094853,1.0165019960065766,0.0062033152199265,50.59920106524633,up,0.0
FRED,E10,POST_7,VIX,complete,2025-04-22,2025-05-02,8,30.57,22.68,-25.80961727183514,-0.2985356570431919,%,8,65.97887274880988,0.0,0.0,,,,,,,,down,
FRED,E10,POST_7,UST10Y,complete,2025-04-22,2025-05-02,8,4.41,4.33,-0.08,,pp,8,,0.0,0.0,,,,,,,,down,
FRED,E10,POST_7,FFR_UPPER,complete,2025-04-22,2025-05-02,8,4.5,4.5,0.0,,pp,8,,0.0,0.0,,,,,,,,,
FRED,E10,POST_7,IN_REPO,complete,2025-04-22,2025-05-02,8,6.0,6.0,0.0,,pp,8,,13.0,23.0,,,,,,,,,
FRED,E10,POST_14,USDINR,complete,2025-04-22,2025-05-13,15,85.19,85.35,0.1878154712994462,0.0018763931857004,%,15,6.9934584461541816,0.0,0.0,-0.1874633860574071,-0.2539514329421788,751.0,0.2419989454396809,0.8079035320998195,-0.0669229416975907,52.5965379494008,INR weakened,0.0
FRED,E10,POST_14,BRENT,complete,2025-04-22,2025-05-13,15,68.93,66.93,-2.901494269548821,-0.0294441997850096,%,15,33.211315003898974,0.0,0.0,,,751.0,-0.8614987019207154,6.9671205605890085,-0.2984287277454169,38.21571238348868,down,0.0
FRED,E10,POST_14,GOLD_USD,complete,2025-04-22,2025-05-13,15,3454.7,3254.1,-5.80658233710597,-0.0598198830373133,%,15,27.577880130829623,0.0,0.0,,,751.0,0.9913968272622142,3.534620199484736,-1.9714998048312775,1.5978695073235687,down,0.0
FRED,E10,POST_14,NIFTY50,complete,2025-04-22,2025-05-13,15,24167.25,24578.35,1.7010623881492437,0.0168675633063469,%,15,19.180281710755583,0.0,0.0,,,751.0,0.5548788154692286,3.17173265751814,0.357347676779139,60.58588548601864,up,0.0
FRED,E10,POST_14,DXY_BROAD,complete,2025-04-22,2025-05-13,15,122.4175,122.9583,0.441766904241625,0.0044079397857655,%,15,5.892077656791234,0.0,0.0,,,751.0,0.1370703287954189,1.4009734938762222,0.2168617084681794,57.12383488681758,up,0.0
FRED,E10,POST_14,VIX,complete,2025-04-22,2025-05-13,15,30.57,18.22,-40.39908406934904,-0.5174992440709308,%,15,90.19522676781048,0.0,0.0,,,,,,,,down,
FRED,E10,POST_14,UST10Y,complete,2025-04-22,2025-05-13,15,4.41,4.49,0.08,,pp,15,,0.0,0.0,,,,,,,,up,
FRED,E10,POST_14,FFR_UPPER,complete,2025-04-22,2025-05-13,15,4.5,4.5,0.0,,pp,15,,0.0,0.0,,,,,,,,,
FRED,E10,POST_14,IN_REPO,complete,2025-04-22,2025-05-13,15,6.0,6.0,0.0,,pp,15,,13.0,34.0,,,,,,,,,
FRED,E10,POST_30,USDINR,complete,2025-04-22,2025-06-05,31,85.19,85.8,0.716046484329147,0.0071349504391674,%,31,5.927966862324003,0.0,0.0,-0.7109557109557074,1.9069709845027427,751.0,0.5070404143294738,1.0508822293242792,0.1976774799205655,66.97736351531292,INR weakened,0.0
FRED,E10,POST_30,BRENT,complete,2025-04-22,2025-06-05,31,68.93,67.14,-2.5968373712461967,-0.0263115053456716,%,31,29.90902328179664,0.0,0.0,,,751.0,-1.8234024941017115,9.208993517680865,-0.0858855172119567,45.13981358189081,down,0.0
FRED,E10,POST_30,GOLD_USD,complete,2025-04-22,2025-06-05,31,3454.7,3385.6,-2.0001736764407863,-0.0202044795276692,%,31,22.95243837032053,0.0,0.0,,,751.0,1.9417387511745157,4.928903863760957,-0.8000917853034442,23.435419440745672,down,0.0
FRED,E10,POST_30,NIFTY50,complete,2025-04-22,2025-06-05,31,24167.25,24750.9,2.4150451540824847,0.0238634411576832,%,31,15.190028512569908,0.0,0.0,,,751.0,1.2053106185663245,4.622156084782856,0.2570747284005356,63.38215712383488,up,0.0
FRED,E10,POST_30,DXY_BROAD,complete,2025-04-22,2025-06-05,31,122.4175,120.9596,-1.1909245001735955,-0.011980728167199,%,31,5.456800225788667,0.0,0.0,,,751.0,0.3096245169559752,2.011691517420093,-0.7492296761476921,24.101198402130493,down,0.0
FRED,E10,POST_30,VIX,complete,2025-04-22,2025-06-05,31,30.57,18.48,-39.54857703631011,-0.503330069689205,%,31,101.4850952840438,0.0,0.0,,,,,,,,down,
FRED,E10,POST_30,UST10Y,complete,2025-04-22,2025-06-05,31,4.41,4.4,-0.0099999999999997,,pp,31,,0.0,0.0,,,,,,,,down,
FRED,E10,POST_30,FFR_UPPER,complete,2025-04-22,2025-06-05,31,4.5,4.5,0.0,,pp,31,,0.0,0.0,,,,,,,,,
FRED,E10,POST_30,IN_REPO,complete,2025-04-22,2025-06-05,31,6.0,6.0,0.0,,pp,31,,13.0,57.0,,,,,,,,,
FRED,E10,POST_90,USDINR,complete,2025-04-22,2025-09-02,91,85.19,88.15,3.474586219039799,0.0341558527891301,%,91,4.86775556504022,0.0,0.0,-3.357912648893935,4.890886993030453,751.0,1.6389635648742518,1.7666162641154275,1.0131842358377332,78.42876165113182,INR weakened,0.0
FRED,E10,POST_90,BRENT,complete,2025-04-22,2025-09-02,91,68.93,68.09,-1.2186275932105084,-0.0122611374026852,%,91,34.68917983411088,0.0,0.0,,,751.0,-3.094185635814939,14.892585143872315,0.1287186042267943,62.18375499334221,down,0.0
FRED,E10,POST_90,GOLD_USD,complete,2025-04-22,2025-09-02,91,3454.7,3478.0,0.6744435117376435,0.0067217931626335,%,91,17.20721855164393,0.0,0.0,,,751.0,5.346625906722857,8.090640849181797,-0.5606988861419434,22.76964047936085,up,0.0
FRED,E10,POST_90,NIFTY50,complete,2025-04-22,2025-09-02,91,24167.25,24579.6,1.7062346770939874,0.0169184197802343,%,91,11.609514687511997,0.0,0.0,,,751.0,3.6548158323860047,7.155935005335842,-0.2652021638625455,38.61517976031957,up,0.0
FRED,E10,POST_90,DXY_BROAD,complete,2025-04-22,2025-09-02,91,122.4175,120.6837,-1.416300773990653,-0.0142642602981578,%,91,4.711479304949508,0.0,0.0,,,751.0,1.1546358128073253,3.0509133381957585,-0.8438282275036286,19.70705725699068,down,0.0
FRED,E10,POST_90,VIX,complete,2025-04-22,2025-09-02,91,30.57,17.17,-43.83382401046777,-0.5768554609933588,%,91,103.422718625526,0.0,0.0,,,,,,,,down,
FRED,E10,POST_90,UST10Y,complete,2025-04-22,2025-09-02,91,4.41,4.28,-0.1299999999999999,,pp,91,,0.0,0.0,,,,,,,,down,
FRED,E10,POST_90,FFR_UPPER,complete,2025-04-22,2025-09-02,91,4.5,4.5,0.0,,pp,91,,0.0,0.0,,,,,,,,,
FRED,E10,POST_90,IN_REPO,complete,2025-04-22,2025-09-02,91,6.0,5.5,-0.5,,pp,91,,13.0,88.0,,,,,,,,down,
FRED,E11,PRE_30,USDINR,complete,2025-05-01,2025-06-12,29,84.58,85.55,1.1468432253487704,0.0114031682938598,%,29,5.11490134590711,0.0,0.0,-1.133839859731145,3.55726059412671,751.0,0.451510754300144,1.0507844951519991,0.6564831611349872,80.0266311584554,INR weakened,0.0
FRED,E11,PRE_30,BRENT,complete,2025-05-01,2025-06-12,29,62.37,70.84,13.580246913580265,0.1273394223766016,%,29,30.464623531096784,0.0,0.0,,,751.0,-1.7188009941463522,8.918727702584837,1.6221692792284896,96.271637816245,up,0.0
FRED,E11,PRE_30,GOLD_USD,complete,2025-05-01,2025-06-12,29,3225.75,3360.45,4.1757730760288325,0.0409094122290926,%,29,20.22866085999758,0.0,0.0,,,751.0,1.940587923206172,4.7741645021505015,0.4543083081153079,64.84687083888149,up,0.0
FRED,E11,PRE_30,NIFTY50,complete,2025-05-01,2025-06-12,29,24334.2,24888.2,2.276631243270777,0.0225110272799457,%,29,15.583758424429494,1.0,0.0,,,751.0,1.1707333761642236,4.499689973146568,0.241609848510732,61.1185086551265,up,0.0
FRED,E11,PRE_30,DXY_BROAD,complete,2025-05-01,2025-06-12,29,123.1405,120.1723,-2.41041736877794,-0.0243994336015054,%,29,5.4109388751838745,0.0,0.0,,,751.0,0.2494170067686152,1.9487620503584813,-1.379875926073541,9.320905459387484,down,0.0
FRED,E11,PRE_30,VIX,complete,2025-05-01,2025-06-12,29,24.6,18.02,-26.74796747967481,-0.3112641907581254,%,29,105.25919563573524,0.0,0.0,,,,,,,,down,
FRED,E11,PRE_30,UST10Y,complete,2025-05-01,2025-06-12,29,4.25,4.36,0.1100000000000003,,pp,29,,0.0,0.0,,,,,,,,up,
FRED,E11,PRE_30,FFR_UPPER,complete,2025-05-01,2025-06-12,29,4.5,4.5,0.0,,pp,29,,0.0,0.0,,,,,,,,,
FRED,E11,PRE_30,IN_REPO,complete,2025-05-01,2025-06-12,29,6.0,5.5,-0.5,,pp,29,,22.0,6.0,,,,,,,,down,
FRED,E11,PRE_14,USDINR,complete,2025-05-23,2025-06-12,13,85.17,85.55,0.4461664905483165,0.0044517411852129,%,13,2.5164369820719497,0.0,0.0,-0.4441846873173505,1.4441588074738942,751.0,0.17147345826094,0.76375017606493,0.3585563928241607,71.37150466045273,INR weakened,0.0
FRED,E11,PRE_14,BRENT,complete,2025-05-23,2025-06-12,13,65.41,70.84,8.301482953676809,0.0797486609415114,%,13,29.517841094729707,0.0,0.0,,,751.0,-0.9241564926800172,6.604216991634831,1.3481264194684757,90.14647137150466,up,0.0
FRED,E11,PRE_14,GOLD_USD,complete,2025-05-23,2025-06-12,13,3330.1,3360.45,0.911384042521246,0.0090725600074208,%,13,13.934201233449684,0.0,0.0,,,751.0,0.994585138891546,3.279790053635353,-0.0251283438527027,51.93075898801598,up,0.0
FRED,E11,PRE_14,NIFTY50,complete,2025-05-23,2025-06-12,13,24853.15,24888.2,0.1410284008264595,0.0014092904917565,%,13,8.512070497021064,0.0,0.0,,,751.0,0.7363328847331818,2.8925549836162268,-0.2049074755421172,40.612516644474034,up,0.0
FRED,E11,PRE_14,DXY_BROAD,complete,2025-05-23,2025-06-12,13,121.3837,120.1723,-0.9979923169255778,-0.0100300564321159,%,13,4.46419069064008,0.0,0.0,,,751.0,0.0335506581856881,1.26440231663201,-0.8197949820145676,21.70439414114514,down,0.0
FRED,E11,PRE_14,VIX,complete,2025-05-23,2025-06-12,13,22.29,18.02,-19.15657245401525,-0.2126558952175856,%,13,91.9696113547379,0.0,0.0,,,,,,,,down,
FRED,E11,PRE_14,UST10Y,complete,2025-05-23,2025-06-12,13,4.51,4.36,-0.1499999999999994,,pp,13,,0.0,0.0,,,,,,,,down,
FRED,E11,PRE_14,FFR_UPPER,complete,2025-05-23,2025-06-12,13,4.5,4.5,0.0,,pp,13,,0.0,0.0,,,,,,,,,
FRED,E11,PRE_14,IN_REPO,complete,2025-05-23,2025-06-12,13,6.0,5.5,-0.5,,pp,13,,44.0,6.0,,,,,,,,down,
FRED,E11,PRE_7,USDINR,complete,2025-06-04,2025-06-12,6,85.85,85.55,-0.3494467093768216,-0.003500587005282,%,6,1.0993003693335486,0.0,0.0,0.3506721215663422,0.3788239204830956,751.0,0.0780448455886428,0.5379950036403698,-0.7956823094398601,14.380825565912115,INR strengthened,0.0
FRED,E11,PRE_7,BRENT,complete,2025-06-04,2025-06-12,6,66.69,70.84,6.2228220122957145,0.060368796270418,%,6,27.289307732673663,0.0,0.0,,,751.0,-0.4857564325186136,4.90086931262273,1.3311556123145114,91.34487350199734,up,0.0
FRED,E11,PRE_7,GOLD_USD,complete,2025-06-04,2025-06-12,6,3363.1,3360.45,-0.0787963486069465,-0.0007882740924722,%,6,12.615061431266025,0.0,0.0,,,751.0,0.4715741140842278,2.2872740470926702,-0.2401518509086025,41.67776298268975,down,0.0
FRED,E11,PRE_7,NIFTY50,complete,2025-06-04,2025-06-12,6,24620.2,24888.2,1.088537054938632,0.0108265513641729,%,6,10.810067900921986,0.0,0.0,,,751.0,0.3288193313167875,2.01830099241028,0.3737674591287409,61.91744340878829,up,0.0
FRED,E11,PRE_7,DXY_BROAD,complete,2025-06-04,2025-06-12,6,121.0539,120.1723,-0.7282706298599173,-0.0073093546644231,%,6,3.6562585059129806,0.0,0.0,,,751.0,0.0201739895150376,0.8513255160957433,-0.8822799353253016,17.576564580559253,down,0.0
FRED,E11,PRE_7,VIX,complete,2025-06-04,2025-06-12,6,17.61,18.02,2.328222600794993,0.0230153296720769,%,6,85.57646333181394,0.0,0.0,,,,,,,,up,
FRED,E11,PRE_7,UST10Y,complete,2025-06-04,2025-06-12,6,4.37,4.36,-0.0099999999999997,,pp,6,,0.0,0.0,,,,,,,,down,
FRED,E11,PRE_7,FFR_UPPER,complete,2025-06-04,2025-06-12,6,4.5,4.5,0.0,,pp,6,,0.0,0.0,,,,,,,,,
FRED,E11,PRE_7,IN_REPO,complete,2025-06-04,2025-06-12,6,6.0,5.5,-0.5,,pp,6,,56.0,6.0,,,,,,,,down,
FRED,E11,EVENT,USDINR,complete,2025-06-12,2025-06-13,1,85.55,86.08,0.6195207481005216,0.0061760960752717,%,1,,0.0,0.0,-0.6157063197026025,0.4928692651880784,751.0,0.0121667931213265,0.2233263666020061,2.7110258574128334,98.26897470039948,INR weakened,1.0
FRED,E11,EVENT,BRENT,complete,2025-06-12,2025-06-13,1,70.84,76.0,7.284020327498575,0.0703095273716981,%,1,,0.0,0.0,,,751.0,-0.0781614290657817,2.0621967358961304,3.447364940725422,99.86684420772303,up,1.0
FRED,E11,EVENT,GOLD_USD,complete,2025-06-12,2025-06-13,1,3360.45,3420.2,1.7780356797452823,0.0176241353179054,%,1,,0.0,0.0,,,751.0,0.0799907405439892,0.9282740676503444,1.8124547753957492,96.00532623169109,up,0.0
FRED,E11,EVENT,NIFTY50,complete,2025-06-12,2025-06-13,1,24888.2,24718.6,-0.6814474329200237,-0.006837798882833,%,1,,0.0,0.0,,,751.0,0.0571763192414032,0.8088793766378156,-0.916007861610939,14.380825565912115,down,0.0
FRED,E11,EVENT,DXY_BROAD,complete,2025-06-12,2025-06-13,1,120.1723,120.3245,0.1266514829124432,0.0012657134757641,%,1,,0.0,0.0,,,751.0,0.0001931609014738,0.3462847540547519,0.364954521912106,65.64580559254327,up,0.0
FRED,E11,EVENT,VIX,complete,2025-06-12,2025-06-13,1,18.02,20.82,15.53829078801332,0.144431811006631,%,1,,0.0,0.0,,,,,,,,up,
FRED,E11,EVENT,UST10Y,complete,2025-06-12,2025-06-13,1,4.36,4.41,0.0499999999999998,,pp,1,,0.0,0.0,,,,,,,,up,
FRED,E11,EVENT,FFR_UPPER,complete,2025-06-12,2025-06-13,1,4.5,4.5,0.0,,pp,1,,0.0,0.0,,,,,,,,,
FRED,E11,EVENT,IN_REPO,complete,2025-06-12,2025-06-13,1,5.5,5.5,0.0,,pp,1,,6.0,7.0,,,,,,,,,
FRED,E11,POST_7,USDINR,complete,2025-06-12,2025-06-25,8,85.55,86.04,0.5727644652250286,0.0057113040613269,%,8,7.13409526428497,0.0,0.0,-0.5695025569502632,0.4385405217705029,751.0,0.103693574810304,0.6084446846077427,0.7683369874040914,82.82290279627163,INR weakened,0.0
FRED,E11,POST_7,BRENT,complete,2025-06-12,2025-06-25,8,70.84,68.4,-3.444381705251265,-0.0350509882861279,%,8,75.71380694681315,0.0,0.0,,,751.0,-0.6450426130539477,5.443366305157732,-0.5250366529939312,29.69374167776298,down,0.0
FRED,E11,POST_7,GOLD_USD,complete,2025-06-12,2025-06-25,8,3360.45,3322.4,-1.1322888303649692,-0.0113874802445041,%,8,15.277210334147986,0.0,0.0,,,751.0,0.6399945811718544,2.619835587645234,-0.6781736017575525,25.432756324900136,down,0.0
FRED,E11,POST_7,NIFTY50,complete,2025-06-12,2025-06-25,8,24888.2,25244.75,1.4326066167902771,0.0142244177464317,%,8,11.550769572286011,0.0,0.0,,,751.0,0.4410340941804369,2.3036447016302706,0.4264448354471692,63.64846870838882,up,0.0
FRED,E11,POST_7,DXY_BROAD,complete,2025-06-12,2025-06-25,8,120.1723,120.3336,0.1342239434545256,0.0013413394364473,%,8,4.926314024188647,0.0,0.0,,,751.0,0.0203659310016757,0.9819688668929304,0.1158591581189783,56.59121171770972,up,0.0
FRED,E11,POST_7,VIX,complete,2025-06-12,2025-06-25,8,18.02,16.76,-6.992230854605985,-0.0724871571262547,%,8,155.5486414716754,0.0,0.0,,,,,,,,down,
FRED,E11,POST_7,UST10Y,complete,2025-06-12,2025-06-25,8,4.36,4.29,-0.0700000000000002,,pp,8,,0.0,0.0,,,,,,,,down,
FRED,E11,POST_7,FFR_UPPER,complete,2025-06-12,2025-06-25,8,4.5,4.5,0.0,,pp,8,,0.0,0.0,,,,,,,,,
FRED,E11,POST_7,IN_REPO,complete,2025-06-12,2025-06-25,8,5.5,5.5,0.0,,pp,8,,6.0,19.0,,,,,,,,,
FRED,E11,POST_14,USDINR,complete,2025-06-12,2025-07-07,15,85.55,85.86,0.3623611922852099,0.003617062458212,%,15,6.732784195580521,0.0,0.0,-0.3610528767761467,0.8218680836403869,751.0,0.1936269326117567,0.8170846402043032,0.2059352486240631,65.77896138482025,INR weakened,0.0
FRED,E11,POST_14,BRENT,complete,2025-06-12,2025-07-07,15,70.84,71.95,1.5669113495200504,0.015547620418744,%,15,58.733784266015086,0.0,0.0,,,751.0,-1.1953460016923545,6.770062804271627,0.4072797891772044,64.98002663115847,up,0.0
FRED,E11,POST_14,GOLD_USD,complete,2025-06-12,2025-07-07,15,3360.45,3306.0,-1.620318707315982,-0.0163358941800785,%,15,16.610829931156054,0.0,0.0,,,751.0,1.1845547409703894,3.518551597018682,-0.7989603530249452,21.70439414114514,down,0.0
FRED,E11,POST_14,NIFTY50,complete,2025-06-12,2025-07-07,15,24888.2,25461.3,2.3026976639531904,0.0227658567484234,%,15,10.045142858626308,0.0,0.0,,,751.0,0.8363352126708579,3.053394533922267,0.4728273242222514,65.9121171770972,up,0.0
FRED,E11,POST_14,DXY_BROAD,complete,2025-06-12,2025-07-07,15,120.1723,119.6201,-0.4595068913551769,-0.0046056586956837,%,15,4.539430440742801,0.0,0.0,,,751.0,0.0433711256609514,1.3636281399655297,-0.3695491299320952,36.61784287616511,down,0.0
FRED,E11,POST_14,VIX,complete,2025-06-12,2025-07-07,15,18.02,17.79,-1.2763596004439548,-0.0128457505024481,%,15,117.01934085309875,0.0,0.0,,,,,,,,down,
FRED,E11,POST_14,UST10Y,complete,2025-06-12,2025-07-07,15,4.36,4.4,0.04,,pp,15,,0.0,0.0,,,,,,,,up,
FRED,E11,POST_14,FFR_UPPER,complete,2025-06-12,2025-07-07,15,4.5,4.5,0.0,,pp,15,,0.0,0.0,,,,,,,,,
FRED,E11,POST_14,IN_REPO,complete,2025-06-12,2025-07-07,15,5.5,5.5,0.0,,pp,15,,6.0,31.0,,,,,,,,,
FRED,E11,POST_30,USDINR,complete,2025-06-12,2025-07-29,31,85.55,86.83,1.496201052016377,0.0148511837343514,%,31,4.85046159848722,0.0,0.0,-1.4741448808015645,0.8345677138843932,751.0,0.4058573073103977,1.063376064531706,1.0157106984553494,85.61917443408788,INR weakened,0.0
FRED,E11,POST_30,BRENT,complete,2025-06-12,2025-07-29,31,70.84,73.21,3.3455674760022536,0.0329082107439184,%,31,45.54258321195861,0.0,0.0,,,751.0,-2.31802615877964,8.962038614765994,0.628889947217603,68.97470039946738,up,0.0
FRED,E11,POST_30,GOLD_USD,complete,2025-06-12,2025-07-29,31,3360.45,3325.0,-1.0549182401166424,-0.0106052194710934,%,31,14.936416448492382,0.0,0.0,,,751.0,2.408723309533034,4.854245413018362,-0.7088008145911558,28.22902796271638,down,0.0
FRED,E11,POST_30,NIFTY50,complete,2025-06-12,2025-07-29,31,24888.2,24821.1,-0.2696056765857046,-0.0026996976724323,%,31,9.28950637054343,0.0,0.0,,,751.0,1.7074725730614748,4.45536033672695,-0.4405993496351169,33.15579227696405,down,0.0
FRED,E11,POST_30,DXY_BROAD,complete,2025-06-12,2025-07-29,31,120.1723,120.9674,0.6616333381319839,0.006594541516298,%,31,4.161457176087812,0.0,0.0,,,751.0,0.0862315745126851,2.019883314164473,0.2838083423728281,59.38748335552596,up,0.0
FRED,E11,POST_30,VIX,complete,2025-06-12,2025-07-29,31,18.02,15.98,-11.32075471698113,-0.1201443118420632,%,31,90.4149371857637,0.0,0.0,,,,,,,,down,
FRED,E11,POST_30,UST10Y,complete,2025-06-12,2025-07-29,31,4.36,4.34,-0.0200000000000004,,pp,31,,0.0,0.0,,,,,,,,down,
FRED,E11,POST_30,FFR_UPPER,complete,2025-06-12,2025-07-29,31,4.5,4.5,0.0,,pp,31,,0.0,0.0,,,,,,,,,
FRED,E11,POST_30,IN_REPO,complete,2025-06-12,2025-07-29,31,5.5,5.5,0.0,,pp,31,,6.0,53.0,,,,,,,,,
FRED,E11,POST_90,USDINR,complete,2025-06-12,2025-10-23,91,85.55,87.85,2.688486265341905,0.0265298142949037,%,91,4.161713878189911,0.0,0.0,-2.6180990324416564,2.0387525080617364,751.0,1.4576097359599416,1.767818209980638,0.682136151641583,76.03195739014647,INR weakened,0.0
FRED,E11,POST_90,BRENT,complete,2025-06-12,2025-10-23,91,70.84,66.32,-6.380575945793354,-0.0659323020875934,%,91,35.47462370960987,0.0,0.0,,,751.0,-5.366048357303832,12.652531685206744,-0.0851878888327021,50.99866844207723,down,0.0
FRED,E11,POST_90,GOLD_USD,complete,2025-06-12,2025-10-23,91,3360.45,4125.7,22.772247764436315,0.2051608087805282,%,91,18.245384917666723,0.0,0.0,,,751.0,6.23734824423714,8.717501586668007,1.6593661379277345,97.0705725699068,up,0.0
FRED,E11,POST_90,NIFTY50,complete,2025-06-12,2025-10-23,91,24888.2,25891.4,4.030825853215592,0.039517071669523,%,91,8.53767175327044,0.0,0.0,,,751.0,4.151626242104078,6.800686351133997,-0.0170648121387903,46.33821571238349,up,0.0
FRED,E11,POST_90,DXY_BROAD,complete,2025-06-12,2025-10-23,91,120.1723,120.9531,0.6497337572801687,0.0064763208610278,%,91,4.014537077729666,0.0,0.0,,,751.0,0.743224074685167,3.2885056094861858,-0.0282327897344004,46.47137150466045,up,0.0
FRED,E11,POST_90,VIX,complete,2025-06-12,2025-10-23,91,18.02,17.3,-3.995560488346273,-0.0407757506764584,%,91,114.03372335879082,0.0,0.0,,,,,,,,down,
FRED,E11,POST_90,UST10Y,complete,2025-06-12,2025-10-23,91,4.36,4.01,-0.3500000000000005,,pp,91,,0.0,0.0,,,,,,,,down,
FRED,E11,POST_90,FFR_UPPER,complete,2025-06-12,2025-10-23,91,4.5,4.25,-0.25,,pp,91,,0.0,0.0,,,,,,,,down,
FRED,E11,POST_90,IN_REPO,complete,2025-06-12,2025-10-23,91,5.5,5.5,0.0,,pp,91,,6.0,139.0,,,,,,,,,
FRED,E12,PRE_30,USDINR,complete,2026-01-15,2026-02-27,29,90.26,91.03,0.8530910702415184,0.0084947281183422,%,29,5.714757426328087,0.0,0.0,-0.845874986268258,2.663831675482897,751.0,0.3450650284571477,0.8821515477893777,0.5724659985973094,76.16511318242344,INR weakened,0.0
FRED,E12,PRE_30,BRENT,complete,2026-01-15,2026-02-27,29,66.16,71.32,7.799274486094321,0.0751007422795038,%,29,33.57428335375099,0.0,0.0,,,751.0,-0.921523822506154,7.786728059990248,1.0833652187833376,85.35286284953395,up,0.0
FRED,E12,PRE_30,GOLD_USD,complete,2026-01-15,2026-02-27,29,4611.1,5174.1,12.209667975103544,0.1151989707243516,%,29,47.63691591664666,0.0,0.0,,,751.0,3.4599774544440187,4.687110021924251,1.7320760484185436,95.87217043941412,up,0.0
FRED,E12,PRE_30,NIFTY50,complete,2026-01-15,2026-02-27,29,25665.6,25178.65,-1.897286640483753,-0.019155160680868,%,29,14.085136250618726,1.0,0.0,,,751.0,1.3697848092819376,3.7561528206289343,-0.8721700853178064,19.44074567243675,down,0.0
FRED,E12,PRE_30,DXY_BROAD,complete,2026-01-15,2026-02-27,29,119.9951,117.8223,-1.8107406052413788,-0.0182733514083226,%,29,4.356416660079519,0.0,0.0,,,751.0,-0.0552735841970242,1.6024189788786916,-1.1058570189916044,13.7150466045273,down,0.0
FRED,E12,PRE_30,VIX,complete,2026-01-15,2026-02-27,29,15.84,19.86,25.37878787878787,0.2261692722307466,%,29,145.46078454079822,0.0,0.0,,,,,,,,up,
FRED,E12,PRE_30,UST10Y,complete,2026-01-15,2026-02-27,29,4.17,3.97,-0.1999999999999997,,pp,29,,0.0,0.0,,,,,,,,down,
FRED,E12,PRE_30,FFR_UPPER,complete,2026-01-15,2026-02-27,29,3.75,3.75,0.0,,pp,29,,0.0,0.0,,,,,,,,,
FRED,E12,PRE_30,IN_REPO,complete,2026-01-15,2026-02-27,29,5.25,5.25,0.0,,pp,29,,41.0,84.0,,,,,,,,,
FRED,E12,PRE_14,USDINR,complete,2026-02-09,2026-02-27,13,90.77,91.03,0.2864382505233021,0.0028602879786615,%,13,2.118842313992673,0.0,0.0,-0.2856201252334434,0.1307928534107771,751.0,0.1905465080468182,0.6651770156490506,0.1438167542541822,60.98535286284953,INR weakened,0.0
FRED,E12,PRE_14,BRENT,complete,2026-02-09,2026-02-27,13,71.19,71.32,0.1826099171231776,0.0018244338791576,%,13,22.278273176243747,0.0,0.0,,,751.0,-0.3178072353362204,6.120008251126514,0.0818228803657354,52.86284953395472,up,0.0
FRED,E12,PRE_14,GOLD_USD,complete,2026-02-09,2026-02-27,13,4992.5,5174.1,3.637456184276422,0.0357286246754944,%,13,16.574268378235942,0.0,0.0,,,751.0,1.674125387122416,3.59521828098437,0.5319833027381188,72.70306258322236,up,0.0
FRED,E12,PRE_14,NIFTY50,complete,2026-02-09,2026-02-27,13,25867.3,25178.65,-2.6622415172824265,-0.0269832095578327,%,13,13.055474252464222,0.0,0.0,,,751.0,0.6176350935535257,2.556997757556018,-1.296073292009776,10.51930758988016,down,0.0
FRED,E12,PRE_14,DXY_BROAD,complete,2026-02-09,2026-02-27,13,117.6392,117.8223,0.1556453971125249,0.0015552439520397,%,13,2.2986389263877425,0.0,0.0,,,751.0,-0.0160534586323812,1.0670452660538496,0.1607983728529921,55.65912117177098,up,0.0
FRED,E12,PRE_14,VIX,complete,2026-02-09,2026-02-27,13,17.36,19.86,14.400921658986164,0.1345389493848223,%,13,111.99931731876548,0.0,0.0,,,,,,,,up,
FRED,E12,PRE_14,UST10Y,complete,2026-02-09,2026-02-27,13,4.22,3.97,-0.2499999999999995,,pp,13,,0.0,0.0,,,,,,,,down,
FRED,E12,PRE_14,FFR_UPPER,complete,2026-02-09,2026-02-27,13,3.75,3.75,0.0,,pp,13,,0.0,0.0,,,,,,,,,
FRED,E12,PRE_14,IN_REPO,complete,2026-02-09,2026-02-27,13,5.25,5.25,0.0,,pp,13,,66.0,84.0,,,,,,,,,
FRED,E12,PRE_7,USDINR,complete,2026-02-19,2026-02-27,6,90.68,91.03,0.3859726510807126,0.003852296877869,%,6,2.4395883036904187,0.0,0.0,-0.3844886301219263,0.7353603978976553,751.0,0.073768690190823,0.5012731611820638,0.621394116904306,78.16245006657789,INR weakened,0.0
FRED,E12,PRE_7,BRENT,complete,2026-02-19,2026-02-27,6,73.17,71.32,-2.5283586169195127,-0.025608707900999,%,6,14.497573524389228,0.0,0.0,,,751.0,-0.1403297498742461,4.666777726005175,-0.5186539038130984,28.362183754993342,down,0.0
FRED,E12,PRE_7,GOLD_USD,complete,2026-02-19,2026-02-27,6,4991.05,5174.1,3.667564941244828,0.036019102513577,%,6,13.838282093425857,0.0,0.0,,,751.0,0.7929286950143721,2.576721609940967,1.0913513920882765,88.54860186418108,up,0.0
FRED,E12,PRE_7,NIFTY50,complete,2026-02-19,2026-02-27,6,25454.35,25178.65,-1.0831154596365522,-0.0108902385703983,%,6,12.736465521608006,0.0,0.0,,,751.0,0.2887733746129939,1.840364157747302,-0.7484285523084935,21.03861517976032,down,0.0
FRED,E12,PRE_7,DXY_BROAD,complete,2026-02-19,2026-02-27,6,118.2354,117.8223,-0.3493877468169426,-0.0034999953122057,%,6,1.8067543946484224,0.0,0.0,,,751.0,-0.0163531919464943,0.7258906814980659,-0.4596353287044379,32.090545938748335,down,0.0
FRED,E12,PRE_7,VIX,complete,2026-02-19,2026-02-27,6,20.23,19.86,-1.8289668808699977,-0.0184589925626275,%,6,124.4211431958634,0.0,0.0,,,,,,,,down,
FRED,E12,PRE_7,UST10Y,complete,2026-02-19,2026-02-27,6,4.08,3.97,-0.1099999999999998,,pp,6,,0.0,0.0,,,,,,,,down,
FRED,E12,PRE_7,FFR_UPPER,complete,2026-02-19,2026-02-27,6,3.75,3.75,0.0,,pp,6,,0.0,0.0,,,,,,,,,
FRED,E12,PRE_7,IN_REPO,complete,2026-02-19,2026-02-27,6,5.25,5.25,0.0,,pp,6,,76.0,84.0,,,,,,,,,
FRED,E12,EVENT,USDINR,complete,2026-02-27,2026-03-02,1,91.03,91.47,0.4833571350104426,0.0048219271510757,%,1,,0.0,0.0,-0.481032032360329,-0.2335699662259216,751.0,0.0127958181666443,0.2136710409999223,2.1968242085556717,97.86950732356856,INR weakened,1.0
FRED,E12,EVENT,BRENT,complete,2026-02-27,2026-03-02,1,71.32,77.24,8.300616937745374,0.079740664565374,%,1,,0.0,0.0,,,751.0,-0.0173395010243715,1.9478399401758368,4.102702330000301,99.86684420772303,up,1.0
FRED,E12,EVENT,GOLD_USD,complete,2026-02-27,2026-03-02,1,5174.1,5390.45,4.181403529116157,0.0409634583932847,%,1,,0.0,0.0,,,751.0,0.1400265163258751,1.1309735869009214,3.498240201654623,99.73368841544608,up,1.0
FRED,E12,EVENT,NIFTY50,complete,2026-02-27,2026-03-02,1,25178.65,24865.7,-1.2429181072059148,-0.0125070694082176,%,1,,0.0,0.0,,,751.0,0.0492725657337267,0.752287384740792,-1.7280196344920844,3.861517976031957,down,0.0
FRED,E12,EVENT,DXY_BROAD,complete,2026-02-27,2026-03-02,1,117.8223,118.667,0.7169271012363643,0.007143693962053,%,1,,0.0,0.0,,,751.0,-0.0039765814601633,0.3019570260204384,2.378967849169819,98.5352862849534,up,1.0
FRED,E12,EVENT,VIX,complete,2026-02-27,2026-03-02,1,19.86,21.44,7.955689828801615,0.0765506775855747,%,1,,0.0,0.0,,,,,,,,up,
FRED,E12,EVENT,UST10Y,complete,2026-02-27,2026-03-02,1,3.97,4.05,0.0799999999999996,,pp,1,,0.0,0.0,,,,,,,,up,
FRED,E12,EVENT,FFR_UPPER,complete,2026-02-27,2026-03-02,1,3.75,3.75,0.0,,pp,1,,0.0,0.0,,,,,,,,,
FRED,E12,EVENT,IN_REPO,complete,2026-02-27,2026-03-02,1,5.25,5.25,0.0,,pp,1,,84.0,87.0,,,,,,,,,
FRED,E12,POST_7,USDINR,complete,2026-02-27,2026-03-11,8,91.03,92.03,1.0985389432055293,0.010925488333568,%,8,7.430105511919245,0.0,0.0,-1.0866021949364368,-0.1458774363762627,751.0,0.0997442815047211,0.564291242618691,1.759471330441884,95.73901464713715,INR weakened,0.0
FRED,E12,POST_7,BRENT,complete,2026-02-27,2026-03-11,8,71.32,90.98,27.565900168255773,0.2434629091469185,%,8,86.29577617817277,0.0,0.0,,,751.0,-0.1431798446137389,5.214466559241271,4.69646762163826,100.0,up,1.0
FRED,E12,POST_7,GOLD_USD,complete,2026-02-27,2026-03-11,8,5174.1,5183.6,0.1836068108463262,0.0018343845957947,%,8,32.372124635522766,0.0,0.0,,,751.0,1.0981333532554816,2.9190452903734307,-0.3113035598209516,39.14780292942743,up,0.0
FRED,E12,POST_7,NIFTY50,complete,2026-02-27,2026-03-11,8,25178.65,23866.85,-5.209969557541816,-0.0535059463663387,%,8,19.043283396185007,0.0,0.0,,,751.0,0.3893995456209831,2.1052188039730733,-2.726195478514518,0.133155792276964,down,1.0
FRED,E12,POST_7,DXY_BROAD,complete,2026-02-27,2026-03-11,8,117.8223,119.2885,1.244416379581792,0.0123673716095847,%,8,7.751671759490388,0.0,0.0,,,751.0,-0.0262425992305748,0.8345813967653524,1.5133133916676045,93.74167776298268,up,0.0
FRED,E12,POST_7,VIX,complete,2026-02-27,2026-03-11,8,19.86,24.23,22.004028197381675,0.1988838762114078,%,8,193.84745339536192,0.0,0.0,,,,,,,,up,
FRED,E12,POST_7,UST10Y,complete,2026-02-27,2026-03-11,8,3.97,4.21,0.2399999999999997,,pp,8,,0.0,0.0,,,,,,,,up,
FRED,E12,POST_7,FFR_UPPER,complete,2026-02-27,2026-03-11,8,3.75,3.75,0.0,,pp,8,,0.0,0.0,,,,,,,,,
FRED,E12,POST_7,IN_REPO,complete,2026-02-27,2026-03-11,8,5.25,5.25,0.0,,pp,8,,84.0,96.0,,,,,,,,,
FRED,E12,POST_14,USDINR,complete,2026-02-27,2026-03-20,15,91.03,93.73,2.966055146654956,0.029229186241197,%,15,7.398060627589842,0.0,0.0,-2.880614531099968,0.8837668192330561,751.0,0.1857553724284866,0.6951284077274951,3.9378847608591214,100.0,INR weakened,1.0
FRED,E12,POST_14,BRENT,complete,2026-02-27,2026-03-20,15,71.32,118.42,66.04038137969717,0.5070608341086905,%,15,90.6011917521907,0.0,0.0,,,751.0,-0.3046841171855718,6.421797628600236,7.94345066370588,100.0,up,1.0
FRED,E12,POST_14,GOLD_USD,complete,2026-02-27,2026-03-20,15,5174.1,4650.7,-10.115768925996804,-0.1066476650793068,%,15,35.07616891442017,0.0,0.0,,,751.0,2.0271026947724646,3.774106346827733,-3.35750925197107,0.0,down,1.0
FRED,E12,POST_14,NIFTY50,complete,2026-02-27,2026-03-20,15,25178.65,23114.5,-8.198016970727185,-0.0855362869688928,%,15,22.343538546173598,0.0,0.0,,,751.0,0.734977637976808,2.6933665291988995,-3.447699537116232,0.0,down,1.0
FRED,E12,POST_14,DXY_BROAD,complete,2026-02-27,2026-03-20,15,117.8223,120.2757,2.0822883274218995,0.0206090503577375,%,15,6.563106951023713,0.0,0.0,,,751.0,-0.0457165434086692,1.135509987096355,1.855229858230548,96.93741677762982,up,0.0
FRED,E12,POST_14,VIX,complete,2026-02-27,2026-03-20,15,19.86,26.78,34.84390735146023,0.298947681646,%,15,173.65744290839754,0.0,0.0,,,,,,,,up,
FRED,E12,POST_14,UST10Y,complete,2026-02-27,2026-03-20,15,3.97,4.39,0.4199999999999995,,pp,15,,0.0,0.0,,,,,,,,up,
FRED,E12,POST_14,FFR_UPPER,complete,2026-02-27,2026-03-20,15,3.75,3.75,0.0,,pp,15,,0.0,0.0,,,,,,,,,
FRED,E12,POST_14,IN_REPO,complete,2026-02-27,2026-03-20,15,5.25,5.25,0.0,,pp,15,,84.0,105.0,,,,,,,,,
FRED,E12,POST_30,USDINR,complete,2026-02-27,2026-04-13,31,91.03,93.39,2.592551905965057,0.0255951506044289,%,31,7.498162478892188,0.0,0.0,-2.527037156012424,1.6001251752018495,751.0,0.4258822500426085,0.9140987762263186,2.3351274257693264,98.66844207723037,INR weakened,1.0
FRED,E12,POST_30,BRENT,complete,2026-02-27,2026-04-13,31,71.32,123.28,72.85473920358947,0.5472813980169208,%,31,96.68894850294645,0.0,0.0,,,751.0,-0.7293843236997999,8.24337563662175,6.727850286487969,100.0,up,1.0
FRED,E12,POST_30,GOLD_USD,complete,2026-02-27,2026-04-13,31,5174.1,4716.75,-8.839218414796779,-0.0925454078737422,%,31,41.93347194557012,0.0,0.0,,,751.0,4.09115296180862,5.273277402482001,-2.5153656410144736,0.0,down,1.0
FRED,E12,POST_30,NIFTY50,complete,2026-02-27,2026-04-13,31,25178.65,23842.65,-5.306082732791473,-0.0545204194618632,%,31,25.02794761075211,0.0,0.0,,,751.0,1.4899094550651082,3.846475911158429,-1.801899046782428,3.1957390146471374,down,0.0
FRED,E12,POST_30,DXY_BROAD,complete,2026-02-27,2026-04-13,31,117.8223,118.9916,0.9924267307632072,0.009875345178082,%,31,6.478604625583487,0.0,0.0,,,751.0,-0.0535725153233079,1.6479263567782727,0.6317766470864012,72.70306258322236,up,0.0
FRED,E12,POST_30,VIX,complete,2026-02-27,2026-04-13,31,19.86,19.12,-3.726082578046319,-0.0379727509937712,%,31,156.3321382052868,0.0,0.0,,,,,,,,down,
FRED,E12,POST_30,UST10Y,complete,2026-02-27,2026-04-13,31,3.97,4.3,0.3299999999999996,,pp,31,,0.0,0.0,,,,,,,,up,
FRED,E12,POST_30,FFR_UPPER,complete,2026-02-27,2026-04-13,31,3.75,3.75,0.0,,pp,31,,0.0,0.0,,,,,,,,,
FRED,E12,POST_30,IN_REPO,complete,2026-02-27,2026-04-13,31,5.25,5.25,0.0,,pp,31,,84.0,129.0,,,,,,,,,
FRED,E12,POST_90,USDINR,complete,2026-02-27,2026-07-09,91,91.03,95.39,4.789629792376138,0.0467846286399192,%,91,6.465503807674179,0.0,0.0,-4.570709717999788,2.3022398840141456,751.0,1.0928488009314563,1.4567567115401563,2.465437415624928,99.86684420772303,INR weakened,1.0
FRED,E12,POST_90,BRENT,complete,2026-02-27,2026-07-09,91,71.32,74.46,4.40269209197981,0.0430852754496311,%,91,78.48443517095897,0.0,0.0,,,751.0,-3.141376231822801,10.204994167705912,0.7349639969901016,80.0266311584554,up,0.0
FRED,E12,POST_90,GOLD_USD,complete,2026-02-27,2026-07-09,91,5174.1,4107.05,-20.62291026458708,-0.230960401746514,%,91,31.29246402284464,0.0,0.0,,,751.0,11.687632425576622,8.094423534623168,-4.218906916547232,0.0,down,1.0
FRED,E12,POST_90,NIFTY50,complete,2026-02-27,2026-07-09,91,25178.65,23962.8,-4.82889273253333,-0.0494937853443626,%,91,17.786793747294347,0.0,0.0,,,751.0,4.420480965872531,6.272016697596575,-1.478781672153778,10.119840213049269,down,0.0
FRED,E12,POST_90,DXY_BROAD,complete,2026-02-27,2026-07-09,91,117.8223,120.753,2.487389908361992,0.0245695797378672,%,91,5.047941591539538,0.0,0.0,,,751.0,-0.2731839312243189,2.8644544404074197,0.9532411110386356,82.9560585885486,up,0.0
FRED,E12,POST_90,VIX,complete,2026-02-27,2026-07-09,91,19.86,15.84,-20.241691842900305,-0.2261692722307467,%,91,128.70918070991925,0.0,0.0,,,,,,,,down,
FRED,E12,POST_90,UST10Y,complete,2026-02-27,2026-07-09,91,3.97,4.54,0.5699999999999998,,pp,91,,0.0,0.0,,,,,,,,up,
FRED,E12,POST_90,FFR_UPPER,complete,2026-02-27,2026-07-09,91,3.75,3.75,0.0,,pp,91,,0.0,0.0,,,,,,,,,
FRED,E12,POST_90,IN_REPO,complete,2026-02-27,2026-07-09,91,5.25,5.25,0.0,,pp,91,,84.0,216.0,,,,,,,,,
FRED,E13,PRE_30,USDINR,complete,2026-05-22,2026-07-07,29,95.69,94.97,-0.7524297209739794,-0.0075527475363103,%,29,6.168578386332867,0.0,0.0,0.7581341476255554,-2.0331246511757994,751.0,0.5583138261488152,0.992034450801444,-1.3225707877799908,5.858854860186418,INR strengthened,0.0
FRED,E13,PRE_30,BRENT,complete,2026-05-22,2026-07-07,29,106.9,71.78,-32.8531337698784,-0.3982879323115384,%,29,46.520875455621926,0.0,0.0,,,751.0,1.3238929254745455,12.17162130040858,-3.3803220018704287,0.0,down,1.0
FRED,E13,PRE_30,GOLD_USD,complete,2026-05-22,2026-07-07,29,4515.1,4124.15,-8.658722951872623,-0.0905673970707382,%,29,29.618932804233427,0.0,0.0,,,751.0,3.3112159966263155,5.54951806310667,-2.218988330905725,1.3315579227696404,down,1.0
FRED,E13,PRE_30,NIFTY50,complete,2026-05-22,2026-07-07,29,23719.3,24398.7,2.8643341076675988,0.0282407894584183,%,29,11.53898496424893,0.0,0.0,,,751.0,1.109809789828109,4.1363372507147,0.4159192667902958,68.44207723035952,up,0.0
FRED,E13,PRE_30,DXY_BROAD,complete,2026-05-22,2026-07-07,29,119.2868,120.8145,1.28069493020182,0.0127256338593713,%,29,4.376298117271061,0.0,0.0,,,751.0,-0.0189610314953236,1.5915670000992432,0.811480895986635,76.56458055925432,up,0.0
FRED,E13,PRE_30,VIX,complete,2026-05-22,2026-07-07,29,16.7,16.13,-3.413173652694612,-0.0347278272855919,%,29,148.16211043951907,0.0,0.0,,,,,,,,down,
FRED,E13,PRE_30,UST10Y,complete,2026-05-22,2026-07-07,29,4.56,4.55,-0.0099999999999997,,pp,29,,0.0,0.0,,,,,,,,down,
FRED,E13,PRE_30,FFR_UPPER,complete,2026-05-22,2026-07-07,29,3.75,3.75,0.0,,pp,29,,0.0,0.0,,,,,,,,,
FRED,E13,PRE_30,IN_REPO,complete,2026-05-22,2026-07-07,29,5.25,5.25,0.0,,pp,29,,168.0,214.0,,,,,,,,,
FRED,E13,PRE_14,USDINR,complete,2026-06-16,2026-07-07,13,94.62,94.97,0.3699006552525752,0.0036921820518589,%,13,4.426320471848249,0.0,0.0,-0.368537432873528,-0.9369518301569624,751.0,0.2491903546999907,0.7663046638123833,0.1570365162913606,64.0479360852197,INR weakened,0.0
FRED,E13,PRE_14,BRENT,complete,2026-06-16,2026-07-07,13,80.5,71.78,-10.832298136645957,-0.1146512987050564,%,13,41.614963845725896,0.0,0.0,,,751.0,0.3935444673679678,7.953008909130892,-1.4909956863930311,3.861517976031957,down,0.0
FRED,E13,PRE_14,GOLD_USD,complete,2026-06-16,2026-07-07,13,4343.3,4124.15,-5.045702576382027,-0.0517744898949306,%,13,21.97935473080496,0.0,0.0,,,751.0,1.3937369548066458,4.140684096162304,-1.584656687175561,4.660452729693742,down,0.0
FRED,E13,PRE_14,NIFTY50,complete,2026-06-16,2026-07-07,13,23989.15,24398.7,1.7072301436274362,0.016928207397139,%,13,9.680924973789091,0.0,0.0,,,751.0,0.4010176393683506,2.855130077552144,0.4527306979921804,66.84420772303595,up,0.0
FRED,E13,PRE_14,DXY_BROAD,complete,2026-06-16,2026-07-07,13,119.256,120.8145,1.3068524854095376,0.0129838684417705,%,13,4.954716015617074,0.0,0.0,,,751.0,-0.0051434544691364,1.0741156466278516,1.2135848081337786,88.41544607190413,up,0.0
FRED,E13,PRE_14,VIX,complete,2026-06-16,2026-07-07,13,16.41,16.13,-1.7062766605728252,-0.017210012964882,%,13,109.93279985603148,0.0,0.0,,,,,,,,down,
FRED,E13,PRE_14,UST10Y,complete,2026-06-16,2026-07-07,13,4.43,4.55,0.1200000000000001,,pp,13,,0.0,0.0,,,,,,,,up,
FRED,E13,PRE_14,FFR_UPPER,complete,2026-06-16,2026-07-07,13,3.75,3.75,0.0,,pp,13,,0.0,0.0,,,,,,,,,
FRED,E13,PRE_14,IN_REPO,complete,2026-06-16,2026-07-07,13,5.25,5.25,0.0,,pp,13,,193.0,214.0,,,,,,,,,
FRED,E13,PRE_7,USDINR,complete,2026-06-26,2026-07-07,6,94.37,94.97,0.6357952739217909,0.0063378262216194,%,6,5.468640859354103,0.0,0.0,-0.6317784563546369,0.6954379473032901,751.0,0.113717142048908,0.5687147052780088,0.914571197564534,84.68708388814915,INR weakened,0.0
FRED,E13,PRE_7,BRENT,complete,2026-06-26,2026-07-07,6,70.16,71.78,2.309007981755995,0.0228275376555336,%,6,33.255024131731155,0.0,0.0,,,751.0,-0.0063771425237724,6.025900737490399,0.3798819813249821,68.44207723035952,up,0.0
FRED,E13,PRE_7,GOLD_USD,complete,2026-06-26,2026-07-07,6,4047.95,4124.15,1.882434318605708,0.0186493578169555,%,6,20.830580958385013,0.0,0.0,,,751.0,0.6032475278488381,2.9971633122971904,0.4215654522278483,68.70838881491345,up,0.0
FRED,E13,PRE_7,NIFTY50,complete,2026-06-26,2026-07-07,6,24056.0,24398.7,1.4245926172264722,0.0141454065050439,%,6,9.896886931205954,1.0,0.0,,,751.0,0.1977808951464821,1.970909757088776,0.6174585517611221,73.23568575233023,up,0.0
FRED,E13,PRE_7,DXY_BROAD,complete,2026-06-26,2026-07-07,6,120.8866,120.8145,-0.0596426733814992,-0.0005966046669923,%,6,3.115579499799675,0.0,0.0,,,751.0,0.0136467432498843,0.7387934486404091,-0.0992243217650705,43.94141145139814,down,0.0
FRED,E13,PRE_7,VIX,complete,2026-06-26,2026-07-07,6,18.41,16.13,-12.38457360130365,-0.1322131031078691,%,6,60.24837445458662,0.0,0.0,,,,,,,,down,
FRED,E13,PRE_7,UST10Y,complete,2026-06-26,2026-07-07,6,4.38,4.55,0.1699999999999999,,pp,6,,0.0,0.0,,,,,,,,up,
FRED,E13,PRE_7,FFR_UPPER,complete,2026-06-26,2026-07-07,6,3.75,3.75,0.0,,pp,6,,0.0,0.0,,,,,,,,,
FRED,E13,PRE_7,IN_REPO,complete,2026-06-26,2026-07-07,6,5.25,5.25,0.0,,pp,6,,203.0,214.0,,,,,,,,,
FRED,E13,EVENT,USDINR,complete,2026-07-07,2026-07-08,1,94.97,95.56,0.6212488154153872,0.0061932702027475,%,1,,0.0,0.0,-0.6174131435747188,0.3595252640204771,751.0,0.019003674432616,0.2439493079534339,2.460860235054329,97.60319573901464,INR weakened,1.0
FRED,E13,EVENT,BRENT,complete,2026-07-07,2026-07-08,1,71.78,76.5,6.5756478127612095,0.0636848551130288,%,1,,0.0,0.0,,,751.0,-0.008896701303851,2.4597545162329517,2.592690679618502,98.1358189081225,up,1.0
FRED,E13,EVENT,GOLD_USD,complete,2026-07-07,2026-07-08,1,4124.15,4055.4,-1.6670101717929595,-0.0168106115949535,%,1,,0.0,0.0,,,751.0,0.1012791025078341,1.2894244563202673,-1.382236082607745,5.992010652463383,down,0.0
FRED,E13,EVENT,NIFTY50,complete,2026-07-07,2026-07-08,1,24398.7,23882.05,-2.117530852053595,-0.0214027214552712,%,1,,0.0,0.0,,,751.0,0.0305418280067915,0.8189134493118576,-2.650840955526148,0.9320905459387484,down,1.0
FRED,E13,EVENT,DXY_BROAD,complete,2026-07-07,2026-07-08,1,120.8145,121.1307,0.2617235513949101,0.0026138165173283,%,1,,0.0,0.0,,,751.0,0.0016258724111928,0.3039767736144592,0.8545251318058009,83.62183754993342,up,0.0
FRED,E13,EVENT,VIX,complete,2026-07-07,2026-07-08,1,16.13,16.9,4.773713577185368,0.0466327297919102,%,1,,0.0,0.0,,,,,,,,up,
FRED,E13,EVENT,UST10Y,complete,2026-07-07,2026-07-08,1,4.55,4.56,0.0099999999999997,,pp,1,,0.0,0.0,,,,,,,,up,
FRED,E13,EVENT,FFR_UPPER,complete,2026-07-07,2026-07-08,1,3.75,3.75,0.0,,pp,1,,0.0,0.0,,,,,,,,,
FRED,E13,EVENT,IN_REPO,complete,2026-07-07,2026-07-08,1,5.25,5.25,0.0,,pp,1,,214.0,215.0,,,,,,,,,
FRED,E13,POST_7,USDINR,complete,2026-07-07,2026-07-17,8,94.97,96.28,1.3793829630409649,0.0136995606600101,%,8,4.876271622587272,0.0,0.0,-1.3606148732862478,1.6136263692546282,751.0,0.1547900358125575,0.6514021777099015,1.865645753219373,95.73901464713715,INR weakened,0.0
FRED,E13,POST_7,BRENT,complete,2026-07-07,2026-07-17,8,71.78,85.01,18.431317915853995,0.1691630109098062,%,8,68.92658792188351,0.0,0.0,,,751.0,-0.0507307211819463,6.9411852376415135,2.444401655287291,98.00266311584554,up,1.0
FRED,E13,POST_7,GOLD_USD,complete,2026-07-07,2026-07-17,8,4124.15,3998.8,-3.0394141823163467,-0.0308656218362913,%,8,15.201975909300142,0.0,0.0,,,751.0,0.8002601819840027,3.4348388271528973,-1.1306606978355471,9.720372836218376,down,0.0
FRED,E13,POST_7,NIFTY50,complete,2026-07-07,2026-07-17,8,24398.7,24334.3,-0.2639484890588517,-0.0026429744726509,%,8,16.241895369899286,0.0,0.0,,,751.0,0.2542197426520509,2.2982571318135085,-0.2254728554819246,41.14513981358189,down,0.0
FRED,E13,POST_7,DXY_BROAD,complete,2026-07-07,2026-07-17,8,120.8145,120.5315,-0.2342434062136633,-0.002345181852655,%,8,3.478252871774871,0.0,0.0,,,751.0,0.014857206208596,0.8494029317242019,-0.293587740972745,36.75099866844207,down,0.0
FRED,E13,POST_7,VIX,complete,2026-07-07,2026-07-17,8,16.13,18.77,16.36701797892126,0.1515789584612999,%,8,128.0449485529951,0.0,0.0,,,,,,,,up,
FRED,E13,POST_7,UST10Y,complete,2026-07-07,2026-07-17,8,4.55,4.55,0.0,,pp,8,,0.0,0.0,,,,,,,,,
FRED,E13,POST_7,FFR_UPPER,complete,2026-07-07,2026-07-17,8,3.75,3.75,0.0,,pp,8,,0.0,0.0,,,,,,,,,
FRED,E13,POST_7,IN_REPO,complete,2026-07-07,2026-07-17,8,5.25,5.25,0.0,,pp,8,,214.0,224.0,,,,,,,,,
FRED,E13,POST_14,USDINR,complete,2026-07-07,2026-07-28,15,94.97,95.85,0.9266084026534616,0.0092234172367922,%,15,5.186479779666993,0.0,0.0,-0.9181011997913324,1.0837087507077017,751.0,0.2874047744160668,0.8079487689389365,0.7863730864837147,81.89081225033289,INR weakened,0.0
FRED,E13,POST_14,BRENT,complete,2026-07-07,2026-07-28,15,71.78,85.51,19.127890777375317,0.1750274424484026,%,15,93.855185185121,0.0,0.0,,,751.0,-0.0134564468816322,9.402048359215222,1.863019730164949,96.40479360852196,up,0.0
FRED,E13,POST_14,GOLD_USD,complete,2026-07-07,2026-07-28,15,4124.15,4037.7,-2.0961895178400303,-0.0211847150215373,%,15,16.303071661335707,0.0,0.0,,,751.0,1.5333008708068752,4.5087594854656645,-0.8073475913018135,16.644474034620508,down,0.0
FRED,E13,POST_14,NIFTY50,complete,2026-07-07,2026-07-28,15,24398.7,23985.35,-1.6941476390135657,-0.0170866248900967,%,15,12.976075819446724,0.0,0.0,,,751.0,0.4841217089749161,3.0445758500042124,-0.7198428304350534,22.90279627163781,down,0.0
FRED,E13,POST_14,DXY_BROAD,complete,2026-07-07,2026-07-28,15,120.8145,120.6247,-0.1571003480542399,-0.0015722388004744,%,15,2.888239823209481,0.0,0.0,,,751.0,0.0259972882197034,1.1550521136480532,-0.1586229637544999,43.67509986684421,down,0.0
FRED,E13,POST_14,VIX,complete,2026-07-07,2026-07-28,15,16.13,18.21,12.895226286422831,0.1212900016023992,%,15,112.58808744563795,0.0,0.0,,,,,,,,up,
FRED,E13,POST_14,UST10Y,complete,2026-07-07,2026-07-28,15,4.55,4.61,0.0600000000000005,,pp,15,,0.0,0.0,,,,,,,,up,
FRED,E13,POST_14,FFR_UPPER,complete,2026-07-07,2026-07-28,15,3.75,3.75,0.0,,pp,15,,0.0,0.0,,,,,,,,,
FRED,E13,POST_14,IN_REPO,complete,2026-07-07,2026-07-28,15,5.25,5.25,0.0,,pp,15,,214.0,235.0,,,,,,,,,
FRED,E13,POST_30,USDINR,complete,2026-07-07,2026-08-19,31,94.97,95.75,0.8213119932610313,0.0081795758058942,%,31,3.938239431856348,0.0,0.0,-0.8146214099216675,2.875452845559378,751.0,0.5976217229132663,1.0652175621227205,0.2085156508954886,64.71371504660452,INR weakened,0.0
FRED,E13,POST_30,BRENT,complete,2026-07-07,2026-08-19,31,71.78,92.37,28.684870437447763,0.2521963648850575,%,31,77.92296457439616,0.0,0.0,,,751.0,0.5415659128420902,14.079970166571677,1.752811368113901,95.87217043941412,up,0.0
FRED,E13,POST_30,GOLD_USD,complete,2026-07-07,2026-08-19,31,4124.15,4355.75,5.615702629632779,0.0546368733736976,%,31,17.24000939711984,0.0,0.0,,,751.0,3.2956328447156125,6.245371461604944,0.3556547548381472,64.31424766977364,up,0.0
FRED,E13,POST_30,NIFTY50,complete,2026-07-07,2026-08-19,31,24398.7,24078.3,-1.3131847188579735,-0.0132188322494526,%,31,11.092065823826845,0.0,0.0,,,751.0,0.9987803111346728,4.244603371443096,-0.5455653891744243,26.098535286284957,down,0.0
FRED,E13,POST_30,DXY_BROAD,complete,2026-07-07,2026-08-19,31,120.8145,118.3328,-2.0541408522983478,-0.0207553176550037,%,31,3.871526253868524,0.0,0.0,,,751.0,0.0141059612641658,1.674178378332182,-1.2481565638477987,11.051930758988016,down,0.0
FRED,E13,POST_30,VIX,complete,2026-07-07,2026-08-19,31,16.13,14.89,-7.687538747675127,-0.0799910454411997,%,31,111.26360872868696,0.0,0.0,,,,,,,,down,
FRED,E13,POST_30,UST10Y,complete,2026-07-07,2026-08-19,31,4.55,4.65,0.1000000000000005,,pp,31,,0.0,0.0,,,,,,,,up,
FRED,E13,POST_30,FFR_UPPER,complete,2026-07-07,2026-08-19,31,3.75,3.75,0.0,,pp,31,,0.0,0.0,,,,,,,,,
FRED,E13,POST_30,IN_REPO,complete,2026-07-07,2026-08-19,31,5.25,5.25,0.0,,pp,31,,214.0,257.0,,,,,,,,,
FRED,E13,POST_90,USDINR,partial,2026-07-07,2026-09-25,57,94.97,95.81,0.8844898388965072,0.0088060114079209,%,57,3.720060650397002,0.0,0.0,-0.8767352050934152,1.2855178611951512,,,,,,INR weakened,
FRED,E13,POST_90,BRENT,partial,2026-07-07,2026-09-25,57,71.78,114.89,60.058512120367794,0.4703692631458122,%,57,69.32139801420254,0.0,3.0,,,,,,,,up,
FRED,E13,POST_90,GOLD_USD,partial,2026-07-07,2026-09-25,57,4124.15,4290.75,4.039620285392154,0.0396016048874308,%,57,21.74262079794259,0.0,0.0,,,,,,,,up,
FRED,E13,POST_90,NIFTY50,partial,2026-07-07,2026-09-25,57,24398.7,23140.5,-5.156832126301813,-0.052945523053305,%,57,10.232132252110162,0.0,0.0,,,,,,,,down,
FRED,E13,POST_90,DXY_BROAD,partial,2026-07-07,2026-09-25,57,120.8145,120.33,-0.401028022298644,-0.0040183429598284,%,57,3.733820544763305,0.0,0.0,,,,,,,,down,
FRED,E13,POST_90,VIX,partial,2026-07-07,2026-09-25,57,16.13,14.87,-7.811531308121511,-0.0813351316650537,%,57,105.22137835150322,0.0,0.0,,,,,,,,down,
FRED,E13,POST_90,UST10Y,partial,2026-07-07,2026-09-25,57,4.55,5.17,0.6200000000000001,,pp,57,,0.0,0.0,,,,,,,,up,
FRED,E13,POST_90,FFR_UPPER,partial,2026-07-07,2026-09-25,57,3.75,4.0,0.25,,pp,57,,0.0,0.0,,,,,,,,up,
FRED,E13,POST_90,IN_REPO,partial,2026-07-07,2026-09-25,57,5.25,5.25,0.0,,pp,57,,214.0,294.0,,,,,,,,,
