date_key,series_id,value,pct_change,log_return,days_since_prev_obs
20130102,BRENT,112.98,,,
20130103,BRENT,113.03,0.04425562046379561,0.00044245830552366633,1.0
20130104,BRENT,112.58,-0.3981243917544064,-0.003989190166759269,1.0
20130107,BRENT,112.49,-0.07994315153668774,-0.0007997512311460279,3.0
20130108,BRENT,113.03,0.4800426704596017,0.004788941397905273,1.0
20130109,BRENT,113.07,0.0353888348226139,0.0003538257445140146,1.0
20130110,BRENT,112.97,-0.08844078889183038,-0.0008847992083162819,1.0
20130111,BRENT,110.3,-2.3634593254846403,-0.023918370479380602,1.0
20130114,BRENT,111.32,0.9247506799637373,0.009205010398233264,3.0
20130115,BRENT,111.72,0.35932446999640266,0.0035868044192859418,1.0
20130116,BRENT,110.97,-0.6713211600429592,-0.006735846564503645,1.0
20130117,BRENT,111.01,0.036045778138249496,0.00036039283208360006,1.0
20130118,BRENT,111.71,0.6305738221781709,0.006285940238201113,1.0
20130122,BRENT,112.72,0.9041267567809541,0.009000640007667813,4.0
20130123,BRENT,113.68,0.8516678495386953,0.008480616198420573,1.0
20130124,BRENT,114.59,0.8004926108374333,0.007973056649511591,1.0
20130125,BRENT,113.88,-0.6196003141635487,-0.006215278028520124,1.0
20130128,BRENT,113.92,0.035124692658938805,0.00035118525382882456,3.0
20130129,BRENT,115.22,1.1411516853932602,0.01134689664057144,1.0
20130130,BRENT,115.42,0.17358097552508944,0.0017343049785833755,1.0
20130131,BRENT,115.55,0.11263212614798235,0.00112568743756938,1.0
20130201,BRENT,115.55,0.0,0.0,1.0
20130204,BRENT,116.06,0.44136737343141164,0.004403962042072455,3.0
20130205,BRENT,117.03,0.8357745993451626,0.008323013424212575,1.0
20130206,BRENT,116.61,-0.35888233786208756,-0.0035952786544333564,1.0
20130207,BRENT,117.17,0.4802332561529843,0.004790838147822676,1.0
20130208,BRENT,118.9,1.4764871554152181,0.014656932016672035,1.0
20130211,BRENT,118.29,-0.5130361648444048,-0.0051435671390906235,3.0
20130212,BRENT,117.89,-0.3381519993236992,-0.003387250253609451,1.0
20130213,BRENT,118.43,0.4580541182458209,0.0045700824293675914,1.0
20130214,BRENT,118.48,0.0422190323397853,0.000422101226139719,1.0
20130215,BRENT,117.4,-0.9115462525320694,-0.009157262565547233,1.0
20130219,BRENT,117.04,-0.3066439522998343,-0.0030711506821272513,4.0
20130220,BRENT,116.23,-0.6920710868079327,-0.006944770056252318,1.0
20130221,BRENT,114.19,-1.755140669362476,-0.017707258942059968,1.0
20130222,BRENT,113.74,-0.3940800420352053,-0.0039485858349030635,1.0
20130225,BRENT,114.55,0.7121505187269284,0.007096267020850984,3.0
20130226,BRENT,112.96,-1.3880401571366274,-0.013977635154572642,1.0
20130227,BRENT,112.24,-0.6373937677053854,-0.006394337950726476,1.0
20130228,BRENT,112.2,-0.03563791874553468,-0.0003564427056094528,1.0
20130301,BRENT,110.14,-1.8360071301247838,-0.018530709254260574,1.0
20130304,BRENT,109.9,-0.21790448520064842,-0.002181422424759703,3.0
20130305,BRENT,110.42,0.4731574158325813,0.004720415446322933,1.0
20130306,BRENT,110.27,-0.13584495562398713,-0.0013593730853114839,1.0
20130307,BRENT,110.42,0.13602974517095134,0.001359373085311497,1.0
20130308,BRENT,108.91,-1.3675058866147505,-0.013769423768303549,1.0
20130311,BRENT,108.64,-0.2479111192727923,-0.0024821892772090557,3.0
20130312,BRENT,108.48,-0.14727540500736325,-0.0014738396183005527,1.0
20130313,BRENT,107.51,-0.8941740412979349,-0.008981957694948754,1.0
20130314,BRENT,108.1,0.5487861594270171,0.005472858148025783,1.0
20130315,BRENT,109.32,1.128584643848285,0.011222636414704633,1.0
20130318,BRENT,108.54,-0.7135016465422472,-0.007160592424608356,3.0
20130319,BRENT,106.91,-1.501750506725641,-0.01513140960985035,1.0
20130320,BRENT,108.27,1.272098026377333,0.012640748297398436,1.0
20130321,BRENT,106.41,-1.7179274037129377,-0.017328549869166716,1.0
20130322,BRENT,106.51,0.09397613006296712,0.0009393200014342201,1.0
20130325,BRENT,106.66,0.14083184677493588,0.0014073277173816644,3.0
20130326,BRENT,107.1,0.41252578286141706,0.004116772281246811,1.0
20130327,BRENT,108.51,1.3165266106442752,0.013079357178413359,1.0
20130328,BRENT,108.46,-0.04607870242374634,-0.0004608932192017436,1.0
20130401,BRENT,108.76,0.2765996680804017,0.002762178351355405,4.0
20130402,BRENT,109.66,0.8275101140124974,0.00824105021163237,1.0
20130403,BRENT,107.82,-1.6779135509757515,-0.016921499952379813,1.0
20130404,BRENT,105.09,-2.5319977740678845,-0.02564604414601747,1.0
20130405,BRENT,103.98,-1.0562375107051047,-0.010618552921935373,1.0
20130408,BRENT,103.16,-0.7886131948451669,-0.007917391942425729,3.0
20130409,BRENT,104.08,0.891818534315636,0.008878653191105904,1.0
20130410,BRENT,104.8,0.6917755572636519,0.0068939376826920385,1.0
20130411,BRENT,103.62,-1.125954198473278,-0.01132341050029951,1.0
20130412,BRENT,100.58,-2.933796564369817,-0.02977693064282358,1.0
20130415,BRENT,99.32,-1.2527341419765414,-0.012606470103852897,3.0
20130416,BRENT,97.88,-1.4498590414820711,-0.014604722065494876,1.0
20130417,BRENT,96.84,-1.0625255414793533,-0.01068210650461308,1.0
20130418,BRENT,97.48,0.660883932259404,0.006587096687147806,1.0
20130419,BRENT,98.94,1.4977431267952257,0.014866377042556918,1.0
20130422,BRENT,99.07,0.1313927632908829,0.0013130651853763375,3.0
20130423,BRENT,99.25,0.18168971434340264,0.0018152485823610075,1.0
20130424,BRENT,100.71,1.471032745591927,0.01460318009275333,1.0
20130425,BRENT,101.62,0.9035845496971673,0.008995266505532756,1.0
20130426,BRENT,102.39,0.7577248573115591,0.007548685421139591,1.0
20130429,BRENT,102.88,0.4785623596054167,0.004774208902583758,3.0
20130430,BRENT,101.53,-1.3122083981337407,-0.01320893917617785,1.0
20130501,BRENT,98.34,-3.1419284940411685,-0.031923459329337996,1.0
20130502,BRENT,100.32,2.0134228187919323,0.01993421490081711,1.0
20130503,BRENT,104.6,4.266347687400329,0.04177847474621206,1.0
20130506,BRENT,105.0,0.3824091778202643,0.003816798526700811,3.0
20130507,BRENT,105.18,0.17142857142857792,0.001712818003674825,1.0
20130508,BRENT,103.79,-1.3215440197756223,-0.0133035411840005,1.0
20130509,BRENT,103.59,-0.19269679159842346,-0.0019288269071870046,1.0
20130510,BRENT,101.31,-2.200984651028093,-0.02225567700442465,1.0
20130513,BRENT,102.17,0.8488796762412321,0.008452969537746194,3.0
20130514,BRENT,102.7,0.5187432710188844,0.005174024331180198,1.0
20130515,BRENT,101.57,-1.1002921129503518,-0.011063900983102873,1.0
20130516,BRENT,104.27,2.658265235797974,0.026235472850091996,1.0
20130517,BRENT,103.83,-0.42198139445669414,-0.004228742486139132,1.0
20130520,BRENT,104.55,0.6934412019647507,0.006910479559280012,3.0
20130521,BRENT,103.1,-1.3868962219033998,-0.013966034851728384,1.0
20130522,BRENT,102.14,-0.9311348205625514,-0.009354969803416296,1.0
20130523,BRENT,100.46,-1.6448012531819156,-0.016584782897599282,1.0
20130524,BRENT,101.24,0.7764284292255619,0.0077342973550246445,1.0
20130528,BRENT,103.77,2.499012248123278,0.0246829759402638,4.0
20130529,BRENT,102.14,-1.5707815360894273,-0.015832490397689178,1.0
20130530,BRENT,101.79,-0.34266692774622687,-0.003432553755249344,1.0
20130531,BRENT,100.43,-1.3360840947047814,-0.013450900059000796,1.0
20130603,BRENT,101.63,1.194862093000082,0.011877799744427257,3.0
20130604,BRENT,102.04,0.40342418577192785,0.004026126123935671,1.0
20130605,BRENT,103.51,1.440611524892188,0.014303333122048055,1.0
20130606,BRENT,103.37,-0.1352526325958836,-0.0013534418152654085,1.0
20130607,BRENT,104.07,0.6771790654928722,0.006748965069374466,1.0
20130610,BRENT,103.87,-0.19217834150090374,-0.0019236324100479066,3.0
20130611,BRENT,101.5,-2.2816982766920235,-0.02308131875787806,1.0
20130612,BRENT,103.11,1.586206896551734,0.01573758104801028,1.0
20130613,BRENT,103.38,0.26185627000290257,0.0026151402380409777,1.0
20130614,BRENT,105.1,1.6637647514025966,0.01650075811501223,1.0
20130617,BRENT,105.8,0.6660323501427312,0.006638241541293665,3.0
20130618,BRENT,105.21,-0.5576559546313864,-0.005592166604002645,1.0
20130619,BRENT,105.56,0.3326679973386648,0.0033211588149269795,1.0
20130620,BRENT,102.72,-2.690413035240624,-0.027272671693472302,1.0
20130621,BRENT,100.36,-2.29750778816199,-0.023243118443429463,1.0
20130624,BRENT,99.8,-0.5579912315663682,-0.005595538180803319,3.0
20130625,BRENT,101.51,1.7134268537074338,0.016989132478921608,1.0
20130626,BRENT,100.62,-0.8767609102551477,-0.008806270733167233,1.0
20130627,BRENT,102.74,2.106936990657915,0.020850479975949254,1.0
20130628,BRENT,102.49,-0.24333268444617362,-0.0024362921956502088,1.0
20130701,BRENT,103.19,0.6829934627768486,0.006806716284151321,3.0
20130702,BRENT,103.96,0.7461963368543323,0.007434260645666396,1.0
20130703,BRENT,106.12,2.077722200846499,0.020564319496249588,1.0
20130705,BRENT,107.46,1.2627214474180137,0.012548156031136471,2.0
20130708,BRENT,107.75,0.26986785780755973,0.0026950436831817922,3.0
20130709,BRENT,107.9,0.13921113689094877,0.0013911432802317816,1.0
20130710,BRENT,108.43,0.4911955514365074,0.004899931220001514,1.0
20130711,BRENT,108.18,-0.23056349718713065,-0.002308297040809718,1.0
20130712,BRENT,109.03,0.7857274912183243,0.007826567275009329,1.0
20130715,BRENT,109.05,0.018343575162793613,0.00018341892934762213,3.0
20130716,BRENT,109.29,0.22008253094911723,0.0021984070409441685,1.0
20130717,BRENT,109.67,0.34769878305425106,0.0034709570835353043,1.0
20130718,BRENT,109.71,0.03647305553022839,0.0003646640572820469,1.0
20130719,BRENT,109.34,-0.3372527572691575,-0.003378227362546261,1.0
20130722,BRENT,108.82,-0.4755807572709103,-0.004767152409074053,3.0
20130723,BRENT,109.27,0.4135269251975826,0.004126742524874805,1.0
20130724,BRENT,108.23,-0.9517708428662841,-0.009563291275598854,1.0
20130725,BRENT,108.1,-0.12011457082140575,-0.0012018676618925168,1.0
20130726,BRENT,107.57,-0.49028677150786404,-0.004914926201248533,1.0
20130729,BRENT,108.1,0.49270242632704075,0.004914926201248502,3.0
20130730,BRENT,107.47,-0.5827937095282065,-0.005844985792100596,1.0
20130731,BRENT,107.89,0.3908067367637491,0.003900450710186823,1.0
20130801,BRENT,109.94,1.9000834182964166,0.018822572869265607,1.0
20130802,BRENT,109.63,-0.2819719847189428,-0.002823702746065698,1.0
20130805,BRENT,109.81,0.1641886344978527,0.0016405399231731927,3.0
20130806,BRENT,108.77,-0.9470904289226922,-0.009516038503863058,1.0
20130807,BRENT,108.39,-0.349361037050655,-0.003499727278100331,1.0
20130808,BRENT,107.32,-0.9871759387397483,-0.00992080827023528,1.0
20130809,BRENT,108.49,1.090197540067095,0.010842977276935976,1.0
20130812,BRENT,109.28,0.728177712231548,0.007255392988120684,3.0
20130813,BRENT,110.69,1.2902635431917941,0.012820105575052603,1.0
20130814,BRENT,110.26,-0.3884723100550991,-0.003892288235994977,1.0
20130815,BRENT,111.58,1.1971703246870913,0.011900609255844642,1.0
20130816,BRENT,111.82,0.21509231044989363,0.002148613181116887,1.0
20130819,BRENT,111.41,-0.3666607047039805,-0.003673345527274012,3.0
20130820,BRENT,110.74,-0.6013822816623327,-0.006031978676404081,1.0
20130821,BRENT,110.82,0.07224128589489176,0.0007221520443825023,1.0
20130822,BRENT,110.51,-0.27973290019850383,-0.002801248838512577,1.0
20130823,BRENT,112.12,1.4568817301601644,0.014463711695896655,1.0
20130826,BRENT,112.23,0.09810916874777309,0.000980610731576964,3.0
20130827,BRENT,115.21,2.655261516528551,0.026206213021797674,1.0
20130828,BRENT,116.27,0.9200590226542849,0.009158522630554623,1.0
20130829,BRENT,116.91,0.5504429345488893,0.0054893353382106875,1.0
20130830,BRENT,115.97,-0.8040372936446771,-0.008072871050115607,1.0
20130903,BRENT,115.49,-0.4139001465896408,-0.0041475908416158365,4.0
20130904,BRENT,115.65,0.1385401333448888,0.0013844425504521956,1.0
20130905,BRENT,115.81,0.13834846519671373,0.0013825285188381004,1.0
20130906,BRENT,117.15,1.1570676107417244,0.011504247757518293,1.0
20130909,BRENT,115.2,-1.6645326504481472,-0.016785416692013836,3.0
20130910,BRENT,112.1,-2.690972222222232,-0.02727841818367674,1.0
20130911,BRENT,112.37,0.24085637823372252,0.0024056678416967976,1.0
20130912,BRENT,113.11,0.658538755895699,0.006563798623478671,1.0
20130913,BRENT,113.31,0.17681902572717068,0.0017666288491855098,1.0
20130916,BRENT,110.86,-2.1622098667372747,-0.021859281400816607,3.0
20130917,BRENT,109.05,-1.6326898791268252,-0.01646165134402055,1.0
20130918,BRENT,109.09,0.03668042182485287,0.0003667369620273407,1.0
20130919,BRENT,110.66,1.439178659822149,0.014289207860298147,1.0
20130920,BRENT,110.22,-0.3976143141153021,-0.003984069014874347,1.0
20130923,BRENT,108.56,-1.506078751587736,-0.015175352928475607,3.0
20130924,BRENT,107.68,-0.8106116433308719,-0.008139149630195977,1.0
20130925,BRENT,109.46,1.6530460624071264,0.016395319819354364,1.0
20130926,BRENT,108.86,-0.5481454412570752,-0.005496532709718077,1.0
20130927,BRENT,109.45,0.5419805254455401,0.005405170962818115,1.0
20130930,BRENT,107.85,-1.4618547281863958,-0.014726451133706655,3.0
20131001,BRENT,107.32,-0.49142327306443967,-0.00492634727774198,1.0
20131002,BRENT,109.09,1.649273201639967,0.01635820405224211,1.0
20131003,BRENT,109.49,0.36666972224768113,0.0036599912756681025,1.0
20131004,BRENT,109.42,-0.06393277924924279,-0.0006395322496536292,1.0
20131007,BRENT,109.66,0.2193383293730422,0.0021909813402223826,3.0
20131008,BRENT,110.56,0.8207185847163956,0.008173690043457357,1.0
20131009,BRENT,109.02,-1.3929088277858215,-0.014027008383224987,1.0
20131010,BRENT,111.63,2.394056136488709,0.02365847939050592,1.0
20131011,BRENT,110.65,-0.8779002060377961,-0.008817764529582082,1.0
20131014,BRENT,110.13,-0.4699502937189459,-0.004710580320206173,3.0
20131015,BRENT,110.67,0.4903296104603605,0.004891314099841293,1.0
20131016,BRENT,110.79,0.10843046896178432,0.001083717255887631,1.0
20131017,BRENT,109.55,-1.1192345879592058,-0.011255451491106034,1.0
20131018,BRENT,109.4,-0.1369237790962985,-0.0013701760535946516,1.0
20131021,BRENT,109.47,0.06398537477148025,0.000639649128585129,3.0
20131022,BRENT,109.57,0.09134922809901358,0.0009130753008358682,1.0
20131023,BRENT,107.74,-1.6701651912019666,-0.01684269716491418,1.0
20131024,BRENT,106.63,-1.0302580285873386,-0.010356019222299517,1.0
20131025,BRENT,105.7,-0.8721748100909643,-0.008760005153896171,1.0
20131028,BRENT,108.29,2.4503311258278204,0.024207920764096166,3.0
20131029,BRENT,108.04,-0.23086157539938812,-0.00231128471587321,1.0
20131030,BRENT,108.41,0.3424657534246478,0.003418806748785461,1.0
20131031,BRENT,107.53,-0.8117332349414252,-0.008150457270765446,1.0
20131101,BRENT,105.78,-1.6274528038686897,-0.016408412764601088,1.0
20131104,BRENT,104.85,-0.8791832104367625,-0.008830708289904976,3.0
20131105,BRENT,105.01,0.1525989508822212,0.0015248263699731296,1.0
20131106,BRENT,105.46,0.4285306161317948,0.004276150384421702,1.0
20131107,BRENT,103.08,-2.256779821733357,-0.02282634831815939,1.0
20131108,BRENT,104.29,1.1738455568490513,0.011670094348957204,1.0
20131111,BRENT,105.76,1.4095311151596457,0.013996895970254606,3.0
20131112,BRENT,106.29,0.501134644478074,0.004998831442114268,1.0
20131113,BRENT,106.9,0.5739015899896449,0.005722610485509162,1.0
20131114,BRENT,108.29,1.3002806361085195,0.012918995609288586,1.0
20131115,BRENT,108.25,-0.03693785206391187,-0.00036944675768892446,1.0
20131118,BRENT,108.8,0.5080831408776021,0.005067967539243064,3.0
20131119,BRENT,108.29,-0.46874999999999556,-0.00469852078155415,1.0
20131120,BRENT,108.27,-0.018468926031955935,-0.00018470631748121341,1.0
20131121,BRENT,109.9,1.5054955204581333,0.014942754086768976,1.0
20131122,BRENT,111.36,1.3284804367606817,0.013197335176533742,1.0
20131125,BRENT,110.83,-0.4759339080459779,-0.004770700798547845,3.0
20131126,BRENT,112.04,1.091762158260412,0.010858454604346226,1.0
20131127,BRENT,111.32,-0.6426276329882352,-0.006447013734217914,1.0
20131129,BRENT,111.07,-0.2245777937477489,-0.0022483034786613273,2.0
20131202,BRENT,111.49,0.37813991176736117,0.0037742676004515353,3.0
20131203,BRENT,113.06,1.4081980446676967,0.013983750467664764,1.0
20131204,BRENT,113.27,0.18574208384927182,0.0018556979654773536,1.0
20131205,BRENT,112.07,-1.0594155557517415,-0.01065067314868557,1.0
20131206,BRENT,111.5,-0.5086106897474685,-0.005099085163763065,1.0
20131209,BRENT,110.07,-1.2825112107623382,-0.012908063864873144,3.0
20131210,BRENT,108.91,-1.0538748069410353,-0.010594673947705278,1.0
20131211,BRENT,109.47,0.5141860251583807,0.005128686028870826,1.0
20131212,BRENT,108.99,-0.4384762948753118,-0.004394404215245734,1.0
20131213,BRENT,108.08,-0.8349389852279954,-0.008384441249276777,1.0
20131216,BRENT,110.3,2.054034048852693,0.020332232607513285,3.0
20131217,BRENT,108.91,-1.2601994560290097,-0.012682073171861695,1.0
20131218,BRENT,109.56,0.5968230649159967,0.005950491307282449,1.0
20131219,BRENT,110.78,1.1135450894486976,0.011073908210080368,1.0
20131220,BRENT,112.15,1.2366853222603336,0.01229100836125946,1.0
20131223,BRENT,111.58,-0.5082478823004943,-0.005095438548835078,3.0
20131224,BRENT,111.57,-0.008962179602078901,-8.962581229391554e-05,1.0
20131226,BRENT,111.65,0.0717038630456246,0.000716781681078546,2.0
20131227,BRENT,112.06,0.36721898790863516,0.003665463850971503,1.0
20131230,BRENT,110.47,-1.4188827413885496,-0.0142904512529548,3.0
20131231,BRENT,109.95,-0.4707160315017611,-0.004718273883413513,1.0
20140102,BRENT,107.94,-1.828103683492499,-0.01845019981027348,2.0
20140103,BRENT,106.57,-1.2692236427645054,-0.012773470957632002,1.0
20140106,BRENT,106.71,0.13136905320447756,0.0013128283956088313,3.0
20140107,BRENT,107.01,0.2811357885859067,0.00280741341043652,1.0
20140108,BRENT,107.42,0.3831417624521105,0.0038240964384034758,1.0
20140109,BRENT,107.49,0.0651647737851313,0.0006514355076587345,1.0
20140110,BRENT,106.44,-0.9768350544236637,-0.009816373875483666,1.0
20140113,BRENT,108.02,1.4844043592634248,0.014734949055256533,3.0
20140114,BRENT,107.12,-0.8331790409183415,-0.008366693781827927,1.0
20140115,BRENT,108.09,0.9055265123226297,0.009014512045194498,1.0
20140116,BRENT,107.46,-0.5828476269775229,-0.005845528127436187,1.0
20140117,BRENT,108.45,0.9212730318258089,0.009170551972208105,1.0
20140120,BRENT,108.01,-0.4057169202397404,-0.004065421842500594,3.0
20140121,BRENT,109.17,1.0739746319785137,0.010682484861795303,1.0
20140122,BRENT,109.69,0.4763213336997252,0.004751905131064528,1.0
20140123,BRENT,109.69,0.0,0.0,1.0
20140124,BRENT,109.14,-0.5014130732063027,-0.005026743665156819,1.0
20140127,BRENT,108.72,-0.3848268279274314,-0.003855691915197602,3.0
20140128,BRENT,109.1,0.3495217071376011,0.003489122996136862,1.0
20140129,BRENT,108.83,-0.24747937671860676,-0.0024778611310548432,1.0
20140130,BRENT,109.36,0.4869980703850141,0.004858160707723928,1.0
20140131,BRENT,108.16,-1.097293343087058,-0.01103358012104022,1.0
20140203,BRENT,106.55,-1.4885355029585767,-0.014997253750027783,3.0
20140204,BRENT,107.04,0.45987799155327025,0.004588237835292263,1.0
20140205,BRENT,106.81,-0.2148729446935782,-0.0021510412783142894,1.0
20140206,BRENT,108.15,1.2545641793839657,0.012467597297463814,1.0
20140207,BRENT,110.12,1.8215441516412412,0.018051527875338813,1.0
20140210,BRENT,110.18,0.05448601525608332,0.0005447117701638993,3.0
20140211,BRENT,109.21,-0.8803775639862121,-0.008842757834933527,1.0
20140212,BRENT,108.62,-0.5402435674388695,-0.005417081602937711,1.0
20140213,BRENT,108.98,0.3314306757503216,0.0033088265482530623,1.0
20140214,BRENT,108.63,-0.3211598458432774,-0.003216766709292803,1.0
20140218,BRENT,110.14,1.3900395839086865,0.013804671388675974,4.0
20140219,BRENT,110.37,0.2088251316506362,0.002086073950457347,1.0
20140220,BRENT,109.42,-0.8607411434266576,-0.008644669149112839,1.0
20140221,BRENT,109.03,-0.3564247852312241,-0.0035706149173895287,1.0
20140224,BRENT,109.76,0.6695404934421667,0.0066730902592846576,3.0
20140225,BRENT,109.19,-0.5193148688046767,-0.005206679951600338,1.0
20140226,BRENT,109.39,0.18316695668101346,0.0018299941057245488,1.0
20140227,BRENT,108.54,-0.7770362921656448,-0.0078007094964406614,1.0
20140228,BRENT,108.98,0.4053805048829906,0.004045610519693501,1.0
20140303,BRENT,111.26,2.0921269957790534,0.02070542549219498,3.0
20140304,BRENT,109.17,-1.8784828330037806,-0.018963504354969067,1.0
20140305,BRENT,108.15,-0.9343226161033225,-0.009387147893110345,1.0
20140306,BRENT,107.99,-0.1479426722145294,-0.0014805221543995294,1.0
20140307,BRENT,109.14,1.0649134179090636,0.010592831513417496,1.0
20140310,BRENT,108.27,-0.7971412864211103,-0.008003354435278992,3.0
20140311,BRENT,108.35,0.07388935069732039,0.0007386206595610619,1.0
20140312,BRENT,107.88,-0.43377941855099467,-0.004347229710838867,1.0
20140313,BRENT,107.48,-0.3707823507600905,-0.0037147145242386053,1.0
20140314,BRENT,108.08,0.5582433941198284,0.005566909904652863,1.0
20140317,BRENT,106.99,-1.0085122131754276,-0.010136321501428257,3.0
20140318,BRENT,106.79,-0.18693335825776813,-0.0018710829670612206,1.0
20140319,BRENT,105.95,-0.7865905047289123,-0.007897004469145805,1.0
20140320,BRENT,105.73,-0.20764511562056942,-0.002078609969872859,1.0
20140321,BRENT,107.2,1.390333869289706,0.013807573892266516,1.0
20140324,BRENT,106.59,-0.5690298507462721,-0.00570654993565624,3.0
20140325,BRENT,107.01,0.39403321137068126,0.003932589337864524,1.0
20140326,BRENT,105.9,-1.0372862349313117,-0.010427035431549039,1.0
20140327,BRENT,106.58,0.6421152030217092,0.006400624261275332,1.0
20140328,BRENT,106.64,0.05629574028898077,0.0005627990018169897,1.0
20140331,BRENT,105.95,-0.6470367591898007,-0.006491391156145186,3.0
20140401,BRENT,105.7,-0.23596035865974807,-0.002362391838116156,1.0
20140402,BRENT,103.37,-2.2043519394512767,-0.022290108295798552,1.0
20140403,BRENT,104.88,1.4607719841346567,0.014502054875050957,1.0
20140404,BRENT,106.41,1.4588100686498962,0.014482717998195857,1.0
20140407,BRENT,104.89,-1.4284371769570536,-0.014387375480127635,3.0
20140408,BRENT,105.83,0.8961769472781045,0.008921851132120623,1.0
20140409,BRENT,107.39,1.474062175186619,0.014633034764492004,1.0
20140410,BRENT,107.1,-0.27004376571375666,-0.002704090416422075,1.0
20140411,BRENT,107.34,0.22408963585434094,0.0022383892949797007,1.0
20140414,BRENT,107.68,0.316750512390529,0.003162499147734824,3.0
20140415,BRENT,109.1,1.3187221396731008,0.013101026942607414,1.0
20140416,BRENT,109.71,0.5591200733272128,0.0055756279903743065,1.0
20140417,BRENT,109.79,0.07291951508523464,0.0007289294172415933,1.0
20140421,BRENT,109.69,-0.09108297659168318,-0.0009112448233983501,4.0
20140422,BRENT,108.54,-1.0484091530677309,-0.010539436787983943,1.0
20140423,BRENT,108.48,-0.055279159756771445,-0.0005529444431733251,1.0
20140424,BRENT,109.79,1.2075958702064904,0.012003626054555601,1.0
20140425,BRENT,109.53,-0.23681573913836296,-0.002370965910985925,1.0
20140428,BRENT,109.12,-0.3743266684926527,-0.0037502902405032418,3.0
20140429,BRENT,109.89,0.7056451612903247,0.007031671363680747,1.0
20140430,BRENT,108.63,-1.146601146601156,-0.011532253013173274,1.0
20140501,BRENT,108.63,0.0,0.0,1.0
20140502,BRENT,109.48,0.7824726134585402,0.007794271726818923,1.0
20140505,BRENT,109.48,0.0,0.0,3.0
20140506,BRENT,108.3,-1.0778224333211628,-0.010836730165533482,1.0
20140507,BRENT,108.17,-0.12003693444135877,-0.0012010903647466488,1.0
20140508,BRENT,108.19,0.018489414810018978,0.00018487705728381776,1.0
20140509,BRENT,108.26,0.0647009890008432,0.000646800669349907,1.0
20140512,BRENT,108.37,0.10160724182524117,0.0010155565660720555,3.0
20140513,BRENT,108.78,0.37833348712743575,0.0037761960599108726,1.0
20140514,BRENT,109.87,1.002022430593863,0.009970354717974935,1.0
20140515,BRENT,109.74,-0.1183216528624853,-0.001183917081960371,1.0
20140516,BRENT,110.9,1.0570439219974581,0.010514962725492117,1.0
20140519,BRENT,110.84,-0.054102795311095075,-0.0005411743615437258,3.0
20140520,BRENT,110.35,-0.4420786719595893,-0.004430587292032338,1.0
20140521,BRENT,111.32,0.8790212958767585,0.00875180395494465,1.0
20140522,BRENT,110.89,-0.386273805246129,-0.0038702176925654607,1.0
20140523,BRENT,110.19,-0.631256199837682,-0.006332570465438903,1.0
20140526,BRENT,110.01,-0.16335420637080267,-0.0016348777483411849,3.0
20140527,BRENT,109.81,-0.18180165439505291,-0.001819671141722431,1.0
20140528,BRENT,109.09,-0.6556779892541664,-0.006578369999956499,1.0
20140529,BRENT,109.98,0.815840132001111,0.008125301470003371,1.0
20140530,BRENT,109.21,-0.7001272958719884,-0.007025896870031739,1.0
20140602,BRENT,109.34,0.11903671824924356,0.001189659257216176,3.0
20140603,BRENT,108.87,-0.4298518383025418,-0.004307783573764549,1.0
20140604,BRENT,109.07,0.18370533664002764,0.0018353680475628716,1.0
20140605,BRENT,108.43,-0.5867791326670813,-0.0058850744565608435,1.0
20140606,BRENT,109.21,0.7193581112238112,0.00716783072554626,1.0
20140609,BRENT,110.55,1.2269938650306678,0.012195273093818206,3.0
20140610,BRENT,109.18,-1.2392582541836172,-0.012470010949843654,1.0
20140611,BRENT,109.83,0.595347133174573,0.005935819446642972,1.0
20140612,BRENT,112.18,2.1396703997086375,0.021171008279936298,1.0
20140613,BRENT,113.15,0.8646817614547997,0.008609647999355475,1.0
20140616,BRENT,113.42,0.23862129916041308,0.0023833705063356324,3.0
20140617,BRENT,114.02,0.5290072297654769,0.0052761290175538916,1.0
20140618,BRENT,114.25,0.201718996667255,0.00201515817087831,1.0
20140619,BRENT,115.19,0.8227571115973831,0.008193909164101032,1.0
20140620,BRENT,114.55,-0.5556037850507844,-0.005571530038910485,1.0
20140623,BRENT,113.62,-0.8118725447402775,-0.008151861770523593,3.0
20140624,BRENT,113.74,0.10561520859002638,0.0010555947496726822,1.0
20140625,BRENT,112.84,-0.7912783541410118,-0.00794425574485796,1.0
20140626,BRENT,112.61,-0.20382842963488912,-0.002040364424861423,1.0
20140627,BRENT,112.62,0.008880206020789316,8.87981175383543e-05,1.0
20140630,BRENT,111.03,-1.4118273841236095,-0.014218884760298233,3.0
20140701,BRENT,110.84,-0.17112492119246703,-0.001712715071396599,1.0
20140702,BRENT,110.18,-0.5954529050884116,-0.00597232795020715,1.0
20140703,BRENT,108.98,-1.08912688328191,-0.010951012889618266,1.0
20140707,BRENT,108.7,-0.2569278766746175,-0.0025725850277885094,4.0
20140708,BRENT,107.65,-0.9659613615455309,-0.00970657031679165,1.0
20140709,BRENT,106.84,-0.7524384579656318,-0.007552835568611942,1.0
20140710,BRENT,106.2,-0.5990265818045626,-0.0060082794339216105,1.0
20140711,BRENT,105.77,-0.4048964218455797,-0.004057183467877006,1.0
20140714,BRENT,104.73,-0.9832655762503473,-0.009881315554907077,3.0
20140715,BRENT,104.73,0.0,0.0,1.0
20140716,BRENT,105.41,0.649288646997026,0.0064718984820433334,1.0
20140717,BRENT,106.04,0.5976662555734924,0.005958873153727135,1.0
20140718,BRENT,106.03,-0.009430403621280004,-9.430848311799932e-05,1.0
20140721,BRENT,105.71,-0.30180137696879106,-0.00302257715713526,3.0
20140722,BRENT,106.48,0.7284079084287187,0.007257678306284511,1.0
20140723,BRENT,106.85,0.3474830954169672,0.003468807678300309,1.0
20140724,BRENT,105.78,-1.0014038371548795,-0.01006451612732266,1.0
20140725,BRENT,106.89,1.0493477027793574,0.010438802648020551,1.0
20140728,BRENT,106.7,-0.1777528300121567,-0.0017791099781466356,3.0
20140729,BRENT,106.98,0.2624179943767624,0.00262074279539641,1.0
20140730,BRENT,106.47,-0.4767246214245735,-0.004778645776589331,1.0
20140731,BRENT,104.94,-1.4370245139475935,-0.014474497067949116,1.0
20140801,BRENT,103.45,-1.4198589670287753,-0.014300354067013635,1.0
20140804,BRENT,103.63,0.1739971000483287,0.0017384590045739755,3.0
20140805,BRENT,102.82,-0.7816269420052091,-0.007846976568767436,1.0
20140806,BRENT,104.17,1.3129741295467845,0.01304429336899886,1.0
20140807,BRENT,104.02,-0.14399539214745571,-0.001440991651431053,1.0
20140808,BRENT,103.36,-0.6344933666602492,-0.006365148310634608,1.0
20140811,BRENT,103.47,0.1064241486068207,0.0010636755825676064,3.0
20140812,BRENT,101.68,-1.7299700396250062,-0.01745108873566056,1.0
20140813,BRENT,102.27,0.580251770259621,0.0057857479367226395,1.0
20140814,BRENT,101.15,-1.0951403148528271,-0.011011811204166812,1.0
20140815,BRENT,101.13,-0.019772614928337262,-0.0001977456996755528,1.0
20140818,BRENT,99.37,-1.7403342232769625,-0.017556560670806978,3.0
20140819,BRENT,99.74,0.37234577840392635,0.00371654287470431,1.0
20140820,BRENT,99.92,0.18046921997192378,0.0018030656993457165,1.0
20140821,BRENT,100.28,0.36028823058447124,0.003596407472770443,1.0
20140822,BRENT,100.09,-0.18946948544076303,-0.0018964920591651527,1.0
20140825,BRENT,100.49,0.3996403237086499,0.003988438829939746,3.0
20140826,BRENT,100.5,0.009951238929262196,9.950743826326705e-05,1.0
20140827,BRENT,100.4,-0.09950248756218638,-0.0009955202415015939,1.0
20140828,BRENT,100.71,0.3087649402390369,0.003082892402424357,1.0
20140829,BRENT,101.12,0.4071095223910248,0.004062830738494056,1.0
20140902,BRENT,100.21,-0.8999208860759556,-0.009039946328309857,4.0
20140903,BRENT,100.88,0.6685959485081439,0.00666370758642673,1.0
20140904,BRENT,101.21,0.3271213322759703,0.0032658745441456923,1.0
20140905,BRENT,99.51,-1.679675921351631,-0.016939424573738936,1.0
20140908,BRENT,99.53,0.02009848256456781,0.0002009646309014543,3.0
20140909,BRENT,98.08,-1.4568471817542505,-0.01467563407007097,1.0
20140910,BRENT,96.26,-1.8556280587275653,-0.018730608312937918,1.0
20140911,BRENT,96.42,0.16621649698731478,0.0016607851025127979,1.0
20140912,BRENT,96.31,-0.11408421489317311,-0.0011414934047032622,1.0
20140915,BRENT,96.43,0.12459765341086282,0.0012452009495201373,3.0
20140916,BRENT,97.39,0.9955408068028637,0.009906179450814843,1.0
20140917,BRENT,97.7,0.31830783447992506,0.00317802307562917,1.0
20140918,BRENT,96.82,-0.9007164790174049,-0.009047974537188804,1.0
20140919,BRENT,96.75,-0.07229911175375969,-0.0007232526016570096,1.0
20140922,BRENT,95.37,-1.4263565891472818,-0.014366268319070109,3.0
20140923,BRENT,94.87,-0.5242738806752634,-0.005256530186035551,1.0
20140924,BRENT,94.53,-0.35838515863814147,-0.0035902889674925835,1.0
20140925,BRENT,95.2,0.7087697027398754,0.007062697360026744,1.0
20140926,BRENT,95.08,-0.12605042016806678,-0.0012612993053264508,1.0
20140929,BRENT,95.7,0.6520824568784223,0.006499655966915444,3.0
20140930,BRENT,94.67,-1.076280041797284,-0.010821138318108737,1.0
20141001,BRENT,94.57,-0.10563008344777192,-0.001056859113379117,1.0
20141002,BRENT,91.29,-3.468330337316261,-0.03529904845043126,1.0
20141003,BRENT,90.8,-0.5367510132544773,-0.005381966969741926,1.0
20141006,BRENT,90.65,-0.1651982378854555,-0.0016533484063874782,3.0
20141007,BRENT,90.9,0.27578599007169746,0.0027540639825730196,1.0
20141008,BRENT,90.25,-0.7150715071507219,-0.007176403970442917,1.0
20141009,BRENT,90.47,0.24376731301938293,0.002434706824659878,1.0
20141010,BRENT,88.66,-2.000663203271802,-0.02020947472074278,1.0
20141013,BRENT,87.82,-0.9474396571170773,-0.009519564183336089,3.0
20141015,BRENT,84.02,-4.32703256661352,-0.044234399392335304,2.0
20141016,BRENT,84.02,0.0,0.0,1.0
20141017,BRENT,85.27,1.4877410140442748,0.014767827012722211,1.0
20141020,BRENT,84.42,-0.9968335874281586,-0.010018352399605421,3.0
20141021,BRENT,85.17,0.8884150675195546,0.008844918798636916,1.0
20141022,BRENT,86.38,1.4206880356933071,0.01410690837956543,1.0
20141023,BRENT,85.94,-0.5093771706413452,-0.0051067891857059415,1.0
20141024,BRENT,86.0,0.06981615080288162,0.0006979179066586421,1.0
20141027,BRENT,85.64,-0.41860465116279055,-0.004194832532025684,3.0
20141028,BRENT,85.57,-0.08173750583839734,-0.0008177092915186372,1.0
20141029,BRENT,86.91,1.5659693817926978,0.015538346019405404,1.0
20141030,BRENT,85.5,-1.6223679668622704,-0.01635672450665418,1.0
20141031,BRENT,84.17,-1.5555555555555545,-0.015677812719229793,1.0
20141103,BRENT,84.9,0.8672923844600167,0.008635530093816856,3.0
20141104,BRENT,82.12,-3.2744405182567715,-0.033292501166568796,1.0
20141105,BRENT,82.88,0.9254749147588726,0.009212186360439939,1.0
20141106,BRENT,82.08,-0.9652509652509633,-0.009699397088713506,1.0
20141107,BRENT,83.2,1.3645224171540127,0.013552966404703668,1.0
20141110,BRENT,82.9,-0.36057692307691624,-0.0036122856859135493,3.0
20141111,BRENT,80.94,-2.3642943305187014,-0.02392692269352982,1.0
20141112,BRENT,80.42,-0.642451198418581,-0.006445237978591545,1.0
20141113,BRENT,77.74,-3.332504352151211,-0.033892976045050906,1.0
20141114,BRENT,77.51,-0.2958579881656709,-0.0029629651306569606,1.0
20141117,BRENT,76.86,-0.8386014707779665,-0.008421375156722194,3.0
20141118,BRENT,77.23,0.4813947436898225,0.004802397444474593,1.0
20141119,BRENT,77.21,-0.025896672277625488,-0.0002590002604482266,1.0
20141120,BRENT,77.61,0.5180676078228252,0.005167302545323091,1.0
20141121,BRENT,79.2,2.048705063780454,0.020280013954332845,1.0
20141124,BRENT,79.62,0.5303030303030365,0.005289018751791033,3.0
20141125,BRENT,77.62,-2.511931675458423,-0.02544019163141085,1.0
20141126,BRENT,77.39,-0.2963153826333498,-0.002967552658392572,1.0
20141128,BRENT,71.89,-7.106861351595817,-0.07372040028658762,2.0
20141201,BRENT,70.87,-1.418834330226726,-0.014289960173615439,3.0
20141202,BRENT,71.13,0.3668689149146198,0.0036619759232590443,1.0
20141203,BRENT,70.13,-1.405876564037678,-0.01415852619660473,1.0
20141204,BRENT,68.48,-2.3527734207899442,-0.02380893071533224,1.0
20141205,BRENT,68.0,-0.7009345794392607,-0.007034026657380048,1.0
20141208,BRENT,65.64,-3.470588235294114,-0.035322438954216516,3.0
20141209,BRENT,66.11,0.7160268129189573,0.007134755123596662,1.0
20141210,BRENT,63.32,-4.220238995613368,-0.04311878633267532,1.0
20141211,BRENT,63.65,0.5211623499684181,0.005198089990604164,1.0
20141212,BRENT,61.67,-3.1107619795758046,-0.03160173600001408,1.0
20141215,BRENT,61.09,-0.940489703259284,-0.009449402341725876,3.0
20141216,BRENT,60.26,-1.3586511704043347,-0.013679652959520535,1.0
20141217,BRENT,59.84,-0.6969797543975975,-0.006994200035933244,1.0
20141218,BRENT,58.81,-1.7212566844919786,-0.017362425194357198,1.0
20141219,BRENT,58.87,0.10202346539702756,0.0010197145683052485,1.0
20141222,BRENT,58.31,-0.9512485136741855,-0.009558017806105244,3.0
20141223,BRENT,59.07,1.3033784942548365,0.012949576085079155,1.0
20141224,BRENT,58.67,-0.677162688335875,-0.006794658381375367,1.0
20141226,BRENT,58.72,0.08522243054371881,0.0008518613684916191,2.0
20141229,BRENT,57.86,-1.4645776566757474,-0.014754084758271085,3.0
20141230,BRENT,55.6,-3.90597995160733,-0.03984309829145237,1.0
20141231,BRENT,55.27,-0.5935251798561136,-0.0059529354113650925,1.0
20150102,BRENT,55.38,0.19902297810747704,0.0019882518976442522,2.0
20150105,BRENT,51.08,-7.764535933550021,-0.08082548657847728,3.0
20150106,BRENT,50.12,-1.8794048551292075,-0.018972901136470974,1.0
20150107,BRENT,49.06,-2.1149241819632736,-0.02137609119752416,1.0
20150108,BRENT,49.43,0.754178556869145,0.007513488488524735,1.0
20150109,BRENT,47.64,-3.6212826218895433,-0.036884782831768596,1.0
20150112,BRENT,46.9,-1.5533165407220828,-0.01565506903486568,3.0
20150113,BRENT,45.13,-3.773987206823015,-0.03847046161332373,1.0
20150114,BRENT,45.82,1.5289164635497343,0.015173463186439536,1.0
20150115,BRENT,47.66,4.015713662156251,0.039371794645246476,1.0
20150116,BRENT,47.38,-0.5874947545111087,-0.005892272939956543,1.0
20150120,BRENT,46.49,-1.878429717180241,-0.018962963028145995,4.0
20150121,BRENT,46.5,0.02151000215100396,0.000215076890817295,1.0
20150122,BRENT,46.09,-0.8817204301075243,-0.008856305860893695,1.0
20150123,BRENT,46.69,1.3018008244738422,0.012934002250428617,1.0
20150126,BRENT,46.07,-1.3279074748340114,-0.01336803003502004,3.0
20150127,BRENT,46.55,1.0418927718688797,0.010365024775250312,1.0
20150128,BRENT,47.07,1.1170784103115006,0.011108851689974913,1.0
20150129,BRENT,46.61,-0.9772678988740235,-0.0098207450284014,1.0
20150130,BRENT,47.52,1.9523707358935827,0.019335564669739888,1.0
20150202,BRENT,51.74,8.880471380471366,0.08508050170349346,3.0
20150203,BRENT,54.41,5.160417471975243,0.05031678373995073,1.0
20150204,BRENT,55.07,1.2130123139128868,0.012057142776556184,1.0
20150205,BRENT,55.98,1.6524423461049542,0.0163893808129173,1.0
20150206,BRENT,55.88,-0.17863522686673017,-0.0017879496985463107,1.0
20150209,BRENT,57.0,2.004294917680749,0.019844733445789128,3.0
20150210,BRENT,55.79,-2.1228070175438596,-0.021456625977113175,1.0
20150211,BRENT,53.48,-4.140526976160608,-0.042286889623694604,1.0
20150212,BRENT,56.23,5.142109199700817,0.05014267007036786,1.0
20150213,BRENT,60.33,7.2914814156144425,0.07037907014856006,1.0
20150216,BRENT,61.57,2.055362174705788,0.020345246470448424,3.0
20150217,BRENT,60.78,-1.2830924151372436,-0.012913951434471764,1.0
20150218,BRENT,60.72,-0.09871668311944859,-0.000987654401272541,1.0
20150219,BRENT,58.78,-3.194993412384717,-0.03247147209660319,1.0
20150220,BRENT,60.99,3.759782238856757,0.03690825531759369,1.0
20150223,BRENT,59.78,-1.9839317920970712,-0.020038759452573218,3.0
20150224,BRENT,60.33,0.9200401472064135,0.00915833559687847,1.0
20150225,BRENT,59.77,-0.9282280788993735,-0.009325629616507425,1.0
20150226,BRENT,61.39,2.7103898276727323,0.026743092603242036,1.0
20150227,BRENT,61.89,0.8144648965629608,0.008111660311865197,1.0
20150302,BRENT,60.75,-1.841977702375186,-0.01859153353061235,3.0
20150303,BRENT,61.18,0.7078189300411486,0.0070532565020995225,1.0
20150304,BRENT,59.18,-3.2690421706439987,-0.03323669175069378,1.0
20150305,BRENT,60.33,1.9432240621831687,0.019245845480606767,1.0
20150306,BRENT,59.15,-1.9559091662522787,-0.019752902028274583,1.0
20150309,BRENT,58.67,-0.8114961961115719,-0.008148067486627174,3.0
20150310,BRENT,55.95,-4.636100221578321,-0.047470088179834294,1.0
20150311,BRENT,56.46,0.9115281501340444,0.00907398806740899,1.0
20150312,BRENT,56.66,0.3542330853701703,0.0035360715770271925,1.0
20150313,BRENT,54.8,-3.2827391457818544,-0.03337830044840062,1.0
20150316,BRENT,52.0,-5.109489051094885,-0.05244647537254243,3.0
20150317,BRENT,52.17,0.3269230769230802,0.0032638984528740324,1.0
20150318,BRENT,52.59,0.8050603795284772,0.008018370566951592,1.0
20150319,BRENT,52.96,0.7035558090891847,0.007010924027499991,1.0
20150320,BRENT,53.88,1.7371601208459264,0.017222439913410513,1.0
20150323,BRENT,53.82,-0.11135857461025411,-0.0011142062434035757,3.0
20150324,BRENT,53.61,-0.3901895206243067,-0.003909527459313422,1.0
20150325,BRENT,54.18,1.0632344711807518,0.010576218817502708,1.0
20150326,BRENT,57.02,5.2417866371354815,0.05109024682757695,1.0
20150327,BRENT,56.44,-1.0171869519466914,-0.01022395649991274,1.0
20150330,BRENT,53.99,-4.340892983699495,-0.044379282754417555,3.0
20150331,BRENT,53.69,-0.5556584552695032,-0.0055720797957175775,1.0
20150401,BRENT,55.73,3.7995902402682136,0.03729183714696693,1.0
20150402,BRENT,55.73,0.0,0.0,1.0
20150406,BRENT,55.73,0.0,0.0,4.0
20150407,BRENT,57.55,3.2657455589449214,0.032135533586446746,1.0
20150408,BRENT,56.42,-1.9635099913118959,-0.01983042959404135,1.0
20150409,BRENT,56.04,-0.6735200283587428,-0.006757984105044023,1.0
20150410,BRENT,56.82,1.3918629550321304,0.013822654957235727,1.0
20150413,BRENT,57.14,0.5631819781767078,0.005616020376585231,3.0
20150414,BRENT,57.69,0.9625481274063707,0.009579451466171045,1.0
20150415,BRENT,59.32,2.8254463511873773,0.027862669000933257,1.0
20150416,BRENT,60.13,1.3654753877275772,0.013562367781745941,1.0
20150417,BRENT,61.31,1.9624147680026516,0.019434076723119163,1.0
20150420,BRENT,61.2,-0.179416082205186,-0.001795772256316158,3.0
20150421,BRENT,60.12,-1.764705882352946,-0.017804624633506707,1.0
20150422,BRENT,60.12,0.0,0.0,1.0
20150423,BRENT,62.66,4.224883566200921,0.04138072063927183,1.0
20150424,BRENT,62.96,0.4787743376954978,0.004776318585102098,1.0
20150427,BRENT,62.86,-0.15883100381194337,-0.0015895727397262404,3.0
20150428,BRENT,62.61,-0.3977091950365885,-0.003985021612202461,1.0
20150429,BRENT,63.97,2.1721769685353776,0.021489213704827183,1.0
20150430,BRENT,63.9,-0.10942629357511002,-0.0010948620785571034,1.0
20150501,BRENT,64.13,0.35993740219091297,0.0035929117772823312,1.0
20150504,BRENT,64.62,0.7640729767659504,0.007611687235580705,3.0
20150505,BRENT,65.44,1.2689569792633693,0.012609731898139253,1.0
20150506,BRENT,66.22,1.1919315403422948,0.011848839824608564,1.0
20150507,BRENT,64.93,-1.948051948051932,-0.019672765598704667,1.0
20150508,BRENT,63.82,-1.7095333436008109,-0.017243145670298037,1.0
20150511,BRENT,62.82,-1.5669069257286172,-0.01579312673959702,3.0
20150512,BRENT,65.09,3.613498885705191,0.03549743347379548,1.0
20150513,BRENT,66.33,1.9050545398678675,0.018871355953168596,1.0
20150514,BRENT,65.58,-1.1307100859339614,-0.011371512120962372,1.0
20150515,BRENT,64.69,-1.3571210734980133,-0.013664141360608088,1.0
20150518,BRENT,65.15,0.7110836296181811,0.007085673514960085,3.0
20150519,BRENT,63.48,-2.563315425940149,-0.025967407912645915,1.0
20150520,BRENT,63.52,0.0630119722747402,0.0006299212806720389,1.0
20150521,BRENT,64.7,1.8576826196473606,0.01840638456797465,1.0
20150522,BRENT,64.7,0.0,0.0,1.0
20150526,BRENT,61.65,-4.714064914992278,-0.048287971896501636,4.0
20150527,BRENT,61.35,-0.48661800486617945,-0.004878058453432855,1.0
20150528,BRENT,60.12,-2.004889975550128,-0.020252606272146763,1.0
20150529,BRENT,63.16,5.056553559547572,0.0493286245026676,1.0
20150601,BRENT,62.87,-0.45915136162127945,-0.004602086992471623,3.0
20150602,BRENT,63.14,0.429457610943218,0.004285380734875893,1.0
20150603,BRENT,62.78,-0.5701615457712972,-0.005717931716038053,1.0
20150604,BRENT,60.34,-3.886588085377507,-0.03964131768289244,1.0
20150605,BRENT,60.36,0.033145508783549715,0.00033140016873301327,1.0
20150608,BRENT,61.33,1.6070245195493715,0.015942485738244222,3.0
20150609,BRENT,63.23,3.097994456220454,0.030509752432629548,1.0
20150610,BRENT,64.68,2.2932152459275823,0.02267316263838442,1.0
20150611,BRENT,63.76,-1.4223871366728646,-0.014326000226946635,1.0
20150612,BRENT,63.19,-0.8939774153074009,-0.00897997369659569,1.0
20150615,BRENT,60.99,-3.481563538534571,-0.03543614447699886,3.0
20150616,BRENT,60.75,-0.3935071323167727,-0.003942834087707113,1.0
20150617,BRENT,60.75,0.0,0.0,1.0
20150618,BRENT,61.37,1.0205761316872453,0.01015403418034782,1.0
20150619,BRENT,59.41,-3.1937428711096616,-0.032458554033355555,1.0
20150622,BRENT,60.54,1.902036694159226,0.018841741225922456,3.0
20150623,BRENT,61.67,1.8665345226296814,0.018493285409829006,1.0
20150624,BRENT,61.63,-0.0648613588454694,-0.0006488240292496843,1.0
20150625,BRENT,60.24,-2.2553950997890593,-0.022812181482513592,1.0
20150626,BRENT,60.14,-0.16600265604249653,-0.001661405931255127,1.0
20150629,BRENT,59.03,-1.8456933821084154,-0.018629388307785027,3.0
20150630,BRENT,60.31,2.168388954768763,0.021452138210297424,1.0
20150701,BRENT,61.65,2.2218537555960705,0.021975302147457732,1.0
20150702,BRENT,61.73,0.12976480129764933,0.001296806795451228,1.0
20150703,BRENT,59.06,-4.325287542523881,-0.044216160090027774,1.0
20150706,BRENT,57.19,-3.166271588215386,-0.03217481838855191,3.0
20150707,BRENT,54.72,-4.318936877076407,-0.044149784612929746,1.0
20150708,BRENT,55.7,1.7909356725146264,0.01775087361894338,1.0
20150709,BRENT,57.83,3.8240574506283487,0.03752752523688838,1.0
20150710,BRENT,57.72,-0.19021269237420313,-0.0019039382644567959,1.0
20150713,BRENT,57.63,-0.15592515592515177,-0.001560468457095109,3.0
20150714,BRENT,57.2,-0.7461391636300552,-0.0074893670628227715,1.0
20150715,BRENT,57.34,0.2447552447552459,0.0024445620694715734,1.0
20150716,BRENT,57.31,-0.052319497732822295,-0.0005233318915776881,1.0
20150717,BRENT,56.38,-1.6227534461699555,-0.016360642877679632,1.0
20150720,BRENT,56.42,0.07094714437743121,0.000709219887883662,3.0
20150721,BRENT,55.94,-0.8507621410847266,-0.00854401780003661,1.0
20150722,BRENT,56.36,0.7508044333214281,0.007479999256665922,1.0
20150723,BRENT,55.76,-1.0645848119233525,-0.01070292057821105,1.0
20150724,BRENT,54.29,-2.636298421807748,-0.02671671853490873,1.0
20150727,BRENT,54.07,-0.4052311659605845,-0.004060544523446261,3.0
20150728,BRENT,54.3,0.4253745145182064,0.004244723545976165,1.0
20150729,BRENT,54.73,0.7918968692449457,0.007887778215937133,1.0
20150730,BRENT,54.29,-0.8039466471770451,-0.008071957238467008,1.0
20150731,BRENT,53.29,-1.841959845275376,-0.01859135160866886,1.0
20150803,BRENT,49.49,-7.130793769938071,-0.07397806734489616,3.0
20150804,BRENT,49.08,-0.8284501919579745,-0.008319009121084037,1.0
20150805,BRENT,49.04,-0.08149959250203231,-0.0008153282147546764,1.0
20150806,BRENT,47.8,-2.528548123980423,-0.025610652130545655,1.0
20150807,BRENT,47.54,-0.5439330543932974,-0.0054541775653623465,1.0
20150810,BRENT,48.3,1.598653765250302,0.015860098726479005,3.0
20150811,BRENT,47.33,-2.00828157349896,-0.020287216740370338,1.0
20150812,BRENT,48.29,2.0283118529473843,0.020080155967293848,1.0
20150813,BRENT,48.01,-0.5798301925864613,-0.005815177342601586,1.0
20150814,BRENT,47.79,-0.458237867111011,-0.004592909952782061,1.0
20150817,BRENT,47.77,-0.04184975936387669,-0.00041858518819630117,3.0
20150818,BRENT,47.0,-1.6118903077245172,-0.01625022569181193,1.0
20150819,BRENT,45.75,-2.659574468085102,-0.02695580998852822,1.0
20150820,BRENT,45.63,-0.2622950819672121,-0.002626396782219133,1.0
20150821,BRENT,43.84,-3.9228577690116118,-0.04001875229955105,1.0
20150824,BRENT,41.59,-5.132299270072993,-0.052686888884939796,3.0
20150825,BRENT,41.86,0.6491945179129432,0.006470963263033206,1.0
20150826,BRENT,41.76,-0.23889154323937234,-0.002391773443470424,1.0
20150827,BRENT,44.46,6.465517241379315,0.06265096496166728,1.0
20150828,BRENT,47.97,7.8947368421052655,0.07598590697792205,1.0
20150901,BRENT,48.8,1.7302480717114932,0.017154497345129006,4.0
20150902,BRENT,47.67,-2.3155737704917967,-0.02342804364236712,1.0
20150903,BRENT,50.41,5.747849800713234,0.05588729887780514,1.0
20150904,BRENT,48.59,-3.610394762943847,-0.03677181967672771,1.0
20150907,BRENT,46.42,-4.465939493722992,-0.04568734757152069,3.0
20150908,BRENT,48.88,5.299439896596292,0.051637914017048876,1.0
20150909,BRENT,48.04,-1.7184942716857665,-0.017334317651557147,1.0
20150910,BRENT,47.77,-0.5620316402997427,-0.00563616980991224,1.0
20150911,BRENT,46.87,-1.884027632405283,-0.019020015467255798,1.0
20150914,BRENT,45.87,-2.1335609131640676,-0.021566503325534097,3.0
20150915,BRENT,45.91,0.08720296490081214,0.00087164965205011,1.0
20150916,BRENT,49.35,7.492920932258773,0.07225480761835996,1.0
20150917,BRENT,48.27,-2.1884498480243098,-0.02212751620708899,1.0
20150918,BRENT,47.28,-2.050963331261657,-0.020722876574558815,1.0
20150921,BRENT,47.64,0.761421319796951,0.007585371389256564,3.0
20150922,BRENT,46.69,-1.9941225860621414,-0.02014273550425379,1.0
20150923,BRENT,48.0,2.8057399871492805,0.027671001925045256,1.0
20150924,BRENT,47.06,-1.9583333333333286,-0.019777627608674457,1.0
20150925,BRENT,47.28,0.46748831279217473,0.00466398979862628,1.0
20150928,BRENT,46.04,-2.622673434856182,-0.026576789244160924,3.0
20150929,BRENT,47.58,3.344917463075592,0.03290192102112977,1.0
20150930,BRENT,47.29,-0.6094997898276611,-0.00611364821902723,1.0
20151001,BRENT,47.48,0.4017762740537112,0.004009713085682876,1.0
20151002,BRENT,46.55,-1.9587194608256087,-0.01978156601839119,1.0
20151005,BRENT,49.45,6.229860365198725,0.060435054345645174,3.0
20151006,BRENT,51.34,3.822042467138531,0.0375081173742733,1.0
20151007,BRENT,51.66,0.6232956758862374,0.006213612224699972,1.0
20151008,BRENT,52.13,0.909794812233855,0.009056811112320304,1.0
20151009,BRENT,52.08,-0.09591406100135647,-0.000959600879700888,1.0
20151012,BRENT,50.95,-2.1697388632872405,-0.02193623823157988,3.0
20151013,BRENT,48.94,-3.9450441609421127,-0.040249701654208346,1.0
20151014,BRENT,48.25,-1.4098896608091493,-0.014199230229530624,1.0
20151015,BRENT,47.87,-0.7875647668393881,-0.007906824380577373,1.0
20151016,BRENT,48.96,2.277000208899116,0.02251463479965312,1.0
20151019,BRENT,47.51,-2.961601307189543,-0.030063423005240692,3.0
20151020,BRENT,46.93,-1.2207956219743132,-0.012283085392503588,1.0
20151021,BRENT,46.72,-0.44747496271042575,-0.004484791286354731,1.0
20151022,BRENT,46.59,-0.27825342465752634,-0.0027864126912661453,1.0
20151023,BRENT,46.3,-0.622451169778937,-0.006243964736517149,1.0
20151026,BRENT,46.57,0.5831533477321793,0.005814595902097431,3.0
20151027,BRENT,45.54,-2.211724286021044,-0.022365496358692286,1.0
20151028,BRENT,47.6,4.52349582784366,0.04424170060178082,1.0
20151029,BRENT,48.04,0.9243697478991564,0.00920123597440844,1.0
20151030,BRENT,48.0,-0.08326394671107629,-0.0008329863038918846,1.0
20151102,BRENT,47.91,-0.1875000000000071,-0.0018767600128602431,3.0
20151103,BRENT,48.0,0.18785222291797243,0.0018767600128601842,1.0
20151104,BRENT,46.96,-2.166666666666661,-0.021904835388049864,1.0
20151105,BRENT,47.19,0.48977853492333523,0.004885830218455101,1.0
20151106,BRENT,46.09,-2.3310023310023187,-0.023585999005879113,1.0
20151109,BRENT,45.38,-1.5404643089607317,-0.015524527380721265,3.0
20151110,BRENT,46.44,2.335830762450408,0.023089677477994976,1.0
20151111,BRENT,44.98,-3.1438415159345423,-0.03194321029852116,1.0
20151112,BRENT,44.98,0.0,0.0,1.0
20151113,BRENT,41.98,-6.66963094708759,-0.06902463213868265,1.0
20151116,BRENT,40.28,-4.0495474035254775,-0.04133824654212527,3.0
20151117,BRENT,41.28,2.482621648460781,0.024523053322945812,1.0
20151118,BRENT,41.45,0.41182170542635177,0.00410976040799664,1.0
20151119,BRENT,42.22,1.8576598311218273,0.01840616083887051,1.0
20151120,BRENT,42.49,0.6395073424917186,0.006374711706545732,1.0
20151123,BRENT,43.7,2.8477288773829157,0.02807934797482429,3.0
20151124,BRENT,44.38,1.5560640732265485,0.015440815402903431,1.0
20151125,BRENT,43.56,-1.8476791347453836,-0.018649619439688167,1.0
20151126,BRENT,43.55,-0.02295684113866603,-0.0002295947662479865,1.0
20151127,BRENT,43.07,-1.1021814006888508,-0.011083004232492463,1.0
20151130,BRENT,43.73,1.5323891339679596,0.015207666358810022,3.0
20151201,BRENT,42.97,-1.7379373427852673,-0.01753216763792543,1.0
20151202,BRENT,41.92,-2.44356527810099,-0.024739157774116904,1.0
20151203,BRENT,42.0,0.190839694656475,0.0019065782705814474,1.0
20151204,BRENT,41.44,-1.333333333333342,-0.013423020332140774,1.0
20151207,BRENT,39.69,-4.222972972972972,-0.0431473311562536,3.0
20151208,BRENT,39.44,-0.629881582262537,-0.006318737060539364,1.0
20151209,BRENT,39.04,-1.0141987829614618,-0.010193768189542944,1.0
20151210,BRENT,38.65,-0.998975409836067,-0.010039986511460784,1.0
20151211,BRENT,36.99,-4.294954721862865,-0.04389916918906827,1.0
20151214,BRENT,36.51,-1.2976480129764933,-0.01306141017681726,3.0
20151215,BRENT,37.66,3.1498219665844873,0.03101232756146076,1.0
20151216,BRENT,36.96,-1.8587360594795377,-0.018762276455522777,1.0
20151217,BRENT,36.29,-1.8127705627705715,-0.018294025548504535,1.0
20151218,BRENT,36.76,1.2951226233121949,0.012868076262507213,1.0
20151221,BRENT,35.34,-3.862894450489651,-0.03939483059593584,3.0
20151222,BRENT,35.26,-0.22637238256933978,-0.0022662899218263027,1.0
20151223,BRENT,35.79,1.5031196823596105,0.01491934780821023,1.0
20151224,BRENT,37.22,3.9955294775076755,0.039177726436170186,1.0
20151228,BRENT,37.08,-0.37614185921547305,-0.003768510516450269,4.0
20151229,BRENT,36.85,-0.6202804746493928,-0.006222122062308655,1.0
20151230,BRENT,35.65,-3.256445047489831,-0.033106471775040745,1.0
20151231,BRENT,36.61,2.6928471248246932,0.02657228027183998,1.0
20160104,BRENT,36.28,-0.9013930620049071,-0.009054801885208887,4.0
20160105,BRENT,35.56,-1.9845644983461974,-0.020045214601232035,1.0
20160106,BRENT,33.89,-4.696287964004508,-0.04810142502674396,1.0
20160107,BRENT,33.57,-0.9442313366774813,-0.009487174627016365,1.0
20160108,BRENT,31.67,-5.65981531128984,-0.0582629504413951,1.0
20160111,BRENT,30.14,-4.831070413640671,-0.049516667352199034,3.0
20160112,BRENT,29.14,-3.3178500331785044,-0.033741392431290665,1.0
20160113,BRENT,28.58,-1.9217570350034352,-0.01940462826533746,1.0
20160114,BRENT,28.84,0.9097270818754444,0.009056139915027048,1.0
20160115,BRENT,28.8,-0.1386962552011095,-0.0013879252748480802,1.0
20160118,BRENT,27.36,-5.000000000000004,-0.05129329438755058,3.0
20160119,BRENT,27.36,0.0,0.0,1.0
20160120,BRENT,26.01,-4.934210526315786,-0.05060101329378949,1.0
20160121,BRENT,27.59,6.074586697424067,0.05897230876863453,1.0
20160122,BRENT,30.46,10.40231968104386,0.09896095923782106,1.0
20160125,BRENT,29.82,-2.101116217990806,-0.021235038130423378,3.0
20160126,BRENT,30.94,3.7558685446009488,0.036870535808327796,1.0
20160127,BRENT,31.83,2.8765352294763957,0.028359396149081298,1.0
20160128,BRENT,33.01,3.707194470625197,0.03640130457110019,1.0
20160129,BRENT,33.14,0.3938200545289483,0.003930466133315384,1.0
20160201,BRENT,32.45,-2.082076041038017,-0.021040568848317814,3.0
20160202,BRENT,30.98,-4.530046224961481,-0.04635860816137645,1.0
20160203,BRENT,32.38,4.5190445448676675,0.0441991132607666,1.0
20160204,BRENT,32.76,1.1735639283508181,0.011667310735379448,1.0
20160205,BRENT,32.35,-1.251526251526236,-0.012594238037958946,1.0
20160208,BRENT,31.64,-2.1947449768160765,-0.02219187804745647,3.0
20160209,BRENT,30.15,-4.709228824273081,-0.04823721972625878,1.0
20160210,BRENT,29.64,-1.691542288557213,-0.0170601227453083,1.0
20160211,BRENT,28.82,-2.7665317139001333,-0.028055209856510093,1.0
20160212,BRENT,31.8,10.340041637751574,0.09839669921475523,1.0
20160216,BRENT,31.09,-2.2327044025157283,-0.02258006571546876,4.0
20160217,BRENT,33.21,6.81891283370859,0.06596481131799278,1.0
20160218,BRENT,33.2,-0.03011141222523106,-0.00030115946621232006,1.0
20160219,BRENT,31.66,-4.638554216867474,-0.047495821469576815,1.0
20160222,BRENT,33.59,6.096020214782061,0.0591743491713353,3.0
20160223,BRENT,31.9,-5.031259303364111,-0.05162239383340264,1.0
20160224,BRENT,31.5,-1.253918495297801,-0.012618463959211462,1.0
20160225,BRENT,32.83,4.222222222222216,0.04135518568191386,1.0
20160226,BRENT,35.76,8.924763935424917,0.0854872187918121,1.0
20160229,BRENT,35.92,0.4474272930648837,0.004464293128685528,3.0
20160301,BRENT,35.73,-0.5289532293986765,-0.005303571398680555,1.0
20160302,BRENT,36.38,1.8191995521970483,0.018028501054657916,1.0
20160303,BRENT,35.75,-1.731720725673458,-0.017468903949959647,1.0
20160304,BRENT,37.61,5.202797202797194,0.05071970334222827,1.0
20160307,BRENT,39.02,3.7490029247540635,0.036804362712720216,3.0
20160308,BRENT,39.16,0.35879036391592845,0.0035814824673443602,1.0
20160309,BRENT,40.26,2.8089887640449396,0.02770260254933575,1.0
20160310,BRENT,38.63,-4.048683556880272,-0.04132924353345543,1.0
20160311,BRENT,39.41,2.0191560962981914,0.01999041452872216,1.0
20160314,BRENT,38.06,-3.4255265161126425,-0.03485572933890869,3.0
20160315,BRENT,37.49,-1.497635312664214,-0.015089631120182771,1.0
20160316,BRENT,38.38,2.3739663910376185,0.02346225983173328,1.0
20160317,BRENT,39.29,2.371026576341828,0.02343354299081438,1.0
20160318,BRENT,39.26,-0.07635530669382051,-0.0007638447220534427,1.0
20160321,BRENT,39.91,1.655629139072845,0.01642073021232749,3.0
20160322,BRENT,40.54,1.5785517414181882,0.015662221963211428,1.0
20160323,BRENT,38.84,-4.193389245189927,-0.04283849760072972,1.0
20160324,BRENT,38.33,-1.3130792996910556,-0.013217764030660599,1.0
20160328,BRENT,38.33,0.0,0.0,4.0
20160329,BRENT,36.75,-4.122097573702055,-0.042094653733617975,1.0
20160330,BRENT,36.75,0.0,0.0,1.0
20160331,BRENT,36.75,0.0,0.0,1.0
20160401,BRENT,36.42,-0.897959183673469,-0.009020151359383784,1.0
20160404,BRENT,36.05,-1.0159253157605797,-0.010211210568503899,3.0
20160405,BRENT,35.88,-0.471567267683759,-0.0047268265403625775,1.0
20160406,BRENT,37.77,5.267558528428085,0.05133509953377004,1.0
20160407,BRENT,37.15,-1.6415144294413708,-0.016551365560597473,1.0
20160408,BRENT,40.71,9.582772543741601,0.09150999135111942,1.0
20160411,BRENT,41.58,2.1370670596904784,0.02114551991497925,3.0
20160412,BRENT,43.02,3.463203463203479,0.03404584140971728,1.0
20160413,BRENT,42.81,-0.4881450488145034,-0.004893403682729236,1.0
20160414,BRENT,43.02,0.4905395935529189,0.004893403682729357,1.0
20160415,BRENT,41.32,-3.9516503951650406,-0.0403184795881462,1.0
20160418,BRENT,41.64,0.7744433688286589,0.0077145994953303825,3.0
20160419,BRENT,43.02,3.3141210374639796,0.03260388009281588,1.0
20160420,BRENT,43.09,0.16271501627149743,0.001625827788162602,1.0
20160421,BRENT,43.48,0.9050823857043255,0.009010110625261919,1.0
20160422,BRENT,43.97,1.126954921803125,0.011206520939710028,1.0
20160425,BRENT,42.97,-2.2742779167614247,-0.023005385405814975,3.0
20160426,BRENT,43.94,2.2573888759599647,0.022322869169560337,1.0
20160427,BRENT,44.17,0.5234410559854519,0.005220758651971116,1.0
20160428,BRENT,45.6,3.237491510074708,0.03186189091190527,1.0
20160429,BRENT,45.64,0.0877192982456032,0.0008768084735343862,1.0
20160502,BRENT,45.82,0.3943908851884226,0.003936152031474487,3.0
20160503,BRENT,43.09,-5.958096900916621,-0.061429725397602726,1.0
20160504,BRENT,43.08,-0.023207240659095518,-0.0002320993395589187,1.0
20160505,BRENT,44.39,3.0408542246982417,0.029955366557756116,1.0
20160506,BRENT,44.6,0.4730795224149542,0.004719640180074468,1.0
20160509,BRENT,42.43,-4.865470852017939,-0.049878199811784915,3.0
20160510,BRENT,44.01,3.7237803440961503,0.03656122160876648,1.0
20160511,BRENT,46.08,4.703476482617597,0.04596213556463585,1.0
20160512,BRENT,46.43,0.759548611111116,0.0075667856441945895,1.0
20160513,BRENT,47.05,1.3353435278914416,0.013265063999558223,1.0
20160516,BRENT,48.49,3.0605738575983032,0.0301467250858723,3.0
20160517,BRENT,48.71,0.45370179418435796,0.004526756701190284,1.0
20160518,BRENT,48.93,0.4516526380619945,0.004506357482580851,1.0
20160519,BRENT,47.01,-3.9239730226854674,-0.04003036026499303,1.0
20160520,BRENT,48.54,3.254626675175487,0.0320278552624161,1.0
20160523,BRENT,47.77,-1.5863205603625752,-0.01599037289658472,3.0
20160524,BRENT,48.42,1.3606866234038062,0.013515124108041916,1.0
20160525,BRENT,48.87,0.9293680297397744,0.009250759772150997,1.0
20160526,BRENT,49.52,1.33005934110908,0.013212917094277358,1.0
20160527,BRENT,49.09,-0.8683360258481376,-0.008721280306379493,1.0
20160531,BRENT,49.26,0.34630270930942064,0.0034570446224306208,4.0
20160601,BRENT,48.81,-0.9135200974421331,-0.009177182793335625,1.0
20160602,BRENT,49.05,0.49170251997541214,0.0049049761123159405,1.0
20160603,BRENT,48.5,-1.1213047910295537,-0.011276388067934497,1.0
20160606,BRENT,48.94,0.9072164948453532,0.009031260071088015,3.0
20160607,BRENT,49.76,1.675521046178985,0.016616390416398303,1.0
20160608,BRENT,50.73,1.9493569131832755,0.019306003147674576,1.0
20160609,BRENT,50.59,-0.2759708259412408,-0.002763523274753727,1.0
20160610,BRENT,49.7,-1.759240956710817,-0.01774899520126173,1.0
20160613,BRENT,49.36,-0.6841046277666019,-0.006864553505450691,3.0
20160614,BRENT,47.88,-2.99837925445704,-0.030442498907359866,1.0
20160615,BRENT,47.47,-0.8563074352548106,-0.008599948126545798,1.0
20160616,BRENT,45.66,-3.8129344849378577,-0.03887529146157722,1.0
20160617,BRENT,46.57,1.992991677617173,0.0197339158926364,1.0
20160620,BRENT,48.68,4.530813828645042,0.044311711125040495,3.0
20160621,BRENT,48.18,-1.027115858668859,-0.010324270932601128,1.0
20160622,BRENT,48.43,0.5188875051888697,0.005175459228412407,1.0
20160623,BRENT,48.63,0.4129671691100567,0.004121168000556669,1.0
20160624,BRENT,46.69,-3.989307012132437,-0.04071061543284886,1.0
20160627,BRENT,45.07,-3.4696937245662807,-0.03531317228028867,3.0
20160628,BRENT,46.29,2.706900377191035,0.026709118340622243,1.0
20160629,BRENT,48.4,4.5582199179088345,0.04457385867940685,1.0
20160630,BRENT,48.05,-0.723140495867769,-0.007257678306284528,1.0
20160701,BRENT,47.65,-0.8324661810613865,-0.0083595053160903,1.0
20160704,BRENT,48.02,0.7764952780692669,0.007734960692896161,3.0
20160705,BRENT,45.64,-4.956268221574344,-0.05083306579923228,1.0
20160706,BRENT,45.7,0.13146362839615566,0.0013137729062842444,1.0
20160707,BRENT,45.93,0.5032822757111477,0.005020200437542943,1.0
20160708,BRENT,44.53,-3.048116699325054,-0.030955379004091007,1.0
20160711,BRENT,44.04,-1.1003817651021874,-0.011064807479131888,3.0
20160712,BRENT,46.72,6.0853769300635685,0.05907402666549231,1.0
20160713,BRENT,44.67,-4.3878424657534225,-0.04487020315594428,1.0
20160714,BRENT,46.01,2.9997761361092445,0.02955662880334991,1.0
20160715,BRENT,46.25,0.5216257335362018,0.00520269979105711,1.0
20160718,BRENT,45.35,-1.9459459459459483,-0.019651287397288615,3.0
20160719,BRENT,45.7,0.7717750826901959,0.00768812133901349,1.0
20160720,BRENT,45.82,0.26258205689277947,0.0026223791251904524,1.0
20160721,BRENT,44.99,-1.8114360541248375,-0.018280434172268555,1.0
20160722,BRENT,44.24,-1.6670371193598599,-0.016810885639001585,1.0
20160725,BRENT,43.76,-1.0849909584086936,-0.010909199100353732,3.0
20160726,BRENT,43.56,-0.457038391224851,-0.004580860048965925,1.0
20160727,BRENT,42.78,-1.7906336088154284,-0.018068594410500165,1.0
20160728,BRENT,41.87,-2.127162225338952,-0.021501123623207698,1.0
20160729,BRENT,40.76,-2.651062813470262,-0.026868371676527864,1.0
20160801,BRENT,40.17,-1.447497546614318,-0.014580759983333136,3.0
20160802,BRENT,40.0,-0.42320139407519,-0.004240994257254623,1.0
20160803,BRENT,40.45,1.1249999999999982,0.011187189390564376,1.0
20160804,BRENT,41.33,2.175525339925821,0.021521985019140166,1.0
20160805,BRENT,42.47,2.7582869586256997,0.027209315801538844,1.0
20160808,BRENT,43.24,1.8130445020014152,0.01796804844582776,3.0
20160809,BRENT,43.37,0.3006475485661353,0.0030019650762672678,1.0
20160810,BRENT,42.19,-2.7207747290753925,-0.02758473171102751,1.0
20160811,BRENT,44.23,4.835269021095034,0.047220065743987974,1.0
20160812,BRENT,45.12,2.012208907981017,0.01992231530956815,1.0
20160815,BRENT,47.31,4.853723404255339,0.04739608245325344,3.0
20160816,BRENT,48.27,2.029169308814205,0.020088560029344834,1.0
20160817,BRENT,48.58,0.6422208411021257,0.006401673901624826,1.0
20160818,BRENT,49.46,1.8114450391107484,0.01795233851924374,1.0
20160819,BRENT,49.39,-0.14152850788515803,-0.00141628754073666,1.0
20160822,BRENT,48.1,-2.6118647499493775,-0.026465797440817923,3.0
20160823,BRENT,48.7,1.2474012474012586,0.01239685297682872,1.0
20160824,BRENT,47.56,-2.340862422997947,-0.023686958265963027,1.0
20160825,BRENT,49.25,3.5534062237174036,0.03491729579551675,1.0
20160826,BRENT,49.66,0.8324873096446694,0.008290412461922657,1.0
20160829,BRENT,49.66,0.0,0.0,3.0
20160830,BRENT,47.94,-3.463552154651628,-0.03524955107378222,1.0
20160831,BRENT,47.94,0.0,0.0,1.0
20160901,BRENT,45.05,-6.028368794326244,-0.06217724495189141,1.0
20160902,BRENT,45.96,2.0199778024417414,0.01999846892620811,1.0
20160905,BRENT,46.72,1.653611836379465,0.01640088553941673,3.0
20160906,BRENT,46.21,-1.091609589041087,-0.010976113637796514,1.0
20160907,BRENT,47.0,1.7095866695520323,0.016951376827883446,1.0
20160908,BRENT,49.23,4.744680851063832,0.04635559206005065,1.0
20160909,BRENT,48.37,-1.7469022953483626,-0.017623406935217363,1.0
20160912,BRENT,47.82,-1.1370684308455559,-0.011435824804713064,3.0
20160913,BRENT,46.48,-2.802174822250114,-0.02842184948652298,1.0
20160914,BRENT,45.65,-1.7857142857142794,-0.01801850550267825,1.0
20160915,BRENT,45.83,0.3943044906900228,0.003935291480055115,1.0
20160916,BRENT,45.26,-1.2437268164957493,-0.012515258315641415,1.0
20160919,BRENT,46.04,1.7233760494918204,0.017086943648290533,3.0
20160920,BRENT,45.24,-1.737619461337958,-0.017528932605762097,1.0
20160921,BRENT,45.99,1.6578249336870021,0.016442330303912737,1.0
20160922,BRENT,47.21,2.652750597956066,0.026181753006362815,1.0
20160923,BRENT,46.71,-1.05909764880322,-0.010647460044178724,1.0
20160926,BRENT,46.61,-0.21408691928923584,-0.0021431641293671207,3.0
20160927,BRENT,44.95,-3.5614674962454296,-0.03626434946702018,1.0
20160928,BRENT,45.49,1.2013348164627402,0.011941760664283476,1.0
20160929,BRENT,48.43,6.462958892064186,0.06262693483322501,1.0
20160930,BRENT,48.24,-0.3923188106545461,-0.003930903996207695,1.0
20161003,BRENT,48.61,0.7669983416251913,0.007640718638433962,3.0
20161004,BRENT,48.81,0.4114379757251596,0.004105938841692,1.0
20161005,BRENT,49.57,1.5570579799221385,0.015450602133426316,1.0
20161006,BRENT,50.14,1.1498890457938282,0.011433280697664822,1.0
20161007,BRENT,50.49,0.6980454726765117,0.006956204140677057,1.0
20161010,BRENT,51.54,2.079619726678539,0.02058290835339456,3.0
20161011,BRENT,50.48,-2.056655025223131,-0.020780986991261317,1.0
20161012,BRENT,49.53,-1.8819334389857278,-0.01899867163281129,1.0
20161013,BRENT,49.29,-0.48455481526348265,-0.004857325882859989,1.0
20161014,BRENT,48.87,-0.8520998174071814,-0.008557509435222944,1.0
20161017,BRENT,49.31,0.9003478616738336,0.00896318895397134,3.0
20161018,BRENT,49.81,1.0139931048468886,0.010088866849157292,1.0
20161019,BRENT,51.85,4.095563139931735,0.04013916759034426,1.0
20161020,BRENT,50.42,-2.7579556412729023,-0.027967012915762566,1.0
20161021,BRENT,50.28,-0.2776675922253058,-0.0027805380377270766,1.0
20161024,BRENT,49.8,-0.9546539379475028,-0.009592399691439522,3.0
20161025,BRENT,49.08,-1.4457831325301207,-0.014563364187896555,1.0
20161026,BRENT,48.98,-0.2037489812550919,-0.002039568318688988,1.0
20161027,BRENT,49.13,0.3062474479379462,0.003057794656535315,1.0
20161028,BRENT,47.78,-2.74781192753919,-0.02786270428289348,1.0
20161031,BRENT,46.2,-3.3068229384679793,-0.03362734380997032,3.0
20161101,BRENT,45.77,-0.9307359307359264,-0.009350943422142405,1.0
20161102,BRENT,44.26,-3.2991042167358597,-0.03354752004264719,1.0
20161103,BRENT,43.84,-0.9489380930862934,-0.009534691983143356,1.0
20161104,BRENT,43.06,-1.779197080291972,-0.017952150703543137,1.0
20161107,BRENT,42.83,-0.5341384115188252,-0.0053557003089375055,3.0
20161108,BRENT,43.47,1.4942797104833039,0.01483225337342107,1.0
20161109,BRENT,43.88,0.943179204048783,0.00938759040632893,1.0
20161110,BRENT,43.67,-0.47857793983592245,-0.004797267909559971,1.0
20161111,BRENT,41.61,-4.717197160522102,-0.048320844502619725,1.0
20161114,BRENT,41.83,0.5287190579187584,0.005273262459257034,3.0
20161115,BRENT,44.15,5.546258666029158,0.05397914159586189,1.0
20161116,BRENT,45.07,2.0838052095130344,0.02062390965258799,1.0
20161117,BRENT,44.57,-1.1093854004881276,-0.011155849744092434,1.0
20161118,BRENT,44.41,-0.35898586493157136,-0.0035963176544535807,1.0
20161121,BRENT,45.96,3.4902049088043396,0.03430678367654419,3.0
20161122,BRENT,46.1,0.3046127067014792,0.003041497022047899,1.0
20161123,BRENT,46.54,0.9544468546637708,0.009499207871542804,1.0
20161124,BRENT,47.54,2.1486892995272955,0.021259304057902263,1.0
20161125,BRENT,46.32,-2.5662599915860285,-0.025997628667308016,1.0
20161128,BRENT,46.64,0.6908462867012188,0.006884708777497233,3.0
20161129,BRENT,44.68,-4.2024013722126945,-0.04293256784123699,1.0
20161130,BRENT,47.95,7.318710832587305,0.07063282712844743,1.0
20161201,BRENT,52.28,9.030239833159538,0.08645508742657393,1.0
20161202,BRENT,52.35,0.13389441469013885,0.0013380485605247504,1.0
20161205,BRENT,53.3,1.8147086914995114,0.017984393855252887,3.0
20161206,BRENT,52.31,-1.8574108818011137,-0.01874877378927903,1.0
20161207,BRENT,51.9,-0.7837889504874851,-0.007868767210676813,1.0
20161208,BRENT,51.6,-0.578034682080919,-0.005797117684325846,1.0
20161209,BRENT,52.19,1.143410852713167,0.011369233167804705,1.0
20161212,BRENT,53.99,3.448936577888495,0.03390793857487385,3.0
20161213,BRENT,53.28,-1.3150583441378094,-0.013237817998061977,1.0
20161214,BRENT,53.15,-0.24399399399399613,-0.0024429214441767833,1.0
20161215,BRENT,51.72,-2.690498588899337,-0.02727355088430016,1.0
20161216,BRENT,54.15,4.698375870069604,0.045913419543342875,1.0
20161219,BRENT,53.53,-1.1449676823637955,-0.011515729041709612,3.0
20161220,BRENT,54.56,1.9241546796189057,0.019058769129916747,1.0
20161221,BRENT,53.01,-2.840909090909094,-0.02882043853549197,1.0
20161222,BRENT,54.04,1.9430296170533934,0.019243938092283457,1.0
20161223,BRENT,53.93,-0.2035529237601752,-0.002037603742862437,1.0
20161228,BRENT,54.95,1.8913406267383692,0.01873677150049477,5.0
20161229,BRENT,54.97,0.036396724294807115,0.00036390102293855717,1.0
20161230,BRENT,54.96,-0.01819174094960241,-0.00018193395847502497,1.0
20170103,BRENT,55.05,0.16375545851528006,0.0016362152545950318,4.0
20170104,BRENT,54.57,-0.8719346049046228,-0.008757581970548298,1.0
20170105,BRENT,54.99,0.7696536558548628,0.007667069321582736,1.0
20170106,BRENT,55.9,1.6548463356973908,0.01641302964133005,1.0
20170109,BRENT,54.39,-2.7012522361359537,-0.027384066726184063,3.0
20170110,BRENT,53.2,-2.18790218790218,-0.022121917087270595,1.0
20170111,BRENT,53.61,0.7706766917293217,0.007677221491847648,1.0
20170112,BRENT,54.51,1.6787912702853847,0.01664855323674305,1.0
20170113,BRENT,54.37,-0.25683360851219694,-0.002571639918360186,1.0
20170116,BRENT,54.3,-0.12874747103182038,-0.0012883042179395552,3.0
20170117,BRENT,54.68,0.6998158379373898,0.006973784915859106,1.0
20170118,BRENT,53.77,-1.6642282370153527,-0.016782321034162,1.0
20170119,BRENT,53.18,-1.0972661335317158,-0.01103330500671303,1.0
20170120,BRENT,55.04,3.497555471981939,0.03437780781021438,1.0
20170123,BRENT,54.8,-0.43604651162790775,-0.004369999671118379,3.0
20170124,BRENT,54.7,-0.18248175182480342,-0.0018264845260341873,1.0
20170125,BRENT,54.34,-0.6581352833638032,-0.006603105429733847,1.0
20170126,BRENT,55.89,2.8524107471475935,0.02812486928340514,1.0
20170127,BRENT,54.8,-1.9502594381821448,-0.01969527932763694,1.0
20170130,BRENT,54.77,-0.054744525547434364,-0.0005475951583397858,3.0
20170131,BRENT,55.25,0.8763921855030166,0.008725741602232282,1.0
20170201,BRENT,55.79,0.9773755656108607,0.009726301459574788,1.0
20170202,BRENT,55.94,0.26886538806236704,0.002685045916376594,1.0
20170203,BRENT,55.92,-0.03575259206292092,-0.0003575898482588139,1.0
20170206,BRENT,55.02,-1.6094420600858306,-0.01622534242912627,3.0
20170207,BRENT,53.79,-2.235550708833156,-0.022609179211277326,1.0
20170208,BRENT,54.42,1.171221416620205,0.011644157069949188,1.0
20170209,BRENT,53.98,-0.8085262771040158,-0.00811812576524174,1.0
20170210,BRENT,55.2,2.2600963319748146,0.02234934569319112,1.0
20170213,BRENT,54.15,-1.9021739130434812,-0.01920497983605004,3.0
20170214,BRENT,54.96,1.4958448753462639,0.014847674467094316,1.0
20170215,BRENT,54.57,-0.7096069868995691,-0.007121366715953382,1.0
20170216,BRENT,54.16,-0.7513285688107052,-0.007541652594121057,1.0
20170217,BRENT,54.48,0.5908419497784312,0.005891033237237342,1.0
20170220,BRENT,55.25,1.4133627019089712,0.014034678556605406,3.0
20170221,BRENT,56.34,1.972850678733029,0.019536422050364318,1.0
20170222,BRENT,54.9,-2.5559105431310014,-0.025891413932741705,1.0
20170223,BRENT,55.82,1.675774134790542,0.0166188795926913,1.0
20170224,BRENT,54.69,-2.0243640272303853,-0.020451350749494772,1.0
20170227,BRENT,54.65,-0.07313951362223348,-0.0007316627361337846,3.0
20170228,BRENT,53.36,-2.360475754803293,-0.023887813015179282,1.0
20170301,BRENT,55.72,4.422788605697159,0.043277747304236745,1.0
20170302,BRENT,54.16,-2.799712849964109,-0.028396520307585424,1.0
20170303,BRENT,54.12,-0.07385524372229835,-0.0007388253014322039,1.0
20170306,BRENT,54.73,1.1271249076127088,0.01120820185323946,3.0
20170307,BRENT,54.61,-0.21925817650282342,-0.0021949889917643704,1.0
20170308,BRENT,53.3,-2.39882805347007,-0.02428068499226357,1.0
20170309,BRENT,50.65,-4.971857410881797,-0.05099710047710643,1.0
20170310,BRENT,50.63,-0.039486673247768334,-0.00039494471287447743,1.0
20170313,BRENT,50.1,-1.0468101915860228,-0.010523277890998757,3.0
20170314,BRENT,49.6,-0.9980039920159722,-0.010030174359937357,1.0
20170315,BRENT,50.63,2.076612903225805,0.02055345225093599,1.0
20170316,BRENT,50.56,-0.13825794983212125,-0.0013835361432158807,1.0
20170317,BRENT,50.58,0.039556962025311115,0.00039549140321705326,1.0
20170320,BRENT,50.67,0.1779359430605032,0.0017777782459993572,3.0
20170321,BRENT,50.14,-1.0459838168541569,-0.01051492675767109,1.0
20170322,BRENT,49.56,-1.1567610690067731,-0.011635035969205555,1.0
20170323,BRENT,50.17,1.2308313155770856,0.01223318173521998,1.0
20170324,BRENT,49.97,-0.3986446083316775,-0.0039944131400480145,1.0
20170327,BRENT,50.12,0.3001801080648292,0.0029973046717538124,3.0
20170328,BRENT,50.72,1.1971268954509284,0.011900180101103037,1.0
20170329,BRENT,51.36,1.2618296529968376,0.012539349252735173,1.0
20170330,BRENT,52.25,1.7328660436137122,0.0171802314632147,1.0
20170331,BRENT,52.2,-0.0956937799043045,-0.0009573959563273326,1.0
20170403,BRENT,52.04,-0.30651340996169507,-0.0030698412442886026,3.0
20170404,BRENT,53.08,1.9984627209838512,0.019787555819702162,1.0
20170405,BRENT,53.41,0.6217030896759512,0.006197784887672087,1.0
20170406,BRENT,53.62,0.3931847968545288,0.003924138456134365,1.0
20170407,BRENT,54.24,1.156284968295429,0.01149651082432706,1.0
20170410,BRENT,54.79,1.0140117994100306,0.01008905191818424,3.0
20170411,BRENT,54.73,-0.10950903449534755,-0.0010956903944975896,1.0
20170412,BRENT,54.75,0.036543029417135386,0.00036536354078338314,1.0
20170413,BRENT,55.05,0.5479452054794498,0.005464494472078745,1.0
20170417,BRENT,54.79,-0.47229791099000495,-0.00473416761836457,4.0
20170418,BRENT,52.6,-3.9970797590801244,-0.04079157580666019,1.0
20170419,BRENT,52.43,-0.32319391634981764,-0.0032371731592228388,1.0
20170420,BRENT,50.66,-3.3759298111768143,-0.034342302010912325,1.0
20170421,BRENT,49.93,-1.4409790761942265,-0.01451462006101115,1.0
20170424,BRENT,49.45,-0.9613458842379297,-0.009659966443796759,3.0
20170425,BRENT,49.37,-0.16177957532862441,-0.001619105797949698,1.0
20170426,BRENT,49.99,1.2558233745189495,0.01248003315470758,1.0
20170427,BRENT,49.46,-1.0602120424084815,-0.010658723332208844,1.0
20170428,BRENT,49.46,0.0,0.0,1.0
20170501,BRENT,50.41,1.9207440355843097,0.01902530600126932,3.0
20170502,BRENT,49.31,-2.18210672485617,-0.022062667858504637,1.0
20170503,BRENT,48.82,-0.9937132427499495,-0.009986835271220735,1.0
20170504,BRENT,47.53,-2.642359688652185,-0.026778974338895877,1.0
20170505,BRENT,47.45,-0.1683147485798453,-0.0016845655699812025,1.0
20170508,BRENT,46.61,-1.7702845100105447,-0.01786141467128737,3.0
20170509,BRENT,47.06,0.9654580562111104,0.009608272914566816,1.0
20170510,BRENT,48.09,2.188695282617936,0.02165087199035487,1.0
20170511,BRENT,49.18,2.2665834892908965,0.02241278149847507,1.0
20170512,BRENT,49.08,-0.20333468889792705,-0.00203541694533583,1.0
20170515,BRENT,51.29,4.502852485737563,0.04404418155846632,3.0
20170516,BRENT,51.21,-0.1559758237473119,-0.0015609759267180728,1.0
20170517,BRENT,51.76,1.0740089826205779,0.01068282471818615,1.0
20170518,BRENT,51.71,-0.09659969088098297,-0.0009664637845149529,1.0
20170519,BRENT,52.78,2.0692322568168553,0.020481144667047823,1.0
20170522,BRENT,53.35,1.079954528230398,0.010741646672584438,3.0
20170523,BRENT,53.19,-0.2999062792877316,-0.0030035689935362505,1.0
20170524,BRENT,53.29,0.18800526414739505,0.0018782875544646664,1.0
20170525,BRENT,52.25,-1.9515856633514739,-0.019708805463770514,1.0
20170526,BRENT,50.84,-2.6985645933014335,-0.027356444523667065,1.0
20170529,BRENT,52.25,2.7734067663257145,0.027356444523666954,3.0
20170530,BRENT,50.65,-3.0622009569377995,-0.031100660150228002,1.0
20170531,BRENT,49.4,-2.4679170779861814,-0.024988806500815582,1.0
20170601,BRENT,50.41,2.0445344129554677,0.020239143900662674,1.0
20170602,BRENT,48.46,-3.8682801031541314,-0.03945085270615975,1.0
20170605,BRENT,48.25,-0.4333470903838288,-0.004342887603384812,3.0
20170606,BRENT,48.11,-0.2901554404145079,-0.0029057720736325975,1.0
20170607,BRENT,47.08,-2.1409270421949733,-0.021641773319286402,1.0
20170608,BRENT,46.3,-1.656754460492782,-0.016706321299887614,1.0
20170609,BRENT,46.64,0.7343412526997994,0.007316580950048702,1.0
20170612,BRENT,47.18,1.1578044596912473,0.011511531937291986,3.0
20170613,BRENT,46.95,-0.48749470114454185,-0.004886868325256946,1.0
20170614,BRENT,45.47,-3.1522896698615632,-0.03203043781735281,1.0
20170615,BRENT,45.61,0.3078953155926989,0.0030742228866898766,1.0
20170616,BRENT,45.7,0.19732514799386536,0.001971307176549994,1.0
20170619,BRENT,45.93,0.5032822757111477,0.005020200437542943,3.0
20170620,BRENT,43.98,-4.245591116917058,-0.043383513211087056,1.0
20170621,BRENT,44.62,1.4552069122328426,0.014447203877771422,1.0
20170622,BRENT,44.46,-0.35858359480053226,-0.0035922804683358777,1.0
20170623,BRENT,44.14,-0.7197480881691365,-0.007223507707460135,1.0
20170626,BRENT,44.09,-0.11327594019029386,-0.0011334014587439842,3.0
20170627,BRENT,46.17,4.7176230437741,0.0460972371490513,1.0
20170628,BRENT,46.45,0.6064544076239908,0.006046228740949901,1.0
20170629,BRENT,47.02,1.2271259418729752,0.012196577852075863,1.0
20170630,BRENT,47.08,0.12760527435133895,0.0012752392801525072,1.0
20170703,BRENT,49.13,4.354290569243857,0.042621563788481066,3.0
20170704,BRENT,49.15,0.04070832485243425,0.0004070004126187052,1.0
20170705,BRENT,47.58,-3.1943031536113997,-0.032464341718364,1.0
20170706,BRENT,48.53,1.99663724253889,0.01976965854231328,1.0
20170707,BRENT,46.47,-4.244797032763248,-0.04337522032023795,1.0
20170710,BRENT,46.57,0.21519259737465823,0.002149613897398967,3.0
20170711,BRENT,46.68,0.23620356452651592,0.0023592504240693597,1.0
20170712,BRENT,46.73,0.10711225364181676,0.0010705492939795688,1.0
20170713,BRENT,47.65,1.9687566873528795,0.01949627338787633,1.0
20170714,BRENT,47.89,0.5036726128016866,0.005024084254306954,1.0
20170717,BRENT,47.66,-0.4802672791814677,-0.004814242683922034,3.0
20170718,BRENT,47.92,0.5455308434746176,0.005440482136597901,1.0
20170719,BRENT,48.34,0.8764607679465852,0.00872642146814312,1.0
20170720,BRENT,48.54,0.4137360364087517,0.004128825023118175,1.0
20170721,BRENT,47.47,-2.2043675319324274,-0.022290267735228658,1.0
20170724,BRENT,47.81,0.7162418369496493,0.007136890074785299,3.0
20170725,BRENT,49.19,2.8864254340096096,0.028455528169236327,1.0
20170726,BRENT,50.08,1.8093108355356824,0.017931375984594686,1.0
20170727,BRENT,50.67,1.1781150159744458,0.011712292695975358,1.0
20170728,BRENT,52.0,2.624827313992495,0.025909699093608903,1.0
20170731,BRENT,51.99,-0.01923076923076028,-0.00019232618580286207,3.0
20170801,BRENT,50.77,-2.3466051163685275,-0.023745763436321392,1.0
20170802,BRENT,52.09,2.599960606657481,0.02566736279779727,1.0
20170803,BRENT,52.88,1.5166058744480626,0.015052203786330594,1.0
20170804,BRENT,52.48,-0.7564296520423675,-0.007593050907597319,1.0
20170807,BRENT,51.42,-2.0198170731707266,-0.020404942798090128,3.0
20170808,BRENT,52.18,1.4780241151302942,0.0146720778708389,1.0
20170809,BRENT,52.16,-0.03832886163281923,-0.0003833620901849574,1.0
20170810,BRENT,52.59,0.8243865030674868,0.00821006998285533,1.0
20170811,BRENT,51.47,-2.1296824491348287,-0.02152687393658979,1.0
20170814,BRENT,51.29,-0.34971828249465986,-0.0035033122634861038,3.0
20170815,BRENT,49.9,-2.7100799376096663,-0.027474798643704057,1.0
20170816,BRENT,50.39,0.9819639278557224,0.00977173993503385,1.0
20170817,BRENT,50.37,-0.03969041476483692,-0.00039698293494760636,1.0
20170818,BRENT,50.96,1.171332142148107,0.011645251506348793,1.0
20170821,BRENT,51.94,1.9230769230769162,0.01904819497069441,3.0
20170822,BRENT,52.29,0.6738544474393482,0.006715941965436809,1.0
20170823,BRENT,52.31,0.038248231019322176,0.0003824091824805265,1.0
20170824,BRENT,51.73,-1.1087746128847331,-0.011149673367096066,1.0
20170825,BRENT,51.87,0.27063599458727605,0.002702704347885073,1.0
20170828,BRENT,51.87,0.0,0.0,3.0
20170829,BRENT,51.64,-0.44341623288991494,-0.004444022384867052,1.0
20170830,BRENT,51.91,0.5228505034856612,0.005214883860695817,1.0
20170831,BRENT,52.69,1.50260065497978,0.014914234382056827,1.0
20170901,BRENT,53.15,0.873030935661423,0.008692420566762595,1.0
20170904,BRENT,52.6,-1.0348071495766664,-0.010401985044292725,3.0
20170905,BRENT,53.63,1.9581749049429664,0.019392493251169655,1.0
20170906,BRENT,54.48,1.584933805705746,0.015725048846422948,1.0
20170907,BRENT,54.16,-0.5873715124816492,-0.005891033237237419,1.0
20170908,BRENT,54.55,0.72008862629247,0.007175083675060303,1.0
20170911,BRENT,54.2,-0.6416131989000817,-0.006436803833479199,3.0
20170912,BRENT,55.06,1.5867158671586612,0.01574259126886063,1.0
20170913,BRENT,55.52,0.8354522339266257,0.008319816484087809,1.0
20170914,BRENT,56.76,2.2334293948126804,0.02208853609329285,1.0
20170915,BRENT,56.18,-1.0218463706835768,-0.010271030615744267,1.0
20170918,BRENT,55.5,-1.210395158419364,-0.01217780092370876,3.0
20170919,BRENT,56.58,1.9459459459459483,0.019272545121032325,1.0
20170920,BRENT,57.2,1.09579356663132,0.010898332512331103,1.0
20170921,BRENT,57.73,0.9265734265734071,0.009223070687089802,1.0
20170922,BRENT,58.16,0.7448467001558878,0.0074208641524216145,1.0
20170925,BRENT,59.42,2.1664374140302645,0.021433036809197687,3.0
20170926,BRENT,59.77,0.5890272635476368,0.0058729928017013265,1.0
20170927,BRENT,58.74,-1.7232725447548947,-0.017382937065688806,1.0
20170928,BRENT,58.8,0.10214504596526286,0.001020929134107143,1.0
20170929,BRENT,57.02,-3.027210884353726,-0.030739771420055143,1.0
20171002,BRENT,55.67,-2.3675903191862524,-0.023960681289109557,3.0
20171003,BRENT,56.12,0.8083348302496685,0.008050853038843621,1.0
20171004,BRENT,56.0,-0.2138275124732636,-0.002140564499110877,1.0
20171005,BRENT,57.09,1.9464285714285712,0.019277279241018578,1.0
20171006,BRENT,55.5,-2.785076195480829,-0.02824594922377908,1.0
20171009,BRENT,55.29,-0.3783783783783745,-0.003790960402547182,3.0
20171010,BRENT,56.62,2.405498281786933,0.02377021933391185,1.0
20171011,BRENT,56.13,-0.8654185800070602,-0.008691850729645558,1.0
20171012,BRENT,56.13,0.0,0.0,1.0
20171013,BRENT,56.86,1.3005522893283494,0.01292167726874583,1.0
20171016,BRENT,57.49,1.1079845233907815,0.011018913412345791,3.0
20171017,BRENT,57.63,0.24352061228039013,0.002432245813375364,1.0
20171018,BRENT,58.05,0.7287870900572591,0.0072614426953255045,1.0
20171019,BRENT,57.82,-0.3962101636520221,-0.003969971555700482,1.0
20171020,BRENT,57.89,0.1210653753026536,0.0012099215027131511,1.0
20171023,BRENT,57.69,-0.34548281223009125,-0.003460809822115194,3.0
20171024,BRENT,57.84,0.26001040041603307,0.0025967295817113565,1.0
20171025,BRENT,58.45,1.054633471645916,0.010491110067568135,1.0
20171026,BRENT,58.75,0.5132591958939114,0.005119465106190774,1.0
20171027,BRENT,60.15,2.38297872340425,0.02355028939641949,1.0
20171030,BRENT,60.65,0.8312551953449709,0.008278192969371254,3.0
20171031,BRENT,61.35,1.154163231657046,0.011475535766861281,1.0
20171101,BRENT,60.98,-0.6030969845150835,-0.006049229596811783,1.0
20171102,BRENT,60.79,-0.31157756641521095,-0.0031206397994775277,1.0
20171103,BRENT,61.42,1.0363546635959953,0.010310213252045276,1.0
20171106,BRENT,64.27,4.640182351025723,0.0453574443705185,3.0
20171107,BRENT,64.36,0.14003423058970288,0.0013993627409876726,1.0
20171108,BRENT,63.96,-0.621504039776255,-0.006234434158428942,1.0
20171109,BRENT,64.49,0.8286429018136143,0.00825228505653234,1.0
20171110,BRENT,64.35,-0.2170879206078502,-0.0021732389801503832,1.0
20171113,BRENT,62.94,-2.1911421911421813,-0.02215504240587476,3.0
20171114,BRENT,60.91,-3.2252939307276796,-0.03278452678786758,1.0
20171115,BRENT,61.25,0.5582006238712856,0.005566484576443112,1.0
20171116,BRENT,61.18,-0.11428571428571122,-0.0011435107020789379,1.0
20171117,BRENT,61.34,0.2615233736515288,0.0026118199633481647,1.0
20171120,BRENT,61.34,0.0,0.0,3.0
20171121,BRENT,62.28,1.5324421258558818,0.01520818827969207,1.0
20171122,BRENT,62.92,1.0276172125883054,0.01022373122427944,1.0
20171123,BRENT,63.27,0.5562619198982821,0.00554720496871583,1.0
20171124,BRENT,63.58,0.4899636478583824,0.004887672323863704,1.0
20171127,BRENT,63.25,-0.519031141868509,-0.005203827875026998,3.0
20171128,BRENT,63.56,0.49011857707510487,0.004889214060885675,1.0
20171129,BRENT,63.74,0.2831969792322253,0.00282796732067516,1.0
20171130,BRENT,63.53,-0.3294634452463141,-0.003300073710748483,1.0
20171201,BRENT,64.57,1.6370218794270253,0.016237671359933578,1.0
20171204,BRENT,63.45,-1.734551649372762,-0.017497712477978836,3.0
20171205,BRENT,63.45,0.0,0.0,1.0
20171206,BRENT,62.25,-1.891252955082745,-0.0190936588155797,1.0
20171207,BRENT,62.37,0.1927710843373509,0.0019258551932142657,1.0
20171208,BRENT,63.86,2.3889690556357257,0.023608796748604746,1.0
20171211,BRENT,65.62,2.7560288130284993,0.02718734024631961,3.0
20171212,BRENT,64.96,-1.0057909174032487,-0.010108831679533243,1.0
20171213,BRENT,63.66,-2.0012315270935943,-0.020215273999475727,1.0
20171214,BRENT,63.72,0.09425070688029447,0.0009420631879009365,1.0
20171215,BRENT,63.81,0.14124293785311437,0.0014114328384078085,1.0
20171218,BRENT,64.45,1.0029775897194781,0.009979811504940865,3.0
20171219,BRENT,63.69,-1.1792086889061415,-0.011862165001922104,1.0
20171220,BRENT,64.43,1.161877845815673,0.011551798767276675,1.0
20171221,BRENT,64.64,0.3259351233897201,0.0032540510622888273,1.0
20171222,BRENT,64.61,-0.04641089108911034,-0.0004642166427658592,1.0
20171227,BRENT,66.03,2.19780219780219,0.02173998663640582,5.0
20171228,BRENT,66.8,1.1661366045736754,0.01159389633612002,1.0
20171229,BRENT,66.73,-0.10479041916167109,-0.0010484536270848057,1.0
20180102,BRENT,66.65,-0.11988610819720913,-0.0011995802907974697,4.0
20180103,BRENT,67.85,1.800450112528118,0.017844339656160335,1.0
20180104,BRENT,68.73,1.296978629329426,0.012886398852635924,1.0
20180105,BRENT,68.01,-1.0475774770842383,-0.010531031945966484,1.0
20180108,BRENT,68.48,0.6910748419350021,0.00688697864593927,3.0
20180109,BRENT,69.08,0.8761682242990565,0.008723521444991103,1.0
20180110,BRENT,69.79,1.027793862188786,0.010225479750582607,1.0
20180111,BRENT,70.36,0.81673592205187,0.008134186840297153,1.0
20180112,BRENT,69.64,-1.023308698123937,-0.010285804969369157,1.0
20180115,BRENT,70.31,0.962090752441136,0.009574921311081772,3.0
20180116,BRENT,69.4,-1.294268240648555,-0.013027168698311133,1.0
20180117,BRENT,69.19,-0.30259365994237397,-0.003030524002039226,1.0
20180118,BRENT,69.48,0.4191357132533602,0.004182597862184483,1.0
20180119,BRENT,68.56,-1.3241220495106565,-0.013329667083379897,1.0
20180122,BRENT,69.32,1.1085180863477095,0.011024190557880831,3.0
20180123,BRENT,69.81,0.7068667051356226,0.007043801134904919,1.0
20180124,BRENT,69.91,0.14324595330181822,0.001431434541583726,1.0
20180125,BRENT,71.08,1.6735803175511377,0.016597302762556797,1.0
20180126,BRENT,70.08,-1.4068655036578503,-0.014168556658314586,1.0
20180129,BRENT,68.41,-2.382990867579915,-0.024118433855229427,3.0
20180130,BRENT,67.78,-0.9209179944452472,-0.009251846594001264,1.0
20180131,BRENT,67.78,0.0,0.0,1.0
20180201,BRENT,68.6,1.209796400118024,0.012025368552934214,1.0
20180202,BRENT,67.45,-1.6763848396501357,-0.016905952078074552,1.0
20180205,BRENT,67.69,0.35581912527797854,0.0035518758667513234,3.0
20180206,BRENT,66.75,-1.3886837051263035,-0.013984161240157274,1.0
20180207,BRENT,65.74,-1.513108614232217,-0.015246729044285636,1.0
20180208,BRENT,64.26,-2.2512929723151665,-0.022770214548360798,1.0
20180209,BRENT,63.04,-1.8985371926548478,-0.019167908138088798,1.0
20180212,BRENT,62.2,-1.3324873096446588,-0.013414445804489812,3.0
20180213,BRENT,61.94,-0.41800643086817857,-0.004188825200077138,1.0
20180214,BRENT,62.29,0.5650629641588578,0.005634724720997366,1.0
20180215,BRENT,62.86,0.915074650826786,0.009109132103367461,1.0
20180216,BRENT,64.3,2.290804963410742,0.022649599874152045,1.0
20180219,BRENT,64.95,1.010886469673422,0.010058111873035002,3.0
20180220,BRENT,64.68,-0.41570438799075626,-0.004165708407702389,1.0
20180221,BRENT,64.81,0.20098948670377315,0.0020078777307185342,1.0
20180222,BRENT,66.12,2.02129301033791,0.0200113605131988,1.0
20180223,BRENT,67.04,1.391409558378709,0.013818183221004206,1.0
20180226,BRENT,67.96,1.3723150357995095,0.013629840629903545,3.0
20180227,BRENT,67.59,-0.5444379046497749,-0.005459253691468323,1.0
20180228,BRENT,66.08,-2.2340582926468455,-0.02259391389954018,1.0
20180301,BRENT,64.23,-2.7996368038740838,-0.028395737943021422,1.0
20180302,BRENT,64.26,0.04670714619336991,0.0004669624180113042,1.0
20180305,BRENT,65.78,2.3653906006847025,0.023378487073198357,3.0
20180306,BRENT,65.67,-0.16722408026755842,-0.0016736405580296484,1.0
20180307,BRENT,65.09,-0.8832038982792723,-0.008871272618585287,1.0
20180308,BRENT,63.87,-1.8743278537409869,-0.018921160010798285,1.0
20180309,BRENT,65.19,2.066697980272436,0.020456315362950242,1.0
20180312,BRENT,64.53,-1.012425218591806,-0.010175850988699562,3.0
20180313,BRENT,64.2,-0.5113900511390046,-0.005127021251832878,1.0
20180314,BRENT,63.61,-0.9190031152648048,-0.009232520005202699,1.0
20180315,BRENT,63.67,0.09432479169941832,0.0009428033382210968,1.0
20180316,BRENT,64.68,1.5863043819695388,0.015738540679972216,1.0
20180319,BRENT,64.82,0.21645021645020357,0.0021621630044950956,3.0
20180320,BRENT,66.0,1.820425794507874,0.018040544313024282,1.0
20180321,BRENT,68.15,3.2575757575757702,0.0320564161161162,1.0
20180322,BRENT,68.98,1.2179016874541482,0.012105449366153256,1.0
20180323,BRENT,69.03,0.07248477819656873,0.0007245852066892535,1.0
20180326,BRENT,68.81,-0.3187020136172669,-0.0031921095009957027,3.0
20180327,BRENT,68.63,-0.2615898851911158,-0.002619326293845293,1.0
20180328,BRENT,68.13,-0.7285443683520354,-0.007312112134966532,1.0
20180329,BRENT,69.02,1.3063261412006533,0.012978672884280637,1.0
20180403,BRENT,69.02,0.0,0.0,5.0
20180404,BRENT,66.04,-4.317589104607345,-0.04413569861792993,1.0
20180405,BRENT,66.54,0.7571168988491861,0.007542651538403445,1.0
20180406,BRENT,66.51,-0.04508566275924775,-0.0004509582940009306,1.0
20180409,BRENT,68.19,2.5259359494812728,0.02494561423623166,3.0
20180410,BRENT,70.67,3.6368969057046563,0.035723228170201494,1.0
20180411,BRENT,72.74,2.9291071175887806,0.028870284856079908,1.0
20180412,BRENT,71.44,-1.7871872422326018,-0.018033502990599293,1.0
20180413,BRENT,73.18,2.435610302351643,0.02406422302281733,1.0
20180416,BRENT,72.05,-1.5441377425526204,-0.015561837145529762,3.0
20180417,BRENT,71.71,-0.4718945176960476,-0.004730114551047623,1.0
20180418,BRENT,73.73,2.8169014084507227,0.027779564107075886,1.0
20180419,BRENT,74.85,1.5190560151905563,0.015076338864078115,1.0
20180420,BRENT,74.62,-0.3072812291249005,-0.0030775430726254164,1.0
20180423,BRENT,74.54,-0.10720986330742255,-0.0010726737418994135,3.0
20180424,BRENT,75.86,1.770861282532854,0.017553642209640383,1.0
20180425,BRENT,73.79,-2.7287107830213486,-0.027666315190477537,1.0
20180426,BRENT,75.39,2.1683154899037715,0.021451419153335132,1.0
20180427,BRENT,75.33,-0.07958615200955865,-0.0007961783860072499,1.0
20180430,BRENT,75.92,0.7832204964821399,0.007801692464069037,3.0
20180501,BRENT,74.85,-1.4093782929399445,-0.01419404343603514,1.0
20180502,BRENT,73.14,-2.2845691382765487,-0.02311069814440216,1.0
20180503,BRENT,73.45,0.42384468143286114,0.00422948989865108,1.0
20180504,BRENT,74.75,1.7699115044247815,0.017544309650909525,1.0
20180508,BRENT,74.16,-0.7892976588628753,-0.007924291013196085,4.0
20180509,BRENT,77.6,4.638619201725991,0.04534250593157329,1.0
20180510,BRENT,77.59,-0.012886597938133182,-0.0001288742833150568,1.0
20180511,BRENT,77.37,-0.2835416935172086,-0.0028394443444948246,1.0
20180514,BRENT,78.17,1.0339925035543374,0.010286833670875838,3.0
20180515,BRENT,78.94,0.985032621210169,0.009802128002461859,1.0
20180516,BRENT,78.19,-0.9500886749429949,-0.00954630809827841,1.0
20180517,BRENT,80.09,2.4299782580892826,0.024009240199168374,1.0
20180518,BRENT,78.38,-2.1350980147334386,-0.021582209564105635,1.0
20180521,BRENT,78.34,-0.05103342689460888,-0.0005104645338000839,3.0
20180522,BRENT,80.42,2.6550931835588543,0.026204573231442797,1.0
20180523,BRENT,78.69,-2.151206167620001,-0.021746818922236028,1.0
20180524,BRENT,78.9,0.2668699961875909,0.0026651453049367562,1.0
20180525,BRENT,76.6,-2.9150823827630012,-0.029584151105283046,1.0
20180529,BRENT,74.51,-2.728459530026095,-0.02766373218090933,4.0
20180530,BRENT,75.89,1.8521003892094878,0.01835157885018517,1.0
20180531,BRENT,76.45,0.7379101330873716,0.007352008959249945,1.0
20180601,BRENT,74.54,-2.4983649444081046,-0.0253010383239589,1.0
20180604,BRENT,73.41,-1.515964582774365,-0.01527572792842253,3.0
20180605,BRENT,72.91,-0.6811061163329302,-0.006834362304351104,1.0
20180606,BRENT,73.23,0.43889727060761885,0.004379369254639659,1.0
20180607,BRENT,75.23,2.7311211252219136,0.0269449144991519,1.0
20180608,BRENT,75.11,-0.15951083344410977,-0.0015963818742098389,1.0
20180611,BRENT,74.58,-0.7056317401144985,-0.007081330947245661,3.0
20180612,BRENT,74.86,0.37543577366585534,0.003747327725608095,1.0
20180613,BRENT,75.07,0.2805236441357106,0.002801309108627995,1.0
20180614,BRENT,74.77,-0.3996270147861969,-0.004004276573086795,1.0
20180615,BRENT,72.02,-3.6779457001471227,-0.037472876791095046,1.0
20180618,BRENT,74.87,3.9572341016384405,0.03880941802186473,3.0
20180619,BRENT,74.92,0.0667824228663072,0.0006676013332939752,1.0
20180620,BRENT,74.25,-0.8942872397223689,-0.008983099893078748,1.0
20180621,BRENT,72.87,-1.8585858585858483,-0.018760746000618073,1.0
20180622,BRENT,73.67,1.0978454782489377,0.010918629012531416,1.0
20180625,BRENT,72.82,-1.1537939459753122,-0.011605017947435008,3.0
20180626,BRENT,73.58,1.0436693216149484,0.01038260692934099,1.0
20180627,BRENT,76.09,3.4112530578961797,0.0335436005118032,1.0
20180628,BRENT,76.26,0.22341963464318493,0.0022317042409862944,1.0
20180629,BRENT,77.44,1.5473380540256931,0.015354888538903811,1.0
20180702,BRENT,76.71,-0.942665289256206,-0.009471364997116712,3.0
20180703,BRENT,75.87,-1.0950332420805453,-0.01101072862122129,1.0
20180704,BRENT,76.99,1.4762093053907854,0.014654193939974577,1.0
20180705,BRENT,77.09,0.1298869983114903,0.001298027181212842,1.0
20180706,BRENT,74.98,-2.737060578544559,-0.02775215916340486,1.0
20180709,BRENT,77.08,2.800746865830872,0.027622432238399518,3.0
20180710,BRENT,77.8,0.9340944473274604,0.00929758763818036,1.0
20180711,BRENT,75.35,-3.149100257069415,-0.03199750611184152,1.0
20180712,BRENT,72.11,-4.299933642999331,-0.04395119414383626,1.0
20180713,BRENT,74.11,2.773540424351695,0.02735774503459944,1.0
20180716,BRENT,71.03,-4.155984347591413,-0.04244815295354885,3.0
20180717,BRENT,70.87,-0.2252569336899879,-0.0022551101875539405,1.0
20180718,BRENT,70.52,-0.49386200084663434,-0.004950855292495293,1.0
20180719,BRENT,71.94,2.0136131593874174,0.019936080737808493,1.0
20180720,BRENT,71.99,0.06950236308034263,0.0006947822137336413,1.0
20180723,BRENT,73.45,2.0280594527017692,0.02007768213867482,3.0
20180724,BRENT,73.53,0.10891763104152741,0.0010885835882446127,1.0
20180725,BRENT,73.67,0.19039847681219246,0.0019021744865913945,1.0
20180726,BRENT,74.51,1.140219899552064,0.011337683870913988,1.0
20180727,BRENT,74.84,0.44289357133271423,0.004419156840252802,1.0
20180730,BRENT,74.99,0.20042757883482754,0.0020022699074089484,3.0
20180731,BRENT,74.16,-1.1068142418989124,-0.011129850055698227,1.0
20180801,BRENT,72.28,-2.5350593311758263,-0.02567745553357187,1.0
20180802,BRENT,72.95,0.9269507470946348,0.009226809244766937,1.0
20180803,BRENT,72.48,-0.6442769019876615,-0.00646361323407075,1.0
20180806,BRENT,72.51,0.041390728476820016,0.00041382164877743345,3.0
20180807,BRENT,72.31,-0.2758240242725196,-0.0027620511966409064,1.0
20180808,BRENT,70.71,-2.212695339510451,-0.022375426570711145,1.0
20180809,BRENT,70.55,-0.22627633998019148,-0.0022653273173263333,1.0
20180810,BRENT,71.0,0.6378454996456506,0.006358198742492503,1.0
20180813,BRENT,70.62,-0.5352112676056286,-0.005366486541075019,3.0
20180814,BRENT,70.77,0.21240441801189114,0.002121791587452968,1.0
20180815,BRENT,68.38,-3.3771372050303783,-0.034354797876538105,1.0
20180816,BRENT,69.21,1.2138052062006466,0.012064976642616791,1.0
20180817,BRENT,70.14,1.3437364542696173,0.013347883858260086,1.0
20180820,BRENT,71.11,1.3829483889364003,0.013734729183394403,3.0
20180821,BRENT,71.65,0.7593868654197866,0.007565180378754427,1.0
20180822,BRENT,72.96,1.82833217027214,0.018118191491894933,1.0
20180823,BRENT,73.73,1.0553728070175517,0.01049842623548334,1.0
20180824,BRENT,74.41,0.922284009222829,0.009180569407610544,1.0
20180827,BRENT,74.41,0.0,0.0,3.0
20180828,BRENT,75.91,2.0158580835909046,0.01995808661950687,1.0
20180829,BRENT,76.07,0.21077591885125813,0.002105540980532833,1.0
20180830,BRENT,77.05,1.2882871039831878,0.012800592756915096,1.0
20180831,BRENT,76.94,-0.1427644386761795,-0.0014286644419756452,1.0
20180903,BRENT,77.81,1.1307512347283666,0.011244060304689768,3.0
20180904,BRENT,77.51,-0.38555455596966937,-0.0038629973354187136,1.0
20180905,BRENT,76.68,-1.070829570378018,-0.010766042115976324,1.0
20180906,BRENT,75.67,-1.3171622326552002,-0.01325913747101363,1.0
20180907,BRENT,75.55,-0.15858332232060457,-0.0015870919876816584,1.0
20180910,BRENT,76.77,1.6148246194573224,0.016019250121058648,3.0
20180911,BRENT,78.22,1.8887586296730596,0.018711430487561027,1.0
20180912,BRENT,80.02,2.301201738685754,0.02275123410172087,1.0
20180913,BRENT,77.66,-2.9492626843289127,-0.029936279125567664,1.0
20180914,BRENT,77.87,0.2704094772083554,0.002700445285373577,1.0
20180917,BRENT,78.22,0.44946706048540896,0.00448459973847319,3.0
20180918,BRENT,79.25,1.316798772692418,0.013082043430022052,1.0
20180919,BRENT,79.43,0.22712933753943343,0.002268717887650708,1.0
20180920,BRENT,79.03,-0.5035880649628677,-0.00504860342815681,1.0
20180921,BRENT,78.9,-0.16449449576110275,-0.0016462993650553895,1.0
20180924,BRENT,80.89,2.5221799746514506,0.024908979178032618,3.0
20180925,BRENT,82.21,1.6318457164049782,0.01618674213418064,1.0
20180926,BRENT,81.87,-0.4135749908770081,-0.004144325775685107,1.0
20180927,BRENT,81.54,-0.4030780505679732,-0.004038925997249446,1.0
20180928,BRENT,82.72,1.447142506745136,0.014367713369011461,1.0
20181001,BRENT,84.94,2.683752417794971,0.026483714125006105,3.0
20181002,BRENT,85.63,0.8123381210266123,0.008090564152975627,1.0
20181003,BRENT,85.45,-0.2102067032581978,-0.00210427947650072,1.0
20181004,BRENT,86.07,0.7255705090696285,0.007229509099783187,1.0
20181005,BRENT,85.12,-1.1037527593818819,-0.01109889306804869,1.0
20181008,BRENT,84.22,-1.0573308270676707,-0.010629602859552554,3.0
20181009,BRENT,85.16,1.1161244360009537,0.011099417291497044,1.0
20181010,BRENT,83.82,-1.5735086895256045,-0.01586019752835333,1.0
20181011,BRENT,81.35,-2.9467907420663297,-0.029910808831878615,1.0
20181012,BRENT,80.71,-0.7867240319606617,-0.00789835032876582,1.0
20181015,BRENT,80.91,0.2478007681823824,0.002474942483467335,3.0
20181016,BRENT,80.53,-0.46965764429612866,-0.0047076400122947285,1.0
20181017,BRENT,79.91,-0.7698994163665818,-0.00772878442108221,1.0
20181018,BRENT,80.3,0.48804905518708974,0.004868619566344607,1.0
20181019,BRENT,80.38,0.09962640099625553,0.0009957680683389768,1.0
20181022,BRENT,80.45,0.08708633988554482,0.0008704844173371768,3.0
20181023,BRENT,78.67,-2.212554381603482,-0.0223739850972411,1.0
20181024,BRENT,77.34,-1.6906063302402408,-0.017050602162000078,1.0
20181025,BRENT,77.3,-0.05171967933799149,-0.0005173305857747766,1.0
20181026,BRENT,77.4,0.1293661060802087,0.0012928250023051713,1.0
20181029,BRENT,77.56,0.20671834625323182,0.0020650497787696427,3.0
20181030,BRENT,75.68,-2.4239298607529602,-0.024537905630828166,1.0
20181031,BRENT,74.84,-1.1099365750528611,-0.011161423337734042,1.0
20181101,BRENT,71.25,-4.796900053447361,-0.049157682257129034,1.0
20181102,BRENT,71.11,-0.1964912280701725,-0.001966845253333304,1.0
20181105,BRENT,72.68,2.2078469976093418,0.021838269632543903,3.0
20181106,BRENT,70.64,-2.806824435883337,-0.028469687232265995,1.0
20181107,BRENT,70.1,-0.7644394110985386,-0.007673762255160277,1.0
20181108,BRENT,69.29,-1.1554921540656071,-0.011622198401254363,1.0
20181109,BRENT,69.01,-0.4040987155433662,-0.0040491740067794225,1.0
20181112,BRENT,69.81,1.1592522822779339,0.011525844349799624,3.0
20181113,BRENT,65.45,-6.2455235639593205,-0.06449077362640115,1.0
20181114,BRENT,64.88,-0.8708938120702947,-0.008747082548751577,1.0
20181115,BRENT,65.61,1.1251541307028434,0.011188713549628755,1.0
20181116,BRENT,65.29,-0.48773052888277935,-0.004889238158243922,1.0
20181119,BRENT,64.14,-1.7613723387961522,-0.017770690933533374,3.0
20181120,BRENT,61.5,-4.115996258185217,-0.04203101945253664,1.0
20181121,BRENT,61.65,0.24390243902439046,0.002436054797881121,1.0
20181122,BRENT,61.11,-0.8759124087591275,-0.008797710703529197,1.0
20181123,BRENT,57.69,-5.596465390279826,-0.05759167063802611,1.0
20181126,BRENT,59.7,3.4841393655746344,0.03424817212975846,3.0
20181127,BRENT,59.58,-0.20100502512563345,-0.002012073113420231,1.0
20181128,BRENT,57.97,-2.7022490768714325,-0.027394311933494713,1.0
20181129,BRENT,58.29,0.5520096601690616,0.005504916705816994,1.0
20181130,BRENT,57.71,-0.995024875621886,-0.01000008333458331,1.0
20181203,BRENT,60.17,4.262692774215915,0.0417434205093854,3.0
20181204,BRENT,61.22,1.745055675585827,0.017300044285005936,1.0
20181205,BRENT,61.4,0.2940215615811814,0.00293590163583032,1.0
20181206,BRENT,57.83,-5.814332247557008,-0.05990216298296994,1.0
20181207,BRENT,61.71,6.709320421926335,0.06493832016284859,1.0
20181210,BRENT,60.29,-2.301085723545615,-0.02327973983166128,3.0
20181211,BRENT,59.73,-0.9288439210482724,-0.00933184575709964,1.0
20181212,BRENT,59.94,0.35158211953791874,0.0035096551443025183,1.0
20181213,BRENT,59.03,-1.5181848515181784,-0.015298272635919088,1.0
20181214,BRENT,58.56,-0.7962053193291574,-0.007993919599541906,1.0
20181217,BRENT,57.59,-1.6564207650273222,-0.01670292813447511,3.0
20181218,BRENT,55.26,-4.045841291890961,-0.04129962202331061,1.0
20181219,BRENT,55.6,0.6152732537097361,0.006133881761266217,1.0
20181220,BRENT,52.84,-4.964028776978413,-0.050914721602412075,1.0
20181221,BRENT,51.93,-1.72218016654051,-0.0173718217978971,1.0
20181227,BRENT,51.49,-0.8472944348160927,-0.008509043798177525,6.0
20181228,BRENT,50.57,-1.7867547096523606,-0.01802909896615834,1.0
20190102,BRENT,54.06,6.901324896183514,0.06673602575640994,5.0
20190103,BRENT,53.23,-1.5353311135775205,-0.015472393663635668,1.0
20190104,BRENT,55.64,4.527522074018409,0.04428021987057612,1.0
20190107,BRENT,57.1,2.624011502516166,0.02590174960672228,3.0
20190108,BRENT,56.91,-0.3327495621716414,-0.0033330440469321316,1.0
20190109,BRENT,59.46,4.480759093305231,0.04383274495491921,1.0
20190110,BRENT,60.47,1.6986209216279802,0.016843556715169856,1.0
20190111,BRENT,59.24,-2.0340664792458996,-0.020550384885523416,1.0
20190114,BRENT,58.8,-0.742741390952073,-0.007455134495016934,3.0
20190115,BRENT,58.65,-0.25510204081632404,-0.0025542798050967423,1.0
20190116,BRENT,59.81,1.9778346121057222,0.01958529595698128,1.0
20190117,BRENT,59.85,0.06687844841999357,0.0006685609475164736,1.0
20190118,BRENT,62.04,3.659147869674184,0.03593790630435591,1.0
20190121,BRENT,62.18,0.22566086395874319,0.0022540663222697485,3.0
20190122,BRENT,60.9,-2.0585397233837233,-0.0208002299147564,1.0
20190123,BRENT,61.05,0.24630541871921707,0.002460025840862399,1.0
20190124,BRENT,61.09,0.06552006552007494,0.0006549861049619846,1.0
20190125,BRENT,61.49,0.6547716483876309,0.006526373303702819,1.0
20190128,BRENT,59.71,-2.8947796389656832,-0.02937504940647726,3.0
20190129,BRENT,60.98,2.1269469100653193,0.021046431001207705,1.0
20190130,BRENT,61.89,1.4922925549360588,0.014812674191161564,1.0
20190131,BRENT,62.46,0.9209888511875874,0.009167736103662337,1.0
20190201,BRENT,61.86,-0.9606147934678178,-0.009652584598008941,1.0
20190204,BRENT,62.26,0.6466214031684459,0.006445397756538562,3.0
20190205,BRENT,61.67,-0.9476389335046465,-0.00952157601006055,1.0
20190206,BRENT,62.22,0.891843684125182,0.008878902466089512,1.0
20190207,BRENT,61.01,-1.9447123111539732,-0.01963870630572992,1.0
20190208,BRENT,61.37,0.5900672020980213,0.005883331237244602,1.0
20190211,BRENT,61.3,-0.11406224539677323,-0.0011412734588399124,3.0
20190212,BRENT,62.58,2.088091353996746,0.02066589529857045,1.0
20190213,BRENT,63.27,1.1025886864813206,0.010965544918057004,1.0
20190214,BRENT,64.0,1.1537853643116769,0.011471800200878906,1.0
20190215,BRENT,65.65,2.578125000000009,0.025454517389133423,1.0
20190218,BRENT,66.41,1.1576542269611467,0.011510046803817005,3.0
20190219,BRENT,65.86,-0.8281885258244248,-0.008316370604404091,1.0
20190220,BRENT,66.82,1.4576374126935798,0.014471159980392128,1.0
20190221,BRENT,66.91,0.1346902125112237,0.0013459958661150948,1.0
20190222,BRENT,66.91,0.0,0.0,1.0
20190225,BRENT,64.02,-4.319234793005533,-0.04415289825300861,3.0
20190226,BRENT,64.51,0.7653858169322181,0.007624716002433397,1.0
20190227,BRENT,65.55,1.6121531545496781,0.015992959665558505,1.0
20190228,BRENT,65.03,-0.7932875667429395,-0.007964508328648347,1.0
20190301,BRENT,63.71,-2.029832385053054,-0.02050716575266365,1.0
20190304,BRENT,64.44,1.1458169832051501,0.011393022180376826,3.0
20190305,BRENT,64.24,-0.3103662321539469,-0.0031084886702674487,1.0
20190306,BRENT,64.51,0.4202988792030071,0.004194180905644253,1.0
20190307,BRENT,64.82,0.48054565183690556,0.004793947169250828,1.0
20190308,BRENT,65.66,1.2958963282937441,0.012875714360045367,1.0
20190311,BRENT,65.06,-0.9137983551629536,-0.009179991028241142,3.0
20190312,BRENT,65.33,0.41500153704272513,0.0041414278074535325,1.0
20190313,BRENT,65.89,0.8571865911526144,0.008535336073069595,1.0
20190314,BRENT,66.18,0.4401274852026127,0.004391617567737601,1.0
20190315,BRENT,66.11,-0.10577213659717088,-0.0010582811479794643,1.0
20190318,BRENT,66.65,0.8168204507638777,0.008135025279230913,3.0
20190319,BRENT,67.13,0.7201800450112428,0.007175991325942382,1.0
20190320,BRENT,68.35,1.8173692834798194,0.01801052521929845,1.0
20190321,BRENT,68.3,-0.0731528895391298,-0.0007317965932141176,1.0
20190322,BRENT,66.29,-2.942898975109798,-0.029870710323444075,1.0
20190325,BRENT,67.37,1.6292050082968856,0.016160758719268378,3.0
20190326,BRENT,67.51,0.20780762950869391,0.0020759200812107397,1.0
20190327,BRENT,67.35,-0.23700192564065636,-0.0023728321974062273,1.0
20190328,BRENT,66.08,-1.8856718634001401,-0.019036773643650282,1.0
20190329,BRENT,67.93,2.799636803874095,0.027611633990487966,1.0
20190401,BRENT,69.08,1.692919181510355,0.016787490075267062,3.0
20190402,BRENT,69.68,0.8685581933989717,0.008648079265769642,1.0
20190403,BRENT,69.21,-0.6745120551090888,-0.006767971690475556,1.0
20190404,BRENT,69.8,0.8524779656119197,0.008488648914554937,1.0
20190405,BRENT,69.93,0.18624641833813183,0.001860731947448896,1.0
20190408,BRENT,71.12,1.7017017017016967,0.016873849489873635,3.0
20190409,BRENT,71.02,-0.14060742407200344,-0.0014070636907074277,1.0
20190410,BRENT,71.63,0.8589129822585084,0.008552453111417918,1.0
20190411,BRENT,71.3,-0.4607008236772292,-0.004617653206109592,1.0
20190412,BRENT,71.57,0.37868162692846763,0.003779664330255841,1.0
20190415,BRENT,70.9,-0.9361464300684519,-0.009405558212424187,3.0
20190416,BRENT,70.74,-0.22566995768690257,-0.002259249760747452,1.0
20190417,BRENT,71.14,0.5654509471303415,0.005638582742974631,1.0
20190418,BRENT,70.71,-0.6044419454596661,-0.006062760904159794,1.0
20190422,BRENT,70.71,0.0,0.0,4.0
20190423,BRENT,74.39,5.204355819544637,0.050734518587100735,1.0
20190424,BRENT,73.59,-1.075413362011024,-0.010812377264742386,1.0
20190425,BRENT,74.94,1.8344883815735846,0.018178646427033696,1.0
20190426,BRENT,71.03,-5.217507339204697,-0.05358547035582271,1.0
20190429,BRENT,71.22,0.26749260875686964,0.002671354839913137,3.0
20190430,BRENT,72.19,1.3619769727604591,0.013527854301437962,1.0
20190501,BRENT,72.01,-0.2493420141293723,-0.002496533890294121,1.0
20190502,BRENT,70.56,-2.013609220941537,-0.020341586562239587,1.0
20190503,BRENT,71.95,1.9699546485260733,0.019508021634840923,1.0
20190506,BRENT,71.95,0.0,0.0,3.0
20190507,BRENT,70.98,-1.3481584433634453,-0.013573286115026397,1.0
20190508,BRENT,71.09,0.15497323189630485,0.0015485327230412838,1.0
20190509,BRENT,70.61,-0.6752004501336395,-0.006774902413136318,1.0
20190510,BRENT,71.63,1.4445545956663253,0.01434220309810427,1.0
20190513,BRENT,72.35,1.005165433477595,0.010001472451133031,3.0
20190514,BRENT,72.53,0.24879060124396446,0.0024848162978282616,1.0
20190515,BRENT,73.09,0.7720943058044938,0.0076912891169793164,1.0
20190516,BRENT,74.7,2.202763715966616,0.021788533646471275,1.0
20190517,BRENT,73.94,-1.017402945113799,-0.010226138630285873,1.0
20190520,BRENT,73.21,-0.9872869894509084,-0.009921929849934568,3.0
20190521,BRENT,72.94,-0.368802076219088,-0.0036948382780170675,1.0
20190522,BRENT,71.94,-1.3709898546750754,-0.013804747113056287,1.0
20190523,BRENT,68.37,-4.962468723936608,-0.05089830634177524,1.0
20190524,BRENT,67.98,-0.5704256252742401,-0.005720587657732604,1.0
20190528,BRENT,70.19,3.250956163577512,0.03199230647436006,4.0
20190529,BRENT,70.64,0.6411169682291051,0.006390705553374587,1.0
20190530,BRENT,69.55,-1.5430351075877757,-0.015550637926252726,1.0
20190531,BRENT,66.78,-3.9827462257368773,-0.040642283853943424,1.0
20190603,BRENT,63.16,-5.420784666067691,-0.05573244512806718,3.0
20190604,BRENT,63.56,0.633312222925908,0.006313152281073945,1.0
20190605,BRENT,62.14,-2.2341095028319713,-0.0225944377036139,1.0
20190606,BRENT,62.77,1.013839716768583,0.010087348364538977,1.0
20190607,BRENT,64.1,2.118846582762446,0.020967111597183796,1.0
20190610,BRENT,64.31,0.3276131045241826,0.0032707762201474432,3.0
20190611,BRENT,63.56,-1.166226092365108,-0.011730798478256567,1.0
20190612,BRENT,61.66,-2.9893014474512314,-0.030348919210510975,1.0
20190613,BRENT,63.28,2.627311060655213,0.025933901001394203,1.0
20190614,BRENT,63.13,-0.2370417193426011,-0.002373231079864146,1.0
20190617,BRENT,62.56,-0.9028987802946253,-0.009069996142478567,3.0
20190618,BRENT,63.35,1.2627877237851637,0.012548810530092392,1.0
20190619,BRENT,62.85,-0.7892659826361448,-0.007923971730891594,1.0
20190620,BRENT,65.44,4.120922832140006,0.04038275725823509,1.0
20190621,BRENT,65.99,0.8404645476772554,0.008369523100838579,1.0
20190624,BRENT,65.16,-1.2577663282315465,-0.012657431661485839,3.0
20190625,BRENT,66.24,1.6574585635359185,0.01643872634315994,1.0
20190626,BRENT,66.85,0.9208937198067702,0.009166793470948,1.0
20190627,BRENT,66.78,-0.10471204188480243,-0.0010476690324435778,1.0
20190628,BRENT,67.52,1.108116202455811,0.011020215772193073,1.0
20190701,BRENT,65.1,-3.584123222748814,-0.03649930107317811,3.0
20190702,BRENT,62.72,-3.655913978494618,-0.037244173172371095,1.0
20190703,BRENT,63.53,1.291454081632648,0.012831859236289423,1.0
20190704,BRENT,63.62,0.14166535495041543,0.0014156510425561539,1.0
20190705,BRENT,64.23,0.9588179817667575,0.009542504948703243,1.0
20190708,BRENT,64.89,1.0275572162540714,0.010223137363375817,3.0
20190709,BRENT,64.3,-0.9092310063183895,-0.009133897389503433,1.0
20190710,BRENT,66.41,3.2814930015552024,0.03228801630904853,1.0
20190711,BRENT,67.64,1.8521307032073553,0.01835187647775731,1.0
20190712,BRENT,66.65,-1.4636309875813103,-0.014744477405661847,1.0
20190715,BRENT,66.86,0.3150787696924118,0.0031458343672347623,3.0
20190716,BRENT,65.87,-1.4807059527370603,-0.014917778339350957,1.0
20190717,BRENT,63.67,-3.339911947775931,-0.0339696086236677,1.0
20190718,BRENT,60.7,-4.664677242029214,-0.04776979596348139,1.0
20190719,BRENT,61.04,0.5601317957166341,0.0055856889107489364,1.0
20190722,BRENT,61.96,1.5072083879423381,0.014959628572466369,3.0
20190723,BRENT,62.28,0.5164622336991664,0.0051513314171297555,1.0
20190724,BRENT,63.83,2.488760436737314,0.02458295230216835,1.0
20190725,BRENT,63.47,-0.5639981200062705,-0.005655945949587248,1.0
20190726,BRENT,62.46,-1.591302977784781,-0.01604100146344623,1.0
20190729,BRENT,62.29,-0.27217419148255484,-0.0027254525888784197,3.0
20190730,BRENT,62.55,0.41740247230694916,0.004165337646865968,1.0
20190731,BRENT,64.07,2.430055955235799,0.024009998738009932,1.0
20190801,BRENT,62.9,-1.8261276728578024,-0.018430071944535262,1.0
20190802,BRENT,61.12,-2.829888712241657,-0.028707018848129828,1.0
20190805,BRENT,59.32,-2.945026178010468,-0.029892627588533675,3.0
20190806,BRENT,58.63,-1.1631827376938575,-0.011700006293607566,1.0
20190807,BRENT,55.03,-6.140201262152489,-0.06336801990445637,1.0
20190808,BRENT,56.29,2.289660185353437,0.02263840840426772,1.0
20190809,BRENT,57.37,1.9186356368804391,0.019004619137844465,1.0
20190812,BRENT,57.13,-0.4183371099877875,-0.004192145877408417,3.0
20190813,BRENT,59.9,4.848590932959906,0.04734713238503241,1.0
20190814,BRENT,57.86,-3.405676126878132,-0.034650205573414646,1.0
20190815,BRENT,57.37,-0.8468717594192876,-0.00850478093420934,1.0
20190816,BRENT,59.0,2.8412062053338127,0.0280159252919399,1.0
20190819,BRENT,59.79,1.3389830508474532,0.013300978987093547,3.0
20190820,BRENT,59.03,-1.2711155711657485,-0.012792633640215061,1.0
20190821,BRENT,60.6,2.6596645773335537,0.026249103822670716,1.0
20190822,BRENT,59.81,-1.303630363036301,-0.013122022018803092,1.0
20190823,BRENT,58.64,-1.9561946162849009,-0.019755813478069584,1.0
20190826,BRENT,58.64,0.0,0.0,3.0
20190827,BRENT,58.44,-0.3410641200545794,-0.0034164706958974113,1.0
20190828,BRENT,60.42,3.3880903490759895,0.033319589076027334,1.0
20190829,BRENT,60.59,0.2813637868255503,0.002809686998371716,1.0
20190830,BRENT,61.04,0.7426968146558854,0.007399524019303897,1.0
20190902,BRENT,58.55,-4.079292267365664,-0.04164829693247524,3.0
20190903,BRENT,57.93,-1.0589239965841157,-0.01064570493519358,1.0
20190904,BRENT,60.68,4.747108579319859,0.046378769371798634,1.0
20190905,BRENT,62.7,3.3289386947923605,0.032747293158543585,1.0
20190906,BRENT,61.28,-2.2647527910685805,-0.02290792220653915,1.0
20190909,BRENT,63.99,4.422323759791125,0.04327329571903305,3.0
20190910,BRENT,64.67,1.0626660415689937,0.010570594307132511,1.0
20190911,BRENT,63.02,-2.5514148755218735,-0.0258452791293728,1.0
20190912,BRENT,60.76,-3.5861631228181645,-0.03652045860155656,1.0
20190913,BRENT,61.25,0.8064516129032251,0.008032171697264253,1.0
20190916,BRENT,68.42,11.706122448979595,0.11070133012462227,3.0
20190917,BRENT,65.59,-4.136217480268922,-0.04224193424381444,1.0
20190918,BRENT,64.29,-1.9820094526604604,-0.020019147152048722,1.0
20190919,BRENT,64.25,-0.06221807435060622,-0.0006223743782662355,1.0
20190920,BRENT,65.23,1.5252918287937733,0.01513776203267544,1.0
20190923,BRENT,64.66,-0.8738310593285448,-0.008776713510717755,3.0
20190924,BRENT,64.13,-0.8196721311475419,-0.00823049913651548,1.0
20190925,BRENT,62.41,-2.68205208170903,-0.027186754214819947,1.0
20190926,BRENT,62.08,-0.5287614164396715,-0.0053016430709882925,1.0
20190927,BRENT,62.48,0.6443298969072142,0.006422629656467192,1.0
20190930,BRENT,60.99,-2.3847631241997402,-0.02413658922306553,3.0
20191001,BRENT,60.06,-1.5248401377275012,-0.015365853753180787,1.0
20191002,BRENT,57.92,-3.5631035631035646,-0.03628131447772331,1.0
20191003,BRENT,58.01,0.1553867403314868,0.0015526614005119835,1.0
20191004,BRENT,59.13,1.9307016031718804,0.0191230003547657,1.0
20191007,BRENT,59.46,0.5580923389142622,0.005565407737213151,3.0
20191008,BRENT,58.14,-2.219979818365292,-0.022449922439221802,1.0
20191009,BRENT,59.7,2.6831785345717174,0.026478125267826478,1.0
20191010,BRENT,59.08,-1.038525963149084,-0.010439562735377404,1.0
20191011,BRENT,60.59,2.555856465809092,0.025237405293718825,1.0
20191014,BRENT,58.81,-2.9377785113055,-0.02981795448503312,3.0
20191015,BRENT,59.19,0.6461486141812633,0.006440700230769081,1.0
20191016,BRENT,59.3,0.18584220307484856,0.0018566973010461472,1.0
20191017,BRENT,59.35,0.0843170320404818,0.0008428150519973713,1.0
20191018,BRENT,59.96,1.0278011794439657,0.010225552178719805,1.0
20191021,BRENT,58.95,-1.6844563042027971,-0.016988046251016974,3.0
20191022,BRENT,60.5,2.62934690415606,0.025953738053415804,1.0
20191023,BRENT,60.52,0.033057851239681746,0.00033052388335951384,1.0
20191024,BRENT,61.71,1.96629213483146,0.019472103412820314,1.0
20191025,BRENT,62.06,0.5671690163668863,0.00565566668725874,1.0
20191028,BRENT,60.39,-2.690944247502425,-0.027278130700424414,3.0
20191029,BRENT,61.05,1.0928961748633892,0.010869672236903891,1.0
20191030,BRENT,60.22,-1.3595413595413608,-0.013688677503125928,1.0
20191031,BRENT,59.3,-1.5277316506144167,-0.015395217049908034,1.0
20191101,BRENT,60.17,1.4671163575042279,0.014564583228580731,1.0
20191104,BRENT,62.52,3.905600797739739,0.03831261632101549,3.0
20191105,BRENT,62.72,0.31989763275750427,0.003193870488876415,1.0
20191106,BRENT,62.11,-0.9725765306122458,-0.009773369470940808,1.0
20191107,BRENT,62.6,0.7889228787634872,0.007858271534841262,1.0
20191108,BRENT,62.0,-0.9584664536741228,-0.0096308930609613,1.0
20191111,BRENT,62.58,0.9354838709677349,0.009311353195644453,3.0
20191112,BRENT,62.19,-0.6232023010546484,-0.00625152312493815,1.0
20191113,BRENT,62.27,0.12863804470173434,0.0012855537685628297,1.0
20191114,BRENT,62.46,0.3051228520957183,0.0030465829705719743,1.0
20191115,BRENT,63.32,1.376881203970548,0.01367488315787895,1.0
20191118,BRENT,62.82,-0.7896399241945629,-0.007927740902310867,3.0
20191119,BRENT,62.37,-0.7163323782235054,-0.007189103572469338,1.0
20191120,BRENT,63.8,2.2927689594356204,0.022668799812712893,1.0
20191121,BRENT,64.99,1.865203761755474,0.0184802215555132,1.0
20191122,BRENT,64.83,-0.24619172180334603,-0.0024649527193531325,1.0
20191125,BRENT,64.67,-0.24679932130186044,-0.0024710437284028203,3.0
20191126,BRENT,64.82,0.23194680686560165,0.002316782254899665,1.0
20191127,BRENT,65.03,0.3239740820734527,0.0032345041676593187,1.0
20191128,BRENT,64.68,-0.5382131324004225,-0.005396667172154276,1.0
20191129,BRENT,64.5,-0.278293135436003,-0.002786810907179395,1.0
20191202,BRENT,63.2,-2.0155038759689825,-0.020360922648914967,3.0
20191203,BRENT,62.95,-0.39556962025316666,-0.003963540662455587,1.0
20191204,BRENT,65.25,3.653693407466241,0.0358852857124466,1.0
20191205,BRENT,65.67,0.6436781609195474,0.006416154000078543,1.0
20191206,BRENT,66.5,1.263895233744483,0.012559747458927224,1.0
20191209,BRENT,66.44,-0.09022556390977376,-0.0009026629167143254,3.0
20191210,BRENT,66.57,0.19566526189040978,0.0019547408675179424,1.0
20191211,BRENT,65.37,-1.8026137899954775,-0.01819058798797388,1.0
20191212,BRENT,66.67,1.9886798225485558,0.019691639005330316,1.0
20191213,BRENT,67.44,1.1549422528873476,0.011483237063631286,1.0
20191216,BRENT,68.04,0.8896797153024938,0.008857453834061023,3.0
20191217,BRENT,68.99,1.3962375073486077,0.013865799030356205,1.0
20191218,BRENT,69.12,0.1884331062472988,0.001882557937783024,1.0
20191219,BRENT,69.7,0.839120370370372,0.008356193270678035,1.0
20191220,BRENT,68.66,-1.4921090387374547,-0.01503352973693229,1.0
20191223,BRENT,67.49,-1.7040489367899814,-0.01718734927423089,3.0
20191224,BRENT,69.26,2.622610757149224,0.02588810021896094,1.0
20191226,BRENT,69.26,0.0,0.0,2.0
20191227,BRENT,68.91,-0.505342188853608,-0.005066233605159459,1.0
20191230,BRENT,68.3,-0.8852125961398949,-0.008891538792372217,3.0
20191231,BRENT,67.77,-0.7759882869692536,-0.00779014742872279,1.0
20200102,BRENT,67.05,-1.0624169986719778,-0.010681009420334052,2.0
20200103,BRENT,69.08,3.0275913497390006,0.02982664355079032,1.0
20200106,BRENT,70.25,1.6936884771279637,0.016795054935377255,3.0
20200107,BRENT,68.74,-2.1494661921708236,-0.021729036792167374,1.0
20200108,BRENT,67.31,-2.080302589467553,-0.021022457399066028,1.0
20200109,BRENT,66.58,-1.0845342445401918,-0.010904581875742902,1.0
20200110,BRENT,66.77,0.2853709822769668,0.0028496457228986208,1.0
20200113,BRENT,64.14,-3.9388947131945407,-0.0401856836047685,3.0
20200114,BRENT,64.45,0.4833177424384161,0.004821535120187537,1.0
20200115,BRENT,63.29,-1.799844840961995,-0.018162390597982497,1.0
20200116,BRENT,64.63,2.1172381102859683,0.020951360487589936,1.0
20200117,BRENT,64.05,-0.8974160606529447,-0.009014670932060808,1.0
20200120,BRENT,64.63,0.9055425448867949,0.009014670932060714,3.0
20200121,BRENT,63.66,-1.5008509979885454,-0.01512227742085727,1.0
20200122,BRENT,62.11,-2.4348099277411217,-0.024649415282735128,1.0
20200123,BRENT,61.26,-1.3685396876509492,-0.013779905166582496,1.0
20200124,BRENT,59.34,-3.134182174338873,-0.031843486541953334,1.0
20200127,BRENT,58.54,-1.3481631277384665,-0.013573333598936059,3.0
20200128,BRENT,59.37,1.4178339596856881,0.014078767018844291,1.0
20200129,BRENT,59.46,0.1515917129863542,0.0015147692873675469,1.0
20200130,BRENT,57.72,-2.9263370332996974,-0.0297000836642815,1.0
20200131,BRENT,57.77,0.08662508662509172,0.0008658758875040947,1.0
20200203,BRENT,54.0,-6.525878483642034,-0.06748556322889983,3.0
20200204,BRENT,53.9,-0.18518518518518823,-0.0018535686493229438,1.0
20200205,BRENT,55.36,2.7087198515769906,0.026726833394462617,1.0
20200206,BRENT,55.18,-0.32514450867051625,-0.0032567425202740603,1.0
20200207,BRENT,54.53,-1.1779630300833621,-0.01184955985116981,1.0
20200210,BRENT,53.39,-2.0905923344947785,-0.021127546425875394,3.0
20200211,BRENT,54.0,1.1425360554411013,0.0113605840521796,1.0
20200212,BRENT,55.54,2.851851851851861,0.028119435314379194,1.0
20200213,BRENT,56.34,1.4404033129276295,0.014301280569573147,1.0
20200214,BRENT,57.37,1.8281860134895078,0.018116756165552955,1.0
20200217,BRENT,57.83,0.8018127941432862,0.007986153556347254,3.0
20200218,BRENT,57.35,-0.8300190212692349,-0.008334828594747167,1.0
20200219,BRENT,59.72,4.132519616390584,0.04049412909560994,1.0
20200220,BRENT,59.57,-0.25117213663764515,-0.0025148810303935922,1.0
20200221,BRENT,58.6,-1.6283364109451082,-0.016417395057629156,1.0
20200224,BRENT,56.71,-3.2252559726962504,-0.03278413455703034,3.0
20200225,BRENT,55.29,-2.503967554223241,-0.025358501676095033,1.0
20200226,BRENT,54.96,-0.5968529571351078,-0.005986412435747725,1.0
20200227,BRENT,52.19,-5.040029112081523,-0.05171474225877214,1.0
20200228,BRENT,51.31,-1.6861467714121448,-0.017005240701448404,1.0
20200302,BRENT,52.52,2.3582147729487524,0.0233083844807221,3.0
20200303,BRENT,52.24,-0.5331302361005319,-0.0053455644664198035,1.0
20200304,BRENT,51.86,-0.727411944869838,-0.00730070485765736,1.0
20200305,BRENT,51.29,-1.0991129965291169,-0.011051978709341246,1.0
20200306,BRENT,45.6,-11.093780464028068,-0.11758808488083661,1.0
20200309,BRENT,35.33,-22.521929824561404,-0.2551752551492866,3.0
20200310,BRENT,35.57,0.6793093688083784,0.006770124589309984,1.0
20200311,BRENT,34.45,-3.148720832161922,-0.03199358850069613,1.0
20200312,BRENT,31.02,-9.956458635703925,-0.10487683971127487,1.0
20200313,BRENT,32.25,3.965183752417789,0.03888588549338868,1.0
20200316,BRENT,27.98,-13.240310077519378,-0.14202807400444636,3.0
20200317,BRENT,27.97,-0.03573981415296856,-0.00035746202346678056,1.0
20200318,BRENT,22.79,-18.519842688594924,-0.20481066395627548,1.0
20200319,BRENT,23.98,5.221588415971934,0.05089830634177545,1.0
20200320,BRENT,25.55,6.547122602168476,0.06341716705034528,1.0
20200323,BRENT,23.75,-7.045009784735812,-0.07305478616906322,3.0
20200324,BRENT,24.5,3.157894736842115,0.03109058707003118,1.0
20200325,BRENT,25.62,4.571428571428582,0.04470017891790699,1.0
20200326,BRENT,23.55,-8.079625292740044,-0.0842474760061614,1.0
20200327,BRENT,22.39,-4.925690021231421,-0.05051138985176328,1.0
20200330,BRENT,19.19,-14.292094685127289,-0.1542251205910549,3.0
20200331,BRENT,14.85,-22.61594580510683,-0.2563894447709,1.0
20200401,BRENT,14.97,0.8080808080808133,0.008048333182828415,1.0
20200402,BRENT,20.24,35.20374081496325,0.3016126459877277,1.0
20200403,BRENT,24.33,20.207509881422926,0.18404931237616645,1.0
20200406,BRENT,22.58,-7.192766132346895,-0.07464559807391527,3.0
20200407,BRENT,22.1,-2.1257750221434724,-0.02148695019780865,1.0
20200408,BRENT,25.22,14.117647058823524,0.13205972201306632,1.0
20200409,BRENT,20.23,-19.785884218873907,-0.22047067935711936,1.0
20200414,BRENT,21.74,7.464162135442409,0.07198723051340926,5.0
20200415,BRENT,19.8,-8.923643054277818,-0.09347194399257372,1.0
20200416,BRENT,18.69,-5.606060606060604,-0.05769331623301806,1.0
20200417,BRENT,19.75,5.671482075976453,0.05516486987965936,1.0
20200420,BRENT,17.36,-12.101265822784812,-0.12898478211492678,3.0
20200421,BRENT,9.12,-47.46543778801844,-0.6436989051459642,1.0
20200422,BRENT,13.77,50.986842105263165,0.4120225086543235,1.0
20200423,BRENT,15.06,9.368191721132902,0.08954990963118407,1.0
20200424,BRENT,15.87,5.378486055776888,0.05238831216657014,1.0
20200427,BRENT,15.17,-4.4108380592312475,-0.045110741177876765,3.0
20200428,BRENT,15.6,2.8345418589321048,0.027951120895050502,1.0
20200429,BRENT,17.86,14.48717948717948,0.13529266119286157,1.0
20200430,BRENT,18.11,1.399776035834277,0.013900696446969129,1.0
20200501,BRENT,18.49,2.098288238542234,0.02076577350371139,1.0
20200504,BRENT,20.4,10.329908058409941,0.09830485545113715,3.0
20200505,BRENT,25.46,24.803921568627473,0.22157369227908993,1.0
20200506,BRENT,24.2,-4.948939512961514,-0.05075595996661981,1.0
20200507,BRENT,24.23,0.12396694214875659,0.001238901665793613,1.0
20200511,BRENT,25.53,5.365249690466367,0.05226269642495812,4.0
20200512,BRENT,26.67,4.465334900117512,0.043685106940530474,1.0
20200513,BRENT,27.89,4.574428196475444,0.04472886344547472,1.0
20200514,BRENT,29.87,7.099318752240946,0.06858643058862084,1.0
20200515,BRENT,30.95,3.6156678942082188,0.035518366902586515,1.0
20200518,BRENT,33.3,7.592891760904674,0.07318439785579293,3.0
20200519,BRENT,33.06,-0.7207207207207023,-0.007233304593519837,1.0
20200520,BRENT,34.76,5.1421657592256365,0.05014320800431304,1.0
20200521,BRENT,34.78,0.05753739930955959,0.0005752085289457673,1.0
20200522,BRENT,33.8,-2.817711328349637,-0.028581706437163984,1.0
20200526,BRENT,33.95,0.44378698224853963,0.004428051515732225,4.0
20200527,BRENT,32.73,-3.5935198821796965,-0.0365967654916162,1.0
20200528,BRENT,33.98,3.8191261839291224,0.03748002773069688,1.0
20200529,BRENT,34.15,0.5002942907592844,0.004990469773013247,1.0
20200601,BRENT,36.74,7.58418740849196,0.07310349377018065,3.0
20200602,BRENT,37.72,2.667392487751763,0.02632437797827709,1.0
20200603,BRENT,37.98,0.6892895015906619,0.006869247618883014,1.0
20200604,BRENT,38.41,1.132174828857302,0.011258136973673696,1.0
20200605,BRENT,41.0,6.743035667794861,0.06525422434649453,1.0
20200608,BRENT,39.66,-3.268292682926832,-0.033228943612657914,3.0
20200609,BRENT,40.45,1.991931417044901,0.019723520412850967,1.0
20200610,BRENT,41.18,1.8046971569839254,0.01788605809514264,1.0
20200611,BRENT,37.76,-8.305002428363284,-0.08670236032234346,1.0
20200612,BRENT,38.54,2.065677966101709,0.02044632170892053,1.0
20200615,BRENT,39.44,2.3352361183186288,0.023083866748214322,3.0
20200616,BRENT,40.75,3.321501014198791,0.03267530995243713,1.0
20200617,BRENT,40.47,-0.6871165644171784,-0.0068948807990975155,1.0
20200618,BRENT,41.75,3.1628366691376364,0.031138492409090317,1.0
20200619,BRENT,42.33,1.3892215568862332,0.013796603235967894,1.0
20200622,BRENT,43.2,2.0552799433026347,0.020344440717232425,3.0
20200623,BRENT,42.72,-1.1111111111111183,-0.011173300598125302,1.0
20200624,BRENT,40.4,-5.4307116104868935,-0.055837409684835033,1.0
20200625,BRENT,41.18,1.9306930693069324,0.01912291663253902,1.0
20200626,BRENT,40.97,-0.5099562894609,-0.0051126100408636485,1.0
20200629,BRENT,41.58,1.4888943129118815,0.014779190871087105,3.0
20200630,BRENT,41.64,0.14430014430015792,0.0014419613169014058,1.0
20200701,BRENT,42.18,1.2968299711815456,0.012884931303860299,1.0
20200702,BRENT,43.19,2.39449976292081,0.023662811921981157,1.0
20200703,BRENT,42.92,-0.6251447094234641,-0.006271069210111892,1.0
20200706,BRENT,42.73,-0.4426840633737328,-0.004436668106564283,3.0
20200707,BRENT,43.28,1.2871518839223217,0.012789384882292686,1.0
20200708,BRENT,43.67,0.901109057301297,0.008970732959243537,1.0
20200709,BRENT,42.35,-3.0226700251889227,-0.03069294639940625,1.0
20200710,BRENT,43.27,2.1723730814639852,0.021491133138729968,1.0
20200713,BRENT,42.85,-0.970649410677149,-0.00975390919300468,3.0
20200714,BRENT,42.97,0.28004667444574416,0.002796552743114976,1.0
20200715,BRENT,43.96,2.3039329764952265,0.022777931748516847,1.0
20200716,BRENT,43.71,-0.5686988171064611,-0.005703220660197464,1.0
20200717,BRENT,43.53,-0.41180507892930596,-0.004126553311016978,1.0
20200720,BRENT,43.3,-0.5283712382265215,-0.005297720555762118,3.0
20200721,BRENT,44.31,2.3325635103926157,0.02305775020295402,1.0
20200722,BRENT,43.98,-0.7447528774543133,-0.007475400084783141,1.0
20200723,BRENT,42.96,-2.3192360163710735,-0.023465534926005834,1.0
20200724,BRENT,43.29,0.7681564245810124,0.007652211253280015,1.0
20200727,BRENT,43.39,0.23100023100024458,0.0023073383563702744,3.0
20200728,BRENT,43.11,-0.6453099792578909,-0.006474011051216058,1.0
20200729,BRENT,43.51,0.927858965437256,0.009235807973545515,1.0
20200730,BRENT,42.98,-1.2181107791312318,-0.012255905518224315,1.0
20200731,BRENT,43.13,0.3489995346672936,0.0034839194453874316,1.0
20200803,BRENT,43.76,1.4607002086714393,0.014501347453973811,3.0
20200804,BRENT,43.99,0.5255941499086036,0.005242177246902737,1.0
20200805,BRENT,44.92,2.1141168447374348,0.020920794509613986,1.0
20200806,BRENT,45.04,0.2671415850400649,0.0026678539611924477,1.0
20200807,BRENT,44.07,-2.153641207815271,-0.02177170497753927,1.0
20200810,BRENT,44.19,0.2722940776038074,0.0027192402887529186,3.0
20200811,BRENT,43.68,-1.15410726408689,-0.011608187705998915,1.0
20200812,BRENT,45.09,3.2280219780219888,0.03177016099634331,1.0
20200813,BRENT,44.87,-0.48791306276337876,-0.004891072445101004,1.0
20200814,BRENT,44.86,-0.02228660574994379,-0.00022289089582971293,1.0
20200817,BRENT,44.91,0.11145786892554632,0.0011139580075844229,3.0
20200818,BRENT,45.34,0.9574704965486625,0.009529157979736351,1.0
20200819,BRENT,45.21,-0.28672254080283066,-0.0028713437728692284,1.0
20200820,BRENT,44.56,-1.4377350143773504,-0.014481705687485203,1.0
20200821,BRENT,43.94,-1.3913824057450674,-0.01401152866256448,1.0
20200824,BRENT,44.43,1.1151570323167936,0.011089849991352936,3.0
20200825,BRENT,46.01,3.556155750618939,0.03494384721956,1.0
20200826,BRENT,45.79,-0.4781569224081683,-0.004793037498373103,1.0
20200827,BRENT,44.84,-2.0746887966804906,-0.02096512846504485,1.0
20200828,BRENT,45.22,0.8474576271186418,0.008438868645864604,1.0
20200901,BRENT,45.72,1.1057054400707589,0.010996372076786057,4.0
20200902,BRENT,42.7,-6.605424321959752,-0.068336918692031,1.0
20200903,BRENT,42.72,0.04683840749413193,0.00046827441736039686,1.0
20200904,BRENT,41.1,-3.7921348314606695,-0.03865907314975043,1.0
20200907,BRENT,40.67,-1.0462287104622825,-0.01051740158305571,3.0
20200908,BRENT,38.53,-5.2618637816572384,-0.05405356128106692,1.0
20200909,BRENT,39.98,3.7633013236439083,0.03694217043418773,1.0
20200910,BRENT,39.27,-1.7758879439719655,-0.017918460482335544,1.0
20200911,BRENT,38.8,-1.1968423733129785,-0.012040621960690667,1.0
20200914,BRENT,38.57,-0.592783505154626,-0.0059454744090912,3.0
20200915,BRENT,39.54,2.514907959554047,0.024838045522334325,1.0
20200916,BRENT,41.23,4.274152756702065,0.04185332897633771,1.0
20200917,BRENT,42.35,2.716468590831922,0.02680227437925479,1.0
20200918,BRENT,42.16,-0.44864226682409525,-0.004496516864956617,1.0
20200921,BRENT,40.37,-4.245730550284632,-0.04338496936825746,3.0
20200922,BRENT,40.84,1.1642308645033683,0.011575058431615598,1.0
20200923,BRENT,41.09,0.6121449559255643,0.00610278959885359,1.0
20200924,BRENT,41.24,0.3650523241664594,0.003643876253440746,1.0
20200925,BRENT,40.91,-0.8001939864209606,-0.00803412720745208,1.0
20200928,BRENT,41.59,1.6621852847714669,0.016485221813513275,3.0
20200929,BRENT,40.33,-3.029574416927161,-0.03076414486954368,1.0
20200930,BRENT,40.3,-0.07438631291842857,-0.0007441399326395343,1.0
20201001,BRENT,39.75,-1.3647642679900707,-0.013741627852296353,1.0
20201002,BRENT,38.0,-4.402515723270439,-0.04502368137395513,1.0
20201005,BRENT,39.78,4.684210526315802,0.04577811369944049,3.0
20201006,BRENT,41.27,3.7456008044243427,0.03677157033866439,1.0
20201007,BRENT,40.62,-1.5749939423310044,-0.01587528761225196,1.0
20201008,BRENT,42.0,3.3973412112260126,0.03340906213112983,1.0
20201009,BRENT,41.63,-0.8809523809523712,-0.008848557076484137,1.0
20201012,BRENT,40.5,-2.714388662022582,-0.027519087094390635,3.0
20201013,BRENT,41.34,2.0740740740740726,0.02052858014112873,1.0
20201014,BRENT,41.81,1.1369134010643434,0.01130499111485143,1.0
20201015,BRENT,41.61,-0.47835446065535026,-0.004795022373623779,1.0
20201016,BRENT,41.34,-0.6488824801730297,-0.0065099687412276536,1.0
20201019,BRENT,41.29,-0.12094823415579325,-0.0012102143556234554,3.0
20201020,BRENT,41.62,0.7992249939452689,0.007960481067489537,1.0
20201021,BRENT,40.09,-3.6761172513214646,-0.03745389431107262,1.0
20201022,BRENT,41.28,2.968321277126451,0.029251194518891566,1.0
20201023,BRENT,40.71,-1.380813953488369,-0.013904358658419798,1.0
20201026,BRENT,39.06,-4.053058216654382,-0.04137483706635456,3.0
20201027,BRENT,39.72,1.6897081413210335,0.01675591372843886,1.0
20201028,BRENT,37.86,-4.682779456193353,-0.047959693395795054,1.0
20201029,BRENT,36.56,-3.433703116745901,-0.03494039919522748,1.0
20201030,BRENT,36.33,-0.6291028446389624,-0.0063109003528388115,1.0
20201102,BRENT,37.78,3.991191852463527,0.0391360158402529,3.0
20201103,BRENT,38.17,1.0322922181048133,0.010270004683774835,1.0
20201104,BRENT,39.68,3.955986376735643,0.03879741565953355,1.0
20201105,BRENT,39.47,-0.5292338709677491,-0.005306392741916371,1.0
20201106,BRENT,38.08,-3.5216620217887074,-0.03585167975159125,1.0
20201109,BRENT,40.93,7.484243697478998,0.07217408058114713,3.0
20201110,BRENT,42.25,3.2250183239677543,0.03174106329887126,1.0
20201111,BRENT,42.5,0.591715976331364,0.005899722127188322,1.0
20201112,BRENT,42.16,-0.8000000000000118,-0.008032171697264378,1.0
20201113,BRENT,41.51,-1.5417457305502813,-0.015537542168159463,1.0
20201116,BRENT,42.71,2.890869669959062,0.028498722788427893,3.0
20201117,BRENT,42.54,-0.3980332474830317,-0.003988275081284063,1.0
20201118,BRENT,42.91,0.8697696285848489,0.008660089231342082,1.0
20201119,BRENT,43.09,0.41948263807971564,0.004186052624313438,1.0
20201120,BRENT,43.79,1.6245068461359757,0.01611452918556017,1.0
20201123,BRENT,45.0,2.7631879424526273,0.027257008957012892,3.0
20201124,BRENT,46.63,3.6222222222222378,0.03558162104990988,1.0
20201125,BRENT,47.3,1.4368432339695314,0.014266184677657633,1.0
20201126,BRENT,46.32,-2.0718816067653245,-0.02093646223314745,1.0
20201127,BRENT,46.88,1.2089810017271274,0.012017312004017488,1.0
20201130,BRENT,46.84,-0.08532423208190698,-0.00085360653924054,3.0
20201201,BRENT,47.03,0.4056362083689091,0.004048157227439957,1.0
20201202,BRENT,47.8,1.6372528173506096,0.016239943540453505,1.0
20201203,BRENT,48.37,1.192468619246867,0.011854147337481592,1.0
20201204,BRENT,49.1,1.509199917304116,0.01497924796558308,1.0
20201207,BRENT,48.63,-0.95723014256619,-0.009618410384780455,3.0
20201208,BRENT,48.84,0.43183220234424,0.004309024826809585,1.0
20201209,BRENT,48.81,-0.06142506142506887,-0.0006144393434478832,1.0
20201210,BRENT,50.33,3.114115959844277,0.030666110889212336,1.0
20201211,BRENT,50.01,-0.635803695608983,-0.006378335357456323,1.0
20201214,BRENT,50.27,0.5198960207958514,0.005185492273671655,3.0
20201215,BRENT,50.77,0.9946290033817418,0.009897151254819117,1.0
20201216,BRENT,50.83,0.11818002757533197,0.0011811024995080994,1.0
20201217,BRENT,51.2,0.7279165846940883,0.00725280058665106,1.0
20201218,BRENT,52.17,1.8945312499999867,0.018768084988839123,1.0
20201221,BRENT,50.61,-2.9902242668200185,-0.030358431808314802,3.0
20201222,BRENT,49.88,-1.44240268721596,-0.014529064414150871,1.0
20201223,BRENT,51.05,2.345629510825975,0.02318542379883879,1.0
20201224,BRENT,50.88,-0.3330068560234989,-0.0033356255788077826,1.0
20201228,BRENT,50.88,0.0,0.0,4.0
20201229,BRENT,50.44,-0.8647798742138502,-0.008685407935148033,1.0
20201230,BRENT,50.74,0.5947660586835823,0.005930043074416986,1.0
20201231,BRENT,51.22,0.9459992116673144,0.009415526600243277,1.0
20210104,BRENT,50.37,-1.6595080046856725,-0.01673432101382007,4.0
20210105,BRENT,53.16,5.539011316259668,0.05391047408748534,1.0
20210106,BRENT,53.8,1.2039127163280705,0.011967233322694193,1.0
20210107,BRENT,53.7,-0.18587360594793934,-0.0018604656529195673,1.0
20210108,BRENT,55.51,3.370577281191789,0.03315018318725075,1.0
20210111,BRENT,54.84,-1.2069897315798883,-0.012143330007956208,3.0
20210112,BRENT,55.98,2.0787746170678245,0.020574629393193728,1.0
20210113,BRENT,55.52,-0.821722043586981,-0.008251167888758251,1.0
20210114,BRENT,55.76,0.4322766570605152,0.0043134502537193475,1.0
20210115,BRENT,54.8,-1.7216642754662836,-0.01736657249829859,1.0
20210118,BRENT,54.21,-1.07664233576642,-0.010824800681723,3.0
20210119,BRENT,55.38,2.158273381294973,0.02135312447056906,1.0
20210120,BRENT,55.66,0.5055976886962688,0.005043238354928816,1.0
20210121,BRENT,55.68,0.03593244699964249,0.00035925992841950486,1.0
20210122,BRENT,55.22,-0.8261494252873591,-0.008295809524155864,1.0
20210125,BRENT,55.44,0.3984063745019917,0.003976148379639417,3.0
20210126,BRENT,55.26,-0.32467532467532756,-0.0032520353863773432,1.0
20210127,BRENT,55.07,-0.34382917119073486,-0.0034442162208803543,1.0
20210128,BRENT,54.87,-0.3631741420010992,-0.0036383522035062024,1.0
20210129,BRENT,55.25,0.6925460178603959,0.006901589326978164,1.0
20210201,BRENT,56.42,2.117647058823535,0.02095536517598809,3.0
20210202,BRENT,57.62,2.1269053527118054,0.021046024082532207,1.0
20210203,BRENT,58.61,1.7181534189517622,0.017035600831955527,1.0
20210204,BRENT,58.98,0.6312915884661319,0.006293072898792323,1.0
20210205,BRENT,59.48,0.8477449983045116,0.008441718204824155,1.0
20210208,BRENT,60.17,1.1600537995965166,0.011533767640306192,3.0
20210209,BRENT,60.74,0.9473159381751639,0.009428570385342264,1.0
20210210,BRENT,61.17,0.7079354626275958,0.007054413636870818,1.0
20210211,BRENT,61.09,-0.13078306359326497,-0.0013086865927979254,1.0
20210212,BRENT,62.47,2.2589621869373078,0.022338254843802984,1.0
20210215,BRENT,63.58,1.776852889386915,0.0176125139771782,3.0
20210216,BRENT,63.96,0.5976722239698029,0.005958932483096847,1.0
20210217,BRENT,65.02,1.6572858036272509,0.01643702691000564,1.0
20210218,BRENT,64.09,-1.4303291294986087,-0.014406569359623735,1.0
20210219,BRENT,62.84,-1.9503822749258881,-0.019696532128715093,1.0
20210222,BRENT,64.73,3.007638446849148,0.02963295916999848,3.0
20210223,BRENT,65.16,0.6642978526185672,0.006621011176425539,1.0
20210224,BRENT,66.85,2.593615715162678,0.02560551981410782,1.0
20210225,BRENT,66.69,-0.23934181002243093,-0.0023962869037372084,1.0
20210226,BRENT,65.86,-1.2445644024591362,-0.012523739695996646,1.0
20210301,BRENT,64.56,-1.9738839963559074,-0.019936252986524877,3.0
20210302,BRENT,63.17,-2.1530359355638184,-0.021765519051084356,1.0
20210303,BRENT,64.7,2.4220357764761724,0.02393169659624583,1.0
20210304,BRENT,67.32,4.0494590417310405,0.03969616781575013,1.0
20210305,BRENT,69.95,3.9067142008318623,0.038323331788885064,1.0
20210308,BRENT,68.0,-2.7877055039313814,-0.028272995935383502,3.0
20210309,BRENT,67.03,-1.4264705882352957,-0.014367424806240396,1.0
20210310,BRENT,67.53,0.7459346561241142,0.0074316632168841545,1.0
20210311,BRENT,69.34,2.680290241374217,0.026449996670126933,1.0
20210312,BRENT,68.87,-0.6778194404384208,-0.006801270700270513,1.0
20210315,BRENT,68.78,-0.13068099317555815,-0.0013076645524868274,3.0
20210316,BRENT,67.95,-1.2067461471357954,-0.012140864406967431,1.0
20210317,BRENT,67.73,-0.32376747608535705,-0.0032429273703404337,1.0
20210318,BRENT,62.11,-8.297652443525772,-0.08662220665560076,1.0
20210319,BRENT,64.0,3.042988246659162,0.02997607678846033,1.0
20210322,BRENT,63.89,-0.1718749999999991,-0.0017202287454199444,3.0
20210323,BRENT,59.96,-6.15119737048051,-0.06348518137985491,1.0
20210324,BRENT,63.7,6.237491661107408,0.06050688934372074,1.0
20210325,BRENT,61.21,-3.908948194662487,-0.03987398771513926,1.0
20210326,BRENT,63.77,4.182323149812128,0.04097228546420184,1.0
20210329,BRENT,64.06,0.4547592912027554,0.004537283853831782,3.0
20210330,BRENT,63.28,-1.2176084920387131,-0.012250820721613646,1.0
20210331,BRENT,63.52,0.37926675094817064,0.003785493479481886,1.0
20210401,BRENT,63.85,0.5195214105793378,0.005181765539667942,1.0
20210406,BRENT,61.47,-3.727486296006266,-0.03798733155963023,5.0
20210407,BRENT,61.86,0.6344558321132343,0.006324516338005563,1.0
20210408,BRENT,62.09,0.3718073068218697,0.0037111781198780076,1.0
20210409,BRENT,61.89,-0.32211306168465903,-0.0032263296255313585,1.0
20210412,BRENT,62.38,0.791727258038466,0.00788609542838716,3.0
20210413,BRENT,62.83,0.7213850593138726,0.007187955235198351,1.0
20210414,BRENT,66.11,5.220436097405701,0.05088735493063113,1.0
20210415,BRENT,66.13,0.030252609287551024,0.0003024803410842495,1.0
20210416,BRENT,65.98,-0.22682594888854268,-0.0022708358861355388,1.0
20210419,BRENT,66.54,0.848742043043349,0.008451604789895328,3.0
20210420,BRENT,65.34,-1.80342651036971,-0.018198864417406643,1.0
20210421,BRENT,64.02,-2.020202020202033,-0.020408871631207238,1.0
20210422,BRENT,65.07,1.6401124648547372,0.016268078965175743,1.0
20210423,BRENT,65.75,1.0450284309205582,0.01039605755098134,1.0
20210426,BRENT,65.5,-0.38022813688213253,-0.0038095284166677302,3.0
20210427,BRENT,66.25,1.1450381679389388,0.011385322225125429,1.0
20210428,BRENT,67.08,1.2528301886792326,0.012450472088676386,1.0
20210429,BRENT,68.26,1.7590936195587492,0.017438006523553012,1.0
20210430,BRENT,67.73,-0.7764430120128951,-0.007794730251748729,1.0
20210504,BRENT,68.91,1.7422117230178502,0.017272092142304143,4.0
20210505,BRENT,69.71,1.1609345523146075,0.011542474129190721,1.0
20210506,BRENT,68.62,-1.5636207143881697,-0.015759742068003596,1.0
20210507,BRENT,68.73,0.16030311862431645,0.001601747703210274,1.0
20210510,BRENT,68.61,-0.1745962461807138,-0.0017474884307144486,3.0
20210511,BRENT,68.83,0.320652966039936,0.003201399707473364,1.0
20210512,BRENT,69.62,1.1477553392416295,0.011412185973020213,1.0
20210513,BRENT,67.36,-3.2461936225222754,-0.033000512449221676,1.0
20210514,BRENT,69.24,2.7909738717339705,0.027527360373937253,1.0
20210517,BRENT,69.62,0.5488157134604377,0.00547315207528444,3.0
20210518,BRENT,69.01,-0.8761850043091046,-0.008800460750782361,1.0
20210519,BRENT,66.88,-3.086509201565002,-0.031351452856064395,1.0
20210520,BRENT,65.18,-2.5418660287081174,-0.02574729536703053,1.0
20210521,BRENT,66.72,2.3626879410862056,0.023352084641075667,1.0
20210524,BRENT,68.59,2.8027577937649983,0.027641993460738794,3.0
20210525,BRENT,68.8,0.30616707974922,0.0030569934280678195,1.0
20210526,BRENT,68.93,0.18895348837211223,0.001887751958262664,1.0
20210527,BRENT,69.43,0.7253735673871997,0.007227553867621514,1.0
20210528,BRENT,69.36,-0.10082097076192786,-0.001008718292895692,1.0
20210601,BRENT,70.03,0.9659746251441836,0.00961338919514003,4.0
20210602,BRENT,70.6,0.8139368841924899,0.008106422831770042,1.0
20210603,BRENT,70.71,0.1558073654390979,0.0015568611169530886,1.0
20210604,BRENT,71.3,0.834394003676997,0.00830932180410088,1.0
20210607,BRENT,70.89,-0.5750350631136047,-0.005766947553324095,3.0
20210608,BRENT,71.39,0.7053180984624152,0.007028423647443096,1.0
20210609,BRENT,71.31,-0.11206051267684813,-0.0011212334741569502,1.0
20210610,BRENT,71.65,0.4767914738465828,0.004756584233968584,1.0
20210611,BRENT,72.05,0.5582693649685888,0.005567168171350154,1.0
20210614,BRENT,72.27,0.3053435114503733,0.0030487828493585096,3.0
20210615,BRENT,73.38,1.5359070153590615,0.015242313632246214,1.0
20210616,BRENT,73.88,0.6813845734532586,0.00679073640390324,1.0
20210617,BRENT,72.92,-1.2994044396318238,-0.013079205520576806,1.0
20210618,BRENT,73.1,0.24684585847503104,0.0024654169452704303,1.0
20210621,BRENT,74.49,1.9015047879616942,0.018836521432452093,3.0
20210622,BRENT,74.92,0.5772586924419398,0.005755989387702845,1.0
20210623,BRENT,75.22,0.40042712226373567,0.003996275466302445,1.0
20210624,BRENT,75.95,0.9704865727200307,0.009658075999591623,1.0
20210625,BRENT,76.45,0.6583278472679366,0.006561703333289417,1.0
20210628,BRENT,74.78,-2.184434270765212,-0.02208646282610371,3.0
20210629,BRENT,75.38,0.8023535704733797,0.007991518290021624,1.0
20210630,BRENT,76.94,2.0695144600689774,0.02048390948515963,1.0
20210701,BRENT,76.69,-0.32492851572654136,-0.0032545755473811994,1.0
20210702,BRENT,77.51,1.0692397965836653,0.010635638516652338,1.0
20210705,BRENT,78.34,1.0708295703780069,0.01065136794426511,3.0
20210706,BRENT,75.81,-3.2295123819249483,-0.03282811816947276,1.0
20210707,BRENT,74.31,-1.9786307874950504,-0.019984677898834638,1.0
20210708,BRENT,75.07,1.0227425649306898,0.010175479415533057,1.0
20210709,BRENT,77.14,2.7574264020247874,0.02720094119517084,1.0
20210712,BRENT,76.77,-0.47964739434794845,-0.004808013940274698,3.0
20210713,BRENT,77.5,0.950892275628501,0.00946399751949418,1.0
20210714,BRENT,75.74,-2.2709677419354923,-0.02297151388565263,1.0
20210715,BRENT,74.53,-1.5975706363876352,-0.016104693580046243,1.0
20210716,BRENT,74.46,-0.09392191064001576,-0.0009396604490316657,1.0
20210719,BRENT,69.33,-6.88960515713134,-0.07138435549017173,3.0
20210720,BRENT,70.03,1.0096639261502949,0.0100460087130273,1.0
20210721,BRENT,72.54,3.584178209338873,0.035214412187330124,1.0
20210722,BRENT,74.25,2.3573200992555776,0.02329964382805264,1.0
20210723,BRENT,74.86,0.821548821548812,0.008181924793473815,1.0
20210726,BRENT,74.79,-0.09350788137856281,-0.0009355162727065967,3.0
20210727,BRENT,74.87,0.10696617194811964,0.0010690900390176214,1.0
20210728,BRENT,75.09,0.2938426606117206,0.002934117869198629,1.0
20210729,BRENT,76.3,1.611399653748835,0.015985544178618787,1.0
20210730,BRENT,77.72,1.8610747051114096,0.018439686218828088,1.0
20210802,BRENT,73.91,-4.902213072568196,-0.050264487712443975,3.0
20210803,BRENT,73.24,-0.9065079150317956,-0.009106416990485424,1.0
20210804,BRENT,70.99,-3.07209175314036,-0.031202697755015434,1.0
20210805,BRENT,72.14,1.6199464713339884,0.016069653424098385,1.0
20210806,BRENT,71.02,-1.552536734128096,-0.01564714796045122,1.0
20210809,BRENT,69.65,-1.9290340749084645,-0.019478827289127004,3.0
20210810,BRENT,71.14,2.1392677674084704,0.021167066294494427,1.0
20210811,BRENT,71.99,1.1948271014900147,0.01187745396090235,1.0
20210812,BRENT,71.79,-0.2778163633837871,-0.0027820298928197306,1.0
20210813,BRENT,70.9,-1.2397269814737433,-0.012474757050309836,1.0
20210816,BRENT,70.07,-1.170662905500719,-0.011775691155639431,3.0
20210817,BRENT,69.4,-0.9561866704723698,-0.009607874869683553,1.0
20210818,BRENT,68.61,-1.1383285302593804,-0.0114485708099595,1.0
20210819,BRENT,66.8,-2.6380994024194804,-0.026735216160199502,1.0
20210820,BRENT,65.51,-1.931137724550891,-0.019500277798814986,1.0
20210823,BRENT,69.07,5.43428484200883,0.052917680357096326,3.0
20210824,BRENT,71.21,3.098306066309542,0.03051277489315186,1.0
20210825,BRENT,72.12,1.2779104058418866,0.012698140341083235,1.0
20210826,BRENT,70.42,-2.3571824736550284,-0.02385408460821016,1.0
20210827,BRENT,72.26,2.612894064186322,0.02579341199258782,1.0
20210831,BRENT,73.45,1.6468308884583394,0.016334176900392093,4.0
20210901,BRENT,71.99,-1.9877467665078363,-0.020077682138674852,1.0
20210902,BRENT,73.56,2.1808584525628616,0.021574179254908857,1.0
20210903,BRENT,73.07,-0.666122892876575,-0.006683513932994009,1.0
20210906,BRENT,72.43,-0.8758724510742888,-0.008797307595891528,3.0
20210907,BRENT,71.52,-1.2563854756316606,-0.012643447341976147,1.0
20210908,BRENT,72.36,1.1744966442952975,0.011676529661835638,1.0
20210909,BRENT,71.32,-1.4372581536760687,-0.014476867532154773,1.0
20210910,BRENT,72.44,1.5703869882220944,0.015581840020272943,1.0
20210913,BRENT,72.97,0.731639977912768,0.007289764762316231,3.0
20210914,BRENT,73.05,0.1096340962039255,0.0010957404191798117,1.0
20210915,BRENT,74.84,2.4503764544832496,0.024208363209180562,1.0
20210916,BRENT,75.14,0.4008551576696995,0.004000538739934012,1.0
20210917,BRENT,74.64,-0.6654245408570625,-0.006676483606734409,1.0
20210920,BRENT,73.59,-1.4067524115755625,-0.014167409600580758,3.0
20210921,BRENT,73.65,0.08153281695881809,0.0008149959701315723,1.0
20210922,BRENT,75.5,2.511880515953835,0.024808513346339735,1.0
20210923,BRENT,76.44,1.2450331125827718,0.012373463117093173,1.0
20210924,BRENT,77.42,1.2820512820512775,0.012739025777429712,1.0
20210927,BRENT,78.85,1.8470679411004776,0.018302168259545212,3.0
20210928,BRENT,78.3,-0.6975269499048808,-0.006999710412289954,1.0
20210929,BRENT,77.86,-0.5619412515964206,-0.005635260814447713,1.0
20210930,BRENT,77.81,-0.06421782686873989,-0.0006423845534709173,1.0
20211001,BRENT,79.4,2.0434391466392476,0.020228410624251257,1.0
20211004,BRENT,81.44,2.5692695214105665,0.025368184549122447,3.0
20211005,BRENT,82.72,1.5717092337917515,0.015594857957906418,1.0
20211006,BRENT,81.39,-1.6078336557059925,-0.016208995421168895,1.0
20211007,BRENT,82.34,1.1672195601425184,0.011604601002808508,1.0
20211008,BRENT,82.17,-0.20646101530240601,-0.0020667443986621594,1.0
20211011,BRENT,83.75,1.922842886698306,0.01904589876207931,3.0
20211012,BRENT,83.53,-0.26268656716418315,-0.0026303219373609455,1.0
20211013,BRENT,83.53,0.0,0.0,1.0
20211014,BRENT,83.86,0.3950676403687181,0.003942892974801568,1.0
20211015,BRENT,84.67,0.9658955401860236,0.009612605911569237,1.0
20211018,BRENT,84.13,-0.6377701665288837,-0.006398126091463694,3.0
20211019,BRENT,85.02,1.0578866040651391,0.010523301367921872,1.0
20211020,BRENT,85.76,0.8703834391907916,0.008666174391847917,1.0
20211021,BRENT,84.58,-1.3759328358209033,-0.013854865278149414,1.0
20211022,BRENT,85.43,1.0049657129345135,0.009999495119184893,1.0
20211025,BRENT,84.85,-0.6789184127355852,-0.006812335483292082,3.0
20211026,BRENT,85.11,0.306423099587505,0.0030595458086343265,1.0
20211027,BRENT,84.12,-1.16320056397603,-0.01170018665437063,1.0
20211028,BRENT,83.4,-0.8559201141226769,-0.008596041469797908,1.0
20211029,BRENT,83.1,-0.3597122302158362,-0.0036036075032986558,1.0
20211101,BRENT,84.51,1.6967509025271,0.01682516869498865,3.0
20211102,BRENT,84.42,-0.10649627263046302,-0.0010655302020382848,1.0
20211103,BRENT,81.1,-3.9327173655531955,-0.040121379232985546,1.0
20211104,BRENT,80.15,-1.1713933415536282,-0.011783082065805183,1.0
20211105,BRENT,82.43,2.8446662507797926,0.028049569269574234,1.0
20211108,BRENT,83.22,0.9583889360669451,0.009538255229658866,3.0
20211109,BRENT,84.52,1.5621244893054609,0.015500489193060782,1.0
20211110,BRENT,82.91,-1.904874585896832,-0.01923251061972864,1.0
20211111,BRENT,83.4,0.5910022916415514,0.005892627236573861,1.0
20211112,BRENT,82.9,-0.5995203836930418,-0.006013247223451746,1.0
20211115,BRENT,81.94,-1.1580217129071313,-0.011647790022524418,3.0
20211116,BRENT,82.85,1.1105687088113214,0.011044471753846862,1.0
20211117,BRENT,80.67,-2.631261315630651,-0.026664984923688854,1.0
20211118,BRENT,82.45,2.2065203917193577,0.021825290056724986,1.0
20211119,BRENT,80.24,-2.6804123711340333,-0.02716990535192795,1.0
20211122,BRENT,80.97,0.9097706879362066,0.009056572044343037,3.0
20211123,BRENT,83.43,3.038162282326806,0.02992924121596037,1.0
20211124,BRENT,82.37,-1.270526189620047,-0.012786663960825858,1.0
20211125,BRENT,82.05,-0.3884909554449534,-0.003892475417057568,1.0
20211126,BRENT,72.37,-11.797684338817781,-0.12553696865806344,1.0
20211129,BRENT,73.34,1.3403343927041567,0.013314313765143606,3.0
20211130,BRENT,70.86,-3.381510771748031,-0.0344000632058541,1.0
20211201,BRENT,69.53,-1.8769404459497596,-0.018947785326399475,1.0
20211202,BRENT,70.56,1.4813749460664383,0.014705097587609328,1.0
20211203,BRENT,70.71,0.21258503401360151,0.0021235939176135355,1.0
20211206,BRENT,73.38,3.7759864234196083,0.03706441331098662,3.0
20211207,BRENT,75.54,2.9435813573180925,0.029010898357175026,1.0
20211208,BRENT,75.94,0.5295207836907512,0.00528123751934538,1.0
20211209,BRENT,74.1,-2.4229654990782223,-0.02452802250161509,1.0
20211210,BRENT,74.98,1.187584345479098,0.011805879005724917,1.0
20211213,BRENT,74.12,-1.1469725260069397,-0.01153600989060698,3.0
20211214,BRENT,73.37,-1.01187263896384,-0.010170268691256113,1.0
20211215,BRENT,73.71,0.4634046613056997,0.004623342475294434,1.0
20211216,BRENT,74.64,1.2617012617012646,0.012538081337890975,1.0
20211217,BRENT,72.97,-2.2374062165058994,-0.022628158761559693,1.0
20211220,BRENT,70.51,-3.371248458270515,-0.03429385404657945,3.0
20211221,BRENT,72.85,3.3186782016735084,0.0326479889102645,1.0
20211222,BRENT,74.69,2.5257378174330825,0.02494368172776147,1.0
20211223,BRENT,76.26,2.1020216896505683,0.020802340060442504,1.0
20211224,BRENT,75.24,-1.3375295043273172,-0.013465549996588206,1.0
20211229,BRENT,78.63,4.505582137161079,0.04407030157059498,5.0
20211230,BRENT,78.61,-0.025435584382549337,-0.00025438819775952857,1.0
20211231,BRENT,77.24,-1.7427808166899927,-0.01758146024535147,1.0
20220103,BRENT,78.25,1.3076126359399254,0.012991371859948884,3.0
20220104,BRENT,79.39,1.4568690095846604,0.014463586316759385,1.0
20220105,BRENT,80.6,1.5241214258722602,0.015126233775560426,1.0
20220106,BRENT,81.99,1.724565756823826,0.017098639095503774,1.0
20220107,BRENT,82.28,0.3537016709354912,0.0035307761766701956,1.0
20220110,BRENT,81.56,-0.8750607681088929,-0.008789119078501956,3.0
20220111,BRENT,84.98,4.193231976459044,0.04107698898041104,1.0
20220112,BRENT,85.83,1.000235349493983,0.00995266104346292,1.0
20220113,BRENT,85.8,-0.03495281370150538,-0.00034958923621201016,1.0
20220114,BRENT,87.17,1.5967365967366032,0.015841228529568138,1.0
20220117,BRENT,87.82,0.7456693816680016,0.007429030110086682,3.0
20220118,BRENT,88.83,1.1500797084946557,0.011435165648038287,1.0
20220119,BRENT,89.64,0.911854103343468,0.00907721815111668,1.0
20220120,BRENT,89.75,0.12271307452029756,0.001226378435661947,1.0
20220121,BRENT,89.75,0.0,0.0,1.0
20220124,BRENT,87.74,-2.239554317548753,-0.022650131630320404,3.0
20220125,BRENT,89.49,1.9945292910872991,0.01974899145669888,1.0
20220126,BRENT,91.22,1.9331768912727698,0.01914728408878755,1.0
20220127,BRENT,90.7,-0.570050427537816,-0.005716814162463408,1.0
20220128,BRENT,91.47,0.8489525909592066,0.00845369254718219,1.0
20220131,BRENT,92.35,0.962064064720658,0.00957465697697571,3.0
20220201,BRENT,90.24,-2.284786139685979,-0.023112918895500222,1.0
20220202,BRENT,91.43,1.3187056737588687,0.013100864426586463,1.0
20220203,BRENT,92.99,1.7062233402602933,0.016918308313770575,1.0
20220204,BRENT,96.86,4.1617378212711165,0.040774676484977276,1.0
20220207,BRENT,97.28,0.4336155275655562,0.004326781242773778,3.0
20220208,BRENT,96.07,-1.2438322368421129,-0.012516325796209812,1.0
20220209,BRENT,94.95,-1.1658165920682695,-0.011726655163352116,1.0
20220210,BRENT,96.37,1.4955239599789394,0.0148445126049012,1.0
20220211,BRENT,97.5,1.1725640759572498,0.011657428140605455,1.0
20220214,BRENT,101.66,4.266666666666663,0.04178153401495492,3.0
20220215,BRENT,98.43,-3.177257525083599,-0.03228827637763636,1.0
20220216,BRENT,97.44,-1.0057909174032376,-0.010108831679533132,1.0
20220217,BRENT,95.28,-2.216748768472898,-0.022416878914542145,1.0
20220218,BRENT,96.18,0.9445843828715494,0.009401510802472049,1.0
20220221,BRENT,98.95,2.8800166354751466,0.02839323619905811,3.0
20220222,BRENT,98.73,-0.2223345123799847,-0.002225820425216421,1.0
20220223,BRENT,99.29,0.5672034842499674,0.005656009422144404,1.0
20220224,BRENT,101.29,2.0143015409406884,0.019942828653203154,1.0
20220225,BRENT,98.56,-2.6952315134761595,-0.02732218991349617,1.0
20220228,BRENT,103.08,4.586038961038952,0.044839885998954575,3.0
20220301,BRENT,110.93,7.615444315095088,0.07339398596640409,1.0
20220302,BRENT,118.94,7.220769854863418,0.06971979252787928,1.0
20220303,BRENT,115.36,-3.0099209685555683,-0.03056149074180861,1.0
20220304,BRENT,123.86,7.368238557558948,0.07109422197327595,1.0
20220307,BRENT,129.02,4.165993864040063,0.04081553559418091,3.0
20220308,BRENT,133.18,3.2243063090993562,0.031734165578380616,1.0
20220309,BRENT,116.58,-12.4643339840817,-0.13312386406507265,1.0
20220310,BRENT,114.54,-1.749871332990216,-0.017653625651692418,1.0
20220311,BRENT,118.11,3.1168150864326893,0.030692286658044615,1.0
20220314,BRENT,110.39,-6.536279739226147,-0.06759684359349555,3.0
20220315,BRENT,105.14,-4.755865567533291,-0.04872675463895833,1.0
20220316,BRENT,104.61,-0.5040897850485115,-0.005053646035632557,1.0
20220317,BRENT,113.5,8.498231526622702,0.08156368756578795,1.0
20220318,BRENT,114.32,0.7224669603524081,0.007198696700154454,1.0
20220321,BRENT,122.29,6.971658502449274,0.06739373957966661,3.0
20220322,BRENT,121.53,-0.6214735464878607,-0.006234127318569661,1.0
20220323,BRENT,127.52,4.928824158643952,0.04811206915919598,1.0
20220324,BRENT,123.98,-2.776035131744037,-0.028152952768131536,1.0
20220325,BRENT,122.67,-1.056622035812227,-0.010622439229112702,1.0
20220328,BRENT,114.5,-6.660145104752591,-0.06892300005036632,3.0
20220329,BRENT,112.79,-1.493449781659384,-0.015047140342468842,1.0
20220330,BRENT,115.59,2.482489582409775,0.024521764654350332,1.0
20220331,BRENT,107.29,-7.180551950860803,-0.07451399865752108,1.0
20220401,BRENT,106.13,-1.0811818436014642,-0.010870690874923832,1.0
20220404,BRENT,108.15,1.903326109488379,0.018854394625336807,3.0
20220405,BRENT,106.6,-1.433194637078139,-0.014435640667323677,1.0
20220406,BRENT,100.81,-5.4315196998123705,-0.05584595466589387,1.0
20220407,BRENT,99.83,-0.9721257811725059,-0.009768817717516365,1.0
20220408,BRENT,101.26,1.4324351397375645,0.014222727193429386,1.0
20220411,BRENT,97.92,-3.298439660280472,-0.03354064777774723,3.0
20220412,BRENT,104.42,6.638071895424846,0.06427040921839045,1.0
20220413,BRENT,108.49,3.897720743152644,0.03823677485195292,1.0
20220414,BRENT,110.83,2.156880818508622,0.021339492953202407,1.0
20220419,BRENT,105.49,-4.81819002075251,-0.049381334093844355,5.0
20220420,BRENT,105.05,-0.4171011470281538,-0.004179734402707968,1.0
20220421,BRENT,107.2,2.046644455021429,0.020259821345692295,1.0
20220422,BRENT,105.15,-1.9123134328358216,-0.01930834648799283,1.0
20220425,BRENT,99.27,-5.592011412268194,-0.057544491547078365,3.0
20220426,BRENT,102.89,3.6466203283973098,0.03581704578608847,1.0
20220427,BRENT,103.3,0.3984838176693595,0.003976919737874036,1.0
20220428,BRENT,105.78,2.400774443368836,0.02372408951224107,1.0
20220429,BRENT,108.36,2.4390243902439046,0.024097551579060524,1.0
20220503,BRENT,104.94,-3.1561461794019974,-0.0320702589583287,4.0
20220504,BRENT,110.53,5.326853440060986,0.05189821906429831,1.0
20220505,BRENT,112.11,1.4294761603184547,0.014193554842638083,1.0
20220506,BRENT,113.86,1.5609669075015598,0.015489091357433593,1.0
20220509,BRENT,106.67,-6.314772527665557,-0.0652296668855444,3.0
20220510,BRENT,102.61,-3.8061310584044272,-0.03880456276327371,1.0
20220511,BRENT,107.7,4.960530162752175,0.04841419028822516,1.0
20220512,BRENT,108.06,0.3342618384401197,0.0033370442535769133,1.0
20220513,BRENT,112.12,3.7571719415139704,0.036883097880667785,1.0
20220516,BRENT,114.86,2.443810203353536,0.024144269139562795,3.0
20220517,BRENT,112.89,-1.7151314643914284,-0.017300102162694835,1.0
20220518,BRENT,110.04,-2.524581450969965,-0.02556995721708173,1.0
20220519,BRENT,113.22,2.8898582333696687,0.028488892552139912,1.0
20220520,BRENT,113.63,0.3621268327150595,0.0036147273214037893,1.0
20220523,BRENT,115.13,1.320073924139753,0.01311436875565536,3.0
20220524,BRENT,115.77,0.5558933379657738,0.005543539532063966,1.0
20220525,BRENT,116.41,0.5528202470415522,0.005512978042512577,1.0
20220526,BRENT,119.81,2.9207112790997414,0.028788712391658148,1.0
20220527,BRENT,121.19,1.1518237208913984,0.011452407328588213,1.0
20220530,BRENT,123.01,1.5017740737684582,0.014906090900297571,3.0
20220531,BRENT,125.53,2.0486139338265152,0.02027912094942336,1.0
20220601,BRENT,122.2,-2.6527523301202893,-0.026885727092622082,1.0
20220603,BRENT,125.68,2.847790507364989,0.0280799472098709,2.0
20220606,BRENT,124.99,-0.5490133672819919,-0.00550525984523533,3.0
20220607,BRENT,126.89,1.5201216097287862,0.01508683530669283,1.0
20220608,BRENT,129.2,1.82047442666875,0.018041021939678097,1.0
20220609,BRENT,128.47,-0.565015479876152,-0.005666177304983087,1.0
20220610,BRENT,127.44,-0.8017435977271004,-0.008049748441725258,1.0
20220613,BRENT,128.44,0.7846829880728157,0.00781620361952007,3.0
20220614,BRENT,127.02,-1.105574587355962,-0.011117314846484374,1.0
20220615,BRENT,124.96,-1.6217918438041323,-0.016350868283453026,1.0
20220616,BRENT,125.78,0.6562099871959104,0.006540663023981544,1.0
20220617,BRENT,119.22,-5.215455557322313,-0.05356382332357686,1.0
20220620,BRENT,118.25,-0.8136218755242397,-0.00816949841973812,3.0
20220621,BRENT,118.51,0.2198731501057205,0.002196317828315026,1.0
20220622,BRENT,115.54,-2.5061176272044516,-0.025380554847237738,1.0
20220623,BRENT,114.5,-0.9001211701575307,-0.009041967358825233,1.0
20220624,BRENT,117.36,2.4978165938864594,0.024671310840431903,1.0
20220627,BRENT,119.69,1.9853442399454746,0.01965893305055289,3.0
20220628,BRENT,122.21,2.1054390508814302,0.020835809564629944,1.0
20220629,BRENT,120.8,-1.153751738810238,-0.011604590949194532,1.0
20220630,BRENT,119.78,-0.8443708609271461,-0.008479558664398167,1.0
20220701,BRENT,119.21,-0.47587243279345603,-0.0047700831064061405,1.0
20220704,BRENT,121.8,2.172636523781568,0.02149371154588649,3.0
20220705,BRENT,110.49,-9.285714285714286,-0.09745533615071303,1.0
20220706,BRENT,108.54,-1.7648655986967077,-0.017806250489824788,1.0
20220707,BRENT,113.4,4.477611940298498,0.04380262265839284,1.0
20220708,BRENT,113.95,0.4850088183421475,0.004838364398041526,1.0
20220711,BRENT,114.85,0.7898200965335667,0.007867173443413986,3.0
20220712,BRENT,106.98,-6.852416195036993,-0.07098502803200309,1.0
20220713,BRENT,107.17,0.17760329033464917,0.001774457621801722,1.0
20220714,BRENT,107.74,0.5318652608006014,0.005304558527482047,1.0
20220715,BRENT,112.26,4.195284945238553,0.04109669226166571,1.0
20220718,BRENT,117.27,4.462854088722601,0.043661358958919816,3.0
20220719,BRENT,114.96,-1.9698132514709643,-0.019894726702203644,1.0
20220720,BRENT,115.86,0.7828810020876986,0.007798323897708746,1.0
20220721,BRENT,112.81,-2.6324874848955626,-0.026677578051649112,1.0
20220722,BRENT,106.77,-5.354135271695782,-0.055027999426618054,1.0
20220725,BRENT,108.23,1.3674253067341047,0.013581604116844075,3.0
20220726,BRENT,107.32,-0.840801995749807,-0.008443566749631802,1.0
20220727,BRENT,109.64,2.1617592247484163,0.021387245877161655,1.0
20220728,BRENT,109.68,0.036483035388545915,0.0003647638194739244,1.0
20220729,BRENT,111.51,1.6684901531728746,0.01654723772321159,1.0
20220801,BRENT,106.09,-4.860550623262494,-0.049826482506090355,3.0
20220802,BRENT,106.51,0.39589028183617536,0.003951086983894155,1.0
20220803,BRENT,101.82,-4.403342409163469,-0.0450323289808845,1.0
20220804,BRENT,97.99,-3.761539972500494,-0.03834111582646287,1.0
20220805,BRENT,100.31,2.3675885294417887,0.02339995824766677,1.0
20220808,BRENT,103.46,3.1402651779483426,0.030919673679975064,3.0
20220809,BRENT,103.81,0.3382949932341006,0.0033772406297850163,1.0
20220810,BRENT,105.06,1.2041229168673562,0.011969310320661475,1.0
20220811,BRENT,107.19,2.027412906910331,0.020071345177612575,1.0
20220812,BRENT,103.7,-3.255900737009043,-0.03310084546794641,1.0
20220815,BRENT,98.25,-5.255544840887172,-0.053986864486111,3.0
20220816,BRENT,95.36,-2.9414758269720065,-0.02985604743233095,1.0
20220817,BRENT,97.22,1.9505033557047025,0.019317248300269846,1.0
20220818,BRENT,96.35,-0.894877597202226,-0.008989056756934078,1.0
20220819,BRENT,96.45,0.10378827192527584,0.001037344491362722,1.0
20220822,BRENT,95.06,-1.4411612234318305,-0.014516468165874718,3.0
20220823,BRENT,99.49,4.660214601304435,0.045548865415404934,1.0
20220824,BRENT,99.87,0.38194793446577613,0.0038122036537749262,1.0
20220825,BRENT,98.81,-1.0613797937318536,-0.010670526048171858,1.0
20220826,BRENT,101.13,2.347940491853051,0.023208003707207617,1.0
20220830,BRENT,99.34,-1.7699990111737285,-0.017858508234874518,4.0
20220831,BRENT,96.55,-2.808536339842971,-0.028487300804681075,1.0
20220901,BRENT,92.24,-4.464008285862253,-0.04566713291371992,1.0
20220902,BRENT,93.09,0.921509106678231,0.00917289116759494,1.0
20220905,BRENT,94.22,1.2138790417875134,0.012065706143496486,3.0
20220906,BRENT,91.43,-2.961154744215655,-0.030058821095559747,1.0
20220907,BRENT,86.83,-5.031171387947076,-0.05162146810378153,1.0
20220908,BRENT,87.99,1.3359437982264133,0.013270987584915508,1.0
20220909,BRENT,91.68,4.193658370269371,0.041081081308960286,1.0
20220912,BRENT,93.45,1.9306282722513002,0.019122280935142323,3.0
20220913,BRENT,92.04,-1.508828250401284,-0.015203268734406711,1.0
20220914,BRENT,92.83,0.8583224684919566,0.008546598244676025,1.0
20220915,BRENT,89.28,-3.824194764623501,-0.038992364778840334,1.0
20220916,BRENT,89.43,0.16801075268817467,0.0016786977250889859,1.0
20220920,BRENT,89.62,0.2124566700212327,0.0021223129999070707,4.0
20220921,BRENT,89.86,0.26779736665922815,0.002674394284016926,1.0
20220922,BRENT,90.4,0.6009347874471382,0.005991363756116905,1.0
20220923,BRENT,84.29,-6.758849557522117,-0.06998103338873995,1.0
20220926,BRENT,82.55,-2.0643018151619508,-0.020859063643253878,3.0
20220927,BRENT,85.97,4.142943670502719,0.04059422782021563,1.0
20220928,BRENT,89.55,4.164243340700247,0.0407987303203681,1.0
20220929,BRENT,89.41,-0.15633724176438157,-0.0015645957594941282,1.0
20220930,BRENT,88.9,-0.5704059948551499,-0.005720390227367686,1.0
20221003,BRENT,90.68,2.002249718785154,0.01982468311946937,3.0
20221004,BRENT,93.74,3.3745037494485874,0.0331881668552316,1.0
20221005,BRENT,94.35,0.6507360785150462,0.0064862793199992035,1.0
20221006,BRENT,95.65,1.377848436671969,0.013684424071702688,1.0
20221007,BRENT,98.88,3.3768949294302075,0.03321129782311869,1.0
20221010,BRENT,97.13,-1.7698220064724879,-0.01785670629514141,3.0
20221011,BRENT,95.17,-2.017914135694421,-0.020385521329987062,1.0
20221012,BRENT,93.44,-1.8177997268046697,-0.01834524700433515,1.0
20221013,BRENT,95.16,1.8407534246575263,0.018240166354839923,1.0
20221014,BRENT,92.22,-3.089533417402268,-0.03138265865619742,1.0
20221017,BRENT,91.04,-1.279548904792882,-0.012878056400538658,3.0
20221018,BRENT,89.46,-1.7355008787346304,-0.017507372373318824,1.0
20221019,BRENT,91.34,2.1014978761457748,0.020797209752150967,1.0
20221020,BRENT,91.52,0.19706590759798193,0.001968719874634826,1.0
20221021,BRENT,91.82,0.3277972027972087,0.003272611189588279,1.0
20221024,BRENT,91.57,-0.2722718362012655,-0.0027264317014352372,3.0
20221025,BRENT,91.76,0.20749153652943608,0.0020727657014745276,1.0
20221026,BRENT,92.93,1.2750653879686213,0.01267004874813277,1.0
20221027,BRENT,94.17,1.3343376735176937,0.013255137952723853,1.0
20221028,BRENT,94.64,0.49909737708400126,0.004978560148159504,1.0
20221031,BRENT,93.3,-1.4158918005071852,-0.014260111816833197,3.0
20221101,BRENT,95.12,1.950696677384789,0.019319144529228335,1.0
20221102,BRENT,96.07,0.9987384356602069,0.009937840039120635,1.0
20221103,BRENT,95.29,-0.8119079837618282,-0.00815221906155016,1.0
20221104,BRENT,99.53,4.449574981635007,0.04353423289787531,1.0
20221107,BRENT,99.87,0.3416055460665257,0.003410233997071214,3.0
20221108,BRENT,96.85,-3.0239311104435895,-0.030705950402038516,1.0
20221109,BRENT,93.05,-3.923593185338148,-0.04002640676474508,1.0
20221110,BRENT,94.25,1.2896292315959235,0.012813843239860453,1.0
20221111,BRENT,96.37,2.2493368700265304,0.02224412353507596,1.0
20221114,BRENT,93.59,-2.8847151603196064,-0.029271409694030987,3.0
20221115,BRENT,94.3,0.7586280585532679,0.007557649470246732,1.0
20221116,BRENT,92.61,-1.79215270413573,-0.018084062457234117,1.0
20221117,BRENT,91.0,-1.7384731670445963,-0.01753762066532759,1.0
20221118,BRENT,88.93,-2.2747252747252644,-0.023009963105301245,1.0
20221121,BRENT,88.44,-0.5509951647363232,-0.005525187422303284,3.0
20221122,BRENT,88.65,0.23744911804615132,0.0023716765309715333,1.0
20221123,BRENT,85.9,-3.1020868584320405,-0.031512203530007256,1.0
20221124,BRENT,85.59,-0.36088474970896733,-0.0036153750966914015,1.0
20221125,BRENT,83.4,-2.5587101296880466,-0.025920144528817236,1.0
20221128,BRENT,83.5,0.11990407673860837,0.0011983224921087163,3.0
20221129,BRENT,83.22,-0.3353293413173697,-0.0033589283020146205,1.0
20221130,BRENT,85.61,2.8719057918769497,0.02831439519959904,1.0
20221201,BRENT,86.28,0.7826188529377331,0.007795722766561261,1.0
20221202,BRENT,86.54,0.30134445989802305,0.003008913275783264,1.0
20221205,BRENT,83.36,-3.6746013404206246,-0.037438156791682047,3.0
20221206,BRENT,79.92,-4.126679462571969,-0.04214244366475863,1.0
20221207,BRENT,77.11,-3.5160160160160214,-0.03579316049542887,1.0
20221208,BRENT,76.02,-1.413565036960196,-0.014236510283766676,1.0
20221209,BRENT,76.37,0.4604051565377576,0.004593485339190115,1.0
20221212,BRENT,78.0,2.1343459473615267,0.021118877789298954,3.0
20221213,BRENT,80.14,2.743589743589747,0.027066278518406796,1.0
20221214,BRENT,83.33,3.980534065385566,0.039033523186116824,1.0
20221215,BRENT,82.34,-1.1880475219008702,-0.01195161205235672,1.0
20221216,BRENT,80.2,-2.5989798396890973,-0.026333501469289852,1.0
20221219,BRENT,81.66,1.8204488778054806,0.018040771018960837,3.0
20221220,BRENT,79.45,-2.7063433749693777,-0.02743639290870464,1.0
20221221,BRENT,80.25,1.0069225928256653,0.010018869027400148,1.0
20221222,BRENT,79.58,-0.8348909657320935,-0.00838395701134273,1.0
20221223,BRENT,82.45,3.6064337773309862,0.03542924400682532,1.0
20221228,BRENT,81.7,-0.90964220739842,-0.009138047139650676,5.0
20221229,BRENT,80.96,-0.9057527539779842,-0.009098796326801948,1.0
20221230,BRENT,82.82,2.2974308300395263,0.02271437257826579,1.0
20230103,BRENT,80.36,-2.970297029702962,-0.030153038170687443,4.0
20230104,BRENT,75.31,-6.284221005475354,-0.06490361183347325,1.0
20230105,BRENT,76.73,1.8855397689549802,0.01867983807631346,1.0
20230106,BRENT,76.41,-0.4170467874364703,-0.004179188530098584,1.0
20230109,BRENT,77.5,1.4265148540766992,0.014164358699826057,3.0
20230110,BRENT,78.4,1.1612903225806548,0.011545990997060948,1.0
20230111,BRENT,81.11,3.45663265306122,0.03398233072589115,1.0
20230112,BRENT,82.59,1.8246825298976699,0.018082349740372285,1.0
20230113,BRENT,83.43,1.0170722847802516,0.010119349091357649,1.0
20230116,BRENT,82.65,-0.9349154980222929,-0.009393132646949971,3.0
20230117,BRENT,84.38,2.093163944343601,0.020715582429159267,1.0
20230118,BRENT,83.78,-0.711068973690443,-0.00713609117730375,1.0
20230119,BRENT,85.08,1.551682979231317,0.015397674813147596,1.0
20230120,BRENT,86.96,2.2096850023507253,0.021856252480917528,1.0
20230123,BRENT,87.54,0.6669733210671769,0.00664758894979547,3.0
20230124,BRENT,85.25,-2.6159469956591352,-0.02650771559912319,1.0
20230125,BRENT,85.08,-0.19941348973607775,-0.0019961258315898036,1.0
20230126,BRENT,86.29,1.4221908791725468,0.014121726188179732,1.0
20230127,BRENT,85.36,-1.0777610383590264,-0.01083610952671826,1.0
20230130,BRENT,84.9,-0.5388940955951216,-0.005403513676196244,3.0
20230131,BRENT,83.42,-1.7432273262661946,-0.017586004548502437,1.0
20230201,BRENT,81.61,-2.169743466794538,-0.021936285287647732,1.0
20230202,BRENT,80.57,-1.2743536331332073,-0.012825431692047048,1.0
20230203,BRENT,78.85,-2.1347896239295006,-0.021579058380057175,1.0
20230206,BRENT,80.48,2.0672162333544852,0.02046139294238183,3.0
20230207,BRENT,82.92,3.031809145129216,0.029867581216149682,1.0
20230208,BRENT,84.17,1.5074770863482856,0.014962275655905872,1.0
20230209,BRENT,83.46,-0.8435309492693444,-0.008471088060078274,1.0
20230210,BRENT,85.46,2.396357536544458,0.0236809550524724,1.0
20230213,BRENT,85.98,0.6084717996723832,0.006066280852256809,3.0
20230214,BRENT,84.96,-1.1863224005582818,-0.011934153574506905,1.0
20230215,BRENT,84.11,-1.0004708097928416,-0.010055091519282749,1.0
20230216,BRENT,83.84,-0.32100820354297177,-0.003215245401613823,1.0
20230217,BRENT,81.97,-2.230438931297718,-0.022556893907792835,1.0
20230220,BRENT,82.79,1.0003659875564397,0.009953954485775388,3.0
20230221,BRENT,82.14,-0.7851189757217103,-0.00788217262230203,1.0
20230222,BRENT,79.55,-3.1531531531531543,-0.03203935374461666,1.0
20230223,BRENT,82.08,3.1803896920175934,0.031308626638663475,1.0
20230224,BRENT,82.31,0.280214424951275,0.0027982255620932856,1.0
20230227,BRENT,81.24,-1.2999635524237774,-0.013084870272368812,3.0
20230228,BRENT,83.21,2.424913835548992,0.0239597962001546,1.0
20230301,BRENT,83.68,0.5648359572167028,0.005632467404274467,1.0
20230302,BRENT,84.15,0.5616634799235243,0.005600920320202304,1.0
20230303,BRENT,85.74,1.8894830659536455,0.01871854053301594,1.0
20230306,BRENT,85.86,0.13995801259623075,0.001398601626583598,3.0
20230307,BRENT,83.03,-3.296063358956436,-0.03351607452247525,1.0
20230308,BRENT,82.1,-1.1200770805732896,-0.011263971815556734,1.0
20230309,BRENT,81.0,-1.3398294762484664,-0.01348886178594366,1.0
20230310,BRENT,82.3,1.6049382716049276,0.015921953010585257,1.0
20230313,BRENT,79.67,-3.1956257594167647,-0.032478004290749415,3.0
20230314,BRENT,76.77,-3.6400150621312966,-0.0370791645524676,1.0
20230315,BRENT,74.3,-3.2174026312361548,-0.032702987116093596,1.0
20230316,BRENT,73.12,-1.5881561238223374,-0.016009024577818866,1.0
20230317,BRENT,71.03,-2.858315098468278,-0.02899960413617604,1.0
20230320,BRENT,72.42,1.9569196114317844,0.01938018132777649,3.0
20230321,BRENT,74.78,3.258768296050807,0.03206796521147245,1.0
20230322,BRENT,76.08,1.7384327360256746,0.0172349486881672,1.0
20230323,BRENT,74.31,-2.3264984227129304,-0.02353988606775695,1.0
20230324,BRENT,73.63,-0.9150854528327423,-0.009192980788752556,1.0
20230327,BRENT,76.8,4.305310335461088,0.042152088773000994,3.0
20230328,BRENT,78.07,1.6536458333333393,0.016401219978573148,1.0
20230329,BRENT,77.51,-0.7173049827078115,-0.007198899838779376,1.0
20230330,BRENT,78.45,1.2127467423558302,0.012054518885621602,1.0
20230331,BRENT,79.19,0.9432759719566475,0.00938854904327939,1.0
20230403,BRENT,85.81,8.359641368859716,0.08028552159670856,3.0
20230404,BRENT,85.7,-0.12819018762382228,-0.0012827242152954864,1.0
20230405,BRENT,85.89,0.2217036172695419,0.0022145821743992386,1.0
20230406,BRENT,86.56,0.7800675282337854,0.007770407320037998,1.0
20230411,BRENT,87.32,0.8780036968576654,0.0087417165835717,5.0
20230412,BRENT,88.31,1.1337608795235932,0.011273819798967723,1.0
20230413,BRENT,86.51,-2.038274261125572,-0.020593337288427837,1.0
20230414,BRENT,87.31,0.9247485839787295,0.00920498963043334,1.0
20230417,BRENT,85.63,-1.9241782155537845,-0.019429314784615712,3.0
20230418,BRENT,85.48,-0.17517225271516113,-0.0017532585871537188,1.0
20230419,BRENT,85.34,-0.1637810014038399,-0.0016391526910929902,1.0
20230420,BRENT,83.29,-2.4021560815561283,-0.024314783812604785,1.0
20230421,BRENT,83.36,0.0840437027254115,0.0008400840578076088,1.0
20230424,BRENT,84.23,1.0436660268714038,0.01038257432221557,3.0
20230425,BRENT,82.13,-2.493173453638853,-0.025247794575171473,1.0
20230426,BRENT,79.19,-3.579690734201868,-0.03645332952977974,1.0
20230427,BRENT,80.11,1.1617628488445497,0.011550662004704308,1.0
20230428,BRENT,81.32,1.510423168143804,0.014991298533120465,1.0
20230502,BRENT,76.71,-5.668962124938515,-0.05835991078894094,4.0
20230503,BRENT,72.91,-4.9537218094120705,-0.050806274152865996,1.0
20230504,BRENT,73.0,0.12343985735838725,0.001233637330052194,1.0
20230505,BRENT,75.85,3.9041095890410826,0.03829826464615,1.0
20230509,BRENT,77.76,2.518127883981558,0.024869454357642533,4.0
20230510,BRENT,76.7,-1.3631687242798396,-0.013725451778973176,1.0
20230511,BRENT,75.32,-1.7992177314211322,-0.01815600458425895,1.0
20230512,BRENT,74.54,-1.0355815188528794,-0.010409809737839157,1.0
20230515,BRENT,75.46,1.2342366514622949,0.012266820485051974,3.0
20230516,BRENT,75.15,-0.41081367611978115,-0.0041165983371807295,1.0
20230517,BRENT,76.98,2.43512974051896,0.02405953165661654,1.0
20230518,BRENT,75.75,-1.597817614964936,-0.01610720346612164,1.0
20230519,BRENT,75.42,-0.43564356435643603,-0.004365952559267472,1.0
20230522,BRENT,75.77,0.4640678865022396,0.004629944113070817,3.0
20230523,BRENT,76.66,1.1746073643922328,0.011677624009126947,1.0
20230524,BRENT,77.99,1.7349334724758636,0.017200553389997607,1.0
20230525,BRENT,75.66,-2.9875625080138413,-0.030330994137523416,1.0
20230526,BRENT,76.33,0.8855405762622226,0.008816426605495784,1.0
20230530,BRENT,73.38,-3.8647975894143927,-0.0394146268832431,4.0
20230531,BRENT,71.98,-1.9078768056691064,-0.019263116276251213,1.0
20230601,BRENT,74.18,3.056404556821346,0.03010626941056017,1.0
20230602,BRENT,76.0,2.4534915071447783,0.024238768224886287,1.0
20230605,BRENT,76.61,0.802631578947377,0.00799427624239856,3.0
20230606,BRENT,76.22,-0.5090719227254903,-0.005103721083015372,1.0
20230607,BRENT,76.85,0.8265547100498427,0.008231574538890583,1.0
20230608,BRENT,75.88,-1.2621990891346746,-0.012702324917791379,1.0
20230609,BRENT,74.74,-1.5023721665788137,-0.01513772100947567,1.0
20230612,BRENT,71.8,-3.933636606903934,-0.04013094800315934,3.0
20230613,BRENT,74.24,3.398328690807806,0.033418612423766696,1.0
20230614,BRENT,73.39,-1.14493534482758,-0.01151540192097364,1.0
20230615,BRENT,75.75,3.2156969614388853,0.031650757832507065,1.0
20230616,BRENT,76.76,1.333333333333342,0.013245226750020723,1.0
20230619,BRENT,76.09,-0.8728504429390327,-0.0087668209510678,3.0
20230620,BRENT,75.79,-0.3942699434879682,-0.003950492364493568,1.0
20230621,BRENT,76.92,1.4909618683203618,0.014799562896641265,1.0
20230622,BRENT,73.93,-3.88715548621944,-0.03964722115157021,1.0
20230623,BRENT,73.56,-0.5004734208034711,-0.005017299832888426,1.0
20230626,BRENT,73.86,0.4078303425774754,0.004070009688296679,3.0
20230627,BRENT,71.88,-2.680747359870028,-0.027173347509058893,1.0
20230628,BRENT,73.64,2.4485253199777457,0.024190294449518864,1.0
20230629,BRENT,73.86,0.2987506789788208,0.0029830530595400854,1.0
20230630,BRENT,74.51,0.8800433252098561,0.00876193514121899,1.0
20230703,BRENT,74.52,0.01342101731309775,0.00013420116775142492,3.0
20230704,BRENT,76.23,2.2946859903381744,0.0226875402667948,1.0
20230705,BRENT,76.74,0.669027941755207,0.00666799881862384,1.0
20230706,BRENT,76.72,-0.026062027625739503,-0.00026065424362344436,1.0
20230707,BRENT,78.77,2.672054223149112,0.026369783140050153,1.0
20230710,BRENT,77.83,-1.1933477212136556,-0.012005252743936106,3.0
20230711,BRENT,79.54,2.197096235384821,0.021733078808247843,1.0
20230712,BRENT,80.35,1.0183555443801673,0.010132052403976839,1.0
20230713,BRENT,81.31,1.1947728686994452,0.011876918036224624,1.0
20230714,BRENT,79.9,-1.7341040462427681,-0.017493157447517116,1.0
20230717,BRENT,77.8,-2.628285356695881,-0.026634421587883178,3.0
20230718,BRENT,79.54,2.23650385604115,0.022118608595198833,1.0
20230719,BRENT,79.38,-0.2011566507417739,-0.002013592424625338,1.0
20230720,BRENT,79.62,0.3023431594860293,0.003018870217251951,1.0
20230721,BRENT,81.06,1.8085908063300682,0.017924303627991352,1.0
20230724,BRENT,82.53,1.81347150259068,0.017972242404430436,3.0
20230725,BRENT,83.46,1.1268629589240131,0.011205611558813534,1.0
20230726,BRENT,82.98,-0.5751258087706601,-0.005767860258684614,1.0
20230727,BRENT,84.28,1.566642564473364,0.015544974031266411,1.0
20230728,BRENT,84.49,0.2491694352159346,0.0024885952287650322,1.0
20230731,BRENT,85.22,0.8640075748609366,0.008602963907012599,3.0
20230801,BRENT,85.34,0.1408120159587023,0.0014071296880880046,1.0
20230802,BRENT,84.01,-1.5584719943754322,-0.015707438383098057,1.0
20230803,BRENT,86.19,2.594929175098204,0.025618322282552113,1.0
20230804,BRENT,87.38,1.3806706114398493,0.013712261863982014,1.0
20230807,BRENT,86.47,-1.041428244449527,-0.010468890550950925,3.0
20230808,BRENT,88.0,1.7693997918353244,0.01753928150586767,1.0
20230809,BRENT,89.31,1.4886363636363642,0.014776649217588242,1.0
20230810,BRENT,87.44,-2.0938304781099593,-0.02116061982751164,1.0
20230811,BRENT,87.93,0.560384263494984,0.005588199522627794,1.0
20230814,BRENT,87.4,-0.60275218924144,-0.006045760729420958,3.0
20230815,BRENT,86.28,-1.281464530892451,-0.012897461140534172,1.0
20230816,BRENT,84.49,-2.07464070468244,-0.0209646373562023,1.0
20230817,BRENT,85.24,0.8876790152680725,0.008837623065662886,1.0
20230818,BRENT,85.92,0.797747536367921,0.007945823530138351,1.0
20230821,BRENT,85.44,-0.5586592178770999,-0.005602255548669898,3.0
20230822,BRENT,84.7,-0.8661048689138529,-0.00869877355387595,1.0
20230823,BRENT,83.94,-0.8972845336481794,-0.009013343752563996,1.0
20230824,BRENT,84.07,0.1548725279961749,0.0015475272417605416,1.0
20230825,BRENT,85.42,1.605804686570722,0.01593048026611503,1.0
20230829,BRENT,86.37,1.1121517209084608,0.011060127878873841,4.0
20230830,BRENT,86.62,0.28945235614217246,0.002890342494286351,1.0
20230831,BRENT,87.29,0.7734934195335885,0.0077051729607777114,1.0
20230901,BRENT,89.98,3.0816817504868865,0.030351514665767878,1.0
20230904,BRENT,90.42,0.4889975550122161,0.004878058453432773,3.0
20230905,BRENT,91.25,0.9179385091793835,0.009137510596141776,1.0
20230906,BRENT,91.79,0.59178082191782,0.005900366768398839,1.0
20230907,BRENT,91.16,-0.686349275520215,-0.0068871548535161566,1.0
20230908,BRENT,91.85,0.7569109258446671,0.007540607283651133,1.0
20230911,BRENT,91.97,0.1306477953184615,0.0013056252534716507,3.0
20230912,BRENT,93.58,1.750570838316845,0.01735424852346402,1.0
20230913,BRENT,93.04,-0.5770463774310675,-0.005787177227661168,1.0
20230914,BRENT,95.2,2.3215821152192673,0.02295043358691071,1.0
20230915,BRENT,95.55,0.3676470588235281,0.0036697288889624017,1.0
20230918,BRENT,95.95,0.4186289900575568,0.004177551767426827,3.0
20230919,BRENT,96.11,0.16675351745700784,0.0016661463814840588,1.0
20230920,BRENT,94.56,-1.6127354073457445,-0.016258815177404864,1.0
20230921,BRENT,93.7,-0.9094754653130255,-0.009136364413411532,1.0
20230922,BRENT,93.99,0.3094983991462019,0.0030902043878334577,1.0
20230925,BRENT,94.01,0.021278859453133236,0.00021276595824945585,3.0
20230926,BRENT,94.46,0.47867248165087695,0.004775304877511431,1.0
20230927,BRENT,97.1,2.794833792081297,0.027564910829308103,1.0
20230928,BRENT,96.64,-0.4737384140061751,-0.004748641110774369,1.0
20230929,BRENT,95.86,-0.8071192052980125,-0.008103940455019587,1.0
20231002,BRENT,91.21,-4.850824118506159,-0.04972425353941821,3.0
20231003,BRENT,94.46,3.5632057888389523,0.03501192427590409,1.0
20231004,BRENT,89.83,-4.9015456277789475,-0.050257469226855714,1.0
20231005,BRENT,88.28,-1.7254814649894201,-0.01740541385257957,1.0
20231006,BRENT,87.86,-0.4757589487992764,-0.0047689428409021595,1.0
20231009,BRENT,91.37,3.994992032779421,0.0391725584628957,3.0
20231010,BRENT,90.7,-0.7332822589471433,-0.007359839889438345,1.0
20231011,BRENT,87.58,-3.4399117971334103,-0.035004695747838654,1.0
20231012,BRENT,88.4,0.9362868234756849,0.009319308270345508,1.0
20231013,BRENT,94.33,6.708144796380089,0.06492730301816406,1.0
20231016,BRENT,90.99,-3.5407611576380837,-0.03604966229316245,3.0
20231017,BRENT,92.52,1.6815034619188873,0.016675226994638952,1.0
20231018,BRENT,91.99,-0.5728491137051428,-0.005744961874172521,1.0
20231019,BRENT,93.12,1.2283943906946426,0.01220910849406182,1.0
20231020,BRENT,93.72,0.6443298969072142,0.006422629656467192,1.0
20231023,BRENT,91.88,-1.963294921041403,-0.01982823581869744,3.0
20231024,BRENT,88.0,-4.222899434044402,-0.043146563342691,1.0
20231025,BRENT,90.14,2.4318181818181905,0.024027202784295827,1.0
20231026,BRENT,88.45,-1.8748613268249392,-0.018926596656707935,1.0
20231027,BRENT,90.73,2.5777275296777757,0.025450642575743188,1.0
20231030,BRENT,90.73,0.0,0.0,3.0
20231031,BRENT,86.82,-4.309489694698565,-0.04405105331009015,1.0
20231101,BRENT,86.92,0.11518083390924527,0.0011511455167814723,1.0
20231102,BRENT,89.02,2.4160147261850007,0.023872908199479403,1.0
20231103,BRENT,87.55,-1.6513143113906947,-0.016651004855847366,1.0
20231106,BRENT,87.31,-0.2741290691033682,-0.0027450549091445615,3.0
20231107,BRENT,83.43,-4.4439354025884725,-0.04545704690873306,1.0
20231108,BRENT,81.46,-2.361260937312737,-0.02389585469371685,1.0
20231109,BRENT,81.74,0.3437269825681266,0.003431375915864679,1.0
20231110,BRENT,83.66,2.348911181795943,0.02321748787792116,1.0
20231113,BRENT,84.09,0.513985178101839,0.005126687830754218,3.0
20231114,BRENT,84.2,0.13081222499702339,0.0013072674034744047,1.0
20231115,BRENT,82.4,-2.137767220902609,-0.02160948433285499,1.0
20231116,BRENT,77.73,-5.667475728155347,-0.058344153673297795,1.0
20231117,BRENT,81.22,4.489900939148317,0.04392023901602327,1.0
20231120,BRENT,83.25,2.499384388081749,0.024686606602401434,3.0
20231121,BRENT,82.42,-0.9969969969969905,-0.010020002949881852,1.0
20231122,BRENT,81.76,-0.8007765105556897,-0.00803999945527698,1.0
20231123,BRENT,80.85,-1.1130136986301498,-0.01119254043227858,1.0
20231124,BRENT,79.82,-1.273964131106986,-0.012821486402527999,1.0
20231127,BRENT,79.49,-0.41343021799047364,-0.00414287203556651,3.0
20231128,BRENT,81.66,2.7299031324695022,0.026933058306408523,1.0
20231129,BRENT,82.98,1.6164584864070575,0.016035329013292177,1.0
20231130,BRENT,81.72,-1.5184381778741929,-0.015300844955300598,1.0
20231201,BRENT,78.72,-3.6710719530102742,-0.03740151720542328,1.0
20231204,BRENT,78.16,-0.7113821138211462,-0.007139245009470764,3.0
20231205,BRENT,77.27,-1.1386898669396128,-0.011452225789034808,1.0
20231206,BRENT,74.33,-3.80484017082956,-0.038791143208290406,1.0
20231207,BRENT,74.21,-0.16144221713978446,-0.0016157267551599587,1.0
20231208,BRENT,75.94,2.3312222072497057,0.02304464282161417,1.0
20231211,BRENT,75.75,-0.2501975243613397,-0.0025051104141777607,3.0
20231212,BRENT,74.11,-2.1650165016501632,-0.021887968426211005,1.0
20231213,BRENT,74.14,0.040480367021999974,0.00040472175931876474,1.0
20231214,BRENT,77.05,3.9250067439978276,0.03849936404353841,1.0
20231215,BRENT,76.84,-0.27255029201815884,-0.002729223865768745,1.0
20231218,BRENT,78.89,2.6678813118167666,0.02632913920664238,3.0
20231219,BRENT,79.82,1.1788566358220232,0.011719622513589519,1.0
20231220,BRENT,81.1,1.6036081182660977,0.015908861500779397,1.0
20231221,BRENT,80.73,-0.4562268803945613,-0.004572707714442971,1.0
20231222,BRENT,80.23,-0.619348445435397,-0.006212743641359462,1.0
20231227,BRENT,80.97,0.9223482487847434,0.009181205932458351,5.0
20231228,BRENT,79.04,-2.3835988637767036,-0.024124662258410562,1.0
20231229,BRENT,77.69,-1.7079959514170184,-0.01722750447728311,1.0
20240102,BRENT,76.24,-1.8663920710516146,-0.018840289616382733,4.0
20240103,BRENT,77.18,1.232948583420801,0.012254096763526266,1.0
20240104,BRENT,75.79,-1.8009847110650457,-0.01817399828553498,1.0
20240105,BRENT,78.31,3.32497690988256,0.032708950938908465,1.0
20240108,BRENT,75.47,-3.6266121823521957,-0.03694008246606933,3.0
20240109,BRENT,77.97,3.312574532926993,0.03258891102473156,1.0
20240110,BRENT,78.46,0.6284468385276298,0.006264803459897833,1.0
20240111,BRENT,80.21,2.230435890899818,0.02205925459742664,1.0
20240112,BRENT,79.89,-0.3989527490337763,-0.003997506884882527,1.0
20240115,BRENT,79.76,-0.16272374514957333,-0.00162856284036759,3.0
20240116,BRENT,80.15,0.4889669007021036,0.004877753401979042,1.0
20240117,BRENT,78.88,-1.584529008109803,-0.01597216876118207,1.0
20240118,BRENT,81.04,2.738336713995948,0.02701514964604801,1.0
20240119,BRENT,80.71,-0.40720631786773653,-0.004080376604147147,1.0
20240122,BRENT,81.7,1.2266138025027962,0.01219151852967632,3.0
20240123,BRENT,82.04,0.41615667074663687,0.004152931338222691,1.0
20240124,BRENT,82.15,0.13408093612872207,0.0013399112790972686,1.0
20240125,BRENT,82.33,0.21911138161898602,0.002188716827057533,1.0
20240126,BRENT,83.34,1.226770314587644,0.012193064683972831,1.0
20240129,BRENT,83.99,0.7799376049915985,0.007769118143228331,3.0
20240130,BRENT,84.14,0.17859268960591645,0.0017843340248391841,1.0
20240131,BRENT,82.98,-1.3786546232469665,-0.013882463257652954,1.0
20240201,BRENT,82.2,-0.9399855386840184,-0.009444312842587592,1.0
20240202,BRENT,79.54,-3.23600973236009,-0.03289526228258959,1.0
20240205,BRENT,79.3,-0.3017349761126553,-0.0030219111387423427,3.0
20240206,BRENT,80.46,1.4627994955863866,0.014522037880839913,1.0
20240207,BRENT,81.18,0.8948545861297674,0.00890874488910965,1.0
20240208,BRENT,83.01,2.2542498152254176,0.022292171056192484,1.0
20240209,BRENT,83.58,0.6866642573183812,0.006843174552824963,1.0
20240212,BRENT,83.88,0.3589375448671994,0.0035829490139499287,3.0
20240213,BRENT,84.72,1.0014306151645336,0.009964495259431947,1.0
20240214,BRENT,84.41,-0.3659112370160589,-0.003665823297522485,1.0
20240215,BRENT,84.33,-0.09477550053310635,-0.0009482044090783334,1.0
20240216,BRENT,84.88,0.6521996916874162,0.00650082071917747,1.0
20240219,BRENT,85.52,0.7540056550424223,0.007511772411062185,3.0
20240220,BRENT,84.78,-0.8652946679139295,-0.008690600792298624,1.0
20240221,BRENT,84.77,-0.011795234725175963,-0.00011795930417693321,1.0
20240222,BRENT,85.84,1.2622389996461036,0.012543391702128866,1.0
20240223,BRENT,84.18,-1.9338303821062386,-0.0195277349800184,1.0
20240226,BRENT,84.01,-0.20194820622475573,-0.002021523965668787,3.0
20240227,BRENT,83.8,-0.24997024163790904,-0.00250283188871851,1.0
20240228,BRENT,84.08,0.3341288782816143,0.0033357190806582435,1.0
20240229,BRENT,84.57,0.5827783063748759,0.005810867225435136,1.0
20240301,BRENT,84.82,0.29561310157266707,0.0029517702523138355,1.0
20240304,BRENT,86.58,2.074982315491636,0.020537477967389913,3.0
20240305,BRENT,85.82,-0.8778008778008828,-0.00881676245045591,1.0
20240306,BRENT,86.59,0.897226753670477,0.00893225589633123,1.0
20240307,BRENT,84.88,-1.974823882665444,-0.019945841153982236,1.0
20240308,BRENT,84.29,-0.6950989632422133,-0.00697526029633679,1.0
20240311,BRENT,83.44,-1.0084233005101528,-0.010135423316873882,3.0
20240312,BRENT,83.66,0.2636625119846636,0.0026331553215353997,1.0
20240313,BRENT,83.95,0.34664116662683764,0.0034604175094976072,1.0
20240314,BRENT,86.16,2.632519356759966,0.0259846493245832,1.0
20240315,BRENT,85.39,-0.8936861652738992,-0.008977034928618245,1.0
20240318,BRENT,86.47,1.2647851036421187,0.012568535052824136,3.0
20240319,BRENT,87.36,1.02925870244015,0.010239979024256027,1.0
20240320,BRENT,85.77,-1.8200549450549497,-0.018368216994264833,1.0
20240321,BRENT,84.92,-0.9910225020403285,-0.009959658167274659,1.0
20240322,BRENT,84.87,-0.058878944889306783,-0.0005889628534698293,1.0
20240325,BRENT,86.18,1.5435371745021742,0.01531745820610638,3.0
20240326,BRENT,85.91,-0.31329774889766737,-0.0031378955377269163,1.0
20240327,BRENT,84.94,-1.129088581073212,-0.011355111764839998,1.0
20240328,BRENT,86.17,1.4480809983517862,0.014376964366550428,1.0
20240402,BRENT,87.63,1.6943251711732499,0.01680131581608372,5.0
20240403,BRENT,90.6,3.389250256761378,0.03333080798117431,1.0
20240404,BRENT,90.32,-0.3090507726269287,-0.0030952932075270392,1.0
20240405,BRENT,92.81,2.756864481842358,0.027195472765895057,1.0
20240408,BRENT,91.73,-1.1636677082210944,-0.01170491308573722,3.0
20240409,BRENT,92.13,0.4360623569170219,0.004351143599276324,1.0
20240410,BRENT,91.57,-0.6078367524150696,-0.006096916001199958,1.0
20240411,BRENT,91.49,-0.08736485748607192,-0.0008740304281968453,1.0
20240412,BRENT,93.12,1.7816154771013393,0.01765930729168397,1.0
20240415,BRENT,90.84,-2.448453608247425,-0.02478926674577,3.0
20240416,BRENT,91.29,0.49537648612945073,0.004941535339631605,1.0
20240417,BRENT,89.54,-1.9169679044802268,-0.019355799764169915,1.0
20240418,BRENT,88.34,-1.3401831583649826,-0.01349244664443913,1.0
20240419,BRENT,87.96,-0.4301562146253213,-0.00431084048182007,1.0
20240422,BRENT,87.3,-0.7503410641200525,-0.007531702841003893,3.0
20240423,BRENT,88.29,1.1340206185567192,0.011276388067934757,1.0
20240424,BRENT,89.02,0.8268207044965337,0.008234212674217048,1.0
20240425,BRENT,88.1,-1.0334756234554043,-0.01038853064557445,1.0
20240426,BRENT,89.95,2.0998864926220273,0.020781427454408353,1.0
20240429,BRENT,88.44,-1.6787103946637072,-0.016929604407296617,3.0
20240430,BRENT,88.23,-0.23744911804612912,-0.002377314755232157,1.0
20240501,BRENT,83.55,-5.304318259095552,-0.05450178619261071,1.0
20240502,BRENT,84.81,1.5080789946140039,0.014968205332205949,1.0
20240503,BRENT,83.6,-1.4267185473411215,-0.014369940282952787,1.0
20240507,BRENT,82.69,-1.088516746411483,-0.010944844356580608,4.0
20240508,BRENT,82.44,-0.3023340186237733,-0.0030279197118170255,1.0
20240509,BRENT,83.27,1.0067928190198971,0.010017584225469708,1.0
20240510,BRENT,83.39,0.14410952323766768,0.0014400578511661022,1.0
20240513,BRENT,83.18,-0.25182875644560454,-0.0025214637841282474,3.0
20240514,BRENT,81.0,-2.620822313056026,-0.026557779642326876,1.0
20240515,BRENT,79.98,-1.2592592592592489,-0.012672551253766358,1.0
20240516,BRENT,81.65,2.0880220055013776,0.02066521599780184,1.0
20240517,BRENT,82.24,0.722596448254742,0.007199982290380821,1.0
20240520,BRENT,81.91,-0.4012645914396873,-0.004020718179344291,3.0
20240521,BRENT,81.22,-0.8423879868147965,-0.008459561269358939,1.0
20240522,BRENT,79.9,-1.6252154641713812,-0.016385669485922696,1.0
20240523,BRENT,79.25,-0.8135168961201589,-0.008168440014839075,1.0
20240524,BRENT,78.92,-0.4164037854889613,-0.004172731602975421,1.0
20240528,BRENT,81.34,3.0663963507349346,0.030203219324664004,4.0
20240529,BRENT,81.5,0.19670518809933313,0.00196511976773852,1.0
20240530,BRENT,81.42,-0.09815950920245564,-0.000982077171984267,1.0
20240531,BRENT,79.41,-2.4686809137804078,-0.024996638167713282,1.0
20240603,BRENT,76.45,-3.7274902405238564,-0.03798737253204821,3.0
20240604,BRENT,75.33,-1.4650098103335618,-0.01475847053746808,1.0
20240605,BRENT,75.41,0.1061993893535007,0.0010614303769522124,1.0
20240606,BRENT,77.62,2.9306458029439098,0.028885233726204624,1.0
20240607,BRENT,78.12,0.6441638752898715,0.006420980067717915,1.0
20240610,BRENT,79.59,1.8817204301075252,0.018642350809279774,3.0
20240611,BRENT,80.15,0.7036059806508455,0.007011422237804083,1.0
20240612,BRENT,80.52,0.46163443543354443,0.004605721716028599,1.0
20240613,BRENT,81.44,1.142573273720826,0.01136095203062199,1.0
20240614,BRENT,81.49,0.06139489194498804,0.0006137605299157904,1.0
20240617,BRENT,82.45,1.1780586575039997,0.0117117356734796,3.0
20240618,BRENT,84.79,2.8380836870830928,0.027985562310303847,1.0
20240619,BRENT,85.64,1.0024767071588503,0.009974852405570283,1.0
20240620,BRENT,85.92,0.32695002335356715,0.0032641670390724507,1.0
20240621,BRENT,86.42,0.581936685288631,0.0058024997432324565,1.0
20240624,BRENT,86.75,0.38185605183984617,0.003811288323181407,3.0
20240625,BRENT,86.81,0.06916426512968421,0.0006914035767480475,1.0
20240626,BRENT,85.76,-1.2095380716507287,-0.012169125081224723,1.0
20240627,BRENT,87.0,1.445895522388052,0.014355421332091787,1.0
20240628,BRENT,87.26,0.2988505747126391,0.002984049040879782,1.0
20240701,BRENT,86.57,-0.7907403162961346,-0.007938832467781225,3.0
20240702,BRENT,88.28,1.9752801201340153,0.01956024616085344,1.0
20240703,BRENT,88.25,-0.03398278205709593,-0.00033988557512955076,1.0
20240704,BRENT,88.34,0.10198300283286166,0.0010193103549742599,1.0
20240705,BRENT,88.66,0.3622368123160413,0.003615823148526961,1.0
20240708,BRENT,87.15,-1.7031355741033094,-0.017178057350877473,3.0
20240709,BRENT,86.48,-0.7687894434882381,-0.007717598635077083,1.0
20240710,BRENT,86.55,0.08094357076779968,0.0008091082912653426,1.0
20240711,BRENT,86.49,-0.06932409012131435,-0.0006934813037977247,1.0
20240712,BRENT,87.35,0.9943346051566548,0.00989423626164496,1.0
20240715,BRENT,86.42,-1.0646823125357696,-0.010703906076278401,3.0
20240716,BRENT,86.6,0.20828511918535852,0.0020806850646022104,1.0
20240717,BRENT,85.76,-0.9699769053117646,-0.009747118245897477,1.0
20240718,BRENT,86.26,0.5830223880596952,0.005813293897205156,1.0
20240719,BRENT,85.19,-1.2404358914908542,-0.012481935164948093,1.0
20240722,BRENT,83.44,-2.054231717337718,-0.020756245362232126,3.0
20240723,BRENT,82.2,-1.4860977948226162,-0.014972508630382663,1.0
20240724,BRENT,83.01,0.9854014598540184,0.009805780404810035,1.0
20240725,BRENT,82.58,-0.5180098783279186,-0.005193562009000116,1.0
20240726,BRENT,81.35,-1.4894647614434486,-0.01500668679289737,1.0
20240729,BRENT,80.94,-0.5039950829747952,-0.00505269421732724,3.0
20240730,BRENT,79.26,-2.07561156412156,-0.020974551685430446,1.0
20240731,BRENT,81.39,2.6873580620741855,0.02651882757666111,1.0
20240801,BRENT,81.37,-0.024573043371411973,-0.0002457606303840749,1.0
20240802,BRENT,78.35,-3.7114415632297004,-0.03782068590653615,1.0
20240805,BRENT,77.51,-1.0721123165283841,-0.010779008508609645,3.0
20240806,BRENT,76.62,-1.1482389369113721,-0.011548821020917182,1.0
20240807,BRENT,78.26,2.1404333072304826,0.021178477509763427,1.0
20240808,BRENT,80.76,3.194479938665995,0.031445176662370435,1.0
20240809,BRENT,81.07,0.3838533927686738,0.003831185554978798,1.0
20240812,BRENT,83.06,2.4546688047366594,0.024250259202991818,3.0
20240813,BRENT,82.51,-0.6621719239104262,-0.006643740086355645,1.0
20240814,BRENT,82.15,-0.43631075021209886,-0.004372653632974782,1.0
20240815,BRENT,83.09,1.1442483262324998,0.011377513193612871,1.0
20240816,BRENT,81.56,-1.8413768203153213,-0.018585411970635554,1.0
20240819,BRENT,81.09,-0.5762628739578224,-0.005779296749788497,3.0
20240820,BRENT,78.85,-2.762362806757934,-0.02801233554741865,1.0
20240821,BRENT,78.77,-0.10145846544070691,-0.0010150996938144044,1.0
20240822,BRENT,78.8,0.03808556557065579,0.0003807831486005595,1.0
20240823,BRENT,80.34,1.9543147208122003,0.019354632067302868,1.0
20240827,BRENT,81.51,1.4563106796116498,0.014458083175229917,4.0
20240828,BRENT,80.04,-1.8034596981965412,-0.018199202390833412,1.0
20240829,BRENT,81.55,1.8865567216391765,0.018689819351490177,1.0
20240830,BRENT,80.2,-1.6554261189454245,-0.016692814194553988,1.0
20240902,BRENT,77.82,-2.9675810473815623,-0.030125047316061464,3.0
20240903,BRENT,76.46,-1.747622719095343,-0.01763073928814073,1.0
20240904,BRENT,74.67,-2.3410933821605973,-0.023689323220656307,1.0
20240905,BRENT,74.47,-0.2678451854827957,-0.0026820453250562056,1.0
20240906,BRENT,72.82,-2.215657311669139,-0.02240571697526689,1.0
20240909,BRENT,72.37,-0.6179620983246203,-0.006198793869250905,3.0
20240910,BRENT,70.34,-2.80502970844273,-0.028451221832199978,1.0
20240911,BRENT,70.31,-0.04264998578333845,-0.00042659083476643606,1.0
20240912,BRENT,73.81,4.977954771725224,0.04858018757089107,1.0
20240913,BRENT,73.68,-0.17612789594905198,-0.0017628318349094995,1.0
20240916,BRENT,73.96,0.3800217155265795,0.003793014571872473,3.0
20240917,BRENT,74.55,0.7977285018929248,0.007945634691823423,1.0
20240918,BRENT,74.52,-0.04024144869215762,-0.0004024954773597643,1.0
20240919,BRENT,75.93,1.8921095008051614,0.01874431749175475,1.0
20240920,BRENT,75.96,0.03951007506912685,0.00039502271894259515,1.0
20240923,BRENT,74.95,-1.3296471827277445,-0.013385661395478348,3.0
20240924,BRENT,75.29,0.45363575717145554,0.00452609931342429,1.0
20240925,BRENT,75.4,0.14610173993889752,0.001459951151879414,1.0
20240926,BRENT,73.06,-3.103448275862075,-0.03152625364677401,1.0
20240927,BRENT,71.63,-1.9572953736654908,-0.019767040740776693,1.0
20240930,BRENT,72.35,1.005165433477595,0.010001472451133031,3.0
20241001,BRENT,75.3,4.077401520387003,0.03996468172835498,1.0
20241002,BRENT,74.86,-0.5843293492695856,-0.005860432329564958,1.0
20241003,BRENT,77.57,3.6200908362276074,0.03556105202649714,1.0
20241004,BRENT,79.32,2.2560268144901308,0.022309549148814944,1.0
20241007,BRENT,81.74,3.050932929904193,0.030053174484536097,3.0
20241008,BRENT,78.19,-4.343038903841445,-0.04440171599970857,1.0
20241009,BRENT,77.06,-1.445197595600456,-0.014557422938411071,1.0
20241010,BRENT,79.45,3.1014793667272222,0.030543553784713427,1.0
20241011,BRENT,80.27,1.0320956576463036,0.010268059160760352,1.0
20241014,BRENT,78.47,-2.2424317926996395,-0.022679566004103646,3.0
20241015,BRENT,73.68,-6.104243659997444,-0.06298499419233036,1.0
20241016,BRENT,73.65,-0.04071661237785573,-0.00040724903841218423,1.0
20241017,BRENT,74.37,0.9775967413441888,0.009728491806569484,1.0
20241018,BRENT,72.75,-2.1782977006857718,-0.02202372866360705,1.0
20241021,BRENT,73.29,0.7422680412371152,0.007395267886156915,3.0
20241022,BRENT,75.59,3.138218037931506,0.030899825366326555,1.0
20241023,BRENT,74.68,-1.2038629448339666,-0.012111680630563408,1.0
20241024,BRENT,74.27,-0.5490091055168844,-0.005505216992316918,1.0
20241025,BRENT,75.62,1.8176922041201138,0.018013696781581837,1.0
20241028,BRENT,71.87,-4.9590055540862155,-0.05086186698243549,3.0
20241029,BRENT,71.09,-1.0852928899401704,-0.010912251538959522,1.0
20241030,BRENT,73.21,2.982135321423529,0.029385343717159396,1.0
20241031,BRENT,73.25,0.05463734462505254,0.0005462242386253906,1.0
20241101,BRENT,73.63,0.5187713310580211,0.0051743034834487904,1.0
20241104,BRENT,74.89,1.7112589976911563,0.016967818880650225,3.0
20241105,BRENT,76.98,2.790759781012153,0.02752527759432436,1.0
20241106,BRENT,76.52,-0.5975578072226706,-0.0059935032835480885,1.0
20241107,BRENT,75.73,-1.0324098274960725,-0.010377761446320745,1.0
20241108,BRENT,74.04,-2.2316123068797045,-0.022568895420434557,1.0
20241111,BRENT,72.19,-2.498649378714224,-0.025303955554227268,3.0
20241112,BRENT,72.56,0.5125363623770696,0.005112273655811607,1.0
20241113,BRENT,72.86,0.41345093715545733,0.004125985773536572,1.0
20241114,BRENT,73.39,0.7274224540214203,0.007247894976553787,1.0
20241115,BRENT,73.45,0.08175500749421083,0.0008172160629148973,1.0
20241118,BRENT,74.35,1.2253233492171445,0.01217877028627767,3.0
20241119,BRENT,74.32,-0.04034969737727323,-0.000403578400581038,1.0
20241120,BRENT,74.33,0.013455328310008063,0.00013454423161901268,1.0
20241121,BRENT,75.09,1.0224673752186275,0.010172755374590498,1.0
20241122,BRENT,76.1,1.345052603542407,0.013360870755847529,1.0
20241125,BRENT,74.27,-2.4047306176084082,-0.02434116318643506,3.0
20241126,BRENT,74.56,0.390467214218404,0.0038970686961307885,1.0
20241127,BRENT,73.91,-0.8717811158798328,-0.008756033580540404,1.0
20241128,BRENT,73.92,0.013529968881087484,0.00013529053663349387,1.0
20241129,BRENT,74.16,0.32467532467532756,0.003241493924171023,1.0
20241202,BRENT,72.81,-1.8203883495145567,-0.018371612850979945,3.0
20241203,BRENT,74.8,2.7331410520532895,0.026964576573811856,1.0
20241204,BRENT,74.68,-0.16042780748661833,-0.0016055663069095673,1.0
20241205,BRENT,73.78,-1.2051419389394802,-0.012124626504992344,1.0
20241206,BRENT,73.78,0.0,0.0,1.0
20241209,BRENT,73.73,-0.06776904310110687,-0.0006779201669703153,3.0
20241210,BRENT,73.64,-0.12206700122067149,-0.0012214156366821198,1.0
20241211,BRENT,74.38,1.0048886474741892,0.009998732132046783,1.0
20241212,BRENT,73.52,-1.1562247916106494,-0.01162961044949239,1.0
20241213,BRENT,74.89,1.863438520130578,0.01846289221384412,1.0
20241216,BRENT,74.3,-0.7878221391374063,-0.007909418537562286,3.0
20241217,BRENT,73.16,-1.534320323014804,-0.015462128201048524,1.0
20241218,BRENT,74.57,1.9272826681246524,0.019089458033038447,1.0
20241219,BRENT,73.75,-1.0996379240981513,-0.01105728633577413,1.0
20241220,BRENT,73.19,-0.7593220338983131,-0.007622195606793537,1.0
20241223,BRENT,72.12,-1.4619483536002065,-0.014727401278019105,3.0
20241224,BRENT,73.5,1.9134775374376023,0.018954007883674455,1.0
20241227,BRENT,73.77,0.3673469387755146,0.0036667386774199406,3.0
20241230,BRENT,74.24,0.6371153585468248,0.0063509435817341465,3.0
20241231,BRENT,74.58,0.4579741379310498,0.004569286272729764,1.0
20250102,BRENT,76.14,2.091713596138378,0.02070137620367658,2.0
20250103,BRENT,76.72,0.7617546624638871,0.007588679620831535,1.0
20250106,BRENT,77.27,0.7168925964546435,0.007143351370309762,3.0
20250107,BRENT,77.84,0.7376730943445153,0.007349655932257202,1.0
20250108,BRENT,77.37,-0.6038026721479905,-0.006056329316386467,1.0
20250109,BRENT,78.44,1.3829649735039418,0.013734892766782424,1.0
20250110,BRENT,79.76,1.682814890362061,0.01668812432543737,1.0
20250113,BRENT,82.69,3.6735205616850397,0.03607655008049229,3.0
20250114,BRENT,82.39,-0.36280082234853017,-0.003634605406576671,1.0
20250115,BRENT,83.48,1.3229760893312292,0.013143011881501342,1.0
20250116,BRENT,82.39,-1.305701964542405,-0.013143011881501342,1.0
20250117,BRENT,83.02,0.7646559048428259,0.007617472297394096,1.0
20250120,BRENT,81.68,-1.6140688990604501,-0.01627236876848241,3.0
20250121,BRENT,80.57,-1.3589618021547678,-0.013682802067305712,1.0
20250122,BRENT,80.0,-0.7074593521161687,-0.007099737115222933,1.0
20250123,BRENT,78.62,-1.7249999999999988,-0.017400514680167335,1.0
20250124,BRENT,78.71,0.11447468837444408,0.0011440921606443687,1.0
20250127,BRENT,77.3,-1.7913861008766352,-0.018076256560982502,3.0
20250128,BRENT,78.01,0.9184993531694774,0.009143068006845565,1.0
20250129,BRENT,77.02,-1.2690680681963995,-0.012771895213459079,1.0
20250130,BRENT,77.42,0.5193456245131234,0.005180016762739313,1.0
20250131,BRENT,77.11,-0.40041332988891565,-0.00401217130463276,1.0
20250203,BRENT,76.49,-0.8040461678122224,-0.008072960511094664,3.0
20250204,BRENT,76.58,0.11766243953459377,0.0011759327153739291,1.0
20250205,BRENT,74.71,-2.4418908331157008,-0.02472199406143863,1.0
20250206,BRENT,74.54,-0.22754651318429575,-0.0022780579365973483,1.0
20250207,BRENT,74.68,0.18781862087469126,0.0018764246224094406,1.0
20250210,BRENT,76.23,2.075522228173532,0.02054276732666046,3.0
20250211,BRENT,77.65,1.8627836809655074,0.01845646359451375,1.0
20250212,BRENT,75.38,-2.9233741146168835,-0.029669561755706838,1.0
20250213,BRENT,75.61,0.3051207216768326,0.003046561731189101,1.0
20250214,BRENT,75.19,-0.555482079090075,-0.005570306180243064,1.0
20250217,BRENT,75.81,0.824577736401122,0.008211966678277064,3.0
20250218,BRENT,76.46,0.8574066745811848,0.008537518200054136,1.0
20250219,BRENT,76.34,-0.15694480774259834,-0.0015706809511829341,1.0
20250220,BRENT,76.95,0.7990568509300466,0.007958812967804523,1.0
20250221,BRENT,74.88,-2.690058479532176,-0.02726902811555175,1.0
20250224,BRENT,74.89,0.013354700854706358,0.00013353809193916634,3.0
20250225,BRENT,73.11,-2.3768193350247047,-0.02405521395605119,1.0
20250226,BRENT,73.49,0.5197647380659198,0.005184186235555235,1.0
20250227,BRENT,75.01,2.0683086134168027,0.020472095440765174,1.0
20250228,BRENT,74.76,-0.33328889481402113,-0.003338455394182807,1.0
20250303,BRENT,72.85,-2.554842161583748,-0.025880449946148385,3.0
20250304,BRENT,72.31,-0.7412491420727418,-0.007440100454353251,1.0
20250305,BRENT,70.92,-1.9222790761996955,-0.01940995098085334,1.0
20250306,BRENT,71.08,0.2256063169768785,0.002253522080443475,1.0
20250307,BRENT,72.49,1.9836803601575692,0.019642618026335813,1.0
20250310,BRENT,71.08,-1.9450958752931347,-0.01964261802633572,3.0
20250311,BRENT,71.51,0.6049521665728808,0.006031296773854049,1.0
20250312,BRENT,72.36,1.1886449447629621,0.011816360466789723,1.0
20250313,BRENT,70.82,-2.1282476506357173,-0.02151221384333678,1.0
20250314,BRENT,71.94,1.581474159841867,0.015690991583720344,1.0
20250317,BRENT,71.93,-0.013900472616057424,-0.00013901438821291274,3.0
20250318,BRENT,71.93,0.0,0.0,1.0
20250319,BRENT,71.94,0.013902405116072991,0.00013901438821290707,1.0
20250320,BRENT,72.61,0.9313316652766135,0.009270215124677446,1.0
20250321,BRENT,72.64,0.04131662305468797,0.00041308090088259565,1.0
20250324,BRENT,73.96,1.8171806167400772,0.018008672225886136,3.0
20250325,BRENT,73.78,-0.24337479718765653,-0.0024367143503944,1.0
20250326,BRENT,74.6,1.1114123068582282,0.011052815041185604,1.0
20250327,BRENT,74.72,0.16085790884718953,0.0016072867108720599,1.0
20250328,BRENT,74.69,-0.04014989293361637,-0.0004015795516118532,1.0
20250331,BRENT,77.23,3.4007229883518564,0.03344176821219722,3.0
20250401,BRENT,77.78,0.712158487634329,0.007096346146428626,1.0
20250402,BRENT,77.27,-0.6556955515556795,-0.0065785467821088146,1.0
20250403,BRENT,72.54,-6.12139251973598,-0.06316764809073609,1.0
20250404,BRENT,68.36,-5.762338020402547,-0.05935027560736627,1.0
20250407,BRENT,66.13,-3.2621416032767803,-0.03316535656081924,3.0
20250408,BRENT,64.86,-1.9204597005897384,-0.019391400807399,1.0
20250409,BRENT,67.3,3.7619488128276313,0.03692913577151023,1.0
20250410,BRENT,65.37,-2.8677563150074192,-0.029096799026043816,1.0
20250411,BRENT,66.83,2.233440416092991,0.022088643898340397,1.0
20250414,BRENT,67.18,0.5237168936106595,0.005223502661167973,3.0
20250415,BRENT,66.58,-0.8931229532599061,-0.008971352037267876,1.0
20250416,BRENT,67.94,2.042655452087705,0.020220730585558885,1.0
20250417,BRENT,69.33,2.0459228731233514,0.020252750221961262,1.0
20250422,BRENT,68.93,-0.5769508149430114,-0.005786216056838453,5.0
20250423,BRENT,68.26,-0.9720005802988596,-0.009767553418999524,1.0
20250424,BRENT,67.5,-1.113389979490187,-0.011196345600076867,1.0
20250425,BRENT,66.99,-0.7555555555555649,-0.0075842433583080335,1.0
20250428,BRENT,66.13,-1.2837736975668035,-0.01292085283360522,3.0
20250429,BRENT,64.04,-3.1604415545138154,-0.03211461355805685,1.0
20250430,BRENT,63.37,-1.0462211118051346,-0.010517324793088464,1.0
20250501,BRENT,62.37,-1.578033769922671,-0.0159061727973943,1.0
20250502,BRENT,61.57,-1.282667949334615,-0.012909651614912473,1.0
20250506,BRENT,62.37,1.2993340912782259,0.012909651614912542,4.0
20250507,BRENT,60.31,-3.302869969536626,-0.03358646307513573,1.0
20250508,BRENT,62.22,3.1669706516332274,0.031178564006595542,1.0
20250509,BRENT,64.26,3.2786885245901676,0.03226086221822148,1.0
20250512,BRENT,65.28,1.5873015873015817,0.015748356968139112,3.0
20250513,BRENT,66.93,2.527573529411775,0.02496158645669937,1.0
20250514,BRENT,65.91,-1.5239802779023037,-0.015357122047922485,1.0
20250515,BRENT,64.36,-2.351691700804126,-0.023797852940446063,1.0
20250516,BRENT,65.2,1.3051584835301444,0.012967146808424822,1.0
20250519,BRENT,66.25,1.6104294478527459,0.015975995933724174,3.0
20250520,BRENT,66.93,1.0264150943396277,0.010211832246219297,1.0
20250521,BRENT,65.86,-1.5986851934857382,-0.01611602016433268,1.0
20250522,BRENT,64.87,-1.5031885818402646,-0.015146009723254163,1.0
20250523,BRENT,65.41,0.8324340989671608,0.008289884748157297,1.0
20250527,BRENT,64.32,-1.6664118636294245,-0.016804527102410545,4.0
20250528,BRENT,65.72,2.176616915422902,0.021532668298356563,1.0
20250529,BRENT,64.6,-1.704199634814374,-0.017188882380511267,1.0
20250530,BRENT,64.32,-0.43343653250774716,-0.004343785917845308,1.0
20250602,BRENT,66.55,3.467039800995031,0.03408291997040977,3.0
20250603,BRENT,67.48,1.397445529676955,0.013877712836647113,1.0
20250604,BRENT,66.69,-1.1707172495554308,-0.01177624103355272,1.0
20250605,BRENT,67.14,0.6747638326585648,0.006724974907673916,1.0
20250606,BRENT,68.02,1.31069407208817,0.013021788027160492,1.0
20250609,BRENT,68.73,1.0438106439282668,0.01038400555446455,3.0
20250610,BRENT,68.41,-0.46558998981522937,-0.004666772360607313,1.0
20250611,BRENT,71.29,4.2099108317497524,0.04123705235663054,1.0
20250612,BRENT,70.84,-0.6312245756768142,-0.006332252214904317,1.0
20250613,BRENT,76.0,7.284020327498575,0.07030952737169817,1.0
20250616,BRENT,75.05,-1.2500000000000067,-0.012578782206860185,3.0
20250617,BRENT,78.7,4.863424383744186,0.04748859734388673,1.0
20250618,BRENT,78.38,-0.4066073697585826,-0.004074362651872199,1.0
20250619,BRENT,80.37,2.538912988007147,0.025072179453141684,1.0
20250620,BRENT,78.73,-2.040562398905066,-0.02061669502825125,1.0
20250623,BRENT,74.34,-5.576019306490543,-0.05737511232726981,3.0
20250624,BRENT,69.13,-7.008340059187523,-0.07266037491193252,1.0
20250625,BRENT,68.4,-1.0559814841602622,-0.010615965328668701,1.0
20250626,BRENT,68.57,0.24853801169588685,0.002482296667768099,1.0
20250627,BRENT,69.37,1.1666909727286123,0.011599376100936991,1.0
20250630,BRENT,68.15,-1.7586853106530187,-0.017743339254668294,3.0
20250701,BRENT,67.63,-0.7630227439471948,-0.0076594865556932346,1.0
20250702,BRENT,70.8,4.687268963477753,0.045807329112825555,1.0
20250703,BRENT,70.42,-0.5367231638418013,-0.005381686972767558,1.0
20250704,BRENT,71.03,0.86623118432263,0.008625009282812087,1.0
20250707,BRENT,71.95,1.2952273687174554,0.012869110323658346,3.0
20250708,BRENT,72.5,0.7644197359277127,0.007615128527252122,1.0
20250709,BRENT,71.98,-0.7172413793103405,-0.007198259209744408,1.0
20250710,BRENT,70.38,-2.2228396776882597,-0.02247917075744568,1.0
20250711,BRENT,72.06,2.3870417732310356,0.023589973426508117,1.0
20250714,BRENT,70.96,-1.5265056897030393,-0.015382767318623267,3.0
20250715,BRENT,70.27,-0.9723788049605386,-0.00977137279721768,1.0
20250716,BRENT,69.67,-0.8538494378824479,-0.008575156162078754,1.0
20250717,BRENT,71.32,2.3683077364719196,0.02340698395291193,1.0
20250718,BRENT,71.06,-0.3645541222658366,-0.0036522024020585585,1.0
20250721,BRENT,71.92,1.2102448634956353,0.012029799570483786,3.0
20250722,BRENT,69.69,-3.1006674082313723,-0.03149755471293741,1.0
20250723,BRENT,69.17,-0.746161572679005,-0.007489592837934093,1.0
20250724,BRENT,70.42,1.807141824490377,0.017910071114413013,1.0
20250725,BRENT,69.23,-1.6898608349900535,-0.017043019036972338,1.0
20250728,BRENT,70.87,2.368915210168998,0.023412918132230544,3.0
20250729,BRENT,73.21,3.301820234231667,0.032484810836386435,1.0
20250730,BRENT,73.98,1.0517688840322448,0.010462762745756709,1.0
20250731,BRENT,73.43,-0.7434441741011044,-0.0074622149407887785,1.0
20250801,BRENT,70.55,-3.9221026828272,-0.04001089316469628,1.0
20250804,BRENT,69.56,-1.4032600992204047,-0.014131988812740665,3.0
20250805,BRENT,69.14,-0.6037952846463468,-0.00605625499260379,1.0
20250806,BRENT,67.97,-1.6922186867225908,-0.017067003134931615,1.0
20250807,BRENT,66.99,-1.4418125643666402,-0.014523076838370728,1.0
20250808,BRENT,67.17,0.2686968204209661,0.002683364758597028,1.0
20250811,BRENT,67.36,0.2828643739764658,0.002824650655298019,3.0
20250812,BRENT,66.8,-0.8313539192399078,-0.008348289391471274,1.0
20250813,BRENT,66.25,-0.8233532934131649,-0.008267615676268363,1.0
20250814,BRENT,68.12,2.822641509433965,0.02783539092815597,1.0
20250815,BRENT,67.3,-1.2037580739870934,-0.01211061914380553,1.0
20250818,BRENT,68.18,1.3075780089153222,0.01299103005907509,3.0
20250819,BRENT,66.62,-2.2880610149604075,-0.02314643394422353,1.0
20250820,BRENT,67.61,1.4860402281597018,0.014751068337052833,1.0
20250821,BRENT,68.41,1.1832569146575933,0.011763111670320094,1.0
20250822,BRENT,68.29,-0.17541295132289525,-0.0017556697999086396,1.0
20250826,BRENT,66.89,-2.0500805388783183,-0.020713863842681268,4.0
20250827,BRENT,67.75,1.2856929286888974,0.012774980629493659,1.0
20250828,BRENT,68.61,1.2693726937269334,0.012613836942989143,1.0
20250829,BRENT,67.83,-1.13686051595977,-0.011433721744811267,1.0
20250901,BRENT,67.09,-1.090962700869813,-0.0109695733831914,3.0
20250902,BRENT,68.09,1.4905351021016644,0.014795357920078694,1.0
20250903,BRENT,67.76,-0.4846526655896577,-0.004858309151076295,1.0
20250904,BRENT,66.41,-1.9923258559622292,-0.020124402791176745,1.0
20250905,BRENT,64.92,-2.2436380063243444,-0.0226919049062318,1.0
20250908,BRENT,65.44,0.800985828712264,0.007977949648101178,3.0
20250909,BRENT,67.97,3.8661369193154105,0.0379327390640553,1.0
20250910,BRENT,67.62,-0.5149330587023604,-0.005162634078806831,1.0
20250911,BRENT,67.25,-0.5471753918958933,-0.005486778797791491,1.0
20250912,BRENT,67.87,0.9219330855018582,0.009177092233718497,1.0
20250915,BRENT,67.88,0.014734050390430298,0.0001473296503583558,3.0
20250916,BRENT,69.69,2.666470241602825,0.026315395084401866,1.0
20250917,BRENT,69.19,-0.717463050652889,-0.00720049193970774,1.0
20250918,BRENT,67.83,-1.9656019656019597,-0.01985176855273147,1.0
20250919,BRENT,67.05,-1.1499336576735963,-0.011565965230300644,1.0
20250922,BRENT,66.87,-0.26845637583891024,-0.002688173661800191,3.0
20250923,BRENT,67.96,1.6300284133393017,0.016168860737843963,1.0
20250924,BRENT,69.64,2.4720423778693545,0.02441981809625721,1.0
20250925,BRENT,70.48,1.2062033314187204,0.01198986672793573,1.0
20250926,BRENT,71.15,0.9506242905788831,0.009461342907937263,1.0
20250929,BRENT,69.0,-3.021784961349272,-0.030683819938602096,3.0
20250930,BRENT,68.52,-0.6956521739130528,-0.006980831141340317,1.0
20251001,BRENT,66.67,-2.699941622883817,-0.027370596825950378,1.0
20251002,BRENT,65.44,-1.8449077546122794,-0.018621384335477137,1.0
20251003,BRENT,66.13,1.0544009779950958,0.01048880939207925,1.0
20251006,BRENT,67.09,1.4516860728867487,0.01441249988822578,3.0
20251007,BRENT,67.1,0.014905351020999547,0.0001490424028392572,1.0
20251008,BRENT,67.42,0.47690014903130074,0.0047576658282786,1.0
20251009,BRENT,67.23,-0.28181548501927667,-0.0028221333249692916,1.0
20251010,BRENT,64.41,-4.194556001784933,-0.04285067592214613,1.0
20251013,BRENT,64.15,-0.4036640273249348,-0.0040448094971537694,3.0
20251014,BRENT,63.0,-1.7926734216679785,-0.018089364670112875,1.0
20251015,BRENT,62.33,-1.0634920634920664,-0.010691875570773494,1.0
20251016,BRENT,61.08,-2.0054548371570724,-0.02025837047032759,1.0
20251017,BRENT,61.23,0.24557956777995216,0.0024527851394313465,1.0
20251020,BRENT,60.71,-0.8492569002123029,-0.008528836347520323,3.0
20251021,BRENT,61.0,0.47768077746663806,0.004765435030968503,1.0
20251022,BRENT,62.28,2.0983606557376966,0.02076648279248625,1.0
20251023,BRENT,66.32,6.486833654463697,0.06285116386124182,1.0
20251024,BRENT,65.8,-0.7840772014475195,-0.00787167249576794,1.0
20251027,BRENT,65.52,-0.42553191489361764,-0.00426439878645754,3.0
20251028,BRENT,64.03,-2.274114774114766,-0.023003716014103084,1.0
20251029,BRENT,65.01,1.5305325628611754,0.015189380685666722,1.0
20251030,BRENT,65.11,0.15382248884785454,0.001537043032393178,1.0
20251031,BRENT,65.44,0.5068345876209523,0.005055545045720945,1.0
20251103,BRENT,65.79,0.5348410757946231,0.005334158803414924,3.0
20251104,BRENT,65.04,-1.1399908800729608,-0.011465385858351381,1.0
20251105,BRENT,63.54,-2.306273062730635,-0.023332836398185137,1.0
20251106,BRENT,63.41,-0.2045955303745739,-0.002048051129429905,1.0
20251107,BRENT,63.72,0.48888187982969455,0.004876907329907669,1.0
20251110,BRENT,63.01,-1.1142498430634085,-0.011205041087883711,3.0
20251111,BRENT,63.86,1.348992223456591,0.0133997433326718,1.0
20251112,BRENT,61.88,-3.1005324146570534,-0.031496161581770495,1.0
20251113,BRENT,62.14,0.42016806722688926,0.004192878260035958,1.0
20251114,BRENT,63.45,2.108142903121979,0.02086229019549529,1.0
20251117,BRENT,63.16,-0.45705279747834116,-0.004581004772955444,3.0
20251118,BRENT,64.86,2.6915769474350926,0.026559911491730637,1.0
20251119,BRENT,63.78,-1.6651248843663202,-0.016791439297260277,1.0
20251120,BRENT,63.64,-0.21950454687990062,-0.002197458112325452,1.0
20251121,BRENT,62.78,-1.3513513513513487,-0.013605652055778598,1.0
20251124,BRENT,64.83,3.2653711373048733,0.032131907773096796,3.0
20251125,BRENT,63.99,-1.2956964368347923,-0.013041638035535342,1.0
20251126,BRENT,64.81,1.2814502265979133,0.012733091288255805,1.0
20251127,BRENT,64.18,-0.972072211078534,-0.00976827675791378,1.0
20251128,BRENT,64.07,-0.1713929573075923,-0.0017154000307808138,1.0
20251201,BRENT,64.22,0.23411893241767068,0.0023384530104377022,3.0
20251202,BRENT,63.37,-1.323575210214889,-0.013324125325942298,1.0
20251203,BRENT,63.75,0.5996528325706185,0.005978620703109941,1.0
20251204,BRENT,64.15,0.6274509803921635,0.006254907023109973,1.0
20251205,BRENT,64.42,0.4208885424785702,0.004200052841407376,1.0
20251208,BRENT,63.3,-1.738590499844772,-0.017538814752922297,3.0
20251209,BRENT,62.62,-1.0742496050552885,-0.010800613251870827,1.0
20251210,BRENT,63.12,0.7984669434685454,0.007952960639359213,1.0
20251211,BRENT,61.87,-1.980354879594426,-0.0200022669947214,1.0
20251212,BRENT,62.11,0.3879101341522473,0.003871597028314107,1.0
20251215,BRENT,61.55,-0.9016261471582743,-0.009057153940749161,3.0
20251216,BRENT,59.93,-2.6320064987814695,-0.02667263816036854,1.0
20251217,BRENT,60.61,1.1346570999499317,0.011282681493099678,1.0
20251218,BRENT,60.69,0.13199142055766444,0.0013190438845701326,1.0
20251219,BRENT,61.35,1.0874938210578389,0.010816231309156694,1.0
20251222,BRENT,62.22,1.418092909535451,0.014081320312570506,3.0
20251223,BRENT,63.7,2.3786563805850314,0.023508071108626804,1.0
20251224,BRENT,63.7,0.0,0.0,1.0
20251229,BRENT,63.1,-0.9419152276295195,-0.009463793030950251,5.0
20251230,BRENT,62.3,-1.267828843106189,-0.012759343753760099,1.0
20251231,BRENT,61.35,-1.5248796147672494,-0.015366254636486956,1.0
20260102,BRENT,61.98,1.0268948655256738,0.010216581202681749,2.0
20260105,BRENT,63.0,1.645692158760892,0.01632297403193052,3.0
20260106,BRENT,62.1,-1.4285714285714235,-0.014388737452099556,1.0
20260107,BRENT,61.08,-1.6425120772946888,-0.016561508589001427,1.0
20260108,BRENT,63.34,3.7000654878847516,0.03633256076006215,1.0
20260109,BRENT,65.11,2.794442690243115,0.027561106138276798,1.0
20260112,BRENT,65.4,0.4454000921517487,0.004444111214382369,3.0
20260113,BRENT,67.58,3.3333333333333215,0.032789822822990755,1.0
20260114,BRENT,68.87,1.9088487718259994,0.01890858827046314,1.0
20260115,BRENT,66.16,-3.9349499056192894,-0.04014461884117107,1.0
20260116,BRENT,66.97,1.2243047158403852,0.012168707206522932,1.0
20260119,BRENT,66.91,-0.08959235478572802,-0.0008963251272332786,3.0
20260120,BRENT,67.68,1.1507995815274397,0.01144228250324241,1.0
20260121,BRENT,66.72,-1.4184397163120699,-0.014285957247476654,1.0
20260122,BRENT,65.46,-1.888489208633104,-0.019065488977456975,1.0
20260123,BRENT,68.16,4.124656278643446,0.04041861344802584,1.0
20260126,BRENT,67.7,-0.6748826291079757,-0.006771702602830927,3.0
20260127,BRENT,70.28,3.8109305760708923,0.03740108340066705,1.0
20260128,BRENT,70.9,0.8821855435401371,0.00878317021918549,1.0
20260129,BRENT,71.0,0.14104372355430161,0.001409443503233604,1.0
20260130,BRENT,72.25,1.760563380281699,0.017452449951226207,1.0
20260202,BRENT,67.72,-6.269896193771629,-0.064750769727607,3.0
20260203,BRENT,70.01,3.381571175428233,0.03325653172417164,1.0
20260204,BRENT,71.15,1.6283388087416029,0.01615223554675511,1.0
20260205,BRENT,69.87,-1.7990161630358381,-0.01815395197150204,1.0
20260206,BRENT,70.45,0.8301130671246604,0.008266865780329908,1.0
20260209,BRENT,71.19,1.050390347764374,0.010449120771092685,3.0
20260210,BRENT,71.01,-0.25284450063209896,-0.002531646921779508,1.0
20260211,BRENT,71.52,0.7182087029995676,0.007156418671256347,1.0
20260212,BRENT,69.8,-2.4049217002237167,-0.024343121096931944,1.0
20260213,BRENT,69.96,0.22922636103150928,0.002289640382074439,1.0
20260216,BRENT,70.81,1.2149799885649015,0.012076583513281334,3.0
20260217,BRENT,69.77,-1.4687191074707062,-0.014796115712537488,1.0
20260218,BRENT,71.78,2.8808943672065324,0.028401767768315978,1.0
20260219,BRENT,73.17,1.9364725550292672,0.019179615176477507,1.0
20260220,BRENT,72.75,-0.5740057400574039,-0.005756594844336745,1.0
20260223,BRENT,71.9,-1.1683848797250818,-0.011752641324600847,3.0
20260224,BRENT,71.21,-0.9596662030598169,-0.00964300673296773,1.0
20260225,BRENT,70.69,-0.7302345176239289,-0.007329137811170706,1.0
20260226,BRENT,71.66,1.3721884283491192,0.013628591693944965,1.0
20260227,BRENT,71.32,-0.4744627407200719,-0.004755918881868143,1.0
20260302,BRENT,77.24,8.300616937745374,0.07974066456537406,3.0
20260303,BRENT,83.28,7.819782496116012,0.07529096674639985,1.0
20260304,BRENT,81.56,-2.065321805955811,-0.02086947860045901,1.0
20260305,BRENT,88.59,8.619421284943595,0.08268003871768653,1.0
20260306,BRENT,95.74,8.0708883621176,0.0776171995404218,1.0
20260309,BRENT,94.35,-1.4518487570503447,-0.014624912149803746,3.0
20260310,BRENT,89.84,-4.7800741918388905,-0.0489809613843714,1.0
20260311,BRENT,90.98,1.2689225289403305,0.01260939171167021,1.0
20260312,BRENT,102.38,12.530226423389745,0.11805167888757907,1.0
20260313,BRENT,103.23,0.8302402813049614,0.008268127448061702,1.0
20260316,BRENT,101.04,-2.121476315024695,-0.021443030435262963,3.0
20260317,BRENT,108.39,7.2743467933491734,0.07021935578542292,1.0
20260318,BRENT,118.09,8.949165052126574,0.08571121178553162,1.0
20260319,BRENT,111.05,-5.961554746379882,-0.061466495272753816,1.0
20260320,BRENT,118.42,6.6366501575866765,0.06425707676319364,1.0
20260323,BRENT,103.79,-12.35433203850701,-0.13186800012643243,3.0
20260324,BRENT,108.42,4.46093072550342,0.0436429468549945,1.0
20260325,BRENT,109.14,0.6640841173215284,0.00661888792589377,1.0
20260326,BRENT,113.39,3.89408099688473,0.03820174222566249,1.0
20260327,BRENT,121.47,7.125848840285731,0.06883411472843094,1.0
20260330,BRENT,121.88,0.33753190088088303,0.00336963540532892,3.0
20260331,BRENT,126.69,3.9465047587791346,0.03870620349645368,1.0
20260401,BRENT,119.56,-5.627910648038514,-0.05792482019822474,1.0
20260402,BRENT,127.61,6.733021077283374,0.06516040033014789,1.0
20260407,BRENT,138.21,8.306559047096629,0.07979552987005038,5.0
20260408,BRENT,122.11,-11.64894001881196,-0.12385198977100491,1.0
20260409,BRENT,119.03,-2.5223159446400745,-0.025546715665142033,1.0
20260410,BRENT,119.07,0.03360497353608327,0.000335993283295295,1.0
20260413,BRENT,123.28,3.5357352817670273,0.034746635548776605,3.0
20260414,BRENT,118.69,-3.723231667748217,-0.03794313894344649,1.0
20260415,BRENT,114.93,-3.1679164209284627,-0.03219180468774646,1.0
20260416,BRENT,116.63,1.4791612285738998,0.014683283322291053,1.0
20260417,BRENT,98.63,-15.433421932607395,-0.1676310557370564,1.0
20260420,BRENT,103.4,4.836256717023235,0.04722948710842677,3.0
20260421,BRENT,106.14,2.649903288201161,0.026154015325420155,1.0
20260422,BRENT,113.44,6.877708686640283,0.06651508538406842,1.0
20260423,BRENT,113.25,-0.16748942172073455,-0.0016762984206739788,1.0
20260424,BRENT,111.86,-1.227373068432669,-0.012349674969701466,1.0
20260427,BRENT,113.89,1.8147684605757108,0.017984980892817734,3.0
20260428,BRENT,117.62,3.2750899991219606,0.032226018745550186,1.0
20260429,BRENT,124.16,5.560278864138746,0.05411196740309865,1.0
20260430,BRENT,124.24,0.06443298969072142,0.0006441224055230074,1.0
20260501,BRENT,118.26,-4.813264649066317,-0.049329588447747735,1.0
20260505,BRENT,114.51,-3.1709791983764557,-0.032223434967435745,4.0
20260506,BRENT,103.7,-9.44022356126103,-0.09916004018976646,1.0
20260507,BRENT,101.82,-1.8129218900675093,-0.018295566761291765,1.0
20260508,BRENT,103.48,1.6303280298566314,0.016171808843638648,1.0
20260511,BRENT,106.11,2.5415539234634688,0.025097934567670534,3.0
20260512,BRENT,111.37,4.957119969842627,0.04838169951950997,1.0
20260513,BRENT,110.28,-0.9787195833707463,-0.009835405249412814,1.0
20260514,BRENT,110.91,0.5712731229597257,0.005696475461054114,1.0
20260515,BRENT,113.96,2.7499774592011583,0.02712844801305735,1.0
20260518,BRENT,116.73,2.4306774306774415,0.024016066034864458,3.0
20260519,BRENT,114.64,-1.790456609269253,-0.01806679214465548,1.0
20260520,BRENT,108.93,-4.980809490579197,-0.05109130942556222,1.0
20260521,BRENT,105.84,-2.836684109060872,-0.028776954287653936,1.0
20260522,BRENT,106.9,1.0015117157974318,0.009965298224299314,1.0
20260526,BRENT,102.75,-3.882132834424701,-0.039594964654655604,4.0
20260527,BRENT,97.11,-5.489051094890507,-0.05645449677008127,1.0
20260528,BRENT,95.47,-1.6888065080836179,-0.01703229459632087,1.0
20260529,BRENT,92.88,-2.712894102859542,-0.02750372462030581,1.0
20260601,BRENT,98.29,5.824720068906131,0.05661395518890207,3.0
20260602,BRENT,98.49,0.20347949944041765,0.0020327276030728757,1.0
20260603,BRENT,101.69,3.2490608183571856,0.031973949621435,1.0
20260604,BRENT,98.98,-2.6649621398367573,-0.027011160279306057,1.0
20260605,BRENT,97.29,-1.7074156395231355,-0.017221600536403706,1.0
20260608,BRENT,97.46,0.17473532737175557,0.0017458284280236361,3.0
20260609,BRENT,94.15,-3.3962651344141115,-0.03455278231219863,1.0
20260610,BRENT,95.73,1.6781731279872592,0.01664247385510046,1.0
20260611,BRENT,92.84,-3.018907343570454,-0.030654147552025494,1.0
20260612,BRENT,88.64,-4.523912106850503,-0.04629435840726269,1.0
20260615,BRENT,84.36,-4.82851985559567,-0.049489867388399854,3.0
20260616,BRENT,80.5,-4.575628259838782,-0.04683617118605612,1.0
20260617,BRENT,80.33,-0.21118012422360888,-0.0021140342387965918,1.0
20260618,BRENT,79.35,-1.2199676335117648,-0.012274703213303088,1.0
20260619,BRENT,80.46,1.3988657844990593,0.013891719549224121,1.0
20260622,BRENT,76.49,-4.934128759632117,-0.05060015318786751,3.0
20260623,BRENT,75.69,-1.045888351418478,-0.010513962012698514,1.0
20260624,BRENT,72.09,-4.756242568370983,-0.048730712904588795,1.0
20260625,BRENT,73.74,2.2888056595921746,0.0226300543895112,1.0
20260626,BRENT,70.16,-4.854895579061569,-0.049767044742070866,1.0
20260629,BRENT,71.59,2.0381984036488054,0.020177051344166072,3.0
20260630,BRENT,70.46,-1.5784327420030886,-0.015910226495002226,1.0
20260701,BRENT,69.24,-1.731478853250068,-0.017466442605083045,1.0
20260702,BRENT,68.53,-1.025418833044478,-0.010307124710276134,1.0
20260703,BRENT,68.68,0.2188822413541569,0.0021864304315425166,1.0
20260706,BRENT,69.56,1.2813046010483387,0.012731653456807485,3.0
20260707,BRENT,71.78,3.1914893617021267,0.031416196233378914,1.0
20260708,BRENT,76.5,6.5756478127612095,0.06368485511302889,1.0
20260709,BRENT,74.46,-2.6666666666666727,-0.027028672387919374,1.0
20260710,BRENT,74.34,-0.16116035455276956,-0.0016129035754646574,1.0
20260713,BRENT,81.62,9.792843691148768,0.09342516510855346,3.0
20260714,BRENT,83.69,2.536143102180821,0.025045166067122898,1.0
20260715,BRENT,83.08,-0.7288803919225706,-0.007315497036871121,1.0
20260716,BRENT,81.23,-2.226769378911886,-0.022519361945049006,1.0
20260717,BRENT,85.01,4.65345315770036,0.04548425956640503,1.0
20260720,BRENT,86.99,2.329137748500165,0.023024272890181788,3.0
20260721,BRENT,93.85,7.8859639038969975,0.07590459351306841,1.0
20260722,BRENT,94.12,0.28769312733085695,0.0028728008266440067,1.0
20260723,BRENT,105.32,11.899702507437304,0.11243277076894682,1.0
20260724,BRENT,100.31,-4.756931257121144,-0.048737943732714756,1.0
20260727,BRENT,91.82,-8.463762336756064,-0.08843525207431789,3.0
20260728,BRENT,85.51,-6.872141145719879,-0.07119681065321198,1.0
20260729,BRENT,91.95,7.5312828908899565,0.0726116228824662,1.0
20260730,BRENT,91.91,-0.04350190320827618,-0.00043511368031208167,1.0
20260731,BRENT,96.95,5.483625285605487,0.053385544318642716,1.0
20260803,BRENT,88.9,-8.30324909747292,-0.08668323916880187,3.0
20260804,BRENT,86.47,-2.7334083239595075,-0.02771460954752006,1.0
20260805,BRENT,86.65,0.20816468139239763,0.0020794831892763004,1.0
20260806,BRENT,89.65,3.4622042700519273,0.03403618388952674,1.0
20260807,BRENT,87.62,-2.264361405465698,-0.02290391766538946,1.0
20260810,BRENT,92.74,5.843414745491882,0.056790596577562226,3.0
20260811,BRENT,93.26,0.5607073538926199,0.005591412416860198,1.0
20260812,BRENT,92.52,-0.7934805918936361,-0.007966454016936422,1.0
20260813,BRENT,92.03,-0.5296152183311698,-0.005310226512472894,1.0
20260814,BRENT,92.02,-0.010866021949373916,-0.0001086661234430762,1.0
20260817,BRENT,92.43,0.44555531406216264,0.004445656549363729,3.0
20260818,BRENT,95.29,3.0942334739803012,0.030473272083410535,1.0
20260819,BRENT,92.37,-3.0643299401825974,-0.03112262275557813,1.0
20260820,BRENT,94.0,1.7646421998484207,0.017492531665485055,1.0
20260821,BRENT,96.92,3.10638297872341,0.030591113678321142,1.0
20260824,BRENT,92.71,-4.343788691704509,-0.04440955432943405,3.0
20260825,BRENT,88.24,-4.821486355301474,-0.049415966673643966,1.0
20260826,BRENT,87.77,-0.5326382592928391,-0.0053406183412208095,1.0
20260827,BRENT,90.18,2.7458129201321846,0.02708791638891209,1.0
20260828,BRENT,89.75,-0.4768241295187492,-0.004779645624549958,1.0
20260901,BRENT,96.02,6.986072423398326,0.06752847573440601,4.0
20260902,BRENT,97.59,1.6350760258279529,0.01621852605057549,1.0
20260903,BRENT,100.52,3.0023567988523236,0.02958168352202148,1.0
20260904,BRENT,102.24,1.7111022682053223,0.016966277953833146,1.0
20260907,BRENT,104.47,2.1811424100156573,0.021576958220192007,3.0
20260908,BRENT,106.12,1.579400784914342,0.015670580420122426,1.0
20260909,BRENT,109.51,3.194496796079904,0.03144534001812883,1.0
20260910,BRENT,120.98,10.473929321523157,0.09960937339110047,1.0
20260911,BRENT,118.06,-2.413622086295253,-0.02443227286622485,1.0
20260914,BRENT,121.25,2.7020159241063935,0.026661560005049337,3.0
20260915,BRENT,130.8,7.8762886597938175,0.07581490920550578,1.0
20260916,BRENT,127.84,-2.262996941896034,-0.022889957005133885,1.0
20260917,BRENT,121.18,-5.20963704630788,-0.05350243850112149,1.0
20260918,BRENT,119.66,-1.2543323980855003,-0.012622655554957332,1.0
20260921,BRENT,116.15,-2.9333110479692337,-0.02977192874546746,3.0
20260922,BRENT,114.89,-1.0848041325871804,-0.010907310351144792,1.0
20130102,GOLD_USD,1681.5,,,
20130103,GOLD_USD,1684.5,0.1784121320249854,0.0017825316662833468,1.0
20130104,GOLD_USD,1632.25,-3.1018106262986067,-0.03150935277986472,1.0
20130107,GOLD_USD,1653.75,1.317200183795375,0.013086005362422585,3.0
20130108,GOLD_USD,1653.75,0.0,0.0,1.0
20130109,GOLD_USD,1663.5,0.5895691609977272,0.0058783800293659245,1.0
20130110,GOLD_USD,1663.0,-0.030057108506165164,-0.0003006162656037757,1.0
20130111,GOLD_USD,1669.5,0.3908598917618855,0.0039009801907816306,1.0
20130114,GOLD_USD,1667.75,-0.10482180293500676,-0.0010487677940843767,3.0
20130115,GOLD_USD,1681.0,0.7944835856693144,0.007913441818990804,1.0
20130116,GOLD_USD,1679.75,-0.07436049970255265,-0.0007438816083562064,1.0
20130117,GOLD_USD,1683.25,0.2083643399315438,0.0020814756251309797,1.0
20130118,GOLD_USD,1690.0,0.401009950987663,0.004002080491728796,1.0
20130121,GOLD_USD,1688.0,-0.11834319526626835,-0.0011841327612166937,3.0
20130122,GOLD_USD,1692.5,0.2665876777251164,0.0026623296305276134,1.0
20130123,GOLD_USD,1692.25,-0.01477104874446633,-0.00014772139771310116,1.0
20130124,GOLD_USD,1677.0,-0.9011670852415388,-0.009052521565508126,1.0
20130125,GOLD_USD,1670.25,-0.402504472271914,-0.004033167017622153,1.0
20130128,GOLD_USD,1656.75,-0.8082622361921921,-0.008115463837250503,3.0
20130129,GOLD_USD,1660.5,0.22634676324129188,0.002260909848465076,1.0
20130130,GOLD_USD,1666.25,0.34628124059017384,0.003456830676117067,1.0
20130131,GOLD_USD,1674.5,0.495123780945228,0.00493902074134077,1.0
20130201,GOLD_USD,1665.0,-0.5673335323977291,-0.00568948981971506,1.0
20130204,GOLD_USD,1664.25,-0.045045045045044585,-0.0004505519337312053,3.0
20130205,GOLD_USD,1678.0,0.8261979870812786,0.0082280365463386,1.0
20130206,GOLD_USD,1670.0,-0.47675804529201393,-0.004778981616350692,1.0
20130207,GOLD_USD,1675.75,0.34431137724550975,0.0034371998272662847,1.0
20130208,GOLD_USD,1669.75,-0.3580486349395784,-0.0035869116323217066,1.0
20130211,GOLD_USD,1663.5,-0.37430753106753034,-0.0037500981472139887,3.0
20130212,GOLD_USD,1641.75,-1.3074842200180292,-0.013161070387449354,1.0
20130213,GOLD_USD,1648.0,0.38069133546521083,0.0037996853983350565,1.0
20130214,GOLD_USD,1644.0,-0.24271844660194164,-0.002430134853291782,1.0
20130215,GOLD_USD,1629.25,-0.8972019464720149,-0.009012510403635423,1.0
20130218,GOLD_USD,1611.25,-1.1048028233849982,-0.011109510959092666,3.0
20130219,GOLD_USD,1613.5,0.1396431342125748,0.0013954572386194396,1.0
20130220,GOLD_USD,1602.0,-0.712736287573601,-0.007152883863712016,1.0
20130221,GOLD_USD,1568.5,-2.0911360799001244,-0.021133099997571687,1.0
20130222,GOLD_USD,1580.0,0.7331845712464036,0.007305098390279547,1.0
20130225,GOLD_USD,1592.5,0.7911392405063333,0.007880261425305965,3.0
20130226,GOLD_USD,1597.25,0.29827315541601784,0.0029782920361342935,1.0
20130227,GOLD_USD,1608.5,0.7043355767725856,0.007018667196628463,1.0
20130228,GOLD_USD,1591.0,-1.0879701585327917,-0.01093931834129414,1.0
20130301,GOLD_USD,1570.0,-1.3199245757385292,-0.013287129995433127,1.0
20130304,GOLD_USD,1578.0,0.5095541401273884,0.00508260306346581,3.0
20130305,GOLD_USD,1584.25,0.39607097591889406,0.003952886797806893,1.0
20130306,GOLD_USD,1574.0,-0.6469938456682978,-0.006490959226277819,1.0
20130307,GOLD_USD,1580.5,0.41296060991105055,0.00412110267832384,1.0
20130308,GOLD_USD,1577.0,-0.22144890857324073,-0.0022169446926340788,1.0
20130311,GOLD_USD,1577.5,0.03170577045021883,0.0003170074523298079,3.0
20130312,GOLD_USD,1582.5,0.31695721077653616,0.00316455960296294,1.0
20130313,GOLD_USD,1591.5,0.5687203791469253,0.005671092703816323,1.0
20130314,GOLD_USD,1585.0,-0.40841972981463526,-0.0040925604107664776,1.0
20130315,GOLD_USD,1593.25,0.5205047318612044,0.005191547883022571,1.0
20130318,GOLD_USD,1599.5,0.3922799309587388,0.003915125195169258,3.0
20130319,GOLD_USD,1602.5,0.18755861206627422,0.0018738294052524451,1.0
20130320,GOLD_USD,1611.5,0.5616224648985924,0.0056005124606674,1.0
20130321,GOLD_USD,1608.75,-0.17064846416382506,-0.0017079423451561474,1.0
20130322,GOLD_USD,1611.5,0.17094017094017033,0.0017079423451561158,1.0
20130325,GOLD_USD,1602.25,-0.5739993794601328,-0.005756530871156341,3.0
20130326,GOLD_USD,1597.25,-0.3120611639881421,-0.0031254909018835764,1.0
20130327,GOLD_USD,1591.0,-0.39129754265143646,-0.003920651144665828,1.0
20130328,GOLD_USD,1602.5,0.7228158390949035,0.007202160457038184,1.0
20130402,GOLD_USD,1597.75,-0.2964118564742546,-0.0029685202644339076,5.0
20130403,GOLD_USD,1568.5,-1.8306994210608662,-0.01847664089965831,1.0
20130404,GOLD_USD,1545.25,-1.4823079375199222,-0.014934039091350127,1.0
20130405,GOLD_USD,1552.75,0.4853583562530295,0.00484184290002962,1.0
20130408,GOLD_USD,1577.25,1.5778457575269744,0.015655271811506555,3.0
20130409,GOLD_USD,1572.5,-0.30115707719131635,-0.003016114676323288,1.0
20130410,GOLD_USD,1581.5,0.572337042925275,0.0057070541711079096,1.0
20130411,GOLD_USD,1555.75,-1.62820107492887,-0.016416019296376316,1.0
20130412,GOLD_USD,1548.0,-0.49815201671219445,-0.004993969299654817,1.0
20130415,GOLD_USD,1416.0,-8.527131782945741,-0.0891277798960074,3.0
20130416,GOLD_USD,1378.0,-2.68361581920904,-0.027202822680061193,1.0
20130417,GOLD_USD,1379.0,0.07256894049347817,0.000725426219698026,1.0
20130418,GOLD_USD,1397.0,1.3052936910805002,0.012968481463660074,1.0
20130419,GOLD_USD,1414.0,1.2168933428776008,0.012095487199556307,1.0
20130422,GOLD_USD,1425.0,0.7779349363507881,0.007749246246232936,3.0
20130423,GOLD_USD,1417.25,-0.543859649122802,-0.005453439498337773,1.0
20130424,GOLD_USD,1424.5,0.5115540659728302,0.005102500733549861,1.0
20130425,GOLD_USD,1446.5,1.5444015444015413,0.015325970478226772,1.0
20130426,GOLD_USD,1462.25,1.088835119253373,0.010829499906945407,1.0
20130429,GOLD_USD,1472.5,0.7009745255599276,0.006985291202606633,3.0
20130430,GOLD_USD,1472.75,0.016977928692707422,0.00016976487605502815,1.0
20130501,GOLD_USD,1469.5,-0.22067560685792298,-0.0022091945428247177,1.0
20130502,GOLD_USD,1456.0,-0.9186798230690685,-0.009229257102340738,1.0
20130503,GOLD_USD,1476.5,1.407967032967039,0.013981472427346141,1.0
20130507,GOLD_USD,1463.0,-0.9143244158482888,-0.00918530016385304,4.0
20130508,GOLD_USD,1454.0,-0.6151742993848242,-0.006170742926659618,1.0
20130509,GOLD_USD,1469.5,1.0660247592847227,0.010603827765507279,1.0
20130510,GOLD_USD,1449.25,-1.3780197346036083,-0.013876025639129808,1.0
20130513,GOLD_USD,1429.75,-1.345523546662064,-0.013546577424416657,3.0
20130514,GOLD_USD,1436.5,0.47211050883022576,0.004709995623918779,1.0
20130515,GOLD_USD,1412.25,-1.688130873651239,-0.017025422213972793,1.0
20130516,GOLD_USD,1377.0,-2.4960169941582566,-0.025276957476716624,1.0
20130517,GOLD_USD,1376.75,-0.018155410312270526,-0.0001815705860639462,1.0
20130520,GOLD_USD,1353.75,-1.670601053205012,-0.01684712982739051,3.0
20130521,GOLD_USD,1378.75,1.846722068328721,0.018298772252511905,1.0
20130522,GOLD_USD,1385.25,0.4714415231187763,0.0047033371797469,1.0
20130523,GOLD_USD,1386.0,0.05414185165133478,0.0005412720023895905,1.0
20130524,GOLD_USD,1385.25,-0.05411255411255089,-0.0005412720023894752,1.0
20130528,GOLD_USD,1379.0,-0.4511820970943825,-0.004522029954157174,4.0
20130529,GOLD_USD,1384.5,0.398839738941259,0.0039804648177147,1.0
20130530,GOLD_USD,1406.25,1.5709642470205898,0.015587523341713769,1.0
20130531,GOLD_USD,1410.25,0.2844444444444427,0.0028404066673551995,1.0
20130603,GOLD_USD,1396.75,-0.9572770785321705,-0.009618884280827278,3.0
20130604,GOLD_USD,1405.25,0.6085555754429928,0.0060671135429262064,1.0
20130605,GOLD_USD,1396.5,-0.6226650062266526,-0.006246116496952932,1.0
20130606,GOLD_USD,1399.5,0.21482277121374072,0.0021459235702766762,1.0
20130607,GOLD_USD,1410.0,0.7502679528403,0.007474674416705754,1.0
20130610,GOLD_USD,1376.75,-2.3581560283687963,-0.023864055229623107,3.0
20130611,GOLD_USD,1369.5,-0.5266025059015744,-0.005279939439457971,1.0
20130612,GOLD_USD,1377.25,0.5658999634903239,0.005643047649693054,1.0
20130613,GOLD_USD,1386.25,0.6534761299691327,0.006513502311750791,1.0
20130614,GOLD_USD,1379.75,-0.4688908926961277,-0.004699936344966178,1.0
20130617,GOLD_USD,1386.0,0.4529806124297986,0.004519577430237983,3.0
20130618,GOLD_USD,1378.5,-0.5411255411255422,-0.005425949285997121,1.0
20130619,GOLD_USD,1366.0,-0.9067827348567259,-0.009109190333116034,1.0
20130620,GOLD_USD,1303.25,-4.593704245973651,-0.04702561648252013,1.0
20130621,GOLD_USD,1290.25,-0.9975062344139696,-0.010025146619378818,1.0
20130624,GOLD_USD,1283.25,-0.5425305173415995,-0.00544007558842397,3.0
20130625,GOLD_USD,1285.0,0.13637249172024912,0.001362795888907698,1.0
20130626,GOLD_USD,1229.0,-4.357976653696493,-0.04455788776328531,1.0
20130627,GOLD_USD,1232.0,0.24410089503661414,0.0024380345274302557,1.0
20130628,GOLD_USD,1203.25,-2.3336038961038974,-0.02361263591024635,1.0
20130701,GOLD_USD,1243.5,3.3451070018699403,0.03290375506024065,3.0
20130702,GOLD_USD,1260.75,1.3872135102533267,0.013776797713375418,1.0
20130703,GOLD_USD,1246.0,-1.1699385286535802,-0.011768361609436237,1.0
20130704,GOLD_USD,1249.5,0.2808988764045006,0.0028050509276086816,1.0
20130705,GOLD_USD,1232.75,-1.340536214485799,-0.01349602517077163,1.0
20130708,GOLD_USD,1225.5,-0.5881160008111896,-0.005898522136068177,3.0
20130709,GOLD_USD,1252.0,2.1623827009384033,0.021393348691876677,1.0
20130710,GOLD_USD,1252.25,0.019968051118213204,0.0001996605776823692,1.0
20130711,GOLD_USD,1280.75,2.275903373926935,0.022503910581585525,1.0
20130712,GOLD_USD,1275.0,-0.4489556900253766,-0.004499665226785156,1.0
20130715,GOLD_USD,1281.25,0.4901960784313708,0.00488998529419177,3.0
20130716,GOLD_USD,1286.0,0.3707317073170735,0.0037004619108463913,1.0
20130717,GOLD_USD,1284.25,-0.13608087091757648,-0.001361735450187486,1.0
20130718,GOLD_USD,1279.75,-0.35039906560249134,-0.003510144009684602,1.0
20130719,GOLD_USD,1286.0,0.4883766360617381,0.004871879459872138,1.0
20130722,GOLD_USD,1313.75,2.1578538102643874,0.021349017393596202,3.0
20130723,GOLD_USD,1326.75,0.9895337773548896,0.009846699516843364,1.0
20130724,GOLD_USD,1340.0,0.9986809873751668,0.009937271236952722,1.0
20130725,GOLD_USD,1312.0,-2.0895522388059695,-0.021116923440922697,1.0
20130726,GOLD_USD,1327.75,1.200457317073167,0.011933089798474149,1.0
20130729,GOLD_USD,1330.75,0.22594614950104397,0.002256912750358318,3.0
20130730,GOLD_USD,1322.25,-0.638737554010893,-0.00640786210677744,1.0
20130731,GOLD_USD,1331.5,0.6995651351862309,0.006971295307897574,1.0
20130801,GOLD_USD,1323.75,-0.582050319188887,-0.005837508338370731,1.0
20130802,GOLD_USD,1285.75,-2.870632672332385,-0.029126412260590588,1.0
20130805,GOLD_USD,1311.0,1.9638343379350554,0.01944799910867424,3.0
20130806,GOLD_USD,1292.0,-1.449275362318836,-0.014598799421152636,1.0
20130807,GOLD_USD,1275.5,-1.2770897832817374,-0.012853146760681111,1.0
20130808,GOLD_USD,1287.75,0.9604076832614661,0.009558250863828518,1.0
20130809,GOLD_USD,1305.5,1.3783731314307879,0.01368959969348891,1.0
20130812,GOLD_USD,1325.75,1.5511298353121372,0.0153922278780558,3.0
20130813,GOLD_USD,1334.0,0.6222892702244076,0.006203610458329717,1.0
20130814,GOLD_USD,1323.25,-0.8058470764617742,-0.008091115737472144,1.0
20130815,GOLD_USD,1339.5,1.228037030039686,0.0122055782465666,1.0
20130816,GOLD_USD,1360.75,1.5864128406121614,0.015739608329645906,1.0
20130819,GOLD_USD,1375.25,1.065588829689501,0.010599514441257972,3.0
20130820,GOLD_USD,1365.75,-0.6907834939101964,-0.00693180447974042,1.0
20130821,GOLD_USD,1360.0,-0.4210140948196939,-0.004219028545729311,1.0
20130822,GOLD_USD,1370.5,0.7720588235294201,0.007690937012742873,1.0
20130823,GOLD_USD,1374.5,0.2918642831083451,0.0029143918624598263,1.0
20130827,GOLD_USD,1411.0,2.655511094943619,0.02620864424751363,4.0
20130828,GOLD_USD,1425.5,1.0276399716513174,0.01022395649991274,1.0
20130829,GOLD_USD,1406.25,-1.350403367239561,-0.013596042399996379,1.0
20130830,GOLD_USD,1392.75,-0.9600000000000053,-0.00964637705180545,1.0
20130902,GOLD_USD,1391.25,-0.1077005923532548,-0.0010775863111702484,3.0
20130903,GOLD_USD,1391.25,0.0,0.0,1.0
20130904,GOLD_USD,1403.75,0.8984725965857976,0.008944603462898285,1.0
20130905,GOLD_USD,1391.75,-0.8548530721282255,-0.008585278989035765,1.0
20130906,GOLD_USD,1368.25,-1.6885216454104568,-0.017029397039589635,1.0
20130909,GOLD_USD,1386.0,1.2972775443084172,0.012889349725820948,3.0
20130910,GOLD_USD,1373.0,-0.9379509379509376,-0.009423773981877489,1.0
20130911,GOLD_USD,1365.25,-0.5644573925710161,-0.005660564735708009,1.0
20130912,GOLD_USD,1340.25,-1.831166453030586,-0.01848139832461602,1.0
20130913,GOLD_USD,1308.25,-2.387614251072556,-0.024165797455329867,1.0
20130916,GOLD_USD,1314.75,0.4968469329256653,0.004956167217136388,3.0
20130917,GOLD_USD,1317.25,0.19015021867274662,0.0018996966199415408,1.0
20130918,GOLD_USD,1299.75,-1.328525336876063,-0.013374291825569961,1.0
20130919,GOLD_USD,1363.5,4.904789382573571,0.04788298502181806,1.0
20130920,GOLD_USD,1355.25,-0.6050605060506031,-0.00606898414519563,1.0
20130923,GOLD_USD,1321.75,-2.4718686589190186,-0.02502932302488797,3.0
20130924,GOLD_USD,1316.5,-0.3972006809154549,-0.003979916179195522,1.0
20130925,GOLD_USD,1320.25,0.2848461830611493,0.002844412650678471,1.0
20130926,GOLD_USD,1332.5,0.9278545729975329,0.009235764452957011,1.0
20130927,GOLD_USD,1321.5,-0.8255159474671703,-0.008289421995655749,1.0
20130930,GOLD_USD,1335.75,1.0783200908059065,0.010725476793536875,3.0
20131001,GOLD_USD,1332.25,-0.26202507954332654,-0.0026236896609890727,1.0
20131002,GOLD_USD,1293.75,-2.8898480015012162,-0.029324264163212398,1.0
20131003,GOLD_USD,1309.0,1.1787439613526463,0.01171850889622062,1.0
20131004,GOLD_USD,1316.0,0.5347593582887722,0.005333345975362603,1.0
20131007,GOLD_USD,1311.0,-0.37993920972644313,-0.003806628121562662,3.0
20131008,GOLD_USD,1321.0,0.7627765064835978,0.0075988207586254524,1.0
20131009,GOLD_USD,1309.5,-0.8705526116578377,-0.008743640574558759,1.0
20131010,GOLD_USD,1298.0,-0.8781977854142808,-0.00882076668373129,1.0
20131011,GOLD_USD,1285.75,-0.9437596302003026,-0.009482412609009665,1.0
20131014,GOLD_USD,1276.0,-0.7583122691036337,-0.0076120207502903695,3.0
20131015,GOLD_USD,1255.5,-1.6065830721003094,-0.016196285307095448,1.0
20131016,GOLD_USD,1278.25,1.8120270808442918,0.017958055362468986,1.0
20131017,GOLD_USD,1308.5,2.366516722080969,0.023389488010091917,1.0
20131018,GOLD_USD,1317.0,0.6495987772258349,0.0064749797730805315,1.0
20131021,GOLD_USD,1316.0,-0.07593014426727773,-0.0007595898580185669,3.0
20131022,GOLD_USD,1311.75,-0.32294832826748054,-0.0032347093184414023,1.0
20131023,GOLD_USD,1333.0,1.6199733180865206,0.016069917611887478,1.0
20131024,GOLD_USD,1336.25,0.2438109527381771,0.0024351421605462377,1.0
20131025,GOLD_USD,1341.75,0.41159962581851506,0.004107548717683182,1.0
20131028,GOLD_USD,1351.0,0.6893981740264676,0.00687032690326072,3.0
20131029,GOLD_USD,1346.75,-0.3145817912657334,-0.003150776399555764,1.0
20131030,GOLD_USD,1349.5,0.20419528494524108,0.0020398708974162343,1.0
20131031,GOLD_USD,1333.75,-1.1670989255279762,-0.011739629842096252,1.0
20131101,GOLD_USD,1314.75,-1.4245548266166863,-0.014347990146509592,1.0
20131104,GOLD_USD,1314.25,-0.038030043734549324,-0.00038037276989613087,3.0
20131105,GOLD_USD,1311.25,-0.22826707247479705,-0.002285279989050515,1.0
20131106,GOLD_USD,1317.0,0.43851286939942113,0.004375542032774042,1.0
20131107,GOLD_USD,1316.0,-0.07593014426727773,-0.0007595898580185669,1.0
20131108,GOLD_USD,1309.0,-0.5319148936170248,-0.005333345975362617,1.0
20131111,GOLD_USD,1283.75,-1.928953399541633,-0.019478004667131926,3.0
20131112,GOLD_USD,1281.0,-0.21421616358324735,-0.002144459346033692,1.0
20131113,GOLD_USD,1276.0,-0.3903200624512104,-0.00391083799199906,1.0
20131114,GOLD_USD,1283.25,0.5681818181818121,0.0056657375356773,1.0
20131115,GOLD_USD,1281.75,-0.11689070718877703,-0.0011695907766025733,1.0
20131118,GOLD_USD,1283.5,0.13653208503998648,0.0013643896473851582,3.0
20131119,GOLD_USD,1272.25,-0.8765095442150317,-0.008803734842252994,1.0
20131120,GOLD_USD,1271.5,-0.05895067793280084,-0.0005896806067677717,1.0
20131121,GOLD_USD,1248.5,-1.8088871411718443,-0.01825447514234642,1.0
20131122,GOLD_USD,1241.75,-0.5406487785342362,-0.005421155732367972,1.0
20131125,GOLD_USD,1231.75,-0.8053150795248598,-0.00808575256338738,3.0
20131126,GOLD_USD,1250.75,1.542520803734515,0.01530744894424187,1.0
20131127,GOLD_USD,1250.75,0.0,0.0,1.0
20131128,GOLD_USD,1241.75,-0.7195682590445784,-0.007221696380854587,1.0
20131129,GOLD_USD,1245.25,0.28186027783370093,0.0028146379659328637,1.0
20131202,GOLD_USD,1237.5,-0.6223649869504078,-0.006243097510547363,3.0
20131203,GOLD_USD,1219.0,-1.4949494949494935,-0.015062364961573827,1.0
20131204,GOLD_USD,1213.0,-0.4922067268252617,-0.004934220537221344,1.0
20131205,GOLD_USD,1234.0,1.731244847485569,0.017164295521282954,1.0
20131206,GOLD_USD,1230.75,-0.26337115072933015,-0.0026371858270231004,1.0
20131209,GOLD_USD,1228.5,-0.1828153564899404,-0.001829826677076116,3.0
20131210,GOLD_USD,1245.75,1.4041514041513992,0.013943845200280091,1.0
20131211,GOLD_USD,1255.25,0.7625928155729378,0.007596997753300832,1.0
20131212,GOLD_USD,1243.5,-0.9360685122485557,-0.009404771671355519,1.0
20131213,GOLD_USD,1222.75,-1.6686771210293494,-0.016827563823992753,1.0
20131216,GOLD_USD,1229.5,0.5520343488039314,0.005505162236780744,3.0
20131217,GOLD_USD,1237.25,0.6303375355835694,0.006283592175748175,1.0
20131218,GOLD_USD,1233.25,-0.3232976358860329,-0.003238213718147764,1.0
20131219,GOLD_USD,1205.25,-2.2704236772754904,-0.02296594682811596,1.0
20131220,GOLD_USD,1195.0,-0.8504459655673147,-0.008540828920120667,1.0
20131223,GOLD_USD,1192.75,-0.1882845188284521,-0.001884619969394655,3.0
20131224,GOLD_USD,1196.5,0.3143994969608155,0.0031390629522117307,1.0
20131227,GOLD_USD,1209.25,1.0656080234015874,0.010599704354664565,3.0
20131230,GOLD_USD,1201.5,-0.640893115567498,-0.006429556526568954,3.0
20131231,GOLD_USD,1201.5,0.0,0.0,1.0
20140102,GOLD_USD,1219.75,1.5189346650020807,0.015075143519422967,2.0
20140103,GOLD_USD,1232.25,1.0248001639680204,0.010195846889540524,1.0
20140106,GOLD_USD,1238.0,0.46662609048488957,0.004655407659054301,3.0
20140107,GOLD_USD,1237.5,-0.040387722132473325,-0.000403958801696061,1.0
20140108,GOLD_USD,1226.5,-0.8888888888888835,-0.008928630744301318,1.0
20140109,GOLD_USD,1226.0,-0.040766408479409044,-0.0004077472023872452,1.0
20140110,GOLD_USD,1232.25,0.5097879282218498,0.005084929089330345,1.0
20140113,GOLD_USD,1246.0,1.1158449989856045,0.01109665376191139,3.0
20140114,GOLD_USD,1248.75,0.2207062600320997,0.002204630615364791,1.0
20140115,GOLD_USD,1238.0,-0.860860860860857,-0.008645876718221824,1.0
20140116,GOLD_USD,1237.25,-0.060581583198704436,-0.0006059994125459378,1.0
20140117,GOLD_USD,1241.0,0.30309153364316277,0.0030263313726117923,1.0
20140120,GOLD_USD,1254.75,1.107977437550356,0.01101884333043577,3.0
20140121,GOLD_USD,1247.75,-0.557880055788007,-0.0055944201853244365,1.0
20140122,GOLD_USD,1239.5,-0.6611901422560629,-0.006633856874473448,1.0
20140123,GOLD_USD,1244.25,0.38321903993545625,0.003824866263418353,1.0
20140124,GOLD_USD,1259.25,1.2055455093429757,0.011983366887096308,1.0
20140127,GOLD_USD,1270.0,0.8536827476672615,0.008500594826877057,3.0
20140128,GOLD_USD,1253.5,-1.2992125984251923,-0.013077261854288829,1.0
20140129,GOLD_USD,1254.75,0.09972078181093025,0.0009967109366949714,1.0
20140130,GOLD_USD,1254.0,-0.059772863120144404,-0.0005979073421770492,1.0
20140131,GOLD_USD,1246.5,-0.5980861244019087,-0.00599881822925338,1.0
20140203,GOLD_USD,1246.5,0.0,0.0,3.0
20140204,GOLD_USD,1253.0,0.5214600882470943,0.005201051932455752,1.0
20140205,GOLD_USD,1257.0,0.31923383878691425,0.003187253694179149,1.0
20140206,GOLD_USD,1258.5,0.11933174224343368,0.0011926059851231061,1.0
20140207,GOLD_USD,1260.0,0.11918951132301459,0.001191185370153232,1.0
20140210,GOLD_USD,1273.5,1.0714285714285676,0.010657294473987979,3.0
20140211,GOLD_USD,1282.75,0.7263447192775718,0.0072371954025623846,1.0
20140212,GOLD_USD,1286.5,0.2923406743324808,0.0029191418997246018,1.0
20140213,GOLD_USD,1290.25,0.29148853478428993,0.002910645307037585,1.0
20140214,GOLD_USD,1308.5,1.4144545630691674,0.014045444941363967,1.0
20140217,GOLD_USD,1326.0,1.3374092472296484,0.013285448775607231,3.0
20140218,GOLD_USD,1314.0,-0.9049773755656076,-0.009090971701251963,1.0
20140219,GOLD_USD,1318.75,0.36149162861491835,0.0036083981798208254,1.0
20140220,GOLD_USD,1313.75,-0.37914691943128354,-0.003798675033215784,1.0
20140221,GOLD_USD,1320.75,0.532825880114185,0.00531411385326441,1.0
20140224,GOLD_USD,1333.0,0.9275033125118348,0.009232284134283501,3.0
20140225,GOLD_USD,1332.75,-0.018754688672173447,-0.00018756447583831773,1.0
20140226,GOLD_USD,1340.0,0.5439879947477078,0.005425137242086703,1.0
20140227,GOLD_USD,1331.0,-0.6716417910447747,-0.006739074549845407,1.0
20140228,GOLD_USD,1327.75,-0.24417731029301448,-0.0024447590926031126,1.0
20140303,GOLD_USD,1344.25,1.2427038222556863,0.012350456387278837,3.0
20140304,GOLD_USD,1339.5,-0.35335689045936647,-0.0035398267051240623,1.0
20140305,GOLD_USD,1333.5,-0.4479283314669624,-0.00448934536259444,1.0
20140306,GOLD_USD,1334.25,0.05624296962880582,0.0005622715919853505,1.0
20140307,GOLD_USD,1348.25,1.049278620948102,0.010438119003282216,1.0
20140310,GOLD_USD,1334.25,-1.0383830891896872,-0.010438119003282148,3.0
20140311,GOLD_USD,1348.0,1.0305415027168863,0.010252676258198168,1.0
20140312,GOLD_USD,1355.75,0.5749258160237414,0.005732794248917714,1.0
20140313,GOLD_USD,1371.0,1.1248386501936158,0.01118559384114432,1.0
20140314,GOLD_USD,1370.0,-0.07293946024798936,-0.0007296607401437432,1.0
20140317,GOLD_USD,1379.0,0.6569343065693456,0.006547858971131238,3.0
20140318,GOLD_USD,1362.5,-1.1965192168237881,-0.0120373512559027,1.0
20140319,GOLD_USD,1346.0,-1.2110091743119278,-0.012184016332726038,1.0
20140320,GOLD_USD,1327.0,-1.411589895988108,-0.014216475872465554,1.0
20140321,GOLD_USD,1338.5,0.8666164280331623,0.008628828628199737,1.0
20140324,GOLD_USD,1322.0,-1.2327231976092645,-0.012403842548775608,3.0
20140325,GOLD_USD,1314.75,-0.5484114977307164,-0.005499207942178078,1.0
20140326,GOLD_USD,1314.5,-0.019015021867274662,-0.00019016829951766466,1.0
20140327,GOLD_USD,1295.0,-1.4834537847090101,-0.01494567003629773,1.0
20140328,GOLD_USD,1295.75,0.05791505791505891,0.0005789829361778175,1.0
20140331,GOLD_USD,1294.0,-0.1350569168435234,-0.0013514820089700222,3.0
20140401,GOLD_USD,1286.5,-0.5795981452859311,-0.005812843339046974,1.0
20140402,GOLD_USD,1284.0,-0.1943256898562007,-0.0019451474718923936,1.0
20140403,GOLD_USD,1287.25,0.2531152647974988,0.002527954676344168,1.0
20140404,GOLD_USD,1293.5,0.4855311711011945,0.004843562699833178,1.0
20140407,GOLD_USD,1299.0,0.42520293776575624,0.00424301504451576,3.0
20140408,GOLD_USD,1314.75,1.212471131639714,0.012051795798853947,1.0
20140409,GOLD_USD,1309.75,-0.38030043734550434,-0.003810254181124486,1.0
20140410,GOLD_USD,1321.5,0.8971177705669131,0.008931175756014901,1.0
20140411,GOLD_USD,1317.25,-0.32160423760877466,-0.0032212249549486973,1.0
20140414,GOLD_USD,1324.5,0.5503890681343604,0.005488799622729131,3.0
20140415,GOLD_USD,1311.5,-0.9815024537561334,-0.009863509405196024,1.0
20140416,GOLD_USD,1299.0,-0.9531071292413262,-0.00957678263632882,1.0
20140417,GOLD_USD,1299.25,0.019245573518089643,0.00019243721795168762,1.0
20140422,GOLD_USD,1290.75,-0.6542235905329985,-0.006563730128792734,5.0
20140423,GOLD_USD,1283.5,-0.5616889405384518,-0.0056327234485634425,1.0
20140424,GOLD_USD,1283.5,0.0,0.0,1.0
20140425,GOLD_USD,1294.25,0.8375535644721488,0.008340655470815658,1.0
20140428,GOLD_USD,1302.0,0.5988023952095745,0.005970166986503754,3.0
20140429,GOLD_USD,1289.75,-0.9408602150537626,-0.009453142643755253,1.0
20140430,GOLD_USD,1292.0,0.17445241325837468,0.001743004217787782,1.0
20140501,GOLD_USD,1283.0,-0.696594427244579,-0.0069903197269107,1.0
20140502,GOLD_USD,1285.0,0.1558846453624252,0.0015576327136836792,1.0
20140506,GOLD_USD,1308.5,1.8287937743190597,0.01812272464088031,4.0
20140507,GOLD_USD,1311.0,0.19105846388995928,0.0019087617934993837,1.0
20140508,GOLD_USD,1291.25,-1.5064836003051085,-0.015179463329851518,1.0
20140509,GOLD_USD,1289.0,-0.17424975798644438,-0.001744017494660886,1.0
20140512,GOLD_USD,1292.75,0.2909231962761938,0.002905008337143578,3.0
20140513,GOLD_USD,1292.75,0.0,0.0,1.0
20140514,GOLD_USD,1300.25,0.5801585766776363,0.005784821376851102,1.0
20140515,GOLD_USD,1303.75,0.2691790040376896,0.0026881736618003956,1.0
20140516,GOLD_USD,1293.75,-0.7670182166826467,-0.007699749301303003,1.0
20140519,GOLD_USD,1301.0,0.5603864734299524,0.005588221498826078,3.0
20140520,GOLD_USD,1291.5,-0.730207532667182,-0.007328865976610121,1.0
20140521,GOLD_USD,1292.0,0.038714672861006605,0.0003870718066518996,1.0
20140522,GOLD_USD,1294.5,0.19349845201237503,0.0019331148490450798,1.0
20140523,GOLD_USD,1292.0,-0.1931247585940543,-0.0019331148490451938,1.0
20140527,GOLD_USD,1283.0,-0.696594427244579,-0.0069903197269107,4.0
20140528,GOLD_USD,1265.25,-1.3834762275915846,-0.013931354521449078,1.0
20140529,GOLD_USD,1254.0,-0.889152341434496,-0.008931288901321336,1.0
20140530,GOLD_USD,1254.0,0.0,0.0,1.0
20140602,GOLD_USD,1244.75,-0.7376395534290259,-0.007403735670573885,3.0
20140603,GOLD_USD,1244.25,-0.040168708576016066,-0.00040176778362851183,1.0
20140604,GOLD_USD,1246.0,0.14064697609001975,0.0014054816087349464,1.0
20140605,GOLD_USD,1244.75,-0.10032102728732006,-0.001003713825106352,1.0
20140606,GOLD_USD,1254.0,0.7431211086563527,0.007403735670573858,1.0
20140609,GOLD_USD,1255.0,0.07974481658692412,0.0007971303730182785,3.0
20140610,GOLD_USD,1253.5,-0.11952191235059528,-0.0011959339675361557,1.0
20140611,GOLD_USD,1262.5,0.7179896290386845,0.0071542435511667375,1.0
20140612,GOLD_USD,1261.75,-0.05940594059405946,-0.000594235929143129,1.0
20140613,GOLD_USD,1273.0,0.8916187834357103,0.008876673337034817,1.0
20140616,GOLD_USD,1281.75,0.6873527101335375,0.0068500121064033895,3.0
20140617,GOLD_USD,1264.5,-1.345816266822708,-0.013549544553790172,1.0
20140618,GOLD_USD,1269.0,0.3558718861210064,0.0035524016043679218,1.0
20140619,GOLD_USD,1282.0,1.0244286840031425,0.010192169766227593,1.0
20140620,GOLD_USD,1310.0,2.1840873634945357,0.021605778714581837,1.0
20140623,GOLD_USD,1313.5,0.26717557251907387,0.0026681929303972274,3.0
20140624,GOLD_USD,1323.0,0.7232584697373534,0.007206554989361231,1.0
20140625,GOLD_USD,1312.0,-0.8314436885865417,-0.008349194610921293,1.0
20140626,GOLD_USD,1311.5,-0.03810975609755962,-0.0003811701971059746,1.0
20140627,GOLD_USD,1315.25,0.28593213877239343,0.0028552413039881993,1.0
20140630,GOLD_USD,1313.0,-0.17107013875689026,-0.0017121663081204202,3.0
20140701,GOLD_USD,1325.75,0.9710586443259617,0.009663741714443093,1.0
20140702,GOLD_USD,1326.75,0.07542900245143258,0.0007540056907648751,1.0
20140703,GOLD_USD,1322.5,-0.3203316374599585,-0.0032084579755499013,1.0
20140704,GOLD_USD,1321.5,-0.07561436672968158,-0.0007564296881105858,1.0
20140707,GOLD_USD,1313.25,-0.6242905788876318,-0.006262474210273009,3.0
20140708,GOLD_USD,1318.25,0.38073481819911326,0.0038001185765081298,1.0
20140709,GOLD_USD,1322.5,0.3223971173904827,0.0032187853218753125,1.0
20140710,GOLD_USD,1343.25,1.56899810964084,0.015568165876476485,1.0
20140711,GOLD_USD,1336.5,-0.5025125628140725,-0.005037794029957181,1.0
20140714,GOLD_USD,1321.25,-1.1410400299289192,-0.011475998394526305,3.0
20140715,GOLD_USD,1312.0,-0.7000946073793757,-0.007025567680413039,1.0
20140716,GOLD_USD,1297.5,-1.1051829268292734,-0.011113354463990699,1.0
20140717,GOLD_USD,1302.75,0.4046242774566444,0.004038078749280274,1.0
20140718,GOLD_USD,1310.25,0.5757052389176787,0.005740543892951675,1.0
20140721,GOLD_USD,1312.75,0.1908032818164429,0.0019062148356929895,3.0
20140722,GOLD_USD,1307.0,-0.4380118072748074,-0.004389738893746748,1.0
20140723,GOLD_USD,1307.5,0.038255547054322214,0.0003824823148560118,1.0
20140724,GOLD_USD,1300.0,-0.5736137667303964,-0.005752652489449811,1.0
20140725,GOLD_USD,1292.5,-0.5769230769230749,-0.0057859370670438875,1.0
20140728,GOLD_USD,1305.0,0.9671179883945946,0.009624713374209693,3.0
20140729,GOLD_USD,1307.5,0.19157088122605526,0.0019138761822841976,1.0
20140730,GOLD_USD,1297.5,-0.7648183556405397,-0.007677580899034306,1.0
20140731,GOLD_USD,1295.0,-0.19267822736031004,-0.001928640906405597,1.0
20140801,GOLD_USD,1284.5,-0.8108108108108136,-0.008141157583699885,1.0
20140804,GOLD_USD,1293.5,0.7006617360840739,0.0069821850761455,3.0
20140805,GOLD_USD,1292.75,-0.05798221878623444,-0.0005799903497529185,1.0
20140806,GOLD_USD,1288.5,-0.3287565267839909,-0.003292981183911139,1.0
20140807,GOLD_USD,1302.0,1.0477299185098987,0.010422792676094833,1.0
20140808,GOLD_USD,1317.5,1.1904761904761862,0.011834457647002798,1.0
20140811,GOLD_USD,1308.25,-0.7020872865275196,-0.00704563516320025,3.0
20140812,GOLD_USD,1311.0,0.2102044716223883,0.0020998385113825666,1.0
20140813,GOLD_USD,1309.25,-0.1334858886346324,-0.0013357506041028026,1.0
20140814,GOLD_USD,1315.0,0.43918273820888754,0.004382211452267756,1.0
20140815,GOLD_USD,1313.6,-0.1064638783270011,-0.0010652059137011996,1.0
20140818,GOLD_USD,1302.75,-0.82597442143727,-0.008294044908839752,3.0
20140819,GOLD_USD,1300.25,-0.1919017463058892,-0.001920861136142134,1.0
20140820,GOLD_USD,1294.5,-0.44222264949048684,-0.004432033461589566,1.0
20140821,GOLD_USD,1280.5,-1.0814986481266886,-0.010873893552012381,1.0
20140822,GOLD_USD,1281.0,0.03904724716907726,0.0003903962571543386,1.0
20140826,GOLD_USD,1286.5,0.42935206869632037,0.004284329825064509,4.0
20140827,GOLD_USD,1285.0,-0.11659541391372263,-0.0011666343924787194,1.0
20140828,GOLD_USD,1288.0,0.23346303501945442,0.0023319093349787427,1.0
20140829,GOLD_USD,1285.75,-0.17468944099379158,-0.001748422009273369,1.0
20140901,GOLD_USD,1287.25,0.11666342601595048,0.0011659542712252231,3.0
20140902,GOLD_USD,1277.75,-0.7380073800738018,-0.007407441277861805,1.0
20140903,GOLD_USD,1268.5,-0.7239287810604567,-0.007265618609052371,1.0
20140904,GOLD_USD,1271.0,0.19708316909736734,0.0019688921501175675,1.0
20140905,GOLD_USD,1264.0,-0.5507474429582992,-0.005522696482651305,1.0
20140908,GOLD_USD,1267.25,0.25712025316455556,0.002567902645655995,3.0
20140909,GOLD_USD,1256.0,-0.8877490629315421,-0.008917130324314728,1.0
20140910,GOLD_USD,1254.25,-0.13933121019108485,-0.001394283663781651,1.0
20140911,GOLD_USD,1247.0,-0.5780346820809301,-0.005797117684325958,1.0
20140912,GOLD_USD,1237.25,-0.7818765036086583,-0.007849491848040983,1.0
20140915,GOLD_USD,1234.75,-0.20206102242877888,-0.0020226544112612777,3.0
20140916,GOLD_USD,1238.75,0.3239522170479958,0.0032342862234636307,1.0
20140917,GOLD_USD,1236.5,-0.1816347124117046,-0.0018179986827268424,1.0
20140918,GOLD_USD,1223.0,-1.0917913465426587,-0.01097795127429852,1.0
20140919,GOLD_USD,1222.5,-0.040883074407194187,-0.00040891433814525227,1.0
20140922,GOLD_USD,1214.0,-0.6952965235173858,-0.006977249729583553,3.0
20140923,GOLD_USD,1225.0,0.906095551894559,0.009020151359383744,1.0
20140924,GOLD_USD,1224.0,-0.08163265306122547,-0.0008166599065559779,1.0
20140925,GOLD_USD,1210.5,-1.1029411764705843,-0.011090686694158173,1.0
20140926,GOLD_USD,1222.25,0.9706732755059955,0.009659925080641818,1.0
20140929,GOLD_USD,1217.75,-0.3681734506033929,-0.00368852877210287,3.0
20140930,GOLD_USD,1210.0,-0.6364196263600852,-0.0063845340958652175,1.0
20141001,GOLD_USD,1208.5,-0.12396694214875659,-0.0012404384472490325,1.0
20141002,GOLD_USD,1214.5,0.49648324369051533,0.004952548298689385,1.0
20141003,GOLD_USD,1207.5,-0.5763688760806907,-0.005780362915499425,1.0
20141006,GOLD_USD,1193.25,-1.1801242236024856,-0.011871429640721824,3.0
20141007,GOLD_USD,1207.5,1.1942174732872513,0.011871429640721916,1.0
20141008,GOLD_USD,1220.0,1.0351966873705987,0.010298752200574473,1.0
20141009,GOLD_USD,1227.5,0.6147540983606481,0.006128721941373326,1.0
20141010,GOLD_USD,1222.25,-0.4276985743380868,-0.00428615820992072,1.0
20141013,GOLD_USD,1228.0,0.47044385354877427,0.0046934072483327495,3.0
20141014,GOLD_USD,1233.0,0.4071661237784907,0.004063394457256417,1.0
20141015,GOLD_USD,1223.5,-0.770478507704786,-0.007734620281617954,1.0
20141016,GOLD_USD,1241.0,1.4303228442991367,0.014201902321880806,1.0
20141017,GOLD_USD,1238.0,-0.241740531829171,-0.002420331960065807,1.0
20141020,GOLD_USD,1241.0,0.24232633279483995,0.002420331960065893,3.0
20141021,GOLD_USD,1251.75,0.866236905721185,0.008625066005446864,1.0
20141022,GOLD_USD,1246.75,-0.39944078290393703,-0.004002406783822248,1.0
20141023,GOLD_USD,1240.5,-0.5013033888109031,-0.005025641294376177,1.0
20141024,GOLD_USD,1231.75,-0.7053607416364405,-0.007078601707783267,1.0
20141027,GOLD_USD,1230.5,-0.10148163182464032,-0.001015331592961916,3.0
20141028,GOLD_USD,1228.25,-0.182852498984154,-0.0018301987823529451,1.0
20141029,GOLD_USD,1228.0,-0.020354162426217126,-0.00020356234166985914,1.0
20141030,GOLD_USD,1205.75,-1.8118892508143358,-0.01828504975800655,1.0
20141031,GOLD_USD,1173.25,-2.695417789757415,-0.027324104274554246,1.0
20141103,GOLD_USD,1170.75,-0.21308331557639004,-0.0021331066108758977,3.0
20141104,GOLD_USD,1169.25,-0.12812299807815064,-0.0012820514576555005,1.0
20141105,GOLD_USD,1145.25,-2.052597819114821,-0.02073956383914412,1.0
20141106,GOLD_USD,1144.5,-0.06548788474132206,-0.0006550933742301113,1.0
20141107,GOLD_USD,1145.0,0.0436871996505106,0.0004367765957187175,1.0
20141110,GOLD_USD,1172.0,2.358078602620095,0.023307054148617976,3.0
20141111,GOLD_USD,1151.25,-1.770477815699656,-0.017863382567441296,1.0
20141112,GOLD_USD,1163.25,1.042345276872969,0.010369503155241343,1.0
20141113,GOLD_USD,1161.0,-0.19342359767892114,-0.0019361090268664404,1.0
20141114,GOLD_USD,1154.0,-0.6029285099052539,-0.006047534629846625,1.0
20141117,GOLD_USD,1187.0,2.859618717504331,0.028194947541623147,3.0
20141118,GOLD_USD,1202.0,1.2636899747261898,0.012557720485484746,1.0
20141119,GOLD_USD,1200.75,-0.10399334442595665,-0.0010404745502191292,1.0
20141120,GOLD_USD,1194.0,-0.562148657089323,-0.005637346592386402,1.0
20141121,GOLD_USD,1193.25,-0.06281407035175768,-0.0006283380665414447,1.0
20141124,GOLD_USD,1196.0,0.2304630211606984,0.002301978624571133,3.0
20141125,GOLD_USD,1202.25,0.5225752508361214,0.005212145647194991,1.0
20141126,GOLD_USD,1195.75,-0.5406529423996664,-0.0054211975973657445,1.0
20141127,GOLD_USD,1196.5,0.06272214091573858,0.0006270247880216943,1.0
20141128,GOLD_USD,1184.5,-1.0029251984956078,-0.010079883749587817,1.0
20141201,GOLD_USD,1178.75,-0.4854368932038833,-0.004866189651172899,3.0
20141202,GOLD_USD,1197.0,1.5482502651113395,0.015363871610305826,1.0
20141203,GOLD_USD,1203.25,0.5221386800334127,0.005207802625245559,1.0
20141204,GOLD_USD,1204.0,0.06233118637024582,0.0006231176855475839,1.0
20141205,GOLD_USD,1204.5,0.041528239202648365,0.00041519618615961333,1.0
20141208,GOLD_USD,1195.25,-0.7679535076795307,-0.0077091745487132615,3.0
20141209,GOLD_USD,1206.5,0.9412256850031442,0.00936823755887374,1.0
20141210,GOLD_USD,1228.25,1.8027351844177364,0.01786678598367119,1.0
20141211,GOLD_USD,1219.5,-0.7123956849175661,-0.007149453392782653,1.0
20141212,GOLD_USD,1223.5,0.3280032800327959,0.0032746652267513355,1.0
20141215,GOLD_USD,1210.75,-1.042092357989377,-0.010475601599387862,3.0
20141216,GOLD_USD,1199.25,-0.9498244889531327,-0.009543640901165256,1.0
20141217,GOLD_USD,1199.0,-0.020846362309778765,-0.00020848535465907767,1.0
20141218,GOLD_USD,1210.75,0.9799833194328533,0.009752126255824198,1.0
20141219,GOLD_USD,1197.5,-1.0943629981416514,-0.011003951998268252,1.0
20141222,GOLD_USD,1195.25,-0.18789144050104234,-0.0018806817788575357,3.0
20141223,GOLD_USD,1179.5,-1.3177159590043952,-0.013264748658483058,1.0
20141224,GOLD_USD,1177.0,-0.2119542178889322,-0.002121791587452965,1.0
20141229,GOLD_USD,1194.0,1.4443500424808908,0.01434018669227075,5.0
20141230,GOLD_USD,1186.5,-0.6281407035175879,-0.00630121807672914,1.0
20141231,GOLD_USD,1199.25,1.074589127686476,0.01068856450635508,1.0
20150102,GOLD_USD,1184.25,-1.250781738586615,-0.012586698578312122,2.0
20150105,GOLD_USD,1192.0,0.6544226303567768,0.006522905821434015,3.0
20150106,GOLD_USD,1211.0,1.593959731543615,0.01581389592779709,1.0
20150107,GOLD_USD,1213.75,0.22708505367465825,0.002268276052442507,1.0
20150108,GOLD_USD,1206.5,-0.5973223480947532,-0.0059911345404482985,1.0
20150109,GOLD_USD,1211.25,0.3937007874015741,0.003929278139889557,1.0
20150112,GOLD_USD,1222.0,0.8875128998967918,0.008835976526564556,3.0
20150113,GOLD_USD,1239.0,1.3911620294599025,0.013815741897601822,1.0
20150114,GOLD_USD,1228.75,-0.8272800645682032,-0.00830721016776617,1.0
20150115,GOLD_USD,1235.25,0.528992878942014,0.005275986264483085,1.0
20150116,GOLD_USD,1258.25,1.86197126087837,0.018448487930610033,1.0
20150119,GOLD_USD,1275.5,1.3709517186568654,0.013616391925396718,3.0
20150120,GOLD_USD,1292.25,1.3132105056840482,0.013046626494282636,1.0
20150121,GOLD_USD,1298.0,0.444960340491396,0.00443973318788666,1.0
20150122,GOLD_USD,1287.0,-0.8474576271186418,-0.00851068966790862,1.0
20150123,GOLD_USD,1293.5,0.5050505050504972,0.005037794029957081,1.0
20150126,GOLD_USD,1282.75,-0.8310784692694195,-0.008345511804009598,3.0
20150127,GOLD_USD,1279.0,-0.2923406743324919,-0.0029276882432315195,1.0
20150128,GOLD_USD,1287.0,0.6254886630179923,0.006235406017284067,1.0
20150129,GOLD_USD,1275.5,-0.8935508935508985,-0.008975670014260627,1.0
20150130,GOLD_USD,1263.5,-0.9408075264602078,-0.00945261075361713,1.0
20150202,GOLD_USD,1274.25,0.8508112386228728,0.008472122391902178,3.0
20150203,GOLD_USD,1281.0,0.5297233666862855,0.005283252676583143,1.0
20150204,GOLD_USD,1269.25,-0.917252146760339,-0.009214848069230489,1.0
20150205,GOLD_USD,1263.75,-0.4333267677762431,-0.004342683492822512,1.0
20150206,GOLD_USD,1264.0,0.01978239366964285,0.0001978043721216484,1.0
20150209,GOLD_USD,1242.25,-1.7207278481012667,-0.017357044224372783,3.0
20150210,GOLD_USD,1237.5,-0.3823706983296482,-0.003831036039584636,1.0
20150211,GOLD_USD,1235.5,-0.16161616161616266,-0.001617469014180614,1.0
20150212,GOLD_USD,1225.25,-0.8296236341562069,-0.00833084163900783,1.0
20150213,GOLD_USD,1225.75,0.04080799836767568,0.0004079967416857083,1.0
20150216,GOLD_USD,1233.5,0.6322659596165625,0.006302755438068769,3.0
20150217,GOLD_USD,1221.75,-0.9525739764896679,-0.00957139981914723,1.0
20150218,GOLD_USD,1206.5,-1.2482095355023537,-0.012560651085177784,1.0
20150219,GOLD_USD,1217.75,0.9324492333195211,0.009281287621565637,1.0
20150220,GOLD_USD,1203.5,-1.170190925887904,-0.011770915463525359,1.0
20150223,GOLD_USD,1193.5,-0.83090984628168,-0.00834381144424187,3.0
20150224,GOLD_USD,1195.5,0.1675743611227576,0.0016743411194947292,1.0
20150225,GOLD_USD,1206.5,0.9201171058134561,0.009159098166706892,1.0
20150226,GOLD_USD,1220.0,1.1189390799834165,0.011127252662215753,1.0
20150227,GOLD_USD,1205.0,-1.2295081967213073,-0.012371291802546829,1.0
20150302,GOLD_USD,1216.75,0.9751037344398306,0.00970380278880828,3.0
20150303,GOLD_USD,1207.75,-0.7396753647010423,-0.00742424527904758,1.0
20150304,GOLD_USD,1204.25,-0.2897950734837562,-0.002902157924185932,1.0
20150305,GOLD_USD,1199.75,-0.37367656217562883,-0.003743764771975277,1.0
20150306,GOLD_USD,1196.5,-0.2708897687018097,-0.0027125733899268575,1.0
20150309,GOLD_USD,1173.75,-1.901379022147931,-0.019196876825955344,3.0
20150310,GOLD_USD,1161.0,-1.0862619808306717,-0.010922048824581174,1.0
20150311,GOLD_USD,1158.75,-0.19379844961240345,-0.0019398648178265917,1.0
20150312,GOLD_USD,1161.25,0.21574973031284195,0.002155173247983412,1.0
20150313,GOLD_USD,1156.5,-0.40904198062432506,-0.004098808456554379,1.0
20150316,GOLD_USD,1157.0,0.04323389537397304,0.0004322455221827011,3.0
20150317,GOLD_USD,1154.75,-0.19446845289542436,-0.001946577882961858,1.0
20150318,GOLD_USD,1149.0,-0.49794327776575553,-0.00499187146195914,1.0
20150319,GOLD_USD,1164.0,1.305483028720622,0.012970350442627405,1.0
20150320,GOLD_USD,1171.75,0.6658075601374547,0.006636008511432349,1.0
20150323,GOLD_USD,1181.4,0.8235545124813282,0.008201818070319321,3.0
20150324,GOLD_USD,1193.25,1.0030472320974981,0.009980501012870952,1.0
20150325,GOLD_USD,1192.55,-0.05866331447726969,-0.0005868052813199312,1.0
20150326,GOLD_USD,1209.4,1.4129386608528138,0.014030497234426686,1.0
20150327,GOLD_USD,1198.0,-0.9426161733090854,-0.00947086916371793,1.0
20150330,GOLD_USD,1187.4,-0.8848080133555869,-0.008887456838819556,3.0
20150331,GOLD_USD,1179.25,-0.686373589354905,-0.006887399672204111,1.0
20150401,GOLD_USD,1181.25,0.1695993216027203,0.001694556643581523,1.0
20150402,GOLD_USD,1201.5,1.7142857142857126,0.016997576368571077,1.0
20150407,GOLD_USD,1208.5,0.5826050769871083,0.005809144967014187,5.0
20150408,GOLD_USD,1211.1,0.21514273893254998,0.0021491163834670107,1.0
20150409,GOLD_USD,1196.0,-1.2468004293617274,-0.012546382016427677,1.0
20150410,GOLD_USD,1201.9,0.4933110367893123,0.004920982448166252,1.0
20150413,GOLD_USD,1197.85,-0.3369664697562391,-0.003375354803745203,3.0
20150414,GOLD_USD,1191.45,-0.5342906039988216,-0.0053572304077472935,1.0
20150415,GOLD_USD,1189.85,-0.13429015065677952,-0.0013438040068657906,1.0
20150416,GOLD_USD,1204.6,1.239652056981977,0.012320312869235609,1.0
20150417,GOLD_USD,1204.55,-0.004150755437482001,-4.1508415837193316e-05,1.0
20150420,GOLD_USD,1203.25,-0.10792412104104754,-0.0010798240105646295,3.0
20150421,GOLD_USD,1197.7,-0.46125077913982127,-0.004623178229757567,1.0
20150422,GOLD_USD,1202.4,0.3924188027051967,0.003916508485303753,1.0
20150423,GOLD_USD,1187.75,-1.2183965402528307,-0.01225879837173406,1.0
20150424,GOLD_USD,1192.15,0.3704483266680825,0.0036976385673854906,1.0
20150427,GOLD_USD,1182.75,-0.7884913811181504,-0.007916164123158641,3.0
20150428,GOLD_USD,1201.4,1.5768336503910518,0.015645307904803736,1.0
20150429,GOLD_USD,1204.8,0.28300316297651396,0.0028260346295679445,1.0
20150430,GOLD_USD,1204.3,-0.041500664010629684,-0.00041509277919498326,1.0
20150501,GOLD_USD,1179.0,-2.1008054471477133,-0.021231863729063202,1.0
20150505,GOLD_USD,1187.4,0.7124681933842414,0.0070994212992042905,4.0
20150506,GOLD_USD,1191.25,0.3242378305541527,0.0032371331318368315,1.0
20150507,GOLD_USD,1183.0,-0.692549842602308,-0.006949590990025086,1.0
20150508,GOLD_USD,1185.25,0.1901944209636408,0.0019001378038408267,1.0
20150511,GOLD_USD,1184.75,-0.042185192997257204,-0.0004219409345300259,3.0
20150512,GOLD_USD,1184.45,-0.02532179784764388,-0.0002532500435618356,1.0
20150513,GOLD_USD,1193.0,0.7218540250749195,0.007192611293780205,1.0
20150514,GOLD_USD,1214.75,1.8231349538977426,0.018067151188096316,1.0
20150515,GOLD_USD,1216.3,0.12759827124921852,0.0012751693383782467,1.0
20150518,GOLD_USD,1228.15,0.9742662172161687,0.00969550846014692,3.0
20150519,GOLD_USD,1219.65,-0.6920978707812608,-0.00694503976258124,1.0
20150520,GOLD_USD,1206.75,-1.0576804821055275,-0.010633136781354004,1.0
20150521,GOLD_USD,1209.6,0.2361715351149707,0.0023589308846661944,1.0
20150522,GOLD_USD,1211.0,0.11574074074074403,0.0011567381278237332,1.0
20150526,GOLD_USD,1194.0,-1.4037985136250986,-0.014137449600544808,4.0
20150527,GOLD_USD,1187.85,-0.515075376884433,-0.005164064628016323,1.0
20150528,GOLD_USD,1189.45,0.1346971418950238,0.0013460650667442237,1.0
20150529,GOLD_USD,1190.4,0.07986884694606289,0.0007983696875520015,1.0
20150601,GOLD_USD,1187.3,-0.26041666666667407,-0.0026075634070809417,3.0
20150602,GOLD_USD,1188.75,0.12212583171902214,0.0012205131878534673,1.0
20150603,GOLD_USD,1186.6,-0.18086225026289204,-0.0018102600350573014,1.0
20150604,GOLD_USD,1182.45,-0.3497387493679338,-0.003503517650515854,1.0
20150605,GOLD_USD,1175.9,-0.5539346272569579,-0.00555474534465676,1.0
20150608,GOLD_USD,1173.4,-0.21260311250956843,-0.002128294337610586,3.0
20150609,GOLD_USD,1181.0,0.6476904721322674,0.006456019705602814,1.0
20150610,GOLD_USD,1186.0,0.42337002540220325,0.004224763360308474,1.0
20150611,GOLD_USD,1180.5,-0.4637436762225944,-0.0046482230321031265,1.0
20150612,GOLD_USD,1179.25,-0.10588733587463262,-0.0010594343611965878,1.0
20150615,GOLD_USD,1178.25,-0.08479966080136014,-0.0008483563605308575,3.0
20150616,GOLD_USD,1182.1,0.32675578187990606,0.0032622309524910275,1.0
20150617,GOLD_USD,1178.5,-0.3045427628796116,-0.003050074380145364,1.0
20150618,GOLD_USD,1198.0,1.6546457361052092,0.016411056299208762,1.0
20150619,GOLD_USD,1198.15,0.012520868113519157,0.00012520084318252207,1.0
20150622,GOLD_USD,1193.7,-0.3714059174560802,-0.00372097341758459,3.0
20150623,GOLD_USD,1183.35,-0.8670520231213952,-0.00870832789178442,1.0
20150624,GOLD_USD,1175.75,-0.6422444754299206,-0.006443157384050913,1.0
20150625,GOLD_USD,1174.6,-0.09780990856900207,-0.0009785777367382893,1.0
20150626,GOLD_USD,1174.4,-0.017027073046127494,-0.00017028522816781426,1.0
20150629,GOLD_USD,1176.5,0.17881471389644688,0.00178655030716593,3.0
20150630,GOLD_USD,1175.0,-0.12749681257968604,-0.0012757815891578427,1.0
20150701,GOLD_USD,1171.7,-0.280851063829779,-0.0028124619041493635,1.0
20150702,GOLD_USD,1164.3,-0.6315609797729826,-0.006335637631139609,1.0
20150703,GOLD_USD,1168.25,0.3392596409860005,0.0033868545375652422,1.0
20150706,GOLD_USD,1164.25,-0.34239246736571527,-0.003429799718048933,3.0
20150707,GOLD_USD,1166.25,0.1717844105647348,0.0017163702990669256,1.0
20150708,GOLD_USD,1154.25,-1.028938906752408,-0.010342690774455246,1.0
20150709,GOLD_USD,1162.1,0.6800952999783227,0.0067779308417295426,1.0
20150710,GOLD_USD,1162.4,0.025815334308587623,0.00025812002724521013,1.0
20150713,GOLD_USD,1154.95,-0.6409153475567808,-0.00642978028051026,3.0
20150714,GOLD_USD,1153.2,-0.15152171089657385,-0.001516366211315769,1.0
20150715,GOLD_USD,1154.75,0.1344086021505264,0.0013431835464675379,1.0
20150716,GOLD_USD,1145.1,-0.8356787183373071,-0.008391900891421071,1.0
20150717,GOLD_USD,1143.0,-0.1833900969347546,-0.0018355846244829787,1.0
20150720,GOLD_USD,1115.0,-2.4496937882764636,-0.024801979900591502,3.0
20150721,GOLD_USD,1108.0,-0.627802690582957,-0.006297816586989988,1.0
20150722,GOLD_USD,1096.8,-1.0108303249097506,-0.010159739059124517,1.0
20150723,GOLD_USD,1101.65,0.442195477753482,0.004412206662093342,1.0
20150724,GOLD_USD,1083.75,-1.6248354740616477,-0.016381806815446327,1.0
20150727,GOLD_USD,1098.6,1.3702422145328574,0.013609392813768276,3.0
20150728,GOLD_USD,1095.6,-0.2730748225013624,-0.0027344835195969044,1.0
20150729,GOLD_USD,1096.75,0.10496531580870272,0.0010491026574003985,1.0
20150730,GOLD_USD,1085.65,-1.0120811488488646,-0.010172375106542345,1.0
20150731,GOLD_USD,1080.05,-0.51582001565883,-0.005171549596859799,1.0
20150803,GOLD_USD,1093.0,1.1990185639553674,0.011918872833617289,3.0
20150804,GOLD_USD,1092.6,-0.036596523330290065,-0.00036603221492135477,1.0
20150805,GOLD_USD,1086.5,-0.5583012996521974,-0.005598656265132858,1.0
20150806,GOLD_USD,1085.0,-0.13805798435342354,-0.0013815337219243537,1.0
20150807,GOLD_USD,1091.35,0.5852534562211797,0.0058354750105264535,1.0
20150810,GOLD_USD,1094.8,0.31612223393044925,0.00315623618143741,3.0
20150811,GOLD_USD,1113.25,1.6852393131165488,0.01671196703528773,1.0
20150812,GOLD_USD,1116.8,0.31888614417245886,0.003183787806296176,1.0
20150813,GOLD_USD,1117.35,0.049247851002864884,0.0004923572822869676,1.0
20150814,GOLD_USD,1116.75,-0.05369848301784996,-0.0005371290581668929,1.0
20150817,GOLD_USD,1117.3,0.04925005596596588,0.0004923793210641103,3.0
20150818,GOLD_USD,1119.15,0.16557773203258463,0.0016544080323408802,1.0
20150819,GOLD_USD,1123.2,0.3618817852834688,0.0036122856859135658,1.0
20150820,GOLD_USD,1137.95,1.313212250712259,0.013046643718375989,1.0
20150821,GOLD_USD,1149.35,1.001801485126741,0.009968167180503227,1.0
20150824,GOLD_USD,1153.5,0.3610736503240952,0.00360423344338232,3.0
20150825,GOLD_USD,1154.25,0.06501950585175997,0.0006499837732899861,1.0
20150826,GOLD_USD,1134.4,-1.7197314273337594,-0.017346905609235172,1.0
20150827,GOLD_USD,1128.5,-0.5200987306064997,-0.005214559520272786,1.0
20150828,GOLD_USD,1125.5,-0.2658396101019034,-0.002661935910803433,1.0
20150901,GOLD_USD,1141.9,1.4571301643713896,0.014466160360815414,4.0
20150902,GOLD_USD,1140.0,-0.16638935108154174,-0.00166527931906132,1.0
20150903,GOLD_USD,1130.05,-0.872807017543864,-0.008766382873448796,1.0
20150904,GOLD_USD,1125.0,-0.4468828812884351,-0.004478843876571853,1.0
20150907,GOLD_USD,1121.0,-0.3555555555555534,-0.0035618915663605745,3.0
20150908,GOLD_USD,1120.85,-0.013380909901883342,-0.00013381805225501543,1.0
20150909,GOLD_USD,1122.3,0.1293661060802087,0.0012928250023051713,1.0
20150910,GOLD_USD,1107.75,-1.2964448008553786,-0.013049219942611198,1.0
20150911,GOLD_USD,1106.35,-0.1263823064771019,-0.0012646223626589213,1.0
20150914,GOLD_USD,1108.0,0.14913906087585804,0.0014902795902891296,3.0
20150915,GOLD_USD,1105.5,-0.2256317689530718,-0.0022588670097281652,1.0
20150916,GOLD_USD,1109.75,0.3844414292175413,0.003837043416643565,1.0
20150917,GOLD_USD,1118.15,0.7569272358639356,0.007540769158581583,1.0
20150918,GOLD_USD,1136.0,1.5963868890578103,0.015837786408370393,1.0
20150921,GOLD_USD,1136.85,0.07482394366196132,0.0007479596450510482,3.0
20150922,GOLD_USD,1129.3,-0.6641157584553747,-0.006663308196523163,1.0
20150923,GOLD_USD,1124.6,-0.41618701850704154,-0.004170554871523274,1.0
20150924,GOLD_USD,1134.45,0.875866974924433,0.008720535112047038,1.0
20150925,GOLD_USD,1145.5,0.9740402838379847,0.009693270923402013,1.0
20150928,GOLD_USD,1137.5,-0.698384984722833,-0.007008351068444776,3.0
20150929,GOLD_USD,1124.6,-1.134065934065942,-0.011405454967004233,1.0
20150930,GOLD_USD,1122.5,-0.18673306064377337,-0.0018690762416918598,1.0
20151001,GOLD_USD,1114.2,-0.7394209354120274,-0.007421682029694255,1.0
20151002,GOLD_USD,1106.3,-0.7090288996589589,-0.0071155445458500315,1.0
20151005,GOLD_USD,1134.35,2.53547862243515,0.02503868560200456,3.0
20151006,GOLD_USD,1136.9,0.22479834266322385,0.002245460492191449,1.0
20151007,GOLD_USD,1147.9,0.9675433195531769,0.009628925936390231,1.0
20151008,GOLD_USD,1143.3,-0.4007317710602032,-0.004015368523526907,1.0
20151009,GOLD_USD,1151.5,0.7172220764453785,0.0071466227128156755,1.0
20151012,GOLD_USD,1164.2,1.1029092488059167,0.010968715576895362,3.0
20151013,GOLD_USD,1154.4,-0.8417797629273305,-0.008453427377974004,1.0
20151014,GOLD_USD,1173.7,1.671864171864157,0.016580423646416962,1.0
20151015,GOLD_USD,1183.35,0.8221862486154752,0.008188247103129936,1.0
20151016,GOLD_USD,1176.35,-0.5915409642117675,-0.005932974982780288,1.0
20151019,GOLD_USD,1171.65,-0.39954095294766345,-0.004003412502011836,3.0
20151020,GOLD_USD,1173.7,0.17496692698331096,0.0017481403816621943,1.0
20151021,GOLD_USD,1174.4,0.059640453267451043,0.0005962267541729705,1.0
20151022,GOLD_USD,1166.45,-0.6769414168937393,-0.006792430583603467,1.0
20151023,GOLD_USD,1171.55,0.4372240558960794,0.004362710084793797,1.0
20151026,GOLD_USD,1168.5,-0.2603388673125262,-0.002606783382528952,3.0
20151027,GOLD_USD,1165.75,-0.23534445870774245,-0.00235621829048238,1.0
20151028,GOLD_USD,1171.5,0.493244692258199,0.004920322259420068,1.0
20151029,GOLD_USD,1159.0,-1.0670081092616357,-0.010727414608098692,1.0
20151030,GOLD_USD,1147.75,-0.9706643658326186,-0.009754060210420324,1.0
20151102,GOLD_USD,1135.8,-1.041167501633633,-0.010466255685999284,3.0
20151103,GOLD_USD,1130.9,-0.4314139813347273,-0.004323472566050727,1.0
20151104,GOLD_USD,1118.0,-1.1406844106463976,-0.01147240116223692,1.0
20151105,GOLD_USD,1107.3,-0.9570661896243338,-0.009616755010981937,1.0
20151106,GOLD_USD,1107.7,0.036123904994145306,0.00036117381882473003,1.0
20151109,GOLD_USD,1095.6,-1.0923535253227534,-0.010983635133964187,3.0
20151110,GOLD_USD,1092.5,-0.28294998174515085,-0.002833510419177761,1.0
20151111,GOLD_USD,1088.6,-0.35697940503433,-0.0035761809696456155,1.0
20151112,GOLD_USD,1087.6,-0.09186110600771791,-0.000919033241784019,1.0
20151113,GOLD_USD,1083.75,-0.35399043766090044,-0.003546184663563997,1.0
20151116,GOLD_USD,1094.5,0.9919261822376013,0.009870388868166026,3.0
20151117,GOLD_USD,1080.8,-1.2517131110096003,-0.012596130316928598,1.0
20151118,GOLD_USD,1070.5,-0.9529977794226485,-0.0095756786162516,1.0
20151119,GOLD_USD,1073.1,0.24287716020550132,0.0024258269033441584,1.0
20151120,GOLD_USD,1085.15,1.122914919392426,0.011166570333913264,1.0
20151123,GOLD_USD,1068.35,-1.5481730636317748,-0.015602824077997873,3.0
20151124,GOLD_USD,1073.0,0.43525062011513516,0.0043430614417013,1.0
20151125,GOLD_USD,1072.2,-0.07455731593661863,-0.0007458512372610374,1.0
20151126,GOLD_USD,1070.5,-0.15855250886028793,-0.001586783363699877,1.0
20151127,GOLD_USD,1064.65,-0.5464736104623946,-0.005479722397329851,1.0
20151130,GOLD_USD,1055.65,-0.8453482365096465,-0.00848941569831552,3.0
20151201,GOLD_USD,1069.25,1.2883057831667655,0.012800777172925963,1.0
20151202,GOLD_USD,1066.9,-0.2197802197802079,-0.0022002209096023124,1.0
20151203,GOLD_USD,1050.6,-1.5277907957634396,-0.01539581767755454,1.0
20151204,GOLD_USD,1063.0,1.1802779364172844,0.011733669822086751,1.0
20151207,GOLD_USD,1082.7,1.8532455315145802,0.018362821974904634,3.0
20151208,GOLD_USD,1071.75,-1.0113604876697213,-0.010165094838766165,1.0
20151209,GOLD_USD,1078.4,0.6204805225099141,0.006185634679956113,1.0
20151210,GOLD_USD,1072.0,-0.5934718100890302,-0.005952398527295385,1.0
20151211,GOLD_USD,1067.2,-0.4477611940298498,-0.004487666469388017,1.0
20151214,GOLD_USD,1068.0,0.07496251874061777,0.0007493443587807578,3.0
20151215,GOLD_USD,1069.15,0.10767790262173893,0.0010761997155041946,1.0
20151216,GOLD_USD,1065.75,-0.3180096338212701,-0.003185163590324575,1.0
20151217,GOLD_USD,1065.85,0.009383063570256311,9.382623388381309e-05,1.0
20151218,GOLD_USD,1055.25,-0.9945114228080754,-0.009994897216595267,1.0
20151221,GOLD_USD,1071.15,1.5067519545131525,0.014955132000620604,3.0
20151222,GOLD_USD,1077.0,0.5461419969191805,0.005446560493159686,1.0
20151223,GOLD_USD,1071.5,-0.510677808727944,-0.005119862242756816,1.0
20151224,GOLD_USD,1071.9,0.037330844610372615,0.0003732387838422278,1.0
20151229,GOLD_USD,1067.25,-0.43380912398545135,-0.004347528059402412,5.0
20151230,GOLD_USD,1067.8,0.05153431717028756,0.0005152104280143095,1.0
20151231,GOLD_USD,1062.25,-0.5197602547293512,-0.0052111570711649135,1.0
20160104,GOLD_USD,1072.7,0.9837608849140977,0.009789534608462607,4.0
20160105,GOLD_USD,1078.0,0.4940803579752018,0.0049286378655589,1.0
20160106,GOLD_USD,1083.85,0.5426716141001764,0.005412044571990032,1.0
20160107,GOLD_USD,1096.0,1.1210038289431346,0.011147671467028407,1.0
20160108,GOLD_USD,1097.45,0.13229927007298858,0.0013221183170040202,1.0
20160111,GOLD_USD,1104.7,0.6606223518155652,0.00658449805326445,3.0
20160112,GOLD_USD,1094.85,-0.8916447904408598,-0.008956437312478588,1.0
20160113,GOLD_USD,1081.8,-1.1919441019317634,-0.011991047128424333,1.0
20160114,GOLD_USD,1090.75,0.8273248289887292,0.008239212566392465,1.0
20160115,GOLD_USD,1081.1,-0.8847123538849533,-0.008886491704993407,1.0
20160118,GOLD_USD,1090.45,0.864859864952372,0.008611413764509517,3.0
20160119,GOLD_USD,1087.0,-0.31638314457334005,-0.0031688469420256713,1.0
20160120,GOLD_USD,1093.2,0.5703771849126182,0.00568756693270365,1.0
20160121,GOLD_USD,1096.8,0.3293084522502765,0.0032876741941917083,1.0
20160122,GOLD_USD,1097.65,0.07749817651350188,0.000774681621827256,1.0
20160125,GOLD_USD,1103.7,0.5511775156014975,0.005496640908906411,3.0
20160126,GOLD_USD,1114.7,0.9966476397571755,0.009917138616739379,1.0
20160127,GOLD_USD,1116.5,0.16147842468825502,0.0016134818846347532,1.0
20160128,GOLD_USD,1119.0,0.22391401701746805,0.0022366370317126933,1.0
20160129,GOLD_USD,1112.9,-0.5451295799821176,-0.005466208332545705,1.0
20160201,GOLD_USD,1122.0,0.8176835295174767,0.008143586103262188,3.0
20160202,GOLD_USD,1123.6,0.14260249554365334,0.0014250091474467914,1.0
20160203,GOLD_USD,1130.0,0.5695977216091164,0.005679816476297677,1.0
20160204,GOLD_USD,1146.25,1.4380530973451267,0.014278111864288292,1.0
20160205,GOLD_USD,1158.5,1.0687022900763399,0.01063032030175633,1.0
20160208,GOLD_USD,1173.4,1.2861458782909008,0.01277945261932869,3.0
20160209,GOLD_USD,1188.9,1.3209476734276526,0.013122992372739568,1.0
20160210,GOLD_USD,1183.4,-0.46261249894861134,-0.004636858621905355,1.0
20160211,GOLD_USD,1223.25,3.3674159202298437,0.03311959992663922,1.0
20160212,GOLD_USD,1239.5,1.328428367054979,0.013196821306012277,1.0
20160215,GOLD_USD,1208.45,-2.5050423557886226,-0.025369525791259496,3.0
20160216,GOLD_USD,1212.0,0.29376473995614827,0.002933340945274144,1.0
20160217,GOLD_USD,1202.4,-0.7920792079207817,-0.007952328190494922,1.0
20160218,GOLD_USD,1204.4,0.1663339986693213,0.0016619581688139637,1.0
20160219,GOLD_USD,1221.5,1.4197940883427407,0.014098094090216368,1.0
20160222,GOLD_USD,1203.65,-1.4613180515759217,-0.014721004764206543,3.0
20160223,GOLD_USD,1218.75,1.254517509242703,0.012467136378468245,1.0
20160224,GOLD_USD,1232.25,1.1076923076922984,0.011016023273430129,1.0
20160225,GOLD_USD,1235.4,0.25562994522216886,0.002553037676311755,1.0
20160226,GOLD_USD,1231.0,-0.3561599481949229,-0.003567957077345318,1.0
20160229,GOLD_USD,1234.15,0.25588952071486926,0.0025556268092791967,3.0
20160301,GOLD_USD,1240.0,0.4740104525381872,0.004728905605349905,1.0
20160302,GOLD_USD,1229.35,-0.8588709677419426,-0.008625805198878699,1.0
20160303,GOLD_USD,1241.95,1.0249318745678693,0.010197150633906034,1.0
20160304,GOLD_USD,1271.5,2.3793228390836862,0.023514580828064326,1.0
20160307,GOLD_USD,1267.6,-0.3067243413291454,-0.003071957045408712,3.0
20160308,GOLD_USD,1274.1,0.5127800568002439,0.005114698170569402,1.0
20160309,GOLD_USD,1258.25,-1.2440153834078926,-0.012518180330865762,1.0
20160310,GOLD_USD,1247.25,-0.874230081462346,-0.008780738915322602,1.0
20160311,GOLD_USD,1262.25,1.202645820805781,0.011954714997878414,1.0
20160314,GOLD_USD,1256.55,-0.4515745692216355,-0.004525972471096956,3.0
20160315,GOLD_USD,1233.6,-1.826429509370897,-0.01843314645886316,1.0
20160316,GOLD_USD,1233.1,-0.040531776913099726,-0.0004053999325802713,1.0
20160317,GOLD_USD,1269.6,2.960019463141683,0.02917056633571462,1.0
20160318,GOLD_USD,1254.5,-1.1893509766855659,-0.011964803405722294,1.0
20160321,GOLD_USD,1244.25,-0.8170585890793114,-0.008204148067813385,3.0
20160322,GOLD_USD,1251.8,0.6067912397026198,0.006049576751937405,1.0
20160323,GOLD_USD,1232.2,-1.5657453267295063,-0.015781325910130733,1.0
20160324,GOLD_USD,1216.45,-1.2782015906508737,-0.012864408722339994,1.0
20160329,GOLD_USD,1216.45,0.0,0.0,5.0
20160330,GOLD_USD,1238.2,1.7879896419910501,0.017721931227001476,1.0
20160331,GOLD_USD,1233.6,-0.3715070263285547,-0.003721988276066848,1.0
20160401,GOLD_USD,1232.1,-0.12159533073929918,-0.0012166931784424516,1.0
20160404,GOLD_USD,1215.0,-1.3878743608473298,-0.013975953855973715,3.0
20160405,GOLD_USD,1231.5,1.3580246913580174,0.0134888617859437,1.0
20160406,GOLD_USD,1225.75,-0.4669102720259888,-0.004680037029250014,1.0
20160407,GOLD_USD,1237.5,0.9585967774831783,0.009540313911502781,1.0
20160408,GOLD_USD,1235.0,-0.20202020202020332,-0.002022245380767809,1.0
20160411,GOLD_USD,1247.25,0.991902834008096,0.009870157679069166,3.0
20160412,GOLD_USD,1259.2,0.9581078372419283,0.009535470921991994,1.0
20160413,GOLD_USD,1245.75,-1.0681385006353294,-0.01073884050162489,1.0
20160414,GOLD_USD,1240.3,-0.4374874573550125,-0.004384472340230133,1.0
20160415,GOLD_USD,1229.75,-0.8506006611303629,-0.008542389145834588,1.0
20160418,GOLD_USD,1237.7,0.646472860337477,0.006443921870527545,3.0
20160419,GOLD_USD,1241.7,0.32318009210632326,0.0032265898768197455,1.0
20160420,GOLD_USD,1247.75,0.4872352420069115,0.004860520926922067,1.0
20160421,GOLD_USD,1257.65,0.7934281707072888,0.007902970804604675,1.0
20160422,GOLD_USD,1245.4,-0.9740388820419055,-0.009788136715971566,1.0
20160425,GOLD_USD,1230.85,-1.168299341577017,-0.011751775831196291,3.0
20160426,GOLD_USD,1234.5,0.2965430393630397,0.002961042178078729,1.0
20160427,GOLD_USD,1244.75,0.830295666261649,0.008268676737057959,1.0
20160428,GOLD_USD,1256.6,0.9519983932516407,0.009474954446554378,1.0
20160429,GOLD_USD,1274.5,1.4244787521884517,0.014144283847323554,1.0
20160503,GOLD_USD,1296.5,1.7261671243624876,0.017114381162548868,4.0
20160504,GOLD_USD,1280.3,-1.2495179328962602,-0.012573900526585769,1.0
20160505,GOLD_USD,1275.75,-0.35538545653361897,-0.003560184508052423,1.0
20160506,GOLD_USD,1280.25,0.3527336860670305,0.0035211303985789606,1.0
20160509,GOLD_USD,1277.75,-0.19527436047647173,-0.0019546526942707605,3.0
20160510,GOLD_USD,1264.85,-1.0095871649383747,-0.010147180592684388,1.0
20160511,GOLD_USD,1271.8,0.5494722694390664,0.0054796817776028095,1.0
20160512,GOLD_USD,1268.3,-0.27520050322378253,-0.0027557987599235757,1.0
20160513,GOLD_USD,1275.15,0.5400930379247937,0.005386397658093793,1.0
20160516,GOLD_USD,1281.0,0.4587695565227534,0.004577204165256604,3.0
20160517,GOLD_USD,1270.1,-0.850897736143641,-0.008545385386460484,1.0
20160518,GOLD_USD,1270.9,0.06298716636485846,0.0006296733777509941,1.0
20160519,GOLD_USD,1253.75,-1.3494374065622816,-0.013586250611879477,1.0
20160520,GOLD_USD,1256.5,0.21934197407775802,0.0021910177075014953,1.0
20160523,GOLD_USD,1250.4,-0.48547552725825005,-0.004866577876379945,3.0
20160524,GOLD_USD,1242.65,-0.6198016634676895,-0.006217304077004022,1.0
20160525,GOLD_USD,1220.75,-1.7623626926326907,-0.017780772088493293,1.0
20160526,GOLD_USD,1226.65,0.48330944091747874,0.004821452504272111,1.0
20160527,GOLD_USD,1221.25,-0.4402233726001792,-0.004411952089049236,1.0
20160531,GOLD_USD,1210.5,-0.8802456499488187,-0.008841426978879274,4.0
20160601,GOLD_USD,1216.25,0.47501032631143136,0.004738857122101537,1.0
20160602,GOLD_USD,1215.5,-0.06166495375128367,-0.0006168397440367569,1.0
20160603,GOLD_USD,1211.0,-0.37021801727683545,-0.003709050203085745,1.0
20160606,GOLD_USD,1240.55,2.4401321222130345,0.02410836509457862,3.0
20160607,GOLD_USD,1241.1,0.04433517391480013,0.00044325348780456183,1.0
20160608,GOLD_USD,1252.4,0.9104826363709684,0.009063627316775192,1.0
20160609,GOLD_USD,1258.35,0.475087831363763,0.004739628508162477,1.0
20160610,GOLD_USD,1266.6,0.6556204553582079,0.006534806121916641,1.0
20160613,GOLD_USD,1284.1,1.3816516658771594,0.013721938754898425,3.0
20160614,GOLD_USD,1279.4,-0.36601510785763125,-0.0036668658211908988,1.0
20160615,GOLD_USD,1282.0,0.20322025949663924,0.002030140464578101,1.0
20160616,GOLD_USD,1307.0,1.950078003120126,0.019313076143606608,1.0
20160617,GOLD_USD,1284.5,-1.721499617444533,-0.017364897074283715,1.0
20160620,GOLD_USD,1283.25,-0.0973141300116831,-0.000973615109525771,3.0
20160621,GOLD_USD,1280.8,-0.19092148840834655,-0.0019110397579077036,1.0
20160622,GOLD_USD,1265.0,-1.2336039975015534,-0.012412760520884239,1.0
20160623,GOLD_USD,1265.75,0.059288537549417875,0.0005927096883980514,1.0
20160624,GOLD_USD,1313.85,3.800118506814143,0.03729692642718913,1.0
20160627,GOLD_USD,1324.6,0.8182060356966225,0.008148768773671447,3.0
20160628,GOLD_USD,1312.0,-0.9512305601691029,-0.009557836546844667,1.0
20160629,GOLD_USD,1317.75,0.4382621951219523,0.0043730462312819235,1.0
20160630,GOLD_USD,1317.0,-0.05691519635743214,-0.0005693139920352696,1.0
20160701,GOLD_USD,1331.75,1.1199696279422966,0.011137444053827515,1.0
20160704,GOLD_USD,1348.75,1.2765158625868134,0.012684370775235808,3.0
20160705,GOLD_USD,1344.75,-0.29657089898054156,-0.002970115418992505,1.0
20160706,GOLD_USD,1370.0,1.8776724298196656,0.018602617668818613,1.0
20160707,GOLD_USD,1367.1,-0.21167883211679062,-0.0021190318842240676,1.0
20160708,GOLD_USD,1356.1,-0.8046229244385916,-0.008078774844046935,1.0
20160711,GOLD_USD,1358.25,0.15854288031855734,0.0015841733377328121,3.0
20160712,GOLD_USD,1352.85,-0.3975704030922178,-0.003983628151805631,1.0
20160713,GOLD_USD,1340.25,-0.9313671138707069,-0.00935731457217964,1.0
20160714,GOLD_USD,1325.7,-1.0856183547845566,-0.010915541902843159,1.0
20160715,GOLD_USD,1330.5,0.36207286716452014,0.003614189612939936,1.0
20160718,GOLD_USD,1326.15,-0.3269447576099149,-0.0032748038978206986,3.0
20160719,GOLD_USD,1332.2,0.4562078196282515,0.004551703459155987,1.0
20160720,GOLD_USD,1325.6,-0.49542110794176253,-0.00496652386672602,1.0
20160721,GOLD_USD,1322.0,-0.27157513578756065,-0.0027194457007214882,1.0
20160722,GOLD_USD,1323.2,0.0907715582450841,0.0009073038577952818,1.0
20160725,GOLD_USD,1315.0,-0.6197097944377283,-0.006216379657561959,3.0
20160726,GOLD_USD,1321.25,0.47528517110266844,0.004741592572582532,1.0
20160727,GOLD_USD,1320.8,-0.03405865657521989,-0.0003406445785292066,1.0
20160728,GOLD_USD,1341.3,1.5520896426408193,0.015401679302126341,1.0
20160729,GOLD_USD,1332.5,-0.6560799224632818,-0.006582415868045033,1.0
20160801,GOLD_USD,1348.85,1.2270168855534669,0.012195500508653938,3.0
20160802,GOLD_USD,1358.15,0.6894762204841198,0.006871102023867456,1.0
20160803,GOLD_USD,1364.4,0.4601848102197881,0.004591291971969701,1.0
20160804,GOLD_USD,1351.15,-0.9711228378774583,-0.009758689880034803,1.0
20160805,GOLD_USD,1362.6,0.8474262665137067,0.008438557675111853,1.0
20160808,GOLD_USD,1330.0,-2.392484955232632,-0.02421569712376822,3.0
20160809,GOLD_USD,1332.9,0.2180451127819616,0.002178077394173099,1.0
20160810,GOLD_USD,1351.85,1.4217120564183228,0.014117005092329224,1.0
20160811,GOLD_USD,1344.55,-0.5400007397270423,-0.005414640138931469,1.0
20160812,GOLD_USD,1336.7,-0.5838384589639589,-0.005855494585942958,1.0
20160815,GOLD_USD,1339.2,0.18702775491883372,0.0018685307577835544,3.0
20160816,GOLD_USD,1349.1,0.7392473118279508,0.007365282709560468,1.0
20160817,GOLD_USD,1342.75,-0.4706841598102418,-0.004717953659202653,1.0
20160818,GOLD_USD,1347.1,0.3239620182461378,0.0032343839189535573,1.0
20160819,GOLD_USD,1346.85,-0.018558384678202255,-0.0001856010695949993,1.0
20160822,GOLD_USD,1334.3,-0.9318038385863314,-0.009361722886552334,3.0
20160823,GOLD_USD,1338.5,0.3147717904519176,0.0031427742120321606,1.0
20160824,GOLD_USD,1337.3,-0.08965259618977095,-0.000896928081656388,1.0
20160825,GOLD_USD,1324.5,-0.9571524713975932,-0.00961762616662649,1.0
20160826,GOLD_USD,1324.9,0.03020007550018633,0.0003019551619530449,1.0
20160830,GOLD_USD,1318.85,-0.4566382368480726,-0.004576840140717065,4.0
20160831,GOLD_USD,1314.45,-0.3336239905978644,-0.003341817563391083,1.0
20160901,GOLD_USD,1305.7,-0.665677659857733,-0.006679031755976434,1.0
20160902,GOLD_USD,1311.5,0.4442061729340585,0.004432224892935467,1.0
20160905,GOLD_USD,1328.3,1.2809759817003386,0.012728408831529226,3.0
20160906,GOLD_USD,1330.05,0.1317473462320251,0.0013166063556680713,1.0
20160907,GOLD_USD,1348.75,1.4059621818728552,0.013961702078218636,1.0
20160908,GOLD_USD,1348.0,-0.05560704355884738,-0.0005562251000920379,1.0
20160909,GOLD_USD,1335.65,-0.9161721068249196,-0.009203947745284716,1.0
20160912,GOLD_USD,1327.5,-0.6101897952307977,-0.006120590610873777,3.0
20160913,GOLD_USD,1328.5,0.07532956685498693,0.0007530120837742603,1.0
20160914,GOLD_USD,1323.2,-0.39894617990213765,-0.003997440930441251,1.0
20160915,GOLD_USD,1320.1,-0.23428053204354038,-0.002345553982713071,1.0
20160916,GOLD_USD,1314.25,-0.44314824634497096,-0.004441330587156433,1.0
20160919,GOLD_USD,1315.05,0.060871219326608106,0.0006085270031468105,3.0
20160920,GOLD_USD,1315.4,0.02661495760618582,0.0002661141645464731,1.0
20160921,GOLD_USD,1319.6,0.3192945111752943,0.0031878584871755794,1.0
20160922,GOLD_USD,1332.45,0.9737799333131347,0.0096906925293934,1.0
20160923,GOLD_USD,1335.9,0.2589215355172758,0.0025858691119466774,1.0
20160926,GOLD_USD,1336.3,0.029942360955148573,0.0002993787912487228,3.0
20160927,GOLD_USD,1335.85,-0.033675072962657815,-0.00033680744288604186,1.0
20160928,GOLD_USD,1324.8,-0.8271886813639218,-0.008306288713133906,1.0
20160929,GOLD_USD,1320.85,-0.29815821256039543,-0.002986035896649039,1.0
20160930,GOLD_USD,1327.9,0.5337472082371342,0.00532327826193567,1.0
20161003,GOLD_USD,1318.65,-0.6965885985390496,-0.0069902610309845676,3.0
20161004,GOLD_USD,1309.15,-0.7204337769688651,-0.007230414329415899,1.0
20161005,GOLD_USD,1274.0,-2.684948248863772,-0.027216514503772746,1.0
20161006,GOLD_USD,1265.5,-0.6671899529042347,-0.006694256146929872,1.0
20161007,GOLD_USD,1255.0,-0.8297115764519969,-0.008331728419294498,1.0
20161010,GOLD_USD,1262.1,0.565737051792814,0.005641427698700485,3.0
20161011,GOLD_USD,1256.4,-0.45162823864985935,-0.004526511600093311,1.0
20161012,GOLD_USD,1255.7,-0.055714740528500784,-0.0005573026695733577,1.0
20161013,GOLD_USD,1258.0,0.18316476865491982,0.0018299722654675076,1.0
20161014,GOLD_USD,1256.15,-0.14705882352940014,-0.0014716706114561394,1.0
20161017,GOLD_USD,1252.7,-0.2746487282569765,-0.0027502657987833476,3.0
20161018,GOLD_USD,1261.65,0.7144567733695206,0.007119166226409748,1.0
20161019,GOLD_USD,1269.75,0.6420164070859435,0.006399642604798237,1.0
20161020,GOLD_USD,1269.2,-0.04331561330970235,-0.0004332499723138432,1.0
20161021,GOLD_USD,1263.95,-0.4136463914276689,-0.004145042746660321,1.0
20161024,GOLD_USD,1267.0,0.2413070137267992,0.002410163358758796,3.0
20161025,GOLD_USD,1269.3,0.18153117600629987,0.0018136660729922889,1.0
20161026,GOLD_USD,1273.9,0.36240447490742955,0.0036174937216096985,1.0
20161027,GOLD_USD,1269.3,-0.36109584739776324,-0.003617493721609779,1.0
20161028,GOLD_USD,1265.9,-0.26786417710548127,-0.0026822357513488007,1.0
20161031,GOLD_USD,1274.2,0.655660004739711,0.006535199039605234,3.0
20161101,GOLD_USD,1284.4,0.8005022759378422,0.00797315253297104,1.0
20161102,GOLD_USD,1295.85,0.8914668327623554,0.008875167257643762,1.0
20161103,GOLD_USD,1293.0,-0.21993286259983647,-0.0022017507011453724,1.0
20161104,GOLD_USD,1301.7,0.6728538283062635,0.006706002700557221,1.0
20161107,GOLD_USD,1286.8,-1.1446569870169898,-0.011512586107543549,3.0
20161108,GOLD_USD,1284.0,-0.21759403170655833,-0.002178311114964793,1.0
20161109,GOLD_USD,1304.55,1.6004672897196315,0.015877948453977452,1.0
20161110,GOLD_USD,1280.9,-1.812885669387898,-0.01829519786679335,1.0
20161111,GOLD_USD,1255.65,-1.9712702006401739,-0.01990958906291531,1.0
20161114,GOLD_USD,1222.6,-2.6321028949150005,-0.02667362817955022,3.0
20161115,GOLD_USD,1228.9,0.5152952723703752,0.005139721695926685,1.0
20161116,GOLD_USD,1225.7,-0.2603954756286164,-0.0026073509434321246,1.0
20161117,GOLD_USD,1232.0,0.5139920045688084,0.005126755746345521,1.0
20161118,GOLD_USD,1206.1,-2.102272727272736,-0.021246851504267934,1.0
20161121,GOLD_USD,1214.95,0.7337700024873772,0.007310910075299693,3.0
20161122,GOLD_USD,1217.55,0.21400057615539314,0.002137719210797628,1.0
20161123,GOLD_USD,1213.25,-0.3531682477105669,-0.0035379335899688325,1.0
20161124,GOLD_USD,1187.25,-2.143004327220277,-0.021663000856094357,1.0
20161125,GOLD_USD,1187.5,0.021057064645191303,0.00021054847956508197,1.0
20161128,GOLD_USD,1189.1,0.13473684210525416,0.0013464615347367735,3.0
20161129,GOLD_USD,1187.3,-0.15137498948784023,-0.0015148967717865084,1.0
20161130,GOLD_USD,1187.4,0.008422471153046729,8.422116482859632e-05,1.0
20161201,GOLD_USD,1168.75,-1.5706585817753194,-0.01583124123367841,1.0
20161202,GOLD_USD,1171.65,0.24812834224599012,0.0024782101215192536,1.0
20161205,GOLD_USD,1164.9,-0.5761106132377458,-0.005777765318684723,3.0
20161206,GOLD_USD,1171.15,0.5365267404927376,0.005350925633187466,1.0
20161207,GOLD_USD,1171.25,0.00853861589036331,8.538251371306468e-05,1.0
20161208,GOLD_USD,1174.75,0.2988260405549559,0.0029838044302930877,1.0
20161209,GOLD_USD,1168.9,-0.49797829325387566,-0.004992223369200405,1.0
20161212,GOLD_USD,1154.4,-1.2404825049191492,-0.01248240715406344,3.0
20161213,GOLD_USD,1157.35,0.25554400554399503,0.0025521804704365858,1.0
20161214,GOLD_USD,1160.95,0.3110554283492606,0.0031057265182770685,1.0
20161215,GOLD_USD,1132.45,-2.4548860846720366,-0.02485520817620574,1.0
20161216,GOLD_USD,1134.85,0.2119298865292052,0.0021170563193096716,1.0
20161219,GOLD_USD,1137.6,0.24232277393487767,0.00242029645749771,3.0
20161220,GOLD_USD,1132.75,-0.4263361462728432,-0.004272475501728732,1.0
20161221,GOLD_USD,1134.4,0.1456632090046428,0.0014555722306155547,1.0
20161222,GOLD_USD,1130.55,-0.33938645980254867,-0.0033996368202745637,1.0
20161223,GOLD_USD,1131.0,0.03980363539870524,0.0003979571585319213,1.0
20161228,GOLD_USD,1139.75,0.7736516357206069,0.007706742977430392,5.0
20161229,GOLD_USD,1146.8,0.6185567010309256,0.006166514915663958,1.0
20161230,GOLD_USD,1159.1,1.0725497035228404,0.010668386885484495,1.0
20170103,GOLD_USD,1148.65,-0.9015615563799373,-0.009056502156519246,4.0
20170104,GOLD_USD,1165.9,1.5017629391024245,0.014905981201065751,1.0
20170105,GOLD_USD,1173.05,0.6132601423792572,0.0061138735517288195,1.0
20170106,GOLD_USD,1178.0,0.4219768978304561,0.004210890720557432,1.0
20170109,GOLD_USD,1176.1,-0.1612903225806539,-0.0016142053545412246,3.0
20170110,GOLD_USD,1183.2,0.6036901624011604,0.006018752539599204,1.0
20170111,GOLD_USD,1187.55,0.3676470588235281,0.0036697288889624017,1.0
20170112,GOLD_USD,1206.65,1.6083533324912747,0.01595556361606988,1.0
20170113,GOLD_USD,1196.35,-0.8536029503170117,-0.008572670061936263,1.0
20170116,GOLD_USD,1202.75,0.5349605048689865,0.005335346739877033,3.0
20170117,GOLD_USD,1217.5,1.2263562668883843,0.012188974377181805,1.0
20170118,GOLD_USD,1212.5,-0.4106776180698102,-0.004115232145106544,1.0
20170119,GOLD_USD,1203.35,-0.754639175257743,-0.0075750098332251145,1.0
20170120,GOLD_USD,1199.1,-0.3531807038683721,-0.003538058593025776,1.0
20170123,GOLD_USD,1213.75,1.2217496455675159,0.012143465220147205,3.0
20170124,GOLD_USD,1213.3,-0.03707518022657563,-0.0003708205477073873,1.0
20170125,GOLD_USD,1203.5,-0.8077144976510353,-0.008109941834700698,1.0
20170126,GOLD_USD,1191.55,-0.9929372663066149,-0.009978997653753695,1.0
20170127,GOLD_USD,1184.2,-0.6168436070664196,-0.00618753947169723,1.0
20170130,GOLD_USD,1189.85,0.47711535213645906,0.004759807642709346,3.0
20170131,GOLD_USD,1198.8,0.7521956549144893,0.007493807702123053,1.0
20170201,GOLD_USD,1210.0,0.9342676009342687,0.00929930314827864,1.0
20170202,GOLD_USD,1224.05,1.16115702479338,0.011544673320361971,1.0
20170203,GOLD_USD,1213.05,-0.8986561006494864,-0.009027183701208016,1.0
20170206,GOLD_USD,1221.85,0.7254441284365809,0.007228254396417459,3.0
20170207,GOLD_USD,1231.0,0.7488644268936584,0.0074607435780953,1.0
20170208,GOLD_USD,1235.6,0.37367993501218333,0.003729834859973112,1.0
20170209,GOLD_USD,1241.75,0.4977338944642362,0.004964992943033331,1.0
20170210,GOLD_USD,1225.75,-1.2885041272397868,-0.0129687734561173,1.0
20170213,GOLD_USD,1229.4,0.2977768713033013,0.002973343941566615,3.0
20170214,GOLD_USD,1229.65,0.0203351228241333,0.00020333055518286644,1.0
20170215,GOLD_USD,1225.15,-0.3659577928678881,-0.003666290565937184,1.0
20170216,GOLD_USD,1236.75,0.946822838019834,0.009423685645663144,1.0
20170217,GOLD_USD,1241.4,0.3759854457246803,0.003752803871734359,1.0
20170220,GOLD_USD,1235.35,-0.48735298856131815,-0.0048854442581822205,3.0
20170221,GOLD_USD,1228.7,-0.5383089812603603,-0.00539763084784461,1.0
20170222,GOLD_USD,1237.5,0.71620411817368,0.0071365155693198035,1.0
20170223,GOLD_USD,1237.35,-0.01212121212121886,-0.0001212194679950384,1.0
20170224,GOLD_USD,1255.35,1.4547217844587124,0.014442422172142259,1.0
20170227,GOLD_USD,1256.25,0.0716931533038645,0.0007166746603931799,3.0
20170228,GOLD_USD,1251.9,-0.3462686567164086,-0.00346869554176918,1.0
20170301,GOLD_USD,1246.05,-0.4672897196261738,-0.004683849312426426,1.0
20170302,GOLD_USD,1243.3,-0.22069740379599967,-0.002209412994298408,1.0
20170303,GOLD_USD,1228.75,-1.1702726614654546,-0.011771742497515563,1.0
20170306,GOLD_USD,1231.15,0.19532044760937062,0.0019512994524281504,3.0
20170307,GOLD_USD,1223.7,-0.6051252893636061,-0.006069635922181913,1.0
20170308,GOLD_USD,1213.3,-0.8498815069052923,-0.008535135933795181,1.0
20170309,GOLD_USD,1204.6,-0.7170526662820476,-0.0071963584482067,1.0
20170310,GOLD_USD,1196.55,-0.6682716254358234,-0.006705145584372438,1.0
20170313,GOLD_USD,1207.8,0.9402030838661091,0.009358106848552539,3.0
20170314,GOLD_USD,1203.55,-0.35187945024011125,-0.0035250000213501924,1.0
20170315,GOLD_USD,1202.25,-0.10801379253042587,-0.001080721694678586,1.0
20170316,GOLD_USD,1225.6,1.9421917238511055,0.01923571882855476,1.0
20170317,GOLD_USD,1228.75,0.25701697127937795,0.0025668724750495006,1.0
20170320,GOLD_USD,1233.0,0.34587995930823734,0.003452831702967963,3.0
20170321,GOLD_USD,1232.05,-0.07704785077048415,-0.0007707754788199648,1.0
20170322,GOLD_USD,1246.1,1.140375796436821,0.011339225263297382,1.0
20170323,GOLD_USD,1247.9,0.1444506861407735,0.0014434645649868967,1.0
20170324,GOLD_USD,1244.0,-0.3125250420706882,-0.003130144214683984,1.0
20170327,GOLD_USD,1256.9,1.0369774919614327,0.010316377631667224,3.0
20170328,GOLD_USD,1253.65,-0.25857267881295165,-0.0025890755535481706,1.0
20170329,GOLD_USD,1252.9,-0.05982531009451897,-0.0005984321257365701,1.0
20170330,GOLD_USD,1250.9,-0.1596296591906743,-0.0015975720308113047,1.0
20170331,GOLD_USD,1241.7,-0.7354704612678953,-0.007381883797899332,1.0
20170403,GOLD_USD,1246.25,0.36643311588950844,0.0036576338532516954,3.0
20170404,GOLD_USD,1258.65,0.9949849548646084,0.009900675708140174,1.0
20170405,GOLD_USD,1252.5,-0.48861875819330436,-0.004898164025168272,1.0
20170406,GOLD_USD,1253.75,0.09980039920158834,0.0009975063171253381,1.0
20170407,GOLD_USD,1264.3,0.8414755732801593,0.00837954904170672,1.0
20170410,GOLD_USD,1253.6,-0.8463181206992076,-0.008499197276041003,3.0
20170411,GOLD_USD,1255.7,0.16751754945756314,0.0016737739531071268,1.0
20170412,GOLD_USD,1272.3,1.321971808553002,0.013133100153736565,1.0
20170413,GOLD_USD,1286.1,1.0846498467342647,0.010788097123386423,1.0
20170418,GOLD_USD,1285.0,-0.08552989658657806,-0.0008556649427209171,5.0
20170419,GOLD_USD,1282.05,-0.22957198443580573,-0.002298359049183571,1.0
20170420,GOLD_USD,1279.9,-0.16770016770015772,-0.0016784094183905005,1.0
20170421,GOLD_USD,1281.5,0.12500976638798456,0.0012493169423795727,1.0
20170424,GOLD_USD,1271.8,-0.7569254779555279,-0.007598046970818461,3.0
20170425,GOLD_USD,1270.5,-0.1022173297688278,-0.0010226960730885966,1.0
20170426,GOLD_USD,1264.95,-0.4368358913813375,-0.004377928071458422,1.0
20170427,GOLD_USD,1264.3,-0.05138543025416942,-0.0005139863709083514,1.0
20170428,GOLD_USD,1265.55,0.09886893933401808,0.0009882009618934122,1.0
20170502,GOLD_USD,1255.8,-0.7704160246533087,-0.007733990599736339,4.0
20170503,GOLD_USD,1253.95,-0.14731645166427,-0.0014742506903620291,1.0
20170504,GOLD_USD,1235.85,-1.4434387336018317,-0.014539576559938358,1.0
20170505,GOLD_USD,1239.4,0.28725168912087096,0.0028683990982986177,1.0
20170508,GOLD_USD,1229.7,-0.7826367597224548,-0.007857154349605627,3.0
20170509,GOLD_USD,1225.15,-0.3700089452712052,-0.003706951716246748,1.0
20170510,GOLD_USD,1222.95,-0.1795698485899777,-0.0017973126851254248,1.0
20170511,GOLD_USD,1221.0,-0.15945050901509106,-0.001595777666324861,1.0
20170512,GOLD_USD,1227.9,0.5651105651105715,0.005635198055762393,1.0
20170515,GOLD_USD,1231.5,0.2931834839970504,0.002927545394125417,3.0
20170516,GOLD_USD,1234.05,0.20706455542021107,0.0020685047224563197,1.0
20170517,GOLD_USD,1244.6,0.8549086341720358,0.00851274985206851,1.0
20170518,GOLD_USD,1261.35,1.345813916117633,0.013368382811899207,1.0
20170519,GOLD_USD,1251.85,-0.7531612954374323,-0.007560118771270614,1.0
20170522,GOLD_USD,1255.25,0.2715980349083491,0.0027122987390689164,3.0
20170523,GOLD_USD,1259.9,0.37044413463453996,0.0036975968017692166,1.0
20170524,GOLD_USD,1251.35,-0.6786252877212573,-0.006809384200673163,1.0
20170525,GOLD_USD,1257.1,0.45950373596514993,0.004584512404874322,1.0
20170526,GOLD_USD,1265.0,0.6284305146766478,0.006264641240835342,1.0
20170530,GOLD_USD,1262.8,-0.17391304347826875,-0.0017406444777841004,4.0
20170531,GOLD_USD,1263.8,0.07918910357935793,0.0007915776555184016,1.0
20170601,GOLD_USD,1266.15,0.1859471435353699,0.0018577447584837792,1.0
20170602,GOLD_USD,1260.95,-0.41069383564349415,-0.004115394989622568,1.0
20170605,GOLD_USD,1280.7,1.566279392521519,0.015541398323809968,3.0
20170606,GOLD_USD,1287.85,0.5582884360115559,0.005567357822994708,1.0
20170607,GOLD_USD,1292.7,0.376596653336958,0.0037588930348812426,1.0
20170608,GOLD_USD,1284.8,-0.6111240040226007,-0.006129990097404908,1.0
20170609,GOLD_USD,1274.25,-0.8211394769613967,-0.00824529397234615,1.0
20170612,GOLD_USD,1269.25,-0.3923876790268732,-0.003931595392647332,3.0
20170613,GOLD_USD,1261.3,-0.6263541461492994,-0.0062832397343562125,1.0
20170614,GOLD_USD,1268.25,0.5510187901371699,0.005495062353651984,1.0
20170615,GOLD_USD,1260.25,-0.6307904592943059,-0.006327883484059174,1.0
20170616,GOLD_USD,1256.6,-0.28962507439000973,-0.0029004529938936566,1.0
20170619,GOLD_USD,1251.1,-0.4376890020690749,-0.004386496645492319,3.0
20170620,GOLD_USD,1246.5,-0.36767644472862626,-0.0036835403597416235,1.0
20170621,GOLD_USD,1247.05,0.04412354592859824,0.000441138143545768,1.0
20170622,GOLD_USD,1251.4,0.34882322280582745,0.0034821624571048106,1.0
20170623,GOLD_USD,1256.3,0.3915614511746712,0.003907968446108926,1.0
20170626,GOLD_USD,1240.85,-1.2298017989333832,-0.012374264377078888,3.0
20170627,GOLD_USD,1250.4,0.7696337188217939,0.00766687147397368,1.0
20170628,GOLD_USD,1251.6,0.09596928982724684,0.0009592326874601342,1.0
20170629,GOLD_USD,1246.6,-0.3994886545222065,-0.004002887419976805,1.0
20170630,GOLD_USD,1243.25,-0.2687309481790412,-0.002690926779902232,1.0
20170703,GOLD_USD,1235.2,-0.6474964809973782,-0.006496018324336125,3.0
20170704,GOLD_USD,1224.25,-0.8864961139896432,-0.008904488688085029,1.0
20170705,GOLD_USD,1221.9,-0.19195425770879293,-0.0019213872599500841,1.0
20170706,GOLD_USD,1224.3,0.19641541861035172,0.001962227757393012,1.0
20170707,GOLD_USD,1220.4,-0.3185493751531321,-0.003190578237354946,1.0
20170710,GOLD_USD,1207.55,-1.0529334644378996,-0.010585160305574185,3.0
20170711,GOLD_USD,1211.9,0.3602335307026694,0.0035958624375012848,1.0
20170712,GOLD_USD,1219.4,0.6188629424870085,0.00616955849927406,1.0
20170713,GOLD_USD,1221.4,0.16401508938821419,0.0016388073153185568,1.0
20170714,GOLD_USD,1218.95,-0.20058948747339045,-0.002007909376227753,1.0
20170717,GOLD_USD,1229.85,0.8942122318388757,0.008902378297489763,3.0
20170718,GOLD_USD,1237.1,0.5895027848924705,0.005877720158489549,1.0
20170719,GOLD_USD,1239.85,0.22229407485248043,0.002220473671173786,1.0
20170720,GOLD_USD,1236.55,-0.2661612291809501,-0.002665160679492147,1.0
20170721,GOLD_USD,1247.25,0.8653107436011442,0.008615883880679178,1.0
20170724,GOLD_USD,1255.85,0.6895169372619581,0.006871506403462365,3.0
20170725,GOLD_USD,1252.0,-0.30656527451525806,-0.003070361484565355,1.0
20170726,GOLD_USD,1245.4,-0.5271565495207575,-0.005285509221692146,1.0
20170727,GOLD_USD,1262.05,1.3369198651035807,0.013280619529316277,1.0
20170728,GOLD_USD,1259.6,-0.19412860029317525,-0.0019431727407983115,1.0
20170731,GOLD_USD,1266.35,0.5358844077484992,0.00534453656428863,3.0
20170801,GOLD_USD,1267.05,0.05527697713902935,0.0005526170504572971,1.0
20170802,GOLD_USD,1266.65,-0.03156939347301879,-0.00031574377655051687,1.0
20170803,GOLD_USD,1261.8,-0.3828997749970475,-0.00383634712835573,1.0
20170804,GOLD_USD,1269.3,0.5943889681407466,0.005926294457422337,1.0
20170807,GOLD_USD,1257.55,-0.9257070826439784,-0.009300183779290455,3.0
20170808,GOLD_USD,1261.45,0.3101268339231078,0.003096469326033575,1.0
20170809,GOLD_USD,1267.95,0.5152800348805053,0.0051395701021718886,1.0
20170810,GOLD_USD,1278.9,0.863598722347092,0.008598910396227934,1.0
20170811,GOLD_USD,1288.3,0.7350066463366778,0.007323186358204529,1.0
20170814,GOLD_USD,1281.1,-0.5588760381898705,-0.005604435935091093,3.0
20170815,GOLD_USD,1274.6,-0.507376473343224,-0.005086679982194314,1.0
20170816,GOLD_USD,1270.15,-0.34912913855326133,-0.003497400165801,1.0
20170817,GOLD_USD,1285.9,1.2400110223202088,0.01232385856200073,1.0
20170818,GOLD_USD,1295.25,0.7271171941830579,0.007244864418504356,1.0
20170821,GOLD_USD,1287.6,-0.5906195715112972,-0.005923706270244636,3.0
20170822,GOLD_USD,1285.1,-0.19415967691829294,-0.0019434841115575669,1.0
20170823,GOLD_USD,1286.45,0.10505019064666055,0.0010499505154632745,1.0
20170824,GOLD_USD,1285.9,-0.042753313381782565,-0.0004276245521652586,1.0
20170825,GOLD_USD,1287.05,0.08943152655727094,0.000893915603940174,1.0
20170829,GOLD_USD,1323.4,2.8242881006953935,0.027851404697625662,4.0
20170830,GOLD_USD,1310.6,-0.9672056823333941,-0.009719134972562715,1.0
20170831,GOLD_USD,1305.8,-0.36624446818250833,-0.0036691678528633534,1.0
20170901,GOLD_USD,1318.4,0.9649257160361469,0.009603000402674151,1.0
20170904,GOLD_USD,1334.6,1.2287621359223122,0.012212741314298744,3.0
20170905,GOLD_USD,1331.15,-0.25850442080022074,-0.0025883912041137582,1.0
20170906,GOLD_USD,1340.15,0.6761071254178797,0.006738317713224675,1.0
20170907,GOLD_USD,1340.45,0.022385553855919227,0.00022383048664672363,1.0
20170908,GOLD_USD,1350.9,0.7795889440113335,0.007765658510372123,1.0
20170911,GOLD_USD,1338.75,-0.8994003997335187,-0.009034694213677207,3.0
20170912,GOLD_USD,1326.25,-0.9337068160597539,-0.0093809318337656,1.0
20170913,GOLD_USD,1332.25,0.45240339302545785,0.00451383124869885,1.0
20170914,GOLD_USD,1323.0,-0.6943141302308109,-0.0069673570619359386,1.0
20170915,GOLD_USD,1325.0,0.15117157974300355,0.0015105743053668514,1.0
20170918,GOLD_USD,1314.4,-0.7999999999999896,-0.008032171697264154,3.0
20170919,GOLD_USD,1308.45,-0.4526780279975662,-0.004537057175721105,1.0
20170920,GOLD_USD,1314.9,0.492949673277554,0.004917386545536072,1.0
20170921,GOLD_USD,1297.35,-1.3347022587269164,-0.01343689467224278,1.0
20170922,GOLD_USD,1297.0,-0.026978070682537325,-0.0002698171041866119,1.0
20170925,GOLD_USD,1295.5,-0.11565150346954933,-0.001157184314279262,3.0
20170926,GOLD_USD,1306.9,0.8799691238903895,0.008761199600825569,1.0
20170927,GOLD_USD,1291.3,-1.1936643966638738,-0.01200845775038444,1.0
20170928,GOLD_USD,1284.3,-0.5420893673042659,-0.005435640033595797,1.0
20170929,GOLD_USD,1286.95,0.20633808300241085,0.0020612549835841735,1.0
20171002,GOLD_USD,1273.1,-1.0761878860872764,-0.010820206734994786,3.0
20171003,GOLD_USD,1270.7,-0.1885162202497681,-0.0018869413571108518,1.0
20171004,GOLD_USD,1275.55,0.3816793893129722,0.0038095284166676487,1.0
20171005,GOLD_USD,1278.4,0.22343302888951921,0.0022318378848540463,1.0
20171006,GOLD_USD,1268.2,-0.7978723404255317,-0.008010723746078972,1.0
20171009,GOLD_USD,1282.15,1.0999842296167905,0.010939784050357712,3.0
20171010,GOLD_USD,1289.6,0.5810552587450557,0.005793736436074785,1.0
20171011,GOLD_USD,1290.2,0.046526054590589894,0.00046515234577764353,1.0
20171012,GOLD_USD,1294.45,0.3294062935979003,0.0032886493957696486,1.0
20171013,GOLD_USD,1293.9,-0.04248908802966245,-0.00042498117200369184,1.0
20171016,GOLD_USD,1305.15,0.8694644099234816,0.008657063358235918,3.0
20171017,GOLD_USD,1289.7,-1.1837719802321622,-0.011908343509797617,1.0
20171018,GOLD_USD,1280.65,-0.7017135768007998,-0.00704187164981636,1.0
20171019,GOLD_USD,1283.4,0.21473470503259318,0.0021450447958857484,1.0
20171020,GOLD_USD,1280.25,-0.24544179523142695,-0.002457434973755364,1.0
20171023,GOLD_USD,1275.25,-0.39054872095294346,-0.003913133539623795,3.0
20171024,GOLD_USD,1278.3,0.2391687904332418,0.00238883237094004,1.0
20171025,GOLD_USD,1273.0,-0.4146131581005963,-0.00415475061656946,1.0
20171026,GOLD_USD,1278.0,0.39277297721915794,0.0039200363800735005,1.0
20171027,GOLD_USD,1267.8,-0.7981220657277022,-0.008013241087414124,1.0
20171030,GOLD_USD,1272.75,0.3904401325130147,0.003896798932379372,3.0
20171031,GOLD_USD,1274.4,0.12964054213318033,0.0012955658133934223,1.0
20171101,GOLD_USD,1279.25,0.38057124921531127,0.003798489089362364,1.0
20171102,GOLD_USD,1276.4,-0.22278678913425498,-0.002230353281112712,1.0
20171103,GOLD_USD,1275.3,-0.08617988091508266,-0.000862170371234399,1.0
20171106,GOLD_USD,1271.6,-0.2901278130636009,-0.0029054949962065762,3.0
20171107,GOLD_USD,1276.35,0.37354513998113514,0.003728491927028481,1.0
20171108,GOLD_USD,1282.25,0.46225565087947285,0.004611905305701918,1.0
20171109,GOLD_USD,1284.0,0.1364788457788979,0.0013638579805285893,1.0
20171110,GOLD_USD,1284.45,0.03504672897196581,0.00035040589040429194,1.0
20171113,GOLD_USD,1278.4,-0.4710187239674535,-0.0047213151283004885,3.0
20171114,GOLD_USD,1273.7,-0.3676470588235281,-0.003683245416296405,1.0
20171115,GOLD_USD,1285.7,0.9421370809452823,0.00937726649448941,1.0
20171116,GOLD_USD,1277.7,-0.6222291358792931,-0.006241730492925727,1.0
20171117,GOLD_USD,1283.85,0.48133364639586507,0.004801789398450867,1.0
20171120,GOLD_USD,1292.35,0.6620711142267366,0.006598890493443489,3.0
20171121,GOLD_USD,1280.0,-0.9556234766123661,-0.00960218857550899,1.0
20171122,GOLD_USD,1283.95,0.308593750000008,0.0030811857680618417,1.0
20171123,GOLD_USD,1290.15,0.48288484754079875,0.0048172269838736795,1.0
20171124,GOLD_USD,1289.15,-0.07751036701159064,-0.0007754042182796454,1.0
20171127,GOLD_USD,1294.7,0.43051623162548847,0.004295921617282958,3.0
20171128,GOLD_USD,1293.9,-0.06179037614890692,-0.0006180947426943561,1.0
20171129,GOLD_USD,1294.85,0.07342143906019505,0.0007339449870748329,1.0
20171130,GOLD_USD,1282.15,-0.9808085878673101,-0.009856501992693122,1.0
20171201,GOLD_USD,1277.25,-0.38217057286589196,-0.0038290271053815256,1.0
20171204,GOLD_USD,1279.1,0.14484243491876825,0.0014473763944400913,3.0
20171205,GOLD_USD,1275.9,-0.25017590493313646,-0.0025048936776497295,1.0
20171206,GOLD_USD,1268.55,-0.5760639548554103,-0.005777296031356746,1.0
20171207,GOLD_USD,1256.8,-0.9262543849276716,-0.00930570795492952,1.0
20171208,GOLD_USD,1245.85,-0.871260343730107,-0.008750780073641468,1.0
20171211,GOLD_USD,1251.4,0.4454789902476275,0.004444896696493247,3.0
20171212,GOLD_USD,1243.4,-0.6392840019178503,-0.006413361729025941,1.0
20171213,GOLD_USD,1241.6,-0.14476435579863223,-0.0014486924062830065,1.0
20171214,GOLD_USD,1255.6,1.127577319587636,0.011212675538844254,1.0
20171215,GOLD_USD,1257.25,0.13141127747691161,0.0013132500842757352,1.0
20171218,GOLD_USD,1258.65,0.11135414595346838,0.001112921932113959,3.0
20171219,GOLD_USD,1263.1,0.3535534104000204,0.003529298795741333,1.0
20171220,GOLD_USD,1265.95,0.22563534161983423,0.0022538116734907975,1.0
20171221,GOLD_USD,1265.85,-0.007899206129791114,-7.899518133509172e-05,1.0
20171222,GOLD_USD,1268.05,0.1737962633803436,0.0017364541243143675,1.0
20171227,GOLD_USD,1285.4,1.3682425771854634,0.013589666540786478,5.0
20171228,GOLD_USD,1291.6,0.4823401275867223,0.004811805946934127,1.0
20171229,GOLD_USD,1296.5,0.3793744193248738,0.0037865660945989796,1.0
20180102,GOLD_USD,1312.8,1.2572310065561032,0.012493934797161974,4.0
20180103,GOLD_USD,1314.6,0.13711151736746086,0.0013701760535947173,1.0
20180104,GOLD_USD,1313.7,-0.0684618895481437,-0.0006848533540133969,1.0
20180105,GOLD_USD,1317.9,0.3197076958209699,0.0031919771743812698,1.0
20180108,GOLD_USD,1318.8,0.06829046209877454,0.0006826715477322279,3.0
20180109,GOLD_USD,1314.95,-0.2919320594479746,-0.0029235901222846965,1.0
20180110,GOLD_USD,1321.65,0.5095250769991289,0.005082313905557289,1.0
20180111,GOLD_USD,1319.85,-0.13619339462037638,-0.0013628622211691926,1.0
20180112,GOLD_USD,1332.9,0.9887487214456314,0.00983892585029318,1.0
20180115,GOLD_USD,1343.0,0.7577462675369517,0.007548897913265115,3.0
20180116,GOLD_USD,1334.95,-0.5994043186895004,-0.006012079573796253,1.0
20180117,GOLD_USD,1337.35,0.17978201430763896,0.0017962059987808178,1.0
20180118,GOLD_USD,1329.75,-0.5682880323026773,-0.005699089325795191,1.0
20180119,GOLD_USD,1335.8,0.454972739236692,0.004539408669108569,1.0
20180122,GOLD_USD,1334.15,-0.12352148525227591,-0.001235978359183311,3.0
20180123,GOLD_USD,1337.1,0.22111456732749613,0.0022087046882674584,1.0
20180124,GOLD_USD,1350.5,1.0021688729339617,0.009971804612050437,1.0
20180125,GOLD_USD,1360.25,0.7219548315438695,0.0071936121333644265,1.0
20180126,GOLD_USD,1354.35,-0.4337437970961311,-0.0043468719444369345,1.0
20180129,GOLD_USD,1348.4,-0.4393251375198304,-0.004402930061692086,3.0
20180130,GOLD_USD,1345.7,-0.20023731830317582,-0.0020043806124099557,1.0
20180131,GOLD_USD,1343.35,-0.17463030393104484,-0.001747829603951522,1.0
20180201,GOLD_USD,1341.1,-0.1674917184650293,-0.0016763214266497662,1.0
20180202,GOLD_USD,1345.0,0.29080605473119636,0.0029038403190450716,1.0
20180205,GOLD_USD,1337.1,-0.5873605947955496,-0.005890923415319759,3.0
20180206,GOLD_USD,1344.65,0.5646548500486182,0.005630666503100225,1.0
20180207,GOLD_USD,1328.5,-1.2010560368869272,-0.012083269923851853,1.0
20180208,GOLD_USD,1311.05,-1.3135114791117841,-0.01322214333811072,1.0
20180209,GOLD_USD,1316.05,0.38137370809656623,0.00380648322272693,1.0
20180212,GOLD_USD,1321.7,0.4293149956308806,0.0042839606792767606,3.0
20180213,GOLD_USD,1329.4,0.582583036997808,0.005808925843720471,1.0
20180214,GOLD_USD,1330.75,0.10154957123513775,0.0010149804453852347,1.0
20180215,GOLD_USD,1353.7,1.7245913958294334,0.017098891138873886,1.0
20180216,GOLD_USD,1358.6,0.36197089458520626,0.0036131735654609913,1.0
20180219,GOLD_USD,1347.4,-0.8243780362137354,-0.008277948230641942,3.0
20180220,GOLD_USD,1337.4,-0.7421701053881513,-0.007449378906681262,1.0
20180221,GOLD_USD,1328.6,-0.6579931209810264,-0.006601674388737563,1.0
20180222,GOLD_USD,1323.5,-0.3838627126298344,-0.003846013563984821,1.0
20180223,GOLD_USD,1328.9,0.4080090668681535,0.004071789670306103,1.0
20180226,GOLD_USD,1339.05,0.7637896004213829,0.007608874956018526,3.0
20180227,GOLD_USD,1332.75,-0.4704828049736709,-0.00471593059061031,1.0
20180228,GOLD_USD,1320.3,-0.9341586944288105,-0.00938549321771497,1.0
20180301,GOLD_USD,1311.25,-0.6854502764523152,-0.0068781027746484215,1.0
20180302,GOLD_USD,1316.75,0.41944709246901635,0.004185698652991772,1.0
20180305,GOLD_USD,1326.3,0.7252705524966707,0.007226531136808425,3.0
20180306,GOLD_USD,1324.95,-0.1017869260348303,-0.001018387641056263,1.0
20180307,GOLD_USD,1332.5,0.5698328238801453,0.005682154180748679,1.0
20180308,GOLD_USD,1325.4,-0.5328330206378906,-0.005342576385873034,1.0
20180309,GOLD_USD,1319.35,-0.4564659725366016,-0.00457510959676753,1.0
20180312,GOLD_USD,1317.25,-0.15916928790691287,-0.0015929609679637784,3.0
20180313,GOLD_USD,1318.7,0.1100778136268854,0.0011001727242583492,1.0
20180314,GOLD_USD,1324.95,0.47395161901873095,0.004728320045597522,1.0
20180315,GOLD_USD,1323.35,-0.1207592739348784,-0.0012083224669958775,1.0
20180316,GOLD_USD,1320.05,-0.24936713643404218,-0.002496785741342933,1.0
20180319,GOLD_USD,1311.7,-0.6325517972804007,-0.006345608829812094,3.0
20180320,GOLD_USD,1312.75,0.08004879164442702,0.0008001676968686229,1.0
20180321,GOLD_USD,1316.35,0.2742334793372603,0.0027385814536899445,1.0
20180322,GOLD_USD,1328.85,0.9495954723287792,0.00945115155449227,1.0
20180323,GOLD_USD,1342.35,1.0159160176092197,0.010107902770825935,1.0
20180326,GOLD_USD,1348.4,0.4507021268670641,0.00449689506292878,3.0
20180327,GOLD_USD,1350.65,0.16686443191931133,0.0016672536790354017,1.0
20180328,GOLD_USD,1341.05,-0.7107688890534258,-0.007133068844598203,1.0
20180329,GOLD_USD,1323.9,-1.2788486633607876,-0.0128709632507316,1.0
20180403,GOLD_USD,1336.6,0.9592869552080829,0.009547150133358405,5.0
20180404,GOLD_USD,1343.15,0.49004937902141776,0.004888525455095454,1.0
20180405,GOLD_USD,1327.05,-1.1986747571008594,-0.012059167934560529,1.0
20180406,GOLD_USD,1325.6,-0.10926491089258139,-0.0010932464851514778,1.0
20180409,GOLD_USD,1328.5,0.2187688593844328,0.00218529908751507,3.0
20180410,GOLD_USD,1335.95,0.5607828377869772,0.005592163046683848,1.0
20180411,GOLD_USD,1345.2,0.6923911823047302,0.006900051619562521,1.0
20180412,GOLD_USD,1345.9,0.05203687184063277,0.000520233373555562,1.0
20180413,GOLD_USD,1340.75,-0.3826435842187448,-0.003833775376635446,1.0
20180416,GOLD_USD,1344.4,0.27223568898004924,0.002718657987916031,3.0
20180417,GOLD_USD,1342.95,-0.10785480511752432,-0.0010791301026759018,1.0
20180418,GOLD_USD,1346.55,0.26806656986484434,0.00267707912253241,1.0
20180419,GOLD_USD,1347.9,0.10025621031526377,0.0010020598734169358,1.0
20180420,GOLD_USD,1340.15,-0.5749684694710266,-0.00576627776560711,1.0
20180423,GOLD_USD,1328.0,-0.9066149311644289,-0.009107496942237732,3.0
20180424,GOLD_USD,1327.35,-0.048945783132536835,-0.0004895776549103478,1.0
20180425,GOLD_USD,1325.7,-0.12430783139336654,-0.001243851576664799,1.0
20180426,GOLD_USD,1321.9,-0.2866410198385738,-0.0028705262194499625,1.0
20180427,GOLD_USD,1317.7,-0.31772448748014215,-0.003182303034147455,1.0
20180430,GOLD_USD,1316.25,-0.1100402215982399,-0.001101008103021278,3.0
20180501,GOLD_USD,1309.2,-0.5356125356125285,-0.005370520821159741,1.0
20180502,GOLD_USD,1310.75,0.11839291170179234,0.001183228825616617,1.0
20180503,GOLD_USD,1313.3,0.1945451077627336,0.0019435611384720822,1.0
20180504,GOLD_USD,1309.35,-0.30076905505216356,-0.0030122227416458187,1.0
20180508,GOLD_USD,1310.05,0.05346164127240094,0.0005344735562829634,4.0
20180509,GOLD_USD,1306.85,-0.24426548605015475,-0.0024456430088872234,1.0
20180510,GOLD_USD,1314.8,0.6083330145005172,0.006064901393200254,1.0
20180511,GOLD_USD,1324.8,0.7605719501064812,0.007576941840930915,1.0
20180514,GOLD_USD,1320.7,-0.3094806763284996,-0.0030996055812365503,3.0
20180515,GOLD_USD,1310.05,-0.8063905504656743,-0.008096594644007513,1.0
20180516,GOLD_USD,1291.75,-1.3968932483492957,-0.014067416238457246,1.0
20180517,GOLD_USD,1288.85,-0.224501645055164,-0.00224754027804696,1.0
20180518,GOLD_USD,1287.2,-0.12802110408502987,-0.001281031211073569,1.0
20180521,GOLD_USD,1285.85,-0.1048788067122497,-0.0010493384301704818,3.0
20180522,GOLD_USD,1293.9,0.6260450285803243,0.006240935073904187,1.0
20180523,GOLD_USD,1294.0,0.007728572532639255,7.728273893859205e-05,1.0
20180524,GOLD_USD,1296.35,0.18160741885624443,0.0018144271196646384,1.0
20180525,GOLD_USD,1303.95,0.5862614263123511,0.005845496012672492,1.0
20180529,GOLD_USD,1302.05,-0.1457111085547802,-0.0014581737042667295,4.0
20180530,GOLD_USD,1298.6,-0.26496678314965605,-0.0026531844145300416,1.0
20180531,GOLD_USD,1303.5,0.3773294316956832,0.003766193299170152,1.0
20180601,GOLD_USD,1299.15,-0.33371691599538567,-0.003342749928392823,1.0
20180604,GOLD_USD,1294.65,-0.3463803255975062,-0.0034698161113871835,3.0
20180605,GOLD_USD,1292.25,-0.18537828756807206,-0.0018555032576276418,1.0
20180606,GOLD_USD,1295.25,0.2321532211259525,0.0023188416187490735,1.0
20180607,GOLD_USD,1298.3,0.23547577687703658,0.0023519896713099326,1.0
20180608,GOLD_USD,1299.2,0.06932142031887967,0.0006929740412057679,1.0
20180611,GOLD_USD,1296.05,-0.24245689655173486,-0.0024275129924786138,3.0
20180612,GOLD_USD,1298.3,0.1736044134099668,0.0017345389512726532,1.0
20180613,GOLD_USD,1294.4,-0.3003928213818008,-0.003008449061980443,1.0
20180614,GOLD_USD,1305.3,0.8420889987639013,0.008385632090516825,1.0
20180615,GOLD_USD,1300.1,-0.3983758522944969,-0.003991714826621156,1.0
20180618,GOLD_USD,1281.25,-1.4498884701176773,-0.014605020681404643,3.0
20180619,GOLD_USD,1279.0,-0.17560975609756113,-0.0017576413078756203,1.0
20180620,GOLD_USD,1273.25,-0.44956997654417297,-0.004505835814128669,1.0
20180621,GOLD_USD,1263.7,-0.7500490869821297,-0.007528761000078913,1.0
20180622,GOLD_USD,1269.7,0.4747962332832145,0.0047367263111106495,1.0
20180625,GOLD_USD,1269.8,0.00787587619122121,7.875566060375886e-05,3.0
20180626,GOLD_USD,1257.15,-0.9962198771459985,-0.010012153523324558,1.0
20180627,GOLD_USD,1256.8,-0.027840750904839506,-0.0002784462716136354,1.0
20180628,GOLD_USD,1250.5,-0.5012730744748506,-0.0050253366237375955,1.0
20180629,GOLD_USD,1250.55,0.003998400639737554,3.998320705829886e-05,1.0
20180702,GOLD_USD,1249.0,-0.12394546399583373,-0.0012402233991543508,3.0
20180703,GOLD_USD,1245.85,-0.2522017614091321,-0.002525203257807803,1.0
20180704,GOLD_USD,1256.9,0.8869446562588035,0.008830344063022121,1.0
20180705,GOLD_USD,1252.5,-0.3500676267006231,-0.0035068179717720406,1.0
20180706,GOLD_USD,1254.2,0.1357285429141708,0.0013563651499005791,1.0
20180709,GOLD_USD,1262.6,0.6697496412055415,0.00667516782460472,3.0
20180710,GOLD_USD,1253.7,-0.7048946618089524,-0.007073907811545717,1.0
20180711,GOLD_USD,1250.0,-0.2951264257796904,-0.002955627825632574,1.0
20180712,GOLD_USD,1244.85,-0.41200000000001236,-0.004128510583780259,1.0
20180713,GOLD_USD,1240.5,-0.3494396915290965,-0.003500516580710943,1.0
20180716,GOLD_USD,1244.9,0.3546956872229057,0.0035406812558846823,3.0
20180717,GOLD_USD,1243.65,-0.10040967145955593,-0.0010046011574028702,1.0
20180718,GOLD_USD,1223.45,-1.6242511960760653,-0.01637586754964374,1.0
20180719,GOLD_USD,1217.4,-0.4945032490089485,-0.004957299620869576,1.0
20180720,GOLD_USD,1224.85,0.6119599145720134,0.006100950441922863,1.0
20180723,GOLD_USD,1229.45,0.3755561905539606,0.0037485273897983145,3.0
20180724,GOLD_USD,1224.3,-0.41888649396072397,-0.004197662811675746,1.0
20180725,GOLD_USD,1230.55,0.5104957935146537,0.005091971814369841,1.0
20180726,GOLD_USD,1228.35,-0.17878184551624043,-0.0017894185099327417,1.0
20180727,GOLD_USD,1219.15,-0.7489721984776154,-0.007517910791566103,1.0
20180730,GOLD_USD,1222.05,0.23787064758231669,0.00237588183201965,3.0
20180731,GOLD_USD,1219.2,-0.23321468025039316,-0.0023348704923785873,1.0
20180801,GOLD_USD,1222.75,0.2911745406824151,0.0029075144870847466,1.0
20180802,GOLD_USD,1217.6,-0.42118176242077476,-0.004220712312045199,1.0
20180803,GOLD_USD,1207.7,-0.8130749014454541,-0.008163983826091696,1.0
20180806,GOLD_USD,1212.0,0.35604868758798425,0.0035541633479302627,3.0
20180807,GOLD_USD,1215.4,0.2805280528052956,0.0028013530719952356,1.0
20180808,GOLD_USD,1212.35,-0.25094619055456846,-0.0025126158827019755,1.0
20180809,GOLD_USD,1215.5,0.2598259578504569,0.0025948899376250062,1.0
20180810,GOLD_USD,1211.65,-0.3167420814479516,-0.003172447709455254,1.0
20180813,GOLD_USD,1204.4,-0.5983576115214828,-0.006001549439143948,3.0
20180814,GOLD_USD,1195.3,-0.7555629359017102,-0.0075843177236436556,1.0
20180815,GOLD_USD,1186.7,-0.7194846482054595,-0.007220854212841762,1.0
20180816,GOLD_USD,1179.65,-0.5940844358304553,-0.005958561378371094,1.0
20180817,GOLD_USD,1176.7,-0.25007417454330216,-0.0025038738228391364,1.0
20180820,GOLD_USD,1188.75,1.024050310189506,0.010188424389716762,3.0
20180821,GOLD_USD,1194.1,0.45005257623553785,0.004490428679738847,1.0
20180822,GOLD_USD,1196.85,0.23029896993551624,0.002300341883060698,1.0
20180823,GOLD_USD,1187.3,-0.7979278940552281,-0.00801128375065309,1.0
20180824,GOLD_USD,1189.95,0.22319548555547186,0.002229467744375177,1.0
20180828,GOLD_USD,1212.75,1.916046892726575,0.018979218709204188,4.0
20180829,GOLD_USD,1204.3,-0.6967635539064099,-0.006992022858891703,1.0
20180830,GOLD_USD,1202.35,-0.16191978742838842,-0.0016205101919545605,1.0
20180831,GOLD_USD,1206.85,0.374267060340161,0.003735684238128824,1.0
20180903,GOLD_USD,1201.7,-0.42673074532874056,-0.004276438395354446,3.0
20180904,GOLD_USD,1195.75,-0.49513189647999445,-0.004963617356847877,1.0
20180905,GOLD_USD,1194.7,-0.08781099728203401,-0.0008784957372281054,1.0
20180906,GOLD_USD,1204.3,0.8035490081191865,0.008003377443256037,1.0
20180907,GOLD_USD,1200.75,-0.2947770489080792,-0.002952123721500443,1.0
20180910,GOLD_USD,1195.8,-0.4122423485321658,-0.004130944098129707,3.0
20180911,GOLD_USD,1194.0,-0.15052684395383542,-0.0015064024942566092,1.0
20180912,GOLD_USD,1197.8,0.31825795644890853,0.003177525877814605,1.0
20180913,GOLD_USD,1206.65,0.7388545667056379,0.00736138407126031,1.0
20180914,GOLD_USD,1206.2,-0.037293332780841126,-0.00037300288473584155,1.0
20180917,GOLD_USD,1196.8,-0.7793069142762454,-0.007823593796673668,3.0
20180918,GOLD_USD,1199.4,0.2172459893048151,0.002170103514196606,1.0
20180919,GOLD_USD,1203.0,0.30015007503751967,0.002997005240269506,1.0
20180920,GOLD_USD,1203.0,0.0,0.0,1.0
20180921,GOLD_USD,1207.6,0.382377389858668,0.003816481858004674,1.0
20180924,GOLD_USD,1198.75,-0.732858562437888,-0.007355571635035707,3.0
20180925,GOLD_USD,1199.45,0.05839416058395219,0.0005837711782832731,1.0
20180926,GOLD_USD,1198.8,-0.05419150443953802,-0.0005420619334230311,1.0
20180927,GOLD_USD,1196.0,-0.23356690023356164,-0.0023384009319310462,1.0
20180928,GOLD_USD,1183.5,-1.0451505016722429,-0.010506505556538441,1.0
20181001,GOLD_USD,1185.3,0.1520912547528397,0.0015197571314159958,3.0
20181002,GOLD_USD,1192.65,0.6200961781827496,0.006181814930147539,1.0
20181003,GOLD_USD,1203.5,0.9097388169202913,0.009056256207524352,1.0
20181004,GOLD_USD,1199.45,-0.3365184877440752,-0.003370859847195452,1.0
20181005,GOLD_USD,1201.1,0.13756304973111533,0.0013746851845133543,1.0
20181008,GOLD_USD,1194.8,-0.5245191907418123,-0.005258996218489802,3.0
20181009,GOLD_USD,1187.4,-0.6193505189152848,-0.006212764505379539,1.0
20181010,GOLD_USD,1186.4,-0.0842176183257548,-0.0008425310128527151,1.0
20181011,GOLD_USD,1201.1,1.2390424814564982,0.012314291736722185,1.0
20181012,GOLD_USD,1218.75,1.469486304221146,0.014587939751612471,1.0
20181015,GOLD_USD,1233.0,1.1692307692307669,0.011624480852287343,3.0
20181016,GOLD_USD,1228.85,-0.3365774533657828,-0.0033714514945898267,1.0
20181017,GOLD_USD,1226.75,-0.17089148390770914,-0.001710376699741683,1.0
20181018,GOLD_USD,1224.6,-0.17525983289179425,-0.0017541359261587367,1.0
20181019,GOLD_USD,1228.25,0.29805650824759056,0.0029761320049035067,1.0
20181022,GOLD_USD,1222.9,-0.4355790759210221,-0.004365304853433398,3.0
20181023,GOLD_USD,1235.6,1.0385150053152215,0.010331594849102328,1.0
20181024,GOLD_USD,1231.65,-0.31968274522498064,-0.0032019482215190622,1.0
20181025,GOLD_USD,1232.15,0.04059594852434678,0.00040587710598597815,1.0
20181026,GOLD_USD,1236.05,0.31651990423242626,0.0031602003449727103,1.0
20181029,GOLD_USD,1230.75,-0.42878524331539936,-0.004297071635556214,3.0
20181030,GOLD_USD,1220.0,-0.8734511476741869,-0.008772880911007773,1.0
20181031,GOLD_USD,1217.7,-0.18852459016392986,-0.0018870252143404584,1.0
20181101,GOLD_USD,1223.25,0.4557772850455777,0.004547417656271205,1.0
20181102,GOLD_USD,1235.5,1.0014306151645114,0.009964495259431728,1.0
20181105,GOLD_USD,1231.6,-0.31566167543505275,-0.0031616093783195173,3.0
20181106,GOLD_USD,1234.85,0.2638843780448097,0.0026353681452953976,1.0
20181107,GOLD_USD,1235.05,0.016196299145643245,0.00016194987686716464,1.0
20181108,GOLD_USD,1223.45,-0.9392332294239081,-0.009436718391814319,1.0
20181109,GOLD_USD,1219.05,-0.3596387265519696,-0.0036028698133702105,1.0
20181112,GOLD_USD,1207.05,-0.9843730773963277,-0.009892500607071909,3.0
20181113,GOLD_USD,1197.55,-0.7870427902738064,-0.007901563193396069,1.0
20181114,GOLD_USD,1201.45,0.32566489916914243,0.0032513575953984817,1.0
20181115,GOLD_USD,1210.6,0.761579757792652,0.007586943795332831,1.0
20181116,GOLD_USD,1215.8,0.4295390715347791,0.004286191857035284,1.0
20181119,GOLD_USD,1223.55,0.6374403684816565,0.00635417310007697,3.0
20181120,GOLD_USD,1223.1,-0.0367782272894468,-0.0003678499213817137,1.0
20181121,GOLD_USD,1224.0,0.07358351729214174,0.0007355645789541326,1.0
20181122,GOLD_USD,1228.25,0.3472222222222321,0.003466207976486329,1.0
20181123,GOLD_USD,1222.15,-0.49664156319966235,-0.004978789259496745,1.0
20181126,GOLD_USD,1226.65,0.3682035756658264,0.0036752736567808126,3.0
20181127,GOLD_USD,1225.05,-0.13043655484450412,-0.00130521697364736,1.0
20181128,GOLD_USD,1213.2,-0.9673074568384843,-0.009720162657968217,1.0
20181129,GOLD_USD,1226.45,1.0921529838443744,0.010862320644665883,1.0
20181130,GOLD_USD,1220.45,-0.4892168453667134,-0.004904174282118543,1.0
20181203,GOLD_USD,1231.05,0.8685320988160106,0.008647820566856881,3.0
20181204,GOLD_USD,1239.25,0.6660980463831789,0.006638894156853023,1.0
20181205,GOLD_USD,1236.15,-0.25015130119022677,-0.0025046470231809264,1.0
20181206,GOLD_USD,1236.45,0.02426889940541077,0.00024265954984395105,1.0
20181207,GOLD_USD,1241.2,0.38416434146144596,0.0038342831468789586,1.0
20181210,GOLD_USD,1246.8,0.4511762810183617,0.004501615318956808,3.0
20181211,GOLD_USD,1248.25,0.11629772216874557,0.001162301487536581,1.0
20181212,GOLD_USD,1244.75,-0.2803925495693971,-0.0028078638584265563,1.0
20181213,GOLD_USD,1244.45,-0.02410122514561186,-0.00024104129957619021,1.0
20181214,GOLD_USD,1239.15,-0.4258909558439439,-0.004268004546091901,1.0
20181217,GOLD_USD,1239.1,-0.004035024008408605,-4.0351054176922775e-05,3.0
20181218,GOLD_USD,1248.8,0.7828262448551504,0.007797780578775222,1.0
20181219,GOLD_USD,1248.6,-0.016015374759770218,-0.00016016657357857453,1.0
20181220,GOLD_USD,1255.0,0.5125740829729386,0.005112648938240608,1.0
20181221,GOLD_USD,1257.6,0.20717131474103923,0.0020695701090578714,1.0
20181224,GOLD_USD,1261.25,0.2902353689567594,0.002898149992876777,3.0
20181227,GOLD_USD,1271.1,0.7809712586719364,0.007779374632804354,3.0
20181228,GOLD_USD,1277.25,0.4838329006372488,0.004826661910284182,1.0
20181231,GOLD_USD,1281.65,0.34449011548249864,0.003438981075005665,3.0
20190102,GOLD_USD,1287.2,0.4330355401240604,0.004321006392260619,2.0
20190103,GOLD_USD,1287.95,0.05826600372902391,0.0005824903568381912,1.0
20190104,GOLD_USD,1290.35,0.1863426375247279,0.0018616923501372025,1.0
20190107,GOLD_USD,1291.5,0.08912310613400365,0.0008908341507462147,3.0
20190108,GOLD_USD,1283.9,-0.588463027487407,-0.005902012938857121,1.0
20190109,GOLD_USD,1281.3,-0.20250798348782073,-0.0020271330815075507,1.0
20190110,GOLD_USD,1292.4,0.8663076562865912,0.00862576743481276,1.0
20190111,GOLD_USD,1292.8,0.030950170225918505,0.0003094538164875648,1.0
20190114,GOLD_USD,1293.7,0.06961633663367106,0.0006959211570253767,3.0
20190115,GOLD_USD,1289.35,-0.33624487902915723,-0.003368114525286218,1.0
20190116,GOLD_USD,1290.5,0.089192228642343,0.0008915247600984191,1.0
20190117,GOLD_USD,1294.0,0.27121270825261057,0.002708455902177271,1.0
20190118,GOLD_USD,1285.05,-0.6916537867078909,-0.006940567982683305,1.0
20190121,GOLD_USD,1278.7,-0.4941441967238558,-0.004953691261040002,3.0
20190122,GOLD_USD,1284.75,0.4731367795417274,0.004720210055216453,1.0
20190123,GOLD_USD,1284.9,0.0116754232341032,0.00011674741709611452,1.0
20190124,GOLD_USD,1279.75,-0.40080940150984956,-0.004016147951742399,1.0
20190125,GOLD_USD,1282.95,0.25004883766361896,0.0024973673572078786,1.0
20190128,GOLD_USD,1301.0,1.4069137534588272,0.01397108581760491,3.0
20190129,GOLD_USD,1308.35,0.5649500384319772,0.0056336018082585385,1.0
20190130,GOLD_USD,1312.95,0.35158787786144785,0.0035097125257930965,1.0
20190131,GOLD_USD,1322.5,0.7273696637343452,0.007247370885897813,1.0
20190201,GOLD_USD,1320.75,-0.13232514177693444,-0.0013241276880292027,1.0
20190204,GOLD_USD,1311.0,-0.7382169222032942,-0.007409552280725376,3.0
20190205,GOLD_USD,1314.0,0.22883295194509046,0.0022857152808560825,1.0
20190206,GOLD_USD,1313.35,-0.049467275494674556,-0.0004947951458779593,1.0
20190207,GOLD_USD,1306.6,-0.5139528686184169,-0.0051527814920278945,1.0
20190208,GOLD_USD,1311.1,0.34440532680237723,0.003438136098706059,1.0
20190211,GOLD_USD,1306.75,-0.33178247273281114,-0.003323340912324825,3.0
20190212,GOLD_USD,1311.6,0.37114979911994084,0.003704627377461832,1.0
20190213,GOLD_USD,1311.15,-0.034309240622132364,-0.00034315127588646876,1.0
20190214,GOLD_USD,1305.65,-0.41947908324753147,-0.004203613649431488,1.0
20190215,GOLD_USD,1318.0,0.9458890207942439,0.009414435017277411,1.0
20190218,GOLD_USD,1323.95,0.45144157814871466,0.004504256370956828,3.0
20190219,GOLD_USD,1329.55,0.422976698515809,0.004220846665852135,1.0
20190220,GOLD_USD,1345.75,1.2184573727953119,0.012110939341805306,1.0
20190221,GOLD_USD,1335.05,-0.7950956715586099,-0.007982734124549118,1.0
20190222,GOLD_USD,1322.25,-0.9587655893037672,-0.009633913370428196,1.0
20190225,GOLD_USD,1329.15,0.5218377765173088,0.0052048092153318916,3.0
20190226,GOLD_USD,1327.55,-0.12037768498666113,-0.0012045019712000112,1.0
20190227,GOLD_USD,1326.45,-0.08285940265903013,-0.0008289375003674054,1.0
20190228,GOLD_USD,1325.45,-0.07538919672810396,-0.0007541762867366218,1.0
20190301,GOLD_USD,1309.95,-1.169414161228266,-0.011763055875265563,1.0
20190304,GOLD_USD,1287.45,-1.7176228100309165,-0.01732545069551296,3.0
20190305,GOLD_USD,1285.0,-0.190298652374854,-0.001904799503018521,1.0
20190306,GOLD_USD,1285.55,0.04280155642022443,0.00042792399166935907,1.0
20190307,GOLD_USD,1286.4,0.0661195597215336,0.0006609771037124375,1.0
20190308,GOLD_USD,1294.1,0.5985696517412764,0.005967853402922316,1.0
20190311,GOLD_USD,1296.35,0.17386600726374546,0.0017371503528863551,3.0
20190312,GOLD_USD,1296.95,0.04628379681415051,0.0004627308916872201,1.0
20190313,GOLD_USD,1308.4,0.8828405104283066,0.008789662592031086,1.0
20190314,GOLD_USD,1299.2,-0.7031488841332978,-0.007056326256815393,1.0
20190315,GOLD_USD,1302.65,0.26554802955665036,0.002651960737134956,1.0
20190318,GOLD_USD,1305.35,0.20726979618468366,0.002070552886976454,3.0
20190319,GOLD_USD,1308.35,0.22982341900639192,0.0022955972892386655,1.0
20190320,GOLD_USD,1303.0,-0.40891198838231,-0.004097503195918641,1.0
20190321,GOLD_USD,1317.3,1.0974673829623915,0.010914889110936306,1.0
20190322,GOLD_USD,1311.1,-0.4706596826842824,-0.004717707730425357,1.0
20190325,GOLD_USD,1319.35,0.6292426207001656,0.006272711552002816,3.0
20190326,GOLD_USD,1315.25,-0.31075908591351453,-0.003112429446442406,1.0
20190327,GOLD_USD,1318.25,0.22809351834252034,0.0022783377996625546,1.0
20190328,GOLD_USD,1306.9,-0.8609899487957429,-0.008647178807588836,1.0
20190329,GOLD_USD,1291.15,-1.2051419389394802,-0.012124626504992344,1.0
20190401,GOLD_USD,1291.9,0.058087751229529694,0.0005807088682576774,3.0
20190402,GOLD_USD,1287.2,-0.36380524808422576,-0.003644686288082198,1.0
20190403,GOLD_USD,1291.85,0.36124922311993046,0.003605982853147232,1.0
20190404,GOLD_USD,1291.6,-0.019352091961144513,-0.00019353964720076795,1.0
20190405,GOLD_USD,1288.9,-0.2090430473830729,-0.002092618473386099,1.0
20190408,GOLD_USD,1297.1,0.6362014120567805,0.0063418619358934095,3.0
20190409,GOLD_USD,1301.85,0.3662015264821461,0.003655326411736019,1.0
20190410,GOLD_USD,1304.8,0.22660060682875294,0.002263442548440722,1.0
20190411,GOLD_USD,1304.65,-0.011496014714884595,-0.00011496675557303732,1.0
20190412,GOLD_USD,1296.15,-0.6515157321887122,-0.006536473595712977,1.0
20190415,GOLD_USD,1286.75,-0.7252247039308823,-0.007278672422654179,3.0
20190416,GOLD_USD,1283.75,-0.23314552166310287,-0.002334177290095902,1.0
20190417,GOLD_USD,1276.1,-0.5959104186952335,-0.005976930502837374,1.0
20190418,GOLD_USD,1276.5,0.031345505838098475,0.00031340594160783836,1.0
20190423,GOLD_USD,1273.45,-0.23893458676067514,-0.0023922049095121967,5.0
20190424,GOLD_USD,1273.8,0.027484392791232715,0.0002748061652390412,1.0
20190425,GOLD_USD,1277.85,0.31794630240224997,0.003174419219693654,1.0
20190426,GOLD_USD,1281.5,0.28563602926792164,0.002852288647166731,1.0
20190429,GOLD_USD,1282.15,0.05072181037846235,0.0005070895121630483,3.0
20190430,GOLD_USD,1285.15,0.23398198338728804,0.0023370867179477047,1.0
20190501,GOLD_USD,1281.8,-0.2606699607049845,-0.002610102964110084,1.0
20190502,GOLD_USD,1271.45,-0.8074582618193049,-0.008107358614650107,1.0
20190503,GOLD_USD,1270.05,-0.11011050375556719,-0.001101711699080465,1.0
20190507,GOLD_USD,1281.3,0.8857918979567669,0.008818917759134536,4.0
20190508,GOLD_USD,1287.75,0.5033949894638345,0.005021321930164187,1.0
20190509,GOLD_USD,1284.1,-0.2834401087167593,-0.0028384256084663844,1.0
20190510,GOLD_USD,1285.4,0.10123822132233062,0.0010118700999575778,1.0
20190513,GOLD_USD,1282.95,-0.19060214719154311,-0.0019078402422855049,3.0
20190514,GOLD_USD,1297.6,1.1418995284305566,0.011354290666247959,1.0
20190515,GOLD_USD,1298.9,0.10018495684340767,0.0010013480520898626,1.0
20190516,GOLD_USD,1295.55,-0.2579105396874337,-0.002582437018834091,1.0
20190517,GOLD_USD,1285.8,-0.7525761259696617,-0.00755422268681789,1.0
20190520,GOLD_USD,1275.25,-0.8205008554985183,-0.008238854904550359,3.0
20190521,GOLD_USD,1276.0,0.058811997647523206,0.000587947101699286,1.0
20190522,GOLD_USD,1274.0,-0.15673981191222097,-0.001568627772626487,1.0
20190523,GOLD_USD,1275.95,0.1530612244897922,0.0015294420518981147,1.0
20190524,GOLD_USD,1281.5,0.43497002233630067,0.004340267620119014,1.0
20190528,GOLD_USD,1283.9,0.1872805306281755,0.0018710537929122067,4.0
20190529,GOLD_USD,1283.5,-0.031155074382749337,-0.0003115992858429456,1.0
20190530,GOLD_USD,1276.45,-0.549279314374751,-0.005507934001192509,1.0
20190531,GOLD_USD,1296.0,1.531591523365572,0.015199810602217347,1.0
20190603,GOLD_USD,1313.95,1.385030864197545,0.013755269657969221,3.0
20190604,GOLD_USD,1323.6,0.7344267285665174,0.007317429477267827,1.0
20190605,GOLD_USD,1337.75,1.0690540948927296,0.010633801143957034,1.0
20190606,GOLD_USD,1336.65,-0.08222762100541514,-0.0008226144645754373,1.0
20190607,GOLD_USD,1334.3,-0.17581266599334677,-0.0017596739784635843,1.0
20190610,GOLD_USD,1328.6,-0.4271902870419009,-0.004281053517234258,3.0
20190611,GOLD_USD,1322.65,-0.4478398314014642,-0.004488456380329406,1.0
20190612,GOLD_USD,1336.65,1.0584810796506972,0.010529183876027203,1.0
20190613,GOLD_USD,1335.8,-0.06359181535929848,-0.000636120435302973,1.0
20190614,GOLD_USD,1352.45,1.246444078454867,0.012387399169036603,1.0
20190617,GOLD_USD,1333.2,-1.4233428222854783,-0.014335695026987458,3.0
20190618,GOLD_USD,1344.55,0.8513351335133423,0.008477317129785673,1.0
20190619,GOLD_USD,1342.4,-0.1599048008627313,-0.0016003278504285435,1.0
20190620,GOLD_USD,1381.65,2.923867699642435,0.02881938038941258,1.0
20190621,GOLD_USD,1388.35,0.48492744182679903,0.004837554560342786,1.0
20190624,GOLD_USD,1405.45,1.2316778910217208,0.012241544522463482,3.0
20190625,GOLD_USD,1429.55,1.7147532818670097,0.017002173230293526,1.0
20190626,GOLD_USD,1406.75,-1.5949074883704673,-0.016077630102065775,1.0
20190627,GOLD_USD,1402.25,-0.31988626266216125,-0.0032039899249420322,1.0
20190628,GOLD_USD,1413.2,0.7808878587983736,0.0077785470965439935,1.0
20190701,GOLD_USD,1390.05,-1.6381262383243778,-0.016516918784180133,3.0
20190702,GOLD_USD,1393.1,0.21941656774935314,0.002191762011369049,1.0
20190703,GOLD_USD,1425.1,2.2970353887014516,0.022710506966987207,1.0
20190704,GOLD_USD,1415.25,-0.6911795663462117,-0.006935792762397104,1.0
20190705,GOLD_USD,1414.4,-0.060060060060052045,-0.0006007810333902196,1.0
20190708,GOLD_USD,1404.9,-0.671662895927605,-0.006739287025773258,3.0
20190709,GOLD_USD,1387.9,-1.2100505374047943,-0.012174312495811615,1.0
20190710,GOLD_USD,1395.45,0.5439873189710953,0.005425130520883097,1.0
20190711,GOLD_USD,1423.1,1.981439678956609,0.019620646806936922,1.0
20190712,GOLD_USD,1405.6,-1.2297097884899189,-0.012373332816726843,1.0
20190715,GOLD_USD,1416.25,0.7576835515082703,0.0075482754693288094,3.0
20190716,GOLD_USD,1416.1,-0.010591350397182175,-0.00010591911320304927,1.0
20190717,GOLD_USD,1400.8,-1.080432172869139,-0.010863112257370905,1.0
20190718,GOLD_USD,1420.9,1.434894346087967,0.014246971672387688,1.0
20190719,GOLD_USD,1437.05,1.1366035611232173,0.011301927540877145,1.0
20190722,GOLD_USD,1424.45,-0.8767962144671348,-0.008806626898064572,3.0
20190723,GOLD_USD,1417.55,-0.4843974867492773,-0.004855744938419159,1.0
20190724,GOLD_USD,1425.55,0.564353991040889,0.005627674801311777,1.0
20190725,GOLD_USD,1426.35,0.05611869103152589,0.0005610295038279913,1.0
20190726,GOLD_USD,1418.25,-0.5678830581554273,-0.005695016446886329,1.0
20190729,GOLD_USD,1418.95,0.0493566014454494,0.000493444250813131,3.0
20190730,GOLD_USD,1428.45,0.6695091440854117,0.006672778850675037,1.0
20190731,GOLD_USD,1430.55,0.14701249606214883,0.00146904538486622,1.0
20190801,GOLD_USD,1406.4,-1.6881618957743427,-0.017025737762118444,1.0
20190802,GOLD_USD,1436.05,2.108219567690539,0.020863041012595666,1.0
20190805,GOLD_USD,1457.45,1.490198809233667,0.014792044375374057,3.0
20190806,GOLD_USD,1461.85,0.3018971491303146,0.0030144235479788667,1.0
20190807,GOLD_USD,1487.65,1.7648869583062776,0.017494936805013152,1.0
20190808,GOLD_USD,1497.4,0.6553960945114845,0.00653257712471054,1.0
20190809,GOLD_USD,1503.5,0.4073727794844384,0.004065452631998907,1.0
20190812,GOLD_USD,1501.95,-0.10309278350515427,-0.0010314596066622707,3.0
20190813,GOLD_USD,1527.2,1.6811478411398406,0.01667172958961627,1.0
20190814,GOLD_USD,1500.35,-1.758119434258787,-0.017737579205891616,1.0
20190815,GOLD_USD,1517.65,1.1530642850001716,0.011464671630464622,1.0
20190816,GOLD_USD,1509.05,-0.5666655684775868,-0.005682772091022123,1.0
20190819,GOLD_USD,1499.35,-0.6427885093270636,-0.006448632904141985,3.0
20190820,GOLD_USD,1502.65,0.22009537466236573,0.002198535196021486,1.0
20190821,GOLD_USD,1499.65,-0.1996472897880408,-0.00199846850645773,1.0
20190822,GOLD_USD,1498.7,-0.06334811456006895,-0.0006336818795602011,1.0
20190823,GOLD_USD,1495.5,-0.2135183825982545,-0.0021374665809477324,1.0
20190827,GOLD_USD,1531.85,2.430625208960202,0.02401555620976263,4.0
20190828,GOLD_USD,1541.75,0.6462773770277819,0.006441979591836786,1.0
20190829,GOLD_USD,1536.65,-0.3307929301118784,-0.0033134125948205665,1.0
20190830,GOLD_USD,1526.55,-0.6572739400644401,-0.0065944349707314455,1.0
20190902,GOLD_USD,1523.35,-0.20962300612492601,-0.002098430226723816,3.0
20190903,GOLD_USD,1532.45,0.5973676436800579,0.005955904771380439,1.0
20190904,GOLD_USD,1538.8,0.4143691474436384,0.004135130027433275,1.0
20190905,GOLD_USD,1542.6,0.246945671952159,0.0024664126217586253,1.0
20190906,GOLD_USD,1504.95,-2.4406845585375203,-0.024709629460167193,1.0
20190909,GOLD_USD,1509.95,0.33223695139372733,0.0033168626382233525,3.0
20190910,GOLD_USD,1494.6,-1.0165899533097211,-0.010217925181765236,1.0
20190911,GOLD_USD,1493.65,-0.06356215709887314,-0.0006358236640204822,1.0
20190912,GOLD_USD,1502.95,0.622635824992468,0.006207054567719275,1.0
20190913,GOLD_USD,1506.3,0.22289497321932306,0.002226469308881013,1.0
20190916,GOLD_USD,1502.05,-0.2821483104295308,-0.0028254709906849608,3.0
20190917,GOLD_USD,1499.3,-0.18308311973636027,-0.0018325092172270846,1.0
20190918,GOLD_USD,1502.2,0.19342359767893225,0.001932367751054082,1.0
20190919,GOLD_USD,1498.4,-0.25296232192784096,-0.0025328281220326626,1.0
20190920,GOLD_USD,1504.1,0.3804057661505489,0.0037968405312887523,1.0
20190923,GOLD_USD,1519.5,1.0238680938767342,0.01018662069568011,3.0
20190924,GOLD_USD,1520.25,0.049358341559724295,0.000493461643371353,1.0
20190925,GOLD_USD,1530.85,0.6972537411609858,0.006948341677961983,1.0
20190926,GOLD_USD,1507.05,-1.5546918378678498,-0.015669039101748175,1.0
20190927,GOLD_USD,1496.15,-0.7232673103082066,-0.007258955688768888,1.0
20190930,GOLD_USD,1487.6,-0.5714667646960603,-0.005731058836749065,3.0
20191001,GOLD_USD,1466.1,-1.445280989513309,-0.014558269106696138,1.0
20191002,GOLD_USD,1484.05,1.2243366755337215,0.012169022937891802,1.0
20191003,GOLD_USD,1504.0,1.3442943297058862,0.013353388627674566,1.0
20191004,GOLD_USD,1509.5,0.36569148936169693,0.003650244637108307,1.0
20191007,GOLD_USD,1502.15,-0.48691619741635384,-0.004881054964966931,3.0
20191008,GOLD_USD,1500.0,-0.14312818293779062,-0.0014323070916250498,1.0
20191009,GOLD_USD,1503.4,0.2266666666666639,0.002264101653067047,1.0
20191010,GOLD_USD,1508.2,0.3192763070373861,0.003187677025178178,1.0
20191011,GOLD_USD,1498.35,-0.6530964063121703,-0.006552384122278327,1.0
20191014,GOLD_USD,1494.2,-0.2769713351353009,-0.0027735561045674068,3.0
20191015,GOLD_USD,1494.75,0.03680899477980226,0.00036802221931279435,1.0
20191016,GOLD_USD,1482.55,-0.8161899983274878,-0.008195390645053332,1.0
20191017,GOLD_USD,1484.45,0.1281575663552692,0.0012807551464236913,1.0
20191018,GOLD_USD,1487.5,0.20546330290680537,0.002052525157400669,1.0
20191021,GOLD_USD,1490.85,0.2252100840336002,0.002249568662339294,3.0
20191022,GOLD_USD,1487.45,-0.22805781936477976,-0.0022831826726619707,1.0
20191023,GOLD_USD,1494.25,0.4571582238058314,0.004561164294901295,1.0
20191024,GOLD_USD,1488.85,-0.3613853103563769,-0.003620398845682937,1.0
20191025,GOLD_USD,1504.65,1.0612217483292552,0.010556303138923197,1.0
20191028,GOLD_USD,1505.05,0.026584255474682017,0.0002658072248761797,3.0
20191029,GOLD_USD,1492.75,-0.8172485963921394,-0.008206063795378289,1.0
20191030,GOLD_USD,1490.15,-0.17417518003683963,-0.0017432704136565755,1.0
20191031,GOLD_USD,1506.4,1.0904942455457478,0.010845912329497453,1.0
20191101,GOLD_USD,1509.85,0.22902283590013894,0.002287609783361881,1.0
20191104,GOLD_USD,1509.2,-0.04305063416895072,-0.0004305990361492811,3.0
20191105,GOLD_USD,1504.6,-0.30479724357276305,-0.0030526269640342965,1.0
20191106,GOLD_USD,1488.55,-1.0667286986574487,-0.010724590371165325,1.0
20191107,GOLD_USD,1484.1,-0.2989486412952269,-0.0029939638531833136,1.0
20191108,GOLD_USD,1466.85,-1.1623205983424256,-0.011691283475378738,1.0
20191111,GOLD_USD,1465.5,-0.09203395030166206,-0.00092076327544665,3.0
20191112,GOLD_USD,1455.0,-0.7164790174002067,-0.007190580545354254,1.0
20191113,GOLD_USD,1463.45,0.580756013745698,0.005790761268994462,1.0
20191114,GOLD_USD,1467.65,0.2869930643342844,0.002865820254869297,1.0
20191115,GOLD_USD,1465.6,-0.1396790787994484,-0.0013977672095909048,1.0
20191118,GOLD_USD,1458.4,-0.4912663755458402,-0.004924770555412425,3.0
20191119,GOLD_USD,1464.9,0.44569391113549184,0.004447036371270993,1.0
20191120,GOLD_USD,1475.7,0.7372516895351122,0.007345472733679456,1.0
20191121,GOLD_USD,1468.9,-0.46079826523005574,-0.004618632132034598,1.0
20191122,GOLD_USD,1471.3,0.16338756892912976,0.0016325423665321263,1.0
20191125,GOLD_USD,1459.45,-0.8054101814721659,-0.008086711304200675,3.0
20191126,GOLD_USD,1457.65,-0.12333413272123117,-0.0012341025185638864,1.0
20191127,GOLD_USD,1459.8,0.14749768462936075,0.0014738901363951077,1.0
20191128,GOLD_USD,1457.55,-0.15413070283600838,-0.0015424960639742766,1.0
20191129,GOLD_USD,1456.35,-0.0823299372234243,-0.0008236384692941096,1.0
20191202,GOLD_USD,1457.5,0.07896453462423736,0.0007893337403839067,3.0
20191203,GOLD_USD,1470.4,0.8850771869639784,0.008811833376775149,1.0
20191204,GOLD_USD,1475.85,0.3706474428726736,0.0036996223784614224,1.0
20191205,GOLD_USD,1474.6,-0.0846969542975251,-0.0008473284243339775,1.0
20191206,GOLD_USD,1474.85,0.016953750169546034,0.00016952313183735005,1.0
20191209,GOLD_USD,1463.6,-0.762789436213851,-0.007657135542335712,3.0
20191210,GOLD_USD,1464.45,0.05807597704292622,0.0005805911947386162,1.0
20191211,GOLD_USD,1468.05,0.2458260780497712,0.0024552442001479404,1.0
20191212,GOLD_USD,1474.7,0.4529818466673552,0.004519589716957018,1.0
20191213,GOLD_USD,1470.6,-0.27802264867431425,-0.002784098494773334,1.0
20191216,GOLD_USD,1477.4,0.4623963008296039,0.004613305332515601,3.0
20191217,GOLD_USD,1478.4,0.06768647624204593,0.0006766357927823168,1.0
20191218,GOLD_USD,1478.9,0.0338203463203568,0.00033814628530378575,1.0
20191219,GOLD_USD,1474.4,-0.30428020826289703,-0.003047440817109857,1.0
20191220,GOLD_USD,1476.9,0.1695604991861055,0.0016941690766510283,1.0
20191223,GOLD_USD,1483.95,0.4773512086126308,0.004762155005076637,3.0
20191224,GOLD_USD,1490.85,0.464975235014653,0.004638975644782942,1.0
20191227,GOLD_USD,1510.6,1.3247476271925462,0.01316049579722339,3.0
20191230,GOLD_USD,1511.5,0.059578975241625365,0.0005956123401651481,3.0
20191231,GOLD_USD,1523.0,0.7608336089976797,0.007579538675649021,1.0
20200102,GOLD_USD,1520.55,-0.16086671043992196,-0.0016099623986434825,2.0
20200103,GOLD_USD,1547.4,1.7658084245832262,0.017503991618835917,1.0
20200106,GOLD_USD,1576.85,1.9031924518547072,0.018853083012395126,3.0
20200107,GOLD_USD,1566.5,-0.6563718806481211,-0.006585354735502899,1.0
20200108,GOLD_USD,1582.85,1.0437280561761852,0.010383188208154008,1.0
20200109,GOLD_USD,1547.85,-2.2112013140853537,-0.02236014837056744,1.0
20200110,GOLD_USD,1548.8,0.06137545627806773,0.0006135662924795758,1.0
20200113,GOLD_USD,1550.35,0.10007747933884481,0.0010002743521530593,3.0
20200114,GOLD_USD,1544.95,-0.34830844647981696,-0.00348916452584229,1.0
20200115,GOLD_USD,1551.9,0.4498527460435664,0.004488439328955918,1.0
20200116,GOLD_USD,1555.2,0.21264256717572483,0.00212416802859559,1.0
20200117,GOLD_USD,1556.5,0.08359053497941638,0.0008355561754881549,1.0
20200120,GOLD_USD,1559.25,0.17667844522968323,0.0017652255245691492,3.0
20200121,GOLD_USD,1556.25,-0.19240019240018835,-0.0019258551932142102,1.0
20200122,GOLD_USD,1558.1,0.1188755020080201,0.0011880490102910467,1.0
20200123,GOLD_USD,1554.05,-0.2599319684230772,-0.002602703781146353,1.0
20200124,GOLD_USD,1561.85,0.5019143528200543,0.005006589616389472,1.0
20200127,GOLD_USD,1583.45,1.3829753177321935,0.013734994798003615,3.0
20200128,GOLD_USD,1579.6,-0.24313997915943464,-0.0024343604440611134,1.0
20200129,GOLD_USD,1571.2,-0.53178019751835,-0.005331991812292819,1.0
20200130,GOLD_USD,1580.4,0.5855397148676111,0.0058383209370341665,1.0
20200131,GOLD_USD,1580.85,0.028473804100226374,0.0002846975108197408,1.0
20200203,GOLD_USD,1578.85,-0.1265142170351341,-0.0012659431383371302,3.0
20200204,GOLD_USD,1571.2,-0.48452987934255454,-0.004857075309516749,1.0
20200205,GOLD_USD,1552.2,-1.2092668024439868,-0.012166379180162942,1.0
20200206,GOLD_USD,1564.75,0.8085298286303333,0.00805278738477242,1.0
20200207,GOLD_USD,1568.3,0.22687330244448578,0.0022661633355681773,1.0
20200210,GOLD_USD,1574.05,0.3666390358987526,0.003659685533196976,3.0
20200211,GOLD_USD,1567.7,-0.40341793462722597,-0.004042338599090397,1.0
20200212,GOLD_USD,1566.75,-0.06059832876188498,-0.0006061669697005495,1.0
20200213,GOLD_USD,1575.0,0.5265677357587428,0.005251862154948644,1.0
20200214,GOLD_USD,1576.35,0.08571428571428896,0.0008567757199817993,1.0
20200217,GOLD_USD,1580.3,0.2505788689060262,0.002502654435342957,3.0
20200218,GOLD_USD,1588.2,0.4999050813136785,0.004986597046052554,1.0
20200219,GOLD_USD,1609.5,1.3411409142425335,0.013322272277752217,1.0
20200220,GOLD_USD,1610.35,0.05281143212176875,0.000527974917927973,1.0
20200221,GOLD_USD,1633.7,1.449995342627397,0.014395834375672156,1.0
20200224,GOLD_USD,1682.35,2.9779029197527063,0.02934424446598852,3.0
20200225,GOLD_USD,1655.9,-1.5722055458138762,-0.015846957850012718,1.0
20200226,GOLD_USD,1647.95,-0.4801014554019045,-0.004812576445108095,1.0
20200227,GOLD_USD,1646.6,-0.08191996116387879,-0.0008195353390049834,1.0
20200228,GOLD_USD,1626.35,-1.2298068747722546,-0.012374315767468847,1.0
20200302,GOLD_USD,1609.7,-1.023764872259958,-0.010290413884672908,3.0
20200303,GOLD_USD,1599.05,-0.6616139653351616,-0.006638123323646899,1.0
20200304,GOLD_USD,1644.8,2.8610737625465177,0.02820909337230911,1.0
20200305,GOLD_USD,1647.45,0.1611138132295853,0.0016098416416187573,1.0
20200306,GOLD_USD,1687.0,2.400679838538333,0.02372316564350357,1.0
20200309,GOLD_USD,1676.6,-0.6164789567279283,-0.0061838703422113905,3.0
20200310,GOLD_USD,1657.4,-1.1451747584396932,-0.011517823788814833,1.0
20200311,GOLD_USD,1662.5,0.3077108724508282,0.003072384115067116,1.0
20200312,GOLD_USD,1636.65,-1.554887218045109,-0.01567102376079174,1.0
20200313,GOLD_USD,1588.15,-2.963370299086554,-0.030081652984766664,1.0
20200316,GOLD_USD,1504.65,-5.2576897648207055,-0.054009503786846984,3.0
20200317,GOLD_USD,1472.35,-2.1466786295816442,-0.021700549232871937,1.0
20200318,GOLD_USD,1506.0,2.285462016504236,0.02259736559510691,1.0
20200319,GOLD_USD,1480.7,-1.6799468791500627,-0.01694218044516566,1.0
20200320,GOLD_USD,1504.45,1.6039710947524766,0.015912433970741244,1.0
20200323,GOLD_USD,1494.5,-0.6613712652464354,-0.006635680161421938,3.0
20200324,GOLD_USD,1599.5,7.025761124121788,0.06789937766558021,1.0
20200325,GOLD_USD,1620.95,1.3410440762738451,0.013321316713071553,1.0
20200326,GOLD_USD,1620.1,-0.052438384897757206,-0.0005245213862717651,1.0
20200327,GOLD_USD,1621.2,0.06789704339238423,0.0006787400377809851,1.0
20200330,GOLD_USD,1624.45,0.2004687885516887,0.002002681180188743,3.0
20200331,GOLD_USD,1604.65,-1.218874080457999,-0.012263632686451916,1.0
20200401,GOLD_USD,1594.25,-0.6481164116785676,-0.006502258052509379,1.0
20200402,GOLD_USD,1588.05,-0.3888976007527134,-0.003896557737882635,1.0
20200403,GOLD_USD,1609.75,1.3664557161298552,0.013572038960794529,1.0
20200406,GOLD_USD,1636.6,1.667960863488105,0.016542031674988317,3.0
20200407,GOLD_USD,1652.2,0.9531956495173022,0.009486814035123673,1.0
20200408,GOLD_USD,1649.05,-0.1906548843965683,-0.0019083686215773585,1.0
20200409,GOLD_USD,1662.5,0.815621115187537,0.008123129023181635,1.0
20200414,GOLD_USD,1715.85,3.2090225563909724,0.031586091109782874,5.0
20200415,GOLD_USD,1712.25,-0.20980854969839813,-0.0021002895617775095,1.0
20200416,GOLD_USD,1717.85,0.32705504453205414,0.003265213827831553,1.0
20200417,GOLD_USD,1693.15,-1.4378438163983986,-0.014482809579335872,1.0
20200420,GOLD_USD,1684.95,-0.4843044030357624,-0.004854809570822216,3.0
20200421,GOLD_USD,1678.6,-0.3768657823674415,-0.0037757771069608995,1.0
20200422,GOLD_USD,1702.65,1.4327415703562663,0.014225748220731079,1.0
20200423,GOLD_USD,1727.55,1.4624262179543601,0.01451835891356796,1.0
20200424,GOLD_USD,1727.25,-0.01736563341148134,-0.0001736714141218536,1.0
20200427,GOLD_USD,1717.25,-0.5789549862498244,-0.005806374274913335,3.0
20200428,GOLD_USD,1708.1,-0.5328286504585833,-0.005342532449975953,1.0
20200429,GOLD_USD,1706.0,-0.12294362156781702,-0.0012301925923905528,1.0
20200430,GOLD_USD,1716.75,0.6301289566236878,0.006281519449161409,1.0
20200501,GOLD_USD,1673.05,-2.545507499635946,-0.025784660528992285,1.0
20200504,GOLD_USD,1703.7,1.8319835031828102,0.018154048579703007,3.0
20200505,GOLD_USD,1696.3,-0.4343487703234228,-0.004352948049819477,1.0
20200506,GOLD_USD,1698.9,0.15327477450923777,0.0015315742861919585,1.0
20200507,GOLD_USD,1688.65,-0.6033315674848438,-0.006051589662764134,1.0
20200511,GOLD_USD,1698.8,0.6010718621383804,0.0059927263140110805,4.0
20200512,GOLD_USD,1703.45,0.27372262773723843,0.00273348689566064,1.0
20200513,GOLD_USD,1699.85,-0.21133581848602478,-0.0021155944775494884,1.0
20200514,GOLD_USD,1716.4,0.9736153189987551,0.009689062260142598,1.0
20200515,GOLD_USD,1734.85,1.0749242600792241,0.010691880194700128,1.0
20200518,GOLD_USD,1756.9,1.2710032567657237,0.012629938058938726,3.0
20200519,GOLD_USD,1735.25,-1.2322841368319293,-0.01239939715131553,1.0
20200520,GOLD_USD,1750.05,0.852903039907793,0.00849286371828258,1.0
20200521,GOLD_USD,1732.8,-0.9856861232536263,-0.00990576169124956,1.0
20200522,GOLD_USD,1732.45,-0.0201985226223389,-0.00020200562798647798,1.0
20200526,GOLD_USD,1722.75,-0.5599007186354643,-0.005614740381422358,4.0
20200527,GOLD_USD,1705.15,-1.0216224060368595,-0.010268767849819513,1.0
20200528,GOLD_USD,1723.3,1.064422484825367,0.010587973900033422,1.0
20200529,GOLD_USD,1725.65,0.13636627400916979,0.001362733796471976,1.0
20200601,GOLD_USD,1734.8,0.5302349839190867,0.005288341877207668,3.0
20200602,GOLD_USD,1740.25,0.3141572515563684,0.0031366480875646124,1.0
20200603,GOLD_USD,1717.6,-1.3015371354690441,-0.013100813484204603,1.0
20200604,GOLD_USD,1706.45,-0.649161620866312,-0.006512778383357441,1.0
20200605,GOLD_USD,1709.55,0.18166368777285946,0.0018149887886402371,1.0
20200608,GOLD_USD,1692.0,-1.0265859436693892,-0.010318916803685397,3.0
20200609,GOLD_USD,1707.5,0.9160756501181977,0.009119051278776484,1.0
20200610,GOLD_USD,1717.65,0.5944363103953298,0.005926765082513147,1.0
20200611,GOLD_USD,1731.9,0.8296218670858391,0.00826199420753941,1.0
20200612,GOLD_USD,1735.85,0.22807321438880201,0.0022781352221709337,1.0
20200615,GOLD_USD,1710.4,-1.4661405075323208,-0.014769945686387813,3.0
20200616,GOLD_USD,1728.35,1.0494621141253324,0.010439934879784594,1.0
20200617,GOLD_USD,1717.3,-0.639338097028952,-0.006413906160749121,1.0
20200618,GOLD_USD,1732.65,0.8938449892272882,0.008898738412982768,1.0
20200619,GOLD_USD,1728.55,-0.23663174905492745,-0.002369121644334501,1.0
20200622,GOLD_USD,1745.45,0.977698070637234,0.00972949528898018,3.0
20200623,GOLD_USD,1756.6,0.6388037468847418,0.006367720435572009,1.0
20200624,GOLD_USD,1775.7,1.0873277923260982,0.010814588881772159,1.0
20200625,GOLD_USD,1758.55,-0.9658162977980611,-0.009705105531115728,1.0
20200626,GOLD_USD,1762.1,0.2018708595149299,0.002016673741011399,1.0
20200629,GOLD_USD,1768.8,0.3802281368821214,0.0037950709685515343,3.0
20200630,GOLD_USD,1770.7,0.10741745816373882,0.0010735980689347295,1.0
20200701,GOLD_USD,1787.4,0.9431298356582074,0.009387101335120383,1.0
20200702,GOLD_USD,1771.85,-0.8699787400693881,-0.008737851478155307,1.0
20200703,GOLD_USD,1774.65,0.15802692101476445,0.0015790218986451146,1.0
20200706,GOLD_USD,1774.4,-0.014087284816721724,-0.00014088277167887244,3.0
20200707,GOLD_USD,1775.5,0.061992786293951774,0.0006197357870399284,1.0
20200708,GOLD_USD,1799.35,1.3432835820895495,0.013343415173684356,1.0
20200709,GOLD_USD,1812.45,0.7280406813571672,0.007254032584600022,1.0
20200710,GOLD_USD,1805.75,-0.3696653700791752,-0.0037035032104707002,1.0
20200713,GOLD_USD,1808.05,0.1273708985186195,0.0012728985060334436,3.0
20200714,GOLD_USD,1798.2,-0.5447858189762456,-0.005462751886317129,1.0
20200715,GOLD_USD,1809.3,0.6172839506172867,0.006153865574378286,1.0
20200716,GOLD_USD,1804.6,-0.25976897142541144,-0.0026010695646504507,1.0
20200717,GOLD_USD,1802.9,-0.09420370165132974,-0.0009424810122457156,1.0
20200720,GOLD_USD,1810.3,0.41044983082809683,0.004096097833743478,3.0
20200721,GOLD_USD,1823.2,0.7125890736342066,0.0071006215495763685,1.0
20200722,GOLD_USD,1851.0,1.5247915752522934,0.015132834642022903,1.0
20200723,GOLD_USD,1882.35,1.693679092382494,0.01679496265092929,1.0
20200724,GOLD_USD,1893.85,0.6109384545913255,0.006090797919630666,1.0
20200727,GOLD_USD,1940.55,2.4658763893655733,0.024359643887962988,3.0
20200728,GOLD_USD,1931.65,-0.4586328618175206,-0.004596878091196967,1.0
20200729,GOLD_USD,1954.35,1.1751611316749733,0.011683097376226475,1.0
20200730,GOLD_USD,1952.2,-0.11001100110010764,-0.0011007155761855161,1.0
20200731,GOLD_USD,1974.7,1.1525458457125382,0.01145954632239927,1.0
20200803,GOLD_USD,1972.95,-0.08862105636299189,-0.0008866034803665904,3.0
20200804,GOLD_USD,1972.25,-0.03547986517651314,-0.00035486160769833907,1.0
20200805,GOLD_USD,2034.45,3.1537583977690575,0.03105048910163467,1.0
20200806,GOLD_USD,2049.15,0.7225540072255399,0.0071995609247723046,1.0
20200807,GOLD_USD,2061.5,0.6026889197960017,0.006008800145348743,1.0
20200810,GOLD_USD,2030.3,-1.5134610720349273,-0.015250307778759107,3.0
20200811,GOLD_USD,1996.6,-1.6598532236615338,-0.016737831465870844,1.0
20200812,GOLD_USD,1931.7,-3.250525894019829,-0.033045289690077265,1.0
20200813,GOLD_USD,1931.0,-0.03623751100068073,-0.0003624407837331453,1.0
20200814,GOLD_USD,1948.3,0.8959088555152706,0.00891919402332701,1.0
20200817,GOLD_USD,1949.85,0.07955653646769534,0.0007952490702963357,3.0
20200818,GOLD_USD,2005.15,2.836115598635791,0.027966424387762305,1.0
20200819,GOLD_USD,1993.15,-0.5984589681570007,-0.006002569107277768,1.0
20200820,GOLD_USD,1928.05,-3.2661866894112435,-0.033207172358443324,1.0
20200821,GOLD_USD,1932.85,0.2489561992686795,0.002486468167012406,1.0
20200824,GOLD_USD,1947.55,0.7605349613265311,0.007576574745091507,3.0
20200825,GOLD_USD,1925.45,-1.1347590562501564,-0.011412465719701,1.0
20200826,GOLD_USD,1918.5,-0.36095458204575825,-0.003616075949575197,1.0
20200827,GOLD_USD,1938.8,1.058118321605428,0.01052559428421392,1.0
20200828,GOLD_USD,1955.85,0.8794099442954284,0.008755656566369922,1.0
20200901,GOLD_USD,1987.95,1.6412301556868014,0.016279075457206613,4.0
20200902,GOLD_USD,1969.0,-0.9532432908272326,-0.009578157355671869,1.0
20200903,GOLD_USD,1934.1,-1.7724733367191492,-0.017883697654441408,1.0
20200904,GOLD_USD,1937.6,0.18096272167933414,0.001807991814143649,1.0
20200907,GOLD_USD,1928.4,-0.4748142031378966,-0.004759450267360533,3.0
20200908,GOLD_USD,1920.6,-0.40448039825763393,-0.004053006327594949,1.0
20200909,GOLD_USD,1928.4,0.40612308653547036,0.004053006327594965,1.0
20200910,GOLD_USD,1944.8,0.8504459655672925,0.00846850047044622,1.0
20200911,GOLD_USD,1944.5,-0.015425750719866294,-0.00015426940611160667,1.0
20200914,GOLD_USD,1942.3,-0.1131396245821592,-0.0011320367577148664,3.0
20200915,GOLD_USD,1963.55,1.094063738866291,0.01088122158710346,1.0
20200916,GOLD_USD,1964.8,0.06366020727763821,0.0006363995276327308,1.0
20200917,GOLD_USD,1936.1,-1.4607084690553718,-0.014714818557703707,1.0
20200918,GOLD_USD,1954.75,0.9632766902536005,0.009586667609503784,1.0
20200921,GOLD_USD,1930.9,-1.2201048727458752,-0.012276092556130365,3.0
20200922,GOLD_USD,1903.1,-1.4397431249676407,-0.014502079925511432,1.0
20200923,GOLD_USD,1888.1,-0.7881876937628096,-0.007913103118495225,1.0
20200924,GOLD_USD,1850.75,-1.9781791218685396,-0.01998007008127869,1.0
20200925,GOLD_USD,1870.05,1.042820478184514,0.010374206135885867,1.0
20200928,GOLD_USD,1850.95,-1.0213630651586758,-0.010266147676154021,3.0
20200929,GOLD_USD,1882.4,1.6991274750803642,0.016848537630213194,1.0
20200930,GOLD_USD,1883.4,0.053123671908195114,0.0005310956628100705,1.0
20201001,GOLD_USD,1895.55,0.6451099076138833,0.006430379796836508,1.0
20201002,GOLD_USD,1906.4,0.5723932367914353,0.005707612911732952,1.0
20201005,GOLD_USD,1899.65,-0.35407049937054014,-0.003546988125159244,3.0
20201006,GOLD_USD,1912.5,0.6764403969152122,0.006741628041317702,1.0
20201007,GOLD_USD,1888.0,-1.2810457516339913,-0.012893218995244949,1.0
20201008,GOLD_USD,1891.35,0.17743644067795827,0.0017727920818990078,1.0
20201009,GOLD_USD,1912.4,1.1129616411557963,0.0110681379646033,1.0
20201012,GOLD_USD,1919.8,0.3869483371679472,0.0038620161774881572,3.0
20201013,GOLD_USD,1920.8,0.05208875924576084,0.000520751977606972,1.0
20201014,GOLD_USD,1896.45,-1.2677009579341925,-0.012758048481027058,1.0
20201015,GOLD_USD,1891.7,-0.25046797964618506,-0.0025078217543988077,1.0
20201016,GOLD_USD,1908.2,0.8722313263202386,0.008684493646127896,1.0
20201019,GOLD_USD,1910.0,0.09432973482863538,0.000942852722930023,3.0
20201020,GOLD_USD,1906.35,-0.1910994764397933,-0.0019128230444864687,1.0
20201021,GOLD_USD,1918.95,0.6609489338264218,0.006587742434964548,1.0
20201022,GOLD_USD,1916.85,-0.10943484718205498,-0.0010949477083317038,1.0
20201023,GOLD_USD,1910.6,-0.32605576857865914,-0.003265884886914006,1.0
20201026,GOLD_USD,1901.6,-0.4710562127080542,-0.00472169178992387,3.0
20201027,GOLD_USD,1898.9,-0.14198569625577528,-0.0014208659146129697,1.0
20201028,GOLD_USD,1896.85,-0.10795723840119065,-0.0010801555420233706,1.0
20201029,GOLD_USD,1876.85,-1.05437962938556,-0.010599775953785298,1.0
20201030,GOLD_USD,1875.8,-0.05594480112954825,-0.0005596045607243877,1.0
20201102,GOLD_USD,1886.75,0.5837509329352786,0.005820537090139648,3.0
20201103,GOLD_USD,1899.85,0.6943156221014934,0.00691916350462543,1.0
20201104,GOLD_USD,1888.55,-0.5947837987209548,-0.005965596828391342,1.0
20201105,GOLD_USD,1916.8,1.4958566095681913,0.014847790079918304,1.0
20201106,GOLD_USD,1947.95,1.625104340567618,0.016120408600808794,1.0
20201109,GOLD_USD,1957.45,0.4876921892245756,0.0048650682326333355,3.0
20201110,GOLD_USD,1874.9,-4.21722138496513,-0.04308728110566714,1.0
20201111,GOLD_USD,1876.2,0.06933703130833635,0.0006931300429455363,1.0
20201112,GOLD_USD,1868.0,-0.4370536190171692,-0.00438011490306274,1.0
20201113,GOLD_USD,1878.2,0.5460385438972093,0.005445531581725209,1.0
20201116,GOLD_USD,1892.6,0.7666915131508745,0.007637673703618963,3.0
20201117,GOLD_USD,1885.4,-0.3804290394166632,-0.0038115451120822345,1.0
20201118,GOLD_USD,1877.2,-0.43492097167709964,-0.004358695041787388,1.0
20201119,GOLD_USD,1857.4,-1.0547624121031274,-0.010603644578354585,1.0
20201120,GOLD_USD,1867.0,0.5168515128674445,0.005155204199814612,1.0
20201123,GOLD_USD,1863.8,-0.171397964649167,-0.001715450190167473,3.0
20201124,GOLD_USD,1818.1,-2.45197982616161,-0.024825414626328035,1.0
20201125,GOLD_USD,1808.55,-0.5252736373136724,-0.005266580493797559,1.0
20201126,GOLD_USD,1814.85,0.34834535954217927,0.0034774004241670815,1.0
20201127,GOLD_USD,1808.05,-0.3746866132187221,-0.00375390321860687,1.0
20201130,GOLD_USD,1771.95,-1.9966261994966872,-0.02016828137435094,3.0
20201201,GOLD_USD,1796.2,1.3685487739496072,0.013592687174210765,1.0
20201202,GOLD_USD,1832.95,2.045985970381925,0.02025336854396071,1.0
20201203,GOLD_USD,1834.8,0.1009301944951968,0.0010087929422067756,1.0
20201204,GOLD_USD,1839.3,0.2452583387835272,0.002449580713735097,1.0
20201207,GOLD_USD,1832.8,-0.35339531343445696,-0.003540212297466155,3.0
20201208,GOLD_USD,1864.5,1.7295940637276352,0.017148068479589784,1.0
20201209,GOLD_USD,1859.8,-0.25207830517565144,-0.0025239655747785945,1.0
20201210,GOLD_USD,1834.2,-1.3764920959242866,-0.013860535919253025,1.0
20201211,GOLD_USD,1833.65,-0.02998582488278334,-0.00029990321530179854,1.0
20201214,GOLD_USD,1820.25,-0.7307828647779124,-0.007334661634721682,3.0
20201215,GOLD_USD,1844.3,1.321247081444854,0.013125947413939788,1.0
20201216,GOLD_USD,1861.35,0.9244699886135743,0.009202229199978117,1.0
20201217,GOLD_USD,1871.95,0.5694791414833311,0.005678637390387225,1.0
20201218,GOLD_USD,1878.95,0.3739416116883554,0.0037324418814078473,1.0
20201221,GOLD_USD,1869.25,-0.5162457755661376,-0.005175829280508336,3.0
20201222,GOLD_USD,1873.3,0.21666443760866017,0.002164300586988152,1.0
20201223,GOLD_USD,1867.1,-0.330966743180483,-0.0033151564957230708,1.0
20201224,GOLD_USD,1872.55,0.2918965240212179,0.0029147133332782325,1.0
20201229,GOLD_USD,1873.9,0.07209420309204351,0.0007206822770519513,5.0
20201230,GOLD_USD,1877.55,0.194780938150374,0.001945914860521993,1.0
20201231,GOLD_USD,1891.1,0.7216851748288899,0.007190934891084936,1.0
20210104,GOLD_USD,1930.8,2.0993072814763813,0.02077575445311053,4.0
20210105,GOLD_USD,1946.55,0.8157240522063347,0.00812415006501134,1.0
20210106,GOLD_USD,1957.2,0.5471218309316628,0.005456305563619419,1.0
20210107,GOLD_USD,1911.05,-2.357960351522592,-0.02386205120509659,1.0
20210108,GOLD_USD,1891.3,-1.033463279349045,-0.01038840591546326,1.0
20210111,GOLD_USD,1847.8,-2.3000052873684784,-0.02326868105776395,3.0
20210112,GOLD_USD,1861.85,0.7603636757224752,0.0075748748161490066,1.0
20210113,GOLD_USD,1852.4,-0.5075596852592734,-0.005088521446196813,1.0
20210114,GOLD_USD,1840.25,-0.6559058518678551,-0.006580663667781669,1.0
20210115,GOLD_USD,1853.85,0.7390300230946778,0.007363125765038733,1.0
20210118,GOLD_USD,1833.95,-1.073441756344895,-0.010792447072603507,3.0
20210119,GOLD_USD,1843.1,0.4989230895062535,0.004976825926326441,1.0
20210120,GOLD_USD,1854.6,0.623948781943473,0.0062201028085486845,1.0
20210121,GOLD_USD,1867.65,0.7036557748301586,0.00701191670040567,1.0
20210122,GOLD_USD,1853.6,-0.752282279870431,-0.007551261948364837,1.0
20210125,GOLD_USD,1855.6,0.10789814415193,0.0010783997594222532,3.0
20210126,GOLD_USD,1853.2,-0.12933821944384194,-0.0012942193350952648,1.0
20210127,GOLD_USD,1846.4,-0.3669328728685528,-0.003676077228712894,1.0
20210128,GOLD_USD,1839.65,-0.36557625649913383,-0.003662461195675968,1.0
20210129,GOLD_USD,1852.7,0.7093740657190262,0.007068698437862586,1.0
20210201,GOLD_USD,1857.8,0.27527392454256283,0.0027489573974534623,3.0
20210202,GOLD_USD,1847.1,-0.5759500484443958,-0.005776150368146294,1.0
20210203,GOLD_USD,1834.7,-0.6713226138270745,-0.006735861200600117,1.0
20210204,GOLD_USD,1811.55,-1.261786668120135,-0.012698147995180077,1.0
20210205,GOLD_USD,1808.55,-0.16560404073859836,-0.0016574131580644961,1.0
20210208,GOLD_USD,1811.65,0.17140803406043847,0.0017126129814390675,3.0
20210209,GOLD_USD,1846.55,1.9264206662434669,0.019081000969300176,1.0
20210210,GOLD_USD,1843.45,-0.16788064227883925,-0.0016802171974571337,1.0
20210211,GOLD_USD,1841.7,-0.09493070058856912,-0.000949757883151286,1.0
20210212,GOLD_USD,1818.0,-1.2868545365694817,-0.012952062364136289,1.0
20210215,GOLD_USD,1817.45,-0.030253025302529046,-0.00030257602453403175,3.0
20210216,GOLD_USD,1823.45,0.33013287848358,0.0032958913628217085,1.0
20210217,GOLD_USD,1788.85,-1.8975019879898025,-0.019157355806110055,1.0
20210218,GOLD_USD,1782.8,-0.33820611007071566,-0.003387793197201121,1.0
20210219,GOLD_USD,1773.75,-0.5076284496297934,-0.005089212598148316,1.0
20210222,GOLD_USD,1798.8,1.4122621564482074,0.014023826422299959,3.0
20210223,GOLD_USD,1809.5,0.5948410051145325,0.005930788107244913,1.0
20210224,GOLD_USD,1807.25,-0.12434374136501836,-0.0012442111233906116,1.0
20210225,GOLD_USD,1792.1,-0.8382902199474351,-0.008418236331063549,1.0
20210226,GOLD_USD,1765.1,-1.506612354221304,-0.015180770563109682,1.0
20210301,GOLD_USD,1746.95,-1.0282703529544968,-0.010335935754023197,3.0
20210302,GOLD_USD,1728.5,-1.0561263917112762,-0.01061742987053085,1.0
20210303,GOLD_USD,1727.05,-0.08388776395719111,-0.0008392296943200052,1.0
20210304,GOLD_USD,1710.05,-0.9843374540401295,-0.00989214083204551,1.0
20210305,GOLD_USD,1696.05,-0.8186895120025683,-0.008220591785949903,1.0
20210308,GOLD_USD,1694.45,-0.09433684148462129,-0.0009438136668757702,3.0
20210309,GOLD_USD,1702.85,0.49573607955382126,0.0049451135418693126,1.0
20210310,GOLD_USD,1711.5,0.5079719294124541,0.005066861045882529,1.0
20210311,GOLD_USD,1736.35,1.4519427402862828,0.014415029832131027,1.0
20210312,GOLD_USD,1703.85,-1.871742448239122,-0.018894812456830907,1.0
20210315,GOLD_USD,1727.9,1.4115092290988063,0.014016401973535783,3.0
20210316,GOLD_USD,1732.3,0.2546443659933839,0.0025432069658189536,1.0
20210317,GOLD_USD,1736.95,0.26842925590255806,0.0026806962799602457,1.0
20210318,GOLD_USD,1734.1,-0.16408071619794518,-0.0016421547603519633,1.0
20210319,GOLD_USD,1737.2,0.17876708378987693,0.0017860748561633517,1.0
20210322,GOLD_USD,1733.4,-0.21874280451300576,-0.002189823960422208,3.0
20210323,GOLD_USD,1739.25,0.3374870197299984,0.003369188103506042,1.0
20210324,GOLD_USD,1734.05,-0.29897944516315,-0.0029942728155489245,1.0
20210325,GOLD_USD,1729.2,-0.279692050402236,-0.002800839194725121,1.0
20210326,GOLD_USD,1727.85,-0.078070784177664,-0.0007810127528517196,1.0
20210329,GOLD_USD,1723.95,-0.22571403767687181,-0.00225969155774762,3.0
20210330,GOLD_USD,1696.7,-1.5806722932799722,-0.015932981433983598,1.0
20210331,GOLD_USD,1685.35,-0.6689456002829108,-0.006711930698702139,1.0
20210401,GOLD_USD,1715.85,1.8097131159699797,0.01793532728960039,1.0
20210406,GOLD_USD,1731.05,0.8858583209488069,0.008819576156803066,5.0
20210407,GOLD_USD,1736.0,0.2859536119696138,0.002855455423700341,1.0
20210408,GOLD_USD,1743.7,0.44354838709677047,0.0044256761031525255,1.0
20210409,GOLD_USD,1747.95,0.24373458737168008,0.0024343803639339714,1.0
20210412,GOLD_USD,1741.55,-0.3661431963156936,-0.0036681514120516447,3.0
20210413,GOLD_USD,1728.1,-0.7723005368780678,-0.007752982215384448,1.0
20210414,GOLD_USD,1743.3,0.8795787280828637,0.00875732968922354,1.0
20210415,GOLD_USD,1748.0,0.2696036253083234,0.002692408466311195,1.0
20210416,GOLD_USD,1766.45,1.0554919908466909,0.010499605626104011,1.0
20210419,GOLD_USD,1788.4,1.2426052251691244,0.012349482518240872,3.0
20210420,GOLD_USD,1765.5,-1.2804741668530628,-0.012887428991384566,1.0
20210421,GOLD_USD,1781.05,0.8807703200226502,0.008769141642815236,1.0
20210422,GOLD_USD,1785.65,0.2582746132899105,0.002579416575807209,1.0
20210423,GOLD_USD,1785.3,-0.019600705625411052,-0.0001960262681476467,1.0
20210426,GOLD_USD,1779.65,-0.31647342183386273,-0.0031697525803266262,3.0
20210427,GOLD_USD,1780.9,0.07023853004803904,0.0007021387433705296,1.0
20210428,GOLD_USD,1764.15,-0.9405356842046131,-0.009449866516804704,1.0
20210429,GOLD_USD,1774.65,0.5951874840574689,0.005934232402626137,1.0
20210430,GOLD_USD,1768.8,-0.32964246471135494,-0.003301869824544983,1.0
20210504,GOLD_USD,1784.95,0.9130483943916801,0.009089053073700025,4.0
20210505,GOLD_USD,1778.05,-0.38656545001261033,-0.003873145453673849,1.0
20210506,GOLD_USD,1793.15,0.8492449593656026,0.008456591615294322,1.0
20210507,GOLD_USD,1820.5,1.525248863731421,0.015137338836931111,1.0
20210510,GOLD_USD,1834.15,0.7497940126338865,0.007469970296996891,3.0
20210511,GOLD_USD,1837.15,0.16356350353023963,0.0016342988411369465,1.0
20210512,GOLD_USD,1833.6,-0.19323408540403708,-0.0019342102332018042,1.0
20210513,GOLD_USD,1814.3,-1.0525741710296632,-0.010581529144302907,1.0
20210514,GOLD_USD,1833.5,1.0582593837843879,0.010526990135263316,1.0
20210517,GOLD_USD,1848.45,0.8153804199618309,0.008120741540861221,3.0
20210518,GOLD_USD,1867.4,1.0251832616516632,0.010199638997583773,1.0
20210519,GOLD_USD,1860.0,-0.39627289279212663,-0.003970601342578678,1.0
20210520,GOLD_USD,1869.35,0.5026881720429976,0.005014289133845561,1.0
20210521,GOLD_USD,1877.65,0.44400460052960167,0.004430218081249696,1.0
20210524,GOLD_USD,1876.85,-0.04260644955130788,-0.00042615528677978655,3.0
20210525,GOLD_USD,1882.8,0.31702053973412525,0.003165190891424637,1.0
20210526,GOLD_USD,1904.3,1.1419162948799633,0.011354456437783742,1.0
20210527,GOLD_USD,1895.05,-0.48574279262720843,-0.00486926357205373,1.0
20210528,GOLD_USD,1892.45,-0.1371995461861064,-0.0013729375093899587,1.0
20210601,GOLD_USD,1907.7,0.8058337076276789,0.008026042058144634,4.0
20210602,GOLD_USD,1895.9,-0.6185458929601095,-0.006204668133479119,1.0
20210603,GOLD_USD,1892.15,-0.19779524236510637,-0.0019799111548237367,1.0
20210604,GOLD_USD,1869.55,-1.194408477129194,-0.012015988474629122,1.0
20210607,GOLD_USD,1882.05,0.6686100933379624,0.006663848095278488,3.0
20210608,GOLD_USD,1892.05,0.531335511808928,0.005299289050127275,1.0
20210609,GOLD_USD,1890.45,-0.0845643614069358,-0.0008460013723352477,1.0
20210610,GOLD_USD,1882.0,-0.4469835224417462,-0.004479854806285502,1.0
20210611,GOLD_USD,1891.95,0.5286928799149937,0.0052730020559870186,1.0
20210614,GOLD_USD,1859.75,-1.701947725891284,-0.017165973129861196,3.0
20210615,GOLD_USD,1863.85,0.22045973921225315,0.002202170833027987,1.0
20210616,GOLD_USD,1858.1,-0.30850122059178364,-0.0030897806657698254,1.0
20210617,GOLD_USD,1806.75,-2.7635756956030266,-0.02802480907561843,1.0
20210618,GOLD_USD,1792.35,-0.7970112079701219,-0.00800204319921792,1.0
20210621,GOLD_USD,1782.45,-0.5523474767762937,-0.005538785559727525,3.0
20210622,GOLD_USD,1779.1,-0.18794356082920682,-0.0018812039634153504,1.0
20210623,GOLD_USD,1782.9,0.21359114158845394,0.0021336335999949363,1.0
20210624,GOLD_USD,1780.2,-0.15143866733973166,-0.0015155345158935486,1.0
20210625,GOLD_USD,1783.25,0.1713290641500942,0.0017118246333163642,1.0
20210628,GOLD_USD,1774.25,-0.5046964811439736,-0.0050597437530551514,3.0
20210629,GOLD_USD,1769.6,-0.26208257010005287,-0.0026242660770767405,1.0
20210630,GOLD_USD,1757.8,-0.6668173598553317,-0.006690505197470798,1.0
20210701,GOLD_USD,1774.0,0.9216065536466145,0.00917385673898007,1.0
20210702,GOLD_USD,1783.5,0.5355129650507218,0.005340841929421304,1.0
20210705,GOLD_USD,1790.95,0.41771797028316016,0.004168479507467997,3.0
20210706,GOLD_USD,1807.8,0.9408414528602194,0.009364431057896486,1.0
20210707,GOLD_USD,1804.25,-0.19637128000884463,-0.001965643411927881,1.0
20210708,GOLD_USD,1810.25,0.33254815020091755,0.003319964316547558,1.0
20210709,GOLD_USD,1803.4,-0.3784007733738437,-0.0037911852031238223,1.0
20210712,GOLD_USD,1802.95,-0.024952866807148588,-0.00024955980552948063,3.0
20210713,GOLD_USD,1807.85,0.2717768102276752,0.0027140816483219813,1.0
20210714,GOLD_USD,1813.05,0.28763448294937266,0.0028722160649768264,1.0
20210715,GOLD_USD,1832.0,1.045200077217956,0.010397756260500003,1.0
20210716,GOLD_USD,1822.0,-0.545851528384278,-0.005473467414171931,1.0
20210719,GOLD_USD,1803.25,-1.0290889132821057,-0.0103442064361216,3.0
20210720,GOLD_USD,1815.3,0.6682379037848296,0.006660150912603427,1.0
20210721,GOLD_USD,1805.9,-0.5178207458822137,-0.005191660838087803,1.0
20210722,GOLD_USD,1797.4,-0.47067943961459635,-0.004717906234024516,1.0
20210723,GOLD_USD,1803.05,0.31434293980192596,0.0031384991530451446,1.0
20210726,GOLD_USD,1808.15,0.2828540528548862,0.002824547735201199,3.0
20210727,GOLD_USD,1797.15,-0.6083566075823388,-0.006102146358501766,1.0
20210728,GOLD_USD,1799.3,0.11963386473026194,0.0011956236044552144,1.0
20210729,GOLD_USD,1819.45,1.1198799533151726,0.011136557239212991,1.0
20210730,GOLD_USD,1828.25,0.4836626453049053,0.004824967553374563,1.0
20210802,GOLD_USD,1807.55,-1.1322302748530078,-0.011386887983452186,3.0
20210803,GOLD_USD,1809.7,0.11894553401012864,0.0011887484985470234,1.0
20210804,GOLD_USD,1812.45,0.15195888821351033,0.0015184354752714004,1.0
20210805,GOLD_USD,1811.2,-0.0689674197908885,-0.0006899121325630665,1.0
20210806,GOLD_USD,1799.45,-0.6487411660777376,-0.006508546371773545,1.0
20210809,GOLD_USD,1741.5,-3.220428464252967,-0.03273425183103437,3.0
20210810,GOLD_USD,1729.55,-0.6861900660350306,-0.0068855517570998144,1.0
20210811,GOLD_USD,1734.05,0.260183284669413,0.002598453939245655,1.0
20210812,GOLD_USD,1755.5,1.2369885528098923,0.012294003620285047,1.0
20210813,GOLD_USD,1757.65,0.12247223013386321,0.0012239729407576073,1.0
20210816,GOLD_USD,1775.75,1.0297840867066865,0.01024517932867483,3.0
20210817,GOLD_USD,1794.05,1.030550471631697,0.010252765032486412,1.0
20210818,GOLD_USD,1788.1,-0.3316518491680909,-0.00332203032924865,1.0
20210819,GOLD_USD,1788.2,0.005592528382081241,5.5923720060429413e-05,1.0
20210820,GOLD_USD,1782.95,-0.29359132088133677,-0.002940231456068753,1.0
20210823,GOLD_USD,1786.9,0.2215429484842657,0.0022129790394667427,3.0
20210824,GOLD_USD,1802.95,0.8982035928143617,0.008941937375661213,1.0
20210825,GOLD_USD,1794.7,-0.45758340497518146,-0.004586335225046148,1.0
20210826,GOLD_USD,1783.8,-0.6073438457681046,-0.006091956803123875,1.0
20210827,GOLD_USD,1795.5,0.6559031281533789,0.006537614434030517,1.0
20210831,GOLD_USD,1814.3,1.0470620996936741,0.010416183709979893,4.0
20210901,GOLD_USD,1813.9,-0.022047070495501142,-0.0002204950121936381,1.0
20210902,GOLD_USD,1815.15,0.06891228843928232,0.000688885548247513,1.0
20210903,GOLD_USD,1812.05,-0.17078478362670957,-0.001709307870964551,1.0
20210906,GOLD_USD,1823.85,0.6511961590463855,0.0064908503693301865,3.0
20210907,GOLD_USD,1810.75,-0.7182608218877617,-0.007208527335101471,1.0
20210908,GOLD_USD,1797.95,-0.7068894104652723,-0.007093997106845222,1.0
20210909,GOLD_USD,1795.35,-0.14460913818515886,-0.0014471379811010422,1.0
20210910,GOLD_USD,1799.9,0.25343247834686,0.0025311187979445045,1.0
20210913,GOLD_USD,1787.85,-0.6694816378687851,-0.0067173271886062855,3.0
20210914,GOLD_USD,1788.65,0.04474648320609287,0.00044736474952745937,1.0
20210915,GOLD_USD,1801.4,0.7128281105861944,0.007102995003287717,1.0
20210916,GOLD_USD,1781.45,-1.1074719662484744,-0.011136500933933615,1.0
20210917,GOLD_USD,1766.1,-0.861657638440605,-0.00865391371338357,1.0
20210920,GOLD_USD,1757.15,-0.5067663212728557,-0.005080547364741604,3.0
20210921,GOLD_USD,1766.45,0.529266141194551,0.005278704504001013,1.0
20210922,GOLD_USD,1775.35,0.5038353760366654,0.005025703728490852,1.0
20210923,GOLD_USD,1771.05,-0.2422057622440632,-0.002424995548847277,1.0
20210924,GOLD_USD,1755.15,-0.8977725078343268,-0.009018267688151723,1.0
20210927,GOLD_USD,1749.15,-0.34185112383556815,-0.0034243676986250586,3.0
20210928,GOLD_USD,1739.65,-0.5431209444587415,-0.0054460120844232055,1.0
20210929,GOLD_USD,1741.65,0.11496565401085679,0.0011489961910963757,1.0
20210930,GOLD_USD,1730.95,-0.6143599460281979,-0.006162549019646931,1.0
20211001,GOLD_USD,1755.6,1.4240734856581616,0.014140288092600933,1.0
20211004,GOLD_USD,1751.85,-0.21360218728639913,-0.0021383064213948305,3.0
20211005,GOLD_USD,1758.0,0.35105745354910844,0.003504426852438221,1.0
20211006,GOLD_USD,1748.25,-0.5546075085324231,-0.005561511661146101,1.0
20211007,GOLD_USD,1758.55,0.5891605891605867,0.005874318249697185,1.0
20211008,GOLD_USD,1757.5,-0.05970828239174608,-0.0005972611488534734,1.0
20211011,GOLD_USD,1752.55,-0.2816500711237624,-0.002820474512595966,3.0
20211012,GOLD_USD,1759.1,0.37374112008217164,0.0037304444326357812,1.0
20211013,GOLD_USD,1767.45,0.474674549485532,0.004735515222599607,1.0
20211014,GOLD_USD,1797.15,1.6803869982177755,0.016664246926558383,1.0
20211015,GOLD_USD,1781.45,-0.8736054308210228,-0.00877443733830891,1.0
20211018,GOLD_USD,1762.45,-1.0665469140307082,-0.010722752926013258,3.0
20211019,GOLD_USD,1779.4,0.9617294107634233,0.009571342320971335,1.0
20211020,GOLD_USD,1778.15,-0.0702483983365143,-0.0007027308408543106,1.0
20211021,GOLD_USD,1785.3,0.4021033096195392,0.004012970349103348,1.0
20211022,GOLD_USD,1792.3,0.3920909651039084,0.003913242918635609,1.0
20211025,GOLD_USD,1799.2,0.38498019304804565,0.0038424104075543554,3.0
20211026,GOLD_USD,1801.9,0.150066696309481,0.001499542087662725,1.0
20211027,GOLD_USD,1783.85,-1.0017204062378715,-0.010067713845284447,1.0
20211028,GOLD_USD,1798.2,0.8044398351879423,0.008012214663188367,1.0
20211029,GOLD_USD,1796.3,-0.10566121677233475,-0.0010571707758826234,1.0
20211101,GOLD_USD,1786.55,-0.5427823860156944,-0.005442608017554984,3.0
20211102,GOLD_USD,1791.5,0.27707033108506085,0.0027668719877736465,1.0
20211103,GOLD_USD,1781.85,-0.5386547585822021,-0.005401107341350269,1.0
20211104,GOLD_USD,1778.1,-0.2104554255408675,-0.0021067719417561196,1.0
20211105,GOLD_USD,1793.2,0.8492210786795074,0.00845635481938244,1.0
20211108,GOLD_USD,1818.0,1.3830024537140329,0.013735262456139733,3.0
20211109,GOLD_USD,1824.4,0.3520352035203622,0.0035141701001213258,1.0
20211110,GOLD_USD,1824.95,0.030146897610161538,0.0003014235434606313,1.0
20211111,GOLD_USD,1859.25,1.879503548042405,0.01862059120240339,1.0
20211112,GOLD_USD,1850.0,-0.497512437810943,-0.004987541511039051,1.0
20211115,GOLD_USD,1863.8,0.7459459459459472,0.007431775279184622,3.0
20211116,GOLD_USD,1872.25,0.4533748256250636,0.00452350177792132,1.0
20211117,GOLD_USD,1858.45,-0.7370810522099092,-0.007398109170806984,1.0
20211118,GOLD_USD,1860.5,0.11030697624363484,0.0011024618280076007,1.0
20211119,GOLD_USD,1861.4,0.04837409298577011,0.00048362396493305205,1.0
20211122,GOLD_USD,1841.1,-1.090576985065017,-0.01096567368844922,3.0
20211123,GOLD_USD,1797.3,-2.3790125468469925,-0.024077680305172083,1.0
20211124,GOLD_USD,1790.8,-0.3616535914983565,-0.0036230913911784257,1.0
20211125,GOLD_USD,1790.65,-0.00837614473977455,-8.376495558368243e-05,1.0
20211126,GOLD_USD,1809.8,1.0694440566274777,0.010637659505806108,1.0
20211129,GOLD_USD,1795.0,-0.8177699193281041,-0.008211319994653635,3.0
20211130,GOLD_USD,1797.6,0.14484679665738298,0.00144741994874018,1.0
20211201,GOLD_USD,1786.8,-0.6008010680907838,-0.006026131393155764,1.0
20211202,GOLD_USD,1775.7,-0.6212222968435155,-0.00623159911317453,1.0
20211203,GOLD_USD,1773.5,-0.12389480204989534,-0.0012397161511125186,1.0
20211206,GOLD_USD,1781.25,0.43698900479278713,0.00436036980328418,3.0
20211207,GOLD_USD,1779.65,-0.08982456140350648,-0.0008986492783712138,1.0
20211208,GOLD_USD,1789.8,0.5703368639901063,0.0056871660101683735,1.0
20211209,GOLD_USD,1783.4,-0.3575818527209673,-0.0035822270479786977,1.0
20211210,GOLD_USD,1771.9,-0.6448357070763744,-0.006469237536755434,1.0
20211213,GOLD_USD,1784.45,0.7082792482645761,0.007057827320694378,3.0
20211214,GOLD_USD,1782.35,-0.11768331979041813,-0.0011775262098516913,1.0
20211215,GOLD_USD,1769.4,-0.7265688557241745,-0.007292212225580745,1.0
20211216,GOLD_USD,1785.15,0.8901322482197438,0.00886193924727305,1.0
20211217,GOLD_USD,1807.5,1.2519956306192626,0.012442229736361094,1.0
20211220,GOLD_USD,1797.4,-0.558782849239281,-0.005603498808646702,3.0
20211221,GOLD_USD,1795.85,-0.0862356737509784,-0.0008627287809859917,1.0
20211222,GOLD_USD,1789.9,-0.3313194309101486,-0.0033186950908328148,1.0
20211223,GOLD_USD,1805.55,0.8743505223755443,0.008705502141399186,1.0
20211224,GOLD_USD,1786.05,-1.080003323087153,-0.010858776928559787,1.0
20211229,GOLD_USD,1796.35,0.5766915819825913,0.005750350816264637,5.0
20211230,GOLD_USD,1799.25,0.161438472458042,0.0016130830063553045,1.0
20211231,GOLD_USD,1820.1,1.1588161734055857,0.011521533228448204,1.0
20220104,GOLD_USD,1809.05,-0.6071094994780535,-0.006089599023154506,4.0
20220105,GOLD_USD,1818.5,0.5223736215140606,0.005210139833836418,1.0
20220106,GOLD_USD,1804.95,-0.7451196040692887,-0.007479094874762475,1.0
20220107,GOLD_USD,1792.2,-0.7063907587467777,-0.007088975102162124,1.0
20220110,GOLD_USD,1800.55,0.46590782278763676,0.004648258317100888,3.0
20220111,GOLD_USD,1805.2,0.2582544222598626,0.00257921518562611,1.0
20220112,GOLD_USD,1816.4,0.6204298692665589,0.006185131270949896,1.0
20220113,GOLD_USD,1822.4,0.33032371724290854,0.0032977934691217365,1.0
20220114,GOLD_USD,1822.25,-0.008230904302020114,-8.231243059536925e-05,1.0
20220117,GOLD_USD,1820.05,-0.1207298669227641,-0.0012080280413717796,3.0
20220118,GOLD_USD,1810.8,-0.5082277959396753,-0.005095236659147099,1.0
20220119,GOLD_USD,1817.5,0.37000220896841185,0.003693193845870908,1.0
20220120,GOLD_USD,1836.7,1.056396148555705,0.010508552726814847,1.0
20220121,GOLD_USD,1834.25,-0.1333914085043908,-0.0013348045403857478,1.0
20220124,GOLD_USD,1838.25,0.21807278179091227,0.0021783534822279,3.0
20220125,GOLD_USD,1835.65,-0.14143886848905218,-0.0014153898767274538,1.0
20220126,GOLD_USD,1845.2,0.5202516819655223,0.005189030484061324,1.0
20220127,GOLD_USD,1815.5,-1.609581617168876,-0.016226760829275037,1.0
20220128,GOLD_USD,1790.2,-1.3935554943541706,-0.014033566417551878,1.0
20220131,GOLD_USD,1790.6,0.022343872193042458,0.0002234137632169551,3.0
20220201,GOLD_USD,1806.5,0.8879705126773274,0.008840512387639419,1.0
20220202,GOLD_USD,1802.0,-0.24910047052311146,-0.0024941124194116956,1.0
20220203,GOLD_USD,1803.75,0.09711431742507326,0.0009706719197973041,1.0
20220204,GOLD_USD,1814.55,0.5987525987525943,0.005969671985886261,1.0
20220207,GOLD_USD,1811.15,-0.1873742801245415,-0.0018755004532230255,3.0
20220208,GOLD_USD,1821.0,0.5438533528421052,0.005423798106864004,1.0
20220209,GOLD_USD,1828.1,0.38989566172431545,0.0038913753854314423,1.0
20220210,GOLD_USD,1832.3,0.22974673157922787,0.0022948321730897436,1.0
20220211,GOLD_USD,1826.25,-0.33018610489548017,-0.003307324221220029,1.0
20220214,GOLD_USD,1855.8,1.6180698151950779,0.016051185854169755,3.0
20220215,GOLD_USD,1855.1,-0.037719581851491935,-0.00037726697475145773,1.0
20220216,GOLD_USD,1854.4,-0.03773381488867411,-0.0003774093588400951,1.0
20220217,GOLD_USD,1886.55,1.7337144089732526,0.017188570575786977,1.0
20220218,GOLD_USD,1886.95,0.021202724550106744,0.00021200477090141224,1.0
20220221,GOLD_USD,1895.45,0.45046238639072644,0.004494508411991055,3.0
20220222,GOLD_USD,1895.0,-0.023741064127258404,-0.00023743882764012944,1.0
20220223,GOLD_USD,1895.7,0.03693931398416339,0.0003693249309924899,1.0
20220224,GOLD_USD,1968.35,3.832357440523282,0.037607464880493456,1.0
20220225,GOLD_USD,1912.15,-2.8551832753321182,-0.028967364911008906,1.0
20220228,GOLD_USD,1903.3,-0.46282979891745235,-0.004639041723265462,3.0
20220301,GOLD_USD,1920.45,0.901066568591391,0.008970311866559336,1.0
20220302,GOLD_USD,1926.0,0.2889947668515136,0.0028857797977731104,1.0
20220303,GOLD_USD,1935.4,0.48805815160954946,0.004868710088771239,1.0
20220304,GOLD_USD,1943.8,0.4340188074816398,0.004330796622527905,1.0
20220307,GOLD_USD,1999.25,2.852659738656249,0.02812729014262915,3.0
20220308,GOLD_USD,2007.0,0.3876453670126345,0.003868959584338898,1.0
20220309,GOLD_USD,2017.15,0.505729945191824,0.005044554265799234,1.0
20220310,GOLD_USD,1997.65,-0.9667104578241603,-0.009714134373776856,1.0
20220311,GOLD_USD,1991.45,-0.3103646784972325,-0.003108473085330043,1.0
20220314,GOLD_USD,1961.6,-1.4989078309774362,-0.015102549861138344,3.0
20220315,GOLD_USD,1928.75,-1.6746533442088096,-0.016888342064521673,1.0
20220316,GOLD_USD,1918.75,-0.5184705119896327,-0.005198192341863332,1.0
20220317,GOLD_USD,1941.4,1.1804560260586294,0.011735429942618614,1.0
20220318,GOLD_USD,1932.9,-0.4378283712784592,-0.004387896465419491,1.0
20220321,GOLD_USD,1925.05,-0.4061255108903761,-0.004069524402167024,3.0
20220322,GOLD_USD,1929.35,0.22337082153709442,0.0022312171979562774,1.0
20220323,GOLD_USD,1932.15,0.14512659704046804,0.0014502139017109087,1.0
20220324,GOLD_USD,1945.9,0.7116424708226488,0.007091222453903453,1.0
20220325,GOLD_USD,1956.65,0.552443599362773,0.005509232266081112,1.0
20220328,GOLD_USD,1927.0,-1.51534510515422,-0.01526943781582478,3.0
20220329,GOLD_USD,1911.05,-0.8277114686040532,-0.008311560204494448,1.0
20220330,GOLD_USD,1917.8,0.3532089688914386,0.003525866509708725,1.0
20220331,GOLD_USD,1924.1,0.32850140786317983,0.0032796302073898626,1.0
20220401,GOLD_USD,1933.35,0.4807442440621479,0.004795923591927507,1.0
20220404,GOLD_USD,1927.1,-0.32327307523211113,-0.0032379673150233295,3.0
20220405,GOLD_USD,1929.45,0.1219448912874288,0.001218705988959237,1.0
20220406,GOLD_USD,1929.0,-0.02332270854388252,-0.00023325428710504212,1.0
20220407,GOLD_USD,1926.4,-0.13478486262311629,-0.0013487577912271325,1.0
20220408,GOLD_USD,1931.2,0.2491694352159346,0.0024885952287650322,1.0
20220411,GOLD_USD,1956.85,1.3281897265948528,0.013194466184700462,3.0
20220412,GOLD_USD,1951.4,-0.27850882796329746,-0.0027889738541178512,1.0
20220413,GOLD_USD,1975.25,1.2221994465511976,0.012147908928993034,1.0
20220414,GOLD_USD,1970.6,-0.23541323883052856,-0.0023569077144684827,1.0
20220419,GOLD_USD,1975.95,0.2714909164721391,0.0027112304555716375,5.0
20220420,GOLD_USD,1947.55,-1.4372833320681289,-0.01447712298766265,1.0
20220421,GOLD_USD,1945.95,-0.0821545018099612,-0.0008218826711521159,1.0
20220422,GOLD_USD,1942.0,-0.20298568822426644,-0.0020319198338609535,1.0
20220425,GOLD_USD,1918.7,-1.1997940267765128,-0.012070496487216744,3.0
20220426,GOLD_USD,1903.4,-0.7974149163496147,-0.008006112725810418,1.0
20220427,GOLD_USD,1896.15,-0.38089734159924005,-0.0038162460285666847,1.0
20220428,GOLD_USD,1890.0,-0.32434142868444926,-0.0032486855559883403,1.0
20220429,GOLD_USD,1915.45,1.3465608465608403,0.013375752901120228,1.0
20220503,GOLD_USD,1857.9,-3.004515910099448,-0.03050576434268335,4.0
20220504,GOLD_USD,1868.7,0.5813014694009411,0.005796184316084644,1.0
20220505,GOLD_USD,1895.2,1.4180981430941264,0.014081371916366141,1.0
20220506,GOLD_USD,1884.3,-0.5751371886872136,-0.005767974716130976,1.0
20220509,GOLD_USD,1865.4,-1.0030249960197302,-0.01008089183568152,3.0
20220510,GOLD_USD,1862.25,-0.16886458668382565,-0.0016900732363774916,1.0
20220511,GOLD_USD,1851.75,-0.5638340716874746,-0.005654296162987103,1.0
20220512,GOLD_USD,1850.75,-0.0540029701633582,-0.0005401755701908382,1.0
20220513,GOLD_USD,1824.2,-1.4345535593678238,-0.014449427577149681,1.0
20220516,GOLD_USD,1805.8,-1.0086613309944092,-0.01013782787267925,3.0
20220517,GOLD_USD,1828.05,1.2321408793886324,0.012246118064242197,1.0
20220518,GOLD_USD,1818.5,-0.5224145947867909,-0.005237839510577281,1.0
20220519,GOLD_USD,1825.55,0.38768215562277053,0.0038693260497865197,1.0
20220520,GOLD_USD,1846.3,1.136643751198263,0.011302324924867166,1.0
20220523,GOLD_USD,1864.3,0.9749228186102021,0.009702011099718496,3.0
20220524,GOLD_USD,1858.6,-0.30574478356487633,-0.003062131378176888,1.0
20220525,GOLD_USD,1859.05,0.024211772301740986,0.0002420884172517117,1.0
20220526,GOLD_USD,1845.15,-0.7476937145316054,-0.0075050295575867535,1.0
20220527,GOLD_USD,1858.95,0.7479066742541285,0.007451237196089244,1.0
20220530,GOLD_USD,1857.25,-0.09144947416552807,-0.0009149131470773596,3.0
20220531,GOLD_USD,1854.4,-0.1534526854219953,-0.001535705446428354,1.0
20220601,GOLD_USD,1829.7,-1.3319672131147597,-0.013409174614966988,1.0
20220606,GOLD_USD,1851.5,1.1914521506257936,0.011844102383147124,5.0
20220607,GOLD_USD,1846.8,-0.2538482311639223,-0.002541709720833537,1.0
20220608,GOLD_USD,1848.35,0.0839289581979541,0.0008389375754215201,1.0
20220609,GOLD_USD,1849.25,0.048692076717071764,0.0004868022597215647,1.0
20220610,GOLD_USD,1843.35,-0.3190482628092517,-0.0031955830692611616,1.0
20220613,GOLD_USD,1855.95,0.683538123525107,0.006812125929378551,3.0
20220614,GOLD_USD,1823.65,-1.7403486085293185,-0.01755670707119716,1.0
20220615,GOLD_USD,1823.15,-0.0274175417432021,-0.00027421301038331545,1.0
20220616,GOLD_USD,1831.55,0.4607410251487698,0.004596828627016164,1.0
20220617,GOLD_USD,1849.85,0.9991537222570956,0.009941951830510663,1.0
20220620,GOLD_USD,1841.2,-0.4676054815255237,-0.004687021760954452,3.0
20220621,GOLD_USD,1836.5,-0.2552683032804759,-0.0025559466833644366,1.0
20220622,GOLD_USD,1827.3,-0.5009528995371659,-0.005022118749173399,1.0
20220623,GOLD_USD,1831.4,0.22437476057572958,0.0022412341630833037,1.0
20220624,GOLD_USD,1826.5,-0.2675548760511126,-0.0026791344382946164,1.0
20220627,GOLD_USD,1838.05,0.632356966876535,0.006303659792332814,3.0
20220628,GOLD_USD,1827.0,-0.6011805990043806,-0.006029949649663348,1.0
20220629,GOLD_USD,1811.85,-0.8292282430213516,-0.008326854658609684,1.0
20220630,GOLD_USD,1813.6,0.0965863620056906,0.0009653974739222133,1.0
20220701,GOLD_USD,1795.65,-0.9897441552712771,-0.009946746827830609,1.0
20220704,GOLD_USD,1807.05,0.6348675966920014,0.006328608015482815,3.0
20220705,GOLD_USD,1804.4,-0.146647851470616,-0.0014675548467304289,1.0
20220706,GOLD_USD,1766.65,-2.092108180004437,-0.021143028668901644,1.0
20220707,GOLD_USD,1743.45,-1.3132199360371355,-0.013219189107512633,1.0
20220708,GOLD_USD,1737.05,-0.3670882445725443,-0.003677636669063553,1.0
20220711,GOLD_USD,1737.4,0.02014910336489706,0.0002014707370569919,3.0
20220712,GOLD_USD,1734.35,-0.1755496719235694,-0.0017570394093239475,1.0
20220713,GOLD_USD,1728.9,-0.31423876380198834,-0.003147335305765775,1.0
20220714,GOLD_USD,1716.15,-0.7374631268436627,-0.007401958295667813,1.0
20220715,GOLD_USD,1702.55,-0.7924715205547384,-0.007956282647019326,1.0
20220718,GOLD_USD,1723.65,1.2393174943467145,0.01231700820370907,3.0
20220719,GOLD_USD,1712.95,-0.6207756795173047,-0.006227105031712004,1.0
20220720,GOLD_USD,1712.65,-0.017513646049205356,-0.00017515179867282632,1.0
20220721,GOLD_USD,1686.55,-1.5239541062096795,-0.015356856280792372,1.0
20220722,GOLD_USD,1725.0,2.2798019625863475,0.022542028204884965,1.0
20220725,GOLD_USD,1731.95,0.40289855072463965,0.0040208908799440855,3.0
20220726,GOLD_USD,1719.85,-0.6986344871387828,-0.007010863643183448,1.0
20220727,GOLD_USD,1723.95,0.23839288310028017,0.002381091780656634,1.0
20220728,GOLD_USD,1746.6,1.3138432089097707,0.013052871496755165,1.0
20220729,GOLD_USD,1758.9,0.7042253521126973,0.007017572658646761,1.0
20220801,GOLD_USD,1766.75,0.446301665813853,0.004453086932684528,3.0
20220802,GOLD_USD,1772.9,0.3480967878873642,0.003474923333371096,1.0
20220803,GOLD_USD,1766.6,-0.3553499915392999,-0.003559828593303088,1.0
20220804,GOLD_USD,1777.9,0.6396467791237592,0.0063760972114943115,1.0
20220805,GOLD_USD,1786.75,0.4977782777433992,0.0049654345775622145,1.0
20220808,GOLD_USD,1775.7,-0.6184413040436487,-0.006203615735299137,3.0
20220809,GOLD_USD,1790.6,0.8391057047924644,0.008356047835266459,1.0
20220810,GOLD_USD,1793.5,0.1619568859600129,0.001618258772281641,1.0
20220811,GOLD_USD,1789.7,-0.2118762196821833,-0.002121009948974584,1.0
20220812,GOLD_USD,1788.45,-0.06984410795105589,-0.0006986851031120203,1.0
20220815,GOLD_USD,1781.45,-0.3914003746260719,-0.003921683504541806,3.0
20220816,GOLD_USD,1776.15,-0.29751045496645423,-0.0029795389706332898,1.0
20220817,GOLD_USD,1773.65,-0.14075387776932846,-0.0014085302909033802,1.0
20220818,GOLD_USD,1765.6,-0.45386632086376055,-0.0045489942116454865,1.0
20220819,GOLD_USD,1752.9,-0.7193022202084176,-0.007219016714025504,1.0
20220822,GOLD_USD,1732.8,-1.1466712305322702,-0.011532961981774968,3.0
20220823,GOLD_USD,1739.45,0.3837719298245723,0.0038303740402341217,1.0
20220824,GOLD_USD,1752.0,0.7214924257667565,0.0071890212093764835,1.0
20220825,GOLD_USD,1762.4,0.5936073059360725,0.005918523991796613,1.0
20220826,GOLD_USD,1752.1,-0.5844303222877989,-0.005861447995091628,1.0
20220830,GOLD_USD,1734.0,-1.033046059014886,-0.01038419015255457,4.0
20220831,GOLD_USD,1712.4,-1.245674740484426,-0.012534983069696087,1.0
20220901,GOLD_USD,1706.0,-0.37374445223079533,-0.003744446219166697,1.0
20220902,GOLD_USD,1706.9,0.052754982415015306,0.000527410718662906,1.0
20220905,GOLD_USD,1711.95,0.2958579881656709,0.0029542118974313827,3.0
20220906,GOLD_USD,1712.5,0.03212710651596673,0.0003212194686616916,1.0
20220907,GOLD_USD,1705.05,-0.43503649635037167,-0.004359855335551233,1.0
20220908,GOLD_USD,1720.25,0.8914694583736615,0.008875193281760115,1.0
20220909,GOLD_USD,1726.95,0.38947827350677144,0.0038872177051940365,1.0
20220912,GOLD_USD,1726.5,-0.026057500217147034,-0.0002606089577361243,3.0
20220913,GOLD_USD,1727.05,0.03185635679119336,0.00031851283731219453,1.0
20220914,GOLD_USD,1703.8,-1.3462262239078204,-0.013553700058619151,1.0
20220915,GOLD_USD,1689.0,-0.8686465547599442,-0.008724412800939989,1.0
20220916,GOLD_USD,1664.3,-1.462403789224398,-0.014732023215119345,1.0
20220920,GOLD_USD,1667.9,0.21630715616176577,0.0021607354904468615,4.0
20220921,GOLD_USD,1674.45,0.39270939504765234,0.003919403045723284,1.0
20220922,GOLD_USD,1671.85,-0.15527486637404442,-0.0015539554273089388,1.0
20220923,GOLD_USD,1661.45,-0.6220653766785267,-0.006240082648901679,1.0
20220926,GOLD_USD,1647.0,-0.8697222305817265,-0.008735263875000085,3.0
20220927,GOLD_USD,1632.6,-0.874316939890718,-0.008781615160384788,1.0
20220928,GOLD_USD,1618.2,-0.8820286659316334,-0.008859415643516236,1.0
20220929,GOLD_USD,1646.6,1.755036460264492,0.017398135490586372,1.0
20220930,GOLD_USD,1672.75,1.5881209765577609,0.01575642279860073,1.0
20221003,GOLD_USD,1660.8,-0.7143924674936519,-0.0071695646913568604,3.0
20221004,GOLD_USD,1709.15,2.9112475915221703,0.028696756918502608,1.0
20221005,GOLD_USD,1712.15,0.17552584618085731,0.0017537197959158004,1.0
20221006,GOLD_USD,1716.0,0.2248634757468615,0.0022461103619198066,1.0
20221007,GOLD_USD,1711.5,-0.2622377622377603,-0.00262582207766755,1.0
20221010,GOLD_USD,1680.05,-1.8375693835816609,-0.018546624111050285,3.0
20221011,GOLD_USD,1664.15,-0.9464004047498475,-0.009509072310013585,1.0
20221012,GOLD_USD,1672.3,0.4897395066550514,0.004885441837901062,1.0
20221013,GOLD_USD,1676.4,0.24517132093524463,0.002448712663839346,1.0
20221014,GOLD_USD,1655.15,-1.2675972321641638,-0.012756997905718376,1.0
20221017,GOLD_USD,1658.0,0.17218983173730162,0.001720417550042161,3.0
20221018,GOLD_USD,1652.25,-0.3468033775633317,-0.0034740613446781116,1.0
20221019,GOLD_USD,1640.7,-0.6990467544257806,-0.007015015329725435,1.0
20221020,GOLD_USD,1633.2,-0.457121960138962,-0.004581699575416008,1.0
20221021,GOLD_USD,1624.55,-0.5296350722508003,-0.005310426108781439,1.0
20221024,GOLD_USD,1646.35,1.3419100674032736,0.013329861991416172,3.0
20221025,GOLD_USD,1642.85,-0.21259149026634505,-0.0021281778675661805,1.0
20221026,GOLD_USD,1670.8,1.7013117448336779,0.016870015162530966,1.0
20221027,GOLD_USD,1663.3,-0.4488867608331337,-0.004498972826531021,1.0
20221028,GOLD_USD,1649.25,-0.8447063067396066,-0.008482941693508916,1.0
20221031,GOLD_USD,1638.85,-0.6305896619675622,-0.0063258627663258385,3.0
20221101,GOLD_USD,1652.55,0.8359520395399223,0.008324773117529204,1.0
20221102,GOLD_USD,1656.45,0.23599891077425994,0.0023572087070659136,1.0
20221103,GOLD_USD,1620.65,-2.161248453016995,-0.021849454839982775,1.0
20221104,GOLD_USD,1648.8,1.7369573936383498,0.017220447254982472,1.0
20221107,GOLD_USD,1679.9,1.886220281416806,0.01868651723991945,3.0
20221108,GOLD_USD,1670.8,-0.5416989106494463,-0.005431714193148305,1.0
20221109,GOLD_USD,1705.15,2.055901364615753,0.02035052976447754,1.0
20221110,GOLD_USD,1705.65,0.02932293346626924,0.0002931863513437804,1.0
20221111,GOLD_USD,1764.75,3.4649547093483335,0.03406276753673993,1.0
20221114,GOLD_USD,1757.35,-0.4193228502620827,-0.004202044739553806,3.0
20221115,GOLD_USD,1775.1,1.0100435314536194,0.01004976681473037,1.0
20221116,GOLD_USD,1783.2,0.45631232043266134,0.004552743720901118,1.0
20221117,GOLD_USD,1764.55,-1.045872588604757,-0.010513802718534755,1.0
20221118,GOLD_USD,1764.75,0.011334334532886459,0.00011333692245722134,1.0
20221121,GOLD_USD,1739.65,-1.4222977758889255,-0.014325093725553056,3.0
20221122,GOLD_USD,1747.0,0.42249877848992146,0.004216087584028127,1.0
20221123,GOLD_USD,1735.75,-0.6439610761305059,-0.00646043450067377,1.0
20221124,GOLD_USD,1755.25,1.123433674204244,0.011171700263975551,1.0
20221125,GOLD_USD,1753.55,-0.09685230024213398,-0.0009689923238813396,1.0
20221128,GOLD_USD,1762.9,0.5332040717402009,0.0053178757182209815,3.0
20221129,GOLD_USD,1755.35,-0.42827159793522585,-0.004291913075860074,1.0
20221130,GOLD_USD,1759.65,0.24496539151737107,0.002446658404001427,1.0
20221201,GOLD_USD,1779.6,1.133748188560224,0.011273694312047677,1.0
20221202,GOLD_USD,1800.75,1.1884693189480933,0.01181462483758572,1.0
20221205,GOLD_USD,1794.35,-0.3554074691101028,-0.0035604054189266945,3.0
20221206,GOLD_USD,1773.35,-1.1703402346253555,-0.011772426230890346,1.0
20221207,GOLD_USD,1771.85,-0.08458567118729832,-0.0008462146505189314,1.0
20221208,GOLD_USD,1782.45,0.5982447724130147,0.005964623935008603,1.0
20221209,GOLD_USD,1793.0,0.5918819602232839,0.0059013722009878,1.0
20221212,GOLD_USD,1790.6,-0.13385387618517486,-0.0013394354050773611,3.0
20221213,GOLD_USD,1785.15,-0.30436725120071007,-0.0030483139034970445,1.0
20221214,GOLD_USD,1808.2,1.2912080217348576,0.012829430006707426,1.0
20221215,GOLD_USD,1775.95,-1.7835416436234874,-0.017996384300611235,1.0
20221216,GOLD_USD,1780.15,0.236493144514216,0.002362139395908957,1.0
20221219,GOLD_USD,1796.5,0.9184619273656658,0.009142697155009765,3.0
20221220,GOLD_USD,1806.35,0.5482883384358317,0.005467907096475883,1.0
20221221,GOLD_USD,1813.5,0.3958258366318912,0.003950445072907686,1.0
20221222,GOLD_USD,1815.2,0.09374138406397226,0.0009369747426749917,1.0
20221223,GOLD_USD,1797.4,-0.9806081974438108,-0.009854478241358948,1.0
20221228,GOLD_USD,1802.65,0.2920885723823208,0.002916628225546532,5.0
20221229,GOLD_USD,1805.4,0.15255318558788922,0.0015243694142349088,1.0
20221230,GOLD_USD,1812.35,0.3849562423839492,0.0038421718194019488,1.0
20230103,GOLD_USD,1835.05,1.2525174497199698,0.012447383390398439,4.0
20230104,GOLD_USD,1857.55,1.2261246287567085,0.012186686056182712,1.0
20230105,GOLD_USD,1850.25,-0.3929907674086852,-0.003937650052462065,1.0
20230106,GOLD_USD,1834.5,-0.8512363194162931,-0.008548800282239014,1.0
20230109,GOLD_USD,1873.8,2.142273098937042,0.021196489721751175,3.0
20230110,GOLD_USD,1875.2,0.07471448393638891,0.000746865865605616,1.0
20230111,GOLD_USD,1884.25,0.4826151877133089,0.004814543340885776,1.0
20230112,GOLD_USD,1883.1,-0.06103224094468063,-0.0006105087319836129,1.0
20230113,GOLD_USD,1904.05,1.1125272157612498,0.011063841519115615,1.0
20230116,GOLD_USD,1915.1,0.5803419027861745,0.005786644061802683,3.0
20230117,GOLD_USD,1904.95,-0.5299984335021546,-0.005314079075323704,1.0
20230118,GOLD_USD,1911.55,0.3464657865035692,0.003458669765133777,1.0
20230119,GOLD_USD,1907.5,-0.21186994847113283,-0.0021209471037118835,1.0
20230120,GOLD_USD,1928.75,1.1140235910878094,0.011078640518758506,1.0
20230123,GOLD_USD,1927.2,-0.08036292935839073,-0.0008039523767089662,3.0
20230124,GOLD_USD,1936.5,0.4825653798256502,0.004814047654145237,1.0
20230125,GOLD_USD,1925.85,-0.549961270333077,-0.005514791249604565,1.0
20230126,GOLD_USD,1936.45,0.5504063140950866,0.005488971138318549,1.0
20230127,GOLD_USD,1928.25,-0.4234552919001322,-0.004243544029412271,1.0
20230130,GOLD_USD,1926.75,-0.0777907429015956,-0.0007782101560059129,3.0
20230131,GOLD_USD,1905.2,-1.1184637342675496,-0.01124765573139733,1.0
20230201,GOLD_USD,1925.6,1.0707537266428702,0.01065061754215685,1.0
20230202,GOLD_USD,1954.9,1.5216036560033341,0.01510143374721174,1.0
20230203,GOLD_USD,1910.0,-2.2967926748171275,-0.023235799175398288,1.0
20230206,GOLD_USD,1873.5,-1.9109947643979108,-0.01929490280693355,3.0
20230207,GOLD_USD,1873.8,0.016012810248189346,0.00016011528334574228,1.0
20230208,GOLD_USD,1880.75,0.3709040452556378,0.0037021789232431295,1.0
20230209,GOLD_USD,1882.1,0.07177987504984884,0.0007175412561874086,1.0
20230210,GOLD_USD,1864.1,-0.9563785133627323,-0.009609811821318478,1.0
20230213,GOLD_USD,1858.5,-0.30041306796845246,-0.003008652137892981,3.0
20230214,GOLD_USD,1860.5,0.10761366693570196,0.00107555804937037,1.0
20230215,GOLD_USD,1835.45,-1.346412254770224,-0.01355558575473276,1.0
20230216,GOLD_USD,1837.3,0.10079272113105997,0.0010074195937446867,1.0
20230217,GOLD_USD,1824.5,-0.6966744679693049,-0.00699112574918679,1.0
20230220,GOLD_USD,1844.2,1.0797478761304546,0.010739602228538613,3.0
20230221,GOLD_USD,1833.2,-0.5964645916928801,-0.005982505470071926,1.0
20230222,GOLD_USD,1833.45,0.013637355444040544,0.0001363642564125572,1.0
20230223,GOLD_USD,1826.95,-0.35452289399765524,-0.003551528156611868,1.0
20230224,GOLD_USD,1824.1,-0.15599770108651878,-0.0015611950419008212,1.0
20230227,GOLD_USD,1809.05,-0.8250644153281028,-0.008284869099661455,3.0
20230228,GOLD_USD,1810.2,0.06356927669219914,0.0006354907998631659,1.0
20230301,GOLD_USD,1833.5,1.2871505910948988,0.012789372118310216,1.0
20230302,GOLD_USD,1831.75,-0.09544586855740889,-0.0009549144713075035,1.0
20230303,GOLD_USD,1845.55,0.7533779172921973,0.007505541991718749,1.0
20230306,GOLD_USD,1851.7,0.3332339952859531,0.003326800011978092,3.0
20230307,GOLD_USD,1843.05,-0.4671383053410416,-0.004682328062080322,1.0
20230308,GOLD_USD,1813.35,-1.61145926589078,-0.016245844665579358,1.0
20230309,GOLD_USD,1817.5,0.22885819064164536,0.0022859670915639785,1.0
20230310,GOLD_USD,1834.95,0.9601100412654828,0.00955530275336072,1.0
20230313,GOLD_USD,1882.1,2.569552303877476,0.025370941535483135,3.0
20230314,GOLD_USD,1901.45,1.0281069018649447,0.010228578295836422,1.0
20230315,GOLD_USD,1906.0,0.23929106734335015,0.002390052221792796,1.0
20230316,GOLD_USD,1919.4,0.7030430220356765,0.007005831969379896,1.0
20230317,GOLD_USD,1930.9,0.5991455663228118,0.005973578264965732,1.0
20230320,GOLD_USD,1981.95,2.643844839194154,0.026094993079842504,3.0
20230321,GOLD_USD,1965.95,-0.80728575392921,-0.00810561949458053,1.0
20230322,GOLD_USD,1941.85,-1.2258704443144586,-0.012334462124449448,1.0
20230323,GOLD_USD,1977.55,1.8384530216031036,0.01821757786292013,1.0
20230324,GOLD_USD,1996.15,0.9405577608657234,0.009361620576142336,1.0
20230327,GOLD_USD,1960.25,-1.7984620394258966,-0.0181483092373368,3.0
20230328,GOLD_USD,1949.85,-0.5305445733962522,-0.005319569588893547,1.0
20230329,GOLD_USD,1965.85,0.820575941739099,0.008172275224358604,1.0
20230330,GOLD_USD,1968.1,0.11445430729710715,0.0011438885828952477,1.0
20230331,GOLD_USD,1978.8,0.5436715614044019,0.005421990024161898,1.0
20230403,GOLD_USD,1963.1,-0.7934101475641775,-0.007965743939565818,3.0
20230404,GOLD_USD,1982.25,0.9754979369364758,0.00970770673852057,1.0
20230405,GOLD_USD,2022.3,2.0204313280363095,0.02000291437499447,1.0
20230406,GOLD_USD,2017.25,-0.24971567027641806,-0.0025002797988869247,1.0
20230411,GOLD_USD,2001.5,-0.7807658941628492,-0.007838298295987676,5.0
20230412,GOLD_USD,2008.9,0.3697227079690224,0.003690409135475342,1.0
20230413,GOLD_USD,2027.1,0.9059684404400414,0.009018891658134938,1.0
20230414,GOLD_USD,2035.65,0.42178481574663973,0.004208977969250869,1.0
20230417,GOLD_USD,2009.8,-1.26986466239285,-0.012779963580631106,3.0
20230418,GOLD_USD,1999.3,-0.5224400437854548,-0.005238095337071417,1.0
20230419,GOLD_USD,1976.1,-1.1604061421497502,-0.011671913963029973,1.0
20230420,GOLD_USD,1994.05,0.9083548403420849,0.009042541118325477,1.0
20230421,GOLD_USD,1986.1,-0.3986860911210921,-0.003994829628336654,1.0
20230424,GOLD_USD,1986.15,0.002517496601384117,2.5174649129702627e-05,3.0
20230425,GOLD_USD,1990.2,0.20391209123178378,0.0020370447271862453,1.0
20230426,GOLD_USD,1999.05,0.4446789267410267,0.0044369315127838925,1.0
20230427,GOLD_USD,1997.65,-0.07003326580125036,-0.0007005780054850291,1.0
20230428,GOLD_USD,1982.7,-0.7483793457312315,-0.007511937543843741,1.0
20230502,GOLD_USD,1980.9,-0.0907852927825692,-0.0009082652758814559,4.0
20230503,GOLD_USD,2016.9,1.8173557473875501,0.018010392274465322,1.0
20230504,GOLD_USD,2036.05,0.9494769200257824,0.009449977182548981,1.0
20230505,GOLD_USD,2038.9,0.13997691608753637,0.0013987903972790983,1.0
20230509,GOLD_USD,2025.6,-0.6523125214576542,-0.006544493773071637,4.0
20230510,GOLD_USD,2029.6,0.1974723538704648,0.0019727763352151346,1.0
20230511,GOLD_USD,2025.75,-0.18969255025620413,-0.0018987269442374323,1.0
20230512,GOLD_USD,2006.65,-0.942860668888057,-0.00947333738841014,1.0
20230515,GOLD_USD,2015.3,0.4310667032118243,0.0043014027210191135,3.0
20230516,GOLD_USD,2009.9,-0.26795018111446245,-0.002683098101737212,1.0
20230517,GOLD_USD,1985.75,-1.2015523160356256,-0.012088293058464742,1.0
20230518,GOLD_USD,1976.95,-0.44315749716731245,-0.004441423507157502,1.0
20230519,GOLD_USD,1965.55,-0.5766458433445476,-0.005783148648091411,1.0
20230522,GOLD_USD,1981.2,0.7962147999287739,0.007930617356090146,3.0
20230523,GOLD_USD,1959.65,-1.087724611346652,-0.010936835863866972,1.0
20230524,GOLD_USD,1976.8,0.8751562779067523,0.008713489824184552,1.0
20230525,GOLD_USD,1962.3,-0.7335087009307961,-0.007362121039123556,1.0
20230526,GOLD_USD,1953.5,-0.4484533455638817,-0.0044946191401515,1.0
20230530,GOLD_USD,1949.5,-0.204760685948302,-0.0020497060724732987,4.0
20230531,GOLD_USD,1959.0,0.4873044370351298,0.004861209521888662,1.0
20230601,GOLD_USD,1958.75,-0.01276161306789092,-0.00012762427431016043,1.0
20230602,GOLD_USD,1981.0,1.1359285258455643,0.01129525302832034,1.0
20230605,GOLD_USD,1942.5,-1.9434628975265045,-0.01962596445674845,3.0
20230606,GOLD_USD,1961.9,0.9987129987130139,0.00993758818498077,1.0
20230607,GOLD_USD,1963.05,0.058616647127784915,0.0005859947428161912,1.0
20230608,GOLD_USD,1947.25,-0.8048699727464914,-0.008081265369541402,1.0
20230609,GOLD_USD,1963.55,0.8370779304146758,0.008335938625132606,1.0
20230612,GOLD_USD,1964.15,0.03055689949327256,0.00030552231823578567,3.0
20230613,GOLD_USD,1964.0,-0.007636891276130431,-7.637182901519752e-05,1.0
20230614,GOLD_USD,1951.9,-0.6160896130346205,-0.006179952761846169,1.0
20230615,GOLD_USD,1934.65,-0.8837542906911189,-0.008876825602152704,1.0
20230616,GOLD_USD,1964.1,1.5222391647067957,0.015107693564743117,1.0
20230619,GOLD_USD,1954.35,-0.4964105697265908,-0.004976467798105097,3.0
20230620,GOLD_USD,1953.85,-0.02558395374421263,-0.0002558722699595527,1.0
20230621,GOLD_USD,1935.25,-0.9519666299869445,-0.009565267962267879,1.0
20230622,GOLD_USD,1927.95,-0.3772122464797856,-0.003779254860572284,1.0
20230623,GOLD_USD,1919.35,-0.4460696594828728,-0.004470675187256791,1.0
20230626,GOLD_USD,1930.55,0.5835308828509689,0.005818349357797454,3.0
20230627,GOLD_USD,1923.95,-0.34187148739995843,-0.0034245720328084685,1.0
20230628,GOLD_USD,1909.85,-0.7328672782556778,-0.007355659436679294,1.0
20230629,GOLD_USD,1904.05,-0.30368877136948136,-0.003041508414592156,1.0
20230630,GOLD_USD,1903.55,-0.026259814605711362,-0.00026263263098752124,1.0
20230703,GOLD_USD,1913.75,0.5358409287909538,0.005344104092169811,3.0
20230704,GOLD_USD,1929.75,0.8360548661005884,0.008325792858069737,1.0
20230705,GOLD_USD,1928.3,-0.07513926674439508,-0.0007516751044038647,1.0
20230706,GOLD_USD,1919.15,-0.4745112275060914,-0.004756406061331482,1.0
20230707,GOLD_USD,1915.65,-0.182372404449882,-0.0018253890538470702,1.0
20230710,GOLD_USD,1925.05,0.49069506433847554,0.0048949508001587165,3.0
20230711,GOLD_USD,1936.2,0.5792057349159885,0.00577534787543181,1.0
20230712,GOLD_USD,1935.75,-0.023241400681750513,-0.0002324410191382298,1.0
20230713,GOLD_USD,1959.6,1.2320805889190156,0.012245522497586722,1.0
20230714,GOLD_USD,1956.5,-0.15819555011226116,-0.0015832081139525165,1.0
20230717,GOLD_USD,1955.05,-0.07411193457704801,-0.0007413941104768316,3.0
20230718,GOLD_USD,1961.95,0.35293215007288214,0.0035231080607941744,1.0
20230719,GOLD_USD,1978.15,0.825709115930584,0.008223187882542471,1.0
20230720,GOLD_USD,1981.5,0.1693501503930328,0.0016920691471626356,1.0
20230721,GOLD_USD,1963.8,-0.8932626797880427,-0.008972761895299908,1.0
20230724,GOLD_USD,1964.75,0.048375598329775116,0.0004836390110945447,3.0
20230725,GOLD_USD,1963.1,-0.08398015014633442,-0.0008401543322966806,1.0
20230726,GOLD_USD,1972.0,0.4533645764352334,0.004523399748593079,1.0
20230727,GOLD_USD,1975.2,0.16227180527383922,0.0016214028683890767,1.0
20230728,GOLD_USD,1950.15,-1.2682260024301284,-0.012763366354682299,1.0
20230731,GOLD_USD,1955.55,0.27690177678638683,0.0027651911006099316,3.0
20230801,GOLD_USD,1956.75,0.06136381069263841,0.0006134499080499804,1.0
20230802,GOLD_USD,1949.7,-0.3602912993484031,-0.0036094191165345524,1.0
20230803,GOLD_USD,1936.9,-0.6565112581422783,-0.006586757720219362,1.0
20230804,GOLD_USD,1934.0,-0.1497237854303335,-0.0014983598349539587,1.0
20230807,GOLD_USD,1936.9,0.14994829369183726,0.0014983598349539605,3.0
20230808,GOLD_USD,1934.8,-0.10842067220817597,-0.0010847948993654734,1.0
20230809,GOLD_USD,1928.4,-0.3307835435186979,-0.003313318417360803,1.0
20230810,GOLD_USD,1920.1,-0.43040862891516873,-0.004313375532596419,1.0
20230811,GOLD_USD,1918.05,-0.10676527264205093,-0.0010682230735839008,1.0
20230814,GOLD_USD,1913.5,-0.23722009332394212,-0.002375019059529943,3.0
20230815,GOLD_USD,1904.1,-0.4912464071074041,-0.0049245698852229325,1.0
20230816,GOLD_USD,1906.8,0.1417992752481556,0.001416988350136562,1.0
20230817,GOLD_USD,1893.95,-0.6739039228025989,-0.006761849088337894,1.0
20230818,GOLD_USD,1891.75,-0.11615934950764961,-0.0011622686677017942,1.0
20230821,GOLD_USD,1890.1,-0.08722082727633529,-0.0008725888677203642,3.0
20230822,GOLD_USD,1901.85,0.6216602296174711,0.006197358935155958,1.0
20230823,GOLD_USD,1904.55,0.1419670321003208,0.0014186635418433906,1.0
20230824,GOLD_USD,1920.7,0.8479693365887053,0.008443942726896263,1.0
20230825,GOLD_USD,1917.85,-0.14838340188473298,-0.0014849359907755976,1.0
20230829,GOLD_USD,1923.5,0.2946007247699223,0.0029416762723190803,4.0
20230830,GOLD_USD,1938.35,0.7720301533662655,0.0076906525076174655,1.0
20230831,GOLD_USD,1944.2,0.3018030799391225,0.0030134856870013796,1.0
20230901,GOLD_USD,1944.3,0.005143503754756473,5.1433714811377434e-05,1.0
20230904,GOLD_USD,1942.05,-0.11572288227125194,-0.0011578989290140145,3.0
20230905,GOLD_USD,1931.8,-0.5277927962719753,-0.00529190542757038,1.0
20230906,GOLD_USD,1923.45,-0.43223936225281756,-0.004331762171960984,1.0
20230907,GOLD_USD,1919.85,-0.18716369024409651,-0.00187339060332408,1.0
20230908,GOLD_USD,1925.55,0.2968981951714911,0.002964583229134695,1.0
20230911,GOLD_USD,1926.6,0.05452987458127723,0.0005451501244779103,3.0
20230912,GOLD_USD,1918.9,-0.39966780857467743,-0.004004686147826447,1.0
20230913,GOLD_USD,1912.15,-0.3517640314763648,-0.0035238417586928835,1.0
20230914,GOLD_USD,1906.45,-0.29809376879429417,-0.0029853895320070337,1.0
20230915,GOLD_USD,1918.7,0.6425555351569745,0.006404999479056707,1.0
20230918,GOLD_USD,1926.4,0.40131338927398286,0.004005102750448441,3.0
20230919,GOLD_USD,1935.0,0.44642857142855874,0.004454350349380153,1.0
20230920,GOLD_USD,1930.15,-0.25064599483203276,-0.002509606377755802,1.0
20230921,GOLD_USD,1923.4,-0.3497137528171379,-0.003503266807744876,1.0
20230922,GOLD_USD,1926.2,0.14557554330871803,0.0014546968483824536,1.0
20230925,GOLD_USD,1922.55,-0.18949226456235202,-0.001896720282821223,3.0
20230926,GOLD_USD,1912.3,-0.53314608202647,-0.005345723775014091,1.0
20230927,GOLD_USD,1895.55,-0.8759085917481535,-0.008797672196129097,1.0
20230928,GOLD_USD,1874.1,-1.1315976893250035,-0.011380489705165583,1.0
20230929,GOLD_USD,1871.6,-0.13339736406808855,-0.001334864175572717,1.0
20231002,GOLD_USD,1831.85,-2.1238512502671503,-0.02146729483940753,3.0
20231003,GOLD_USD,1828.3,-0.1937931599202969,-0.0019398118181944625,1.0
20231004,GOLD_USD,1823.25,-0.27621287534868033,-0.0027659504701167204,1.0
20231005,GOLD_USD,1822.75,-0.02742355683532649,-0.00027427317780279626,1.0
20231006,GOLD_USD,1821.9,-0.04663283500204729,-0.00046643711490023494,1.0
20231009,GOLD_USD,1852.3,1.668587738075633,0.01654819755703797,3.0
20231010,GOLD_USD,1859.7,0.3995033201965148,0.003987074247306086,1.0
20231011,GOLD_USD,1870.0,0.5538527719524566,0.005523246472648816,1.0
20231012,GOLD_USD,1881.15,0.5962566844919914,0.00594486108953627,1.0
20231013,GOLD_USD,1887.0,0.3109799856470641,0.0031049744303816304,1.0
20231016,GOLD_USD,1914.65,1.465288818230004,0.01454657191813782,3.0
20231017,GOLD_USD,1923.45,0.4596140286736494,0.004585610286546575,1.0
20231018,GOLD_USD,1943.85,1.0605942447165173,0.0105500939762986,1.0
20231019,GOLD_USD,1948.65,0.24693263369088836,0.0024662825603185374,1.0
20231020,GOLD_USD,1984.2,1.8243399276422156,0.01807898510595057,1.0
20231023,GOLD_USD,1980.95,-0.16379397238182047,-0.0016392826136697194,3.0
20231024,GOLD_USD,1967.4,-0.6840152452106341,-0.006863653523474881,1.0
20231025,GOLD_USD,1970.15,0.13977838771983553,0.001396807886691348,1.0
20231026,GOLD_USD,1991.45,1.0811359541151644,0.01075333463768159,1.0
20231027,GOLD_USD,1987.6,-0.19332647066209185,-0.0019351358748651323,1.0
20231030,GOLD_USD,1996.15,0.43016703562086533,0.004292444620202758,3.0
20231031,GOLD_USD,1997.6,0.072639831675958,0.0007261346171951704,1.0
20231101,GOLD_USD,1982.5,-0.7559070885062025,-0.007587785456560363,1.0
20231102,GOLD_USD,1986.7,0.21185372005043668,0.0021162962650147377,1.0
20231103,GOLD_USD,1988.5,0.0906025066693461,0.0009056148737274312,1.0
20231106,GOLD_USD,1987.1,-0.0704048277596181,-0.0007042962359747177,3.0
20231107,GOLD_USD,1967.8,-0.9712646570378958,-0.009760121980105521,1.0
20231108,GOLD_USD,1960.1,-0.39129992885456044,-0.003920675100435692,1.0
20231109,GOLD_USD,1946.75,-0.6810876996071635,-0.006834176874133962,1.0
20231110,GOLD_USD,1953.45,0.3441633491716889,0.003435724624726401,1.0
20231113,GOLD_USD,1937.45,-0.819063707799017,-0.008224364638924933,3.0
20231114,GOLD_USD,1946.55,0.4696895403752288,0.0046858994084521995,1.0
20231115,GOLD_USD,1973.4,1.3793634892502293,0.013699368571717238,1.0
20231116,GOLD_USD,1966.5,-0.34965034965035446,-0.003502630551202112,1.0
20231117,GOLD_USD,1992.15,1.3043478260869712,0.012959144642505336,1.0
20231120,GOLD_USD,1976.05,-0.8081720753959409,-0.008114554882963507,3.0
20231121,GOLD_USD,1988.55,0.6325750866627899,0.006305827281562353,1.0
20231122,GOLD_USD,1999.9,0.5707676447662902,0.005691449379072374,1.0
20231123,GOLD_USD,1992.6,-0.36501825091255213,-0.0036568606812848723,1.0
20231124,GOLD_USD,1995.2,0.1304827863093605,0.0013039773150162772,1.0
20231127,GOLD_USD,2011.7,0.8269847634322369,0.008235839808754109,3.0
20231128,GOLD_USD,2014.0,0.11433116269821131,0.0011426585439814443,1.0
20231129,GOLD_USD,2037.6,1.1717974180734725,0.011649850386739519,1.0
20231130,GOLD_USD,2037.85,0.01226933647429096,0.00012268583852763845,1.0
20231201,GOLD_USD,2044.55,0.32877787864662444,0.003282385859060491,1.0
20231204,GOLD_USD,2066.95,1.0955956078354534,0.010896374379527575,3.0
20231205,GOLD_USD,2023.45,-2.1045501826362445,-0.0212701153932089,1.0
20231206,GOLD_USD,2021.4,-0.10131211544638363,-0.0010136347085916483,1.0
20231207,GOLD_USD,2033.3,0.5887009003660681,0.00586974827573369,1.0
20231208,GOLD_USD,2030.0,-0.16229774258593732,-0.001624295880462942,1.0
20231211,GOLD_USD,1991.95,-1.874384236453197,-0.0189217346079162,3.0
20231212,GOLD_USD,1986.9,-0.253520419689246,-0.0025384232688732853,1.0
20231213,GOLD_USD,1981.55,-0.2692636770849077,-0.002696268437877313,1.0
20231214,GOLD_USD,2034.1,2.651964371325466,0.026174093887275155,1.0
20231215,GOLD_USD,2043.65,0.4694951084017518,0.0046839641764185175,1.0
20231218,GOLD_USD,2020.95,-1.110757712915622,-0.011169726914893537,3.0
20231219,GOLD_USD,2026.0,0.24988248101140975,0.002495707938662295,1.0
20231220,GOLD_USD,2036.35,0.5108588351431242,0.005095583785139231,1.0
20231221,GOLD_USD,2034.3,-0.10067031698872686,-0.001007210235861913,1.0
20231222,GOLD_USD,2055.6,1.0470432089662252,0.010415996760168368,1.0
20231227,GOLD_USD,2061.7,0.2967503405331806,0.002963109058447938,5.0
20231228,GOLD_USD,2077.8,0.7809089586263918,0.007778756459908989,1.0
20231229,GOLD_USD,2062.4,-0.7411685436519488,-0.007439288451508431,1.0
20240102,GOLD_USD,2074.9,0.6060899922420537,0.006042606547482546,4.0
20240103,GOLD_USD,2054.05,-1.0048677044676824,-0.01009950579431996,1.0
20240104,GOLD_USD,2049.05,-0.24342153306881054,-0.0024371828495242257,1.0
20240105,GOLD_USD,2037.7,-0.5539152290085725,-0.0055545502816704,1.0
20240108,GOLD_USD,2028.0,-0.47602689306571744,-0.004771635095817125,3.0
20240109,GOLD_USD,2038.15,0.5004930966469479,0.004992447933300553,1.0
20240110,GOLD_USD,2036.25,-0.09322179427422306,-0.0009326527281194374,1.0
20240111,GOLD_USD,2031.85,-0.2160834868017214,-0.0021631728402691126,1.0
20240112,GOLD_USD,2039.55,0.3789649826512864,0.003782487193818991,1.0
20240115,GOLD_USD,2053.85,0.701135054301183,0.006986885314421949,3.0
20240116,GOLD_USD,2039.75,-0.6865155683228985,-0.0068888292753171146,1.0
20240117,GOLD_USD,2027.55,-0.5981125137884513,-0.005999083710963104,1.0
20240118,GOLD_USD,2012.2,-0.7570713422603625,-0.007599516739996115,1.0
20240119,GOLD_USD,2029.5,0.8597554915018346,0.00856080642100206,1.0
20240122,GOLD_USD,2023.9,-0.2759300320275937,-0.002763114206792462,3.0
20240123,GOLD_USD,2026.85,0.1457581896338711,0.0014565206549521045,1.0
20240124,GOLD_USD,2030.5,0.18008239386240188,0.001799204399240415,1.0
20240125,GOLD_USD,2018.15,-0.6082245752277671,-0.006100817954398875,1.0
20240126,GOLD_USD,2021.1,0.1461734757079336,0.0014606674627701743,1.0
20240129,GOLD_USD,2027.35,0.3092375439117223,0.00308760388062506,3.0
20240130,GOLD_USD,2036.8,0.466125730633582,0.004650427287793034,1.0
20240131,GOLD_USD,2037.9,0.054006284367646984,0.0005399170622239789,1.0
20240201,GOLD_USD,2037.55,-0.017174542421127814,-0.00017176017414549354,1.0
20240202,GOLD_USD,2054.2,0.8171578611567698,0.00813837204048333,1.0
20240205,GOLD_USD,2024.5,-1.4458183234348998,-0.014563721259488014,3.0
20240206,GOLD_USD,2025.05,0.027167201778222072,0.00027163512162188276,1.0
20240207,GOLD_USD,2033.2,0.4024591985383186,0.004016514978909907,1.0
20240208,GOLD_USD,2037.05,0.18935667912649556,0.0018917762536471978,1.0
20240209,GOLD_USD,2031.65,-0.26508922215948694,-0.002654412058227923,1.0
20240212,GOLD_USD,2021.0,-0.5242044643516408,-0.005255832364545722,3.0
20240213,GOLD_USD,2026.2,0.2572983671449869,0.0025696792159560955,1.0
20240214,GOLD_USD,1990.8,-1.7471128220313936,-0.017625549635177946,1.0
20240215,GOLD_USD,1996.9,0.3064094836246811,0.0030594100649468606,1.0
20240216,GOLD_USD,2005.4,0.425659772647613,0.0042475640404791605,1.0
20240219,GOLD_USD,2020.35,0.7454871846015676,0.0074272216231085035,3.0
20240220,GOLD_USD,2026.8,0.31925161481922704,0.00318743088882127,1.0
20240221,GOLD_USD,2028.8,0.0986777185711496,0.0009862906411521168,1.0
20240222,GOLD_USD,2030.9,0.10350946372239545,0.0010345592961572133,1.0
20240223,GOLD_USD,2019.3,-0.5711753409818332,-0.005728127854286931,1.0
20240226,GOLD_USD,2035.15,0.7849254692220198,0.007818609549174446,3.0
20240227,GOLD_USD,2036.0,0.04176596319680481,0.0004175724364618108,1.0
20240228,GOLD_USD,2025.25,-0.5279960707269105,-0.005293948959812686,1.0
20240229,GOLD_USD,2032.8,0.37279348228613784,0.003721003295353707,1.0
20240301,GOLD_USD,2050.3,0.8608815426997429,0.008571970883046953,1.0
20240304,GOLD_USD,2083.15,1.6022045554308972,0.015895047301109067,3.0
20240305,GOLD_USD,2126.25,2.0689820704221873,0.0204786935199611,1.0
20240306,GOLD_USD,2127.35,0.051734273956483,0.0005172089639463145,1.0
20240307,GOLD_USD,2156.85,1.3867017651068236,0.013771750267841713,1.0
20240308,GOLD_USD,2168.65,0.5470941419199349,0.0054560301801471105,1.0
20240311,GOLD_USD,2178.45,0.4518940354598433,0.004508760599915969,3.0
20240312,GOLD_USD,2176.4,-0.09410360577473131,-0.0009414791101523037,1.0
20240313,GOLD_USD,2160.85,-0.7144826318691511,-0.007170472823146357,1.0
20240314,GOLD_USD,2169.8,0.4141888608649502,0.004133334599726417,1.0
20240315,GOLD_USD,2170.35,0.025347958337151866,0.0002534474628497419,1.0
20240318,GOLD_USD,2155.3,-0.693436542493131,-0.006958519865432116,3.0
20240319,GOLD_USD,2154.3,-0.04639725328260402,-0.0004640802013864398,1.0
20240320,GOLD_USD,2153.4,-0.041776911293700536,-0.00041785640276504335,1.0
20240321,GOLD_USD,2210.65,2.6585864214730304,0.026238601533124722,1.0
20240322,GOLD_USD,2166.25,-2.0084590505055067,-0.020289027884925356,1.0
20240325,GOLD_USD,2168.35,0.0969417195614497,0.0009689476142206018,3.0
20240326,GOLD_USD,2193.45,1.1575622016740894,0.01150913708196136,1.0
20240327,GOLD_USD,2192.05,-0.06382639221316211,-0.0006384676992624425,1.0
20240328,GOLD_USD,2207.0,0.6820099906480248,0.006796948230001246,1.0
20240402,GOLD_USD,2264.55,2.607612143180793,0.02574193642511838,5.0
20240403,GOLD_USD,2270.75,0.2737850787132068,0.002734109700468165,1.0
20240404,GOLD_USD,2292.5,0.9578333149840468,0.009532751748297087,1.0
20240405,GOLD_USD,2288.45,-0.17666303162486852,-0.0017681926478986124,1.0
20240408,GOLD_USD,2336.9,2.117153531866567,0.020950532239039615,3.0
20240409,GOLD_USD,2364.2,1.168214300997028,0.011614433594515607,1.0
20240410,GOLD_USD,2346.85,-0.7338634633279773,-0.007365694883897072,1.0
20240411,GOLD_USD,2331.75,-0.6434156422438497,-0.0064549448254065415,1.0
20240412,GOLD_USD,2394.8,2.703977699153004,0.02668066144422417,1.0
20240415,GOLD_USD,2347.15,-1.9897277434441363,-0.020097893866193563,3.0
20240416,GOLD_USD,2369.0,0.9309162175404229,0.009266098973781986,1.0
20240417,GOLD_USD,2393.75,1.044744617982274,0.010393248770170688,1.0
20240418,GOLD_USD,2379.85,-0.5806788511749428,-0.005823713459691862,1.0
20240419,GOLD_USD,2381.8,0.08193793726496423,0.0008190438646312049,1.0
20240422,GOLD_USD,2361.45,-0.8543958350827219,-0.008580667205147866,3.0
20240423,GOLD_USD,2298.15,-2.680556437781856,-0.027171385698875228,1.0
20240424,GOLD_USD,2312.3,0.6157126384265688,0.006138248730049731,1.0
20240425,GOLD_USD,2325.65,0.5773472300307114,0.005756869681627665,1.0
20240426,GOLD_USD,2349.8,1.0384193666286956,0.010330648291922775,1.0
20240429,GOLD_USD,2337.6,-0.5191931228189728,-0.005205456137037279,3.0
20240430,GOLD_USD,2314.8,-0.9753593429158047,-0.009801471296751267,1.0
20240501,GOLD_USD,2288.5,-1.136167271470545,-0.011426709605987006,1.0
20240502,GOLD_USD,2300.55,0.5265457723399702,0.0052516436712018435,1.0
20240503,GOLD_USD,2301.1,0.02390732650887628,0.00023904469162973208,1.0
20240507,GOLD_USD,2315.0,0.6040589283386355,0.006022418063806319,4.0
20240508,GOLD_USD,2308.55,-0.27861771058314,-0.002790065721858752,1.0
20240509,GOLD_USD,2308.7,0.006497585064191291,6.497373980276481e-05,1.0
20240510,GOLD_USD,2371.05,2.700654047732498,0.026648299453235654,1.0
20240513,GOLD_USD,2340.3,-1.2968937812361636,-0.013053768729137051,3.0
20240514,GOLD_USD,2347.4,0.30337990855873187,0.003029206403646396,1.0
20240515,GOLD_USD,2371.8,1.0394478998040357,0.010340827864671264,1.0
20240516,GOLD_USD,2383.65,0.49962054136099,0.004983765796060225,1.0
20240517,GOLD_USD,2381.75,-0.079709688922458,-0.0007974147398663819,1.0
20240520,GOLD_USD,2444.35,2.628319512963162,0.025943727307304924,3.0
20240521,GOLD_USD,2417.05,-1.1168613332787736,-0.011231450602858996,1.0
20240522,GOLD_USD,2414.25,-0.11584369375893244,-0.0011591084443073954,1.0
20240523,GOLD_USD,2361.8,-2.1725173449311352,-0.021964639679845976,1.0
20240524,GOLD_USD,2339.75,-0.9336099585062319,-0.009379954129815446,1.0
20240528,GOLD_USD,2344.7,0.21156106421624798,0.002113375889324064,4.0
20240529,GOLD_USD,2340.9,-0.16206764191579737,-0.0016219911358647024,1.0
20240530,GOLD_USD,2337.55,-0.14310735187320622,-0.0014320984824223724,1.0
20240531,GOLD_USD,2342.9,0.2288721096874946,0.0022861059641914234,1.0
20240603,GOLD_USD,2324.7,-0.7768150582611377,-0.007798479834580124,3.0
20240604,GOLD_USD,2330.5,0.24949455843765733,0.0024918383747815393,1.0
20240605,GOLD_USD,2332.25,0.07509118214974464,0.0007506300282746983,1.0
20240606,GOLD_USD,2360.85,1.2262836316861314,0.01218825682464913,1.0
20240607,GOLD_USD,2338.0,-0.9678717411101934,-0.009725860633705913,1.0
20240610,GOLD_USD,2297.65,-1.7258340461933197,-0.017409001576453854,3.0
20240611,GOLD_USD,2302.5,0.2110852392662066,0.002108627673902122,1.0
20240612,GOLD_USD,2314.9,0.5385450597177099,0.005371000913598611,1.0
20240613,GOLD_USD,2316.35,0.06263769493282112,0.0006261808571676864,1.0
20240614,GOLD_USD,2316.9,0.02374425281155279,0.00023741434309990827,1.0
20240617,GOLD_USD,2320.7,0.16401225775819483,0.00163877904538492,3.0
20240618,GOLD_USD,2312.05,-0.37273236523460707,-0.003734287432711817,1.0
20240619,GOLD_USD,2328.6,0.7158149693994309,0.0071326517469144845,1.0
20240620,GOLD_USD,2332.95,0.18680752383406496,0.001866332555763191,1.0
20240621,GOLD_USD,2364.0,1.3309329389828317,0.013221538367310008,1.0
20240624,GOLD_USD,2327.2,-1.5566835871404505,-0.01568927134499705,3.0
20240625,GOLD_USD,2332.4,0.22344448264008943,0.002231952167009123,1.0
20240626,GOLD_USD,2316.1,-0.6988509689590194,-0.007013043694334703,1.0
20240627,GOLD_USD,2310.55,-0.23962695911229348,-0.0023991452399046154,1.0
20240628,GOLD_USD,2327.6,0.7379195429659591,0.007352102368753235,1.0
20240701,GOLD_USD,2327.8,0.008592541673846377,8.592172536129683e-05,3.0
20240702,GOLD_USD,2329.0,0.05155082051722104,0.0005153753764649756,1.0
20240703,GOLD_USD,2342.55,0.581794761700305,0.005801088717623564,1.0
20240704,GOLD_USD,2357.2,0.6253868647414063,0.006234394361793684,1.0
20240705,GOLD_USD,2365.35,0.345749193958933,0.003451528555947272,1.0
20240708,GOLD_USD,2371.65,0.2663453611516431,0.0026599129045584537,3.0
20240709,GOLD_USD,2362.4,-0.3900238230767572,-0.003907863994550904,1.0
20240710,GOLD_USD,2372.9,0.44446325770401973,0.004434784367998844,1.0
20240711,GOLD_USD,2383.55,0.44881790214506,0.004478137181159951,1.0
20240712,GOLD_USD,2404.15,0.8642570955087914,0.008605437736332081,1.0
20240715,GOLD_USD,2408.5,0.18093712954683205,0.001807736355071629,3.0
20240716,GOLD_USD,2439.35,1.2808802159020027,0.012727463285313038,1.0
20240717,GOLD_USD,2470.35,1.2708303441490543,0.012628230632738466,1.0
20240718,GOLD_USD,2466.95,-0.1376323193069795,-0.0013772711957742636,1.0
20240719,GOLD_USD,2415.8,-2.073410486633276,-0.020952074621374658,1.0
20240722,GOLD_USD,2401.4,-0.5960758340922245,-0.005978594574560372,3.0
20240723,GOLD_USD,2404.45,0.12700924460729013,0.0012692865609556753,1.0
20240724,GOLD_USD,2411.3,0.2848884360248771,0.0028448339800860017,1.0
20240725,GOLD_USD,2371.25,-1.660929788910559,-0.016748778888435626,1.0
20240726,GOLD_USD,2374.55,0.1391671059567834,0.0013907035829009795,1.0
20240729,GOLD_USD,2392.1,0.7390874060348107,0.007363695384616929,3.0
20240730,GOLD_USD,2389.15,-0.12332260357007518,-0.0012339870846896132,1.0
20240731,GOLD_USD,2419.6,1.274511855680882,0.01266458310070686,1.0
20240801,GOLD_USD,2434.0,0.5951396925111707,0.005933757314713423,1.0
20240802,GOLD_USD,2461.75,1.1400986031224303,0.011336484580438951,1.0
20240805,GOLD_USD,2421.75,-1.624860363562508,-0.01638205982141718,3.0
20240806,GOLD_USD,2414.15,-0.31382264891091083,-0.003143161048405119,1.0
20240807,GOLD_USD,2392.85,-0.8822981173498001,-0.008862134139272268,1.0
20240808,GOLD_USD,2396.3,0.14417953486429713,0.001440756959705685,1.0
20240809,GOLD_USD,2423.45,1.1329967032508215,0.011266263675738105,1.0
20240812,GOLD_USD,2442.1,0.7695640512492607,0.0076661801189092165,3.0
20240813,GOLD_USD,2460.55,0.7554973178821589,0.007526577299345436,1.0
20240814,GOLD_USD,2472.0,0.46534311434434095,0.0046426374050659155,1.0
20240815,GOLD_USD,2456.25,-0.637135922330101,-0.006391742960010063,1.0
20240816,GOLD_USD,2462.15,0.24020356234097928,0.0023991553472702512,1.0
20240819,GOLD_USD,2500.05,1.5393050788944596,0.015275779691453264,3.0
20240820,GOLD_USD,2521.55,0.8599828003439836,0.008563060130471187,1.0
20240821,GOLD_USD,2507.65,-0.5512482401697438,-0.0055277322014677475,1.0
20240822,GOLD_USD,2505.1,-0.10168883217355207,-0.0010174057034409763,1.0
20240823,GOLD_USD,2500.3,-0.19160911740049302,-0.0019179292249892777,1.0
20240827,GOLD_USD,2510.3,0.39995200575930756,0.003991543239137415,4.0
20240828,GOLD_USD,2509.55,-0.02987690714256752,-0.0002988137117963583,1.0
20240829,GOLD_USD,2517.05,0.2988583610607387,0.002984126672355644,1.0
20240830,GOLD_USD,2524.15,0.28207624004290555,0.002816791515698132,1.0
20240902,GOLD_USD,2502.0,-0.8775231265970795,-0.008813960345406595,3.0
20240903,GOLD_USD,2503.25,0.04996003197441645,0.0004994755610556778,1.0
20240904,GOLD_USD,2474.45,-1.1505043443523544,-0.011571738502360453,1.0
20240905,GOLD_USD,2516.85,1.7135120935965586,0.01698997051826454,1.0
20240906,GOLD_USD,2517.7,0.033772374197904576,0.0003376667261528018,1.0
20240909,GOLD_USD,2496.65,-0.8360805497080515,-0.008395953076518482,3.0
20240910,GOLD_USD,2502.35,0.22830592994611543,0.002280457079507746,1.0
20240911,GOLD_USD,2521.9,0.7812656103262983,0.007782295335203122,1.0
20240912,GOLD_USD,2516.55,-0.21214163924024865,-0.0021236697836422434,1.0
20240913,GOLD_USD,2571.35,2.177584391329379,0.021542136916083015,1.0
20240916,GOLD_USD,2587.45,0.6261302428685278,0.006241781914819954,3.0
20240917,GOLD_USD,2575.5,-0.4618446733270165,-0.004629144709782427,1.0
20240918,GOLD_USD,2568.35,-0.27761599689380967,-0.002780020647921775,1.0
20240919,GOLD_USD,2590.6,0.8663149492865063,0.008625839738437438,1.0
20240920,GOLD_USD,2606.45,0.6118273758974668,0.006099633115812156,1.0
20240923,GOLD_USD,2617.25,0.4143566920524089,0.004135005987496484,3.0
20240924,GOLD_USD,2628.55,0.43175088356099955,0.004308215135157259,1.0
20240925,GOLD_USD,2653.8,0.9606056571113353,0.009560211767714589,1.0
20240926,GOLD_USD,2668.9,0.5689954028186062,0.005673827384088612,1.0
20240927,GOLD_USD,2660.55,-0.312862977256545,-0.0031335341667195005,1.0
20240930,GOLD_USD,2650.15,-0.39089661912010687,-0.003916626167785441,3.0
20241001,GOLD_USD,2648.85,-0.049053827141865014,-0.0004906586246767087,1.0
20241002,GOLD_USD,2655.1,0.2359514506295124,0.0023567352229234987,1.0
20241003,GOLD_USD,2644.0,-0.41806334977966264,-0.004189396778589587,1.0
20241004,GOLD_USD,2657.5,0.5105900151285869,0.005092909244526028,1.0
20241007,GOLD_USD,2651.6,-0.22201317027281675,-0.0022225998488665496,3.0
20241008,GOLD_USD,2639.55,-0.4544426006939051,-0.004554783301356107,1.0
20241009,GOLD_USD,2617.55,-0.8334754030043023,-0.008369682306880335,1.0
20241010,GOLD_USD,2617.25,-0.011461099119414175,-0.00011461755953566722,1.0
20241011,GOLD_USD,2637.05,0.756519247301557,0.007536719914528648,1.0
20241014,GOLD_USD,2659.0,0.8323695038015888,0.008289244129026761,3.0
20241015,GOLD_USD,2653.25,-0.21624670928920287,-0.0021648086010879054,1.0
20241016,GOLD_USD,2679.4,0.9855837180815952,0.009807585200953563,1.0
20241017,GOLD_USD,2678.45,-0.03545569903711243,-0.00035461986056198444,1.0
20241018,GOLD_USD,2711.6,1.2376561070768677,0.012300597574487057,1.0
20241021,GOLD_USD,2734.3,0.8371441215518693,0.008336595041570166,3.0
20241022,GOLD_USD,2733.55,-0.02742932377574059,-0.0002743308630279411,1.0
20241023,GOLD_USD,2751.0,0.6383640321194095,0.0063633511892219625,1.0
20241024,GOLD_USD,2740.0,-0.3998545983278756,-0.00400656154245858,1.0
20241025,GOLD_USD,2719.25,-0.7572992700729975,-0.007601813408156305,1.0
20241028,GOLD_USD,2730.4,0.41003953295946083,0.004092011618537685,3.0
20241029,GOLD_USD,2749.15,0.6867125695868781,0.006843654380588277,1.0
20241030,GOLD_USD,2783.95,1.265845806885757,0.012579009549831125,1.0
20241031,GOLD_USD,2779.4,-0.16343684333409714,-0.001635705470434989,1.0
20241101,GOLD_USD,2747.35,-1.1531265740807428,-0.011598266351513417,1.0
20241104,GOLD_USD,2741.35,-0.2183922689136808,-0.002186310926076321,3.0
20241105,GOLD_USD,2738.75,-0.09484378134859694,-0.000948887865215549,1.0
20241106,GOLD_USD,2726.2,-0.4582382473756308,-0.0045929137729336465,1.0
20241107,GOLD_USD,2667.05,-2.1696867434524147,-0.021935705473920476,1.0
20241108,GOLD_USD,2685.2,0.6805271742186925,0.00678222040177424,1.0
20241111,GOLD_USD,2670.55,-0.545583196782351,-0.0054707693744816205,3.0
20241112,GOLD_USD,2590.75,-2.9881485087341675,-0.030337034625788042,1.0
20241113,GOLD_USD,2609.75,0.733378365338222,0.0073070222240809845,1.0
20241114,GOLD_USD,2548.45,-2.3488839927196192,-0.023769100084725464,1.0
20241115,GOLD_USD,2566.7,0.7161215640879792,0.007135695898639626,1.0
20241118,GOLD_USD,2590.1,0.9116764717341352,0.00907545788452312,3.0
20241119,GOLD_USD,2635.95,1.7702019227056942,0.01754716332211981,1.0
20241120,GOLD_USD,2624.3,-0.44196589464897684,-0.0044294545117851,1.0
20241121,GOLD_USD,2669.7,1.7299851388941745,0.017151912733746527,1.0
20241122,GOLD_USD,2706.25,1.3690676855077522,0.013597806219873906,1.0
20241125,GOLD_USD,2670.4,-1.3247113163972202,-0.013335638843229261,3.0
20241126,GOLD_USD,2630.3,-1.5016476932294798,-0.015130365800005695,1.0
20241127,GOLD_USD,2648.0,0.6729270425426703,0.006706729949333829,1.0
20241128,GOLD_USD,2646.4,-0.060422960725070585,-0.000604412227526602,1.0
20241129,GOLD_USD,2664.3,0.6763905683192295,0.00674113310319596,1.0
20241202,GOLD_USD,2637.25,-1.0152760575010356,-0.010204651370649992,3.0
20241203,GOLD_USD,2645.35,0.3071381173570975,0.003066674118059254,1.0
20241204,GOLD_USD,2642.05,-0.12474719791331079,-0.0012482507200081202,1.0
20241205,GOLD_USD,2649.15,0.26873072046327273,0.002683702850520539,1.0
20241206,GOLD_USD,2636.5,-0.4775116546816949,-0.004786553839965321,1.0
20241209,GOLD_USD,2655.85,0.7339275554712588,0.00731247412736155,3.0
20241210,GOLD_USD,2670.45,0.5497298416702767,0.005482243421095241,1.0
20241211,GOLD_USD,2697.45,1.011065550749879,0.010059884760334287,1.0
20241212,GOLD_USD,2713.6,0.5987135998813731,0.005969284318268391,1.0
20241213,GOLD_USD,2669.55,-1.6233048349056478,-0.016366247733479486,1.0
20241216,GOLD_USD,2660.95,-0.322151673503035,-0.0032267169915464336,3.0
20241217,GOLD_USD,2641.6,-0.7271839004866609,-0.007298407706694354,1.0
20241218,GOLD_USD,2648.35,0.2555269533615956,0.00255201038324571,1.0
20241219,GOLD_USD,2621.3,-1.0213906772141068,-0.010266426646042248,1.0
20241220,GOLD_USD,2606.15,-0.5779575020028238,-0.005796341396632362,1.0
20241223,GOLD_USD,2620.55,0.5525391861558315,0.005510182881940894,3.0
20241224,GOLD_USD,2613.75,-0.259487512163481,-0.0025982476455321526,1.0
20241227,GOLD_USD,2625.55,0.45145863223339244,0.004504426145356898,3.0
20241230,GOLD_USD,2610.3,-0.5808306830949683,-0.005825240648111669,3.0
20241231,GOLD_USD,2610.85,0.02107037505265641,0.00021068155560896796,1.0
20250102,GOLD_USD,2644.6,1.2926824597353281,0.012843986327024824,2.0
20250103,GOLD_USD,2654.3,0.3667851470922079,0.00366114130663431,1.0
20250106,GOLD_USD,2631.8,-0.8476811211995616,-0.008512943713316373,3.0
20250107,GOLD_USD,2644.4,0.4787597841781288,0.00477617374338285,1.0
20250108,GOLD_USD,2653.45,0.34223264256540986,0.00341648359349658,1.0
20250109,GOLD_USD,2666.35,0.48615952816144503,0.004849815889603999,1.0
20250110,GOLD_USD,2679.45,0.4913083428657039,0.004901053620479277,1.0
20250113,GOLD_USD,2679.8,0.013062382205308865,0.0001306152915044986,3.0
20250114,GOLD_USD,2666.4,-0.5000373162176275,-0.005012916860977699,1.0
20250115,GOLD_USD,2686.6,0.7575757575757569,0.007547205635382904,1.0
20250116,GOLD_USD,2707.45,0.7760738479863027,0.007730778855028333,1.0
20250117,GOLD_USD,2705.1,-0.08679754012077545,-0.0008683523099704444,1.0
20250120,GOLD_USD,2707.5,0.08872130420316537,0.0008868197011749107,3.0
20250121,GOLD_USD,2721.4,0.5133887349953792,0.005120753881612352,1.0
20250122,GOLD_USD,2760.15,1.4238994635114244,0.014138572303734944,1.0
20250123,GOLD_USD,2747.2,-0.4691773997790083,-0.004702814917282072,1.0
20250124,GOLD_USD,2771.05,0.8681566686080444,0.008644098584402817,1.0
20250127,GOLD_USD,2767.1,-0.1425452445823927,-0.001426469369660842,3.0
20250128,GOLD_USD,2743.7,-0.8456506812186126,-0.008492465935141039,1.0
20250129,GOLD_USD,2759.4,0.5722199948974049,0.0057058903511209924,1.0
20250130,GOLD_USD,2778.15,0.6794955425092342,0.00677197376298717,1.0
20250131,GOLD_USD,2791.5,0.48053560822849395,0.004793847213494733,1.0
20250203,GOLD_USD,2794.15,0.09493104065914082,0.0009488600964342552,3.0
20250204,GOLD_USD,2813.2,0.6817815793711768,0.006794679587013674,1.0
20250205,GOLD_USD,2873.8,2.154130527513165,0.02131257036124318,1.0
20250206,GOLD_USD,2861.2,-0.4384438722249362,-0.004394078560877563,1.0
20250207,GOLD_USD,2866.45,0.18348944498811637,0.0018332130874942172,1.0
20250210,GOLD_USD,2895.55,1.0151930087739292,0.010100745369782324,3.0
20250211,GOLD_USD,2906.85,0.3902540104643304,0.003894944948862891,1.0
20250212,GOLD_USD,2883.35,-0.8084352477768064,-0.008117208052438174,1.0
20250213,GOLD_USD,2917.45,1.1826521233981202,0.011757134465341748,1.0
20250214,GOLD_USD,2938.05,0.7060960770536084,0.007036148915590204,1.0
20250217,GOLD_USD,2898.2,-1.3563417913241893,-0.013656241357038214,3.0
20250218,GOLD_USD,2908.85,0.3674694638051257,0.0036679594425249374,1.0
20250219,GOLD_USD,2944.4,1.2221324578441717,0.012147247130202267,1.0
20250220,GOLD_USD,2953.05,0.293778019290869,0.0029334733496551744,1.0
20250221,GOLD_USD,2929.7,-0.790707912158628,-0.007938505843710872,1.0
20250224,GOLD_USD,2940.6,0.3720517459125494,0.003713613453061631,3.0
20250225,GOLD_USD,2942.05,0.049309664694296984,0.0004929751147411296,1.0
20250226,GOLD_USD,2913.55,-0.9687122924491476,-0.009734348332808323,1.0
20250227,GOLD_USD,2891.65,-0.7516603456264703,-0.007544995483910188,1.0
20250228,GOLD_USD,2861.4,-1.0461155395708355,-0.010516257909345685,1.0
20250303,GOLD_USD,2868.25,0.2393933039770646,0.0023910721470186127,3.0
20250304,GOLD_USD,2911.6,1.511374531508758,0.015000670564850459,1.0
20250305,GOLD_USD,2917.7,0.2095068003846734,0.0020928764093688496,1.0
20250306,GOLD_USD,2901.65,-0.5500908249648551,-0.005516093961175312,1.0
20250307,GOLD_USD,2918.5,0.580704082160155,0.005790244951549579,1.0
20250310,GOLD_USD,2902.1,-0.5619324995717045,-0.005635172799612739,3.0
20250311,GOLD_USD,2913.45,0.39109610282208607,0.0039033331020184056,1.0
20250312,GOLD_USD,2913.6,0.005148535241716878,5.1484027091901724e-05,1.0
20250313,GOLD_USD,2944.65,1.0656919275123578,0.010600534548808575,1.0
20250314,GOLD_USD,2999.85,1.8745861137996034,0.018572322878053018,1.0
20250317,GOLD_USD,2996.15,-0.12333950030833929,-0.0012341562607188306,3.0
20250318,GOLD_USD,3021.7,0.8527610433389343,0.008491455760112402,1.0
20250319,GOLD_USD,3034.0,0.4070556309362372,0.004062294008878926,1.0
20250320,GOLD_USD,3026.2,-0.2570863546473401,-0.002574173891007266,1.0
20250321,GOLD_USD,3031.3,0.16852818716543982,0.001683863377645474,1.0
20250324,GOLD_USD,3030.25,-0.03463860389932849,-0.0003464460444944016,3.0
20250325,GOLD_USD,3021.35,-0.2937051398399504,-0.002941372997771899,1.0
20250326,GOLD_USD,3021.85,0.0165488937064584,0.00016547524528097695,1.0
20250327,GOLD_USD,3051.7,0.9878054833959204,0.009829585775615391,1.0
20250328,GOLD_USD,3070.4,0.6127732083756721,0.006109033879689593,1.0
20250331,GOLD_USD,3120.2,1.6219385096404304,0.0160892560597135,3.0
20250401,GOLD_USD,3131.5,0.36215627203384226,0.0036150206523184888,1.0
20250402,GOLD_USD,3127.05,-0.14210442280057078,-0.0014220548689117662,1.0
20250403,GOLD_USD,3128.15,0.035176923937885185,0.00035170738308563427,1.0
20250404,GOLD_USD,3090.3,-1.2099803398174624,-0.01217360192188407,1.0
20250407,GOLD_USD,3025.1,-2.1098275248357834,-0.02132402478797469,3.0
20250408,GOLD_USD,3002.7,-0.7404713893755632,-0.007432264876700003,1.0
20250409,GOLD_USD,3044.7,1.3987411329803079,0.01389049022979924,1.0
20250410,GOLD_USD,3106.65,2.0346832200216936,0.020142601067387585,1.0
20250411,GOLD_USD,3213.75,3.4474433875718136,0.03389350438982956,1.0
20250414,GOLD_USD,3220.65,0.21470245040839941,0.0021447229407266307,3.0
20250415,GOLD_USD,3227.35,0.20803254001520166,0.0020781645196375387,1.0
20250416,GOLD_USD,3304.4,2.387407625451221,0.023593546647886668,1.0
20250417,GOLD_USD,3324.35,0.6037404672557756,0.006019252569388937,1.0
20250422,GOLD_USD,3454.7,3.9210672763096532,0.03846145649385565,5.0
20250423,GOLD_USD,3332.85,-3.5270790517266337,-0.035907828957038146,1.0
20250424,GOLD_USD,3331.05,-0.054007831135505224,-0.0005402242061783684,1.0
20250425,GOLD_USD,3299.35,-0.9516518815388619,-0.009562090231854855,1.0
20250428,GOLD_USD,3278.65,-0.6273963053328613,-0.006293727068692722,3.0
20250429,GOLD_USD,3314.95,1.1071630091653573,0.011010788262123832,1.0
20250430,GOLD_USD,3284.3,-0.9245991643916041,-0.009289001140232057,1.0
20250501,GOLD_USD,3225.75,-1.782723868099756,-0.017988058077767013,1.0
20250502,GOLD_USD,3263.05,1.1563202356041247,0.01149685946606058,1.0
20250506,GOLD_USD,3377.35,3.5028577557806306,0.034429037503113755,4.0
20250507,GOLD_USD,3375.75,-0.04737442077368259,-0.000473856459977974,1.0
20250508,GOLD_USD,3341.1,-1.0264385692068445,-0.0103174277739876,1.0
20250509,GOLD_USD,3324.45,-0.4983388704318914,-0.004995847193371666,1.0
20250512,GOLD_USD,3222.6,-3.063664666335786,-0.031115759734323838,3.0
20250513,GOLD_USD,3254.1,0.9774716067771472,0.009727252574812984,1.0
20250514,GOLD_USD,3230.95,-0.7114102209520357,-0.007139528094636679,1.0
20250515,GOLD_USD,3171.35,-1.8446586917160612,-0.018618846896262017,1.0
20250516,GOLD_USD,3210.05,1.2203005029403968,0.012129148603356567,1.0
20250519,GOLD_USD,3239.05,0.9034127194280428,0.008993563588672095,3.0
20250520,GOLD_USD,3238.45,-0.01852394992359896,-0.00018525665819107173,1.0
20250521,GOLD_USD,3310.25,2.217110037209169,0.02192889496264574,1.0
20250522,GOLD_USD,3305.9,-0.1314100143493646,-0.001314964330255475,1.0
20250523,GOLD_USD,3330.1,0.7320245621464494,0.0072935826640163695,1.0
20250527,GOLD_USD,3295.75,-1.0315005555388668,-0.010368573915547841,4.0
20250528,GOLD_USD,3321.65,0.7858605780171501,0.007827887766653023,1.0
20250529,GOLD_USD,3278.9,-1.2870109734619883,-0.01295364712790539,1.0
20250530,GOLD_USD,3293.55,0.44679618164629176,0.004458010106628664,1.0
20250602,GOLD_USD,3345.1,1.5651804284130932,0.015530578098233829,3.0
20250603,GOLD_USD,3358.2,0.3916175899076224,0.003908527643679353,1.0
20250604,GOLD_USD,3363.1,0.1459115002084399,0.0014580515281512369,1.0
20250605,GOLD_USD,3385.6,0.6690256013796692,0.006667975570405269,1.0
20250606,GOLD_USD,3356.05,-0.8728142722117083,-0.008766456058897625,1.0
20250609,GOLD_USD,3317.8,-1.1397327215029618,-0.011462774506853178,3.0
20250610,GOLD_USD,3327.65,0.29688347700282947,0.0029644364831235386,1.0
20250611,GOLD_USD,3338.1,0.3140354304088433,0.003135433690466212,1.0
20250612,GOLD_USD,3360.45,0.669542554147573,0.006673110729283577,1.0
20250613,GOLD_USD,3420.2,1.7780356797452823,0.017624135317905458,1.0
20250616,GOLD_USD,3417.3,-0.08479036313664423,-0.0008482633049772306,3.0
20250617,GOLD_USD,3380.55,-1.0754104117285612,-0.01081234744119175,1.0
20250618,GOLD_USD,3381.35,0.023664788274091464,0.00023661988604753014,1.0
20250619,GOLD_USD,3370.45,-0.3223564552619518,-0.003228771429645878,1.0
20250620,GOLD_USD,3355.15,-0.453945318874327,-0.00454978779386704,1.0
20250623,GOLD_USD,3363.0,0.23396867502198937,0.0023369539449507744,3.0
20250624,GOLD_USD,3319.5,-1.2934879571810831,-0.013019263581055509,1.0
20250625,GOLD_USD,3322.4,0.08736255460159992,0.0008732441573297756,1.0
20250626,GOLD_USD,3340.2,0.5357572838911473,0.0053432721009731435,1.0
20250627,GOLD_USD,3286.25,-1.6151727441470531,-0.016283588373426076,1.0
20250630,GOLD_USD,3277.25,-0.27386839102320204,-0.00274244096617235,3.0
20250701,GOLD_USD,3343.15,2.0108322526508626,0.019908820212912952,1.0
20250702,GOLD_USD,3338.5,-0.13909037883433895,-0.0013918719929080065,1.0
20250703,GOLD_USD,3350.0,0.34446607757974146,0.0034387415211885224,1.0
20250704,GOLD_USD,3333.7,-0.48656716417910806,-0.004877547560595479,1.0
20250707,GOLD_USD,3306.0,-0.8309086000539923,-0.008343798877547168,3.0
20250708,GOLD_USD,3322.25,0.4915305505142076,0.004903264830647541,1.0
20250709,GOLD_USD,3288.05,-1.029422830912785,-0.01034758033851692,1.0
20250710,GOLD_USD,3326.05,1.1557001870409422,0.011490729839537262,1.0
20250711,GOLD_USD,3336.05,0.3006569354038646,0.0030020586632731297,1.0
20250714,GOLD_USD,3363.55,0.8243281725393903,0.008209491446778962,3.0
20250715,GOLD_USD,3359.5,-0.12040849697493305,-0.0012048104624849238,1.0
20250716,GOLD_USD,3339.4,-0.5983033189462694,-0.006001003245347933,1.0
20250717,GOLD_USD,3329.3,-0.3024495418338602,-0.003029078447840384,1.0
20250718,GOLD_USD,3351.6,0.6698104706694963,0.0066757720721149555,1.0
20250721,GOLD_USD,3362.6,0.3282014560210156,0.003276640505696539,3.0
20250722,GOLD_USD,3385.6,0.6839945280437743,0.00681665897909772,1.0
20250723,GOLD_USD,3430.15,1.3158672022684392,0.013072848758279437,1.0
20250724,GOLD_USD,3361.55,-1.9999125402679119,-0.020201814871671882,1.0
20250725,GOLD_USD,3346.6,-0.4447353155538458,-0.004457272050059841,1.0
20250728,GOLD_USD,3338.2,-0.25100101595649793,-0.002513165516156155,3.0
20250729,GOLD_USD,3325.0,-0.3954226828829843,-0.0039620654543625275,1.0
20250730,GOLD_USD,3331.7,0.2015037593984914,0.002013010128887731,1.0
20250731,GOLD_USD,3306.8,-0.7473662094426126,-0.007501729840321604,1.0
20250801,GOLD_USD,3294.9,-0.3598645215918794,-0.0036051359161107218,1.0
20250804,GOLD_USD,3359.05,1.9469483140611255,0.01928237742165097,3.0
20250805,GOLD_USD,3363.25,0.12503535225731888,0.0012495724815912534,1.0
20250806,GOLD_USD,3362.7,-0.016353229762888777,-0.00016354567049302167,1.0
20250807,GOLD_USD,3375.95,0.39402860796384775,0.003932543484472725,1.0
20250808,GOLD_USD,3397.1,0.6264903212429118,0.006245360286851832,1.0
20250811,GOLD_USD,3358.1,-1.1480380324394357,-0.01154678864166952,3.0
20250812,GOLD_USD,3347.55,-0.31416574848872614,-0.003146602851244522,1.0
20250813,GOLD_USD,3362.05,0.43315260414333867,0.0043221719843431865,1.0
20250814,GOLD_USD,3356.7,-0.15912910277956493,-0.0015925584761277806,1.0
20250815,GOLD_USD,3344.35,-0.36792087466857026,-0.003685993682429027,1.0
20250818,GOLD_USD,3348.45,0.12259482410632572,0.0012251973801334778,3.0
20250819,GOLD_USD,3337.9,-0.3150711523241978,-0.0031556854651785165,1.0
20250820,GOLD_USD,3327.25,-0.3190628838491305,-0.0031957297476455098,1.0
20250821,GOLD_USD,3339.7,0.37418288376285247,0.003734845610708966,1.0
20250822,GOLD_USD,3328.4,-0.33835374434828536,-0.0033892745510997082,1.0
20250826,GOLD_USD,3372.9,1.3369787285182122,0.013281200397548841,4.0
20250827,GOLD_USD,3381.9,0.26683269589966585,0.002664773294771639,1.0
20250828,GOLD_USD,3397.85,0.47162837458232243,0.004705196925033376,1.0
20250829,GOLD_USD,3407.5,0.2840031196197579,0.0028360059270588515,1.0
20250901,GOLD_USD,3468.8,1.7989728539985483,0.017829828234584857,3.0
20250902,GOLD_USD,3478.0,0.2652214022140109,0.0026487031089558466,1.0
20250903,GOLD_USD,3536.9,1.6935020126509492,0.016793221344219764,1.0
20250904,GOLD_USD,3539.45,0.0720970341259175,0.0007207105669948819,1.0
20250905,GOLD_USD,3548.6,0.25851474099083394,0.0025818116640359485,1.0
20250908,GOLD_USD,3610.5,1.7443498844614824,0.017293107401757348,3.0
20250909,GOLD_USD,3654.1,1.2075889765960302,0.012003557940985314,1.0
20250910,GOLD_USD,3646.4,-0.21072220245751394,-0.00210944534080193,1.0
20250911,GOLD_USD,3617.95,-0.7802215884159747,-0.007832812421612765,1.0
20250912,GOLD_USD,3645.35,0.7573349548777752,0.007544815711013234,1.0
20250915,GOLD_USD,3638.2,-0.1961402883125074,-0.0019633289527044096,3.0
20250916,GOLD_USD,3695.4,1.5722060359518508,0.015599749092936877,1.0
20250917,GOLD_USD,3669.7,-0.6954592195702824,-0.006978888082858653,1.0
20250918,GOLD_USD,3672.45,0.07493800583153742,0.0007490994132772518,1.0
20250919,GOLD_USD,3657.85,-0.39755476589197203,-0.0039834711556451805,1.0
20250922,GOLD_USD,3721.25,1.7332586081988177,0.01718409023416026,3.0
20250923,GOLD_USD,3788.4,1.8045011756802065,0.017884133021960055,1.0
20250924,GOLD_USD,3768.05,-0.5371660859465721,-0.00538614010466765,1.0
20250925,GOLD_USD,3752.4,-0.41533419142527617,-0.0041619909954827335,1.0
20250926,GOLD_USD,3748.75,-0.0972710798422316,-0.0009731841885770398,1.0
20250929,GOLD_USD,3812.85,1.7099033011003684,0.016954489917473652,3.0
20250930,GOLD_USD,3806.55,-0.16523073291631052,-0.0016536738944494549,1.0
20251001,GOLD_USD,3886.1,2.0898188648513782,0.020682816921999955,1.0
20251002,GOLD_USD,3877.5,-0.2213015619773051,-0.0022154679575489534,1.0
20251003,GOLD_USD,3860.7,-0.4332688588007838,-0.004342101882965125,1.0
20251006,GOLD_USD,3941.95,2.1045406273473732,0.0208270105477016,3.0
20251007,GOLD_USD,3962.3,0.5162419614657798,0.005149140010171683,1.0
20251008,GOLD_USD,4034.75,1.8284834565782448,0.018119677190329714,1.0
20251009,GOLD_USD,4040.6,0.14499039593531826,0.001448853863510376,1.0
20251010,GOLD_USD,3998.05,-1.0530614265208071,-0.010586453544172668,1.0
20251013,GOLD_USD,4070.9,1.8221382924175522,0.018057362976817846,3.0
20251014,GOLD_USD,4143.8,1.7907588002652908,0.017749136014294852,1.0
20251015,GOLD_USD,4191.25,1.1450842222114899,0.011385777554056046,1.0
20251016,GOLD_USD,4225.55,0.8183716075156555,0.00815041105327139,1.0
20251017,GOLD_USD,4338.25,2.667108423755482,0.02632161113690343,1.0
20251020,GOLD_USD,4252.75,-1.9708407768109226,-0.019905208480920953,3.0
20251021,GOLD_USD,4275.1,0.5255422961613077,0.005241661420449699,1.0
20251022,GOLD_USD,4081.5,-4.528549039788555,-0.04634292601873134,1.0
20251023,GOLD_USD,4125.7,1.0829351953938415,0.010771134450165521,1.0
20251024,GOLD_USD,4069.65,-1.3585573357248415,-0.01367870168872005,1.0
20251027,GOLD_USD,4029.7,-0.9816568992419561,-0.00986506917039242,3.0
20251028,GOLD_USD,3910.2,-2.965481301337569,-0.030103407916074142,1.0
20251029,GOLD_USD,4024.5,2.92312413687279,0.02881215596739879,1.0
20251030,GOLD_USD,3986.4,-0.9467014535967211,-0.009512111566593722,1.0
20251031,GOLD_USD,4013.2,0.6722857716235042,0.006700360084262737,1.0
20251103,GOLD_USD,3994.15,-0.4746835443037889,-0.0047581374464168115,3.0
20251104,GOLD_USD,3992.7,-0.03630309327391501,-0.0003630968444206817,1.0
20251105,GOLD_USD,3964.85,-0.6975229794374704,-0.006999670428720471,1.0
20251106,GOLD_USD,4004.3,0.9949935054289538,0.009900760371393378,1.0
20251107,GOLD_USD,4006.4,0.05244362310516948,0.000524298762431725,1.0
20251110,GOLD_USD,4077.6,1.777156549520753,0.017615497560107125,3.0
20251111,GOLD_USD,4137.5,1.4690013733568819,0.014583160659486434,1.0
20251112,GOLD_USD,4120.1,-0.4205438066465117,-0.004214305791642388,1.0
20251113,GOLD_USD,4234.3,2.771777384044083,0.02734059027450611,1.0
20251114,GOLD_USD,4161.2,-1.7263774413716626,-0.017414530971441782,1.0
20251117,GOLD_USD,4083.2,-1.8744592905892477,-0.01892249948632405,3.0
20251118,GOLD_USD,4041.05,-1.0322786050156685,-0.010376435533532725,1.0
20251119,GOLD_USD,4110.65,1.722324643347628,0.01707660766045082,1.0
20251120,GOLD_USD,4062.55,-1.1701312444503786,-0.011770311582772535,1.0
20251121,GOLD_USD,4034.3,-0.6953760569100687,-0.006978050632478862,1.0
20251124,GOLD_USD,4067.95,0.834097612968776,0.008306382418718014,3.0
20251125,GOLD_USD,4130.15,1.5290256763234478,0.015174538867327095,1.0
20251126,GOLD_USD,4155.95,0.6246746486205046,0.006227316439774194,1.0
20251127,GOLD_USD,4154.0,-0.04692067998892657,-0.0004693169118446628,1.0
20251128,GOLD_USD,4159.4,0.1299951853634962,0.0012991076477628688,1.0
20251201,GOLD_USD,4254.1,2.276770688080032,0.022512390687329232,3.0
20251202,GOLD_USD,4185.7,-1.6078606520768313,-0.016209269796411817,1.0
20251203,GOLD_USD,4200.9,0.3631411711302768,0.0036248340551031702,1.0
20251204,GOLD_USD,4199.5,-0.03332619200646647,-0.0003333174641591778,1.0
20251205,GOLD_USD,4224.05,0.5845934039766743,0.005828912871569649,1.0
20251208,GOLD_USD,4204.15,-0.47111184763438674,-0.004722250772464677,3.0
20251209,GOLD_USD,4204.85,0.0166502146688563,0.00016648828674458932,1.0
20251210,GOLD_USD,4191.4,-0.319868723022243,-0.003203813965688802,1.0
20251211,GOLD_USD,4213.55,0.5284630433745496,0.005270715775358123,1.0
20251212,GOLD_USD,4319.5,2.5145067698259194,0.024834132037738394,1.0
20251215,GOLD_USD,4337.5,0.4167148975575907,0.004158490456175804,3.0
20251216,GOLD_USD,4276.25,-1.412103746397697,-0.014221687963300225,1.0
20251217,GOLD_USD,4314.85,0.9026600409237195,0.00898610416493889,1.0
20251218,GOLD_USD,4321.6,0.15643649257794934,0.0015631425815978504,1.0
20251219,GOLD_USD,4327.55,0.13768048870788085,0.001375857960286242,1.0
20251222,GOLD_USD,4406.1,1.815114787812977,0.01798838242928912,3.0
20251223,GOLD_USD,4481.85,1.7192074623817,0.01704596317076469,1.0
20251224,GOLD_USD,4480.8,-0.023427825563104854,-0.00023430570306855485,1.0
20251229,GOLD_USD,4457.75,-0.5144170683806459,-0.0051574474814665185,5.0
20251230,GOLD_USD,4389.45,-1.5321630867590197,-0.015440219931768397,1.0
20251231,GOLD_USD,4307.95,-1.8567246465958198,-0.01874178158729705,1.0
20260102,GOLD_USD,4386.85,1.8314975800554967,0.018149276755861737,2.0
20260105,GOLD_USD,4436.7,1.136350684431875,0.011299427189880784,3.0
20260106,GOLD_USD,4452.75,0.3617553587125677,0.003611025978061516,1.0
20260107,GOLD_USD,4459.55,0.15271461456403124,0.0015259812437980046,1.0
20260108,GOLD_USD,4432.1,-0.6155329573611645,-0.006174351713222078,1.0
20260109,GOLD_USD,4471.2,0.8822003113648114,0.00878331660601795,1.0
20260112,GOLD_USD,4587.7,2.6055645016997753,0.025721980187272803,3.0
20260113,GOLD_USD,4582.8,-0.10680733265033826,-0.0010686441232901876,1.0
20260114,GOLD_USD,4633.0,1.0954001920223444,0.010894441397177535,1.0
20260115,GOLD_USD,4611.1,-0.4726958774012413,-0.004738166175535383,1.0
20260116,GOLD_USD,4607.25,-0.08349417709441198,-0.0008352905289664939,1.0
20260119,GOLD_USD,4664.95,1.2523739757990038,0.012445966398246237,3.0
20260120,GOLD_USD,4723.95,1.2647509619610142,0.012568197900211558,1.0
20260121,GOLD_USD,4860.75,2.895881624487995,0.0285474329653309,1.0
20260122,GOLD_USD,4825.55,-0.7241680810574413,-0.007268029061868012,1.0
20260123,GOLD_USD,4926.2,2.0857726062314175,0.020643181835441986,1.0
20260126,GOLD_USD,5093.55,3.3971418131622855,0.03340713366513972,3.0
20260127,GOLD_USD,5088.1,-0.10699806618174046,-0.001070553499779219,1.0
20260128,GOLD_USD,5277.8,3.7283072266661277,0.03660486428909527,1.0
20260129,GOLD_USD,5501.7,4.242297927166616,0.04154779116693429,1.0
20260130,GOLD_USD,5063.45,-7.965719686642315,-0.0830090662399866,1.0
20260202,GOLD_USD,4685.45,-7.465265777286234,-0.07758610684369247,3.0
20260203,GOLD_USD,4923.65,5.083823325400982,0.04958816306837043,1.0
20260204,GOLD_USD,5051.75,2.6017283925543033,0.025684592538015177,1.0
20260205,GOLD_USD,4859.1,-3.813529964863649,-0.03888148233314477,1.0
20260206,GOLD_USD,4870.1,0.22637937066534164,0.002261235186260961,1.0
20260209,GOLD_USD,4992.5,2.513295414878547,0.024822315543248586,3.0
20260210,GOLD_USD,5047.95,1.1106659989984946,0.011045433969188034,1.0
20260211,GOLD_USD,5070.3,0.4427539892431609,0.004417767173133739,1.0
20260212,GOLD_USD,5063.25,-0.13904502692149157,-0.001391417842202579,1.0
20260213,GOLD_USD,4969.3,-1.855527576161553,-0.018729584489436006,1.0
20260216,GOLD_USD,5005.4,0.72646046726903,0.007238344535148065,3.0
20260217,GOLD_USD,4922.3,-1.660206976465406,-0.016741428709232137,1.0
20260218,GOLD_USD,4916.85,-0.11072059809438262,-0.001107819386305136,1.0
20260219,GOLD_USD,4991.05,1.5090962709864986,0.01497822691162328,1.0
20260220,GOLD_USD,5032.3,0.826479398122637,0.008230827593251618,1.0
20260223,GOLD_USD,5147.55,2.2902052739304013,0.022643737262762583,3.0
20260224,GOLD_USD,5167.25,0.3827063360239302,0.0038197587840433835,1.0
20260225,GOLD_USD,5171.75,0.0870869417968878,0.000870490431213324,1.0
20260226,GOLD_USD,5174.75,0.05800744428867688,0.0005799062647412101,1.0
20260227,GOLD_USD,5174.1,-0.012560993284693733,-0.0001256178224352329,1.0
20260302,GOLD_USD,5390.45,4.181403529116157,0.0409634583932847,3.0
20260303,GOLD_USD,5267.6,-2.279030507657054,-0.02305401852268437,1.0
20260304,GOLD_USD,5183.7,-1.5927557141772408,-0.016055763848879353,1.0
20260305,GOLD_USD,5153.75,-0.5777726334471489,-0.005794481966075969,1.0
20260306,GOLD_USD,5087.75,-1.2806209071064778,-0.012888915428451971,1.0
20260309,GOLD_USD,5094.55,0.1336543658788214,0.0013356512793598367,3.0
20260310,GOLD_USD,5173.95,1.55852823114897,0.01546507912413179,1.0
20260311,GOLD_USD,5183.6,0.18651127281865687,0.0018633755651100696,1.0
20260312,GOLD_USD,5181.65,-0.03761864341386145,-0.0003762572100057334,1.0
20260313,GOLD_USD,5082.85,-1.9067285517161414,-0.019251410471595672,1.0
20260316,GOLD_USD,4986.9,-1.8877204717825724,-0.019057653670134823,3.0
20260317,GOLD_USD,5005.85,0.3799955884417283,0.003792754290117151,1.0
20260318,GOLD_USD,4983.25,-0.4514717780197297,-0.004524939896765507,1.0
20260319,GOLD_USD,4682.85,-6.028194451412228,-0.06217538968184817,1.0
20260320,GOLD_USD,4650.7,-0.6865477220069138,-0.0068891530348690454,1.0
20260323,GOLD_USD,4263.55,-8.32455329305265,-0.08691559931884986,3.0
20260324,GOLD_USD,4419.4,3.6554045337805263,0.035901793683696455,1.0
20260325,GOLD_USD,4555.75,3.085260442594029,0.03038623111516014,1.0
20260326,GOLD_USD,4442.8,-2.479284420786909,-0.0251053630731995,1.0
20260327,GOLD_USD,4429.85,-0.2914828486540011,-0.002919084872194617,1.0
20260330,GOLD_USD,4528.05,2.2167793491878918,0.02192565980410847,3.0
20260331,GOLD_USD,4553.95,0.5719901502854396,0.0057036049797270115,1.0
20260401,GOLD_USD,4719.7,3.639697405549036,0.03575025003298205,1.0
20260402,GOLD_USD,4625.65,-1.9927114011483837,-0.020128336625418373,1.0
20260407,GOLD_USD,4682.5,1.2290164625512245,0.012215253706074186,5.0
20260408,GOLD_USD,4798.05,2.46769887880407,0.024377430035851737,1.0
20260409,GOLD_USD,4729.05,-1.4380842217150747,-0.01448524870627033,1.0
20260410,GOLD_USD,4748.35,0.4081157949270997,0.004072852613424039,1.0
20260413,GOLD_USD,4716.75,-0.6654943296092397,-0.00667718616952657,3.0
20260414,GOLD_USD,4771.85,1.168177240684809,0.011614067270771898,1.0
20260415,GOLD_USD,4798.15,0.5511489254691471,0.00549635657472832,1.0
20260416,GOLD_USD,4812.95,0.3084522159582326,0.00307977478086388,1.0
20260417,GOLD_USD,4795.85,-0.35529145326669287,-0.003559241123173911,1.0
20260420,GOLD_USD,4784.1,-0.24500349260297982,-0.0024530411728762016,3.0
20260421,GOLD_USD,4782.9,-0.02508308772811718,-0.00025086234060709637,1.0
20260422,GOLD_USD,4756.15,-0.5592841163310935,-0.005608539659609537,1.0
20260423,GOLD_USD,4700.9,-1.1616538586882275,-0.01168453769371534,1.0
20260424,GOLD_USD,4679.8,-0.4488502201705935,-0.0044986057723149,1.0
20260427,GOLD_USD,4701.6,0.4658318731569855,0.004647502342651394,3.0
20260428,GOLD_USD,4610.75,-1.93232091202995,-0.019512342735525386,1.0
20260429,GOLD_USD,4565.3,-0.9857398470964562,-0.009906304278026173,1.0
20260430,GOLD_USD,4625.8,1.3252141151731456,0.013165099676509516,1.0
20260501,GOLD_USD,4568.3,-1.2430282329543019,-0.012508184526320347,1.0
20260505,GOLD_USD,4554.15,-0.30974323052339603,-0.003102239277423728,4.0
20260506,GOLD_USD,4699.3,3.187202880888873,0.031374656278189826,1.0
20260507,GOLD_USD,4734.15,0.7415998127380474,0.007388634814177629,1.0
20260508,GOLD_USD,4710.1,-0.5080109417741174,-0.005093057042436849,1.0
20260511,GOLD_USD,4651.65,-1.2409502982951737,-0.012487143856872338,3.0
20260512,GOLD_USD,4698.65,1.010394161211603,0.010053238045284948,1.0
20260513,GOLD_USD,4686.75,-0.2532642354718839,-0.002535854918697372,1.0
20260514,GOLD_USD,4690.15,0.0725449405237999,0.0007251863940114239,1.0
20260515,GOLD_USD,4553.35,-2.9167510633988147,-0.0296013390992315,1.0
20260518,GOLD_USD,4541.4,-0.26244413453831994,-0.0026278912289041246,3.0
20260519,GOLD_USD,4541.0,-0.00880785660808403,-8.808244522552308e-05,1.0
20260520,GOLD_USD,4474.3,-1.4688394626734214,-0.014797337205601736,1.0
20260521,GOLD_USD,4537.7,1.4169814272623649,0.014070360844374668,1.0
20260522,GOLD_USD,4515.1,-0.498049672741685,-0.0049929407366688,1.0
20260526,GOLD_USD,4516.85,0.03875883147659298,0.00038751322181786445,4.0
20260527,GOLD_USD,4487.45,-0.6508960890886484,-0.006530236548693479,1.0
20260528,GOLD_USD,4391.9,-2.129271635338559,-0.021522676413332987,1.0
20260529,GOLD_USD,4525.75,3.047655912019853,0.03002137399620641,1.0
20260601,GOLD_USD,4490.4,-0.7810860078440118,-0.007841524628063753,3.0
20260602,GOLD_USD,4523.8,0.7438090147871224,0.007410563965891583,1.0
20260603,GOLD_USD,4441.25,-1.824793315354356,-0.018416480258644168,1.0
20260604,GOLD_USD,4464.95,0.5336335491134214,0.005322147704375466,1.0
20260605,GOLD_USD,4463.1,-0.04143383464538797,-0.00041442420830460803,1.0
20260608,GOLD_USD,4280.6,-4.089086061257873,-0.04175040516484474,3.0
20260609,GOLD_USD,4326.75,1.078119889735074,0.010723496138645526,1.0
20260610,GOLD_USD,4166.4,-3.7060149072629667,-0.03776432923091318,1.0
20260611,GOLD_USD,4079.85,-2.0773329493087522,-0.02099213055770871,1.0
20260612,GOLD_USD,4223.05,3.5099329632216847,0.03449739277159002,1.0
20260615,GOLD_USD,4337.55,2.7113105456956443,0.026752056778119808,3.0
20260616,GOLD_USD,4343.3,0.13256331339119853,0.0013247552580510306,1.0
20260617,GOLD_USD,4331.85,-0.26362443303478145,-0.0026397253416425613,1.0
20260618,GOLD_USD,4264.9,-1.5455290464813087,-0.015575968490553906,1.0
20260619,GOLD_USD,4164.55,-2.3529273839949183,-0.023810507445483693,1.0
20260622,GOLD_USD,4207.75,1.0373269620967518,0.01031983645970836,3.0
20260623,GOLD_USD,4112.75,-2.257738696452971,-0.022836158506745814,1.0
20260624,GOLD_USD,4069.55,-1.0503920734301841,-0.01055947628622659,1.0
20260625,GOLD_USD,3994.5,-1.844184246415459,-0.018614013291206613,1.0
20260626,GOLD_USD,4047.95,1.3380898735761537,0.013292165190264753,1.0
20260629,GOLD_USD,4042.85,-0.12598969848935937,-0.0012606913223588802,3.0
20260630,GOLD_USD,4016.7,-0.6468209307790351,-0.006489218818559074,1.0
20260701,GOLD_USD,3978.55,-0.9497846490900352,-0.009543238682240558,1.0
20260702,GOLD_USD,4064.2,2.152794359754173,0.02129949035663983,1.0
20260703,GOLD_USD,4171.25,2.6339747059692,0.025998829419740993,1.0
20260706,GOLD_USD,4137.55,-0.807911297572661,-0.008111925861138413,3.0
20260707,GOLD_USD,4124.15,-0.32386315573227353,-0.00324388727512832,1.0
20260708,GOLD_USD,4055.4,-1.6670101717929597,-0.016810611594953503,1.0
20260709,GOLD_USD,4107.05,1.2736104946491134,0.012655682884587198,1.0
20260710,GOLD_USD,4102.2,-0.11808962637417375,-0.0011815940711474647,1.0
20260713,GOLD_USD,4070.95,-0.7617863585393181,-0.007647027714844646,3.0
20260714,GOLD_USD,4015.9,-1.3522642135128105,-0.013614905769819854,1.0
20260715,GOLD_USD,4027.35,0.2851166612714451,0.0028471097465592324,1.0
20260716,GOLD_USD,4030.95,0.08938880405229277,0.0008934887605317894,1.0
20260717,GOLD_USD,3998.8,-0.7975787345414709,-0.00800776407720392,1.0
20260720,GOLD_USD,4014.8,0.40012003601079815,0.003993216846619544,3.0
20260721,GOLD_USD,4063.2,1.2055395038357952,0.011983307547389889,1.0
20260722,GOLD_USD,4118.65,1.3646879306950188,0.013554599258111642,1.0
20260723,GOLD_USD,4090.1,-0.6931883019921536,-0.0069560201294422,1.0
20260724,GOLD_USD,4051.85,-0.9351849588029593,-0.00939585268851147,1.0
20260727,GOLD_USD,4091.1,0.9686933129311237,0.009640315604704712,3.0
20260728,GOLD_USD,4037.7,-1.3052724206203736,-0.013138659624118297,1.0
20260729,GOLD_USD,4031.6,-0.1510761076850664,-0.0015119034270567793,1.0
20260730,GOLD_USD,4061.5,0.7416410358170422,0.007389044010285664,1.0
20260731,GOLD_USD,4052.2,-0.22897944109319113,-0.0022924199989576705,1.0
20260803,GOLD_USD,4045.65,-0.16164059029661892,-0.001617713696461173,3.0
20260804,GOLD_USD,4049.2,0.0877485694511293,0.0008771009290069562,1.0
20260805,GOLD_USD,4156.45,2.6486713424874075,0.026142013822575003,1.0
20260806,GOLD_USD,4281.1,2.998953433819729,0.02954864135322109,1.0
20260807,GOLD_USD,4301.85,0.4846885146340796,0.004835176815910301,1.0
20260810,GOLD_USD,4340.5,0.8984506665736802,0.008944386115559557,3.0
20260811,GOLD_USD,4372.2,0.7303306070729043,0.007276766072428703,1.0
20260812,GOLD_USD,4413.2,0.9377430126709774,0.00933373498185961,1.0
20260813,GOLD_USD,4380.45,-0.7420919060998843,-0.007448591066996012,1.0
20260814,GOLD_USD,4349.9,-0.6974169320503654,-0.00699860250641217,1.0
20260817,GOLD_USD,4393.6,1.0046207958803732,0.00999608026090909,3.0
20260818,GOLD_USD,4388.75,-0.11038783685360931,-0.0011044880910099546,1.0
20260819,GOLD_USD,4355.75,-0.7519225291939602,-0.007547637179627292,1.0
20260820,GOLD_USD,4487.6,3.027033231934806,0.029821226367794995,1.0
20260821,GOLD_USD,4581.95,2.1024601123094566,0.02080663401770554,1.0
20260824,GOLD_USD,4634.2,1.140344176606023,0.011338912630132912,3.0
20260825,GOLD_USD,4625.65,-0.1844978637089545,-0.0018466827064788538,1.0
20260826,GOLD_USD,4621.05,-0.09944548333746805,-0.000994949631646046,1.0
20260827,GOLD_USD,4594.95,-0.5648066997760326,-0.00566407764275713,1.0
20260828,GOLD_USD,4602.0,0.1534293082623428,0.0015331172575449414,1.0
20260901,GOLD_USD,4367.25,-5.101043024771834,-0.052357471209972126,4.0
20260902,GOLD_USD,4308.7,-1.3406605987749787,-0.013497285915182915,1.0
20260903,GOLD_USD,4434.25,2.9138719335298324,0.02872225761553959,1.0
20260904,GOLD_USD,4466.25,0.7216552968371204,0.0071906382519237744,1.0
20260907,GOLD_USD,4404.15,-1.3904282115869138,-0.014001852129571777,3.0
20260908,GOLD_USD,4394.65,-0.21570564127016967,-0.0021593862098243004,1.0
20260909,GOLD_USD,4396.5,0.04209664023302473,0.00042087782083331934,1.0
20260910,GOLD_USD,4390.35,-0.13988399863527068,-0.001399819276359633,1.0
20260911,GOLD_USD,4342.45,-1.0910291890168344,-0.01097024559850341,1.0
20260914,GOLD_USD,4286.65,-1.2849888887609517,-0.01293316285313488,3.0
20260915,GOLD_USD,4265.5,-0.4933922760197218,-0.0049461347423093585,1.0
20260916,GOLD_USD,4332.55,1.5719141952877713,0.015596875855318703,1.0
20260917,GOLD_USD,4307.25,-0.583951714348363,-0.005856633791552581,1.0
20260918,GOLD_USD,4387.0,1.851529398107843,0.0183459727536984,1.0
20260921,GOLD_USD,4343.15,-0.999544107590622,-0.010045730890272199,3.0
20260922,GOLD_USD,4313.15,-0.6907428939824767,-0.006931395656462489,1.0
20260923,GOLD_USD,4316.4,0.07535096159418941,0.0007532258700991031,1.0
20260924,GOLD_USD,4255.55,-1.4097395978129756,-0.014197708140941283,1.0
20260925,GOLD_USD,4290.75,0.8271551268343558,0.008237529468110585,1.0
20260928,GOLD_USD,4144.4,-3.410825613237789,-0.034703517439151225,3.0
20260929,GOLD_USD,4139.0,-0.1302963034456095,-0.0013038126288642672,1.0
