date_key,series_id,value,change,change_unit,log_return,days_since_prev_obs
20130101,NIFTY50,5950.85,,%,,
20130102,NIFTY50,5993.25,0.7125032558374045,%,0.0070997694432592285,1.0
20130103,NIFTY50,6009.5,0.27113836399281777,%,0.0027077144701615867,1.0
20130104,NIFTY50,6016.15,0.11065812463597613,%,0.0011059694366355455,1.0
20130107,NIFTY50,5988.4,-0.46125844601614396,%,-0.004623255253797732,3.0
20130108,NIFTY50,6001.7,0.22209605236791496,%,0.0022184978365351626,1.0
20130109,NIFTY50,5971.5,-0.503190762617256,%,-0.00504461030373507,1.0
20130110,NIFTY50,5968.65,-0.047726701833716856,%,-0.0004773809464914405,1.0
20130111,NIFTY50,5951.3,-0.29068549839577074,%,-0.0029110880922514648,1.0
20130114,NIFTY50,6024.05,1.222421991833711,%,0.012150107508347054,3.0
20130115,NIFTY50,6056.6,0.5403341605730416,%,0.005388795928791816,1.0
20130116,NIFTY50,6001.85,-0.9039725258395803,%,-0.009080831488305557,1.0
20130117,NIFTY50,6039.2,0.6223081216624848,%,0.006203797806843134,1.0
20130118,NIFTY50,6064.4,0.41727381110081563,%,0.004164056382011566,1.0
20130121,NIFTY50,6082.3,0.29516522656818367,%,0.002947304693047183,3.0
20130122,NIFTY50,6048.5,-0.5557108330730198,%,-0.005572606500570733,1.0
20130123,NIFTY50,6054.3,0.0958915433578511,%,0.0009584559678765093,1.0
20130124,NIFTY50,6019.35,-0.5772756553193537,%,-0.005789483316389172,1.0
20130125,NIFTY50,6074.65,0.9187038467608488,%,0.009145094328932173,1.0
20130128,NIFTY50,6074.8,0.0024692780654200774,%,2.4692475792511133e-05,3.0
20130129,NIFTY50,6049.9,-0.4098900375321124,%,-0.004107323893451924,1.0
20130130,NIFTY50,6055.75,0.09669581315394637,%,0.0009664909286782028,1.0
20130131,NIFTY50,6034.75,-0.3467778557569301,%,-0.003473805238461769,1.0
20130201,NIFTY50,5998.9,-0.5940594059405946,%,-0.005958309583630635,1.0
20130204,NIFTY50,5987.25,-0.19420227041623273,%,-0.0019439108752308206,3.0
20130205,NIFTY50,5956.9,-0.506910518184478,%,-0.005081996679542057,1.0
20130206,NIFTY50,5959.2,0.03861068676660473,%,0.0003860323475906094,1.0
20130207,NIFTY50,5938.8,-0.3423278292388199,%,-0.003429151116225816,1.0
20130208,NIFTY50,5903.5,-0.5943961743113069,%,-0.005961697398676241,1.0
20130211,NIFTY50,5897.85,-0.09570593715592102,%,-0.0009575176452996722,3.0
20130212,NIFTY50,5922.5,0.4179489135871517,%,0.004170779331075775,1.0
20130213,NIFTY50,5932.95,0.17644575770368043,%,0.0017629027504479208,1.0
20130214,NIFTY50,5896.95,-0.606780775162441,%,-0.006086291706400162,1.0
20130215,NIFTY50,5887.4,-0.16194812572601913,%,-0.0016207940345684428,1.0
20130218,NIFTY50,5898.2,0.18344260624385544,%,0.0018327455578097385,3.0
20130219,NIFTY50,5939.7,0.7036044895052829,%,0.00701140743053319,1.0
20130220,NIFTY50,5943.05,0.05640015488999062,%,0.000563842559803581,1.0
20130221,NIFTY50,5852.25,-1.5278350341996094,%,-0.015396266925585678,1.0
20130222,NIFTY50,5850.3,-0.03332051774957989,%,-0.0003332607026754814,1.0
20130225,NIFTY50,5854.75,0.0760644753260431,%,0.0007603556096545207,3.0
20130226,NIFTY50,5761.35,-1.5952858789871405,%,-0.016081475343551938,1.0
20130227,NIFTY50,5796.9,0.6170428805748474,%,0.00615146966065685,1.0
20130228,NIFTY50,5693.05,-1.7914747537476794,%,-0.018077159260934554,1.0
20130301,NIFTY50,5719.7,0.46811463099742934,%,0.004670223817845182,1.0
20130304,NIFTY50,5698.5,-0.37064881025228313,%,-0.003713374150185078,3.0
20130305,NIFTY50,5784.25,1.504781960164947,%,0.014935724292001495,1.0
20130306,NIFTY50,5818.6,0.5938540000864467,%,0.0059209763727628316,1.0
20130307,NIFTY50,5863.3,0.768226033753816,%,0.00765290203845691,1.0
20130308,NIFTY50,5945.7,1.4053519349171983,%,0.013955684199400423,1.0
20130311,NIFTY50,5942.35,-0.05634323965217902,%,-0.0005635911842013986,3.0
20130312,NIFTY50,5914.1,-0.47540114601125616,%,-0.004765347715322015,1.0
20130313,NIFTY50,5851.2,-1.0635599668588736,%,-0.01069256190377155,1.0
20130314,NIFTY50,5908.95,0.9869770303527536,%,0.009821382246116702,1.0
20130315,NIFTY50,5872.6,-0.6151685155568964,%,-0.0061706847303734285,1.0
20130318,NIFTY50,5835.25,-0.6360044954534683,%,-0.006380356206563413,3.0
20130319,NIFTY50,5745.95,-1.5303543121545804,%,-0.01542185090845602,1.0
20130320,NIFTY50,5694.4,-0.8971536473516117,%,-0.009012023039912278,1.0
20130321,NIFTY50,5658.75,-0.6260536667603178,%,-0.006280216005759802,1.0
20130322,NIFTY50,5651.35,-0.13077092997569872,%,-0.0013085650977346678,1.0
20130325,NIFTY50,5633.85,-0.3096605235917038,%,-0.003101409638700106,3.0
20130326,NIFTY50,5641.6,0.13756134792370922,%,0.0013746681898175704,1.0
20130328,NIFTY50,5682.55,0.7258579126488973,%,0.0072323624285634365,2.0
20130401,NIFTY50,5704.4,0.38451047505081437,%,0.0038377312304974324,4.0
20130402,NIFTY50,5748.1,0.7660753102868068,%,0.007631558540573446,1.0
20130403,NIFTY50,5672.9,-1.3082583810302695,%,-0.013168914589641015,1.0
20130404,NIFTY50,5574.75,-1.73015565231186,%,-0.017452977540031757,1.0
20130405,NIFTY50,5553.25,-0.3856675187228098,%,-0.003864131335780677,1.0
20130408,NIFTY50,5542.95,-0.18547697294377663,%,-0.0018564919446836662,3.0
20130409,NIFTY50,5495.1,-0.8632587340675846,%,-0.008670063958767125,1.0
20130410,NIFTY50,5558.7,1.1573947698858777,%,0.011507481922197417,1.0
20130411,NIFTY50,5594.0,0.6350405670390691,%,0.0063303268054265855,1.0
20130412,NIFTY50,5528.55,-1.1700035752592042,%,-0.01176901977584898,1.0
20130415,NIFTY50,5568.4,0.7208038274050033,%,0.007182184528356023,3.0
20130416,NIFTY50,5688.95,2.1648947633072346,%,0.021417937306770714,1.0
20130417,NIFTY50,5688.7,-0.004394484043623859,%,-4.394580603902801e-05,1.0
20130418,NIFTY50,5783.1,1.6594300982649912,%,0.016458120056511653,1.0
20130422,NIFTY50,5834.4,0.8870674897546227,%,0.008831561598367855,4.0
20130423,NIFTY50,5836.9,0.04284930755518168,%,0.00042840129861017225,1.0
20130425,NIFTY50,5916.3,1.360311124055591,%,0.013511419515499574,2.0
20130426,NIFTY50,5871.45,-0.7580751483190595,%,-0.007609631426743816,1.0
20130429,NIFTY50,5904.1,0.5560806955692499,%,0.005545402748855274,3.0
20130430,NIFTY50,5930.2,0.4420656831693126,%,0.004410914429606642,1.0
20130502,NIFTY50,5999.35,1.1660652254561477,%,0.011593190772528243,2.0
20130503,NIFTY50,5944.0,-0.9225999483277403,%,-0.00926882261078428,1.0
20130506,NIFTY50,5971.05,0.45508075370122025,%,0.0045404839210698355,3.0
20130507,NIFTY50,6043.55,1.2141918088108383,%,0.012068796298157458,1.0
20130508,NIFTY50,6069.3,0.4260740789767681,%,0.004251689534655493,1.0
20130509,NIFTY50,6050.15,-0.3155223831413978,%,-0.0031602120455120042,1.0
20130510,NIFTY50,6094.75,0.7371718056577103,%,0.007344679740941062,1.0
20130511,NIFTY50,6107.25,0.2050945485869038,%,0.0020488451684434477,1.0
20130513,NIFTY50,5980.45,-2.076220885013713,%,-0.0209807740657547,2.0
20130514,NIFTY50,5995.4,0.2499811887065384,%,0.0024966925547445407,1.0
20130515,NIFTY50,6146.75,2.5244354004737124,%,0.024930978329964257,1.0
20130516,NIFTY50,6169.9,0.3766217920039061,%,0.003759143478357494,1.0
20130517,NIFTY50,6187.3,0.28201429520737786,%,0.0028161738095538033,1.0
20130520,NIFTY50,6156.9,-0.49132901265496187,%,-0.004925400019043949,3.0
20130521,NIFTY50,6114.1,-0.6951550293166853,%,-0.006975824881666554,1.0
20130522,NIFTY50,6094.5,-0.3205704846175328,%,-0.0032108541256139498,1.0
20130523,NIFTY50,5967.05,-2.091229797358274,%,-0.021134057188772256,1.0
20130524,NIFTY50,5983.55,0.27651854769106254,%,0.002761369384732888,1.0
20130527,NIFTY50,6083.15,1.664563678752562,%,0.016508616610246392,3.0
20130528,NIFTY50,6111.25,0.4619317294493941,%,0.004608680990757039,1.0
20130529,NIFTY50,6104.3,-0.11372468807526737,%,-0.0011378940366838014,1.0
20130530,NIFTY50,6124.05,0.3235424209164117,%,0.003230201486374597,1.0
20130531,NIFTY50,5985.95,-2.2550436394216278,%,-0.02280858578804106,1.0
20130603,NIFTY50,5939.3,-0.7793249191857532,%,-0.007823775259940869,3.0
20130604,NIFTY50,5919.45,-0.3342144697186633,%,-0.0033477421378926547,1.0
20130605,NIFTY50,5923.85,0.07433123009739084,%,0.0007430361812058601,1.0
20130606,NIFTY50,5921.4,-0.04135823830786478,%,-0.0004136679318609036,1.0
20130607,NIFTY50,5881.0,-0.6822710845408086,%,-0.006846091946060427,1.0
20130610,NIFTY50,5878.0,-0.05101173269852488,%,-0.0005102474810933533,3.0
20130611,NIFTY50,5788.8,-1.517522966995577,%,-0.015291551777886669,1.0
20130612,NIFTY50,5760.2,-0.49405749032614965,%,-0.004952819891619282,1.0
20130613,NIFTY50,5699.1,-1.060727058088251,%,-0.01066392869024349,1.0
20130614,NIFTY50,5808.4,1.9178466775455538,%,0.018996878037468995,1.0
20130617,NIFTY50,5850.05,0.7170649404311114,%,0.007145062541341452,3.0
20130618,NIFTY50,5813.6,-0.6230715976786483,%,-0.006250207895497536,1.0
20130619,NIFTY50,5822.25,0.14878904637400936,%,0.001486784651473171,1.0
20130620,NIFTY50,5655.9,-2.857142857142858,%,-0.028987536873252298,1.0
20130621,NIFTY50,5667.65,0.20774766173377035,%,0.0020753216468742787,1.0
20130624,NIFTY50,5590.25,-1.3656453733028595,%,-0.013750560859266079,3.0
20130625,NIFTY50,5609.1,0.3371942220830926,%,0.0033662699710830164,1.0
20130626,NIFTY50,5588.7,-0.36369471038135703,%,-0.0036435768755657123,1.0
20130627,NIFTY50,5682.35,1.6757027573496508,%,0.01661817758214304,1.0
20130628,NIFTY50,5842.2,2.8130966941494195,%,0.02774255866684981,1.0
20130701,NIFTY50,5898.85,0.9696689603231778,%,0.009649978428361185,3.0
20130702,NIFTY50,5857.55,-0.7001364672775234,%,-0.00702598923073381,1.0
20130703,NIFTY50,5770.9,-1.4792874153869873,%,-0.014903379868965724,1.0
20130704,NIFTY50,5836.95,1.1445355143911762,%,0.011380352581474363,1.0
20130705,NIFTY50,5867.9,0.5302426781109926,%,0.00528841841330263,1.0
20130708,NIFTY50,5811.55,-0.9603094803933176,%,-0.00964950185872029,3.0
20130709,NIFTY50,5859.0,0.8164775318116435,%,0.008131623867304753,1.0
20130710,NIFTY50,5816.7,-0.7219662058371767,%,-0.007245849939719502,1.0
20130711,NIFTY50,5935.1,2.0355184210978816,%,0.020150786496416183,1.0
20130712,NIFTY50,6009.0,1.2451348755707414,%,0.012374468232442534,1.0
20130715,NIFTY50,6030.8,0.36278914960892195,%,0.0036213265708355154,3.0
20130716,NIFTY50,5955.25,-1.2527359554287965,%,-0.012606488468435003,1.0
20130717,NIFTY50,5973.3,0.3030939087359963,%,0.0030263550517703216,1.0
20130718,NIFTY50,6038.05,1.0839904240537157,%,0.010781573632110348,1.0
20130719,NIFTY50,6029.2,-0.14657049875373973,%,-0.001466780183834785,1.0
20130722,NIFTY50,6031.8,0.043123465799776994,%,0.0004311417030552758,3.0
20130723,NIFTY50,6077.8,0.7626247554627152,%,0.007597314734869316,1.0
20130724,NIFTY50,5990.5,-1.4363750041133327,%,-0.014467907294344995,1.0
20130725,NIFTY50,5907.5,-1.3855270845505419,%,-0.013952151018890876,1.0
20130726,NIFTY50,5886.2,-0.360558611933981,%,-0.0036121019118541737,1.0
20130729,NIFTY50,5831.65,-0.9267439094831964,%,-0.009310648979030941,3.0
20130730,NIFTY50,5755.05,-1.3135219020345756,%,-0.013222248954629234,1.0
20130731,NIFTY50,5742.0,-0.22675736961451642,%,-0.0022701485345391855,1.0
20130801,NIFTY50,5727.85,-0.2464298153953215,%,-0.002467339534255018,1.0
20130802,NIFTY50,5677.9,-0.872054959539803,%,-0.008758796104081156,1.0
20130805,NIFTY50,5685.4,0.13209109001568464,%,0.0013200392648377345,3.0
20130806,NIFTY50,5542.25,-2.5178527456291455,%,-0.025500929833448135,1.0
20130807,NIFTY50,5519.1,-0.4177003924398903,%,-0.004185751974215141,1.0
20130808,NIFTY50,5565.65,0.843434617963057,%,0.008398975826597089,1.0
20130812,NIFTY50,5612.4,0.8399737676641594,%,0.008364656193396325,4.0
20130813,NIFTY50,5699.3,1.5483572090371434,%,0.015364924743857724,1.0
20130814,NIFTY50,5742.3,0.7544786201814313,%,0.0075164666564753345,1.0
20130816,NIFTY50,5507.85,-4.082858784807475,%,-0.04168547955792463,2.0
20130819,NIFTY50,5414.75,-1.6903147326089218,%,-0.01704763604464366,3.0
20130820,NIFTY50,5401.45,-0.24562537513274085,%,-0.0024592752913663125,1.0
20130821,NIFTY50,5302.55,-1.8309898268057623,%,-0.01847959911747921,1.0
20130822,NIFTY50,5408.45,1.9971523135095204,%,0.019774708411446577,1.0
20130823,NIFTY50,5471.75,1.1703907773946254,%,0.0116359468039878,1.0
20130826,NIFTY50,5476.5,0.08680952163384603,%,0.0008677186396066932,3.0
20130827,NIFTY50,5287.45,-3.452022277001743,%,-0.03513012271875409,1.0
20130828,NIFTY50,5285.0,-0.0463361355662939,%,-0.00046346874070923486,1.0
20130829,NIFTY50,5409.05,2.3472090823084324,%,0.02320085737720279,1.0
20130830,NIFTY50,5471.8,1.1600928074245953,%,0.011534153245286545,1.0
20130902,NIFTY50,5550.75,1.442852443437248,%,0.014325423818858131,3.0
20130903,NIFTY50,5341.45,-3.770661622303295,%,-0.038435902070034146,1.0
20130904,NIFTY50,5448.1,1.9966488500313684,%,0.019769772345004544,1.0
20130905,NIFTY50,5592.95,2.6587250601126877,%,0.026239952014861085,1.0
20130906,NIFTY50,5680.4,1.5635755728193423,%,0.015514776735340881,1.0
20130910,NIFTY50,5896.75,3.8087106541792926,%,0.037379698893126916,4.0
20130911,NIFTY50,5913.15,0.27811930300589705,%,0.0027773326686740965,1.0
20130912,NIFTY50,5850.7,-1.056120680178918,%,-0.010617372145560269,1.0
20130913,NIFTY50,5850.6,-0.0017091971900695668,%,-1.7092117970111807e-05,1.0
20130916,NIFTY50,5840.55,-0.17177725361501306,%,-0.0017192495991409569,3.0
20130917,NIFTY50,5850.2,0.16522416553235164,%,0.0016508782057052924,1.0
20130918,NIFTY50,5899.45,0.8418515606304133,%,0.008383277533849305,1.0
20130919,NIFTY50,6115.55,3.663053335480426,%,0.03597558163081879,1.0
20130920,NIFTY50,6012.1,-1.6915894727375314,%,-0.017060602705962147,1.0
20130923,NIFTY50,5889.75,-2.035062623708861,%,-0.020560553211304948,3.0
20130924,NIFTY50,5892.45,0.045842353240788114,%,0.00045831848844220626,1.0
20130925,NIFTY50,5873.85,-0.3156581727464691,%,-0.0031615742405177224,1.0
20130926,NIFTY50,5882.25,0.14300671620828265,%,0.0014290455898673998,1.0
20130927,NIFTY50,5833.2,-0.8338645926303734,%,-0.008373606921475459,1.0
20130930,NIFTY50,5735.3,-1.6783240759788765,%,-0.01692567526918795,3.0
20131001,NIFTY50,5780.05,0.7802556099942404,%,0.007772273577816578,1.0
20131003,NIFTY50,5909.7,2.2430601811402884,%,0.022182735542380635,2.0
20131004,NIFTY50,5907.3,-0.04061119853798756,%,-0.0004061944711852823,1.0
20131007,NIFTY50,5906.15,-0.019467438592934982,%,-0.00019469333744724163,3.0
20131008,NIFTY50,5928.4,0.3767259551484381,%,0.0037601812009728417,1.0
20131009,NIFTY50,6007.45,1.3334120504689295,%,0.013246003563557039,1.0
20131010,NIFTY50,6020.95,0.2247209714604459,%,0.0022446885152563813,1.0
20131011,NIFTY50,6096.2,1.2498027719878069,%,0.01242057206567531,1.0
20131014,NIFTY50,6112.7,0.27066041140382247,%,0.0027029478569975,3.0
20131015,NIFTY50,6089.05,-0.3868994061543951,%,-0.003876497980399709,1.0
20131017,NIFTY50,6045.85,-0.7094702786148877,%,-0.0071199898638086845,2.0
20131018,NIFTY50,6189.35,2.373528949610071,%,0.023457986847325626,1.0
20131021,NIFTY50,6204.95,0.2520458529570835,%,0.0025172875011506336,3.0
20131022,NIFTY50,6202.8,-0.03464975543718829,%,-0.00034655759851997663,1.0
20131023,NIFTY50,6178.35,-0.39417682337008486,%,-0.003949557477772672,1.0
20131024,NIFTY50,6164.35,-0.22659771621873492,%,-0.0022685483733753615,1.0
20131025,NIFTY50,6144.9,-0.3155239400747911,%,-0.0031602276641262833,1.0
20131028,NIFTY50,6101.1,-0.7127862129570728,%,-0.00715338670158021,3.0
20131029,NIFTY50,6220.9,1.9635803379718375,%,0.019445508026603477,1.0
20131030,NIFTY50,6251.7,0.49510520985709405,%,0.004938835945410866,1.0
20131031,NIFTY50,6299.15,0.7589935537533732,%,0.007561276896942039,1.0
20131101,NIFTY50,6307.2,0.12779501996300624,%,0.001277134316305225,1.0
20131103,NIFTY50,6317.35,0.16092719431761715,%,0.0016079784526153947,2.0
20131105,NIFTY50,6253.15,-1.0162489018338494,%,-0.010214479645910707,2.0
20131106,NIFTY50,6215.15,-0.6076937223639334,%,-0.006095476954664,1.0
20131107,NIFTY50,6187.25,-0.4489030835941099,%,-0.004499136790165212,1.0
20131108,NIFTY50,6140.75,-0.7515455169905816,%,-0.007543838501638632,1.0
20131111,NIFTY50,6078.8,-1.0088344257623172,%,-0.010139576459187635,3.0
20131112,NIFTY50,6018.05,-0.9993748766203847,%,-0.010044021495865169,1.0
20131113,NIFTY50,5989.6,-0.4727444936482694,%,-0.004738654647109396,1.0
20131114,NIFTY50,6056.15,1.1110925604380872,%,0.011049652718373403,1.0
20131118,NIFTY50,6189.0,2.1936378722455796,%,0.02169923810451271,4.0
20131119,NIFTY50,6203.35,0.2318629827112728,%,0.002315945952781923,1.0
20131120,NIFTY50,6122.9,-1.2968799116606422,%,-0.013053628211020872,1.0
20131121,NIFTY50,5999.05,-2.022734325238029,%,-0.02043471714030918,1.0
20131122,NIFTY50,5995.45,-0.06000950150440998,%,-0.0006002751441242871,1.0
20131125,NIFTY50,6115.35,1.9998498861636849,%,0.019801155590819155,3.0
20131126,NIFTY50,6059.1,-0.9198165272633618,%,-0.00924072960505565,1.0
20131127,NIFTY50,6057.1,-0.03300820253833159,%,-0.00033013651444595976,1.0
20131128,NIFTY50,6091.85,0.5737068894355435,%,0.0057206745882288175,1.0
20131129,NIFTY50,6176.1,1.382995313410551,%,0.013735192027137234,1.0
20131202,NIFTY50,6217.85,0.6759929405288023,%,0.006737183531966671,3.0
20131203,NIFTY50,6201.85,-0.2573236729737749,%,-0.0025765531939580984,1.0
20131204,NIFTY50,6160.95,-0.6594806388416474,%,-0.006616648205396715,1.0
20131205,NIFTY50,6241.1,1.3009357323140236,%,0.012925462462916109,1.0
20131206,NIFTY50,6259.9,0.3012289500248233,%,0.003007761646756415,1.0
20131209,NIFTY50,6363.9,1.6613683924663336,%,0.016477186420757604,3.0
20131210,NIFTY50,6332.85,-0.4879083580823007,%,-0.004891025167618321,1.0
20131211,NIFTY50,6307.9,-0.3939774351200631,%,-0.003947555706750676,1.0
20131212,NIFTY50,6237.05,-1.1231947240761486,%,-0.011295501903372888,1.0
20131213,NIFTY50,6168.4,-1.1006806102243916,%,-0.011067829185171294,1.0
20131216,NIFTY50,6154.7,-0.22209973412877781,%,-0.002223467413910317,3.0
20131217,NIFTY50,6139.05,-0.25427721903584777,%,-0.0025460105262963585,1.0
20131218,NIFTY50,6217.15,1.2721838069408076,%,0.012641595327615218,1.0
20131219,NIFTY50,6166.65,-0.8122692873744453,%,-0.008155861678958343,1.0
20131220,NIFTY50,6274.25,1.7448695807285919,%,0.017298215252369548,1.0
20131223,NIFTY50,6284.5,0.1633661393792174,%,0.0016323284205711835,3.0
20131224,NIFTY50,6268.4,-0.2561858540854556,%,-0.0025651457158312927,1.0
20131226,NIFTY50,6278.9,0.16750685980473357,%,0.0016736672353441086,2.0
20131227,NIFTY50,6313.8,0.5558298428068653,%,0.005542908090416466,1.0
20131230,NIFTY50,6291.1,-0.35952991859101724,%,-0.0036017778070772557,3.0
20131231,NIFTY50,6304.0,0.20505158080461605,%,0.0020484163699707398,1.0
20140101,NIFTY50,6301.65,-0.0372779187817307,%,-0.00037284868725124024,1.0
20140102,NIFTY50,6221.15,-1.2774432093181964,%,-0.012856726747011677,1.0
20140103,NIFTY50,6211.15,-0.16074198500277692,%,-0.001608713135402426,1.0
20140106,NIFTY50,6191.45,-0.3171715382819573,%,-0.003176755933003238,3.0
20140107,NIFTY50,6162.25,-0.4716181185344226,%,-0.004727337458320973,1.0
20140108,NIFTY50,6174.6,0.20041380989086477,%,0.002002132493375481,1.0
20140109,NIFTY50,6168.35,-0.10122113173323122,%,-0.0010127239491648035,1.0
20140110,NIFTY50,6171.45,0.05025655158996667,%,0.0005024392721461814,1.0
20140113,NIFTY50,6272.75,1.6414294857772571,%,0.016281036569785592,3.0
20140114,NIFTY50,6241.85,-0.49260691084451746,%,-0.004938242180258452,1.0
20140115,NIFTY50,6320.9,1.266451452694306,%,0.012584990282946245,1.0
20140116,NIFTY50,6318.9,-0.03164106377256948,%,-0.00031646070613325746,1.0
20140117,NIFTY50,6261.65,-0.9060121223630646,%,-0.009101413721168659,1.0
20140120,NIFTY50,6303.95,0.6755407919637912,%,0.006732692395925835,3.0
20140121,NIFTY50,6313.8,0.15625123930234075,%,0.0015612929406419404,1.0
20140122,NIFTY50,6338.95,0.39833380848299793,%,0.003975425598792202,1.0
20140123,NIFTY50,6345.65,0.10569573825318646,%,0.0010563991963623248,1.0
20140124,NIFTY50,6266.75,-1.2433714434297416,%,-0.012511659836120561,1.0
20140127,NIFTY50,6135.85,-2.088802010611557,%,-0.021109261078658903,3.0
20140128,NIFTY50,6126.25,-0.15645754052006078,%,-0.001565800631439209,1.0
20140129,NIFTY50,6120.25,-0.09793919608243051,%,-0.0009798718785080376,1.0
20140130,NIFTY50,6073.7,-0.760589845186066,%,-0.007634970805552999,1.0
20140131,NIFTY50,6089.5,0.2601379719116892,%,0.002598001987468999,1.0
20140203,NIFTY50,6001.8,-1.4401839231463986,%,-0.014506552307975153,3.0
20140204,NIFTY50,6000.9,-0.014995501349601703,%,-0.00014996625787316785,1.0
20140205,NIFTY50,6022.4,0.35827959139462795,%,0.0035763929896889188,1.0
20140206,NIFTY50,6036.3,0.2308049946865065,%,0.002305390490905147,1.0
20140207,NIFTY50,6063.2,0.44563722810331274,%,0.0044464720559084766,1.0
20140210,NIFTY50,6053.45,-0.1608061749571177,%,-0.0016093560686157922,3.0
20140211,NIFTY50,6062.7,0.15280542500557548,%,0.0015268879631088485,1.0
20140212,NIFTY50,6084.0,0.35132861596318676,%,0.0035071289868710874,1.0
20140213,NIFTY50,6001.1,-1.362590401051933,%,-0.013719588639159846,1.0
20140214,NIFTY50,6048.35,0.7873556514639057,%,0.007842721815290526,1.0
20140217,NIFTY50,6073.3,0.4125091967230654,%,0.004116607101259631,3.0
20140218,NIFTY50,6127.1,0.8858445984884611,%,0.008819440137131852,1.0
20140219,NIFTY50,6152.75,0.4186319792397697,%,0.00417758153463435,1.0
20140220,NIFTY50,6091.45,-0.9963024663768305,%,-0.010012987726474961,1.0
20140221,NIFTY50,6155.45,1.0506529644009222,%,0.010451719635821382,1.0
20140224,NIFTY50,6186.1,0.4979327262832234,%,0.0049669714117469115,3.0
20140225,NIFTY50,6200.05,0.2255055689368124,%,0.0022525168673606616,1.0
20140226,NIFTY50,6238.8,0.6249949597180615,%,0.006230499660876425,1.0
20140228,NIFTY50,6276.95,0.6114958004744375,%,0.006096337519478733,2.0
20140303,NIFTY50,6221.45,-0.8841873840001901,%,-0.00888119516086819,3.0
20140304,NIFTY50,6297.95,1.229616889953311,%,0.01222118506491175,1.0
20140305,NIFTY50,6328.65,0.48746020530490153,%,0.0048627596495382595,1.0
20140306,NIFTY50,6401.15,1.1455839713050864,%,0.01139071845516691,1.0
20140307,NIFTY50,6526.65,1.9605852073455443,%,0.01941613308108391,1.0
20140310,NIFTY50,6537.25,0.1624110378218635,%,0.0016227929372118323,3.0
20140311,NIFTY50,6511.9,-0.38777773528625437,%,-0.003885315425082567,1.0
20140312,NIFTY50,6516.9,0.07678250587386248,%,0.0007675304318831538,1.0
20140313,NIFTY50,6493.1,-0.36520431493500816,%,-0.003658728139811217,1.0
20140314,NIFTY50,6504.2,0.17095070151391667,%,0.0017080474711854297,1.0
20140318,NIFTY50,6516.65,0.19141477814335062,%,0.0019123181350059718,4.0
20140319,NIFTY50,6524.05,0.11355527763499129,%,0.001134908523971568,1.0
20140320,NIFTY50,6483.1,-0.6276775929062395,%,-0.0062965577077323765,1.0
20140321,NIFTY50,6493.2,0.15578966852276555,%,0.001556684423076205,1.0
20140322,NIFTY50,6494.9,0.026181235754330068,%,0.00026177809066888315,1.0
20140324,NIFTY50,6583.5,1.3641472539992927,%,0.01354926526903964,2.0
20140325,NIFTY50,6589.75,0.09493430546061443,%,0.0009488927134847534,1.0
20140326,NIFTY50,6601.4,0.1767897112940453,%,0.0017663362222314941,1.0
20140327,NIFTY50,6641.75,0.6112339806707778,%,0.00609373523092073,1.0
20140328,NIFTY50,6695.9,0.8152971731847813,%,0.00811991580563042,1.0
20140331,NIFTY50,6704.2,0.12395645096252572,%,0.0012387968838208155,3.0
20140401,NIFTY50,6721.05,0.25133498403986376,%,0.0025101966589488197,1.0
20140402,NIFTY50,6752.55,0.4686767692547944,%,0.004675818992859665,1.0
20140403,NIFTY50,6736.1,-0.24361167262737515,%,-0.0024390888866266734,1.0
20140404,NIFTY50,6694.35,-0.6197948367749895,%,-0.006217235384320974,1.0
20140407,NIFTY50,6695.05,0.01045657905547337,%,0.00010456032393353425,3.0
20140409,NIFTY50,6796.2,1.5108176936692086,%,0.01499518507744194,2.0
20140410,NIFTY50,6796.4,0.002942820988205419,%,2.9427776880780706e-05,1.0
20140411,NIFTY50,6776.3,-0.2957448060737944,%,-0.002961829951863465,1.0
20140415,NIFTY50,6733.1,-0.6375160485810771,%,-0.006395568604345289,4.0
20140416,NIFTY50,6675.3,-0.8584455896986531,%,-0.008621514576662933,1.0
20140417,NIFTY50,6779.4,1.5594804727877332,%,0.015474455364523729,1.0
20140421,NIFTY50,6817.65,0.5642092220550454,%,0.005626235234663153,4.0
20140422,NIFTY50,6815.35,-0.033735964738568214,%,-0.0003374165659532361,1.0
20140423,NIFTY50,6840.8,0.3734217611714774,%,0.0037272627297802005,1.0
20140425,NIFTY50,6782.75,-0.8485849608232954,%,-0.008522059422898664,2.0
20140428,NIFTY50,6761.25,-0.3169805757251898,%,-0.003174840233210194,3.0
20140429,NIFTY50,6715.25,-0.6803475688667016,%,-0.006826724839414866,1.0
20140430,NIFTY50,6696.4,-0.2807043669260323,%,-0.0028109908045921687,1.0
20140502,NIFTY50,6694.8,-0.023893435278643516,%,-0.0002389629021466117,2.0
20140505,NIFTY50,6699.35,0.06796319531576778,%,0.0006794011079490664,3.0
20140506,NIFTY50,6715.3,0.2380827990775103,%,0.0023779983102460538,1.0
20140507,NIFTY50,6652.55,-0.9344333090107626,%,-0.009388265262639386,1.0
20140508,NIFTY50,6659.85,0.1097323582686327,%,0.0010967219632376844,1.0
20140509,NIFTY50,6858.8,2.9873045188705483,%,0.02943553754641982,1.0
20140512,NIFTY50,7014.25,2.266431445733952,%,0.02241129475994542,3.0
20140513,NIFTY50,7108.75,1.3472573689275347,%,0.013382625556367727,1.0
20140514,NIFTY50,7108.75,0.0,%,0.0,1.0
20140515,NIFTY50,7123.15,0.2025672586601024,%,0.0020236236783652277,1.0
20140516,NIFTY50,7203.0,1.120992819188138,%,0.011147562589988237,1.0
20140519,NIFTY50,7263.55,0.8406219630709533,%,0.008371084133619802,3.0
20140520,NIFTY50,7275.5,0.16452010380598736,%,0.0016438491773507152,1.0
20140521,NIFTY50,7252.9,-0.3106315717132935,%,-0.0031111503302860472,1.0
20140522,NIFTY50,7276.4,0.3240083277034067,%,0.0032348455180137327,1.0
20140523,NIFTY50,7367.1,1.246495519762525,%,0.01238790724904927,1.0
20140526,NIFTY50,7359.05,-0.10926959047657947,%,-0.0010932933321799185,3.0
20140527,NIFTY50,7318.0,-0.5578165659969714,%,-0.0055937817257782855,1.0
20140528,NIFTY50,7329.65,0.1591965017764263,%,0.0015906991847185804,1.0
20140529,NIFTY50,7235.65,-1.2824623276691205,%,-0.012907568683302844,1.0
20140530,NIFTY50,7229.95,-0.0787766130202483,%,-0.000788076580992883,1.0
20140602,NIFTY50,7362.5,1.8333460120747658,%,0.018167428460267053,3.0
20140603,NIFTY50,7415.85,0.7246179966044153,%,0.007220052544072955,1.0
20140604,NIFTY50,7402.25,-0.18339098013040456,%,-0.001835593472666209,1.0
20140605,NIFTY50,7474.1,0.9706508156303917,%,0.009659702641022738,1.0
20140606,NIFTY50,7583.4,1.4623834307809558,%,0.014517937208863853,1.0
20140609,NIFTY50,7654.6,0.938892844898076,%,0.009345126416259402,3.0
20140610,NIFTY50,7656.4,0.02351527186266189,%,0.00023512507455971358,1.0
20140611,NIFTY50,7626.85,-0.38595162217228696,%,-0.0038669833737107378,1.0
20140612,NIFTY50,7649.9,0.302221756032961,%,0.0030176598414749147,1.0
20140613,NIFTY50,7542.1,-1.4091687473038794,%,-0.014191918026845586,1.0
20140616,NIFTY50,7533.55,-0.11336365203326038,%,-0.0011342795722500843,3.0
20140617,NIFTY50,7631.7,1.302838635171999,%,0.012944246938812196,1.0
20140618,NIFTY50,7558.2,-0.9630881717048623,%,-0.009677558593122937,1.0
20140619,NIFTY50,7540.7,-0.23153660924558617,%,-0.002318050697222683,1.0
20140620,NIFTY50,7511.45,-0.38789502300847767,%,-0.0038864928688601137,1.0
20140623,NIFTY50,7493.35,-0.24096545939864544,%,-0.002412562483897036,3.0
20140624,NIFTY50,7580.2,1.1590276712017955,%,0.011523623976275392,1.0
20140625,NIFTY50,7569.25,-0.14445529141711155,%,-0.0014455972866207131,1.0
20140626,NIFTY50,7493.2,-1.0047230571060606,%,-0.010098044639083419,1.0
20140627,NIFTY50,7508.8,0.2081887578070818,%,0.0020797234532494843,1.0
20140630,NIFTY50,7611.35,1.3657308757724307,%,0.013564888242700746,3.0
20140701,NIFTY50,7634.7,0.306778692347609,%,0.0030630908670544912,1.0
20140702,NIFTY50,7725.15,1.1847223859483558,%,0.011777594903249066,1.0
20140703,NIFTY50,7714.8,-0.1339779810100694,%,-0.001340678117516209,1.0
20140704,NIFTY50,7751.6,0.47700523668792183,%,0.004758711716452999,1.0
20140707,NIFTY50,7787.15,0.45861499561379304,%,0.004575665613385596,3.0
20140708,NIFTY50,7623.2,-2.1053915745811946,%,-0.021278710231501574,1.0
20140709,NIFTY50,7585.0,-0.5011018994647842,%,-0.005023616251345775,1.0
20140710,NIFTY50,7567.75,-0.22742254449571453,%,-0.0022768154231857557,1.0
20140711,NIFTY50,7459.6,-1.429090548709977,%,-0.014394003902155504,1.0
20140714,NIFTY50,7454.15,-0.07306021770605575,%,-0.0007308691968958904,3.0
20140715,NIFTY50,7526.65,0.9726125715205702,%,0.009679131423714828,1.0
20140716,NIFTY50,7624.4,1.2987185534068857,%,0.01290357517080751,1.0
20140717,NIFTY50,7640.45,0.21050836787157579,%,0.002102871094640876,1.0
20140718,NIFTY50,7663.9,0.306919095079472,%,0.00306449059931018,1.0
20140721,NIFTY50,7684.2,0.26487819517477806,%,0.002645280111212144,3.0
20140722,NIFTY50,7767.85,1.088597381640266,%,0.010827148134938352,1.0
20140723,NIFTY50,7795.75,0.3591727440668935,%,0.0035852925912121456,1.0
20140724,NIFTY50,7830.6,0.44703845043774226,%,0.004460422015305646,1.0
20140725,NIFTY50,7790.45,-0.5127321022654785,%,-0.005140510838018083,1.0
20140728,NIFTY50,7748.7,-0.5359125596082426,%,-0.005373537221862133,3.0
20140730,NIFTY50,7791.4,0.5510601778362823,%,0.005495473962515748,2.0
20140731,NIFTY50,7721.3,-0.8997099365967487,%,-0.009037817679608722,1.0
20140801,NIFTY50,7602.6,-1.5373058940851947,%,-0.015492449591646213,1.0
20140804,NIFTY50,7683.65,1.0660826559334868,%,0.010604400625005004,3.0
20140805,NIFTY50,7746.55,0.8186213583388113,%,0.008152888285444738,1.0
20140806,NIFTY50,7672.05,-0.961718442403392,%,-0.00966372819590784,1.0
20140807,NIFTY50,7649.25,-0.2971826304573155,%,-0.002976250948722424,1.0
20140808,NIFTY50,7568.55,-1.0550053926855596,%,-0.010606100289075998,1.0
20140811,NIFTY50,7625.95,0.7584015432282154,%,0.00755540136917557,3.0
20140812,NIFTY50,7727.05,1.325736465620686,%,0.013170254850428461,1.0
20140813,NIFTY50,7739.55,0.1617693686465138,%,0.0016163866294555754,1.0
20140814,NIFTY50,7791.7,0.6738117849228953,%,0.006715518195772614,1.0
20140818,NIFTY50,7874.25,1.059460708189497,%,0.010538877508667058,4.0
20140819,NIFTY50,7897.5,0.29526621583007007,%,0.0029483116130798108,1.0
20140820,NIFTY50,7875.3,-0.2811016144349421,%,-0.002814974469916306,1.0
20140821,NIFTY50,7891.1,0.2006272776910123,%,0.002004262899475061,1.0
20140822,NIFTY50,7913.2,0.28006234872197666,%,0.0027967090481380323,1.0
20140825,NIFTY50,7906.3,-0.0871960774402214,%,-0.0008723411533313404,3.0
20140826,NIFTY50,7904.75,-0.019604619101221132,%,-0.0001960654105787061,1.0
20140827,NIFTY50,7936.05,0.3959644517536942,%,0.003951825758060241,1.0
20140828,NIFTY50,7954.35,0.23059330523371724,%,0.00230327846879431,1.0
20140901,NIFTY50,8027.7,0.9221369439363247,%,0.009179112193328278,4.0
20140902,NIFTY50,8083.05,0.6894876490152857,%,0.00687121552659829,1.0
20140903,NIFTY50,8114.6,0.3903229597738589,%,0.003895631761407898,1.0
20140904,NIFTY50,8095.95,-0.229832647327044,%,-0.0023009716793679943,1.0
20140905,NIFTY50,8086.85,-0.11240187995231743,%,-0.0011246509824220565,1.0
20140908,NIFTY50,8173.9,1.0764389100824001,%,0.010706865500556604,3.0
20140909,NIFTY50,8152.95,-0.2563036004844643,%,-0.0025663262047620214,1.0
20140910,NIFTY50,8094.1,-0.721824615629918,%,-0.007244423741990964,1.0
20140911,NIFTY50,8085.7,-0.10377929603044844,%,-0.001038331840281539,1.0
20140912,NIFTY50,8105.5,0.2448767577327926,%,0.0024457742316799933,1.0
20140915,NIFTY50,8042.0,-0.7834186663376763,%,-0.00786503512440859,3.0
20140916,NIFTY50,7932.9,-1.3566277045511166,%,-0.013659139806330059,1.0
20140917,NIFTY50,7975.5,0.5370041220738919,%,0.005355673961613464,1.0
20140918,NIFTY50,8114.75,1.745972039370569,%,0.01730905071438062,1.0
20140919,NIFTY50,8121.45,0.08256569826550209,%,0.0008253163154318021,1.0
20140922,NIFTY50,8146.3,0.3059798435008476,%,0.003055126778901814,3.0
20140923,NIFTY50,8017.55,-1.5804721161754465,%,-0.015930947515386325,1.0
20140924,NIFTY50,8002.4,-0.18896046797338695,%,-0.0018913922348600097,1.0
20140925,NIFTY50,7911.85,-1.131535539338191,%,-0.011379861092122126,1.0
20140926,NIFTY50,7968.85,0.7204383298470063,%,0.007178555702857498,1.0
20140929,NIFTY50,7958.9,-0.12486117821267628,%,-0.0012493919473012323,3.0
20140930,NIFTY50,7964.8,0.07413084722764918,%,0.0007410338388679577,1.0
20141001,NIFTY50,7945.55,-0.24168842908798283,%,-0.002419809670203699,1.0
20141007,NIFTY50,7852.4,-1.1723543367041955,%,-0.01179280596919085,6.0
20141008,NIFTY50,7842.7,-0.12352911211858109,%,-0.001236054722173975,1.0
20141009,NIFTY50,7960.55,1.502671273923517,%,0.01491493011712879,1.0
20141010,NIFTY50,7859.95,-1.2637317773269485,%,-0.012717847848969429,1.0
20141013,NIFTY50,7884.25,0.3091622720246434,%,0.003086853481986172,3.0
20141014,NIFTY50,7864.0,-0.2568411706883933,%,-0.0025717157348472356,1.0
20141016,NIFTY50,7748.2,-1.472533062054937,%,-0.014834824520207252,2.0
20141017,NIFTY50,7779.7,0.4065460364987894,%,0.004057218710859095,1.0
20141020,NIFTY50,7879.4,1.2815404192963786,%,0.012733981803331414,3.0
20141021,NIFTY50,7927.75,0.6136254029494692,%,0.0061175038873991505,1.0
20141022,NIFTY50,7995.9,0.8596386112074583,%,0.008559647580575275,1.0
20141023,NIFTY50,8014.55,0.2332445378256498,%,0.0023297294498851014,1.0
20141027,NIFTY50,7991.7,-0.2851064626211097,%,-0.0028551366525443466,4.0
20141028,NIFTY50,8027.6,0.44921606166399286,%,0.004482100978227324,1.0
20141029,NIFTY50,8090.45,0.7829239125018539,%,0.007798749668480464,1.0
20141030,NIFTY50,8169.2,0.9733698372772936,%,0.00968663110999424,1.0
20141031,NIFTY50,8322.2,1.8728884101258503,%,0.018555658095554397,1.0
20141103,NIFTY50,8324.15,0.023431304222421012,%,0.0002342855952107104,3.0
20141105,NIFTY50,8338.3,0.16998732603328293,%,0.0016984301109980806,2.0
20141107,NIFTY50,8337.0,-0.015590707938062387,%,-0.00015591923415268414,2.0
20141110,NIFTY50,8344.25,0.0869617368358,%,0.0008692394702429653,3.0
20141111,NIFTY50,8362.65,0.22051113041914316,%,0.0022026836144884545,1.0
20141112,NIFTY50,8383.3,0.24693129570172445,%,0.002466269213384744,1.0
20141113,NIFTY50,8357.85,-0.30357973590351417,%,-0.0030404147391592455,1.0
20141114,NIFTY50,8389.9,0.38347182588822637,%,0.003827384469517981,1.0
20141117,NIFTY50,8430.75,0.4868949570316694,%,0.004857134570927836,3.0
20141118,NIFTY50,8425.9,-0.05752750348427815,%,-0.0005754405690137999,1.0
20141119,NIFTY50,8382.3,-0.5174521416109856,%,-0.0051879556157946064,1.0
20141120,NIFTY50,8401.9,0.23382603819954717,%,0.0023355309051787624,1.0
20141121,NIFTY50,8477.35,0.8980111641414545,%,0.008940030217262439,1.0
20141124,NIFTY50,8530.15,0.6228361457294884,%,0.006209045377599953,3.0
20141125,NIFTY50,8463.1,-0.7860354155554083,%,-0.007891409584104565,1.0
20141126,NIFTY50,8475.75,0.14947241554512658,%,0.0014936081672254514,1.0
20141127,NIFTY50,8494.2,0.21767985134060197,%,0.0021744327201368174,1.0
20141128,NIFTY50,8588.25,1.1072261072260892,%,0.011011412333051798,1.0
20141201,NIFTY50,8555.9,-0.3766774371961712,%,-0.003773886532098854,3.0
20141202,NIFTY50,8524.7,-0.3646606435325217,%,-0.0036532715127820387,1.0
20141203,NIFTY50,8537.65,0.15191150421713928,%,0.0015179623541452013,1.0
20141204,NIFTY50,8564.4,0.3133180676181402,%,0.0031282824941991166,1.0
20141205,NIFTY50,8538.3,-0.3047498949138361,%,-0.0030521520299715325,1.0
20141208,NIFTY50,8438.25,-1.1717789255472288,%,-0.011786983615759453,3.0
20141209,NIFTY50,8340.7,-1.1560453885580468,%,-0.011627795434946306,1.0
20141210,NIFTY50,8355.65,0.17924155046937784,%,0.0017908110449759277,1.0
20141211,NIFTY50,8292.9,-0.7509888518547281,%,-0.007538229713293805,1.0
20141212,NIFTY50,8224.1,-0.8296253421601563,%,-0.008330858861932928,1.0
20141215,NIFTY50,8219.6,-0.05471723349667057,%,-0.0005473220883785565,3.0
20141216,NIFTY50,8067.6,-1.8492384057618327,%,-0.018665505802723793,1.0
20141217,NIFTY50,8029.8,-0.46854082998661895,%,-0.004696419232607601,1.0
20141218,NIFTY50,8159.3,1.6127425340606294,%,0.0159987599343588,1.0
20141219,NIFTY50,8225.2,0.8076673244028276,%,0.008044231482620805,1.0
20141222,NIFTY50,8324.0,1.2011865972863855,%,0.011940296066161682,3.0
20141223,NIFTY50,8267.0,-0.6847669389716482,%,-0.006871222260849433,1.0
20141224,NIFTY50,8174.1,-1.1237450102818403,%,-0.011301067290881468,1.0
20141226,NIFTY50,8200.7,0.3254180888415892,%,0.0032488975007518147,2.0
20141229,NIFTY50,8246.3,0.556050093284699,%,0.005545098418286741,3.0
20141230,NIFTY50,8248.25,0.02364696894365803,%,0.00023644173488641823,1.0
20141231,NIFTY50,8282.7,0.41766435304460003,%,0.004167945565311592,1.0
20150101,NIFTY50,8284.0,0.015695365037959874,%,0.0001569413344440855,1.0
20150102,NIFTY50,8395.45,1.3453645581844587,%,0.013363948894877683,1.0
20150105,NIFTY50,8378.4,-0.2030861954987695,%,-0.002032926951416599,3.0
20150106,NIFTY50,8127.35,-2.9963954931729098,%,-0.03042204831092239,1.0
20150107,NIFTY50,8102.1,-0.31067937273526747,%,-0.003111629830098193,1.0
20150108,NIFTY50,8234.6,1.6353784821219186,%,0.01622150195078389,1.0
20150109,NIFTY50,8284.5,0.6059796468559364,%,0.0060415097406526655,1.0
20150112,NIFTY50,8323.0,0.4647232784114941,%,0.004636467736743234,3.0
20150113,NIFTY50,8299.4,-0.28355160398895185,%,-0.0028395437310194172,1.0
20150114,NIFTY50,8277.55,-0.26327204376220825,%,-0.002636192140761345,1.0
20150115,NIFTY50,8494.15,2.6167162989048753,%,0.025830660367344594,1.0
20150116,NIFTY50,8513.8,0.23133568397073478,%,0.0023106851493621787,1.0
20150119,NIFTY50,8550.7,0.4334139867039566,%,0.004324774533538449,3.0
20150120,NIFTY50,8695.6,1.6945981030792812,%,0.01680399965846449,1.0
20150121,NIFTY50,8729.5,0.3898523391140385,%,0.0038909438418050723,1.0
20150122,NIFTY50,8761.4,0.3654275731714174,%,0.0036476150877737317,1.0
20150123,NIFTY50,8835.6,0.8468966146962797,%,0.00843330565006859,1.0
20150127,NIFTY50,8910.5,0.8477070034858869,%,0.008441341450482422,4.0
20150128,NIFTY50,8914.3,0.04264631614385728,%,0.00042637225187001037,1.0
20150129,NIFTY50,8952.35,0.42684226467586406,%,0.004259338770853641,1.0
20150130,NIFTY50,8808.9,-1.602372561394505,%,-0.016153493616853636,1.0
20150202,NIFTY50,8797.4,-0.13054978487665458,%,-0.0013063507534741001,3.0
20150203,NIFTY50,8756.55,-0.4643417373314862,%,-0.004654231525165908,1.0
20150204,NIFTY50,8723.7,-0.3751477465440023,%,-0.0037585319056024297,1.0
20150205,NIFTY50,8711.7,-0.1375563121152723,%,-0.0013765100766004728,1.0
20150206,NIFTY50,8661.05,-0.5814020225673677,%,-0.005830987438373654,1.0
20150209,NIFTY50,8526.35,-1.5552386835314347,%,-0.01567459393409736,3.0
20150210,NIFTY50,8565.55,0.4597512417388261,%,0.004586976138613567,1.0
20150211,NIFTY50,8627.4,0.7220785588782919,%,0.007194840537426239,1.0
20150212,NIFTY50,8711.55,0.9753807636136091,%,0.00970654632442759,1.0
20150213,NIFTY50,8805.5,1.0784533177218725,%,0.010726794848962074,1.0
20150216,NIFTY50,8809.35,0.04372267332917179,%,0.0004371311775355716,3.0
20150218,NIFTY50,8869.1,0.6782566250631339,%,0.006759668128535262,2.0
20150219,NIFTY50,8895.3,0.2954076512836634,%,0.002949721802804654,1.0
20150220,NIFTY50,8833.6,-0.6936247231684067,%,-0.0069604148142353005,1.0
20150223,NIFTY50,8754.95,-0.8903504799855022,%,-0.008943377848408795,3.0
20150224,NIFTY50,8762.1,0.08166808491196775,%,0.0008163475467704371,1.0
20150225,NIFTY50,8767.25,0.05877586423346237,%,0.0005875859798763928,1.0
20150226,NIFTY50,8683.85,-0.9512675012118943,%,-0.009558209505033739,1.0
20150227,NIFTY50,8844.6,1.8511374563125793,%,0.018342124578303188,1.0
20150228,NIFTY50,8901.85,0.6472876105194203,%,0.006452017006512306,1.0
20150302,NIFTY50,8956.75,0.6167257367850398,%,0.006148317666913585,2.0
20150303,NIFTY50,8996.25,0.4410081781896391,%,0.00440038586730066,1.0
20150304,NIFTY50,8922.65,-0.8181186605530133,%,-0.00821483616723559,1.0
20150305,NIFTY50,8937.75,0.16923223481812855,%,0.0016908919842467322,1.0
20150309,NIFTY50,8756.75,-2.025118178512486,%,-0.02045904811401918,4.0
20150310,NIFTY50,8712.05,-0.5104633568390193,%,-0.005117706718394268,1.0
20150311,NIFTY50,8699.95,-0.13888809178090877,%,-0.0013898463068881953,1.0
20150312,NIFTY50,8776.0,0.874142954844559,%,0.008703444455342574,1.0
20150313,NIFTY50,8647.75,-1.4613719234275346,%,-0.014721551472009752,1.0
20150316,NIFTY50,8633.15,-0.16883004249660383,%,-0.0016897272102494485,3.0
20150317,NIFTY50,8723.3,1.0442306689910419,%,0.010388162406696348,1.0
20150318,NIFTY50,8685.9,-0.4287368312450468,%,-0.004296585430193531,1.0
20150319,NIFTY50,8634.65,-0.5900367261884254,%,-0.005917843205695482,1.0
20150320,NIFTY50,8570.9,-0.7383043898710473,%,-0.007410433462823647,1.0
20150323,NIFTY50,8550.9,-0.2333477231095893,%,-0.0023362040318674936,3.0
20150324,NIFTY50,8542.95,-0.0929726695435451,%,-0.0009301591593691744,1.0
20150325,NIFTY50,8530.8,-0.14222253437046195,%,-0.0014232376661163287,1.0
20150326,NIFTY50,8342.15,-2.2113986964880206,%,-0.022362166828760233,1.0
20150327,NIFTY50,8341.4,-0.008990488063631563,%,-8.990892232234343e-05,1.0
20150330,NIFTY50,8492.3,1.8090488407221716,%,0.01792880259372829,3.0
20150331,NIFTY50,8491.0,-0.015307984880408299,%,-0.00015309156672000437,1.0
20150401,NIFTY50,8586.25,1.1217759981156483,%,0.011155307528727893,1.0
20150406,NIFTY50,8659.9,0.8577667782792231,%,0.008541088617607507,5.0
20150407,NIFTY50,8660.3,0.0046189909814087216,%,4.6188843093050606e-05,1.0
20150408,NIFTY50,8714.4,0.6246896758772769,%,0.00622746577944364,1.0
20150409,NIFTY50,8778.3,0.7332690718810264,%,0.007305937245911289,1.0
20150410,NIFTY50,8780.35,0.023353041021612064,%,0.00023350314623443608,1.0
20150413,NIFTY50,8834.0,0.611023478562922,%,0.0060916429960903105,3.0
20150415,NIFTY50,8750.2,-0.9486076522526532,%,-0.009531355923174955,2.0
20150416,NIFTY50,8706.7,-0.49713149413728175,%,-0.0049837130344473814,1.0
20150417,NIFTY50,8606.0,-1.1565805643929505,%,-0.011633209800304587,1.0
20150420,NIFTY50,8448.1,-1.8347664420171883,%,-0.01851807040134819,3.0
20150421,NIFTY50,8377.75,-0.8327316201276025,%,-0.008362181992732759,1.0
20150422,NIFTY50,8429.7,0.6200948942138407,%,0.0061818021695861205,1.0
20150423,NIFTY50,8398.3,-0.37249249676739593,%,-0.0037318797768145355,1.0
20150424,NIFTY50,8305.25,-1.1079623257087667,%,-0.011141459454923742,1.0
20150427,NIFTY50,8213.8,-1.101110743204603,%,-0.011072178395239022,3.0
20150428,NIFTY50,8285.6,0.8741386447198796,%,0.008703401727596441,1.0
20150429,NIFTY50,8239.75,-0.553369701651063,%,-0.005549064637238217,1.0
20150430,NIFTY50,8181.5,-0.7069389241178392,%,-0.007094495768480639,1.0
20150504,NIFTY50,8331.95,1.8389048462995827,%,0.018222014533752957,4.0
20150505,NIFTY50,8324.8,-0.08581424516471703,%,-0.0008585108666642865,1.0
20150506,NIFTY50,8097.0,-2.7364020757255303,%,-0.02774538884992459,1.0
20150507,NIFTY50,8057.3,-0.49030505125354784,%,-0.004915109899369749,1.0
20150508,NIFTY50,8191.5,1.6655703523512866,%,0.016518518473573537,1.0
20150511,NIFTY50,8325.25,1.6327900872856072,%,0.016196034167464263,3.0
20150512,NIFTY50,8126.95,-2.3819104531395463,%,-0.024107366025236887,1.0
20150513,NIFTY50,8235.45,1.3350641999766433,%,0.01326230752496551,1.0
20150514,NIFTY50,8224.2,-0.13660455712802833,%,-0.0013669794621202092,1.0
20150515,NIFTY50,8262.35,0.4638749057659153,%,0.004628023218110737,1.0
20150518,NIFTY50,8373.65,1.3470743795651163,%,0.013380819986761118,3.0
20150519,NIFTY50,8365.65,-0.0955377881807773,%,-0.0009558345461374651,1.0
20150520,NIFTY50,8423.25,0.688529881121025,%,0.006861703387130291,1.0
20150521,NIFTY50,8421.0,-0.026711779894939003,%,-0.0002671534812630433,1.0
20150522,NIFTY50,8458.95,0.45065906661918564,%,0.004496466392384961,1.0
20150525,NIFTY50,8370.25,-1.0485935015575265,%,-0.01054129980665742,3.0
20150526,NIFTY50,8339.35,-0.36916460081837243,%,-0.0036984769501036585,1.0
20150527,NIFTY50,8334.6,-0.05695887569174829,%,-0.0005697510342172957,1.0
20150528,NIFTY50,8319.0,-0.1871715499244142,%,-0.0018734693475108775,1.0
20150529,NIFTY50,8433.65,1.3781704531794725,%,0.013687600465767506,1.0
20150601,NIFTY50,8433.4,-0.0029643155691760903,%,-2.9643595058783424e-05,3.0
20150602,NIFTY50,8236.45,-2.335357032750718,%,-0.02363058632565605,1.0
20150603,NIFTY50,8135.1,-1.2305058611416397,%,-0.012381392688355673,1.0
20150604,NIFTY50,8130.65,-0.05470123292892204,%,-0.0005471619951152744,1.0
20150605,NIFTY50,8114.7,-0.1961712778191127,%,-0.0019636394568422855,1.0
20150608,NIFTY50,8044.15,-0.8694098364696146,%,-0.008732112530860727,3.0
20150609,NIFTY50,8022.4,-0.27038282478570874,%,-0.0027074901937920617,1.0
20150610,NIFTY50,8124.45,1.2720632229756612,%,0.012640404635043944,1.0
20150611,NIFTY50,7965.35,-1.9582864070798567,%,-0.019777148972969484,1.0
20150612,NIFTY50,7982.9,0.22032930128619288,%,0.0022008693222258725,1.0
20150615,NIFTY50,8013.9,0.3883300554936131,%,0.003875780006747908,3.0
20150616,NIFTY50,8047.3,0.41677585195722955,%,0.004159097470468204,1.0
20150617,NIFTY50,8091.55,0.5498738707392592,%,0.005483675836339464,1.0
20150618,NIFTY50,8174.6,1.0263793710722835,%,0.01021147864292033,1.0
20150619,NIFTY50,8224.95,0.6159322780319609,%,0.0061404316829892,1.0
20150622,NIFTY50,8353.1,1.5580641827609876,%,0.015460509843183657,3.0
20150623,NIFTY50,8381.55,0.3405921155020142,%,0.0034001341419138656,1.0
20150624,NIFTY50,8360.85,-0.2469710256456037,%,-0.0024727650214575975,1.0
20150625,NIFTY50,8398.0,0.4443328130512958,%,0.004433485692758857,1.0
20150626,NIFTY50,8381.1,-0.2012383900928727,%,-0.0020144114660273177,1.0
20150629,NIFTY50,8318.4,-0.7481118230303951,%,-0.007509242148659931,3.0
20150630,NIFTY50,8368.5,0.6022792844777802,%,0.006004728324241362,1.0
20150701,NIFTY50,8453.05,1.010336380474386,%,0.010052666017483027,1.0
20150702,NIFTY50,8444.9,-0.09641490349636683,%,-0.0009646141256129774,1.0
20150703,NIFTY50,8484.9,0.4736586578881985,%,0.004725404249484008,1.0
20150706,NIFTY50,8522.15,0.43901519169347036,%,0.00438054331190067,3.0
20150707,NIFTY50,8510.8,-0.13318235421813096,%,-0.0013327112073848752,1.0
20150708,NIFTY50,8363.05,-1.736029515439208,%,-0.017512752120137583,1.0
20150709,NIFTY50,8328.55,-0.41252892186462997,%,-0.0041338216982639425,1.0
20150710,NIFTY50,8360.55,0.38422054259144023,%,0.003834843007237717,1.0
20150713,NIFTY50,8459.65,1.1853287164121928,%,0.011783587197667495,3.0
20150714,NIFTY50,8454.1,-0.06560555105706856,%,-0.0006562708091575268,1.0
20150715,NIFTY50,8523.8,0.8244520410215062,%,0.008210720003500056,1.0
20150716,NIFTY50,8608.05,0.9884089255965733,%,0.009835561154472951,1.0
20150717,NIFTY50,8609.85,0.02091065920855062,%,0.00020908473234936958,1.0
20150720,NIFTY50,8603.45,-0.0743334669012774,%,-0.0007436110792131971,3.0
20150721,NIFTY50,8529.45,-0.8601200681122134,%,-0.008638404492949399,1.0
20150722,NIFTY50,8633.5,1.219891083246849,%,0.012125103757416237,1.0
20150723,NIFTY50,8589.8,-0.5061678345977927,%,-0.005074532032312573,1.0
20150724,NIFTY50,8521.55,-0.794547020885239,%,-0.00797720366050664,1.0
20150727,NIFTY50,8361.0,-1.8840469163473705,%,-0.019020212009607847,3.0
20150728,NIFTY50,8337.0,-0.2870470039468942,%,-0.002874597739444469,1.0
20150729,NIFTY50,8375.05,0.45639918435886884,%,0.004553608414086103,1.0
20150730,NIFTY50,8421.8,0.5582056226530074,%,0.005566534286775702,1.0
20150731,NIFTY50,8532.85,1.3186017240969905,%,0.013099838458928157,1.0
20150803,NIFTY50,8543.05,0.11953802070818753,%,0.0011946663090252347,3.0
20150804,NIFTY50,8516.9,-0.3060967687184224,%,-0.00306566203071199,1.0
20150805,NIFTY50,8567.95,0.599396494029536,%,0.005976072594240236,1.0
20150806,NIFTY50,8588.65,0.24159804854135825,%,0.0024130666967213904,1.0
20150807,NIFTY50,8564.6,-0.28002072502663067,%,-0.0028041351649522885,1.0
20150810,NIFTY50,8525.6,-0.45536277234196065,%,-0.004564027067979434,3.0
20150811,NIFTY50,8462.35,-0.7418832692127286,%,-0.00744648910180363,1.0
20150812,NIFTY50,8349.45,-1.334144770660628,%,-0.013431244392924006,1.0
20150813,NIFTY50,8355.85,0.07665175550484182,%,0.000766223930503318,1.0
20150814,NIFTY50,8518.55,1.9471388308789583,%,0.019284246203826075,1.0
20150817,NIFTY50,8477.3,-0.48423734086200376,%,-0.004854135685655054,3.0
20150818,NIFTY50,8466.55,-0.12680924350914058,%,-0.0012688971446727342,1.0
20150819,NIFTY50,8495.15,0.3377999303139978,%,0.003372306679677083,1.0
20150820,NIFTY50,8372.75,-1.4408221161486212,%,-0.01451302751352893,1.0
20150821,NIFTY50,8299.95,-0.8694873249529667,%,-0.008732894212009904,1.0
20150824,NIFTY50,7809.0,-5.915095874071541,%,-0.060972576007483854,3.0
20150825,NIFTY50,7880.7,0.9181713407606651,%,0.00913981773118768,1.0
20150826,NIFTY50,7791.85,-1.127437917951446,%,-0.011338416770132156,1.0
20150827,NIFTY50,7948.95,2.0162092442744584,%,0.01996152883021574,1.0
20150828,NIFTY50,8001.95,0.6667547286119513,%,0.006645417505821892,1.0
20150831,NIFTY50,7971.3,-0.38303163603871093,%,-0.0038376708080114967,3.0
20150901,NIFTY50,7785.85,-2.3264712154855482,%,-0.02353960751499542,1.0
20150902,NIFTY50,7717.0,-0.884296512262639,%,-0.008882296179158256,1.0
20150903,NIFTY50,7823.0,1.3735907736166952,%,0.01364242522747763,1.0
20150904,NIFTY50,7655.05,-2.1468746005368744,%,-0.02170255193598637,1.0
20150907,NIFTY50,7558.8,-1.2573399259312446,%,-0.012653113333210548,3.0
20150908,NIFTY50,7688.25,1.71257342435307,%,0.016980741915736938,1.0
20150909,NIFTY50,7818.6,1.6954443468929936,%,0.016812321047294777,1.0
20150910,NIFTY50,7788.1,-0.39009541350113475,%,-0.003908582702182925,1.0
20150911,NIFTY50,7789.3,0.015408122648663536,%,0.00015406935719366538,1.0
20150914,NIFTY50,7872.25,1.0649223935398577,%,0.010592920323966004,3.0
20150915,NIFTY50,7829.1,-0.5481279176855369,%,-0.00549635650817742,1.0
20150916,NIFTY50,7899.15,0.8947388588726568,%,0.008907597879939009,1.0
20150918,NIFTY50,7981.9,1.0475810688491904,%,0.010421319612123373,2.0
20150921,NIFTY50,7977.1,-0.06013605783082854,%,-0.0006015414681044874,3.0
20150922,NIFTY50,7812.0,-2.069674443093361,%,-0.020913923877102725,1.0
20150923,NIFTY50,7845.95,0.4345878136200687,%,0.004336462078648718,1.0
20150924,NIFTY50,7868.5,0.28740942779394985,%,0.0028699719657007167,1.0
20150928,NIFTY50,7795.7,-0.9252081082798513,%,-0.009295147426338244,4.0
20150929,NIFTY50,7843.3,0.6105930192285447,%,0.00608736453593409,1.0
20150930,NIFTY50,7948.9,1.3463720627796993,%,0.01337389014469916,1.0
20151001,NIFTY50,7950.9,0.02516071406106768,%,0.00025157549284249867,1.0
20151005,NIFTY50,8119.3,2.117999220214073,%,0.02095881375508732,4.0
20151006,NIFTY50,8152.9,0.4138287783429506,%,0.004129748620775543,1.0
20151007,NIFTY50,8177.4,0.30050656821498656,%,0.0030005594976027835,1.0
20151008,NIFTY50,8129.35,-0.5875950791204954,%,-0.0058932821154094855,1.0
20151009,NIFTY50,8189.7,0.7423717763412663,%,0.007396297593475994,1.0
20151012,NIFTY50,8143.6,-0.5629021820091062,%,-0.005644924469066859,3.0
20151013,NIFTY50,8131.7,-0.14612701999116018,%,-0.0014623388964399796,1.0
20151014,NIFTY50,8107.9,-0.29268172706814477,%,-0.00293110877602961,1.0
20151015,NIFTY50,8179.5,0.883089332626219,%,0.008792129036173624,1.0
20151016,NIFTY50,8238.15,0.7170364936732065,%,0.007144780099017116,1.0
20151019,NIFTY50,8275.05,0.4479160976675445,%,0.004469159389838342,3.0
20151020,NIFTY50,8261.65,-0.16193255629874947,%,-0.0016206380877549446,1.0
20151021,NIFTY50,8251.7,-0.12043599038931152,%,-0.00120508572810975,1.0
20151023,NIFTY50,8295.45,0.5301937782517641,%,0.005287931993795239,2.0
20151026,NIFTY50,8260.55,-0.4207125592945671,%,-0.004216000446318112,3.0
20151027,NIFTY50,8232.9,-0.3347234748291572,%,-0.0033528492707724606,1.0
20151028,NIFTY50,8171.2,-0.7494321563483064,%,-0.007522545090541855,1.0
20151029,NIFTY50,8111.75,-0.7275553162326198,%,-0.007302149077749941,1.0
20151030,NIFTY50,8065.8,-0.5664622307147038,%,-0.0056807271273674655,1.0
20151102,NIFTY50,8050.8,-0.1859703935133572,%,-0.001861435331419404,3.0
20151103,NIFTY50,8060.7,0.12296914592337949,%,0.0012289360079425834,1.0
20151104,NIFTY50,8040.2,-0.25432034438696016,%,-0.002546442879275842,1.0
20151105,NIFTY50,7955.45,-1.0540782567597828,%,-0.010596730117439205,1.0
20151106,NIFTY50,7954.3,-0.014455499060384014,%,-0.00014456543968348424,1.0
20151109,NIFTY50,7915.2,-0.4915580252190632,%,-0.0049277014549425294,3.0
20151110,NIFTY50,7783.35,-1.6657822922983567,%,-0.01679812471917992,1.0
20151111,NIFTY50,7825.0,0.53511662715926,%,0.0053368996540898335,1.0
20151113,NIFTY50,7762.25,-0.8019169329073428,%,-0.008051495804410539,2.0
20151116,NIFTY50,7806.6,0.5713549550710129,%,0.0056972891335418325,3.0
20151117,NIFTY50,7837.55,0.3964594061435234,%,0.003956755768668415,1.0
20151118,NIFTY50,7731.8,-1.3492736888440882,%,-0.013584591041188353,1.0
20151119,NIFTY50,7842.75,1.4349827983134666,%,0.014247843681842662,1.0
20151120,NIFTY50,7856.55,0.1759586879602093,%,0.001758040620194783,1.0
20151123,NIFTY50,7849.25,-0.09291610185132582,%,-0.0009295929561929175,3.0
20151124,NIFTY50,7831.6,-0.22486224798546894,%,-0.0022511544276917856,1.0
20151126,NIFTY50,7883.8,0.666530466315951,%,0.006643189734136915,2.0
20151127,NIFTY50,7942.7,0.7471016514878581,%,0.0074432466977343344,1.0
20151130,NIFTY50,7935.25,-0.09379681972124798,%,-0.0009384083646455314,3.0
20151201,NIFTY50,7954.9,0.24762924923600327,%,0.00247323153228641,1.0
20151202,NIFTY50,7931.35,-0.2960439477554644,%,-0.002964830246382941,1.0
20151203,NIFTY50,7864.15,-0.8472706411897235,%,-0.008508803828694305,1.0
20151204,NIFTY50,7781.9,-1.0458854421647623,%,-0.010513932612670314,1.0
20151207,NIFTY50,7765.4,-0.21203048098793476,%,-0.002122555838596946,3.0
20151208,NIFTY50,7701.7,-0.8203054575424251,%,-0.008236884761876744,1.0
20151209,NIFTY50,7612.5,-1.158185855070959,%,-0.011649450676256404,1.0
20151210,NIFTY50,7683.3,0.9300492610837541,%,0.009257509334327736,1.0
20151211,NIFTY50,7610.45,-0.9481602957062796,%,-0.009526839524913903,1.0
20151214,NIFTY50,7650.05,0.5203371679729951,%,0.005189880919368561,3.0
20151215,NIFTY50,7700.9,0.6647015378984378,%,0.006625021381424254,1.0
20151216,NIFTY50,7750.9,0.6492747600929771,%,0.006471760508837625,1.0
20151217,NIFTY50,7844.35,1.2056664387361637,%,0.011984561775383614,1.0
20151218,NIFTY50,7761.95,-1.0504375760898021,%,-0.010559936143228895,1.0
20151221,NIFTY50,7834.45,0.9340436359420057,%,0.009297084226538115,3.0
20151222,NIFTY50,7786.1,-0.6171460664118,%,-0.0061905828425923215,1.0
20151223,NIFTY50,7865.95,1.0255455234327693,%,0.01020322484736798,1.0
20151224,NIFTY50,7861.05,-0.062293810664948435,%,-0.0006231322132069426,1.0
20151228,NIFTY50,7925.15,0.8154126993213273,%,0.008121061723696364,4.0
20151229,NIFTY50,7928.95,0.04794861926904481,%,0.000479371275918494,1.0
20151230,NIFTY50,7896.25,-0.4124127406529232,%,-0.004132655074162747,1.0
20151231,NIFTY50,7946.35,0.634478391641613,%,0.006324740510985518,1.0
20160101,NIFTY50,7963.2,0.21204704046511313,%,0.0021182253803941208,1.0
20160104,NIFTY50,7791.3,-2.158679927667262,%,-0.02182320254634219,3.0
20160105,NIFTY50,7784.65,-0.0853516101292584,%,-0.0008538805535521714,1.0
20160106,NIFTY50,7741.0,-0.5607188505584615,%,-0.0056229677996819044,1.0
20160107,NIFTY50,7568.3,-2.230977909830767,%,-0.022562406666700497,1.0
20160108,NIFTY50,7601.35,0.4366898775154393,%,0.00435739154073617,1.0
20160111,NIFTY50,7563.85,-0.4933334210370566,%,-0.004945543274399779,3.0
20160112,NIFTY50,7510.3,-0.7079727916338929,%,-0.007104908106335364,1.0
20160113,NIFTY50,7562.4,0.6937139661531422,%,0.006913188413160628,1.0
20160114,NIFTY50,7536.8,-0.33851687295037847,%,-0.003390911376716468,1.0
20160115,NIFTY50,7437.8,-1.3135548243286221,%,-0.013222582559598958,1.0
20160118,NIFTY50,7351.0,-1.1670117507865285,%,-0.011738747800771408,3.0
20160119,NIFTY50,7435.1,1.1440620323765582,%,0.011375671328844596,1.0
20160120,NIFTY50,7309.3,-1.6919745531331132,%,-0.017064519778242238,1.0
20160121,NIFTY50,7276.8,-0.44463902152053203,%,-0.004456304808527721,1.0
20160122,NIFTY50,7422.45,2.0015666226912865,%,0.019817986224223778,1.0
20160125,NIFTY50,7436.15,0.1845751739654622,%,0.0018440504330504684,3.0
20160127,NIFTY50,7437.75,0.021516510559904667,%,0.00021514196090760673,2.0
20160128,NIFTY50,7424.65,-0.17612853349467938,%,-0.001762838221614563,1.0
20160129,NIFTY50,7563.55,1.8707952563420616,%,0.01853511116378017,1.0
20160201,NIFTY50,7555.95,-0.10048191656034655,%,-0.0010053243348120673,3.0
20160202,NIFTY50,7455.55,-1.328754160628376,%,-0.013376610874904342,1.0
20160203,NIFTY50,7361.8,-1.257452501827494,%,-0.012654253427677708,1.0
20160204,NIFTY50,7404.0,0.5732293732511051,%,0.005715926654272561,1.0
20160205,NIFTY50,7489.1,1.1493787142085488,%,0.011428235384442176,1.0
20160208,NIFTY50,7387.25,-1.3599764991788166,%,-0.013693088883640953,3.0
20160209,NIFTY50,7298.2,-1.2054553453585637,%,-0.012127798804870539,1.0
20160210,NIFTY50,7215.7,-1.1304157189443997,%,-0.011368534790472756,1.0
20160211,NIFTY50,6976.35,-3.317072494699047,%,-0.03373335025025544,1.0
20160212,NIFTY50,6980.95,0.06593705877715461,%,0.0006591532984963952,1.0
20160215,NIFTY50,7162.95,2.6070950228836987,%,0.02573689662749143,3.0
20160216,NIFTY50,7048.25,-1.6012955556020891,%,-0.01614254823202739,1.0
20160217,NIFTY50,7108.45,0.8541127230163426,%,0.008504858175728582,1.0
20160218,NIFTY50,7191.75,1.1718447762873785,%,0.01165031848362057,1.0
20160219,NIFTY50,7210.75,0.26419160844022294,%,0.002638432358562314,1.0
20160222,NIFTY50,7234.55,0.33006275352771564,%,0.0032951924204565474,3.0
20160223,NIFTY50,7109.55,-1.7278199749811707,%,-0.01742920982584184,1.0
20160224,NIFTY50,7018.7,-1.2778586549078375,%,-0.012860934969299378,1.0
20160225,NIFTY50,6970.6,-0.6853120948323688,%,-0.006876711422382299,1.0
20160226,NIFTY50,7029.75,0.8485639686683921,%,0.008449839031309078,1.0
20160229,NIFTY50,6987.05,-0.607418471496135,%,-0.006092707620728847,3.0
20160301,NIFTY50,7222.3,3.3669431305057174,%,0.03311502604036025,1.0
20160302,NIFTY50,7368.85,2.0291319939631514,%,0.020088194301993236,1.0
20160303,NIFTY50,7475.6,1.448665666962956,%,0.01438272757981807,1.0
20160304,NIFTY50,7485.35,0.13042431376746322,%,0.0013033933513985744,1.0
20160308,NIFTY50,7485.3,-0.0006679714375401602,%,-6.679736684793017e-06,4.0
20160309,NIFTY50,7531.8,0.6212175864694691,%,0.006192959841356403,1.0
20160310,NIFTY50,7486.15,-0.6060968161661351,%,-0.006079410385437102,1.0
20160311,NIFTY50,7510.2,0.32125992666458547,%,0.0032074498952521847,1.0
20160314,NIFTY50,7538.75,0.3801496631248291,%,0.0037942892031638392,3.0
20160315,NIFTY50,7460.6,-1.0366440059691562,%,-0.010420545847201314,1.0
20160316,NIFTY50,7498.75,0.5113529742916123,%,0.005100500049307666,1.0
20160317,NIFTY50,7512.55,0.1840306717786344,%,0.0018386154280552417,1.0
20160318,NIFTY50,7604.35,1.2219552615290397,%,0.01214549655978919,1.0
20160321,NIFTY50,7704.25,1.3137217513659927,%,0.013051672671276491,3.0
20160322,NIFTY50,7714.9,0.13823538955770598,%,0.0013813993240332821,1.0
20160323,NIFTY50,7716.5,0.02073908929474122,%,0.00020736939042907305,1.0
20160328,NIFTY50,7615.1,-1.3140672584720958,%,-0.013227775121485097,5.0
20160329,NIFTY50,7597.0,-0.2376856508778613,%,-0.0023796857161793887,1.0
20160330,NIFTY50,7735.2,1.8191391338686191,%,0.01802790766611606,1.0
20160331,NIFTY50,7738.4,0.04136932464577914,%,0.00041360769899949964,1.0
20160401,NIFTY50,7713.05,-0.3275870981081286,%,-0.003281248393441246,1.0
20160404,NIFTY50,7758.8,0.5931505694893646,%,0.005913983569240657,3.0
20160405,NIFTY50,7603.2,-2.0054647625921573,%,-0.020258471755920285,1.0
20160406,NIFTY50,7614.35,0.14664877946128918,%,0.001465413551501711,1.0
20160407,NIFTY50,7546.45,-0.8917373117863003,%,-0.008957370850205362,1.0
20160408,NIFTY50,7555.2,0.11594855859378139,%,0.0011588139016811545,1.0
20160411,NIFTY50,7671.4,1.5380135535789874,%,0.015263060148727501,3.0
20160412,NIFTY50,7708.95,0.4894804077482551,%,0.004882863472765534,1.0
20160413,NIFTY50,7850.45,1.8355288333690156,%,0.018188863461525737,1.0
20160418,NIFTY50,7914.7,0.818424421529973,%,0.008150934906212496,5.0
20160420,NIFTY50,7914.75,0.0006317358838714426,%,6.3173388842871176e-06,2.0
20160421,NIFTY50,7912.05,-0.03411352222116859,%,-0.0003411934220679929,1.0
20160422,NIFTY50,7899.3,-0.16114660549415571,%,-0.0016127658629500094,1.0
20160425,NIFTY50,7855.05,-0.5601762181459136,%,-0.005617510892454403,3.0
20160426,NIFTY50,7962.65,1.3698194155352228,%,0.013605221965695767,1.0
20160427,NIFTY50,7979.9,0.21663642129190475,%,0.0021640210294831333,1.0
20160428,NIFTY50,7847.25,-1.6623015326006518,%,-0.01676272810774945,1.0
20160429,NIFTY50,7849.8,0.03249546019306049,%,0.0003249018156190739,1.0
20160502,NIFTY50,7805.9,-0.559249917195348,%,-0.005608195744850267,3.0
20160503,NIFTY50,7747.0,-0.7545574501338637,%,-0.007574186368132628,1.0
20160504,NIFTY50,7706.55,-0.5221376016522505,%,-0.005235055036589779,1.0
20160505,NIFTY50,7735.5,0.3756544757381741,%,0.0037495065638106385,1.0
20160506,NIFTY50,7733.45,-0.026501195785666454,%,-0.00026504707973084955,1.0
20160509,NIFTY50,7866.05,1.7146293051613526,%,0.0170009543630475,3.0
20160510,NIFTY50,7887.8,0.276504726006066,%,0.002761231549014723,1.0
20160511,NIFTY50,7848.85,-0.4938005527523548,%,-0.004950237761993738,1.0
20160512,NIFTY50,7900.4,0.6567841148703124,%,0.006546366855241561,1.0
20160513,NIFTY50,7814.9,-1.0822236848767153,%,-0.01088122321630429,1.0
20160516,NIFTY50,7860.75,0.5866997658319439,%,0.005849853849998104,3.0
20160517,NIFTY50,7890.75,0.3816429729987636,%,0.0038091656381104887,1.0
20160518,NIFTY50,7870.15,-0.261065171244812,%,-0.0026140654062346874,1.0
20160519,NIFTY50,7783.4,-1.1022661575700643,%,-0.011083861247528111,1.0
20160520,NIFTY50,7749.7,-0.4329727368502123,%,-0.004339127782009621,1.0
20160523,NIFTY50,7731.05,-0.24065447694748832,%,-0.0024094451525408156,3.0
20160524,NIFTY50,7748.85,0.23024039425434406,%,0.0022997574719705355,1.0
20160525,NIFTY50,7934.9,2.4010014389231893,%,0.023726306246479582,1.0
20160526,NIFTY50,8069.65,1.698194054115354,%,0.01683935932876852,1.0
20160527,NIFTY50,8156.65,1.0781136728358787,%,0.010723434632758858,1.0
20160530,NIFTY50,8178.5,0.26787958291700775,%,0.0026752142504092432,3.0
20160531,NIFTY50,8160.1,-0.2249801308308319,%,-0.0022523359135574773,1.0
20160601,NIFTY50,8179.95,0.24325682283303784,%,0.0024296143236509325,1.0
20160602,NIFTY50,8218.95,0.4767755304127874,%,0.004756425556180148,1.0
20160603,NIFTY50,8220.8,0.022508957956901554,%,0.0002250642507103704,1.0
20160606,NIFTY50,8201.05,-0.2402442584663267,%,-0.0024053330802774366,3.0
20160607,NIFTY50,8266.45,0.7974588619749978,%,0.00794295962877799,1.0
20160608,NIFTY50,8273.05,0.0798408022790742,%,0.0007980894646536186,1.0
20160609,NIFTY50,8203.6,-0.839472745843417,%,-0.008430161629140858,1.0
20160610,NIFTY50,8170.05,-0.40896679506557954,%,-0.004098053513215543,1.0
20160613,NIFTY50,8110.6,-0.7276577254729188,%,-0.007303180676130014,3.0
20160614,NIFTY50,8108.85,-0.021576702093561995,%,-0.00021579030198819746,1.0
20160615,NIFTY50,8206.6,1.2054730325508523,%,0.011982650752247075,1.0
20160616,NIFTY50,8140.75,-0.8024029439719249,%,-0.008056395216174761,1.0
20160617,NIFTY50,8170.2,0.3617602800724651,%,0.003611075014268178,1.0
20160620,NIFTY50,8238.5,0.8359648478617476,%,0.00832490013890157,3.0
20160621,NIFTY50,8219.9,-0.22576925411179616,%,-0.00226024497138191,1.0
20160622,NIFTY50,8203.7,-0.19708268957041586,%,-0.001972771530476316,1.0
20160623,NIFTY50,8270.45,0.8136572522154717,%,0.00810364908467242,1.0
20160624,NIFTY50,8088.6,-2.198792085073975,%,-0.0222332581552268,1.0
20160627,NIFTY50,8094.7,0.07541478129713397,%,0.0007538635863996896,3.0
20160628,NIFTY50,8127.85,0.4095272215153267,%,0.004086909412090227,1.0
20160629,NIFTY50,8204.0,0.9369021327903404,%,0.009325404268708032,1.0
20160630,NIFTY50,8287.75,1.0208434909800168,%,0.010156680759383653,1.0
20160701,NIFTY50,8328.35,0.4898796416397788,%,0.004886836357259007,1.0
20160704,NIFTY50,8370.7,0.5085040854430956,%,0.005072155696760833,3.0
20160705,NIFTY50,8335.95,-0.4151385188813306,%,-0.004160026111129104,1.0
20160707,NIFTY50,8337.9,0.023392654706411165,%,0.00023389919051559977,2.0
20160708,NIFTY50,8323.2,-0.1763033857446028,%,-0.0017645898307286068,1.0
20160711,NIFTY50,8467.9,1.738514033064198,%,0.01723574776678337,3.0
20160712,NIFTY50,8521.05,0.6276644740726756,%,0.0062570286455097815,1.0
20160713,NIFTY50,8519.5,-0.01819024650716594,%,-0.0001819190113316264,1.0
20160714,NIFTY50,8565.0,0.5340689007570898,%,0.005326478102926448,1.0
20160715,NIFTY50,8541.4,-0.27553998832458015,%,-0.0027592029851549417,1.0
20160718,NIFTY50,8508.7,-0.38284122040882496,%,-0.0038357593319745743,3.0
20160719,NIFTY50,8528.55,0.23329063194141852,%,0.0023301893183188,1.0
20160720,NIFTY50,8565.85,0.43735453271660507,%,0.004364009172228777,1.0
20160721,NIFTY50,8510.1,-0.6508402551994252,%,-0.0065296745519432715,1.0
20160722,NIFTY50,8541.2,0.36544811459324755,%,0.0036478197540639554,1.0
20160725,NIFTY50,8635.65,1.105816512902158,%,0.010997470657424058,3.0
20160726,NIFTY50,8590.65,-0.5210956905386421,%,-0.005224581292661802,1.0
20160727,NIFTY50,8615.8,0.29276015202575056,%,0.0029233244406166444,1.0
20160728,NIFTY50,8666.3,0.5861324543281032,%,0.00584421380906831,1.0
20160729,NIFTY50,8638.5,-0.32078280234931755,%,-0.0032129841333691732,1.0
20160801,NIFTY50,8636.55,-0.022573363431155347,%,-0.00022575911598316892,3.0
20160802,NIFTY50,8622.9,-0.1580492210431217,%,-0.001581742505806558,1.0
20160803,NIFTY50,8544.85,-0.9051479200732793,%,-0.009092692722650519,1.0
20160804,NIFTY50,8551.1,0.07314347238394081,%,0.0007311673558286769,1.0
20160805,NIFTY50,8683.15,1.544245769550101,%,0.015324436420528317,1.0
20160808,NIFTY50,8711.35,0.3247669336588821,%,0.003242407048897645,3.0
20160809,NIFTY50,8678.25,-0.37996406986288145,%,-0.003806877671094584,1.0
20160810,NIFTY50,8575.3,-1.1862990810359353,%,-0.01193391757965112,1.0
20160811,NIFTY50,8592.15,0.19649458327988256,%,0.001963017851908133,1.0
20160812,NIFTY50,8672.15,0.9310824415309282,%,0.009267745880991957,1.0
20160816,NIFTY50,8642.55,-0.3413225094123229,%,-0.003419063435729824,4.0
20160817,NIFTY50,8624.05,-0.21405719376804688,%,-0.0021428662364497363,1.0
20160818,NIFTY50,8673.25,0.5704976200277212,%,0.00568876445275242,1.0
20160819,NIFTY50,8666.9,-0.07321361657971481,%,-0.0007324043083656851,1.0
20160822,NIFTY50,8629.15,-0.43556519632164115,%,-0.004365165450238113,3.0
20160823,NIFTY50,8632.6,0.039980762879321396,%,0.0003997277270193764,1.0
20160824,NIFTY50,8650.3,0.20503672126588324,%,0.0020482680786460994,1.0
20160825,NIFTY50,8592.2,-0.6716530062541026,%,-0.006739187460298809,1.0
20160826,NIFTY50,8572.55,-0.22869579385956795,%,-0.0022895770208179967,1.0
20160829,NIFTY50,8607.45,0.40711340266317286,%,0.004062869383885717,3.0
20160830,NIFTY50,8744.35,1.590482663274262,%,0.015779670194480996,1.0
20160831,NIFTY50,8786.2,0.4785947497526921,%,0.004774531261316747,1.0
20160901,NIFTY50,8774.65,-0.13145614713984122,%,-0.0013154262652956953,1.0
20160902,NIFTY50,8809.65,0.3988763084567415,%,0.003980829060059706,1.0
20160906,NIFTY50,8943.0,1.5136810202448503,%,0.015023391787410141,4.0
20160907,NIFTY50,8917.95,-0.2801073465280024,%,-0.0028050038127360455,1.0
20160908,NIFTY50,8952.5,0.3874208758739339,%,0.003866723339142703,1.0
20160909,NIFTY50,8866.7,-0.9583915107511776,%,-0.009630136379477202,1.0
20160912,NIFTY50,8715.6,-1.7041289318461272,%,-0.017188163092987728,3.0
20160914,NIFTY50,8726.6,0.12621047317453726,%,0.001261308947073783,2.0
20160915,NIFTY50,8742.55,0.18277450553478847,%,0.0018260767618550118,1.0
20160916,NIFTY50,8779.85,0.42664897541335733,%,0.004257414091712508,1.0
20160919,NIFTY50,8808.4,0.3251763982300204,%,0.0032464884312727363,3.0
20160920,NIFTY50,8775.9,-0.3689659870123929,%,-0.0036964834547443554,1.0
20160921,NIFTY50,8777.15,0.01424355336774319,%,0.00014242539069994042,1.0
20160922,NIFTY50,8867.45,1.0288077565041132,%,0.010235515496083751,1.0
20160923,NIFTY50,8831.55,-0.4048514510936241,%,-0.004056731932207209,1.0
20160926,NIFTY50,8723.05,-1.2285499147941192,%,-0.012361589742133385,3.0
20160927,NIFTY50,8706.4,-0.19087360498907247,%,-0.0019105600078839372,1.0
20160928,NIFTY50,8745.15,0.44507488743912305,%,0.004440873582407444,1.0
20160929,NIFTY50,8591.25,-1.7598325929229275,%,-0.01775501752844433,1.0
20160930,NIFTY50,8611.15,0.23163101993306512,%,0.002313631688238527,1.0
20161003,NIFTY50,8738.1,1.4742514066065526,%,0.014634899588265053,3.0
20161004,NIFTY50,8769.15,0.3553404058090459,%,0.0035471056340442638,1.0
20161005,NIFTY50,8743.95,-0.28737106789140654,%,-0.0028778477131076213,1.0
20161006,NIFTY50,8709.55,-0.39341487542816633,%,-0.003941907874533398,1.0
20161007,NIFTY50,8697.6,-0.13720571097242118,%,-0.0013729992419518038,1.0
20161010,NIFTY50,8708.8,0.1287711552611981,%,0.0012868831631654618,3.0
20161013,NIFTY50,8573.35,-1.5553233510931297,%,-0.015675453985937313,3.0
20161014,NIFTY50,8583.4,0.11722372234890255,%,0.0011715506899027308,1.0
20161017,NIFTY50,8520.4,-0.7339748817484892,%,-0.007366817305771525,3.0
20161018,NIFTY50,8677.9,1.8485047650345088,%,0.018316275821285182,1.0
20161019,NIFTY50,8659.1,-0.21664227520482582,%,-0.0021687728406222717,1.0
20161020,NIFTY50,8699.4,0.4654063355314042,%,0.004643266688410912,1.0
20161021,NIFTY50,8693.05,-0.07299353978436063,%,-0.0007302019303950406,1.0
20161024,NIFTY50,8708.95,0.18290473424174003,%,0.0018273766721734427,3.0
20161025,NIFTY50,8691.3,-0.20266507443493786,%,-0.0020287071798899977,1.0
20161026,NIFTY50,8615.25,-0.8750129439784482,%,-0.008788636615468148,1.0
20161027,NIFTY50,8615.25,0.0,%,0.0,1.0
20161028,NIFTY50,8638.0,0.26406662604103737,%,0.0026371858270232084,1.0
20161030,NIFTY50,8625.7,-0.14239407270200122,%,-0.0014249554940435026,2.0
20161101,NIFTY50,8626.25,0.006376294097854007,%,6.376090820862876e-05,2.0
20161102,NIFTY50,8514.0,-1.3012606868569754,%,-0.013098012546713908,1.0
20161103,NIFTY50,8484.95,-0.34120272492365045,%,-0.0034178614890483976,1.0
20161104,NIFTY50,8433.75,-0.6034213519231169,%,-0.006052492957414144,1.0
20161107,NIFTY50,8497.05,0.7505558025789227,%,0.007477531474391754,3.0
20161108,NIFTY50,8543.55,0.5472487510371327,%,0.005457567857587197,1.0
20161109,NIFTY50,8432.0,-1.3056633366691717,%,-0.013142620492470334,1.0
20161110,NIFTY50,8525.75,1.1118358633776193,%,0.01105700404045472,1.0
20161111,NIFTY50,8296.3,-2.691258833533716,%,-0.02728136356027867,1.0
20161115,NIFTY50,8108.45,-2.264262382025717,%,-0.022902904489528118,4.0
20161116,NIFTY50,8111.6,0.0388483618940727,%,0.000388408178717196,1.0
20161117,NIFTY50,8079.95,-0.39018196163519425,%,-0.003909451573325995,1.0
20161118,NIFTY50,8074.1,-0.0724014381277005,%,-0.0007242766062665681,1.0
20161121,NIFTY50,7929.1,-1.795865793091489,%,-0.018121871647160233,3.0
20161122,NIFTY50,8002.3,0.9231816977967267,%,0.00918946421801175,1.0
20161123,NIFTY50,8033.3,0.387388625770102,%,0.003866402082667232,1.0
20161124,NIFTY50,7965.5,-0.8439869045099746,%,-0.008475686411485068,1.0
20161125,NIFTY50,8114.3,1.86805599146318,%,0.01850822120281033,1.0
20161128,NIFTY50,8126.9,0.1552814167580685,%,0.001551609798274446,3.0
20161129,NIFTY50,8142.15,0.18764842682941207,%,0.0018747258710823762,1.0
20161130,NIFTY50,8224.5,1.0114036218934919,%,0.010063231627096166,1.0
20161201,NIFTY50,8192.9,-0.3842178855857581,%,-0.00384957898620221,1.0
20161202,NIFTY50,8086.8,-1.2950237400676134,%,-0.013034822785839032,1.0
20161205,NIFTY50,8128.75,0.5187465993965468,%,0.005174057443189948,3.0
20161206,NIFTY50,8143.15,0.17714900815009038,%,0.0017699228435711283,1.0
20161207,NIFTY50,8102.05,-0.504718689941841,%,-0.005059966967614639,1.0
20161208,NIFTY50,8246.85,1.7872020044309878,%,0.017714193176468933,1.0
20161209,NIFTY50,8261.75,0.18067504562346848,%,0.001805120245922591,1.0
20161212,NIFTY50,8170.8,-1.1008563560988893,%,-0.011069606204788154,3.0
20161213,NIFTY50,8221.8,0.6241738875018221,%,0.0062223399032888815,1.0
20161214,NIFTY50,8182.45,-0.47860565812838374,%,-0.004797546425438739,1.0
20161215,NIFTY50,8153.6,-0.3525838838000728,%,-0.0035320692570365406,1.0
20161216,NIFTY50,8139.45,-0.1735429748822681,%,-0.0017369373515074115,1.0
20161219,NIFTY50,8104.35,-0.43123306857342225,%,-0.004321655601441878,3.0
20161220,NIFTY50,8082.4,-0.27084220202731046,%,-0.002712096431263081,1.0
20161221,NIFTY50,8061.3,-0.2610610709690153,%,-0.0026140242961534598,1.0
20161222,NIFTY50,7979.1,-1.0196866510364333,%,-0.010249210688764674,1.0
20161223,NIFTY50,7985.75,0.08334273288967964,%,0.0008330802211864997,1.0
20161226,NIFTY50,7908.25,-0.9704786651222541,%,-0.009752185003088458,3.0
20161227,NIFTY50,8032.85,1.575569816331046,%,0.01563286567878568,1.0
20161228,NIFTY50,8034.85,0.02489776355838469,%,0.00024894664579607243,1.0
20161229,NIFTY50,8103.6,0.8556475852069312,%,0.008520076697512285,1.0
20161230,NIFTY50,8185.8,1.014363986376421,%,0.01009253842808683,1.0
20170102,NIFTY50,8179.5,-0.0769625448948208,%,-0.0007699217626575115,3.0
20170103,NIFTY50,8192.25,0.15587749862460143,%,0.0015575613575361691,1.0
20170104,NIFTY50,8190.5,-0.021361652781592966,%,-0.00021363934707617968,1.0
20170105,NIFTY50,8273.8,1.01703192723277,%,0.010118949579130353,1.0
20170106,NIFTY50,8243.8,-0.36259034542773794,%,-0.0036324929756751554,1.0
20170109,NIFTY50,8236.05,-0.09401004391178525,%,-0.0009405426106811757,3.0
20170110,NIFTY50,8288.6,0.6380485791125823,%,0.006360216663891995,1.0
20170111,NIFTY50,8380.65,1.110561494100315,%,0.011044400399176861,1.0
20170112,NIFTY50,8407.2,0.316801202770689,%,0.003163004450858122,1.0
20170113,NIFTY50,8400.35,-0.08147778094966807,%,-0.0008151099213466025,1.0
20170116,NIFTY50,8412.8,0.14820811037634662,%,0.0014809839055218003,3.0
20170117,NIFTY50,8398.0,-0.17592240395586378,%,-0.0017607732914233583,1.0
20170118,NIFTY50,8417.0,0.2262443438914019,%,0.002259887967437504,1.0
20170119,NIFTY50,8435.1,0.21504098847571207,%,0.0021481010627708392,1.0
20170120,NIFTY50,8349.35,-1.0165854583822354,%,-0.010217879770848582,1.0
20170123,NIFTY50,8391.5,0.5048297172833838,%,0.005035597244735685,3.0
20170124,NIFTY50,8475.8,1.0045879759280174,%,0.009995755325698906,1.0
20170125,NIFTY50,8602.75,1.4977937185870482,%,0.014866875494814625,1.0
20170127,NIFTY50,8641.25,0.44753131266164203,%,0.004465328690727306,2.0
20170130,NIFTY50,8632.75,-0.09836539852451365,%,-0.0009841380903137704,3.0
20170131,NIFTY50,8561.3,-0.8276621007211049,%,-0.008311062405448044,1.0
20170201,NIFTY50,8716.4,1.8116407554927383,%,0.017954260859053356,1.0
20170202,NIFTY50,8734.25,0.20478637969805202,%,0.002045769782265635,1.0
20170203,NIFTY50,8740.95,0.07670950568166024,%,0.0007668009897788109,1.0
20170206,NIFTY50,8801.05,0.6875682849118103,%,0.006852153135457134,3.0
20170207,NIFTY50,8768.3,-0.37211469086074755,%,-0.003728087599335007,1.0
20170208,NIFTY50,8769.05,0.00855353945463655,%,8.553173660309299e-05,1.0
20170209,NIFTY50,8778.4,0.10662500498914707,%,0.0010656820090535477,1.0
20170210,NIFTY50,8793.55,0.1725827029982696,%,0.0017243395017456963,1.0
20170213,NIFTY50,8805.05,0.1307776722711429,%,0.001306922327557468,3.0
20170214,NIFTY50,8792.3,-0.1448032663074028,%,-0.0014490820755487257,1.0
20170215,NIFTY50,8724.7,-0.7688545659269908,%,-0.007718254905012281,1.0
20170216,NIFTY50,8778.0,0.6109092576249031,%,0.006090507722847818,1.0
20170217,NIFTY50,8821.7,0.4978354978355082,%,0.004966003944137277,1.0
20170220,NIFTY50,8879.2,0.651801806907959,%,0.006496867645453195,3.0
20170221,NIFTY50,8907.85,0.32266420398232576,%,0.003221447601126885,1.0
20170222,NIFTY50,8926.9,0.21385631774220037,%,0.002136279706175582,1.0
20170223,NIFTY50,8939.5,0.1411464226103165,%,0.0014104690468023052,1.0
20170227,NIFTY50,8896.7,-0.4787739806476843,%,-0.004799237746814985,4.0
20170228,NIFTY50,8879.6,-0.19220609889060158,%,-0.001923910518447593,1.0
20170301,NIFTY50,8945.8,0.7455290778863866,%,0.007427637455889499,1.0
20170302,NIFTY50,8899.75,-0.5147667061637828,%,-0.0051609619444392294,1.0
20170303,NIFTY50,8897.55,-0.024719795499883457,%,-0.0002472285134494071,1.0
20170306,NIFTY50,8963.45,0.7406533259155745,%,0.0073792395765551015,3.0
20170307,NIFTY50,8946.9,-0.18463872727577657,%,-0.001848093946849372,1.0
20170308,NIFTY50,8924.3,-0.25260145972347825,%,-0.002529210354928941,1.0
20170309,NIFTY50,8927.0,0.030254473740254362,%,0.0003024989799723591,1.0
20170310,NIFTY50,8934.55,0.08457488517978895,%,0.0008453914077621215,1.0
20170314,NIFTY50,9087.0,1.7062974632186423,%,0.016919037108222915,4.0
20170315,NIFTY50,9084.8,-0.024210410476510624,%,-0.00024213341669499945,1.0
20170316,NIFTY50,9153.7,0.7584096512856853,%,0.0075554818394591335,1.0
20170317,NIFTY50,9160.05,0.0693708555010275,%,0.0006934680504509139,1.0
20170320,NIFTY50,9126.85,-0.36244343644411536,%,-0.003631018540763328,3.0
20170321,NIFTY50,9121.5,-0.05861825273780763,%,-0.0005863543995246928,1.0
20170322,NIFTY50,9030.45,-0.9981910869922617,%,-0.01003206417186662,1.0
20170323,NIFTY50,9086.3,0.6184630887718701,%,0.006165584547492602,1.0
20170324,NIFTY50,9108.0,0.23882108228872045,%,0.0023853635797301672,1.0
20170327,NIFTY50,9045.2,-0.6895037329819886,%,-0.006918917934791204,3.0
20170328,NIFTY50,9100.8,0.6146906646619099,%,0.006128091479973277,1.0
20170329,NIFTY50,9143.8,0.47248593530238026,%,0.004713732240665867,1.0
20170330,NIFTY50,9173.75,0.3275443469892281,%,0.003270090889794336,1.0
20170331,NIFTY50,9173.75,0.0,%,0.0,1.0
20170403,NIFTY50,9237.85,0.6987327973838386,%,0.0069630297186553496,3.0
20170405,NIFTY50,9265.15,0.2955233089950493,%,0.002950874972699546,2.0
20170406,NIFTY50,9261.95,-0.03453802690727148,%,-0.00034543992657459197,1.0
20170407,NIFTY50,9198.3,-0.6872202937826422,%,-0.006895925270026629,1.0
20170410,NIFTY50,9181.45,-0.18318602350432256,%,-0.0018335401428880005,3.0
20170411,NIFTY50,9237.0,0.6050242608738099,%,0.0060320133814717155,1.0
20170412,NIFTY50,9203.45,-0.363213164447318,%,-0.00363874385040507,1.0
20170413,NIFTY50,9150.8,-0.5720680831644787,%,-0.0057371066005767095,1.0
20170417,NIFTY50,9139.3,-0.12567207238711742,%,-0.0012575110595836488,4.0
20170418,NIFTY50,9105.15,-0.37366100248377165,%,-0.0037436085914588713,1.0
20170419,NIFTY50,9103.5,-0.01812161249402644,%,-0.00018123254656617248,1.0
20170420,NIFTY50,9136.4,0.3613994617454708,%,0.0036074798304592064,1.0
20170421,NIFTY50,9119.4,-0.1860689111685132,%,-0.0018624223440083505,1.0
20170424,NIFTY50,9217.95,1.0806632015264217,%,0.010748657665170285,3.0
20170425,NIFTY50,9306.6,0.9617105755618027,%,0.00957115576311929,1.0
20170426,NIFTY50,9351.85,0.48621408462812266,%,0.004850358814640877,1.0
20170427,NIFTY50,9342.15,-0.1037227928164075,%,-0.0010377662213055345,1.0
20170428,NIFTY50,9304.05,-0.40782903293139494,%,-0.004086629235361126,1.0
20170502,NIFTY50,9313.8,0.10479307398389981,%,0.0010473820437181462,4.0
20170503,NIFTY50,9311.95,-0.0198629989907273,%,-0.00019864971945634827,1.0
20170504,NIFTY50,9359.9,0.5149297408169051,%,0.005136085112886035,1.0
20170505,NIFTY50,9285.3,-0.7970170621481087,%,-0.008002102211332685,1.0
20170508,NIFTY50,9314.05,0.3096291988411881,%,0.0030915083481940896,3.0
20170509,NIFTY50,9316.85,0.030062110467521386,%,0.0003005759272048997,1.0
20170510,NIFTY50,9407.3,0.9708216832942318,%,0.009661394890383165,1.0
20170511,NIFTY50,9422.4,0.16051364365972098,%,0.0016038495819746207,1.0
20170512,NIFTY50,9400.9,-0.22817965698760379,%,-0.002284403834589391,1.0
20170515,NIFTY50,9445.4,0.47335893371911464,%,0.004722421133111579,3.0
20170516,NIFTY50,9512.25,0.7077519215702877,%,0.007052591126820168,1.0
20170517,NIFTY50,9525.75,0.14192225814082526,%,0.0014182164368899746,1.0
20170518,NIFTY50,9429.45,-1.0109440201558906,%,-0.010160887622263356,1.0
20170519,NIFTY50,9427.9,-0.01643786222951249,%,-0.00016439213394156289,1.0
20170522,NIFTY50,9438.25,0.10978054497821077,%,0.001097203302033083,3.0
20170523,NIFTY50,9386.15,-0.5520091118586645,%,-0.0055353831230343315,1.0
20170524,NIFTY50,9360.55,-0.2727422851754979,%,-0.002731149046275337,1.0
20170525,NIFTY50,9509.75,1.5939234339862551,%,0.015813538647069577,1.0
20170526,NIFTY50,9595.1,0.8974999342779899,%,0.008934963406205216,1.0
20170529,NIFTY50,9604.9,0.10213546497690462,%,0.0010208334219841677,3.0
20170530,NIFTY50,9624.55,0.20458307738757675,%,0.0020437409119485822,1.0
20170531,NIFTY50,9621.25,-0.03428731732911805,%,-0.00034293196773740485,1.0
20170601,NIFTY50,9616.1,-0.053527348317528034,%,-0.0005354167931684836,1.0
20170602,NIFTY50,9653.5,0.3889310635288634,%,0.0038817668205125984,1.0
20170605,NIFTY50,9675.1,0.22375304293780207,%,0.002235030886008659,3.0
20170606,NIFTY50,9637.15,-0.39224400781388,%,-0.003930153021868312,1.0
20170607,NIFTY50,9663.9,0.2775716887253976,%,0.00277187169892756,1.0
20170608,NIFTY50,9647.25,-0.17229069009405684,%,-0.0017243928120047765,1.0
20170609,NIFTY50,9668.25,0.21767861307626646,%,0.0021744203643893584,1.0
20170612,NIFTY50,9616.4,-0.5362914695006937,%,-0.005377346743710021,3.0
20170613,NIFTY50,9606.9,-0.09878956782163328,%,-0.0009883839687650892,1.0
20170614,NIFTY50,9618.15,0.11710333198013956,%,0.0011703481951004253,1.0
20170615,NIFTY50,9578.05,-0.4169200937810369,%,-0.004177916288507491,1.0
20170616,NIFTY50,9588.05,0.10440538522977771,%,0.0010435092071341514,1.0
20170619,NIFTY50,9657.55,0.7248606338097874,%,0.007222461457781959,3.0
20170620,NIFTY50,9653.5,-0.04193610180635021,%,-0.0004194489744864273,1.0
20170621,NIFTY50,9633.6,-0.20614284974361796,%,-0.0020635561656880373,1.0
20170622,NIFTY50,9630.0,-0.037369207772797175,%,-0.000373761918012166,1.0
20170623,NIFTY50,9574.95,-0.571651090342673,%,-0.005732912689073657,1.0
20170627,NIFTY50,9511.4,-0.6637110376555566,%,-0.006659233938983297,4.0
20170628,NIFTY50,9491.25,-0.21185104190760695,%,-0.002120757636670813,1.0
20170629,NIFTY50,9504.1,0.13538785723692381,%,0.001352962905149852,1.0
20170630,NIFTY50,9520.9,0.1767658168579711,%,0.001766097699525858,1.0
20170703,NIFTY50,9615.0,0.9883519415181397,%,0.00983499689076074,3.0
20170704,NIFTY50,9613.3,-0.017680707228295844,%,-0.00017682270449598077,1.0
20170705,NIFTY50,9637.6,0.2527748015769937,%,0.0025245586342588938,1.0
20170706,NIFTY50,9674.55,0.3833942060263773,%,0.003826611235733112,1.0
20170707,NIFTY50,9665.8,-0.09044348315941919,%,-0.000904844079553839,1.0
20170710,NIFTY50,9771.05,1.0888907281342508,%,0.010830050005930295,3.0
20170711,NIFTY50,9786.05,0.15351471950302287,%,0.0015339700611368952,1.0
20170712,NIFTY50,9816.1,0.30706975746088716,%,0.003065992612029003,1.0
20170713,NIFTY50,9891.7,0.770163303144833,%,0.007672126856095382,1.0
20170714,NIFTY50,9886.35,-0.054085748657972665,%,-0.0005410038027499639,1.0
20170717,NIFTY50,9915.95,0.29940271181982947,%,0.0029895539453158454,3.0
20170718,NIFTY50,9827.15,-0.8955269036249769,%,-0.008995608472264691,1.0
20170719,NIFTY50,9899.6,0.7372432495688086,%,0.007345388951696966,1.0
20170720,NIFTY50,9873.3,-0.2656672996888876,%,-0.0026602082152626847,1.0
20170721,NIFTY50,9915.25,0.4248832710441297,%,0.004239831907005981,1.0
20170724,NIFTY50,9966.4,0.5158720153299212,%,0.00514545954212565,3.0
20170725,NIFTY50,9964.55,-0.018562369561736514,%,-0.000185640925827809,1.0
20170726,NIFTY50,10020.65,0.5629958201825547,%,0.0056141692202992515,1.0
20170727,NIFTY50,10020.55,-0.0009979392554426703,%,-9.979442348895859e-06,1.0
20170728,NIFTY50,10014.5,-0.06037592746904741,%,-0.000603941610716433,1.0
20170731,NIFTY50,10077.1,0.6250936142593311,%,0.006231480078246361,3.0
20170801,NIFTY50,10114.65,0.37262704547935677,%,0.0037193451075221385,1.0
20170802,NIFTY50,10081.5,-0.3277424330055845,%,-0.0032828068489253134,1.0
20170803,NIFTY50,10013.65,-0.6730149283340814,%,-0.006752898867547134,1.0
20170804,NIFTY50,10066.4,0.526780944011418,%,0.005253983067174928,1.0
20170807,NIFTY50,10057.4,-0.08940634188985275,%,-0.0008944633319799062,3.0
20170808,NIFTY50,9978.55,-0.7839998409131632,%,-0.007870892777129898,1.0
20170809,NIFTY50,9908.05,-0.7065154756953684,%,-0.007090231145001826,1.0
20170810,NIFTY50,9820.25,-0.8861481320744158,%,-0.008900977750718143,1.0
20170811,NIFTY50,9710.8,-1.1145337440492953,%,-0.011207912091976585,1.0
20170814,NIFTY50,9794.15,0.8583226922601606,%,0.008546600463314987,3.0
20170816,NIFTY50,9897.3,1.0531797042111934,%,0.010476724008841323,2.0
20170817,NIFTY50,9904.15,0.06921079486323922,%,0.0006918685523784439,1.0
20170818,NIFTY50,9837.4,-0.6739599056960976,%,-0.0067624127157378065,1.0
20170821,NIFTY50,9754.35,-0.8442271331855933,%,-0.008478109148736444,3.0
20170822,NIFTY50,9765.55,0.11482056723408629,%,0.0011475469883627705,1.0
20170823,NIFTY50,9852.5,0.8903748380787668,%,0.008864343739783512,1.0
20170824,NIFTY50,9857.05,0.04618117229129304,%,0.00046170512069805943,1.0
20170828,NIFTY50,9912.8,0.5655850381199201,%,0.00563991611242626,4.0
20170829,NIFTY50,9796.05,-1.1777701557582065,%,-0.011847608119118438,1.0
20170830,NIFTY50,9884.4,0.9018941307976203,%,0.008978513552038735,1.0
20170831,NIFTY50,9917.9,0.33891789081785806,%,0.0033834485850860433,1.0
20170901,NIFTY50,9974.4,0.5696770485687397,%,0.005680605252728476,1.0
20170904,NIFTY50,9912.85,-0.6170797240936721,%,-0.006189915299919124,3.0
20170905,NIFTY50,9952.2,0.3969595020604677,%,0.003961736966953345,1.0
20170906,NIFTY50,9916.2,-0.3617290649303717,%,-0.003623848865216487,1.0
20170907,NIFTY50,9929.9,0.13815776204593178,%,0.0013806241202206646,1.0
20170908,NIFTY50,9934.8,0.04934591486318585,%,0.0004933374377041087,1.0
20170911,NIFTY50,10006.05,0.7171759874381012,%,0.007146165104703851,3.0
20170912,NIFTY50,10093.05,0.8694739682492125,%,0.008657158117589842,1.0
20170913,NIFTY50,10079.3,-0.13623235790964916,%,-0.0013632523855159992,1.0
20170914,NIFTY50,10086.6,0.07242566448066867,%,0.0007239944975298817,1.0
20170915,NIFTY50,10085.4,-0.011896972220581947,%,-0.00011897679966456144,1.0
20170918,NIFTY50,10153.1,0.6712673766038124,%,0.006690244090939119,3.0
20170919,NIFTY50,10147.55,-0.054663107819297174,%,-0.00054678053542859,1.0
20170920,NIFTY50,10141.15,-0.06306941084300854,%,-0.0006308930796236612,1.0
20170921,NIFTY50,10121.9,-0.1898206810864611,%,-0.0019000106885297251,1.0
20170922,NIFTY50,9964.4,-1.5560319702822567,%,-0.015682652158186268,1.0
20170925,NIFTY50,9872.6,-0.9212797559311037,%,-0.009255497840449801,3.0
20170926,NIFTY50,9871.5,-0.011141948422910275,%,-0.00011142569184093924,1.0
20170927,NIFTY50,9735.75,-1.375170946664639,%,-0.013847140123069935,1.0
20170928,NIFTY50,9768.95,0.3410112215289196,%,0.0034043109674916656,1.0
20170929,NIFTY50,9788.6,0.20114751329467495,%,0.002009454825586558,1.0
20171003,NIFTY50,9859.5,0.7243119547228449,%,0.007217014137449058,4.0
20171004,NIFTY50,9914.9,0.561894619402592,%,0.00560321880260041,1.0
20171005,NIFTY50,9888.7,-0.2642487569213925,%,-0.002645985102307846,1.0
20171006,NIFTY50,9979.7,0.9202422967629742,%,0.009160338661421514,1.0
20171009,NIFTY50,9988.75,0.09068408870005484,%,0.000906429955217777,3.0
20171010,NIFTY50,10016.95,0.28231760730823563,%,0.0028191983962086767,1.0
20171011,NIFTY50,9984.8,-0.3209559796145678,%,-0.0032147214806372746,1.0
20171012,NIFTY50,10096.4,1.1176989023315542,%,0.01111498804325995,1.0
20171013,NIFTY50,10167.45,0.7037161760627741,%,0.007012516492081918,1.0
20171016,NIFTY50,10230.85,0.6235585127047472,%,0.0062162243084472645,3.0
20171017,NIFTY50,10234.45,0.035187692127247594,%,0.00035181502710760696,1.0
20171018,NIFTY50,10210.85,-0.23059373000015038,%,-0.002308600067655014,1.0
20171019,NIFTY50,10146.55,-0.6297223051949796,%,-0.006317134194985375,1.0
20171023,NIFTY50,10184.85,0.37746820347803745,%,0.00376757579945397,4.0
20171024,NIFTY50,10207.7,0.22435283779338455,%,0.002241015426026624,1.0
20171025,NIFTY50,10295.35,0.8586655172075908,%,0.008549999531985143,1.0
20171026,NIFTY50,10343.8,0.47060080521788006,%,0.00469496941468231,1.0
20171027,NIFTY50,10323.05,-0.200603259923815,%,-0.002008047377557662,1.0
20171030,NIFTY50,10363.65,0.39329461738537574,%,0.003925232359779345,3.0
20171031,NIFTY50,10335.3,-0.27355227164175266,%,-0.0027392710960959647,1.0
20171101,NIFTY50,10440.5,1.0178707923330865,%,0.010127253739342569,1.0
20171102,NIFTY50,10423.8,-0.1599540251903675,%,-0.001600820882207736,1.0
20171103,NIFTY50,10452.5,0.27533145302098827,%,0.0027495311028114403,1.0
20171106,NIFTY50,10451.8,-0.006696962449181942,%,-6.697186705724477e-05,3.0
20171107,NIFTY50,10350.15,-0.9725597504736005,%,-0.009773200021543502,1.0
20171108,NIFTY50,10303.15,-0.4540996990381796,%,-0.004551338636681021,1.0
20171109,NIFTY50,10308.95,0.05629346364948162,%,0.000562776248231039,1.0
20171110,NIFTY50,10321.75,0.12416395462195862,%,0.0012408693493102562,1.0
20171113,NIFTY50,10224.95,-0.9378254656429275,%,-0.009422507379482964,3.0
20171114,NIFTY50,10186.6,-0.3750629587430776,%,-0.0037576808351824824,1.0
20171115,NIFTY50,10118.05,-0.6729428857518815,%,-0.006752173560562115,1.0
20171116,NIFTY50,10214.75,0.9557177519383675,%,0.009511796611461764,1.0
20171117,NIFTY50,10283.6,0.6740253065420143,%,0.006717639118671051,1.0
20171120,NIFTY50,10298.75,0.14732194951183608,%,0.001472135371914971,3.0
20171121,NIFTY50,10326.9,0.27333414249302024,%,0.002729612640406286,1.0
20171122,NIFTY50,10342.3,0.14912510046576344,%,0.0014901401940726614,1.0
20171123,NIFTY50,10348.75,0.06236523790645876,%,0.0006234579887367591,1.0
20171124,NIFTY50,10389.7,0.3956999637637404,%,0.003949191306169782,1.0
20171127,NIFTY50,10399.55,0.09480543230313554,%,0.0009476052033691229,3.0
20171128,NIFTY50,10370.25,-0.28174296003191657,%,-0.0028214060257175134,1.0
20171129,NIFTY50,10361.3,-0.08630457317808649,%,-0.00086341837016651,1.0
20171130,NIFTY50,10226.55,-1.3005124839547189,%,-0.013090431902102469,1.0
20171201,NIFTY50,10121.8,-1.0242946057076874,%,-0.010295766026675998,1.0
20171204,NIFTY50,10127.75,0.05878401074908002,%,0.0005876673971755318,3.0
20171205,NIFTY50,10118.25,-0.09380168349337747,%,-0.000938457048031478,1.0
20171206,NIFTY50,10044.1,-0.7328342351691219,%,-0.007355326566371163,1.0
20171207,NIFTY50,10166.7,1.2206170786830173,%,0.012132276189878131,1.0
20171208,NIFTY50,10265.65,0.9732754974573821,%,0.009685696805591658,1.0
20171211,NIFTY50,10322.25,0.5513532995962356,%,0.005498389111616994,3.0
20171212,NIFTY50,10240.15,-0.7953692266705503,%,-0.007985491604040214,1.0
20171213,NIFTY50,10192.95,-0.46093074808473133,%,-0.004619963094515023,1.0
20171214,NIFTY50,10252.1,0.5803030526000841,%,0.005786257801497155,1.0
20171215,NIFTY50,10333.25,0.7915451468479606,%,0.007884288619832732,1.0
20171218,NIFTY50,10388.75,0.5371011056540809,%,0.005356638616709943,3.0
20171219,NIFTY50,10463.2,0.7166405967994338,%,0.00714084930770663,1.0
20171220,NIFTY50,10444.2,-0.18158880648367903,%,-0.001817538788224089,1.0
20171221,NIFTY50,10440.3,-0.03734129947723375,%,-0.00037348273076542757,1.0
20171222,NIFTY50,10493.0,0.5047747670086089,%,0.005035050501957738,1.0
20171226,NIFTY50,10531.5,0.3669112741827796,%,0.0036623979675021196,4.0
20171227,NIFTY50,10490.75,-0.3869344347908643,%,-0.0038768496273459364,1.0
20171228,NIFTY50,10477.9,-0.12248885923313857,%,-0.001225639381514556,1.0
20171229,NIFTY50,10530.7,0.503917769782114,%,0.005026523535131731,1.0
20180101,NIFTY50,10435.55,-0.9035486719781383,%,-0.009076554294095117,3.0
20180102,NIFTY50,10442.2,0.06372448026219502,%,0.0006370418483691672,1.0
20180103,NIFTY50,10443.2,0.009576526019428044,%,9.57606749944833e-05,1.0
20180104,NIFTY50,10504.8,0.5898575149379415,%,0.005881246663842212,1.0
20180105,NIFTY50,10558.85,0.5145266925596026,%,0.005132075270105242,1.0
20180108,NIFTY50,10623.6,0.6132296604270282,%,0.006113570590103252,3.0
20180109,NIFTY50,10637.0,0.12613426710341713,%,0.0012605478466610116,1.0
20180110,NIFTY50,10632.2,-0.04512550531163839,%,-0.00045135689931809334,1.0
20180111,NIFTY50,10651.2,0.17870243223414572,%,0.0017854294940923756,1.0
20180112,NIFTY50,10681.25,0.28212783536125663,%,0.002817306017461684,1.0
20180115,NIFTY50,10741.55,0.5645406670567565,%,0.005629531083733902,3.0
20180116,NIFTY50,10700.45,-0.3826263434978938,%,-0.0038336023072027756,1.0
20180117,NIFTY50,10788.55,0.8233298599591432,%,0.008199589892850731,1.0
20180118,NIFTY50,10817.0,0.2637055025930257,%,0.002633584097006676,1.0
20180119,NIFTY50,10894.7,0.7183137653693272,%,0.007157461802546265,1.0
20180122,NIFTY50,10966.2,0.656282412549225,%,0.006541382555615685,3.0
20180123,NIFTY50,11083.7,1.071474166073938,%,0.010657745586985299,1.0
20180124,NIFTY50,11086.0,0.02075119319360219,%,0.00020749040431318157,1.0
20180125,NIFTY50,11069.65,-0.14748331228576772,%,-0.0014759217597312849,1.0
20180129,NIFTY50,11130.4,0.5487978391367498,%,0.005472974307648395,4.0
20180130,NIFTY50,11049.65,-0.7254905484079588,%,-0.007281350291551208,1.0
20180131,NIFTY50,11027.7,-0.19864882598090716,%,-0.0019884639444954625,1.0
20180201,NIFTY50,11016.9,-0.09793519954297558,%,-0.0009798318739341295,1.0
20180202,NIFTY50,10760.6,-2.326425764053397,%,-0.023539142174773337,1.0
20180205,NIFTY50,10666.55,-0.8740218946899025,%,-0.008778638688973843,3.0
20180206,NIFTY50,10498.25,-1.5778297575129607,%,-0.015904099965423114,1.0
20180207,NIFTY50,10476.7,-0.2052723072893059,%,-0.0020548327965133673,1.0
20180208,NIFTY50,10576.85,0.955930779730263,%,0.009513906720447003,1.0
20180209,NIFTY50,10454.95,-1.1525170537541873,%,-0.011592100061916256,1.0
20180212,NIFTY50,10539.75,0.8110990487759207,%,0.008078273198430857,3.0
20180214,NIFTY50,10500.9,-0.3686045684195616,%,-0.0036928558908946208,2.0
20180215,NIFTY50,10545.5,0.4247254997190808,%,0.004238260867599785,1.0
20180216,NIFTY50,10452.3,-0.883789294011672,%,-0.008877178756436177,1.0
20180219,NIFTY50,10378.4,-0.7070214211226222,%,-0.0070953266124304595,3.0
20180220,NIFTY50,10360.4,-0.17343713867262744,%,-0.0017358771500669238,1.0
20180221,NIFTY50,10397.45,0.35761167522490034,%,0.003569737650487671,1.0
20180222,NIFTY50,10382.7,-0.14186170647610963,%,-0.0014196242546064732,1.0
20180223,NIFTY50,10491.05,1.0435628497404092,%,0.010381553207407197,1.0
20180226,NIFTY50,10582.6,0.8726485909418047,%,0.008688630203365312,3.0
20180227,NIFTY50,10554.3,-0.26742010470017785,%,-0.002677783110151532,1.0
20180228,NIFTY50,10492.85,-0.5822271491240483,%,-0.005839286991953797,1.0
20180301,NIFTY50,10458.35,-0.3287953225291518,%,-0.003293370421080851,1.0
20180305,NIFTY50,10358.85,-0.9513929061467641,%,-0.009559475599117866,4.0
20180306,NIFTY50,10249.25,-1.0580325036080307,%,-0.010636694633347358,1.0
20180307,NIFTY50,10154.2,-0.9273849306046689,%,-0.009317119173112929,1.0
20180308,NIFTY50,10242.65,0.8710681294439526,%,0.008672962191259886,1.0
20180309,NIFTY50,10226.85,-0.1542569549872308,%,-0.001543760535223135,1.0
20180312,NIFTY50,10421.4,1.9023452969389343,%,0.01884476964735966,3.0
20180313,NIFTY50,10426.85,0.05229623659011029,%,0.0005228256687392662,1.0
20180314,NIFTY50,10410.9,-0.15297045608214654,%,-0.0015308757533812772,1.0
20180315,NIFTY50,10360.15,-0.48746986331633657,%,-0.004886618730243425,1.0
20180316,NIFTY50,10195.15,-1.592641033189679,%,-0.016054598478163293,1.0
20180319,NIFTY50,10094.25,-0.989686272394219,%,-0.009946162213038488,3.0
20180320,NIFTY50,10124.35,0.298189563365292,%,0.002977458601191395,1.0
20180321,NIFTY50,10155.25,0.3052047785783829,%,0.003047399742905006,1.0
20180322,NIFTY50,10114.75,-0.3988084980675044,%,-0.003996058598285198,1.0
20180323,NIFTY50,9998.05,-1.153760597147735,%,-0.011604680566535094,1.0
20180326,NIFTY50,10130.65,1.3262586204309867,%,0.01317540806700627,3.0
20180327,NIFTY50,10184.15,0.5281003686831598,%,0.005267108087200766,1.0
20180328,NIFTY50,10113.7,-0.6917612171855159,%,-0.006941649770265415,1.0
20180402,NIFTY50,10211.8,0.9699714248988744,%,0.009652974022243792,5.0
20180403,NIFTY50,10245.0,0.32511408370710093,%,0.0032458673056040936,1.0
20180404,NIFTY50,10128.4,-1.13811615422158,%,-0.011446422598154777,1.0
20180405,NIFTY50,10325.15,1.9425575609178125,%,0.01923930749389624,1.0
20180406,NIFTY50,10331.6,0.062468826118755594,%,0.0006244932246961673,1.0
20180409,NIFTY50,10379.35,0.462174300205187,%,0.004611095541809039,3.0
20180410,NIFTY50,10402.25,0.2206303862958725,%,0.0022038735486090344,1.0
20180411,NIFTY50,10417.15,0.14323824172655097,%,0.0014313575361352732,1.0
20180412,NIFTY50,10458.65,0.39838151509770103,%,0.003975900772050153,1.0
20180413,NIFTY50,10480.6,0.20987412333333122,%,0.0020965419525609827,1.0
20180416,NIFTY50,10528.35,0.45560368681183405,%,0.0045456895487553045,3.0
20180417,NIFTY50,10548.7,0.19328764716219915,%,0.0019310108694935376,1.0
20180418,NIFTY50,10526.2,-0.21329642515190983,%,-0.002135242259617881,1.0
20180419,NIFTY50,10565.3,0.3714540859949267,%,0.0037076589897762787,1.0
20180420,NIFTY50,10564.05,-0.011831183212973606,%,-0.00011831883152662677,1.0
20180423,NIFTY50,10584.7,0.19547427359773994,%,0.0019528347124542745,3.0
20180424,NIFTY50,10614.35,0.28012130716978945,%,0.0027972969858506736,1.0
20180425,NIFTY50,10570.55,-0.4126489139702483,%,-0.004135026590572263,1.0
20180426,NIFTY50,10617.8,0.446996608501915,%,0.00446000545803141,1.0
20180427,NIFTY50,10692.3,0.7016519429636991,%,0.006992018199326113,1.0
20180430,NIFTY50,10739.35,0.44003628779589743,%,0.004390709589518126,3.0
20180502,NIFTY50,10718.05,-0.1983360259233624,%,-0.0019853297227271902,2.0
20180503,NIFTY50,10679.65,-0.3582741263569389,%,-0.003589174651756966,1.0
20180504,NIFTY50,10618.25,-0.5749252082231093,%,-0.005765842651452862,1.0
20180507,NIFTY50,10715.5,0.915875968262192,%,0.009117072584576636,3.0
20180508,NIFTY50,10717.8,0.021464234053469866,%,0.00021461930816327936,1.0
20180509,NIFTY50,10741.7,0.2229935247905379,%,0.0022274526323300824,1.0
20180510,NIFTY50,10716.55,-0.23413426180214358,%,-0.0023440878464996416,1.0
20180511,NIFTY50,10806.5,0.8393559494426883,%,0.008358529455248795,1.0
20180514,NIFTY50,10806.6,0.0009253689908783613,%,9.253647093659282e-06,3.0
20180515,NIFTY50,10801.85,-0.0439546203246155,%,-0.0004396428319947862,1.0
20180516,NIFTY50,10741.1,-0.5624036623356199,%,-0.005639911064263358,1.0
20180517,NIFTY50,10682.7,-0.5437059519043608,%,-0.005451894122666254,1.0
20180518,NIFTY50,10596.4,-0.8078482031696255,%,-0.008111289778323802,1.0
20180521,NIFTY50,10516.7,-0.7521422369861308,%,-0.007549850905484316,3.0
20180522,NIFTY50,10536.7,0.19017372369660723,%,0.0018999312240523454,1.0
20180523,NIFTY50,10430.35,-1.0093292966488643,%,-0.010144575613613642,1.0
20180524,NIFTY50,10513.85,0.8005483996222473,%,0.007973610106820487,1.0
20180525,NIFTY50,10605.15,0.8683783770930598,%,0.00864629658472998,1.0
20180528,NIFTY50,10688.65,0.7873533141916855,%,0.007842698625156882,3.0
20180529,NIFTY50,10633.3,-0.5178390161526547,%,-0.005191844491806043,1.0
20180530,NIFTY50,10614.35,-0.17821372480790743,%,-0.0017837271438870593,1.0
20180531,NIFTY50,10736.15,1.147503144328188,%,0.011409692638126136,1.0
20180601,NIFTY50,10696.2,-0.3721073196629954,%,-0.0037280136120426276,1.0
20180604,NIFTY50,10628.5,-0.632935061049722,%,-0.006349465872690686,3.0
20180605,NIFTY50,10593.15,-0.3325963212118421,%,-0.003331506522406068,1.0
20180606,NIFTY50,10684.65,0.8637657354044759,%,0.00860056622569691,1.0
20180607,NIFTY50,10768.35,0.7833667925482013,%,0.007803144054513952,1.0
20180608,NIFTY50,10767.65,-0.0065005316506328015,%,-6.500742944348366e-05,1.0
20180611,NIFTY50,10786.95,0.17924059567315798,%,0.0017908015140969788,3.0
20180612,NIFTY50,10842.85,0.5182187736107124,%,0.005168806411024235,1.0
20180613,NIFTY50,10856.7,0.12773394448877262,%,0.0012765243408948135,1.0
20180614,NIFTY50,10808.05,-0.4481103834498623,%,-0.004491174075410849,1.0
20180615,NIFTY50,10817.7,0.08928530123382128,%,0.0008924546561854187,1.0
20180618,NIFTY50,10799.85,-0.1650073490668147,%,-0.0016514363613613185,3.0
20180619,NIFTY50,10710.45,-0.8277892748510318,%,-0.008312344761134741,1.0
20180620,NIFTY50,10772.05,0.5751392331788008,%,0.0057349162184533176,1.0
20180621,NIFTY50,10741.1,-0.28731764148883787,%,-0.0028773119094804597,1.0
20180622,NIFTY50,10821.85,0.7517851989088609,%,0.007489733777589257,1.0
20180625,NIFTY50,10762.45,-0.5488895151937956,%,-0.005504014487946581,3.0
20180626,NIFTY50,10769.15,0.06225348317527857,%,0.0006223411373279281,1.0
20180627,NIFTY50,10671.4,-0.9076853790689121,%,-0.00911829941593961,1.0
20180628,NIFTY50,10589.1,-0.7712202710047356,%,-0.0077420955375824396,1.0
20180629,NIFTY50,10714.3,1.1823478860337522,%,0.011754127647321299,1.0
20180702,NIFTY50,10657.3,-0.5319992906676174,%,-0.005334194459439767,3.0
20180703,NIFTY50,10699.9,0.39972600940201275,%,0.00398929227579396,1.0
20180704,NIFTY50,10769.9,0.6542117216048693,%,0.00652081044432725,1.0
20180705,NIFTY50,10749.75,-0.187095516207203,%,-0.0018727075848253383,1.0
20180706,NIFTY50,10772.65,0.2130282099583658,%,0.0021280162660109484,1.0
20180709,NIFTY50,10852.9,0.7449420523269579,%,0.0074218106239193555,3.0
20180710,NIFTY50,10947.25,0.8693528918537918,%,0.00865595778944969,1.0
20180711,NIFTY50,10948.3,0.009591449907508931,%,9.590989957362647e-05,1.0
20180712,NIFTY50,11023.2,0.6841244759460574,%,0.006817949629305171,1.0
20180713,NIFTY50,11018.9,-0.03900863633066187,%,-0.0003901624667839669,1.0
20180716,NIFTY50,10936.85,-0.7446296817286591,%,-0.007474158884415699,3.0
20180717,NIFTY50,11008.05,0.6510101171726568,%,0.006489001985478164,1.0
20180718,NIFTY50,10980.45,-0.25072560535243094,%,-0.0025104044836980507,1.0
20180719,NIFTY50,10957.1,-0.21265066550095746,%,-0.0021287708807833992,1.0
20180720,NIFTY50,11010.2,0.4846172801197479,%,0.004834467906516899,1.0
20180723,NIFTY50,11084.75,0.6770994169043254,%,0.006748173940532834,3.0
20180724,NIFTY50,11134.3,0.44701053248832334,%,0.00446014407825813,1.0
20180725,NIFTY50,11132.0,-0.020656889072501183,%,-0.00020659022901692162,1.0
20180726,NIFTY50,11167.3,0.3171038447718155,%,0.0031660213088618083,1.0
20180727,NIFTY50,11278.35,0.9944212119312734,%,0.009895093802197335,1.0
20180730,NIFTY50,11319.55,0.3653016620338789,%,0.0036463605599989543,3.0
20180731,NIFTY50,11356.5,0.3264264038764786,%,0.003258947894631294,1.0
20180801,NIFTY50,11346.2,-0.09069695768941788,%,-0.0009073811226593602,1.0
20180802,NIFTY50,11244.7,-0.894572632246915,%,-0.00898597957506193,1.0
20180803,NIFTY50,11360.8,1.0324864158225422,%,0.010271926817053497,1.0
20180806,NIFTY50,11387.1,0.23149778184636816,%,0.002312302385563333,3.0
20180807,NIFTY50,11389.45,0.020637387921418338,%,0.00020635258705455244,1.0
20180808,NIFTY50,11450.0,0.5316323439674475,%,0.005302241678964751,1.0
20180809,NIFTY50,11470.7,0.18078602620088535,%,0.001806228049557314,1.0
20180810,NIFTY50,11429.5,-0.359175987516025,%,-0.00359822573184007,1.0
20180813,NIFTY50,11355.75,-0.6452600726191027,%,-0.006473508743511776,3.0
20180814,NIFTY50,11435.1,0.6987649428703557,%,0.006963348942944407,1.0
20180816,NIFTY50,11385.05,-0.43768747103217764,%,-0.00438648126781707,2.0
20180817,NIFTY50,11470.75,0.752741533853607,%,0.007499225722611629,1.0
20180820,NIFTY50,11551.75,0.7061438877143944,%,0.007036623669863275,3.0
20180821,NIFTY50,11570.9,0.1657757482632416,%,0.0016563849194054057,1.0
20180823,NIFTY50,11582.75,0.1024120854903332,%,0.0010235968009065074,2.0
20180824,NIFTY50,11557.1,-0.2214500010791931,%,-0.0022169556419407827,1.0
20180827,NIFTY50,11691.95,1.1668152045063218,%,0.01160060409110092,3.0
20180828,NIFTY50,11738.5,0.3981371798545075,%,0.003973467111897261,1.0
20180829,NIFTY50,11691.9,-0.39698428248924333,%,-0.003977743567656327,1.0
20180830,NIFTY50,11676.8,-0.12914924007219053,%,-0.0012923270957780808,1.0
20180831,NIFTY50,11680.5,0.031686763496852066,%,0.0003168174430219977,1.0
20180903,NIFTY50,11582.35,-0.8402893711741743,%,-0.008438397050189958,3.0
20180904,NIFTY50,11520.3,-0.5357289323841941,%,-0.005371691057489936,1.0
20180905,NIFTY50,11476.95,-0.37629228405509085,%,-0.003770020445457141,1.0
20180906,NIFTY50,11536.9,0.5223513215619091,%,0.005209917993127512,1.0
20180907,NIFTY50,11589.1,0.4524612330868871,%,0.0045144070442281106,1.0
20180910,NIFTY50,11438.1,-1.3029484601910446,%,-0.01311511294512481,3.0
20180911,NIFTY50,11287.5,-1.3166522411939052,%,-0.013253969499003263,1.0
20180912,NIFTY50,11369.9,0.7300110741971233,%,0.007273593905905857,1.0
20180914,NIFTY50,11515.2,1.2779356018962407,%,0.012698389122393185,2.0
20180917,NIFTY50,11377.75,-1.1936397109907015,%,-0.012008207911445088,3.0
20180918,NIFTY50,11278.9,-0.8688009492210713,%,-0.00872597027570447,1.0
20180919,NIFTY50,11234.35,-0.3949853265832637,%,-0.003957674538289147,1.0
20180921,NIFTY50,11143.1,-0.8122410286309445,%,-0.008155576777395698,2.0
20180924,NIFTY50,10967.4,-1.5767605065017842,%,-0.015893236100092235,3.0
20180925,NIFTY50,11067.45,0.9122490289403151,%,0.009081131713379249,1.0
20180926,NIFTY50,11053.8,-0.1233346434815763,%,-0.0012341076324745481,1.0
20180927,NIFTY50,10977.55,-0.6898080298177955,%,-0.006921982034895859,1.0
20180928,NIFTY50,10930.45,-0.4290574855044915,%,-0.004299805784797367,1.0
20181001,NIFTY50,11008.3,0.7122305120100147,%,0.0070970612969229975,3.0
20181003,NIFTY50,10858.25,-1.3630624165402394,%,-0.013724374010345193,2.0
20181004,NIFTY50,10599.25,-2.3852830796859514,%,-0.024141915818458322,1.0
20181005,NIFTY50,10316.45,-2.6681133099039966,%,-0.027043535271357683,1.0
20181008,NIFTY50,10348.05,0.30630691759276907,%,0.0030583875372252687,3.0
20181009,NIFTY50,10301.05,-0.4541918525712618,%,-0.004552264376218849,1.0
20181010,NIFTY50,10460.1,1.544017357453864,%,0.015322187033067711,1.0
20181011,NIFTY50,10234.65,-2.1553331230103057,%,-0.021788996676934184,1.0
20181012,NIFTY50,10472.5,2.323968088796402,%,0.022973751695463417,1.0
20181015,NIFTY50,10512.5,0.3819527333492445,%,0.003812251460013522,3.0
20181016,NIFTY50,10584.75,0.6872770511296089,%,0.006849260681022563,1.0
20181017,NIFTY50,10453.05,-1.2442428966201402,%,-0.012520484125164434,1.0
20181019,NIFTY50,10303.55,-1.430204581437955,%,-0.014405305806840537,2.0
20181022,NIFTY50,10245.25,-0.5658244003280299,%,-0.005674312507559446,3.0
20181023,NIFTY50,10146.8,-0.9609331153461409,%,-0.009655798697018327,1.0
20181024,NIFTY50,10224.75,0.7682224937911597,%,0.00765286690870562,1.0
20181025,NIFTY50,10124.9,-0.976551993936281,%,-0.009813515351592101,1.0
20181026,NIFTY50,10030.0,-0.9372932078341445,%,-0.009417134426775354,1.0
20181029,NIFTY50,10250.85,2.201894317048847,%,0.021780027001601827,3.0
20181030,NIFTY50,10198.4,-0.5116648863265016,%,-0.005129783734565848,1.0
20181031,NIFTY50,10386.6,1.8453875117665497,%,0.018285668587721533,1.0
20181101,NIFTY50,10380.45,-0.05921090636011872,%,-0.0005922844293999892,1.0
20181102,NIFTY50,10553.0,1.6622593432847221,%,0.01648595028975125,1.0
20181105,NIFTY50,10524.0,-0.27480337344830685,%,-0.0027518165109068284,3.0
20181106,NIFTY50,10530.0,0.057012542759404816,%,0.0005699629678378127,1.0
20181107,NIFTY50,10598.4,0.6495726495726384,%,0.006474720182809877,1.0
20181109,NIFTY50,10585.2,-0.12454710144926828,%,-0.0012462472581095429,2.0
20181112,NIFTY50,10482.2,-0.9730567207043794,%,-0.009778218544455495,3.0
20181113,NIFTY50,10582.5,0.956860201102816,%,0.009523112886812637,1.0
20181114,NIFTY50,10576.3,-0.05858729033783039,%,-0.0005860445939702791,1.0
20181115,NIFTY50,10616.7,0.38198613881983423,%,0.003812584243587877,1.0
20181116,NIFTY50,10682.2,0.6169525370407047,%,0.006150571765309146,1.0
20181119,NIFTY50,10763.4,0.7601430416955157,%,0.007572685123094404,3.0
20181120,NIFTY50,10656.2,-0.9959678168608321,%,-0.010009607560291778,1.0
20181121,NIFTY50,10600.05,-0.5269232934817403,%,-0.0052831643026424535,1.0
20181122,NIFTY50,10526.75,-0.6915061721406879,%,-0.006939081557190155,1.0
20181126,NIFTY50,10628.6,0.9675350891775736,%,0.009628844421324417,4.0
20181127,NIFTY50,10685.6,0.5362888809438582,%,0.005348559728595695,1.0
20181128,NIFTY50,10728.85,0.4047503181852319,%,0.0040393340764166815,1.0
20181129,NIFTY50,10858.7,1.21028814831039,%,0.01203022724265825,1.0
20181130,NIFTY50,10876.75,0.16622615966919163,%,0.001660881568983717,1.0
20181203,NIFTY50,10883.75,0.0643574597191332,%,0.0006433675918710725,3.0
20181204,NIFTY50,10869.5,-0.13092913747559942,%,-0.0013101492455916805,1.0
20181205,NIFTY50,10782.9,-0.7967247803486899,%,-0.007999155915161048,1.0
20181206,NIFTY50,10601.15,-1.6855391406764397,%,-0.01699906020055233,1.0
20181207,NIFTY50,10693.7,0.8730184932766782,%,0.008692297219764921,1.0
20181210,NIFTY50,10488.45,-1.919354386227401,%,-0.019380131299703507,3.0
20181211,NIFTY50,10549.15,0.5787318431226707,%,0.005770636236417964,1.0
20181212,NIFTY50,10737.6,1.7863998521207902,%,0.017706312465975173,1.0
20181213,NIFTY50,10791.55,0.502440023841455,%,0.0050118200605062885,1.0
20181214,NIFTY50,10805.45,0.12880448128398392,%,0.001287215994746788,1.0
20181217,NIFTY50,10888.35,0.7672054379965543,%,0.0076427738366829845,3.0
20181218,NIFTY50,10908.7,0.18689700459666447,%,0.0018672256945391607,1.0
20181219,NIFTY50,10967.3,0.5371859158286307,%,0.005357482187270915,1.0
20181220,NIFTY50,10951.7,-0.14224102559425855,%,-0.0014234228417328702,1.0
20181221,NIFTY50,10754.0,-1.8051991928193845,%,-0.01821691696636476,1.0
20181224,NIFTY50,10663.5,-0.8415473312255894,%,-0.0084510833319759,3.0
20181226,NIFTY50,10729.85,0.6222159703662022,%,0.006202881992644477,2.0
20181227,NIFTY50,10779.8,0.46552374916704053,%,0.004644435384893697,1.0
20181228,NIFTY50,10859.9,0.7430564574481879,%,0.007403093927215125,1.0
20181231,NIFTY50,10862.55,0.024401697989850923,%,0.00024398721259765596,3.0
20190101,NIFTY50,10910.1,0.43774251902177763,%,0.004367872132952804,1.0
20190102,NIFTY50,10792.5,-1.0779002942227889,%,-0.010837517258318774,1.0
20190103,NIFTY50,10672.25,-1.1141996757007222,%,-0.011204533761500678,1.0
20190104,NIFTY50,10727.35,0.5162922532736758,%,0.0051496403451855395,1.0
20190107,NIFTY50,10771.8,0.4143614219727976,%,0.004135053091520581,3.0
20190108,NIFTY50,10802.15,0.28175421006702006,%,0.00281358026893282,1.0
20190109,NIFTY50,10855.15,0.49064306642658817,%,0.004894433359958835,1.0
20190110,NIFTY50,10821.6,-0.30906988848610206,%,-0.0030954849587457233,1.0
20190111,NIFTY50,10794.95,-0.2462667258076423,%,-0.002465704610772501,1.0
20190114,NIFTY50,10737.6,-0.5312669350020172,%,-0.00532683176023677,3.0
20190115,NIFTY50,10886.8,1.3895097600953532,%,0.013799445774800724,1.0
20190116,NIFTY50,10890.3,0.03214902450674462,%,0.000321438578151919,1.0
20190117,NIFTY50,10905.2,0.1368190040678563,%,0.0013672549215348114,1.0
20190118,NIFTY50,10906.95,0.016047390235840453,%,0.0001604610277990709,1.0
20190121,NIFTY50,10961.85,0.5033487821985094,%,0.005020862171805258,3.0
20190122,NIFTY50,10922.75,-0.3566916168347478,%,-0.003573292781569112,1.0
20190123,NIFTY50,10831.5,-0.8354123274816327,%,-0.008389214537151498,1.0
20190124,NIFTY50,10849.8,0.16895166874393297,%,0.0016880910596428552,1.0
20190125,NIFTY50,10780.55,-0.6382606130988622,%,-0.006403062049334338,1.0
20190128,NIFTY50,10661.55,-1.1038397855396953,%,-0.01109977304275483,3.0
20190129,NIFTY50,10652.2,-0.0876983177867996,%,-0.0008773679525922163,1.0
20190130,NIFTY50,10651.8,-0.0037550928446816734,%,-3.755163350058068e-05,1.0
20190131,NIFTY50,10830.95,1.6818753637882988,%,0.01667888450536246,1.0
20190201,NIFTY50,10893.65,0.5788965880185737,%,0.005772274204584401,1.0
20190204,NIFTY50,10912.25,0.170741670606267,%,0.0017059607272313906,3.0
20190205,NIFTY50,10934.35,0.20252468555981284,%,0.0020231988079203052,1.0
20190206,NIFTY50,11062.45,1.171537402772005,%,0.011647280346053989,1.0
20190207,NIFTY50,11069.4,0.06282514271249706,%,0.0006280541598151168,1.0
20190208,NIFTY50,10943.6,-1.1364662944694293,%,-0.011429734205002075,1.0
20190211,NIFTY50,10888.8,-0.500749296392422,%,-0.005020072468908787,3.0
20190212,NIFTY50,10831.4,-0.5271471603849776,%,-0.005285414832761346,1.0
20190213,NIFTY50,10793.65,-0.3485237365437488,%,-0.0034913249537601204,1.0
20190214,NIFTY50,10746.05,-0.4410000324264751,%,-0.004419753059300069,1.0
20190215,NIFTY50,10724.4,-0.20146937711996715,%,-0.0020167259966956514,1.0
20190218,NIFTY50,10640.95,-0.7781321099548544,%,-0.007811753551157503,3.0
20190219,NIFTY50,10604.35,-0.3439542522049255,%,-0.003445471347297982,1.0
20190220,NIFTY50,10735.45,1.2362851094126492,%,0.012287055114099292,1.0
20190221,NIFTY50,10789.85,0.5067323679957436,%,0.005054528003669934,1.0
20190222,NIFTY50,10791.65,0.016682344981622244,%,0.0001668095363318936,1.0
20190225,NIFTY50,10880.1,0.8196151654288331,%,0.008162745613173475,3.0
20190226,NIFTY50,10835.3,-0.41176092131507414,%,-0.004126109909020616,1.0
20190227,NIFTY50,10806.65,-0.26441353723477556,%,-0.002647637272642474,1.0
20190228,NIFTY50,10792.5,-0.13093789472222728,%,-0.0013102369328699957,1.0
20190301,NIFTY50,10863.5,0.6578642575862936,%,0.006557097745663337,1.0
20190305,NIFTY50,10987.45,1.1409766649790543,%,0.011345166182071391,4.0
20190306,NIFTY50,11053.0,0.5965897455733504,%,0.0059481719535880405,1.0
20190307,NIFTY50,11058.2,0.04704605084593361,%,0.00047034987661157636,1.0
20190308,NIFTY50,11035.4,-0.20618183791214495,%,-0.002063946852823062,1.0
20190311,NIFTY50,11168.05,1.2020407053663584,%,0.011948735734751558,3.0
20190312,NIFTY50,11301.2,1.1922403642534052,%,0.011851891682945155,1.0
20190313,NIFTY50,11341.7,0.35836902275865334,%,0.0035772841102276773,1.0
20190314,NIFTY50,11343.25,0.013666381582999598,%,0.00013665447818145347,1.0
20190315,NIFTY50,11426.85,0.737002181914348,%,0.0073429959147711344,1.0
20190318,NIFTY50,11462.2,0.30935909721401256,%,0.0030888156656173325,3.0
20190319,NIFTY50,11532.4,0.6124478721362347,%,0.006105800326383594,1.0
20190320,NIFTY50,11521.05,-0.09841836911658186,%,-0.000984668317935398,1.0
20190322,NIFTY50,11456.9,-0.5568068882610522,%,-0.005583628362534954,2.0
20190325,NIFTY50,11354.25,-0.8959666227338903,%,-0.009000045407053587,3.0
20190326,NIFTY50,11483.25,1.1361384503600025,%,0.011297328693216403,1.0
20190327,NIFTY50,11445.05,-0.3326584372891017,%,-0.0033321297562249825,1.0
20190328,NIFTY50,11570.0,1.0917383497669464,%,0.01085821909063313,1.0
20190329,NIFTY50,11623.9,0.46585998271391205,%,0.004647782134820234,1.0
20190401,NIFTY50,11669.15,0.3892841473171593,%,0.0038852839728881735,3.0
20190402,NIFTY50,11713.2,0.37749107689935,%,0.003767803673489008,1.0
20190403,NIFTY50,11643.95,-0.5912133319673551,%,-0.005929679169650468,1.0
20190404,NIFTY50,11598.0,-0.3946255351491623,%,-0.003954062362883455,1.0
20190405,NIFTY50,11665.95,0.5858768753233434,%,0.005841672908814725,1.0
20190408,NIFTY50,11604.5,-0.5267466430080803,%,-0.005281388442051271,3.0
20190409,NIFTY50,11671.95,0.5812400361928649,%,0.005795573534299762,1.0
20190410,NIFTY50,11584.3,-0.7509456431873174,%,-0.0075377943572383106,1.0
20190411,NIFTY50,11596.7,0.10704142675863615,%,0.0010698417827284545,1.0
20190412,NIFTY50,11643.45,0.40313192546155285,%,0.004023215259708576,1.0
20190415,NIFTY50,11690.35,0.40280157513450376,%,0.00401992501503014,3.0
20190416,NIFTY50,11787.15,0.828033377957027,%,0.00824623989236685,1.0
20190418,NIFTY50,11752.8,-0.29141904531629903,%,-0.0029184449738277464,2.0
20190422,NIFTY50,11594.45,-1.3473385065686405,%,-0.013564974730520374,4.0
20190423,NIFTY50,11575.95,-0.15955909939668889,%,-0.0015968653049767416,1.0
20190424,NIFTY50,11726.15,1.2975176983314407,%,0.012891720507584971,1.0
20190425,NIFTY50,11641.8,-0.7193324322134709,%,-0.0072193210230233834,1.0
20190426,NIFTY50,11754.65,0.9693518184473282,%,0.009646837461601747,1.0
20190430,NIFTY50,11748.15,-0.05529726533755053,%,-0.0005531255991390112,4.0
20190502,NIFTY50,11724.75,-0.19918029647221225,%,-0.0019937892422010914,2.0
20190503,NIFTY50,11712.25,-0.10661208128105448,%,-0.0010666895238500144,1.0
20190506,NIFTY50,11598.25,-0.973339879186319,%,-0.00978107795702945,3.0
20190507,NIFTY50,11497.9,-0.8652167352833473,%,-0.00868981466397264,1.0
20190508,NIFTY50,11359.45,-1.2041329286217373,%,-0.012114413370574466,1.0
20190509,NIFTY50,11301.8,-0.5075069655661291,%,-0.005087991559915908,1.0
20190510,NIFTY50,11278.9,-0.20262259109168346,%,-0.0020282814838106025,1.0
20190513,NIFTY50,11148.2,-1.1588009469008398,%,-0.011655673687732526,3.0
20190514,NIFTY50,11222.05,0.6624387793545017,%,0.006602542956106478,1.0
20190515,NIFTY50,11157.0,-0.5796623611550422,%,-0.005813489241584599,1.0
20190516,NIFTY50,11257.1,0.8971945863583519,%,0.008931937083631538,1.0
20190517,NIFTY50,11407.15,1.3329365467127374,%,0.01324131108491434,1.0
20190520,NIFTY50,11828.25,3.691544338419317,%,0.03625038627405121,3.0
20190521,NIFTY50,11709.1,-1.0073341364952526,%,-0.01012442078454291,1.0
20190522,NIFTY50,11737.9,0.24596254195454748,%,0.0024566054918568484,1.0
20190523,NIFTY50,11657.05,-0.6887944180816064,%,-0.006911775564206495,1.0
20190524,NIFTY50,11844.1,1.604608370042171,%,0.015918706100504415,1.0
20190527,NIFTY50,11924.75,0.6809297456117358,%,0.006786218896810995,3.0
20190528,NIFTY50,11928.75,0.03354368016101894,%,0.00033538055526396364,1.0
20190529,NIFTY50,11861.1,-0.5671172587236706,%,-0.00568731474540059,1.0
20190530,NIFTY50,11945.9,0.7149421217256258,%,0.007123985268305006,1.0
20190531,NIFTY50,11922.8,-0.19337178446161563,%,-0.0019355898906960182,1.0
20190603,NIFTY50,12088.55,1.3901935786895692,%,0.013806190222918157,3.0
20190604,NIFTY50,12021.65,-0.5534162492606631,%,-0.005549532703580477,1.0
20190606,NIFTY50,11843.75,-1.479830139789462,%,-0.014908888618172916,2.0
20190607,NIFTY50,11870.65,0.2271240105540917,%,0.002268664738513159,1.0
20190610,NIFTY50,11922.7,0.43847641030609896,%,0.0043751790335728605,3.0
20190611,NIFTY50,11965.6,0.3598178264990315,%,0.0035917203081940467,1.0
20190612,NIFTY50,11906.2,-0.49642307949454567,%,-0.0049765935198887315,1.0
20190613,NIFTY50,11914.05,0.06593203541012116,%,0.0006591030979255797,1.0
20190614,NIFTY50,11823.3,-0.7617057171994457,%,-0.007646215111471926,1.0
20190617,NIFTY50,11672.15,-1.2784078895063056,%,-0.01286649842364515,3.0
20190618,NIFTY50,11691.5,0.1657792266206437,%,0.0016564196454115262,1.0
20190619,NIFTY50,11691.45,-0.0004276611213160919,%,-4.2766203578887255e-06,1.0
20190620,NIFTY50,11831.75,1.2000222384733972,%,0.011928790613010498,1.0
20190621,NIFTY50,11724.1,-0.9098400490206382,%,-0.009140043719581648,1.0
20190624,NIFTY50,11699.65,-0.20854479235080658,%,-0.002087625498034471,3.0
20190625,NIFTY50,11796.45,0.8273751778899552,%,0.008239711923969792,1.0
20190626,NIFTY50,11847.55,0.4331811689109788,%,0.004322456400025034,1.0
20190627,NIFTY50,11841.55,-0.050643381965043144,%,-0.0005065621005696332,1.0
20190628,NIFTY50,11788.85,-0.44504308979820273,%,-0.004460363546236102,1.0
20190701,NIFTY50,11865.6,0.651038905406387,%,0.006489288005753367,3.0
20190702,NIFTY50,11910.3,0.3767192556634269,%,0.003760114457560253,1.0
20190703,NIFTY50,11916.75,0.054154807183715015,%,0.0005414014875993148,1.0
20190704,NIFTY50,11946.75,0.25174649128327786,%,0.0025143014062712723,1.0
20190705,NIFTY50,11811.15,-1.135036725469274,%,-0.01141527428625476,1.0
20190708,NIFTY50,11558.6,-2.138233787565136,%,-0.02161425193074724,3.0
20190709,NIFTY50,11555.9,-0.02335923035662324,%,-0.0002336195904978026,1.0
20190710,NIFTY50,11498.9,-0.493254527990028,%,-0.004944750432890099,1.0
20190711,NIFTY50,11582.9,0.7305046569671791,%,0.007278493950644306,1.0
20190712,NIFTY50,11552.5,-0.2624558616581285,%,-0.002628008808690357,1.0
20190715,NIFTY50,11588.35,0.31032244103008644,%,0.003098419347655853,3.0
20190716,NIFTY50,11662.6,0.6407296983608646,%,0.006386857517651002,1.0
20190717,NIFTY50,11687.5,0.21350299247164806,%,0.002132753987214172,1.0
20190718,NIFTY50,11596.9,-0.7751871657754039,%,-0.007782073597137426,1.0
20190719,NIFTY50,11419.25,-1.531874897601937,%,-0.01543729320214387,1.0
20190722,NIFTY50,11346.2,-0.6397092628675161,%,-0.0064176417088494435,3.0
20190723,NIFTY50,11331.05,-0.13352488057677414,%,-0.0013361410447835524,1.0
20190724,NIFTY50,11271.3,-0.5273121202359898,%,-0.005287073174540869,1.0
20190725,NIFTY50,11252.15,-0.16990054385918052,%,-0.0017004503852120314,1.0
20190726,NIFTY50,11284.3,0.28572317290473936,%,0.002853157601110747,1.0
20190729,NIFTY50,11189.2,-0.8427638400255066,%,-0.008463351739050672,3.0
20190730,NIFTY50,11085.4,-0.9276802631108638,%,-0.009320100147685749,1.0
20190731,NIFTY50,11118.0,0.294080502282279,%,0.002936489314765323,1.0
20190801,NIFTY50,10980.0,-1.2412304371289817,%,-0.012489980449893174,1.0
20190802,NIFTY50,10997.35,0.1580145719489945,%,0.0015788986028203976,1.0
20190805,NIFTY50,10862.6,-1.2252951847490534,%,-0.012328638151179865,3.0
20190806,NIFTY50,10948.25,0.7884852613554649,%,0.007853929605732632,1.0
20190807,NIFTY50,10855.5,-0.847167355513434,%,-0.00850776214660283,1.0
20190808,NIFTY50,11032.45,1.6300492837732161,%,0.016169066094785186,1.0
20190809,NIFTY50,11109.65,0.6997539077902015,%,0.006973169918048867,1.0
20190813,NIFTY50,10925.85,-1.6544175559085939,%,-0.016682558846185944,4.0
20190814,NIFTY50,11029.4,0.9477523487875006,%,0.009432893528210886,1.0
20190816,NIFTY50,11047.8,0.16682684461530872,%,0.0016668784320785558,2.0
20190819,NIFTY50,11053.9,0.05521461286410734,%,0.000551993752054235,3.0
20190820,NIFTY50,11017.0,-0.3338188331719949,%,-0.003343772513218554,1.0
20190821,NIFTY50,10918.7,-0.8922574203503619,%,-0.008962618746946698,1.0
20190822,NIFTY50,10741.35,-1.6242776154670513,%,-0.01637613610561261,1.0
20190823,NIFTY50,10829.35,0.8192638727906543,%,0.008159261239129592,1.0
20190826,NIFTY50,11057.85,2.110006602427661,%,0.020880542239304772,3.0
20190827,NIFTY50,11105.35,0.4295590915051273,%,0.004286391200460912,1.0
20190828,NIFTY50,11046.1,-0.5335266335595001,%,-0.005349549695368668,1.0
20190829,NIFTY50,10948.3,-0.8853803604892296,%,-0.008893231420644047,1.0
20190830,NIFTY50,11023.25,0.6845811678525493,%,0.006822485506963346,1.0
20190903,NIFTY50,10797.9,-2.0443154242170025,%,-0.020655007796257053,4.0
20190904,NIFTY50,10844.65,0.4329545559784709,%,0.004320200042260295,1.0
20190905,NIFTY50,10847.9,0.02996869424094495,%,0.00029964204524756224,1.0
20190906,NIFTY50,10946.2,0.9061661704108825,%,0.009020851203047561,1.0
20190909,NIFTY50,11003.05,0.5193583161279491,%,0.005180143023151631,3.0
20190911,NIFTY50,11035.7,0.29673590504453173,%,0.00296296513065727,2.0
20190912,NIFTY50,10982.8,-0.479353371331237,%,-0.0048050595437650065,1.0
20190913,NIFTY50,11075.9,0.8476891138871734,%,0.008441164058245833,1.0
20190916,NIFTY50,11003.5,-0.6536714849357583,%,-0.006558172730350039,3.0
20190917,NIFTY50,10817.6,-1.6894624437678862,%,-0.017038966653176175,1.0
20190918,NIFTY50,10840.65,0.2130786865848222,%,0.0021285199591399326,1.0
20190919,NIFTY50,10704.8,-1.2531536393112996,%,-0.012610718304774393,1.0
20190920,NIFTY50,11274.2,5.3191091846648275,%,0.05182469042597882,1.0
20190923,NIFTY50,11600.2,2.891557715846793,%,0.028505409908377584,3.0
20190924,NIFTY50,11588.2,-0.10344649230186187,%,-0.0010350003511433552,1.0
20190925,NIFTY50,11440.2,-1.277161250237313,%,-0.012853870675538228,1.0
20190926,NIFTY50,11571.2,1.1450848761385357,%,0.011385784019294062,1.0
20190927,NIFTY50,11512.4,-0.5081581858407125,%,-0.005094537002551694,1.0
20190930,NIFTY50,11474.45,-0.32964455717312546,%,-0.0033018908183674615,3.0
20191001,NIFTY50,11359.9,-0.9983049296480528,%,-0.010033214077332946,1.0
20191003,NIFTY50,11314.0,-0.40405285257792967,%,-0.004048713516394926,2.0
20191004,NIFTY50,11174.75,-1.2307760296977222,%,-0.012384128036227408,1.0
20191007,NIFTY50,11126.4,-0.4326718718539624,%,-0.004336106053331424,3.0
20191009,NIFTY50,11313.3,1.6797886108714355,%,0.016658361926267153,2.0
20191010,NIFTY50,11234.55,-0.696083370899736,%,-0.006985173327078325,1.0
20191011,NIFTY50,11305.05,0.627528472435479,%,0.006255677111318734,1.0
20191014,NIFTY50,11341.15,0.31932631876905315,%,0.003188175550696324,3.0
20191015,NIFTY50,11428.3,0.7684405902399716,%,0.007655031243923585,1.0
20191016,NIFTY50,11464.0,0.31238241908246867,%,0.0031189551893382886,1.0
20191017,NIFTY50,11586.35,1.0672540125610697,%,0.010615990565060435,1.0
20191018,NIFTY50,11661.85,0.6516288563697792,%,0.006495149338540988,1.0
20191022,NIFTY50,11588.35,-0.6302602074284902,%,-0.00632254731953183,4.0
20191023,NIFTY50,11604.1,0.13591236025836118,%,0.0013582008301133287,1.0
20191024,NIFTY50,11582.6,-0.18527934092260612,%,-0.0018545119540017269,1.0
20191025,NIFTY50,11583.9,0.01122373214994532,%,0.00011223102336253745,1.0
20191027,NIFTY50,11627.15,0.3733630297222845,%,0.0037266776001179344,2.0
20191029,NIFTY50,11786.85,1.373509415462948,%,0.013641622669476343,2.0
20191030,NIFTY50,11844.1,0.48571077090147075,%,0.004845350018242925,1.0
20191031,NIFTY50,11877.45,0.28157479251273987,%,0.00281179113275152,1.0
20191101,NIFTY50,11890.6,0.11071400005893128,%,0.0011065275730858378,1.0
20191104,NIFTY50,11941.3,0.4263872302491034,%,0.004254807756561208,3.0
20191105,NIFTY50,11917.2,-0.20182057229948258,%,-0.0020202450444738117,1.0
20191106,NIFTY50,11966.05,0.40991172423050504,%,0.004090738749700145,1.0
20191107,NIFTY50,12012.05,0.38442092419803675,%,0.0038368391517066202,1.0
20191108,NIFTY50,11908.15,-0.8649647645489256,%,-0.008687272968657357,1.0
20191111,NIFTY50,11913.45,0.044507333212973066,%,0.00044497431637267,3.0
20191113,NIFTY50,11840.45,-0.612752812997075,%,-0.006146378473920445,2.0
20191114,NIFTY50,11872.1,0.26730402982995116,%,0.0026694740797649774,1.0
20191115,NIFTY50,11895.45,0.19667961017848512,%,0.001964864490640688,1.0
20191118,NIFTY50,11884.5,-0.0920520030768146,%,-0.0009209439695143741,3.0
20191119,NIFTY50,11940.1,0.4678362573099504,%,0.004667453047495242,1.0
20191120,NIFTY50,11999.1,0.4941332149646982,%,0.004929163836595279,1.0
20191121,NIFTY50,11968.4,-0.255852522272515,%,-0.002561803841863281,1.0
20191122,NIFTY50,11914.4,-0.4511881287390107,%,-0.004522090543975697,1.0
20191125,NIFTY50,12073.75,1.3374571946552116,%,0.013285921921847858,3.0
20191126,NIFTY50,12037.7,-0.29858163370948265,%,-0.002990282779561198,1.0
20191127,NIFTY50,12100.7,0.523355790558,%,0.00521991043723913,1.0
20191128,NIFTY50,12151.15,0.4169180295354735,%,0.0041605133442242075,1.0
20191129,NIFTY50,12056.05,-0.782641972159015,%,-0.007857206885134962,1.0
20191202,NIFTY50,12048.2,-0.06511253685907992,%,-0.0006513374427765289,3.0
20191203,NIFTY50,11994.2,-0.44819973108015665,%,-0.0044920715738986546,1.0
20191204,NIFTY50,12043.2,0.40853078988176694,%,0.004076985686669962,1.0
20191205,NIFTY50,12018.4,-0.20592533545902292,%,-0.0020613765320537055,1.0
20191206,NIFTY50,11921.5,-0.8062637289489416,%,-0.008095316119752127,1.0
20191209,NIFTY50,11937.5,0.1342112989137334,%,0.0013412131605239934,3.0
20191210,NIFTY50,11856.8,-0.6760209424083841,%,-0.006783163146280523,1.0
20191211,NIFTY50,11910.15,0.4499527697186423,%,0.004489435085769313,1.0
20191212,NIFTY50,11971.8,0.5176257225979475,%,0.005162906458065569,1.0
20191213,NIFTY50,12086.7,0.9597554252493534,%,0.009551790310290194,1.0
20191216,NIFTY50,12053.95,-0.27095898797852014,%,-0.0027132674631074115,3.0
20191217,NIFTY50,12165.0,0.9212747688516876,%,0.009170569183900065,1.0
20191218,NIFTY50,12221.65,0.4656802301685081,%,0.004645992942887364,1.0
20191219,NIFTY50,12259.7,0.31133275785184544,%,0.0031084912097463736,1.0
20191220,NIFTY50,12271.8,0.09869735801038004,%,0.0009864868419187144,1.0
20191223,NIFTY50,12262.75,-0.07374631268436405,%,-0.0007377351865395867,3.0
20191224,NIFTY50,12214.55,-0.3930602841940134,%,-0.00393834796328302,1.0
20191226,NIFTY50,12126.55,-0.7204522475244723,%,-0.007230600375326736,2.0
20191227,NIFTY50,12245.8,0.9833794442772215,%,0.009785757354041368,1.0
20191230,NIFTY50,12255.85,0.08206895425371119,%,0.000820352961014532,3.0
20191231,NIFTY50,12168.45,-0.7131288323535268,%,-0.007156837498259268,1.0
20200101,NIFTY50,12182.5,0.11546252809520041,%,0.0011539592138382815,1.0
20200102,NIFTY50,12282.2,0.8183870305766616,%,0.0081505640319357,1.0
20200103,NIFTY50,12226.65,-0.45228053606032326,%,-0.004533064188910619,1.0
20200106,NIFTY50,11993.05,-1.91058057603678,%,-0.019290680239015083,3.0
20200107,NIFTY50,12052.95,0.4994559348956429,%,0.004982127913257648,1.0
20200108,NIFTY50,12025.35,-0.2289895834629685,%,-0.0022925216554330287,1.0
20200109,NIFTY50,12215.9,1.5845692640962472,%,0.01572146029987446,1.0
20200110,NIFTY50,12256.8,0.3348095514861704,%,0.0033425031221734377,1.0
20200113,NIFTY50,12329.55,0.5935480712747188,%,0.005917935140473151,3.0
20200114,NIFTY50,12362.3,0.2656220218904881,%,0.0026526987005530004,1.0
20200115,NIFTY50,12343.3,-0.15369308300234863,%,-0.0015381131197652743,1.0
20200116,NIFTY50,12355.5,0.09883904628422702,%,0.0009879023266084047,1.0
20200117,NIFTY50,12352.35,-0.02549471895106903,%,-0.0002549796940701581,1.0
20200120,NIFTY50,12224.55,-1.034620942573694,%,-0.010400103505719096,3.0
20200121,NIFTY50,12169.85,-0.44746023371002863,%,-0.004484643334313313,1.0
20200122,NIFTY50,12106.9,-0.5172619218807184,%,-0.005186043526161765,1.0
20200123,NIFTY50,12180.35,0.6066788360356457,%,0.006048459494062653,1.0
20200124,NIFTY50,12248.25,0.5574552455389181,%,0.005559072141750759,1.0
20200127,NIFTY50,12119.0,-1.0552527912150667,%,-0.010608600656474901,3.0
20200128,NIFTY50,12055.8,-0.5214951728690576,%,-0.005228597049925123,1.0
20200129,NIFTY50,12129.5,0.6113240100200867,%,0.006094630054544958,1.0
20200130,NIFTY50,12035.8,-0.772496805309375,%,-0.007754960177450233,1.0
20200131,NIFTY50,11962.1,-0.6123398527725477,%,-0.006142223420045023,1.0
20200201,NIFTY50,11661.85,-2.5100107840596575,%,-0.025420487964002748,1.0
20200203,NIFTY50,11707.9,0.394877313633768,%,0.003940997195259483,2.0
20200204,NIFTY50,11979.65,2.321082346108194,%,0.022945549276863344,1.0
20200205,NIFTY50,12089.15,0.9140500765882242,%,0.009098979215473266,1.0
20200206,NIFTY50,12137.95,0.4036677516616294,%,0.004028551993334523,1.0
20200207,NIFTY50,12098.35,-0.32624949023517535,%,-0.00326782844243661,1.0
20200210,NIFTY50,12031.5,-0.5525546872094167,%,-0.00554086917501395,3.0
20200211,NIFTY50,12107.9,0.6349997922121098,%,0.006329921630102066,1.0
20200212,NIFTY50,12201.2,0.770571279908161,%,0.007676175434802536,1.0
20200213,NIFTY50,12174.65,-0.21760154738879045,%,-0.0021783864356833328,1.0
20200214,NIFTY50,12113.45,-0.5026838553880308,%,-0.005039515608318779,1.0
20200217,NIFTY50,12045.8,-0.5584701303097073,%,-0.005600354051906773,3.0
20200218,NIFTY50,11992.5,-0.4424778761061843,%,-0.004434597067865641,1.0
20200219,NIFTY50,12125.9,1.1123618928496892,%,0.011062206478915673,1.0
20200220,NIFTY50,12080.85,-0.37151881509825957,%,-0.003722106603365098,1.0
20200224,NIFTY50,11829.4,-2.0813932794463974,%,-0.02103359607782139,4.0
20200225,NIFTY50,11797.9,-0.2662856949633974,%,-0.002666408659732823,1.0
20200226,NIFTY50,11678.5,-1.0120445163969816,%,-0.010172005036684025,1.0
20200227,NIFTY50,11633.3,-0.38703600633643864,%,-0.003877869288740577,1.0
20200228,NIFTY50,11201.75,-3.709609483121723,%,-0.03780165911136475,1.0
20200302,NIFTY50,11132.75,-0.6159751824491688,%,-0.0061788013630017435,3.0
20200303,NIFTY50,11303.3,1.5319664952504919,%,0.015203503750200955,1.0
20200304,NIFTY50,11251.0,-0.4626967345819244,%,-0.004637704893553336,1.0
20200305,NIFTY50,11269.0,0.15998577904186018,%,0.0015985793812774052,1.0
20200306,NIFTY50,10989.45,-2.480699263466135,%,-0.025119871302905144,1.0
20200309,NIFTY50,10451.45,-4.895604420603394,%,-0.05019499690134644,3.0
20200311,NIFTY50,10458.4,0.06649795004520787,%,0.0006647584995526857,2.0
20200312,NIFTY50,9590.15,-8.301939111145106,%,-0.08666895319947657,1.0
20200313,NIFTY50,9955.2,3.8065098043305046,%,0.03735849765514436,1.0
20200316,NIFTY50,9197.4,-7.612102217936368,%,-0.0791741923032013,3.0
20200317,NIFTY50,8967.05,-2.5045121447365593,%,-0.02536408746272287,1.0
20200318,NIFTY50,8468.8,-5.55645390624564,%,-0.057167925833670724,1.0
20200319,NIFTY50,8263.45,-2.424782731910058,%,-0.02454664624605478,1.0
20200320,NIFTY50,8745.45,5.8329148237116435,%,0.05669138924710427,1.0
20200323,NIFTY50,7610.25,-12.980464127060365,%,-0.13903754227747062,3.0
20200324,NIFTY50,7801.05,2.507144968956343,%,0.02476231717515871,1.0
20200325,NIFTY50,8317.85,6.624749232475113,%,0.0641454679567434,1.0
20200326,NIFTY50,8641.45,3.890428415996916,%,0.03816658483208671,1.0
20200327,NIFTY50,8660.25,0.21755608144464755,%,0.002173197708783864,1.0
20200330,NIFTY50,8281.1,-4.378049132530815,%,-0.04476778070303545,3.0
20200331,NIFTY50,8597.75,3.8237673738996003,%,0.03752473130703148,1.0
20200401,NIFTY50,8253.8,-4.000465237998318,%,-0.04082684076114729,1.0
20200403,NIFTY50,8083.8,-2.0596573699386833,%,-0.020811641353066516,2.0
20200407,NIFTY50,8792.2,8.763205423192066,%,0.08400290578755377,4.0
20200408,NIFTY50,8748.75,-0.4941880302995916,%,-0.00495413177366146,1.0
20200409,NIFTY50,9111.9,4.150878696956695,%,0.04067041852397847,1.0
20200413,NIFTY50,8993.85,-1.295558555295817,%,-0.013040241121341193,4.0
20200415,NIFTY50,8925.3,-0.7621874947881135,%,-0.007651069878088075,2.0
20200416,NIFTY50,8992.8,0.7562770999294033,%,0.007534316619288413,1.0
20200417,NIFTY50,9266.75,3.0463259496486206,%,0.030008467628351927,1.0
20200420,NIFTY50,9261.85,-0.0528772223271301,%,-0.0005289120726044875,3.0
20200421,NIFTY50,8981.45,-3.0274729130789213,%,-0.03074247350877093,1.0
20200422,NIFTY50,9187.3,2.2919461779556505,%,0.02266075638210351,1.0
20200423,NIFTY50,9313.9,1.3779891807168543,%,0.0136858123823579,1.0
20200424,NIFTY50,9154.4,-1.7124942290554945,%,-0.017273269955520296,1.0
20200427,NIFTY50,9282.3,1.3971423577733066,%,0.013874722895871999,3.0
20200428,NIFTY50,9380.9,1.0622367301207802,%,0.010566346325391251,1.0
20200429,NIFTY50,9553.35,1.8383097570595641,%,0.01821617107952879,1.0
20200430,NIFTY50,9859.9,3.2088220362490594,%,0.03158414825312425,1.0
20200504,NIFTY50,9293.5,-5.744480167141653,%,-0.05916079550901353,4.0
20200505,NIFTY50,9205.6,-0.9458223489535622,%,-0.009503236539158732,1.0
20200506,NIFTY50,9270.9,0.7093508299296003,%,0.007068467716618194,1.0
20200507,NIFTY50,9199.05,-0.7750056628806345,%,-0.0077802443900713515,1.0
20200508,NIFTY50,9251.5,0.5701675716514254,%,0.0056854826859751096,1.0
20200511,NIFTY50,9239.2,-0.13295141328432125,%,-0.0013303987208930653,3.0
20200512,NIFTY50,9196.55,-0.4616200536843196,%,-0.004626888093829281,1.0
20200513,NIFTY50,9383.55,2.033371209855872,%,0.020129742512240333,1.0
20200514,NIFTY50,9142.75,-2.5661929653489235,%,-0.02599694075145828,1.0
20200515,NIFTY50,9136.85,-0.06453200623444122,%,-0.0006455283709578169,1.0
20200518,NIFTY50,8823.25,-3.432255098857928,%,-0.034925404242762116,3.0
20200519,NIFTY50,8879.1,0.6329867112458532,%,0.006309917644358519,1.0
20200520,NIFTY50,9066.55,2.111137390050777,%,0.020891616387661998,1.0
20200521,NIFTY50,9106.25,0.4378732814576791,%,0.004369174057383805,1.0
20200522,NIFTY50,9039.25,-0.735758407687026,%,-0.00738478460081561,1.0
20200526,NIFTY50,9029.05,-0.11284122023398346,%,-0.0011290493387357832,4.0
20200527,NIFTY50,9314.95,3.166446082367491,%,0.031173479330792266,1.0
20200528,NIFTY50,9490.1,1.8803106833638283,%,0.018628513621497384,1.0
20200529,NIFTY50,9580.3,0.9504641679223491,%,0.009459756758424582,1.0
20200601,NIFTY50,9826.15,2.566203563562741,%,0.025338292519217084,3.0
20200602,NIFTY50,9979.1,1.556560809676233,%,0.015445706644400328,1.0
20200603,NIFTY50,10061.55,0.826226814041342,%,0.008228322453736857,1.0
20200604,NIFTY50,10029.1,-0.3225149206633082,%,-0.0032303612096776253,1.0
20200605,NIFTY50,10142.15,1.1272197904099057,%,0.01120914010549148,1.0
20200608,NIFTY50,10167.45,0.2494540112303767,%,0.0024914339117400133,3.0
20200609,NIFTY50,10046.65,-1.188105178781318,%,-0.011952195553601492,1.0
20200610,NIFTY50,10116.15,0.6917728795170497,%,0.006893911089192986,1.0
20200611,NIFTY50,9902.0,-2.1169120663493524,%,-0.02139639975380881,1.0
20200612,NIFTY50,9972.9,0.7160169662694393,%,0.007134657357130778,1.0
20200615,NIFTY50,9813.7,-1.596326043578089,%,-0.016092045671383177,3.0
20200616,NIFTY50,9914.0,1.0220406166889129,%,0.010168530973403287,1.0
20200617,NIFTY50,9881.15,-0.33134960661690416,%,-0.003318997851049477,1.0
20200618,NIFTY50,10091.65,2.1303188394063532,%,0.021079447494686824,1.0
20200619,NIFTY50,10244.4,1.5136276030183415,%,0.015022865580104622,1.0
20200622,NIFTY50,10311.2,0.6520635664363006,%,0.006499468286308812,3.0
20200623,NIFTY50,10471.0,1.5497711226627242,%,0.015378848196892156,1.0
20200624,NIFTY50,10305.3,-1.5824658580842366,%,-0.015951205305137297,1.0
20200625,NIFTY50,10288.9,-0.15914141267114879,%,-0.0015926817712496291,1.0
20200626,NIFTY50,10383.0,0.9145778460282417,%,0.009104209092378747,1.0
20200629,NIFTY50,10312.4,-0.6799576230376636,%,-0.006822798677230463,3.0
20200630,NIFTY50,10302.1,-0.09987975640974867,%,-0.0009992966947658516,1.0
20200701,NIFTY50,10430.05,1.241979790528136,%,0.012343304915724197,1.0
20200702,NIFTY50,10551.7,1.1663414844607756,%,0.01159592151654617,1.0
20200703,NIFTY50,10607.35,0.5274031672621415,%,0.005260172674752368,1.0
20200706,NIFTY50,10763.65,1.4735065779860168,%,0.01462755948628082,3.0
20200707,NIFTY50,10799.65,0.3344590357360122,%,0.0033390096550110133,1.0
20200708,NIFTY50,10705.75,-0.8694726217979287,%,-0.008732745890836629,1.0
20200709,NIFTY50,10813.45,1.006001447820104,%,0.01000974936330002,1.0
20200710,NIFTY50,10768.05,-0.41984750472792154,%,-0.004207313390691434,1.0
20200713,NIFTY50,10802.7,0.32178528145765384,%,0.0032126866059742,3.0
20200714,NIFTY50,10607.35,-1.8083442102437397,%,-0.018248945829038105,1.0
20200715,NIFTY50,10618.2,0.10228756475463285,%,0.0010223528667139743,1.0
20200716,NIFTY50,10739.95,1.1466161873010527,%,0.011400923653342283,1.0
20200717,NIFTY50,10901.7,1.5060591529755696,%,0.014948306800439333,1.0
20200720,NIFTY50,11022.2,1.1053321958960582,%,0.010992680446704291,3.0
20200721,NIFTY50,11162.25,1.2706174810836135,%,0.012626128711697352,1.0
20200722,NIFTY50,11132.6,-0.2656274496629196,%,-0.0026598086535778794,1.0
20200723,NIFTY50,11215.45,0.7442106965129369,%,0.007414551118342539,1.0
20200724,NIFTY50,11194.15,-0.18991658827778313,%,-0.0019009715848837335,1.0
20200727,NIFTY50,11131.8,-0.5569873550023918,%,-0.005585443136371612,3.0
20200728,NIFTY50,11300.55,1.5159273432868048,%,0.01504551982144569,1.0
20200729,NIFTY50,11202.85,-0.8645596895726193,%,-0.008683186883977411,1.0
20200730,NIFTY50,11102.15,-0.8988784104045022,%,-0.009029426960437587,1.0
20200731,NIFTY50,11073.45,-0.2585084870948329,%,-0.0025884319724486563,1.0
20200803,NIFTY50,10891.6,-1.6422162921221561,%,-0.016558501347417372,3.0
20200804,NIFTY50,11095.25,1.8697895625986893,%,0.01852523886716068,1.0
20200805,NIFTY50,11101.65,0.05768234154255314,%,0.0005766571167461483,1.0
20200806,NIFTY50,11200.15,0.8872554980565939,%,0.008833425148686718,1.0
20200807,NIFTY50,11214.05,0.12410548073016336,%,0.0012402853353563766,1.0
20200810,NIFTY50,11270.15,0.5002652922004192,%,0.004990181230942265,3.0
20200811,NIFTY50,11322.5,0.4645013597867065,%,0.004634258813425212,1.0
20200812,NIFTY50,11308.4,-0.12453080150144347,%,-0.001246084055380327,1.0
20200813,NIFTY50,11300.45,-0.07030172261326406,%,-0.0007032644586220171,1.0
20200814,NIFTY50,11178.4,-1.080045484914327,%,-0.010859203150128484,1.0
20200817,NIFTY50,11247.1,0.6145781149359486,%,0.006126972858148093,3.0
20200818,NIFTY50,11385.35,1.229205750815776,%,0.012217123605577227,1.0
20200819,NIFTY50,11408.4,0.2024531525161688,%,0.0020224849230216792,1.0
20200820,NIFTY50,11312.2,-0.8432383156270706,%,-0.008468136833463799,1.0
20200821,NIFTY50,11371.6,0.5250967981471399,%,0.0052372297208920626,1.0
20200824,NIFTY50,11466.45,0.8340954658974997,%,0.008306361125610326,3.0
20200825,NIFTY50,11472.25,0.05058235112000986,%,0.000505695625611065,1.0
20200826,NIFTY50,11549.6,0.6742356556037388,%,0.0067197285239703015,1.0
20200827,NIFTY50,11559.25,0.08355267714899028,%,0.0008351779133036767,1.0
20200828,NIFTY50,11647.6,0.7643229448277333,%,0.007614167958564083,1.0
20200831,NIFTY50,11387.5,-2.2330780589992827,%,-0.022583887619258884,3.0
20200901,NIFTY50,11470.25,0.7266739846322645,%,0.007240464307211334,1.0
20200902,NIFTY50,11535.0,0.5645038251127943,%,0.005629164732428894,1.0
20200903,NIFTY50,11527.45,-0.06545296922408905,%,-0.00065474399031464,1.0
20200904,NIFTY50,11333.85,-1.6794694403359012,%,-0.01693732449116851,1.0
20200907,NIFTY50,11355.05,0.1870502962364906,%,0.0018687557501366183,3.0
20200908,NIFTY50,11317.35,-0.33201086741140307,%,-0.003325632464696761,1.0
20200909,NIFTY50,11278.0,-0.3476962363097358,%,-0.0034830210446831823,1.0
20200910,NIFTY50,11449.25,1.5184429863450921,%,0.01507030028649042,1.0
20200911,NIFTY50,11464.45,0.1327597877590403,%,0.0013267173987232086,1.0
20200914,NIFTY50,11440.05,-0.21283184103905173,%,-0.0021305864987327225,3.0
20200915,NIFTY50,11521.8,0.714594778868971,%,0.007120536490514026,1.0
20200916,NIFTY50,11604.55,0.7182037528858265,%,0.007156369523104026,1.0
20200917,NIFTY50,11516.1,-0.762201033215415,%,-0.007651206302177675,1.0
20200918,NIFTY50,11504.95,-0.09682097237779796,%,-0.0009686787415754223,1.0
20200921,NIFTY50,11250.55,-2.2112221261283316,%,-0.02236036119704115,3.0
20200922,NIFTY50,11153.65,-0.8612912257622951,%,-0.008650217746793273,1.0
20200923,NIFTY50,11131.85,-0.1954517131163236,%,-0.001956429692266528,1.0
20200924,NIFTY50,10805.55,-2.931228861330337,%,-0.029750477881848796,1.0
20200925,NIFTY50,11050.25,2.2645769997825305,%,0.022393161118835776,1.0
20200928,NIFTY50,11227.55,1.6044885862310787,%,0.015917527178764334,3.0
20200929,NIFTY50,11222.4,-0.04586931253923732,%,-0.00045879835726466887,1.0
20200930,NIFTY50,11247.55,0.2241053607071608,%,0.002238546191905813,1.0
20201001,NIFTY50,11416.95,1.5061057741463824,%,0.014948766094795703,1.0
20201005,NIFTY50,11503.35,0.7567695400260144,%,0.007539204045733728,4.0
20201006,NIFTY50,11662.4,1.3826407090108406,%,0.013731694349654332,1.0
20201007,NIFTY50,11738.85,0.6555254493071816,%,0.006533862249180739,1.0
20201008,NIFTY50,11834.6,0.8156676335416169,%,0.008123590443176206,1.0
20201009,NIFTY50,11914.2,0.672604059283799,%,0.006703521700736463,1.0
20201012,NIFTY50,11930.95,0.14058854140437393,%,0.0014048980824201138,3.0
20201013,NIFTY50,11934.5,0.02975454594982274,%,0.0002975012016269282,1.0
20201014,NIFTY50,11971.05,0.30625497507226207,%,0.0030578696980628857,1.0
20201015,NIFTY50,11680.35,-2.428358414675391,%,-0.024583292316473156,1.0
20201016,NIFTY50,11762.45,0.7028898962788022,%,0.007004311400897572,1.0
20201019,NIFTY50,11873.05,0.9402802987472647,%,0.009358871804925359,3.0
20201020,NIFTY50,11896.8,0.20003284749916528,%,0.0019983304819722702,1.0
20201021,NIFTY50,11937.65,0.343369645618985,%,0.0034278147805934457,1.0
20201022,NIFTY50,11896.45,-0.3451265533836123,%,-0.0034572348892397747,1.0
20201023,NIFTY50,11930.35,0.2849589583447054,%,0.0028455371996451177,1.0
20201026,NIFTY50,11767.75,-1.362910560042252,%,-0.013722834461522889,3.0
20201027,NIFTY50,11889.4,1.033757515242928,%,0.010284507834007878,1.0
20201028,NIFTY50,11729.6,-1.3440543677561423,%,-0.013531685368635521,1.0
20201029,NIFTY50,11670.8,-0.5012958668667356,%,-0.005025565695959923,1.0
20201030,NIFTY50,11642.4,-0.24334235870719922,%,-0.002436389174245776,1.0
20201102,NIFTY50,11669.15,0.2297636226207711,%,0.0022950006963143427,3.0
20201103,NIFTY50,11813.5,1.237022405230892,%,0.012294338008099459,1.0
20201104,NIFTY50,11908.5,0.8041647267956087,%,0.008009485529747545,1.0
20201105,NIFTY50,12120.3,1.778561531679057,%,0.017629301958937776,1.0
20201106,NIFTY50,12263.55,1.1819014380832105,%,0.011749715326943234,1.0
20201109,NIFTY50,12461.05,1.6104635280974833,%,0.015976331334718024,3.0
20201110,NIFTY50,12631.1,1.3646522564310537,%,0.01355424731828949,1.0
20201111,NIFTY50,12749.15,0.9345979368384327,%,0.009302575925418237,1.0
20201112,NIFTY50,12690.8,-0.45767757066157433,%,-0.004587281211030351,1.0
20201113,NIFTY50,12719.95,0.229693951523946,%,0.002294305582223262,1.0
20201114,NIFTY50,12780.25,0.47405846721095823,%,0.004729383486755077,1.0
20201117,NIFTY50,12874.2,0.7351186400892162,%,0.007324298123558119,3.0
20201118,NIFTY50,12938.25,0.4975066411893492,%,0.00496273166287285,1.0
20201119,NIFTY50,12771.7,-1.2872683709156951,%,-0.012956254665088004,1.0
20201120,NIFTY50,12859.05,0.6839340103510061,%,0.006816057913245701,1.0
20201123,NIFTY50,12926.45,0.5241444741252321,%,0.005227756180819109,3.0
20201124,NIFTY50,13055.15,0.9956329850809631,%,0.009907092146913083,1.0
20201125,NIFTY50,12858.4,-1.5070680919024304,%,-0.01518539766292209,1.0
20201126,NIFTY50,12987.0,1.000124432277727,%,0.00995156285515894,1.0
20201127,NIFTY50,12968.95,-0.1389851389851371,%,-0.0013908181291474332,1.0
20201201,NIFTY50,13109.05,1.0802724970024435,%,0.010744792383060973,4.0
20201202,NIFTY50,13113.75,0.035853093855009455,%,0.0003584666816914015,1.0
20201203,NIFTY50,13133.9,0.153655514250306,%,0.0015353758495279832,1.0
20201204,NIFTY50,13258.55,0.949070725374801,%,0.009445953432445583,1.0
20201207,NIFTY50,13355.75,0.7331118410384363,%,0.0073043763815936035,3.0
20201208,NIFTY50,13392.95,0.2785317185481917,%,0.002781445377379538,1.0
20201209,NIFTY50,13529.1,1.016579618381308,%,0.010114472018708576,1.0
20201210,NIFTY50,13478.3,-0.37548691339409634,%,-0.003761936351579113,1.0
20201211,NIFTY50,13513.85,0.26375729876915166,%,0.0026341006963332956,1.0
20201214,NIFTY50,13558.15,0.3278118374852479,%,0.0032727570583044262,3.0
20201215,NIFTY50,13567.85,0.07154368405719591,%,0.0007151810376354939,1.0
20201216,NIFTY50,13682.7,0.8464863629830788,%,0.0084292375769653,1.0
20201217,NIFTY50,13740.7,0.4238929451058526,%,0.004229970498269098,1.0
20201218,NIFTY50,13760.55,0.14446134476409078,%,0.0014435709974719424,1.0
20201221,NIFTY50,13328.4,-3.1404994713147394,%,-0.03190870565767625,3.0
20201222,NIFTY50,13466.3,1.034632814141223,%,0.010293171226603563,1.0
20201223,NIFTY50,13601.1,1.0010173544329204,%,0.009960403618605139,1.0
20201224,NIFTY50,13749.25,1.0892501341803307,%,0.010833605346231154,1.0
20201228,NIFTY50,13873.2,0.9015037183846442,%,0.008974644316761851,4.0
20201229,NIFTY50,13932.6,0.42816365366318276,%,0.004272496411424223,1.0
20201230,NIFTY50,13981.95,0.35420524525213715,%,0.0035357941585163945,1.0
20201231,NIFTY50,13981.75,-0.001430415643033367,%,-1.4304258735754857e-05,1.0
20210101,NIFTY50,14018.5,0.26284263414808606,%,0.002624978069994666,1.0
20210104,NIFTY50,14132.9,0.8160644862146516,%,0.00812752685406613,3.0
20210105,NIFTY50,14199.5,0.47124086351704175,%,0.0047013399972732585,1.0
20210106,NIFTY50,14146.25,-0.37501320469031096,%,-0.0037571814216639365,1.0
20210107,NIFTY50,14137.35,-0.06291419987628499,%,-0.0006293399916382645,1.0
20210108,NIFTY50,14347.25,1.4847195549378078,%,0.014738054903755111,1.0
20210111,NIFTY50,14484.75,0.9583718134137165,%,0.00953808562855032,3.0
20210112,NIFTY50,14563.45,0.5433300540223396,%,0.005418593410961451,1.0
20210113,NIFTY50,14564.85,0.009613106784445158,%,9.612644754944934e-05,1.0
20210114,NIFTY50,14595.6,0.21112472837001572,%,0.0021090217330616886,1.0
20210115,NIFTY50,14433.7,-1.1092384006138767,%,-0.011154363255555686,1.0
20210118,NIFTY50,14281.3,-1.0558623222042929,%,-0.01061476099225705,3.0
20210119,NIFTY50,14521.15,1.6794689559073817,%,0.01665521817989555,1.0
20210120,NIFTY50,14644.7,0.8508279302947841,%,0.00847228790044222,1.0
20210121,NIFTY50,14590.35,-0.3711240243910785,%,-0.0037181439822322328,1.0
20210122,NIFTY50,14371.9,-1.4972224792414224,%,-0.015085440027319255,1.0
20210125,NIFTY50,14238.9,-0.9254169594834383,%,-0.009297255444126929,3.0
20210127,NIFTY50,13967.5,-1.9060461131126694,%,-0.019244453457933762,2.0
20210128,NIFTY50,13817.55,-1.0735636298550233,%,-0.01079367903283101,1.0
20210129,NIFTY50,13634.6,-1.3240408031814588,%,-0.013328843718060656,1.0
20210201,NIFTY50,14281.2,4.742346676836884,%,0.046333307393982406,3.0
20210202,NIFTY50,14647.85,2.5673612861664363,%,0.025349580019676167,1.0
20210203,NIFTY50,14789.95,0.9701082411411877,%,0.009654329040450573,1.0
20210204,NIFTY50,14895.65,0.7146744918001602,%,0.007121327963684512,1.0
20210205,NIFTY50,14924.25,0.19200236310601415,%,0.0019181827416789982,1.0
20210208,NIFTY50,15115.8,1.2834815819890322,%,0.012753147626468448,3.0
20210209,NIFTY50,15109.3,-0.04300136281242262,%,-0.0004301061104978167,1.0
20210210,NIFTY50,15106.5,-0.01853163283540571,%,-0.00018533350154651584,1.0
20210211,NIFTY50,15173.3,0.44219375765397473,%,0.004412189536825283,1.0
20210212,NIFTY50,15163.3,-0.06590524144385324,%,-0.0006592696849480349,1.0
20210215,NIFTY50,15314.7,0.9984633951712452,%,0.0099351168282398,3.0
20210216,NIFTY50,15313.45,-0.008162092629959705,%,-8.162425746866536e-05,1.0
20210217,NIFTY50,15208.9,-0.6827331528819536,%,-0.006850744382448808,1.0
20210218,NIFTY50,15118.95,-0.591430017950012,%,-0.005931858918806256,1.0
20210219,NIFTY50,14981.75,-0.907470426187007,%,-0.009116130199794164,1.0
20210222,NIFTY50,14675.7,-2.0428187628281025,%,-0.020639728948870298,3.0
20210223,NIFTY50,14707.8,0.21872891923382376,%,0.0021849005577883308,1.0
20210224,NIFTY50,14982.0,1.8643168930771559,%,0.0184715152210019,1.0
20210225,NIFTY50,15097.35,0.7699239086904397,%,0.007669751205100037,1.0
20210226,NIFTY50,14529.15,-3.7635744021301765,%,-0.03836225551565555,1.0
20210301,NIFTY50,14761.55,1.5995429877177836,%,0.015868850993789412,3.0
20210302,NIFTY50,14919.1,1.0672998431736636,%,0.010616444031444284,1.0
20210303,NIFTY50,15245.6,2.188469813862759,%,0.02164866559165988,1.0
20210304,NIFTY50,15080.75,-1.0812955869234475,%,-0.010871840740940207,1.0
20210305,NIFTY50,14938.1,-0.9459078626726125,%,-0.009504099842029849,1.0
20210308,NIFTY50,14956.2,0.12116668117096996,%,0.0012109333359041415,3.0
20210309,NIFTY50,15098.4,0.9507762666987496,%,0.009462848356829118,1.0
20210310,NIFTY50,15174.8,0.5060138822656768,%,0.0050473793452542595,1.0
20210312,NIFTY50,15030.95,-0.9479531855444479,%,-0.009524748600142347,2.0
20210315,NIFTY50,14929.5,-0.674940705677296,%,-0.006772287314813522,3.0
20210316,NIFTY50,14910.45,-0.1275997186777844,%,-0.0012768119643645321,1.0
20210317,NIFTY50,14721.3,-1.2685733830971047,%,-0.012766884789164224,1.0
20210318,NIFTY50,14557.85,-1.1102959657095401,%,-0.011165057588712252,1.0
20210319,NIFTY50,14744.0,1.2786915650319308,%,0.01270585333767231,1.0
20210322,NIFTY50,14736.4,-0.051546391752577136,%,-0.0005155968147220087,3.0
20210323,NIFTY50,14814.75,0.5316766645856452,%,0.005302682541282359,1.0
20210324,NIFTY50,14549.4,-1.791120336151475,%,-0.018073550440256294,1.0
20210325,NIFTY50,14324.9,-1.5430189561081553,%,-0.015550473880181296,1.0
20210326,NIFTY50,14507.3,1.2733073180266397,%,0.012652689241181039,1.0
20210330,NIFTY50,14845.1,2.3284829017115705,%,0.023017873453048527,4.0
20210331,NIFTY50,14690.7,-1.0400738290749056,%,-0.010455203953802781,1.0
20210401,NIFTY50,14867.35,1.2024614211712192,%,0.011952892913079521,1.0
20210405,NIFTY50,14637.8,-1.5439873279367244,%,-0.015560309410181656,4.0
20210406,NIFTY50,14683.5,0.3122053860552976,%,0.0031171903704882375,1.0
20210407,NIFTY50,14819.05,0.9231450267306762,%,0.009189100861723375,1.0
20210408,NIFTY50,14873.8,0.36945688151399647,%,0.0036877606594222893,1.0
20210409,NIFTY50,14834.85,-0.2618698651319695,%,-0.002622133440394992,1.0
20210412,NIFTY50,14310.8,-3.5325601539617946,%,-0.03596464550090766,3.0
20210413,NIFTY50,14504.8,1.3556195321016373,%,0.01346513216216128,1.0
20210415,NIFTY50,14581.45,0.5284457558877076,%,0.005270543809252156,2.0
20210416,NIFTY50,14617.85,0.2496322382204763,%,0.0024932117451798913,1.0
20210419,NIFTY50,14359.45,-1.7677018166146197,%,-0.017835122632966233,3.0
20210420,NIFTY50,14296.4,-0.439083669639162,%,-0.004400504730724992,1.0
20210422,NIFTY50,14406.15,0.7676757785176624,%,0.007647441420956932,2.0
20210423,NIFTY50,14341.35,-0.449807894545029,%,-0.004508225741375628,1.0
20210426,NIFTY50,14485.0,1.0016490776670217,%,0.009966658221529558,3.0
20210427,NIFTY50,14653.05,1.1601656886434109,%,0.011534873699277236,1.0
20210428,NIFTY50,14864.55,1.4433855067716328,%,0.014330678619181423,1.0
20210429,NIFTY50,14894.9,0.20417705211392967,%,0.002039688940633703,1.0
20210430,NIFTY50,14631.1,-1.7710760058812003,%,-0.017869472304921995,1.0
20210503,NIFTY50,14634.15,0.02084600611027554,%,0.00020843833632333135,3.0
20210504,NIFTY50,14496.5,-0.9406080981813059,%,-0.009450597532297881,1.0
20210505,NIFTY50,14617.85,0.8370986100093125,%,0.00833614370438461,1.0
20210506,NIFTY50,14724.8,0.7316397418224874,%,0.00728976241856127,1.0
20210507,NIFTY50,14823.15,0.6679207866999937,%,0.00665700078709295,1.0
20210510,NIFTY50,14942.35,0.8041475664754216,%,0.008009315295494882,3.0
20210511,NIFTY50,14850.75,-0.6130227173101965,%,-0.006149094161166533,1.0
20210512,NIFTY50,14696.5,-1.03866808073666,%,-0.0104409988264523,1.0
20210514,NIFTY50,14677.8,-0.1272411798727613,%,-0.0012732220019680827,2.0
20210517,NIFTY50,14923.15,1.671572033956048,%,0.016577550301561973,3.0
20210518,NIFTY50,15108.1,1.2393496011230853,%,0.012317325341082912,1.0
20210519,NIFTY50,15030.15,-0.5159483985411883,%,-0.005172840083098081,1.0
20210520,NIFTY50,14906.05,-0.8256737291377658,%,-0.00829101294717533,1.0
20210521,NIFTY50,15175.3,1.8063135438295186,%,0.017901935299818986,1.0
20210524,NIFTY50,15197.7,0.14760828451498842,%,0.0014749945057214828,3.0
20210525,NIFTY50,15208.45,0.07073438744020777,%,0.0007070938246309187,1.0
20210526,NIFTY50,15301.45,0.6115021583396052,%,0.006096400711710557,1.0
20210527,NIFTY50,15337.85,0.23788595198495077,%,0.0023760345128514245,1.0
20210528,NIFTY50,15435.65,0.6376382609035725,%,0.006356139487801307,1.0
20210531,NIFTY50,15582.8,0.953312623699043,%,0.00948797273161881,3.0
20210601,NIFTY50,15574.85,-0.0510177888440988,%,-0.0005103080734601435,1.0
20210602,NIFTY50,15576.2,0.008667820235830348,%,8.667444601998165e-05,1.0
20210603,NIFTY50,15690.35,0.7328488334767069,%,0.007301765443638139,1.0
20210604,NIFTY50,15670.25,-0.12810421692314167,%,-0.0012818634051846062,1.0
20210607,NIFTY50,15751.65,0.5194556564189989,%,0.005181111396264527,3.0
20210608,NIFTY50,15740.1,-0.07332565159839932,%,-0.0007335254800309069,1.0
20210609,NIFTY50,15635.35,-0.66549767790548,%,-0.0066772198768095935,1.0
20210610,NIFTY50,15737.75,0.6549261769004167,%,0.0065279085353827145,1.0
20210611,NIFTY50,15799.35,0.39141554542421186,%,0.003906515078371861,1.0
20210614,NIFTY50,15811.85,0.07911717887127967,%,0.0007908589772940088,3.0
20210615,NIFTY50,15869.25,0.36301887508418673,%,0.0036236155189037843,1.0
20210616,NIFTY50,15767.55,-0.640862044520063,%,-0.006429243811976895,1.0
20210617,NIFTY50,15691.4,-0.48295391484409755,%,-0.004841239057948083,1.0
20210618,NIFTY50,15683.35,-0.05130198707571365,%,-0.0005131515104754852,1.0
20210621,NIFTY50,15746.5,0.40265632023770426,%,0.0040184782924328364,3.0
20210622,NIFTY50,15772.75,0.16670371193598932,%,0.0016656491552922152,1.0
20210623,NIFTY50,15686.95,-0.5439761614176253,%,-0.005454610993256628,1.0
20210624,NIFTY50,15790.45,0.6597840880476991,%,0.0065761703950533955,1.0
20210625,NIFTY50,15860.35,0.4426726280758242,%,0.004416957147551428,1.0
20210628,NIFTY50,15814.7,-0.2878246696951803,%,-0.0028823968142633397,3.0
20210629,NIFTY50,15748.45,-0.41891404832212764,%,-0.004197939514398237,1.0
20210630,NIFTY50,15721.5,-0.17112795227467448,%,-0.0017127454341774183,1.0
20210701,NIFTY50,15680.0,-0.2639697229908089,%,-0.0026431873739428875,1.0
20210702,NIFTY50,15722.2,0.2691326530612326,%,0.0026877113962504966,1.0
20210705,NIFTY50,15834.35,0.7133225630000961,%,0.007107904518881885,3.0
20210706,NIFTY50,15818.25,-0.10167768174885738,%,-0.0010172940856974727,1.0
20210707,NIFTY50,15879.65,0.388159246440023,%,0.0038740785221350028,1.0
20210708,NIFTY50,15727.9,-0.9556255962820392,%,-0.009602209976720955,1.0
20210709,NIFTY50,15689.8,-0.24224467347834233,%,-0.002425385606006873,1.0
20210712,NIFTY50,15692.6,0.017845989113962624,%,0.00017844396906752612,3.0
20210713,NIFTY50,15812.35,0.7630985305175697,%,0.007602016616565908,1.0
20210714,NIFTY50,15853.95,0.26308549962530403,%,0.0026274003550276126,1.0
20210715,NIFTY50,15924.2,0.4431072382592438,%,0.004421284085811662,1.0
20210716,NIFTY50,15923.4,-0.005023800253711741,%,-5.023926450783297e-05,1.0
20210719,NIFTY50,15752.4,-1.0738912543803436,%,-0.010796990837843464,3.0
20210720,NIFTY50,15632.1,-0.763693151519762,%,-0.007666242201175643,1.0
20210722,NIFTY50,15824.05,1.2279220322285456,%,0.012204442218645537,2.0
20210723,NIFTY50,15856.05,0.2022238301825352,%,0.002020196330389148,1.0
20210726,NIFTY50,15824.45,-0.19929301433836422,%,-0.0019949186710989724,3.0
20210727,NIFTY50,15746.45,-0.4929081263487789,%,-0.004941269251421819,1.0
20210728,NIFTY50,15709.4,-0.23529112911164773,%,-0.002355683736621079,1.0
20210729,NIFTY50,15778.45,0.4395457496785493,%,0.004385825687307919,1.0
20210730,NIFTY50,15763.05,-0.09760147543010911,%,-0.0009764913668472192,1.0
20210802,NIFTY50,15885.15,0.7745962868860978,%,0.007716116923125624,3.0
20210803,NIFTY50,16130.75,1.54609808531867,%,0.015342677718794513,1.0
20210804,NIFTY50,16258.8,0.7938254575887704,%,0.007906912391925616,1.0
20210805,NIFTY50,16294.6,0.2201884517922581,%,0.0021994639228035033,1.0
20210806,NIFTY50,16238.2,-0.34612693775851744,%,-0.0034672734288667254,1.0
20210809,NIFTY50,16258.25,0.12347427670553746,%,0.001233981099116492,3.0
20210810,NIFTY50,16280.1,0.13439330801285898,%,0.001343030810369638,1.0
20210811,NIFTY50,16282.25,0.013206307086566227,%,0.00013205435130599847,1.0
20210812,NIFTY50,16364.4,0.5045371493497486,%,0.005032686256673825,1.0
20210813,NIFTY50,16529.1,1.006453032191823,%,0.01001422022003885,1.0
20210816,NIFTY50,16563.05,0.20539533307923907,%,0.0020518468525620097,3.0
20210817,NIFTY50,16614.6,0.31123494766964743,%,0.003107516143149264,1.0
20210818,NIFTY50,16568.85,-0.2753602253439791,%,-0.002757400390098923,1.0
20210820,NIFTY50,16450.5,-0.7142921808091618,%,-0.007168554609066652,2.0
20210823,NIFTY50,16496.45,0.2793228169356565,%,0.0027893343567396453,3.0
20210824,NIFTY50,16624.6,0.7768338036365341,%,0.0077383198591159386,1.0
20210825,NIFTY50,16634.65,0.06045258231779371,%,0.0006043431710507372,1.0
20210826,NIFTY50,16636.9,0.013525983414131026,%,0.00013525068735473022,1.0
20210827,NIFTY50,16705.2,0.41053321231718787,%,0.004096928239887572,1.0
20210830,NIFTY50,16931.05,1.3519742355673658,%,0.013429166104186735,3.0
20210831,NIFTY50,17132.2,1.188053900968944,%,0.011810519440649946,1.0
20210901,NIFTY50,17076.25,-0.32657802267076486,%,-0.0032711245256615783,1.0
20210902,NIFTY50,17234.15,0.9246760852060776,%,0.009204271285332572,1.0
20210903,NIFTY50,17323.6,0.5190276282845296,%,0.005176853225117625,1.0
20210906,NIFTY50,17377.8,0.31286799510494845,%,0.003123795816542275,3.0
20210907,NIFTY50,17362.1,-0.09034515301131751,%,-0.0009038598884199581,1.0
20210908,NIFTY50,17353.5,-0.04953317859014428,%,-0.0004954545032160359,1.0
20210909,NIFTY50,17369.25,0.09075978909154347,%,0.0009071862729865194,1.0
20210913,NIFTY50,17355.3,-0.08031434863337017,%,-0.0008034661788540212,4.0
20210914,NIFTY50,17380.0,0.14231963722897145,%,0.0014221845881971984,1.0
20210915,NIFTY50,17519.45,0.8023590333716912,%,0.007991572484174538,1.0
20210916,NIFTY50,17629.5,0.6281589890093642,%,0.006261942937460994,1.0
20210917,NIFTY50,17585.15,-0.25156697580758225,%,-0.0025188393721590984,1.0
20210920,NIFTY50,17396.9,-1.0705055117528173,%,-0.010762766458321043,3.0
20210921,NIFTY50,17562.0,0.9490196529266637,%,0.00944544750940251,1.0
20210922,NIFTY50,17546.65,-0.08740462361916945,%,-0.0008744284373270665,1.0
20210923,NIFTY50,17822.95,1.574659550398505,%,0.015623904173446654,1.0
20210924,NIFTY50,17853.2,0.16972498940972525,%,0.0016958111931557232,1.0
20210927,NIFTY50,17855.1,0.010642349830836118,%,0.00010641783572961581,3.0
20210928,NIFTY50,17748.6,-0.5964682359661966,%,-0.005982542131478065,1.0
20210929,NIFTY50,17711.3,-0.2101574208669965,%,-0.0021037856145795374,1.0
20210930,NIFTY50,17618.15,-0.5259354197602484,%,-0.005273233285638534,1.0
20211001,NIFTY50,17532.05,-0.4887005729886651,%,-0.004898986190713282,1.0
20211004,NIFTY50,17691.25,0.9080512547021025,%,0.009039532585512345,3.0
20211005,NIFTY50,17822.3,0.7407616759697477,%,0.0073803151105359625,1.0
20211006,NIFTY50,17646.0,-0.989210146838504,%,-0.009941353376534637,1.0
20211007,NIFTY50,17790.35,0.818032415278247,%,0.008147046658443456,1.0
20211008,NIFTY50,17895.2,0.5893644588217839,%,0.005876345003409079,1.0
20211011,NIFTY50,17945.95,0.2835956010550422,%,0.002831942274032983,3.0
20211012,NIFTY50,17991.95,0.25632524330001516,%,0.002559972904460075,1.0
20211013,NIFTY50,18161.75,0.9437554017213134,%,0.009393298528785267,1.0
20211014,NIFTY50,18338.55,0.9734744724489541,%,0.009687667374482732,1.0
20211018,NIFTY50,18477.05,0.7552396454463484,%,0.007524019892830094,4.0
20211019,NIFTY50,18418.75,-0.31552655862272516,%,-0.0031602539324889403,1.0
20211020,NIFTY50,18266.6,-0.8260604004072025,%,-0.00829491185970416,1.0
20211021,NIFTY50,18178.1,-0.4844908193095576,%,-0.00485668280747376,1.0
20211022,NIFTY50,18114.9,-0.34767109873967694,%,-0.0034827687919410082,1.0
20211025,NIFTY50,18125.4,0.057963334050969983,%,0.000579465417990845,3.0
20211026,NIFTY50,18268.4,0.7889481059728309,%,0.007858521832249608,1.0
20211027,NIFTY50,18210.95,-0.31447745834337626,%,-0.003149729778398594,1.0
20211028,NIFTY50,17857.25,-1.9422380490858537,%,-0.01961347328760292,1.0
20211029,NIFTY50,17671.65,-1.0393537638774042,%,-0.010447927649083697,1.0
20211101,NIFTY50,17929.65,1.4599655380227672,%,0.014494106489669145,3.0
20211102,NIFTY50,17888.95,-0.22699829611844136,%,-0.0022725632780962878,1.0
20211103,NIFTY50,17829.2,-0.3340050701690189,%,-0.0033456411226991806,1.0
20211104,NIFTY50,17916.8,0.4913288313552977,%,0.004901257503659256,1.0
20211108,NIFTY50,18068.55,0.8469704411502077,%,0.00843403771450868,4.0
20211109,NIFTY50,18044.25,-0.13448782553109329,%,-0.0013457834157164536,1.0
20211110,NIFTY50,18017.2,-0.14990925086938445,%,-0.001500217272092116,1.0
20211111,NIFTY50,17873.6,-0.7970161845347934,%,-0.008002093364690321,1.0
20211112,NIFTY50,18102.75,1.282058454927948,%,0.012739096598234837,1.0
20211115,NIFTY50,18109.45,0.037010951374805146,%,0.0003700410401166087,3.0
20211116,NIFTY50,17999.2,-0.608798168911806,%,-0.006106589008761365,1.0
20211117,NIFTY50,17898.65,-0.5586359393750739,%,-0.005602021455896025,1.0
20211118,NIFTY50,17764.8,-0.747821763093881,%,-0.007506319690276539,1.0
20211122,NIFTY50,17416.55,-1.9603372962262444,%,-0.019798067728082253,4.0
20211123,NIFTY50,17503.35,0.49837654414910393,%,0.004971387591004055,1.0
20211124,NIFTY50,17415.05,-0.5044748576701008,%,-0.005057516278800545,1.0
20211125,NIFTY50,17536.25,0.6959497675860904,%,0.0069353921488597555,1.0
20211126,NIFTY50,17026.45,-2.907120963718013,%,-0.029502149772621358,1.0
20211129,NIFTY50,17053.95,0.16151341001793273,%,0.001613831173843718,3.0
20211130,NIFTY50,16983.2,-0.4148599004922593,%,-0.004157228316412426,1.0
20211201,NIFTY50,17166.9,1.0816571670827724,%,0.010758491006561958,1.0
20211202,NIFTY50,17401.65,1.3674571413592407,%,0.01358191816862196,1.0
20211203,NIFTY50,17196.7,-1.1777618789022948,%,-0.011847524364121427,1.0
20211206,NIFTY50,16912.25,-1.6540964254769808,%,-0.016679293525066932,3.0
20211207,NIFTY50,17176.7,1.563659477597601,%,0.015515602865605863,1.0
20211208,NIFTY50,17469.75,1.7060902268771105,%,0.01691699951017999,1.0
20211209,NIFTY50,17516.85,0.2696088953762832,%,0.0026924610252884998,1.0
20211210,NIFTY50,17511.3,-0.03168377876159312,%,-0.0003168879913123273,1.0
20211213,NIFTY50,17368.25,-0.8169010867268511,%,-0.008202560070672313,3.0
20211214,NIFTY50,17324.9,-0.24959336720740133,%,-0.0024990537072034653,1.0
20211215,NIFTY50,17221.4,-0.5974060456337416,%,-0.005991976545675948,1.0
20211216,NIFTY50,17248.4,0.1567816786091747,%,0.0015665890444361708,1.0
20211217,NIFTY50,16985.2,-1.5259386377866946,%,-0.015377008913403054,1.0
20211220,NIFTY50,16614.2,-2.1842545274709746,%,-0.02208462525426377,3.0
20211221,NIFTY50,16770.85,0.9428681489328294,%,0.009384508914368171,1.0
20211222,NIFTY50,16955.45,1.1007194030117962,%,0.010947055769810723,1.0
20211223,NIFTY50,17072.6,0.6909282855954713,%,0.006885523140111989,1.0
20211224,NIFTY50,17003.75,-0.40327776671390536,%,-0.004040931243418335,1.0
20211227,NIFTY50,17086.25,0.4851870910828504,%,0.004840138519222991,3.0
20211228,NIFTY50,17233.25,0.8603409174043453,%,0.008566610759914585,1.0
20211229,NIFTY50,17213.6,-0.11402376220388533,%,-0.0011408881875360657,1.0
20211230,NIFTY50,17203.95,-0.0560603243946467,%,-0.0005607604406977799,1.0
20211231,NIFTY50,17354.05,0.8724740539236553,%,0.008686899930872365,1.0
20220103,NIFTY50,17625.7,1.5653406553513438,%,0.015532155674438485,3.0
20220104,NIFTY50,17805.25,1.018682945925553,%,0.01013529340916908,1.0
20220105,NIFTY50,17925.25,0.6739585234692091,%,0.006716975758933995,1.0
20220106,NIFTY50,17745.9,-1.0005439254682558,%,-0.010055830065243644,1.0
20220107,NIFTY50,17812.7,0.37642497703693767,%,0.003757182711433793,1.0
20220110,NIFTY50,18003.3,1.0700230734251415,%,0.01064338838998579,3.0
20220111,NIFTY50,18055.75,0.2913354773847132,%,0.0029091191803581893,1.0
20220112,NIFTY50,18212.35,0.8673137366213002,%,0.00863574177947351,1.0
20220113,NIFTY50,18257.8,0.2495559331991748,%,0.0024924505947533245,1.0
20220114,NIFTY50,18255.75,-0.011228077862612817,%,-0.00011228708258463262,1.0
20220117,NIFTY50,18308.1,0.2867589663530623,%,0.0028634859715560308,3.0
20220118,NIFTY50,18113.05,-1.065375434916782,%,-0.010710911914286183,1.0
20220119,NIFTY50,17938.4,-0.9642219283886311,%,-0.009689006478082284,1.0
20220120,NIFTY50,17757.0,-1.0112384605093117,%,-0.010163862100486327,1.0
20220121,NIFTY50,17617.15,-0.7875767303035297,%,-0.007906944964905686,1.0
20220124,NIFTY50,17149.1,-2.6567861430481288,%,-0.026927165310979384,3.0
20220125,NIFTY50,17277.95,0.7513513828714125,%,0.007485427978237365,1.0
20220127,NIFTY50,17110.15,-0.9711800300382767,%,-0.009759267410336796,2.0
20220128,NIFTY50,17101.95,-0.04792476980038929,%,-0.0004793625738860481,1.0
20220131,NIFTY50,17339.85,1.3910694394498657,%,0.01381482870112138,3.0
20220201,NIFTY50,17576.85,1.3667938303964622,%,0.013575374518897244,1.0
20220202,NIFTY50,17780.0,1.1557816104706076,%,0.011491534770912802,1.0
20220203,NIFTY50,17560.2,-1.236220472440941,%,-0.012439252422007897,1.0
20220204,NIFTY50,17516.3,-0.24999715265202616,%,-0.002503101673277095,1.0
20220207,NIFTY50,17213.6,-1.7281046796412514,%,-0.017432106933369305,3.0
20220208,NIFTY50,17266.75,0.3087674861737222,%,0.003082917783403323,1.0
20220209,NIFTY50,17463.8,1.1412107084425305,%,0.01134748021146286,1.0
20220210,NIFTY50,17605.85,0.8133968552090476,%,0.008101066127662239,1.0
20220211,NIFTY50,17374.75,-1.3126318808804993,%,-0.013213230321500876,1.0
20220214,NIFTY50,16842.8,-3.0616267859969293,%,-0.031094737081558063,3.0
20220215,NIFTY50,17352.45,3.0259220557152133,%,0.029810441021687707,1.0
20220216,NIFTY50,17322.2,-0.1743269682379145,%,-0.0017447909452098886,1.0
20220217,NIFTY50,17304.6,-0.10160372239093052,%,-0.0010165537396252585,1.0
20220218,NIFTY50,17276.3,-0.1635403303167915,%,-0.0016367420349265715,1.0
20220221,NIFTY50,17206.65,-0.40315345299628547,%,-0.004039683073425889,3.0
20220222,NIFTY50,17092.2,-0.6651498112648313,%,-0.006673717910992999,1.0
20220223,NIFTY50,17063.25,-0.1693755046161427,%,-0.0016951910709848976,1.0
20220224,NIFTY50,16247.95,-4.7781049917219764,%,-0.04896028105156906,1.0
20220225,NIFTY50,16658.4,2.5261648392566505,%,0.024947846739819746,1.0
20220228,NIFTY50,16793.9,0.8134034481102725,%,0.008101131524734604,3.0
20220302,NIFTY50,16605.95,-1.1191563603451304,%,-0.011254660360669237,2.0
20220303,NIFTY50,16498.05,-0.6497671015509576,%,-0.006518872771080209,1.0
20220304,NIFTY50,16245.35,-1.5316961701534404,%,-0.015435478124563093,1.0
20220307,NIFTY50,15863.15,-2.3526732264925077,%,-0.02380790463144289,3.0
20220308,NIFTY50,16013.45,0.9474789055137212,%,0.009430184764144683,1.0
20220309,NIFTY50,16345.35,2.072632693142329,%,0.020514459110673795,1.0
20220310,NIFTY50,16594.9,1.5267339029142901,%,0.015151966019218735,1.0
20220311,NIFTY50,16630.45,0.21422244183453287,%,0.002139933127338912,1.0
20220314,NIFTY50,16871.3,1.4482470408196946,%,0.014378601088806696,3.0
20220315,NIFTY50,16663.0,-1.2346410768583338,%,-0.012423260902022252,1.0
20220316,NIFTY50,16975.35,1.8745123927264018,%,0.018571599232414908,1.0
20220317,NIFTY50,17287.05,1.836191890005212,%,0.018195374494415762,1.0
20220321,NIFTY50,17117.6,-0.9802135124269418,%,-0.009850492312713139,4.0
20220322,NIFTY50,17315.5,1.156120016824791,%,0.011494880163363386,1.0
20220323,NIFTY50,17245.65,-0.40339580144955756,%,-0.004042116370829646,1.0
20220324,NIFTY50,17222.75,-0.1327871086332033,%,-0.001328753488373596,1.0
20220325,NIFTY50,17153.0,-0.4049875890900112,%,-0.004058098847076208,1.0
20220328,NIFTY50,17222.0,0.4022619949862971,%,0.004014550846285441,3.0
20220329,NIFTY50,17325.3,0.5998141911508492,%,0.005980224669388954,1.0
20220330,NIFTY50,17498.25,0.9982511125348426,%,0.00993301498577251,1.0
20220331,NIFTY50,17464.75,-0.1914477162001882,%,-0.001916312115762529,1.0
20220401,NIFTY50,17670.45,1.1778009991554539,%,0.011709189086995933,1.0
20220404,NIFTY50,18053.4,2.1671774063478866,%,0.02144027979090949,3.0
20220405,NIFTY50,17957.4,-0.5317557911529103,%,-0.005331746443847561,1.0
20220406,NIFTY50,17807.65,-0.8339180504972843,%,-0.008374145995435539,1.0
20220407,NIFTY50,17639.55,-0.9439763247817812,%,-0.009484600202821923,1.0
20220408,NIFTY50,17784.35,0.8208826188876639,%,0.00817531703084775,1.0
20220411,NIFTY50,17674.95,-0.6151475876261858,%,-0.0061704741556992595,3.0
20220412,NIFTY50,17530.3,-0.8183898681467405,%,-0.008217570617932296,1.0
20220413,NIFTY50,17475.65,-0.31174594844354253,%,-0.003122328883991324,1.0
20220418,NIFTY50,17173.65,-1.7281188396425895,%,-0.017432251023419793,5.0
20220419,NIFTY50,16958.65,-1.251917909122402,%,-0.012598204259997624,1.0
20220420,NIFTY50,17136.55,1.0490221804211775,%,0.010435581223143465,1.0
20220421,NIFTY50,17392.6,1.4941747317867238,%,0.014831219041721086,1.0
20220422,NIFTY50,17171.95,-1.2686429860975235,%,-0.01276758976251808,1.0
20220425,NIFTY50,16953.95,-1.2695121986728397,%,-0.012776393616003143,3.0
20220426,NIFTY50,17200.8,1.456002878385254,%,0.014455049340358107,1.0
20220427,NIFTY50,17038.4,-0.9441421329240418,%,-0.00948627408669976,1.0
20220428,NIFTY50,17245.05,1.2128486242839465,%,0.012055525496746364,1.0
20220429,NIFTY50,17102.55,-0.8263240756043011,%,-0.008297570577797668,1.0
20220502,NIFTY50,17069.1,-0.19558486892305993,%,-0.001957763858873641,3.0
20220504,NIFTY50,16677.6,-2.293618292704358,%,-0.023203309652967317,2.0
20220505,NIFTY50,16682.65,0.03028013623065373,%,0.000302755527226413,1.0
20220506,NIFTY50,16411.25,-1.6268398605737144,%,-0.016402181947133422,1.0
20220509,NIFTY50,16301.85,-0.6666158884911288,%,-0.006688476961240644,3.0
20220510,NIFTY50,16240.05,-0.37909807782553484,%,-0.003798184758416227,1.0
20220511,NIFTY50,16167.1,-0.4491981243900045,%,-0.00450210050671121,1.0
20220512,NIFTY50,15808.0,-2.2211775766835085,%,-0.022462172034303025,1.0
20220513,NIFTY50,15782.15,-0.16352479757085758,%,-0.0016365864530401846,1.0
20220516,NIFTY50,15842.3,0.3811267793044637,%,0.0038040233132169052,3.0
20220517,NIFTY50,16259.3,2.632193557753615,%,0.025981474896775072,1.0
20220518,NIFTY50,16240.3,-0.11685619922137125,%,-0.0011692452931500745,1.0
20220519,NIFTY50,15809.4,-2.6532761094314794,%,-0.02689110763221448,1.0
20220520,NIFTY50,16266.15,2.889103950814076,%,0.028481561554378136,1.0
20220523,NIFTY50,16214.7,-0.316301030053201,%,-0.003168023190952943,3.0
20220524,NIFTY50,16125.15,-0.5522766378656452,%,-0.005538073236373267,1.0
20220525,NIFTY50,16025.8,-0.6161182996747394,%,-0.006180241406599101,1.0
20220526,NIFTY50,16170.15,0.900735064708158,%,0.008967026426285264,1.0
20220527,NIFTY50,16352.45,1.1273859549849607,%,0.011210783228271726,1.0
20220530,NIFTY50,16661.4,1.8893193374693196,%,0.018716933609406666,3.0
20220531,NIFTY50,16584.55,-0.4612457536581682,%,-0.004623127742067441,1.0
20220601,NIFTY50,16522.75,-0.37263597746094446,%,-0.0037333199493177205,1.0
20220602,NIFTY50,16628.0,0.6370004993115463,%,0.006349802260260305,1.0
20220603,NIFTY50,16584.3,-0.26280971854703017,%,-0.002631556695493478,1.0
20220606,NIFTY50,16569.55,-0.088939539202737,%,-0.000889791138776673,3.0
20220607,NIFTY50,16416.35,-0.9245875717807661,%,-0.009288884132275873,1.0
20220608,NIFTY50,16356.25,-0.36609843235554385,%,-0.0036677021275259834,1.0
20220609,NIFTY50,16478.1,0.7449751623996859,%,0.007422139276322272,1.0
20220610,NIFTY50,16201.8,-1.6767709869463077,%,-0.016909879395574055,1.0
20220613,NIFTY50,15774.4,-2.6379784962164643,%,-0.02673397433842731,3.0
20220614,NIFTY50,15732.1,-0.2681559995942773,%,-0.0026851618183916293,1.0
20220615,NIFTY50,15692.15,-0.2539393977917803,%,-0.0025426237076681558,1.0
20220616,NIFTY50,15360.6,-2.112839859420146,%,-0.02135479785597345,1.0
20220617,NIFTY50,15293.5,-0.43683189458745275,%,-0.0043778879281600415,1.0
20220620,NIFTY50,15350.15,0.3704188053748281,%,0.0036973444439847482,3.0
20220621,NIFTY50,15638.8,1.8804376504464093,%,0.0186297598584063,1.0
20220622,NIFTY50,15413.3,-1.4419264905235707,%,-0.014524232766921568,1.0
20220623,NIFTY50,15556.65,0.9300409386698627,%,0.009257426877078428,1.0
20220624,NIFTY50,15699.25,0.916649792853863,%,0.009124740571574834,1.0
20220627,NIFTY50,15832.05,0.845900281860601,%,0.008423425943395693,3.0
20220628,NIFTY50,15850.2,0.11464087089165798,%,0.0011457520842448876,1.0
20220629,NIFTY50,15799.1,-0.322393408285071,%,-0.0032291421550026864,1.0
20220630,NIFTY50,15780.25,-0.1193105936414085,%,-0.0011938182539383846,1.0
20220701,NIFTY50,15752.05,-0.17870439314966458,%,-0.0017886425993802585,1.0
20220704,NIFTY50,15835.35,0.528820058341628,%,0.0052742671509817375,3.0
20220705,NIFTY50,15810.85,-0.15471713602793757,%,-0.0015483694658309363,1.0
20220706,NIFTY50,15989.8,1.1318177074603808,%,0.011254605733214696,1.0
20220707,NIFTY50,16132.9,0.8949455277739604,%,0.008909646239367608,1.0
20220708,NIFTY50,16220.6,0.5436096424077608,%,0.005421374182162639,1.0
20220711,NIFTY50,16216.0,-0.028359000283595392,%,-0.0002836302220848392,3.0
20220712,NIFTY50,16058.3,-0.9724962999506759,%,-0.009772559284971526,1.0
20220713,NIFTY50,15966.65,-0.5707328920246835,%,-0.005723677957848531,1.0
20220714,NIFTY50,15938.65,-0.17536552752143164,%,-0.0017551947286701716,1.0
20220715,NIFTY50,16049.2,0.6935970110392153,%,0.0069120269187908055,1.0
20220718,NIFTY50,16278.5,1.4287316501756964,%,0.01418621464032833,3.0
20220719,NIFTY50,16340.55,0.38117762693121726,%,0.0038045298587748868,1.0
20220720,NIFTY50,16520.85,1.1033900327712232,%,0.010973470957583456,1.0
20220721,NIFTY50,16605.25,0.5108695981139055,%,0.005095690867800048,1.0
20220722,NIFTY50,16719.45,0.6877343008988124,%,0.006853801957183238,1.0
20220725,NIFTY50,16631.0,-0.5290245791578108,%,-0.005304288690666916,3.0
20220726,NIFTY50,16483.85,-0.8847934580001326,%,-0.008887309985909385,1.0
20220727,NIFTY50,16641.8,0.9582106122052902,%,0.009536488917606722,1.0
20220728,NIFTY50,16929.6,1.7293802353110843,%,0.01714596654805997,1.0
20220729,NIFTY50,17158.25,1.3505930441357172,%,0.01341553833962306,1.0
20220801,NIFTY50,17340.05,1.0595486136406596,%,0.010539747347198897,3.0
20220802,NIFTY50,17345.45,0.031141778714594004,%,0.0003113693066917206,1.0
20220803,NIFTY50,17388.15,0.24617406870390823,%,0.002458715567124006,1.0
20220804,NIFTY50,17382.0,-0.035368915036970705,%,-0.0003537517131295328,1.0
20220805,NIFTY50,17397.5,0.08917270739845495,%,0.0008913297215996853,1.0
20220808,NIFTY50,17525.1,0.7334387124586783,%,0.00730762130159987,3.0
20220810,NIFTY50,17534.75,0.055063879806693805,%,0.0005504872521527912,2.0
20220811,NIFTY50,17659.0,0.7085929368824795,%,0.007060942140366637,1.0
20220812,NIFTY50,17698.15,0.22169998301151406,%,0.00221454591221288,1.0
20220816,NIFTY50,17825.25,0.7181541573554107,%,0.007155877104248459,4.0
20220817,NIFTY50,17944.25,0.6675923198833145,%,0.006653737907021656,1.0
20220818,NIFTY50,17956.5,0.06826699360520383,%,0.0006824370229270742,1.0
20220819,NIFTY50,17758.45,-1.1029432239022086,%,-0.011090707396812729,1.0
20220822,NIFTY50,17490.7,-1.5077329384039717,%,-0.01519214788075593,3.0
20220823,NIFTY50,17577.5,0.49626372872439983,%,0.004950363991350716,1.0
20220824,NIFTY50,17604.95,0.15616555255297815,%,0.0015604374095596946,1.0
20220825,NIFTY50,17522.45,-0.46861820113093255,%,-0.004697196586572179,1.0
20220826,NIFTY50,17558.9,0.2080188558106988,%,0.0020780279616681788,1.0
20220829,NIFTY50,17312.9,-1.400998923622776,%,-0.014109055502046193,3.0
20220830,NIFTY50,17759.3,2.5784241808131325,%,0.025457433999052224,1.0
20220901,NIFTY50,17542.8,-1.2190795808393329,%,-0.01226571304940768,2.0
20220902,NIFTY50,17539.45,-0.019096153407660577,%,-0.0001909797695519074,1.0
20220905,NIFTY50,17665.8,0.7203760665243086,%,0.007177937523042408,3.0
20220906,NIFTY50,17655.6,-0.05773868152022521,%,-0.0005775535671594472,1.0
20220907,NIFTY50,17624.4,-0.17671447019640407,%,-0.0017687079440843621,1.0
20220908,NIFTY50,17798.75,0.9892535348720921,%,0.009843924547387145,1.0
20220909,NIFTY50,17833.35,0.19439567385348688,%,0.0019420696997862557,1.0
20220912,NIFTY50,17936.35,0.5775695536733183,%,0.005759080153498418,3.0
20220913,NIFTY50,18070.05,0.7454136432440306,%,0.0074264916511124004,1.0
20220914,NIFTY50,18003.75,-0.36690545958644183,%,-0.0036758020863416896,1.0
20220915,NIFTY50,17877.4,-0.7017982364785014,%,-0.007042724229622524,1.0
20220916,NIFTY50,17530.85,-1.9384809871681674,%,-0.01957515923811545,1.0
20220919,NIFTY50,17622.25,0.5213666194166411,%,0.005200122092461122,3.0
20220920,NIFTY50,17816.25,1.1008809885230342,%,0.010948654031257964,1.0
20220921,NIFTY50,17718.35,-0.549498351224309,%,-0.005510136469804691,1.0
20220922,NIFTY50,17629.8,-0.49976436857833706,%,-0.005010173671356769,1.0
20220923,NIFTY50,17327.35,-1.7155611521401326,%,-0.01730447403289598,1.0
20220926,NIFTY50,17016.3,-1.795138898908366,%,-0.018114469805080784,3.0
20220927,NIFTY50,17007.4,-0.05230279202880217,%,-0.0005231647471022982,1.0
20220928,NIFTY50,16858.6,-0.8749132730458631,%,-0.008787631108325747,1.0
20220929,NIFTY50,16818.1,-0.24023347134399797,%,-0.002405224949281472,1.0
20220930,NIFTY50,17094.35,1.6425755584756896,%,0.016292312151434972,1.0
20221003,NIFTY50,16887.35,-1.2109264172080247,%,-0.012183178617222033,3.0
20221004,NIFTY50,17274.3,2.2913601009039386,%,0.022655026911186513,1.0
20221006,NIFTY50,17331.8,0.33286442865991805,%,0.003323116613248181,2.0
20221007,NIFTY50,17314.65,-0.09895106105538565,%,-0.0009900004993715066,1.0
20221010,NIFTY50,17241.0,-0.425362337673596,%,-0.004262695768817714,3.0
20221011,NIFTY50,16983.55,-1.4932428513427354,%,-0.01504503966897207,1.0
20221012,NIFTY50,17123.6,0.8246214719537459,%,0.00821240045686677,1.0
20221013,NIFTY50,17014.35,-0.6380083627274602,%,-0.0064005233452741625,1.0
20221014,NIFTY50,17185.7,1.0070910731235783,%,0.010020537033444438,1.0
20221017,NIFTY50,17311.8,0.7337495708641395,%,0.0073107072473373395,3.0
20221018,NIFTY50,17486.95,1.0117376587067906,%,0.010066538543434379,1.0
20221019,NIFTY50,17512.25,0.14467931800570266,%,0.0014457475831908754,1.0
20221020,NIFTY50,17563.95,0.2952219160873071,%,0.002947869919725599,1.0
20221021,NIFTY50,17576.3,0.07031447937393409,%,0.0007028977032589984,1.0
20221024,NIFTY50,17730.75,0.8787401216410862,%,0.00874901670915349,3.0
20221025,NIFTY50,17656.35,-0.4196099995770197,%,-0.004204928328390179,1.0
20221027,NIFTY50,17736.95,0.4564929897742376,%,0.004554542205983215,2.0
20221028,NIFTY50,17786.8,0.28105170280121605,%,0.0028065749095631263,1.0
20221031,NIFTY50,18012.2,1.267231879821007,%,0.012592696923282446,3.0
20221101,NIFTY50,18145.4,0.7394987841573997,%,0.0073677789761327165,1.0
20221102,NIFTY50,18082.85,-0.3447154650765616,%,-0.0034531097777932285,1.0
20221103,NIFTY50,18052.7,-0.16673256704555772,%,-0.0016687172048770696,1.0
20221104,NIFTY50,18117.15,0.3570103087072951,%,0.0035637453962944995,1.0
20221107,NIFTY50,18202.8,0.47275647659812403,%,0.004716424927414722,3.0
20221109,NIFTY50,18157.0,-0.25160964247258333,%,-0.0025192671149599894,2.0
20221110,NIFTY50,18028.2,-0.7093682877127194,%,-0.007118962667659443,1.0
20221111,NIFTY50,18349.7,1.7833172474234882,%,0.017676026972224347,1.0
20221114,NIFTY50,18329.15,-0.11199093173185348,%,-0.0011205368843472386,3.0
20221115,NIFTY50,18403.4,0.4050924347282825,%,0.0040427414446846995,1.0
20221116,NIFTY50,18409.65,0.033961115880765114,%,0.0003395535039911678,1.0
20221117,NIFTY50,18343.9,-0.35714964706010655,%,-0.0035778894904250048,1.0
20221118,NIFTY50,18307.65,-0.19761337556354341,%,-0.0019780888841003656,1.0
20221121,NIFTY50,18159.95,-0.8067665702588878,%,-0.008100385417505962,3.0
20221122,NIFTY50,18244.2,0.46393299541023225,%,0.004628601432195923,1.0
20221123,NIFTY50,18267.25,0.12634152223720552,%,0.0012626177849523763,1.0
20221124,NIFTY50,18484.1,1.1870971273727493,%,0.011801063995242344,1.0
20221125,NIFTY50,18512.75,0.1549980794304462,%,0.001548780813877488,1.0
20221128,NIFTY50,18562.75,0.27008413120686026,%,0.0026972005940332764,3.0
20221129,NIFTY50,18618.05,0.2979084456774972,%,0.0029746557780997683,1.0
20221130,NIFTY50,18758.35,0.7535697884579751,%,0.0075074463545009,1.0
20221201,NIFTY50,18812.5,0.28867144498316843,%,0.0028825558908002974,1.0
20221202,NIFTY50,18696.1,-0.618737541528247,%,-0.006206596549144281,1.0
20221205,NIFTY50,18701.05,0.026476109990847263,%,0.00026472605687367874,3.0
20221206,NIFTY50,18642.75,-0.31174720136034617,%,-0.0031223414523407593,1.0
20221207,NIFTY50,18560.5,-0.4411902750398933,%,-0.004421663914122268,1.0
20221208,NIFTY50,18609.35,0.2631933406966436,%,0.002628475935464882,1.0
20221209,NIFTY50,18496.6,-0.6058782278800745,%,-0.006077211175639539,1.0
20221212,NIFTY50,18497.15,0.0029735194576385737,%,2.9734752494251067e-05,3.0
20221213,NIFTY50,18608.0,0.5992815109354677,%,0.005974929613628151,1.0
20221214,NIFTY50,18660.3,0.2810619088563948,%,0.002806676684070734,1.0
20221215,NIFTY50,18414.9,-1.3150913972444056,%,-0.013238152933783446,1.0
20221216,NIFTY50,18269.0,-0.7922931973564973,%,-0.007954485172163248,1.0
20221219,NIFTY50,18420.45,0.8289999452624652,%,0.00825582614174796,3.0
20221220,NIFTY50,18385.3,-0.1908205282715736,%,-0.0019100282258184755,1.0
20221221,NIFTY50,18199.1,-1.0127656334136592,%,-0.01017928995978198,1.0
20221222,NIFTY50,18127.35,-0.3942502651229973,%,-0.003950294801933504,1.0
20221223,NIFTY50,17806.8,-1.7683224519855267,%,-0.01784144069070276,1.0
20221226,NIFTY50,18014.6,1.1669699216029894,%,0.011602133416483444,3.0
20221227,NIFTY50,18132.3,0.6533589421913399,%,0.006512338041518727,1.0
20221228,NIFTY50,18122.5,-0.05404719754250609,%,-0.0005406180830502604,1.0
20221229,NIFTY50,18191.0,0.377983170092433,%,0.0037727060871833766,1.0
20221230,NIFTY50,18105.3,-0.47111208839536456,%,-0.004722253191470682,1.0
20230102,NIFTY50,18197.45,0.5089669875671943,%,0.005076761287723933,3.0
20230103,NIFTY50,18232.55,0.19288416783669327,%,0.0019269838518420508,1.0
20230104,NIFTY50,18042.95,-1.039898423424035,%,-0.010453431463642316,1.0
20230105,NIFTY50,17992.15,-0.2815504116566281,%,-0.00281947510358644,1.0
20230106,NIFTY50,17859.45,-0.7375438733003059,%,-0.007402771759558915,1.0
20230109,NIFTY50,18101.2,1.3536251116355702,%,0.013445454515296811,3.0
20230110,NIFTY50,17914.15,-1.0333569045146151,%,-0.010387331059448432,1.0
20230111,NIFTY50,17895.7,-0.10299121085846075,%,-0.0010304428324909225,1.0
20230112,NIFTY50,17858.2,-0.20954754494096894,%,-0.002097674030007273,1.0
20230113,NIFTY50,17956.6,0.5510073803630666,%,0.005494948881159234,1.0
20230116,NIFTY50,17894.85,-0.34388469977613134,%,-0.00344477342271146,3.0
20230117,NIFTY50,18053.3,0.8854502831820321,%,0.008815531599927283,1.0
20230118,NIFTY50,18165.35,0.6206621504101673,%,0.006187439757166874,1.0
20230119,NIFTY50,18107.85,-0.3165367031188526,%,-0.00317038740242059,1.0
20230120,NIFTY50,18027.65,-0.44290183539181793,%,-0.004438855512424057,1.0
20230123,NIFTY50,18118.55,0.5042254536780977,%,0.005029584942406578,3.0
20230124,NIFTY50,18118.3,-0.0013798013637988937,%,-1.3798108831454769e-05,1.0
20230125,NIFTY50,17891.95,-1.2492893924926696,%,-0.012571586207360697,1.0
20230127,NIFTY50,17604.35,-1.6074268036742945,%,-0.016204860425410094,2.0
20230130,NIFTY50,17648.95,0.25334647402490695,%,0.0025302609284759267,3.0
20230131,NIFTY50,17662.15,0.07479198479229954,%,0.0007476402952535127,1.0
20230201,NIFTY50,17616.3,-0.25959466995808533,%,-0.0025993220119003902,1.0
20230202,NIFTY50,17610.4,-0.03349170938277135,%,-0.00033497319108321866,1.0
20230203,NIFTY50,17854.05,1.38355744332892,%,0.013740736629151006,1.0
20230206,NIFTY50,17764.6,-0.5010067743733249,%,-0.005022660210145283,3.0
20230207,NIFTY50,17721.5,-0.242617340103346,%,-0.00242912132880731,1.0
20230208,NIFTY50,17871.7,0.8475580509550662,%,0.008439864444755188,1.0
20230209,NIFTY50,17893.45,0.12170078951638796,%,0.0012162679413476782,1.0
20230210,NIFTY50,17856.5,-0.20650014390740656,%,-0.0020671364943135387,1.0
20230213,NIFTY50,17770.9,-0.4793772575812594,%,-0.004805299556804492,3.0
20230214,NIFTY50,17929.85,0.8944397863923426,%,0.008904633672618059,1.0
20230215,NIFTY50,18015.85,0.47964706899388254,%,0.004785004275328774,1.0
20230216,NIFTY50,18035.85,0.11101335768226583,%,0.0011095178342057001,1.0
20230217,NIFTY50,17944.2,-0.5081545921040487,%,-0.0050945008816343056,1.0
20230220,NIFTY50,17844.6,-0.5550540007356219,%,-0.005566001494152447,3.0
20230221,NIFTY50,17826.7,-0.10031045806573324,%,-0.0010036080267580851,1.0
20230222,NIFTY50,17554.3,-1.528045011134993,%,-0.01539839927597453,1.0
20230223,NIFTY50,17511.25,-0.245239058236435,%,-0.0024554026176142147,1.0
20230224,NIFTY50,17465.8,-0.25954743379256184,%,-0.0025988484209401182,1.0
20230227,NIFTY50,17392.7,-0.41853221724741374,%,-0.0041941051482731325,3.0
20230228,NIFTY50,17303.95,-0.5102715507080524,%,-0.0051157788177069495,1.0
20230301,NIFTY50,17450.9,0.8492280664241347,%,0.008456424108409272,1.0
20230302,NIFTY50,17321.9,-0.7392168885272388,%,-0.007419626362913088,1.0
20230303,NIFTY50,17594.35,1.5728644086387522,%,0.015606230891244488,1.0
20230306,NIFTY50,17711.45,0.6655545672332508,%,0.006633495312281151,3.0
20230308,NIFTY50,17754.4,0.2424984967351662,%,0.0024220494360940436,2.0
20230309,NIFTY50,17589.6,-0.9282206101023038,%,-0.00932555422876939,1.0
20230310,NIFTY50,17412.9,-1.0045708827943645,%,-0.010096507452669731,1.0
20230313,NIFTY50,17154.3,-1.4851058697862074,%,-0.014962439797248966,3.0
20230314,NIFTY50,17043.3,-0.6470680820552244,%,-0.006491706424752578,1.0
20230315,NIFTY50,16972.15,-0.41746610104849147,%,-0.004183399235659102,1.0
20230316,NIFTY50,16985.6,0.07924747306615743,%,0.000792160888359323,1.0
20230317,NIFTY50,17100.05,0.6738060474755114,%,0.006715461205305623,1.0
20230320,NIFTY50,16988.4,-0.6529220674793224,%,-0.006550629274632628,3.0
20230321,NIFTY50,17107.5,0.7010666101575191,%,0.0069862056382009536,1.0
20230322,NIFTY50,17151.9,0.25953529153881494,%,0.0025919908029994904,1.0
20230323,NIFTY50,17076.9,-0.43726934042293,%,-0.004382281589036814,1.0
20230324,NIFTY50,16945.05,-0.7720956379670962,%,-0.007750917280890061,1.0
20230327,NIFTY50,16985.7,0.23989306611666983,%,0.0023960578205877384,3.0
20230328,NIFTY50,16951.7,-0.20016837692883316,%,-0.0020036898156717883,1.0
20230329,NIFTY50,17080.7,0.7609856238607327,%,0.007581047344671876,1.0
20230331,NIFTY50,17359.75,1.6337152458622883,%,0.016205137079674727,2.0
20230403,NIFTY50,17398.05,0.22062529702329137,%,0.0022038227679195624,3.0
20230405,NIFTY50,17557.05,0.9138955227740997,%,0.009097447675193594,2.0
20230406,NIFTY50,17599.15,0.2397897141034555,%,0.002395026773333662,1.0
20230410,NIFTY50,17624.05,0.14148410576646508,%,0.0014138411131193697,4.0
20230411,NIFTY50,17722.3,0.5574768569085897,%,0.0055592870573658824,1.0
20230412,NIFTY50,17812.4,0.5083990227002344,%,0.005071110384239979,1.0
20230413,NIFTY50,17828.0,0.08757943904245113,%,0.0008754111062864357,1.0
20230417,NIFTY50,17706.85,-0.6795490240071866,%,-0.0068186847221795,4.0
20230418,NIFTY50,17660.15,-0.2637397391404894,%,-0.002640881451153317,1.0
20230419,NIFTY50,17618.75,-0.2344260949086019,%,-0.0023470130306909674,1.0
20230420,NIFTY50,17624.45,0.0323518978361248,%,0.00032346665738081727,1.0
20230421,NIFTY50,17624.05,-0.0022695743697065396,%,-2.269600124935328e-05,1.0
20230424,NIFTY50,17743.4,0.6771996221073051,%,0.006749169252810326,3.0
20230425,NIFTY50,17769.25,0.14568797411995682,%,0.0014558195215261978,1.0
20230426,NIFTY50,17813.6,0.24958847447134058,%,0.0024927751973571103,1.0
20230427,NIFTY50,17915.05,0.569508689989684,%,0.005678931202210298,1.0
20230428,NIFTY50,18065.0,0.8370057577288481,%,0.008335222889282883,1.0
20230502,NIFTY50,18147.65,0.45751453086078087,%,0.004564711144417706,4.0
20230503,NIFTY50,18089.85,-0.3184985383782646,%,-0.003190068245158949,1.0
20230504,NIFTY50,18255.8,0.9173652628407636,%,0.009131830258481237,1.0
20230505,NIFTY50,18069.0,-1.0232364508813596,%,-0.010285075027649962,1.0
20230508,NIFTY50,18264.4,1.0814101499806439,%,0.01075604726542361,3.0
20230509,NIFTY50,18265.95,0.008486454523559672,%,8.486094444379597e-05,1.0
20230510,NIFTY50,18315.1,0.2690799000325539,%,0.0026871852817707963,1.0
20230511,NIFTY50,18297.0,-0.09882555923800274,%,-0.000988744238902929,1.0
20230512,NIFTY50,18314.8,0.0972837077116484,%,0.0009723641778049823,1.0
20230515,NIFTY50,18398.85,0.45891847030816724,%,0.004578686501499633,3.0
20230516,NIFTY50,18286.5,-0.6106359908363723,%,-0.006125079970559869,1.0
20230517,NIFTY50,18181.75,-0.5728269488420423,%,-0.005744738948538704,1.0
20230518,NIFTY50,18129.95,-0.28490106837900653,%,-0.0028530768395788,1.0
20230519,NIFTY50,18203.4,0.40513073670915833,%,0.004043122919096419,1.0
20230522,NIFTY50,18314.4,0.6097761956557646,%,0.006079245839243774,3.0
20230523,NIFTY50,18348.0,0.1834621936836589,%,0.0018329410735294929,1.0
20230524,NIFTY50,18285.4,-0.3411816001744006,%,-0.0034176495183284154,1.0
20230525,NIFTY50,18321.15,0.1955111728482839,%,0.001953202985013659,1.0
20230526,NIFTY50,18499.35,0.9726463677225405,%,0.009679466130279842,1.0
20230529,NIFTY50,18598.65,0.5367756164405879,%,0.00535340110800121,3.0
20230530,NIFTY50,18633.85,0.18926104851695325,%,0.0018908217545032591,1.0
20230531,NIFTY50,18534.4,-0.5337061315831004,%,-0.005351354305298902,1.0
20230601,NIFTY50,18487.75,-0.25169414709945714,%,-0.002520114293168742,1.0
20230602,NIFTY50,18534.1,0.2507065489310456,%,0.0025039280433874476,1.0
20230605,NIFTY50,18593.85,0.3223787505193032,%,0.003218602243386475,3.0
20230606,NIFTY50,18599.0,0.027697330031184464,%,0.0002769349502884268,1.0
20230607,NIFTY50,18726.4,0.684983063605582,%,0.006826477130569099,1.0
20230608,NIFTY50,18634.55,-0.49048402255640333,%,-0.004916908432305566,1.0
20230609,NIFTY50,18563.4,-0.38181764518058214,%,-0.003825484295202245,1.0
20230612,NIFTY50,18601.5,0.20524257409741953,%,0.0020503223927487504,3.0
20230613,NIFTY50,18716.15,0.6163481439668939,%,0.006144564876073942,1.0
20230614,NIFTY50,18755.9,0.2123834228727528,%,0.0021215820810404676,1.0
20230615,NIFTY50,18688.1,-0.3614862523259488,%,-0.0036214119270170913,1.0
20230616,NIFTY50,18826.0,0.7379027295444818,%,0.007351935466131494,1.0
20230619,NIFTY50,18755.45,-0.37474768936576197,%,-0.0037545162773133895,3.0
20230620,NIFTY50,18816.7,0.32657174314665305,%,0.0032603965574623172,1.0
20230621,NIFTY50,18856.85,0.21337428985952478,%,0.0021314697022533084,1.0
20230622,NIFTY50,18771.25,-0.4539464438652163,%,-0.0045497990950773125,1.0
20230623,NIFTY50,18665.5,-0.5633615236065759,%,-0.005649543898520234,1.0
20230626,NIFTY50,18691.2,0.1376871768771215,%,0.0013759247500199831,3.0
20230627,NIFTY50,18817.4,0.6751840438281143,%,0.006729148846371014,1.0
20230628,NIFTY50,18972.1,0.8221114500408966,%,0.008187505216794124,1.0
20230630,NIFTY50,19189.05,1.1435212759789426,%,0.011370324916684512,2.0
20230703,NIFTY50,19322.55,0.6957092716940227,%,0.006933003808714836,3.0
20230704,NIFTY50,19389.0,0.3438987090213397,%,0.0034330872964505156,1.0
20230705,NIFTY50,19398.5,0.04899685388621844,%,0.0004898485434720244,1.0
20230706,NIFTY50,19497.3,0.5093177307523788,%,0.005080250952215662,1.0
20230707,NIFTY50,19331.8,-0.8488354797843822,%,-0.008524586056305487,1.0
20230710,NIFTY50,19355.9,0.12466505964268126,%,0.0012458741727910268,3.0
20230711,NIFTY50,19439.4,0.43139301194985435,%,0.004304651797411916,1.0
20230712,NIFTY50,19384.3,-0.283444962293089,%,-0.0028384742821917232,1.0
20230713,NIFTY50,19413.75,0.15192707500399916,%,0.0015181178258223326,1.0
20230714,NIFTY50,19564.5,0.7765114931427508,%,0.007735121594226721,1.0
20230717,NIFTY50,19711.45,0.7511053183061112,%,0.007482985679822449,3.0
20230718,NIFTY50,19749.25,0.19176671427012515,%,0.001915830766397027,1.0
20230719,NIFTY50,19833.15,0.4248262592250418,%,0.004239264200742216,1.0
20230720,NIFTY50,19979.15,0.7361412584486082,%,0.007334449629633137,1.0
20230721,NIFTY50,19745.0,-1.1719717805812602,%,-0.011788935034292592,1.0
20230724,NIFTY50,19672.35,-0.3679412509496105,%,-0.003686198197714694,3.0
20230725,NIFTY50,19680.6,0.04193703345050093,%,0.00041928242334364116,1.0
20230726,NIFTY50,19778.3,0.49642795443227694,%,0.004951998137413459,1.0
20230727,NIFTY50,19659.9,-0.5986358787155477,%,-0.006004348865560584,1.0
20230728,NIFTY50,19646.05,-0.07044796769059003,%,-0.0007047279393175503,1.0
20230731,NIFTY50,19753.8,0.548456305465983,%,0.005469577606164628,3.0
20230801,NIFTY50,19733.55,-0.10251192175683155,%,-0.0010256450116385468,1.0
20230802,NIFTY50,19526.55,-1.0489749690248296,%,-0.010545154913078857,1.0
20230803,NIFTY50,19381.65,-0.7420665708996133,%,-0.007448335820864754,1.0
20230804,NIFTY50,19517.0,0.6983409565233023,%,0.006959138491705194,1.0
20230807,NIFTY50,19597.3,0.4114361838397196,%,0.004105920996260323,3.0
20230808,NIFTY50,19570.85,-0.13496757206350463,%,-0.0013505873532751007,1.0
20230809,NIFTY50,19632.55,0.3152647943242215,%,0.0031476887690017655,1.0
20230810,NIFTY50,19543.1,-0.45562089489139534,%,-0.004566620104543575,1.0
20230811,NIFTY50,19428.3,-0.5874196007798149,%,-0.005891516961594456,1.0
20230814,NIFTY50,19434.55,0.03216956707483565,%,0.00032164393779061565,3.0
20230816,NIFTY50,19465.0,0.15667972759854099,%,0.0015655711297147335,2.0
20230817,NIFTY50,19365.25,-0.5124582584125403,%,-0.005137758290060533,1.0
20230818,NIFTY50,19310.15,-0.28453027975366973,%,-0.0028493583662490217,1.0
20230821,NIFTY50,19393.6,0.43215614586109563,%,0.004312250328000912,3.0
20230822,NIFTY50,19396.45,0.014695569672484865,%,0.00014694489979421606,1.0
20230823,NIFTY50,19444.0,0.24514795233148146,%,0.002448479549304461,1.0
20230824,NIFTY50,19386.7,-0.29469245011314316,%,-0.0029512752327599183,1.0
20230825,NIFTY50,19265.8,-0.6236234119267436,%,-0.0062557606509410085,1.0
20230828,NIFTY50,19306.05,0.20891943236200916,%,0.0020870149919961396,3.0
20230829,NIFTY50,19342.65,0.18957787843707496,%,0.0018939840636754115,1.0
20230830,NIFTY50,19347.45,0.024815627641494586,%,0.0002481254907391843,1.0
20230831,NIFTY50,19253.8,-0.4840431167931758,%,-0.004852183996052265,1.0
20230901,NIFTY50,19435.3,0.9426710571419639,%,0.009382556404132514,1.0
20230904,NIFTY50,19528.8,0.4810833895026123,%,0.004799298814420837,3.0
20230905,NIFTY50,19574.9,0.23606161156857208,%,0.002357834238565403,1.0
20230906,NIFTY50,19611.05,0.18467527292602703,%,0.0018450495779825536,1.0
20230907,NIFTY50,19727.05,0.591503259641879,%,0.005897607470804029,1.0
20230908,NIFTY50,19819.95,0.4709269759036516,%,0.004698215838548732,1.0
20230911,NIFTY50,19996.35,0.8900123360553236,%,0.008860750704518585,3.0
20230912,NIFTY50,19993.2,-0.015752874899654934,%,-0.00015754115795312492,1.0
20230913,NIFTY50,20070.0,0.38413060440549707,%,0.003833947067360447,1.0
20230914,NIFTY50,20103.1,0.16492277030393243,%,0.0016478692204573958,1.0
20230915,NIFTY50,20192.35,0.4439613790907959,%,0.0044297877773378114,1.0
20230918,NIFTY50,20133.3,-0.29243748251194246,%,-0.002928659163891997,3.0
20230920,NIFTY50,19901.4,-1.1518230990448575,%,-0.0115850796274781,2.0
20230921,NIFTY50,19742.35,-0.7991900067332081,%,-0.008024006475894206,1.0
20230922,NIFTY50,19674.25,-0.34494373770092013,%,-0.00345540040278986,1.0
20230925,NIFTY50,19674.55,0.001524835762478638,%,1.524824136976305e-05,3.0
20230926,NIFTY50,19664.7,-0.05006467746402343,%,-0.000500772140080995,1.0
20230927,NIFTY50,19716.45,0.26316190941126916,%,0.0026281624476409476,1.0
20230928,NIFTY50,19523.55,-0.978370852765087,%,-0.00983188348126239,1.0
20230929,NIFTY50,19638.3,0.5877517152362177,%,0.005860311931494425,1.0
20231003,NIFTY50,19528.75,-0.5578385094432758,%,-0.005594002391173672,4.0
20231004,NIFTY50,19436.1,-0.47442872687705195,%,-0.004755577121972701,1.0
20231005,NIFTY50,19545.75,0.5641563893991064,%,0.005625709872108961,1.0
20231006,NIFTY50,19653.5,0.5512707366051472,%,0.005497568008546022,1.0
20231009,NIFTY50,19512.35,-0.7181926883252476,%,-0.007207841070540643,3.0
20231010,NIFTY50,19689.85,0.9096802794127834,%,0.00905567610965498,1.0
20231011,NIFTY50,19811.35,0.6170692006287615,%,0.006151731247061281,1.0
20231012,NIFTY50,19794.0,-0.08757606119723649,%,-0.0008761443143344063,1.0
20231013,NIFTY50,19751.05,-0.21698494493280762,%,-0.0021722069835914395,1.0
20231016,NIFTY50,19731.75,-0.09771632394226515,%,-0.0009776409746631235,3.0
20231017,NIFTY50,19811.5,0.4041709427698992,%,0.004033563661320618,1.0
20231018,NIFTY50,19671.1,-0.7086793024253635,%,-0.007112023615253143,1.0
20231019,NIFTY50,19624.7,-0.2358790306591807,%,-0.0023615766348855094,1.0
20231020,NIFTY50,19542.65,-0.41809556324428065,%,-0.004189720265668789,1.0
20231023,NIFTY50,19281.75,-1.3350287704072983,%,-0.01344020396363619,3.0
20231025,NIFTY50,19122.15,-0.8277256991714887,%,-0.008311703697890308,2.0
20231026,NIFTY50,18857.25,-1.3853044767455636,%,-0.013949893667133624,1.0
20231027,NIFTY50,19047.25,1.0075700327460302,%,0.010025278863763394,1.0
20231030,NIFTY50,19140.9,0.49167202614550654,%,0.004904672666023684,3.0
20231031,NIFTY50,19079.6,-0.32025662325179116,%,-0.003207705423086861,1.0
20231101,NIFTY50,18989.15,-0.4740665422755086,%,-0.0047519380175908114,1.0
20231102,NIFTY50,19133.25,0.7588543984327734,%,0.00755989582502197,1.0
20231103,NIFTY50,19230.6,0.5088001254360819,%,0.005075101114760032,1.0
20231106,NIFTY50,19411.75,0.9419882894969644,%,0.009375792466276,3.0
20231107,NIFTY50,19406.7,-0.02601517122361452,%,-0.0002601855575629086,1.0
20231108,NIFTY50,19443.5,0.18962523252279428,%,0.0018944567083908723,1.0
20231109,NIFTY50,19395.3,-0.24789775503382128,%,-0.0024820553026905696,1.0
20231110,NIFTY50,19425.35,0.1549344428804833,%,0.001548145433003843,1.0
20231112,NIFTY50,19525.55,0.5158208217612481,%,0.0051449502336882525,2.0
20231113,NIFTY50,19443.55,-0.41996256187405434,%,-0.004208468813832688,1.0
20231115,NIFTY50,19675.45,1.1926834348665816,%,0.01185627017720115,2.0
20231116,NIFTY50,19765.2,0.45615220998758144,%,0.00455114988803013,1.0
20231117,NIFTY50,19731.8,-0.16898387064133713,%,-0.0016912680943572324,1.0
20231120,NIFTY50,19694.0,-0.1915689394784037,%,-0.0019175266745258626,3.0
20231121,NIFTY50,19783.4,0.4539453640702851,%,0.0045291813962118265,1.0
20231122,NIFTY50,19811.85,0.14380743451578581,%,0.00143704130651907,1.0
20231123,NIFTY50,19802.0,-0.04971771944567438,%,-0.0004973008280183108,1.0
20231124,NIFTY50,19794.7,-0.036864963135030404,%,-0.00036871759933041186,1.0
20231128,NIFTY50,19889.7,0.47992644495749026,%,0.004787784694880058,4.0
20231129,NIFTY50,20096.6,1.04023690653956,%,0.010348636732111694,1.0
20231130,NIFTY50,20133.15,0.18187156036346686,%,0.0018170637429511605,1.0
20231201,NIFTY50,20267.9,0.6692941740363612,%,0.006670643444628036,1.0
20231204,NIFTY50,20686.8,2.0668150129021567,%,0.020457461991232925,3.0
20231205,NIFTY50,20855.1,0.813562271593482,%,0.00810270694380261,1.0
20231206,NIFTY50,20937.7,0.3960661900446416,%,0.003952839127870011,1.0
20231207,NIFTY50,20901.15,-0.1745654966877841,%,-0.0017471803980189876,1.0
20231208,NIFTY50,20969.4,0.32653705657343934,%,0.0032600508207486305,1.0
20231211,NIFTY50,20997.1,0.13209724646388032,%,0.0013201007481038823,3.0
20231212,NIFTY50,20906.4,-0.43196441413336784,%,-0.004329000758647416,1.0
20231213,NIFTY50,20926.35,0.09542532430260042,%,0.0009537982328403815,1.0
20231214,NIFTY50,21182.7,1.2250105727946048,%,0.012175680378580502,1.0
20231215,NIFTY50,21456.65,1.2932723401643864,%,0.01284980983467759,1.0
20231218,NIFTY50,21418.65,-0.17710127163373945,%,-0.0017725828134065394,3.0
20231219,NIFTY50,21453.1,0.16084113611267714,%,0.0016071192528823127,1.0
20231220,NIFTY50,21150.15,-1.4121502253753415,%,-0.014222159410509942,1.0
20231221,NIFTY50,21255.05,0.49597756989903097,%,0.00494751652994106,1.0
20231222,NIFTY50,21349.4,0.4438945097753333,%,0.004429122039579133,1.0
20231226,NIFTY50,21441.35,0.4306912606443225,%,0.0042976644029708395,4.0
20231227,NIFTY50,21654.75,0.9952731521102987,%,0.009903529283836263,1.0
20231228,NIFTY50,21778.7,0.5723917385331179,%,0.005707598014420873,1.0
20231229,NIFTY50,21731.4,-0.21718468044464867,%,-0.0021742086840976452,1.0
20240101,NIFTY50,21741.9,0.04831718158977427,%,0.0004830551259819097,3.0
20240102,NIFTY50,21665.8,-0.3500154080370299,%,-0.003506293950845306,1.0
20240103,NIFTY50,21517.35,-0.685181253403988,%,-0.0068753939803709255,1.0
20240104,NIFTY50,21658.6,0.6564470067178307,%,0.006543017764368559,1.0
20240105,NIFTY50,21710.8,0.2410128078453866,%,0.0024072283779417876,1.0
20240108,NIFTY50,21513.0,-0.911067302909152,%,-0.00915242902089806,3.0
20240109,NIFTY50,21544.85,0.14805001626922998,%,0.0014794053028200293,1.0
20240110,NIFTY50,21618.7,0.3427733309816494,%,0.003421872022129979,1.0
20240111,NIFTY50,21647.2,0.13183031357111297,%,0.0013174349370812008,1.0
20240112,NIFTY50,21894.55,1.142642004508665,%,0.01136163157398599,1.0
20240115,NIFTY50,22097.45,0.9267146390311787,%,0.009224469846440882,3.0
20240116,NIFTY50,22032.3,-0.2948303989826928,%,-0.002952658799676969,1.0
20240117,NIFTY50,21571.95,-2.089432333437724,%,-0.02111569879842982,1.0
20240118,NIFTY50,21462.25,-0.5085307540579342,%,-0.005098281720792006,1.0
20240119,NIFTY50,21622.4,0.7461938985893868,%,0.007434236443611493,1.0
20240120,NIFTY50,21571.8,-0.23401657540329523,%,-0.0023429082212985306,1.0
20240123,NIFTY50,21238.8,-1.5436820293160514,%,-0.015557208551848641,3.0
20240124,NIFTY50,21453.95,1.0130045011959243,%,0.010079080002224091,1.0
20240125,NIFTY50,21352.6,-0.472407179097567,%,-0.004735265485242329,1.0
20240129,NIFTY50,21737.6,1.803059112239258,%,0.017869967895292525,4.0
20240130,NIFTY50,21522.1,-0.9913697924333831,%,-0.009963165839113332,1.0
20240131,NIFTY50,21725.7,0.946004339725226,%,0.009415577400253396,1.0
20240201,NIFTY50,21697.45,-0.13003033273956133,%,-0.0013011494553287434,1.0
20240202,NIFTY50,21853.8,0.7205915902559923,%,0.00718007734330033,1.0
20240205,NIFTY50,21771.7,-0.3756783717248191,%,-0.0037638581528382955,3.0
20240206,NIFTY50,21929.4,0.7243348016002349,%,0.007217240963270505,1.0
20240207,NIFTY50,21930.5,0.005016097111631979,%,5.015971309687693e-05,1.0
20240208,NIFTY50,21717.95,-0.9691981486970147,%,-0.009739254433202903,1.0
20240209,NIFTY50,21782.5,0.2972195810378109,%,0.002967787569021457,1.0
20240212,NIFTY50,21616.05,-0.7641455296683142,%,-0.007670800806730669,3.0
20240213,NIFTY50,21743.25,0.5884516366311265,%,0.005867270223610988,1.0
20240214,NIFTY50,21840.05,0.44519563542708696,%,0.004442075711187993,1.0
20240215,NIFTY50,21910.75,0.32371720760713263,%,0.003231943714910831,1.0
20240216,NIFTY50,22040.7,0.5930878678274354,%,0.005913360249649653,1.0
20240219,NIFTY50,22122.25,0.3699973231340081,%,0.0036931451676362253,3.0
20240220,NIFTY50,22196.95,0.33766908881329716,%,0.0033710026687649355,1.0
20240221,NIFTY50,22055.05,-0.6392770177884866,%,-0.006413291438377891,1.0
20240222,NIFTY50,22217.45,0.7363392964423232,%,0.007336415535777436,1.0
20240223,NIFTY50,22212.7,-0.02137959126722322,%,-0.00021381877027633613,1.0
20240226,NIFTY50,22122.05,-0.4080998707946426,%,-0.004089348708477196,3.0
20240227,NIFTY50,22198.35,0.3449047443613962,%,0.0034431131207391997,1.0
20240228,NIFTY50,21951.15,-1.1135962808046407,%,-0.011198431843397458,1.0
20240229,NIFTY50,21982.8,0.14418378991531977,%,0.0014407994489542065,1.0
20240301,NIFTY50,22338.75,1.6192204814673428,%,0.016062509231593233,1.0
20240302,NIFTY50,22378.4,0.17749426445079486,%,0.0017733692952736234,1.0
20240304,NIFTY50,22405.6,0.12154577628427088,%,0.0012147196920581206,2.0
20240305,NIFTY50,22356.3,-0.22003427714499812,%,-0.002202767082468908,1.0
20240306,NIFTY50,22474.05,0.5266971726090697,%,0.005253149742597478,1.0
20240307,NIFTY50,22493.55,0.0867667376374115,%,0.0008672911706346735,1.0
20240311,NIFTY50,22332.65,-0.7153161684127163,%,-0.00717886820713181,4.0
20240312,NIFTY50,22335.7,0.013657134285449679,%,0.00013656201783766265,1.0
20240313,NIFTY50,21997.7,-1.5132724741109493,%,-0.01524839281915699,1.0
20240314,NIFTY50,22146.65,0.6771162439709544,%,0.006748341079488168,1.0
20240315,NIFTY50,22023.35,-0.5567433449302883,%,-0.005582989371484147,1.0
20240318,NIFTY50,22055.7,0.146889551317142,%,0.0014678177414507178,3.0
20240319,NIFTY50,21817.45,-1.080219625765677,%,-0.010860963573548457,1.0
20240320,NIFTY50,21839.1,0.09923249508994036,%,0.0009918329219701341,1.0
20240321,NIFTY50,22011.95,0.7914703444739102,%,0.007883546470263552,1.0
20240322,NIFTY50,22096.75,0.38524528721899376,%,0.0038450511793153485,1.0
20240326,NIFTY50,22004.7,-0.41657709844207247,%,-0.004174471981014722,4.0
20240327,NIFTY50,22123.65,0.540566333556014,%,0.005391105178276993,1.0
20240328,NIFTY50,22326.9,0.9187001240753778,%,0.009145057440967922,1.0
20240401,NIFTY50,22462.0,0.605099677966936,%,0.006032763016645629,4.0
20240402,NIFTY50,22453.3,-0.03873208084765878,%,-0.0003873958365548433,1.0
20240403,NIFTY50,22434.65,-0.08306128720498851,%,-0.0008309580220587544,1.0
20240404,NIFTY50,22514.65,0.3565912550452133,%,0.0035595697583823936,1.0
20240405,NIFTY50,22513.7,-0.0042194748752555356,%,-4.219563897600843e-05,1.0
20240408,NIFTY50,22666.3,0.6778095115418603,%,0.006755227104931126,3.0
20240409,NIFTY50,22642.75,-0.10389873953843276,%,-0.0010395275169402805,1.0
20240410,NIFTY50,22753.8,0.4904439610913025,%,0.0048924520259116325,1.0
20240412,NIFTY50,22519.4,-1.0301576000492085,%,-0.010355004482994602,2.0
20240415,NIFTY50,22272.5,-1.0963880032327733,%,-0.011024426319883079,3.0
20240416,NIFTY50,22147.9,-0.5594342799416285,%,-0.005610049742502448,1.0
20240418,NIFTY50,21995.85,-0.6865210697176827,%,-0.006888884669556557,2.0
20240419,NIFTY50,22147.0,0.6871750807538657,%,0.006848247937105312,1.0
20240422,NIFTY50,22336.4,0.8551948345148386,%,0.008515587591357532,3.0
20240423,NIFTY50,22368.0,0.14147311115488836,%,0.0014137313223340777,1.0
20240424,NIFTY50,22402.4,0.15379113018598733,%,0.0015367299273513811,1.0
20240425,NIFTY50,22570.35,0.7496964610934409,%,0.007469002041045313,1.0
20240426,NIFTY50,22419.95,-0.6663609558557937,%,-0.006685910529919674,1.0
20240429,NIFTY50,22643.4,0.9966569952207793,%,0.009917231248162194,3.0
20240430,NIFTY50,22604.85,-0.17024828426828176,%,-0.0017039337135533136,1.0
20240502,NIFTY50,22648.2,0.1917730044658672,%,0.0019158935479583357,2.0
20240503,NIFTY50,22475.85,-0.7609876281558847,%,-0.007638979130133127,1.0
20240506,NIFTY50,22442.7,-0.14749164102803025,%,-0.001476005170173867,3.0
20240507,NIFTY50,22302.5,-0.6247020189192987,%,-0.006266614466335558,1.0
20240508,NIFTY50,22302.5,0.0,%,0.0,1.0
20240509,NIFTY50,21957.5,-1.546911781190452,%,-0.015590012996666094,1.0
20240510,NIFTY50,22055.2,0.44495047250370234,%,0.0044396349451461085,1.0
20240513,NIFTY50,22104.05,0.22148971671078765,%,0.0022124478982964036,3.0
20240514,NIFTY50,22217.85,0.5148377785971325,%,0.005135170201418869,1.0
20240515,NIFTY50,22200.55,-0.0778653200017021,%,-0.0007789565078779477,1.0
20240516,NIFTY50,22403.85,0.9157430784372478,%,0.009115755746059738,1.0
20240517,NIFTY50,22466.1,0.2778540295529597,%,0.0027746872879504058,1.0
20240518,NIFTY50,22502.0,0.15979631533733496,%,0.0015966877687512294,1.0
20240521,NIFTY50,22529.05,0.12021153675227936,%,0.001201393405374315,3.0
20240522,NIFTY50,22597.8,0.3051615580772271,%,0.0030469688528972257,1.0
20240523,NIFTY50,22967.65,1.6366637460283773,%,0.016234147702677632,1.0
20240524,NIFTY50,22957.1,-0.04593417262978017,%,-0.00045944725602593643,1.0
20240527,NIFTY50,22932.45,-0.1073741892486324,%,-0.0010743187662915156,3.0
20240528,NIFTY50,22888.15,-0.19317604529824894,%,-0.0019336287086089532,1.0
20240529,NIFTY50,22704.7,-0.8015064563977492,%,-0.008047357864970186,1.0
20240530,NIFTY50,22488.65,-0.9515650944518117,%,-0.00956121402290562,1.0
20240531,NIFTY50,22530.7,0.18698321153114428,%,0.0018680861553376123,1.0
20240603,NIFTY50,23263.9,3.2542264554585643,%,0.03202397920857283,3.0
20240604,NIFTY50,21884.5,-5.929358362097503,%,-0.061124179171720965,1.0
20240605,NIFTY50,22620.35,3.362425460942675,%,0.03307131991776584,1.0
20240606,NIFTY50,22821.4,0.8888014553267487,%,0.008848748644383161,1.0
20240607,NIFTY50,23290.15,2.0539931818380985,%,0.020331832162561177,1.0
20240610,NIFTY50,23259.2,-0.13288879633664985,%,-0.0013297717180034533,3.0
20240611,NIFTY50,23264.85,0.024291463162962046,%,0.00024288513264755015,1.0
20240612,NIFTY50,23322.95,0.24973296625596664,%,0.00249421651679488,1.0
20240613,NIFTY50,23398.9,0.325644911985834,%,0.003251158372345044,1.0
20240614,NIFTY50,23465.6,0.2850561351174452,%,0.0028465062056323236,1.0
20240618,NIFTY50,23557.9,0.3933417428064967,%,0.00392570176772377,4.0
20240619,NIFTY50,23516.0,-0.17785965642099777,%,-0.0017801801450586289,1.0
20240620,NIFTY50,23567.0,0.21687361796223215,%,0.0021663878659495613,1.0
20240621,NIFTY50,23501.1,-0.27962829380066,%,-0.002800199840690768,1.0
20240624,NIFTY50,23537.85,0.15637565901169825,%,0.0015625351959234377,3.0
20240625,NIFTY50,23721.3,0.7793829937738694,%,0.007763614937362357,1.0
20240626,NIFTY50,23868.8,0.6218040326626317,%,0.0061987880801539115,1.0
20240627,NIFTY50,24044.5,0.7361073870492119,%,0.00733411339077519,1.0
20240628,NIFTY50,24010.6,-0.14098858366778932,%,-0.001410880660883107,1.0
20240701,NIFTY50,24141.95,0.5470500528933053,%,0.005455591688744926,3.0
20240702,NIFTY50,24123.85,-0.07497323124272537,%,-0.000750013502250918,1.0
20240703,NIFTY50,24286.5,0.6742290306066545,%,0.0067196627176867064,1.0
20240704,NIFTY50,24302.15,0.06443909167646034,%,0.0006441833860869355,1.0
20240705,NIFTY50,24323.85,0.08929251115641357,%,0.0008925266910921613,1.0
20240708,NIFTY50,24320.55,-0.013566931221820067,%,-0.00013567851613180805,3.0
20240709,NIFTY50,24433.2,0.4631885380881551,%,0.004621191209858602,1.0
20240710,NIFTY50,24324.45,-0.4450911055449147,%,-0.004460845850279831,1.0
20240711,NIFTY50,24315.95,-0.03494426389908378,%,-0.00034950370829703764,1.0
20240712,NIFTY50,24502.15,0.7657525204649573,%,0.007628355177359564,1.0
20240715,NIFTY50,24586.7,0.3450717590089081,%,0.003444777525214419,3.0
20240716,NIFTY50,24613.0,0.1069684016155037,%,0.0010691123118667994,1.0
20240718,NIFTY50,24800.85,0.7632145614106411,%,0.00760316813758856,2.0
20240719,NIFTY50,24530.9,-1.0884707580586794,%,-0.010944379412161618,1.0
20240722,NIFTY50,24509.25,-0.08825603626446687,%,-0.0008829500483391605,3.0
20240723,NIFTY50,24479.05,-0.12321878474453873,%,-0.0012329476150728363,1.0
20240724,NIFTY50,24413.5,-0.2677799996323338,%,-0.002681391716104508,1.0
20240725,NIFTY50,24406.1,-0.030311098367707956,%,-0.00030315693109630526,1.0
20240726,NIFTY50,24834.85,1.7567329479105664,%,0.01741480762361384,1.0
20240729,NIFTY50,24836.1,0.005033249647179439,%,5.0331229834195685e-05,3.0
20240730,NIFTY50,24857.3,0.08535961765334665,%,0.0008532320705021157,1.0
20240731,NIFTY50,24951.15,0.3775550844218989,%,0.003768441341371064,1.0
20240801,NIFTY50,25010.9,0.23946792031630526,%,0.0023918165281347566,1.0
20240802,NIFTY50,24717.7,-1.1722888820474342,%,-0.01179214365820847,1.0
20240805,NIFTY50,24055.6,-2.6786472851438536,%,-0.027151768509934573,3.0
20240806,NIFTY50,23992.55,-0.26210113237665755,%,-0.0026244521876233645,1.0
20240807,NIFTY50,24297.5,1.2710195456506312,%,0.012630098903435905,1.0
20240808,NIFTY50,24117.0,-0.7428747813561065,%,-0.007456478381555143,1.0
20240809,NIFTY50,24367.5,1.0386864037815746,%,0.010333291215294636,1.0
20240812,NIFTY50,24347.0,-0.08412844977941925,%,-0.0008416385761983504,3.0
20240813,NIFTY50,24139.0,-0.8543146999630324,%,-0.00857984886239657,1.0
20240814,NIFTY50,24143.75,0.019677699987563635,%,0.0001967576418212346,1.0
20240816,NIFTY50,24541.15,1.6459746311157097,%,0.016325753017997963,2.0
20240819,NIFTY50,24572.65,0.1283558431450782,%,0.0012827353745464452,3.0
20240820,NIFTY50,24698.85,0.5135791215029606,%,0.005122648020588943,1.0
20240821,NIFTY50,24770.2,0.2888798466325504,%,0.0028846339064908873,1.0
20240822,NIFTY50,24811.5,0.16673260611541618,%,0.001665937616169819,1.0
20240823,NIFTY50,24823.15,0.04695403341192783,%,0.00046943013455067465,1.0
20240826,NIFTY50,25010.6,0.7551418736139404,%,0.007523049502801839,3.0
20240827,NIFTY50,25017.75,0.028587878739427808,%,0.00028583793184004246,1.0
20240828,NIFTY50,25052.35,0.13830180571794415,%,0.0013820625685767348,1.0
20240829,NIFTY50,25151.95,0.3975674936682605,%,0.003967792825316532,1.0
20240830,NIFTY50,25235.9,0.3337713378088081,%,0.003332155576256976,1.0
20240902,NIFTY50,25278.7,0.16959965763059248,%,0.0016945599981708784,3.0
20240903,NIFTY50,25279.85,0.004549284575539048,%,4.5491810987265924e-05,1.0
20240904,NIFTY50,25198.7,-0.3210066515426213,%,-0.0032152298316295127,1.0
20240905,NIFTY50,25145.1,-0.2127093858016571,%,-0.002129359335315646,1.0
20240906,NIFTY50,24852.15,-1.16503811875871,%,-0.011718778635040884,1.0
20240909,NIFTY50,24936.4,0.3390048748297403,%,0.0033843154867430215,3.0
20240910,NIFTY50,25041.1,0.419868144559743,%,0.004189891577969935,1.0
20240911,NIFTY50,24918.45,-0.48979477738596566,%,-0.004909982031582216,1.0
20240912,NIFTY50,25388.9,1.8879585206944993,%,0.018703577686811725,1.0
20240913,NIFTY50,25356.5,-0.1276148238009589,%,-0.0012769632085949123,1.0
20240916,NIFTY50,25383.75,0.10746751326089488,%,0.0010740980826790941,3.0
20240917,NIFTY50,25418.55,0.13709558280394774,%,0.0013700169261289907,1.0
20240918,NIFTY50,25377.55,-0.16129952337957665,%,-0.0016142975111744227,1.0
20240919,NIFTY50,25415.8,0.15072376963103373,%,0.0015061029536485916,1.0
20240920,NIFTY50,25790.95,1.4760503308965278,%,0.014652627320371103,1.0
20240923,NIFTY50,25939.05,0.5742324342453475,%,0.005725900043797215,3.0
20240924,NIFTY50,25940.4,0.005204508260714391,%,5.204372830882163e-05,1.0
20240925,NIFTY50,26004.15,0.24575565527131804,%,0.0024545416990469533,1.0
20240926,NIFTY50,26216.05,0.81486993422204,%,0.008115677958002051,1.0
20240927,NIFTY50,26178.95,-0.14151636116043198,%,-0.0014161659013423675,1.0
20240930,NIFTY50,25810.85,-1.4060915353747983,%,-0.014160706565616464,3.0
20241001,NIFTY50,25796.9,-0.05404703835788505,%,-0.0005406164903432377,1.0
20241003,NIFTY50,25250.1,-2.11963452973033,%,-0.021424213560051142,2.0
20241004,NIFTY50,25014.6,-0.9326695735858426,%,-0.009370461703002124,1.0
20241007,NIFTY50,24795.75,-0.8748890647861551,%,-0.00878738688905138,3.0
20241008,NIFTY50,25013.15,0.8767631549761568,%,0.008729419061179721,1.0
20241009,NIFTY50,24981.95,-0.12473438971101203,%,-0.0012481224780150524,1.0
20241010,NIFTY50,24998.45,0.06604768642959336,%,0.0006602588454441217,1.0
20241011,NIFTY50,24964.25,-0.13680848212589414,%,-0.001369021503702845,1.0
20241014,NIFTY50,25127.95,0.6557377049180246,%,0.006535970979785449,3.0
20241015,NIFTY50,25057.35,-0.2809620362982379,%,-0.002813574754904617,1.0
20241016,NIFTY50,24971.3,-0.34341221238478603,%,-0.003440032255851283,1.0
20241017,NIFTY50,24749.85,-0.8868180671410819,%,-0.008907737021175087,1.0
20241018,NIFTY50,24854.05,0.42101265260194864,%,0.004201288740118153,1.0
20241021,NIFTY50,24781.1,-0.2935135319998228,%,-0.002939451277019082,3.0
20241022,NIFTY50,24472.1,-1.246918014131737,%,-0.01254757271040544,1.0
20241023,NIFTY50,24435.5,-0.14955806816742134,%,-0.0014967001787999864,1.0
20241024,NIFTY50,24399.4,-0.1477358760819225,%,-0.0014784511312879243,1.0
20241025,NIFTY50,24180.8,-0.8959236702541951,%,-0.008999611999159645,1.0
20241028,NIFTY50,24339.15,0.6548584000529489,%,0.00652723517668224,3.0
20241029,NIFTY50,24466.85,0.524669103070563,%,0.005232975101896011,1.0
20241030,NIFTY50,24340.85,-0.5149825171609779,%,-0.005163131223478209,1.0
20241031,NIFTY50,24205.35,-0.5566773551457738,%,-0.005582325779352925,1.0
20241101,NIFTY50,24304.35,0.4090004895611843,%,0.004081663561917463,1.0
20241104,NIFTY50,23995.35,-1.2713773460306443,%,-0.012795285095394087,3.0
20241105,NIFTY50,24213.3,0.9083009833155131,%,0.009042007396008536,1.0
20241106,NIFTY50,24484.05,1.1181871120417242,%,0.01111981616471547,1.0
20241107,NIFTY50,24199.35,-1.1627978214388546,%,-0.011696111838928169,1.0
20241108,NIFTY50,24148.2,-0.21136931363857636,%,-0.002115930138503043,1.0
20241111,NIFTY50,24141.3,-0.02857355827764474,%,-0.0002857764129660236,3.0
20241112,NIFTY50,23883.45,-1.0680866399075395,%,-0.01073831629523262,1.0
20241113,NIFTY50,23559.05,-1.3582627300494754,%,-0.01367571506132014,1.0
20241114,NIFTY50,23532.7,-0.11184661520731165,%,-0.001119092102119271,1.0
20241118,NIFTY50,23453.8,-0.33527814487925856,%,-0.0033584146152224673,4.0
20241119,NIFTY50,23518.5,0.2758614808687776,%,0.002754816814055903,1.0
20241121,NIFTY50,23349.9,-0.7168824542381436,%,-0.007194644035988204,2.0
20241122,NIFTY50,23907.25,2.386948123974819,%,0.023589058766826355,1.0
20241125,NIFTY50,24221.9,1.3161279528176584,%,0.01307542239477766,3.0
20241126,NIFTY50,24194.5,-0.11312077087264338,%,-0.0011318480070857482,1.0
20241127,NIFTY50,24274.9,0.33230692926078387,%,0.0033175600994260466,1.0
20241128,NIFTY50,23914.15,-1.4861029293632533,%,-0.014972560750343969,1.0
20241129,NIFTY50,24131.1,0.9072034757664271,%,0.009031131050783837,1.0
20241202,NIFTY50,24276.05,0.6006771344862161,%,0.005988802614002176,3.0
20241203,NIFTY50,24457.15,0.7460027475639563,%,0.007432339089484512,1.0
20241204,NIFTY50,24467.45,0.04211447368152044,%,0.0004210560802611515,1.0
20241205,NIFTY50,24708.4,0.9847777353177323,%,0.009799604002543387,1.0
20241206,NIFTY50,24677.8,-0.12384452251057443,%,-0.0012392127321359235,1.0
20241209,NIFTY50,24619.0,-0.23827083451523068,%,-0.0023855515118706054,3.0
20241210,NIFTY50,24610.05,-0.03635403550104055,%,-0.00036360645182499104,1.0
20241211,NIFTY50,24641.8,0.12901233439184256,%,0.0012892918498735822,1.0
20241212,NIFTY50,24548.7,-0.3778133090926783,%,-0.003785288263568475,1.0
20241213,NIFTY50,24768.3,0.8945483874909899,%,0.008905710055423979,1.0
20241216,NIFTY50,24668.25,-0.4039437506813126,%,-0.004047618071851404,3.0
20241217,NIFTY50,24336.0,-1.3468730047733413,%,-0.01356025614827435,1.0
20241218,NIFTY50,24198.85,-0.5635683760683796,%,-0.005651624144595778,1.0
20241219,NIFTY50,23951.7,-1.021329525989867,%,-0.010265808823608006,1.0
20241220,NIFTY50,23587.5,-1.5205601272561098,%,-0.015322391854064712,1.0
20241223,NIFTY50,23753.45,0.703550609432968,%,0.007010872394205524,3.0
20241224,NIFTY50,23727.65,-0.10861580107310864,%,-0.0010867483078192092,1.0
20241226,NIFTY50,23750.2,0.0950368030546711,%,0.000949916716770124,2.0
20241227,NIFTY50,23813.4,0.26610302229033156,%,0.0026574959504618452,1.0
20241230,NIFTY50,23644.9,-0.7075848051937172,%,-0.007101000585328371,3.0
20241231,NIFTY50,23644.8,-0.0004229241823860974,%,-4.229250767129392e-06,1.0
20250101,NIFTY50,23742.9,0.41489037758830616,%,0.004140320806365605,1.0
20250102,NIFTY50,24188.65,1.8774033500541298,%,0.018599976460843735,1.0
20250103,NIFTY50,24004.75,-0.7602739301283967,%,-0.007631787447708154,1.0
20250106,NIFTY50,23616.05,-1.6192628542267662,%,-0.01632516180719982,3.0
20250107,NIFTY50,23707.9,0.3889304096154955,%,0.003881760306713088,1.0
20250108,NIFTY50,23688.95,-0.0799311621864418,%,-0.0007996312417274388,1.0
20250109,NIFTY50,23526.5,-0.685762771249887,%,-0.0068812492953755225,1.0
20250110,NIFTY50,23431.5,-0.4037999702463213,%,-0.004046174437066828,1.0
20250113,NIFTY50,23085.95,-1.4747241960608504,%,-0.014857063581440453,3.0
20250114,NIFTY50,23176.05,0.3902806685451399,%,0.003895210493337629,1.0
20250115,NIFTY50,23213.2,0.16029478707546563,%,0.0016016645210618786,1.0
20250116,NIFTY50,23311.8,0.4247583271586697,%,0.004238587753573933,1.0
20250117,NIFTY50,23203.2,-0.46585849226571385,%,-0.004669469948432585,1.0
20250120,NIFTY50,23344.75,0.6100451661839701,%,0.006081919239174112,3.0
20250121,NIFTY50,23024.65,-1.3711862410177855,%,-0.013806738277095545,1.0
20250122,NIFTY50,23155.35,0.5676524941747196,%,0.005660474187066116,1.0
20250123,NIFTY50,23205.35,0.21593281898135697,%,0.0021570001913706685,1.0
20250124,NIFTY50,23092.2,-0.4876030742910431,%,-0.004887957366329596,1.0
20250127,NIFTY50,22829.15,-1.139129229783209,%,-0.011456670033394137,3.0
20250128,NIFTY50,22957.25,0.5611247024089661,%,0.0055955626228530505,1.0
20250129,NIFTY50,23163.1,0.8966666303673154,%,0.008926704456753254,1.0
20250130,NIFTY50,23249.5,0.3730070672751218,%,0.0037231312102430775,1.0
20250131,NIFTY50,23508.4,1.1135723348889348,%,0.011074177663955638,1.0
20250201,NIFTY50,23482.15,-0.11166221435742196,%,-0.0011172460305538994,1.0
20250203,NIFTY50,23361.05,-0.5157108697457558,%,-0.005170452479175173,2.0
20250204,NIFTY50,23739.25,1.6189340804458663,%,0.016059690853104273,1.0
20250205,NIFTY50,23696.3,-0.18092399717767327,%,-0.0018108786231885072,1.0
20250206,NIFTY50,23603.35,-0.3922553310010457,%,-0.003930266699640655,1.0
20250207,NIFTY50,23559.95,-0.18387220458111475,%,-0.0018404145702315485,1.0
20250210,NIFTY50,23381.6,-0.7570050021328711,%,-0.007598848278210316,3.0
20250211,NIFTY50,23071.8,-1.3249734834228644,%,-0.013338295712820561,1.0
20250212,NIFTY50,23045.25,-0.11507554677138154,%,-0.0011514180951839536,1.0
20250213,NIFTY50,23031.4,-0.060099152753811946,%,-0.0006011721953363763,1.0
20250214,NIFTY50,22929.25,-0.4435249268390229,%,-0.0044451141660866375,1.0
20250217,NIFTY50,22959.5,0.13192755977626813,%,0.001318406118349223,3.0
20250218,NIFTY50,22945.3,-0.06184803676038131,%,-0.0006186717054829174,1.0
20250219,NIFTY50,22932.9,-0.054041568425766684,%,-0.0005405617614442019,1.0
20250220,NIFTY50,22913.15,-0.08612081332932675,%,-0.0008615791860687675,1.0
20250221,NIFTY50,22795.9,-0.5117148886120026,%,-0.005130286329146502,1.0
20250224,NIFTY50,22553.35,-1.0640071240881177,%,-0.01069708155537406,3.0
20250225,NIFTY50,22547.55,-0.0257168003866326,%,-0.0002572010772278274,1.0
20250227,NIFTY50,22545.05,-0.011087679149179852,%,-0.0001108829387776427,2.0
20250228,NIFTY50,22124.7,-1.8644891007116748,%,-0.01882089817720615,1.0
20250303,NIFTY50,22119.3,-0.024407110604895976,%,-0.000244100896248747,3.0
20250304,NIFTY50,22082.65,-0.16569240437083188,%,-0.0016582982605433554,1.0
20250305,NIFTY50,22337.3,1.1531677583985545,%,0.011465694568782813,1.0
20250306,NIFTY50,22544.7,0.9284918051868374,%,0.009242078172597142,1.0
20250307,NIFTY50,22552.5,0.03459793210820461,%,0.00034591948403792664,1.0
20250310,NIFTY50,22460.3,-0.4088238554484036,%,-0.0040966182483126905,3.0
20250311,NIFTY50,22497.9,0.16740649056334878,%,0.0016726652208703832,1.0
20250312,NIFTY50,22470.5,-0.12178914476462799,%,-0.0012186336801356743,1.0
20250313,NIFTY50,22397.2,-0.3262054693932037,%,-0.003267386793235836,1.0
20250317,NIFTY50,22508.75,0.49805332809458314,%,0.004968171453735085,4.0
20250318,NIFTY50,22834.3,1.4463264286110888,%,0.014359668968781786,1.0
20250319,NIFTY50,22907.6,0.3210083076774728,%,0.0032049417598595076,1.0
20250320,NIFTY50,23190.65,1.2356161273987754,%,0.01228044696739064,1.0
20250321,NIFTY50,23350.4,0.6888552067320308,%,0.006864934391553793,1.0
20250324,NIFTY50,23658.35,1.3188210908592346,%,0.01310200357491904,3.0
20250325,NIFTY50,23668.65,0.04353642582852757,%,0.00043526951476421065,1.0
20250326,NIFTY50,23486.85,-0.7681046447516104,%,-0.007710697617041672,1.0
20250327,NIFTY50,23591.95,0.44748444342259663,%,0.004464862086427852,1.0
20250328,NIFTY50,23519.35,-0.3077320865803923,%,-0.0030820655541120134,1.0
20250401,NIFTY50,23165.7,-1.503655500683465,%,-0.015150750180769317,4.0
20250402,NIFTY50,23332.35,0.7193825353863481,%,0.007168073222718935,1.0
20250403,NIFTY50,23250.1,-0.3525148559832214,%,-0.003531376536686799,1.0
20250404,NIFTY50,22904.45,-1.4866602724289302,%,-0.01497821827338226,1.0
20250407,NIFTY50,22161.6,-3.243256223135693,%,-0.03297015338730526,3.0
20250408,NIFTY50,22535.85,1.68873186051548,%,0.016746313096183522,1.0
20250409,NIFTY50,22399.15,-0.6065890569914023,%,-0.00608436282244175,1.0
20250411,NIFTY50,22828.55,1.91703703042303,%,0.018988933890639957,2.0
20250415,NIFTY50,23328.55,2.1902398531663314,%,0.0216659867627985,4.0
20250416,NIFTY50,23437.2,0.46573833350123106,%,0.004646571282831792,1.0
20250417,NIFTY50,23851.65,1.7683426347857356,%,0.017528893682587383,1.0
20250421,NIFTY50,24125.55,1.1483482274811108,%,0.011418047561345738,4.0
20250422,NIFTY50,24167.25,0.172845800406618,%,0.001726965939596701,1.0
20250423,NIFTY50,24328.95,0.669087297892812,%,0.006668588435125756,1.0
20250424,NIFTY50,24246.7,-0.3380745983694311,%,-0.003386473618159028,1.0
20250425,NIFTY50,24039.35,-0.8551679197581596,%,-0.008588454617289994,1.0
20250428,NIFTY50,24328.5,1.2028195437896683,%,0.011956431581801425,3.0
20250429,NIFTY50,24335.95,0.030622520911682827,%,0.0003061783317472563,1.0
20250430,NIFTY50,24334.2,-0.007191007542339811,%,-7.191266107682891e-05,1.0
20250502,NIFTY50,24346.7,0.05136803346730279,%,0.0005135484460936932,2.0
20250505,NIFTY50,24461.15,0.47008424139616256,%,0.004689827958917901,3.0
20250506,NIFTY50,24379.6,-0.333385797478869,%,-0.0033394276617622325,1.0
20250507,NIFTY50,24414.4,0.14274229273656402,%,0.0014264051276974533,1.0
20250508,NIFTY50,24273.8,-0.5758896389016388,%,-0.005775542773460358,1.0
20250509,NIFTY50,24008.0,-1.0950077861727414,%,-0.011010471243807775,1.0
20250512,NIFTY50,24924.7,3.8183105631456105,%,0.037472171529076455,3.0
20250513,NIFTY50,24578.35,-1.3895854313191403,%,-0.013993305528556882,1.0
20250514,NIFTY50,24666.9,0.3602764221357635,%,0.0035962898121936287,1.0
20250515,NIFTY50,25062.1,1.6021470067175025,%,0.015894480888894447,1.0
20250516,NIFTY50,25019.8,-0.16878074862042292,%,-0.0016892334379733957,1.0
20250519,NIFTY50,24945.45,-0.29716464560067823,%,-0.002976070564100508,3.0
20250520,NIFTY50,24683.9,-1.0484878003804265,%,-0.010540231594245037,1.0
20250521,NIFTY50,24813.45,0.5248360267218644,%,0.005234635624772639,1.0
20250522,NIFTY50,24609.7,-0.8211272515510792,%,-0.008245170706062392,1.0
20250523,NIFTY50,24853.15,0.9892440785543855,%,0.00984383091051175,1.0
20250526,NIFTY50,25001.15,0.5954979549875894,%,0.005937318737656441,3.0
20250527,NIFTY50,24826.2,-0.699767810680707,%,-0.007022276678678118,1.0
20250528,NIFTY50,24752.45,-0.29706519725128944,%,-0.0029750731170425774,1.0
20250529,NIFTY50,24833.6,0.32784633440325894,%,0.003273100900270562,1.0
20250530,NIFTY50,24750.7,-0.333821918690802,%,-0.0033438034717525197,1.0
20250602,NIFTY50,24716.6,-0.13777388114276645,%,-0.0013786887661705169,3.0
20250603,NIFTY50,24542.5,-0.7043849073092523,%,-0.007068774092320617,1.0
20250604,NIFTY50,24620.2,0.31659366405216716,%,0.0031609356156210005,1.0
20250605,NIFTY50,24750.9,0.5308648995540288,%,0.005294607789761705,1.0
20250606,NIFTY50,25003.05,1.0187508333030282,%,0.010135965436883998,1.0
20250609,NIFTY50,25103.2,0.4005511327618061,%,0.003997510624608427,3.0
20250610,NIFTY50,25104.25,0.004182733675395234,%,4.1826462015294284e-05,1.0
20250611,NIFTY50,25141.4,0.14798291126005836,%,0.0014787352445249067,1.0
20250612,NIFTY50,24888.2,-1.0071038207896121,%,-0.010122094193621185,1.0
20250613,NIFTY50,24718.6,-0.6814474329200237,%,-0.006837798882833083,1.0
20250616,NIFTY50,24946.5,0.9219777819132302,%,0.009177535114667245,3.0
20250617,NIFTY50,24853.4,-0.37319864510051426,%,-0.0037389676871053394,1.0
20250618,NIFTY50,24812.05,-0.16637562667483063,%,-0.0016651418462635466,1.0
20250619,NIFTY50,24793.25,-0.0757696361243787,%,-0.0007579835582129375,1.0
20250620,NIFTY50,25112.4,1.287245520454161,%,0.012790309347901757,1.0
20250623,NIFTY50,24971.9,-0.5594845574297902,%,-0.005610555346030624,3.0
20250624,NIFTY50,25044.35,0.29012610173835274,%,0.00289706048224268,1.0
20250625,NIFTY50,25244.75,0.8001804798287937,%,0.007969960122065977,1.0
20250626,NIFTY50,25549.0,1.2052010814129765,%,0.011979963629751521,1.0
20250627,NIFTY50,25637.8,0.34756741946846414,%,0.0034696479984903748,1.0
20250630,NIFTY50,25517.05,-0.47098424981862896,%,-0.004720968755390688,3.0
20250701,NIFTY50,25541.8,0.09699397069802274,%,0.0009694696194091494,1.0
20250702,NIFTY50,25453.4,-0.3460993352073727,%,-0.00346699644467661,1.0
20250703,NIFTY50,25405.3,-0.18897278948981633,%,-0.00189151568330066,1.0
20250704,NIFTY50,25461.0,0.2192455904870272,%,0.0021900559806014813,1.0
20250707,NIFTY50,25461.3,0.0011782726522913123,%,1.1782657107136236e-05,3.0
20250708,NIFTY50,25522.5,0.2403647889149374,%,0.0024007637482767337,1.0
20250709,NIFTY50,25476.1,-0.18180037222059742,%,-0.0018196582966253595,1.0
20250710,NIFTY50,25355.25,-0.4743661706462121,%,-0.004754948577867101,1.0
20250711,NIFTY50,25149.85,-0.8100886404196372,%,-0.008133876873290554,1.0
20250714,NIFTY50,25082.3,-0.268590071113739,%,-0.0026895142142431107,3.0
20250715,NIFTY50,25195.8,0.45251033597397683,%,0.004514895861271375,1.0
20250716,NIFTY50,25212.05,0.06449487613013893,%,0.0006447408712298642,1.0
20250717,NIFTY50,25111.45,-0.39901555010400935,%,-0.003998137411285263,1.0
20250718,NIFTY50,24968.4,-0.5696604536974181,%,-0.005712892073823927,1.0
20250721,NIFTY50,25090.7,0.48981913138206323,%,0.004886234204324308,3.0
20250722,NIFTY50,25060.9,-0.11876910568456855,%,-0.0011883969208231818,1.0
20250723,NIFTY50,25219.9,0.6344544689137255,%,0.006324502791954096,1.0
20250724,NIFTY50,25062.1,-0.625696374688256,%,-0.0062766205821811125,1.0
20250725,NIFTY50,24837.0,-0.8981689483323341,%,-0.009022268014894983,1.0
20250728,NIFTY50,24680.9,-0.6284978056931179,%,-0.006304811677771728,3.0
20250729,NIFTY50,24821.1,0.5680505978306938,%,0.005664432744894037,1.0
20250730,NIFTY50,24855.05,0.13677878901419138,%,0.0013668533203841048,1.0
20250731,NIFTY50,24768.35,-0.3488224726966971,%,-0.003494322767861102,1.0
20250801,NIFTY50,24565.35,-0.8195943613522938,%,-0.00822971501161462,1.0
20250804,NIFTY50,24722.75,0.6407399039704442,%,0.006386958924001023,3.0
20250805,NIFTY50,24649.55,-0.296083566755323,%,-0.0029652276128395885,1.0
20250806,NIFTY50,24574.2,-0.3056850936426825,%,-0.003061532648549035,1.0
20250807,NIFTY50,24596.15,0.08932132073475874,%,0.000892814529815726,1.0
20250808,NIFTY50,24363.3,-0.9466928767307148,%,-0.009512024978203826,1.0
20250811,NIFTY50,24585.05,0.9101804763722576,%,0.009060632975224126,3.0
20250812,NIFTY50,24487.4,-0.3971926028216277,%,-0.003979835076118552,1.0
20250813,NIFTY50,24619.35,0.5388485506832019,%,0.005374019561891618,1.0
20250814,NIFTY50,24631.3,0.04853905566151173,%,0.00048527279272500415,1.0
20250818,NIFTY50,24876.95,0.9973083028504526,%,0.00992368003121088,4.0
20250819,NIFTY50,24980.65,0.41685174428538474,%,0.004159853243583131,1.0
20250820,NIFTY50,25050.55,0.2798165780313777,%,0.0027942582021172405,1.0
20250821,NIFTY50,25083.75,0.1325320202550495,%,0.001324442740923701,1.0
20250822,NIFTY50,24870.1,-0.85174664872677,%,-0.008553947402635646,1.0
20250825,NIFTY50,24967.75,0.3926401582623473,%,0.003918713385990051,3.0
20250826,NIFTY50,24712.05,-1.024121116239951,%,-0.010294013179196964,1.0
20250828,NIFTY50,24500.9,-0.8544414566982406,%,-0.00858112735289117,2.0
20250829,NIFTY50,24426.85,-0.30223379549323415,%,-0.003026914441741975,1.0
20250901,NIFTY50,24625.05,0.8114022069976246,%,0.008081280384829359,3.0
20250902,NIFTY50,24579.6,-0.1845681531611132,%,-0.0018473869004707994,1.0
20250903,NIFTY50,24715.05,0.5510667382707668,%,0.005495539207320317,1.0
20250904,NIFTY50,24734.3,0.07788776474253467,%,0.0007785744796407111,1.0
20250905,NIFTY50,24741.0,0.02708789009593371,%,0.0002708422198937796,1.0
20250908,NIFTY50,24773.15,0.12994624307829383,%,0.0012986188601915426,3.0
20250909,NIFTY50,24868.6,0.385296177514749,%,0.003845558129143585,1.0
20250910,NIFTY50,24973.1,0.42020861648826013,%,0.004193282055946326,1.0
20250911,NIFTY50,25005.5,0.12973959980939753,%,0.0012965551071398326,1.0
20250912,NIFTY50,25114.0,0.4339045410009845,%,0.004329658895022681,1.0
20250915,NIFTY50,25069.2,-0.17838655729871533,%,-0.0017854585559052094,3.0
20250916,NIFTY50,25239.1,0.6777240598024648,%,0.006754378340182724,1.0
20250917,NIFTY50,25330.25,0.36114599965926253,%,0.0036049543335288465,1.0
20250918,NIFTY50,25423.6,0.3685316962919849,%,0.003678542820501287,1.0
20250919,NIFTY50,25327.05,-0.3797652574773047,%,-0.0038048819662613634,1.0
20250922,NIFTY50,25202.35,-0.4923589600841827,%,-0.004935750401067799,3.0
20250923,NIFTY50,25169.5,-0.13034498766979485,%,-0.0013043001063899793,1.0
20250924,NIFTY50,25056.9,-0.4473668527384289,%,-0.00448370532782927,1.0
20250925,NIFTY50,24890.85,-0.6626917136597243,%,-0.006648972645988584,1.0
20250926,NIFTY50,24654.7,-0.9487422084822228,%,-0.009532714372741127,1.0
20250929,NIFTY50,24634.9,-0.08030923109995092,%,-0.0008034149623869672,3.0
20250930,NIFTY50,24611.1,-0.0966109056663611,%,-0.0009665760408142669,1.0
20251001,NIFTY50,24836.3,0.9150342731531813,%,0.0091087319879058,1.0
20251003,NIFTY50,24894.25,0.2333278306350106,%,0.0023305604393949906,2.0
20251006,NIFTY50,25077.65,0.7367163099912588,%,0.0073401581061951155,3.0
20251007,NIFTY50,25108.3,0.1222203834888802,%,0.0012214575517932756,1.0
20251008,NIFTY50,25046.15,-0.24752770996043783,%,-0.0024783456627061593,1.0
20251009,NIFTY50,25181.8,0.5416002060196767,%,0.005401388262863396,1.0
20251010,NIFTY50,25285.35,0.4112096831838885,%,0.004103665268029542,1.0
20251013,NIFTY50,25227.35,-0.2293818357270161,%,-0.0022964531885856635,3.0
20251014,NIFTY50,25145.5,-0.3244494566412959,%,-0.003249769351339534,1.0
20251015,NIFTY50,25323.55,0.7080789803344478,%,0.007055838724218008,1.0
20251016,NIFTY50,25585.3,1.0336228530360092,%,0.010283174989422342,1.0
20251017,NIFTY50,25709.85,0.486802968892297,%,0.004856219146269568,1.0
20251020,NIFTY50,25843.15,0.5184783264001958,%,0.005171388554416238,3.0
20251021,NIFTY50,25868.6,0.09847870712353934,%,0.0009843024865632758,1.0
20251023,NIFTY50,25891.4,0.0881377422821572,%,0.0008809892378157639,2.0
20251024,NIFTY50,25795.15,-0.3717450582046533,%,-0.0037243774737084727,1.0
20251027,NIFTY50,25966.05,0.6625276457008278,%,0.006603425771068816,3.0
20251028,NIFTY50,25936.2,-0.11495780066663741,%,-0.0011502392783005436,1.0
20251029,NIFTY50,26053.9,0.4538058774994136,%,0.004527792832853673,1.0
20251030,NIFTY50,25877.85,-0.6757145763206407,%,-0.006780078638207486,1.0
20251031,NIFTY50,25722.1,-0.6018660746545779,%,-0.00603684588865223,1.0
20251103,NIFTY50,25763.35,0.16036793263380922,%,0.0016023948057699113,3.0
20251104,NIFTY50,25597.65,-0.643161700632866,%,-0.006452388967753966,1.0
20251106,NIFTY50,25509.7,-0.34358622764198987,%,-0.003441778406436964,2.0
20251107,NIFTY50,25492.3,-0.06820934781671673,%,-0.0006823262097594648,1.0
20251110,NIFTY50,25574.35,0.32186189555276634,%,0.0032134502892125225,3.0
20251111,NIFTY50,25694.95,0.4715662372650753,%,0.004704578468485324,1.0
20251112,NIFTY50,25875.8,0.7038348002233796,%,0.007013694443554249,1.0
20251113,NIFTY50,25879.15,0.012946459626372864,%,0.00012945621644613778,1.0
20251114,NIFTY50,25910.05,0.1194011395273753,%,0.001193299130579461,1.0
20251117,NIFTY50,26013.45,0.3990729465979559,%,0.003982787627285557,3.0
20251118,NIFTY50,25910.05,-0.39748668477268545,%,-0.0039827876272854204,1.0
20251119,NIFTY50,26052.65,0.5503655917298511,%,0.005488566143699687,1.0
20251120,NIFTY50,26192.15,0.5354541668505908,%,0.005340257079196831,1.0
20251121,NIFTY50,26068.15,-0.4734242893385976,%,-0.0047454849169532316,1.0
20251124,NIFTY50,25959.5,-0.41679213906625767,%,-0.00417663138516151,3.0
20251125,NIFTY50,25884.8,-0.28775592750245327,%,-0.0028817074082925676,1.0
20251126,NIFTY50,26205.3,1.238178390406719,%,0.012305756544011975,1.0
20251127,NIFTY50,26215.55,0.039114224985015156,%,0.00039106577366173836,1.0
20251128,NIFTY50,26202.95,-0.04806307706685109,%,-0.0004807463106602343,1.0
20251201,NIFTY50,26175.75,-0.10380510591364578,%,-0.0010385902072783048,3.0
20251202,NIFTY50,26032.2,-0.5484083550614582,%,-0.005499176342188014,1.0
20251203,NIFTY50,25986.0,-0.1774725148085854,%,-0.0017763018384990476,1.0
20251204,NIFTY50,26033.75,0.18375278996383138,%,0.0018358417105443499,1.0
20251205,NIFTY50,26186.45,0.586546310078262,%,0.005848328242029099,1.0
20251208,NIFTY50,25960.55,-0.8626598870790092,%,-0.008664023360980337,3.0
20251209,NIFTY50,25839.65,-0.4657066202372384,%,-0.004667944121110324,1.0
20251210,NIFTY50,25758.0,-0.315987252149319,%,-0.0031648754605488705,1.0
20251211,NIFTY50,25898.55,0.5456557186116928,%,0.005441724111835208,1.0
20251212,NIFTY50,26046.95,0.5730050524064056,%,0.005713696228777995,1.0
20251215,NIFTY50,26027.3,-0.0754406945918884,%,-0.000754691654038437,3.0
20251216,NIFTY50,25860.1,-0.6424024005563411,%,-0.006444746844794009,1.0
20251217,NIFTY50,25818.55,-0.16067223251263751,%,-0.0016080144877245483,1.0
20251218,NIFTY50,25815.55,-0.011619552608488348,%,-0.00011620227730800423,1.0
20251219,NIFTY50,25966.4,0.5843377344275202,%,0.005826371032253734,1.0
20251222,NIFTY50,26172.4,0.7933329225460639,%,0.007902025820313957,3.0
20251223,NIFTY50,26177.15,0.018148889670044355,%,0.00018147242958299996,1.0
20251224,NIFTY50,26142.1,-0.13389540114184806,%,-0.0013398512113031755,1.0
20251226,NIFTY50,26042.3,-0.3817596903079701,%,-0.0038249025253447363,2.0
20251229,NIFTY50,25942.1,-0.3847586426698135,%,-0.0038550074287673655,3.0
20251230,NIFTY50,25938.85,-0.012527898666647719,%,-0.00012528683473419944,1.0
20251231,NIFTY50,26129.6,0.735383411369428,%,0.007326926511113775,1.0
20260101,NIFTY50,26146.55,0.06486896087196659,%,0.0006484793005603324,1.0
20260102,NIFTY50,26328.55,0.6960765378223988,%,0.006936651088835027,1.0
20260105,NIFTY50,26250.3,-0.29720588486642496,%,-0.0029764841859812588,3.0
20260106,NIFTY50,26178.7,-0.27275878751861216,%,-0.0027313145210397867,1.0
20260107,NIFTY50,26140.75,-0.14496518161711824,%,-0.0014507035779470466,1.0
20260108,NIFTY50,25876.85,-1.0095349215305638,%,-0.010146652830525118,1.0
20260109,NIFTY50,25683.3,-0.7479658459201954,%,-0.0075077713756043106,1.0
20260112,NIFTY50,25790.25,0.4164184509000135,%,0.004155538287351518,3.0
20260113,NIFTY50,25732.3,-0.2246973177848277,%,-0.002249501410035875,1.0
20260114,NIFTY50,25665.6,-0.25920729977498835,%,-0.0025954382355152226,1.0
20260116,NIFTY50,25694.35,0.11201764229162858,%,0.0011195494934444548,2.0
20260119,NIFTY50,25585.5,-0.4236339895735797,%,-0.004245338606983875,3.0
20260120,NIFTY50,25232.5,-1.3796877137441155,%,-0.013892938636022806,1.0
20260121,NIFTY50,25157.5,-0.29723570791637677,%,-0.0029767833055262707,1.0
20260122,NIFTY50,25289.9,0.5262844082281726,%,0.0052490437166370345,1.0
20260123,NIFTY50,25048.65,-0.9539381334050301,%,-0.0095851726789208,1.0
20260127,NIFTY50,25175.4,0.5060152942374163,%,0.005047393393883541,4.0
20260128,NIFTY50,25342.75,0.6647362107454091,%,0.006625365820343461,1.0
20260129,NIFTY50,25418.9,0.3004804135305017,%,0.003000298734334582,1.0
20260130,NIFTY50,25320.65,-0.386523413680373,%,-0.003872723459155161,1.0
20260201,NIFTY50,24825.45,-1.955715986753892,%,-0.019750931697309907,2.0
20260202,NIFTY50,25088.4,1.05919530159575,%,0.010536251263282424,1.0
20260203,NIFTY50,25727.55,2.547591715693298,%,0.025156814253504294,1.0
20260204,NIFTY50,25776.0,0.1883195251782599,%,0.0018814242626680484,1.0
20260205,NIFTY50,25642.8,-0.516759776536313,%,-0.005180995976337489,1.0
20260206,NIFTY50,25693.7,0.19849626405852305,%,0.001982995205336413,1.0
20260209,NIFTY50,25867.3,0.6756520080797968,%,0.006733797093786909,3.0
20260210,NIFTY50,25935.15,0.2623002787302875,%,0.0026195687192277595,1.0
20260211,NIFTY50,25953.85,0.07210291824029103,%,0.0007207693657447325,1.0
20260212,NIFTY50,25807.2,-0.5650414100412782,%,-0.005666438080087869,1.0
20260213,NIFTY50,25471.1,-1.3023497318577881,%,-0.013109046639111787,1.0
20260216,NIFTY50,25682.75,0.8309417339651626,%,0.008275084192569436,3.0
20260217,NIFTY50,25725.4,0.16606477110123752,%,0.0016592703602544172,1.0
20260218,NIFTY50,25819.35,0.36520326214557475,%,0.0036453801421163674,1.0
20260219,NIFTY50,25454.35,-1.4136684308474035,%,-0.014237559048147537,1.0
20260220,NIFTY50,25571.25,0.4592535264110076,%,0.0045820217508651916,1.0
20260223,NIFTY50,25713.0,0.554333479982394,%,0.00552802706402003,3.0
20260224,NIFTY50,25424.65,-1.121417181970208,%,-0.011277524723351435,1.0
20260225,NIFTY50,25482.5,0.2275350889786143,%,0.0022727661989268987,1.0
20260226,NIFTY50,25496.55,0.0551358775630284,%,0.0005512068332278377,1.0
20260227,NIFTY50,25178.65,-1.2468353561560175,%,-0.012546735694086916,1.0
20260302,NIFTY50,24865.7,-1.2429181072059148,%,-0.012507069408217645,3.0
20260304,NIFTY50,24480.5,-1.5491218827541564,%,-0.0156124615192116,2.0
20260305,NIFTY50,24765.9,1.165825861399905,%,0.01159082471886308,1.0
20260306,NIFTY50,24450.45,-1.2737271813259343,%,-0.012819086331517163,1.0
20260309,NIFTY50,24028.05,-1.7275755660938863,%,-0.017426722768128327,3.0
20260310,NIFTY50,24261.6,0.9719889878704313,%,0.00967295563446049,1.0
20260311,NIFTY50,23866.85,-1.6270567481122433,%,-0.01640438669258749,1.0
20260312,NIFTY50,23639.15,-0.9540429507873815,%,-0.009586230948536357,1.0
20260313,NIFTY50,23151.1,-2.0645835404403456,%,-0.02086194028260835,1.0
20260316,NIFTY50,23408.8,1.113122054675597,%,0.011069724441647895,3.0
20260317,NIFTY50,23581.15,0.7362615768429004,%,0.007335644020453904,1.0
20260318,NIFTY50,23777.8,0.8339287948212704,%,0.00830470820044442,1.0
20260319,NIFTY50,23002.15,-3.262076390582802,%,-0.033164682443435636,1.0
20260320,NIFTY50,23114.5,0.4884326030392794,%,0.004872436409479938,1.0
20260323,NIFTY50,22512.65,-2.6037768500291936,%,-0.026382752785782303,3.0
20260324,NIFTY50,22912.4,1.7756683464629885,%,0.01760087528150646,1.0
20260325,NIFTY50,23306.45,1.7198111066496713,%,0.0170518975708834,1.0
20260327,NIFTY50,22819.6,-2.0889067189554966,%,-0.02111033050076872,2.0
20260330,NIFTY50,22331.4,-2.139388946344356,%,-0.02162605598499356,3.0
20260401,NIFTY50,22679.4,1.5583438566323604,%,0.015463263671631812,2.0
20260402,NIFTY50,22713.1,0.14859299628737777,%,0.001484827061367576,1.0
20260406,NIFTY50,22968.25,1.123360527625028,%,0.011170976924161889,4.0
20260407,NIFTY50,23123.65,0.6765861569775655,%,0.006743075847341262,1.0
20260408,NIFTY50,23997.35,3.7783827380192925,%,0.03708750426888331,1.0
20260409,NIFTY50,23775.1,-0.926143928392098,%,-0.00930459306345838,1.0
20260410,NIFTY50,24050.6,1.1587753574117565,%,0.011521129744069802,1.0
20260413,NIFTY50,23842.65,-0.8646353937115769,%,-0.008683950527812815,3.0
20260415,NIFTY50,24231.3,1.6300620946077649,%,0.01616919214838677,2.0
20260416,NIFTY50,24196.75,-0.14258417831481962,%,-0.0014268592628351902,1.0
20260417,NIFTY50,24353.55,0.6480209118993274,%,0.006459302833343473,1.0
20260420,NIFTY50,24364.85,0.046399806188412995,%,0.0004638904480705276,3.0
20260421,NIFTY50,24576.6,0.8690798424779933,%,0.008653250825069151,1.0
20260422,NIFTY50,24378.1,-0.8076788489864373,%,-0.00810958244527831,1.0
20260423,NIFTY50,24173.05,-0.8411237955377904,%,-0.008446812039192703,1.0
20260424,NIFTY50,23897.95,-1.1380442269386726,%,-0.011445695045189528,1.0
20260427,NIFTY50,24092.7,0.8149234557775831,%,0.008116208847357668,3.0
20260428,NIFTY50,23995.7,-0.40261157944107007,%,-0.004034242418425959,1.0
20260429,NIFTY50,24177.65,0.75826085506987,%,0.0075540050761180024,1.0
20260430,NIFTY50,23997.55,-0.7449028338155417,%,-0.007476910901378273,1.0
20260504,NIFTY50,24119.3,0.5073434579780045,%,0.005060608075224643,4.0
20260505,NIFTY50,24032.8,-0.3586339570385566,%,-0.00359278590325008,1.0
20260506,NIFTY50,24330.95,1.2405961852135494,%,0.012329638502128454,1.0
20260507,NIFTY50,24326.65,-0.017672963858783586,%,-0.00017674525711061125,1.0
20260508,NIFTY50,24176.15,-0.6186630711585872,%,-0.006205847209279645,1.0
20260511,NIFTY50,23815.85,-1.4903117328441629,%,-0.015015284604692003,3.0
20260512,NIFTY50,23379.55,-1.8319732447088732,%,-0.0184896167679287,1.0
20260513,NIFTY50,23412.6,0.14136285771111368,%,0.0014126303448764603,1.0
20260514,NIFTY50,23689.6,1.1831236171975679,%,0.01176179428291933,1.0
20260515,NIFTY50,23643.5,-0.1946001620964366,%,-0.0019478975421618667,1.0
20260518,NIFTY50,23649.95,0.027280225008996517,%,0.00027276504632216535,3.0
20260519,NIFTY50,23618.0,-0.13509542303472566,%,-0.0013518675917124454,1.0
20260520,NIFTY50,23659.0,0.173596409518173,%,0.0017344590510618102,1.0
20260521,NIFTY50,23654.7,-0.018174901728729154,%,-0.0001817655356414274,1.0
20260522,NIFTY50,23719.3,0.27309583296342144,%,0.002727236038343331,1.0
20260525,NIFTY50,24031.7,1.3170709085006838,%,0.013084729415427099,3.0
20260526,NIFTY50,23913.7,-0.4910181135749814,%,-0.004922275682328171,1.0
20260527,NIFTY50,23907.15,-0.02739015710658821,%,-0.00027393908895216,1.0
20260529,NIFTY50,23547.75,-1.5033159535954743,%,-0.01514730288021764,2.0
20260601,NIFTY50,23382.6,-0.7013408924419595,%,-0.007038118476696354,3.0
20260602,NIFTY50,23483.55,0.43173128736753164,%,0.004308020015633729,1.0
20260603,NIFTY50,23405.6,-0.33193448179683616,%,-0.0033248660643112335,1.0
20260604,NIFTY50,23416.55,0.04678367570154496,%,0.0004677273555198729,1.0
20260605,NIFTY50,23366.7,-0.21288362290772245,%,-0.0021311054219877008,1.0
20260608,NIFTY50,23123.0,-1.0429371712736502,%,-0.010484138733110175,3.0
20260609,NIFTY50,23242.1,0.5150715737577194,%,0.005137496175313403,1.0
20260610,NIFTY50,23214.95,-0.11681388514805935,%,-0.0011688216574620206,1.0
20260611,NIFTY50,23161.6,-0.22980880854794883,%,-0.0023007327424504793,1.0
20260612,NIFTY50,23622.9,1.9916586073501108,%,0.019720845592834733,1.0
20260615,NIFTY50,23853.9,0.9778646990843631,%,0.009731145438595707,3.0
20260616,NIFTY50,23989.15,0.5669932380029996,%,0.005653918815470908,1.0
20260617,NIFTY50,24085.7,0.4024736182815847,%,0.0040166585983226755,1.0
20260618,NIFTY50,24168.0,0.3416965253241422,%,0.0034111406919150548,1.0
20260619,NIFTY50,24013.1,-0.6409301555776348,%,-0.006429929315920653,1.0
20260622,NIFTY50,24102.9,0.373962545443951,%,0.0037326504390581355,3.0
20260623,NIFTY50,23824.1,-1.1567072841857318,%,-0.01163449182671296,1.0
20260624,NIFTY50,24021.65,0.8292023623138078,%,0.0082578336678394,1.0
20260625,NIFTY50,24056.0,0.14299600568652426,%,0.001428938637593024,1.0
20260629,NIFTY50,23946.25,-0.4562271366810755,%,-0.004572710289054184,4.0
20260630,NIFTY50,23865.75,-0.33616954637991636,%,-0.003367358657511833,1.0
20260701,NIFTY50,24005.85,0.5870337198705222,%,0.005853173906078908,1.0
20260702,NIFTY50,24175.7,0.7075358714646818,%,0.007050445806988955,1.0
20260703,NIFTY50,24270.85,0.3935770215546919,%,0.0039280453342234525,1.0
20260706,NIFTY50,24430.35,0.6571669307008143,%,0.006550170027634872,3.0
20260707,NIFTY50,24398.7,-0.12955197121612416,%,-0.0012963596233162159,1.0
20260708,NIFTY50,23882.05,-2.117530852053595,%,-0.02140272145527121,1.0
20260709,NIFTY50,23962.8,0.3381200525080619,%,0.00337549711920856,1.0
20260710,NIFTY50,24206.9,1.0186622598360895,%,0.010135088634260337,1.0
20260713,NIFTY50,24211.0,0.016937319524590322,%,0.00016935885322568231,3.0
20260714,NIFTY50,24052.05,-0.656519763743757,%,-0.0065868433383303275,1.0
20260715,NIFTY50,24078.5,0.10996983625095602,%,0.0010990941372017902,1.0
20260716,NIFTY50,24072.75,-0.023880225097083763,%,-0.00023883076876853854,1.0
20260717,NIFTY50,24334.3,1.0864982189404904,%,0.010806382345822582,1.0
20260720,NIFTY50,24238.5,-0.39368299067571444,%,-0.003944599620345806,3.0
20260721,NIFTY50,24187.7,-0.20958392639808254,%,-0.0020980386086102407,1.0
20260722,NIFTY50,23996.25,-0.7915180029519187,%,-0.007946671350022303,1.0
20260723,NIFTY50,23869.6,-0.5277908006459442,%,-0.005291885365423704,1.0
20260724,NIFTY50,23767.45,-0.4279501960652743,%,-0.00428868523843681,1.0
20260727,NIFTY50,23995.95,0.9613988879749513,%,0.009568068572280364,3.0
20260728,NIFTY50,23985.35,-0.0441741210496005,%,-0.00044183880688715383,1.0
20260729,NIFTY50,24250.2,1.1042156983325224,%,0.010981637470987526,1.0
20260730,NIFTY50,24317.15,0.27608019727671795,%,0.0027569979588118235,1.0
20260731,NIFTY50,24383.6,0.2732639310116358,%,0.002728912439235497,1.0
20260803,NIFTY50,24774.3,1.6023064682819665,%,0.015896050358084092,3.0
20260804,NIFTY50,24614.9,-0.6434086936865979,%,-0.006454874889860209,1.0
20260805,NIFTY50,24624.65,0.039610154824920585,%,0.00039602312074043145,1.0
20260806,NIFTY50,24636.0,0.04609202567344983,%,0.0004608140656221344,1.0
20260807,NIFTY50,24570.65,-0.2652622178925146,%,-0.002656146615182092,1.0
20260810,NIFTY50,24583.8,0.05351913767033256,%,0.0005350482128762298,3.0
20260811,NIFTY50,24471.7,-0.4559913438931251,%,-0.004570341557169676,1.0
20260812,NIFTY50,24435.95,-0.1460871128691532,%,-0.0014619392412955027,1.0
20260813,NIFTY50,24395.85,-0.1641024801573132,%,-0.0016423727576609119,1.0
20260814,NIFTY50,24366.0,-0.12235687627197844,%,-0.001224317934149194,1.0
20260817,NIFTY50,24287.65,-0.32155462529753764,%,-0.003220727231259317,3.0
20260818,NIFTY50,24154.9,-0.5465740818893505,%,-0.005480732632777031,1.0
20260819,NIFTY50,24078.3,-0.31711992183781623,%,-0.0031762381263601685,1.0
20260820,NIFTY50,24231.85,0.6377111340916786,%,0.006356863602188143,1.0
20260821,NIFTY50,24252.0,0.08315502118081408,%,0.00083120466547691,1.0
20260824,NIFTY50,24219.05,-0.13586508329209712,%,-0.0013595746358090516,3.0
20260825,NIFTY50,24334.55,0.4768973184332115,%,0.004757637656647858,1.0
20260826,NIFTY50,24207.75,-0.521069836919108,%,-0.005224321402222175,1.0
20260827,NIFTY50,24090.85,-0.4829032024868174,%,-0.004840729473446191,1.0
20260828,NIFTY50,24175.65,0.3520008633983496,%,0.0035138279034950337,1.0
20260831,NIFTY50,24080.4,-0.39399147489312947,%,-0.0039476966598145005,3.0
20260901,NIFTY50,24055.8,-0.10215777146559413,%,-0.0010220998808219857,1.0
20260902,NIFTY50,23914.45,-0.5875921815113094,%,-0.005893252968049596,1.0
20260903,NIFTY50,23873.45,-0.17144446140304748,%,-0.001715915956127937,1.0
20260904,NIFTY50,23897.7,0.10157727517388082,%,0.0010152572036874596,1.0
20260907,NIFTY50,23779.15,-0.49607284383015315,%,-0.004973073696191451,3.0
20260908,NIFTY50,23635.1,-0.605782797114296,%,-0.006076251051255276,1.0
20260909,NIFTY50,23431.5,-0.8614306687934392,%,-0.008651624292540487,1.0
20260910,NIFTY50,23477.8,0.19759725156305308,%,0.0019740228498408108,1.0
20260911,NIFTY50,23398.1,-0.33946962662601,%,-0.0034004713210387914,1.0
20260915,NIFTY50,23118.6,-1.1945414371252405,%,-0.012017334148324888,4.0
20260916,NIFTY50,23217.6,0.4282266227193743,%,0.004273123417177984,1.0
20260917,NIFTY50,23270.6,0.22827510164702414,%,0.0022801494986946576,1.0
20260918,NIFTY50,23346.4,0.32573289902282365,%,0.003252035386377537,1.0
20260921,NIFTY50,23414.3,0.29083713120652277,%,0.0029041501826480697,3.0
20260922,NIFTY50,23329.0,-0.3643072823018345,%,-0.0036497249739097346,1.0
20260923,NIFTY50,23446.8,0.5049509194564594,%,0.005036803177827017,1.0
20260924,NIFTY50,23063.1,-1.6364706484466973,%,-0.016500087303837285,1.0
20260925,NIFTY50,23140.5,0.33560102501399847,%,0.003350391415475458,1.0
20260928,NIFTY50,22780.25,-1.5567943648581495,%,-0.01569039664008121,3.0
20260929,NIFTY50,22716.2,-0.28116460530502874,%,-0.002815606154491664,1.0
20130102,DXY_BROAD,90.6941,,%,,
20130103,DXY_BROAD,90.8097,0.12746143354418482,%,0.001273802704194467,1.0
20130104,DXY_BROAD,91.1025,0.3224325154691732,%,0.0032191381650435637,1.0
20130107,DXY_BROAD,90.9852,-0.1287560714579694,%,-0.0012883903330758086,3.0
20130108,DXY_BROAD,91.057,0.0789139332550759,%,0.000788828125820555,1.0
20130109,DXY_BROAD,91.0088,-0.052933876582805794,%,-0.000529478915052356,1.0
20130110,DXY_BROAD,90.6425,-0.4024885505577447,%,-0.004033007157047222,1.0
20130111,DXY_BROAD,90.5352,-0.11837714096587515,%,-0.0011844726204707462,1.0
20130114,DXY_BROAD,90.4935,-0.04605943323702233,%,-0.00046070043852224145,3.0
20130115,DXY_BROAD,90.5191,0.02828932464762346,%,0.0002828532397266987,1.0
20130116,DXY_BROAD,90.596,0.08495444607823366,%,0.0008491838021361626,1.0
20130117,DXY_BROAD,90.5401,-0.061702503421789956,%,-0.0006172154725051485,1.0
20130118,DXY_BROAD,90.8697,0.36403759218290865,%,0.0036337657907870046,1.0
20130122,DXY_BROAD,90.7892,-0.08858838534737679,%,-0.0008862764804730965,4.0
20130123,DXY_BROAD,90.8376,0.05331030563107131,%,0.000532961007358634,1.0
20130124,DXY_BROAD,90.9112,0.08102371705109856,%,0.0008099091055697268,1.0
20130125,DXY_BROAD,91.0868,0.19315551879197645,%,0.0019296921338731515,1.0
20130128,DXY_BROAD,91.2354,0.16314109179376146,%,0.001630081612711689,3.0
20130129,DXY_BROAD,90.9406,-0.3231201923814653,%,-0.00323643352937328,1.0
20130130,DXY_BROAD,90.8836,-0.0626782757096378,%,-0.0006269792675258641,1.0
20130131,DXY_BROAD,90.798,-0.09418640986932347,%,-0.0009423079313920464,1.0
20130201,DXY_BROAD,90.6923,-0.11641225577655456,%,-0.0011648006747555706,1.0
20130204,DXY_BROAD,90.9774,0.31435965346562345,%,0.0031386657659323485,3.0
20130205,DXY_BROAD,90.881,-0.10596038136944097,%,-0.0010601655906911673,1.0
20130206,DXY_BROAD,91.0176,0.15030644469140597,%,0.0015019359761829058,1.0
20130207,DXY_BROAD,91.2912,0.30060120240480437,%,0.003001503003756558,1.0
20130208,DXY_BROAD,91.3056,0.015773699984222844,%,0.00015772456066973014,1.0
20130211,DXY_BROAD,91.4451,0.15278361896751136,%,0.0015266702354042128,3.0
20130212,DXY_BROAD,91.2779,-0.18284194560451716,%,-0.0018300930552374829,1.0
20130213,DXY_BROAD,91.2709,-0.007668888087919434,%,-7.669182162176872e-05,1.0
20130214,DXY_BROAD,91.366,0.10419531307350738,%,0.0010414106743484696,1.0
20130215,DXY_BROAD,91.4551,0.0975198651577136,%,0.0009747234542881938,1.0
20130219,DXY_BROAD,91.5073,0.05707718869696343,%,0.0005706090586517616,4.0
20130220,DXY_BROAD,91.6689,0.1765979326239453,%,0.0017644218181642078,1.0
20130221,DXY_BROAD,92.0394,0.4041719710828895,%,0.004033573903056348,1.0
20130222,DXY_BROAD,92.1197,0.08724524497116803,%,0.000872072084290928,1.0
20130225,DXY_BROAD,92.1975,0.08445533365828428,%,0.0008441969020848548,3.0
20130226,DXY_BROAD,92.4247,0.24642750616881148,%,0.002461243714925098,1.0
20130227,DXY_BROAD,92.234,-0.20633012603774592,%,-0.0020654327989318103,1.0
20130228,DXY_BROAD,92.295,0.06613613201207347,%,0.0006611427171012696,1.0
20130301,DXY_BROAD,92.6177,0.3496397421312025,%,0.0034902992341714315,1.0
20130304,DXY_BROAD,92.6316,0.015007930449595364,%,0.00015006804372379311,3.0
20130305,DXY_BROAD,92.4965,-0.1458465577621526,%,-0.001459530173785891,1.0
20130307,DXY_BROAD,92.5462,0.05373176282346126,%,0.0005371733248066766,2.0
20130308,DXY_BROAD,92.6252,0.08536277016237825,%,0.0008532635687051895,1.0
20130311,DXY_BROAD,92.5351,-0.0972737440782967,%,-0.0009732108568785909,3.0
20130312,DXY_BROAD,92.3853,-0.1618845173344985,%,-0.00162015691905924,1.0
20130313,DXY_BROAD,92.4709,0.09265543327781067,%,0.0009261253462780618,1.0
20130314,DXY_BROAD,92.4695,-0.001513989806523064,%,-1.5140012674644136e-05,1.0
20130315,DXY_BROAD,92.128,-0.3693109619928747,%,-0.0036999459860845457,1.0
20130318,DXY_BROAD,92.3377,0.2276180965613106,%,0.0022735943899848702,3.0
20130319,DXY_BROAD,92.526,0.20392537392635024,%,0.0020371772838240943,1.0
20130320,DXY_BROAD,92.4141,-0.12093897931391151,%,-0.0012101216951377045,1.0
20130321,DXY_BROAD,92.3322,-0.0886228400211686,%,-0.0008866213327695047,1.0
20130322,DXY_BROAD,92.2051,-0.13765511923250484,%,-0.00137749950928873,1.0
20130325,DXY_BROAD,92.3081,0.11170748689606214,%,0.0011164514050898747,3.0
20130326,DXY_BROAD,92.232,-0.08244130255090631,%,-0.0008247530408155869,1.0
20130327,DXY_BROAD,92.446,0.23202359267933126,%,0.002317548335842555,1.0
20130328,DXY_BROAD,92.2544,-0.20725612790168935,%,-0.0020747120063344567,1.0
20130329,DXY_BROAD,92.302,0.051596455020042065,%,0.0005158314862607719,1.0
20130401,DXY_BROAD,92.1687,-0.14441723906307713,%,-0.0014452162126713886,3.0
20130402,DXY_BROAD,92.1432,-0.027666659071901023,%,-0.0002767048699807783,1.0
20130403,DXY_BROAD,92.104,-0.04254247736131811,%,-0.0004255152924057179,1.0
20130404,DXY_BROAD,92.3896,0.31008425258403083,%,0.0030960448290315392,1.0
20130405,DXY_BROAD,92.1043,-0.3088009905876876,%,-0.0030927876468090903,1.0
20130408,DXY_BROAD,92.2317,0.13832144644714273,%,0.0013822587045898115,3.0
20130409,DXY_BROAD,91.9669,-0.28710302423137213,%,-0.0028751595551216834,1.0
20130410,DXY_BROAD,91.9598,-0.007720168886837797,%,-7.720466907214553e-05,1.0
20130411,DXY_BROAD,91.6972,-0.2855595597206717,%,-0.002859680588890376,1.0
20130412,DXY_BROAD,91.7967,0.10850931108039585,%,0.0010845048228007817,1.0
20130415,DXY_BROAD,91.9457,0.1623152030519659,%,0.0016218361429938047,3.0
20130416,DXY_BROAD,91.8451,-0.10941240319014556,%,-0.0010947230225532855,1.0
20130417,DXY_BROAD,92.1372,0.3180354749463987,%,0.003175308118517871,1.0
20130418,DXY_BROAD,92.176,0.042111112558229635,%,0.00042102248317691407,1.0
20130419,DXY_BROAD,92.2166,0.04404617253948029,%,0.00044036475060377824,1.0
20130422,DXY_BROAD,92.3591,0.15452749288089596,%,0.0015440822200566843,3.0
20130423,DXY_BROAD,92.3836,0.026526893397615936,%,0.0002652337563933687,1.0
20130424,DXY_BROAD,92.4581,0.08064201871327281,%,0.0008060952050766115,1.0
20130425,DXY_BROAD,92.0394,-0.45285377917132497,%,-0.004538822681064916,1.0
20130426,DXY_BROAD,91.9012,-0.15015308661290305,%,-0.001502659293320293,1.0
20130429,DXY_BROAD,91.6539,-0.2690933306638055,%,-0.0026945603759306967,3.0
20130430,DXY_BROAD,91.3741,-0.3052788806586437,%,-0.0030574580716100407,1.0
20130501,DXY_BROAD,91.4331,0.06456971942814249,%,0.0006454888215403782,1.0
20130502,DXY_BROAD,91.6174,0.20156814107801235,%,0.002013652650770359,1.0
20130503,DXY_BROAD,91.5087,-0.11864558479065535,%,-0.0011871602438576546,1.0
20130506,DXY_BROAD,91.6387,0.1420629951031982,%,0.0014196218109861114,3.0
20130507,DXY_BROAD,91.5201,-0.12942130344494318,%,-0.0012950512514376565,1.0
20130508,DXY_BROAD,91.1848,-0.36636760667875246,%,-0.00367040376504674,1.0
20130509,DXY_BROAD,91.3036,0.13028487204007622,%,0.0013020007494453111,1.0
20130510,DXY_BROAD,92.2527,1.0394989901822083,%,0.010341333512379338,1.0
20130513,DXY_BROAD,92.2711,0.01994521569559371,%,0.00019943226901889726,3.0
20130514,DXY_BROAD,92.3697,0.10685902736609076,%,0.0010680197374845258,1.0
20130515,DXY_BROAD,92.7691,0.43239287342060617,%,0.004314607414511861,1.0
20130516,DXY_BROAD,92.6602,-0.11738822517410874,%,-0.0011745717911897987,1.0
20130517,DXY_BROAD,93.1617,0.5412248192859348,%,0.0053976546099898095,1.0
20130520,DXY_BROAD,93.0359,-0.13503403222568933,%,-0.0013512528533273565,3.0
20130521,DXY_BROAD,92.9662,-0.07491731686369851,%,-0.0007494539390945084,1.0
20130522,DXY_BROAD,93.3104,0.3702420879846624,%,0.0036955837903196735,1.0
20130523,DXY_BROAD,93.2113,-0.1062046674325745,%,-0.0010626110455227223,1.0
20130524,DXY_BROAD,93.2768,0.07027045004199817,%,0.0007024577192152678,1.0
20130528,DXY_BROAD,93.5853,0.3307360458334907,%,0.0033019031712340405,4.0
20130529,DXY_BROAD,93.531,-0.05802193293177327,%,-0.0005803877216922805,1.0
20130530,DXY_BROAD,93.4219,-0.11664581796411166,%,-0.001167139021484064,1.0
20130531,DXY_BROAD,93.6076,0.19877566180950268,%,0.001985783644004212,1.0
20130603,DXY_BROAD,93.163,-0.4749614347553055,%,-0.004760929608746666,3.0
20130604,DXY_BROAD,93.3067,0.1542457842705902,%,0.001541269476453925,1.0
20130605,DXY_BROAD,93.275,-0.03397398043227806,%,-0.0003397975289647105,1.0
20130606,DXY_BROAD,92.809,-0.49959796301261017,%,-0.005008501258969788,1.0
20130607,DXY_BROAD,92.6056,-0.21915977976274537,%,-0.002194002862680101,1.0
20130610,DXY_BROAD,92.973,0.39673626648928373,%,0.003959513435279906,3.0
20130611,DXY_BROAD,92.7996,-0.18650575973669925,%,-0.0018667989828140314,1.0
20130612,DXY_BROAD,92.4775,-0.3470920133276323,%,-0.0034769577513372747,1.0
20130613,DXY_BROAD,92.3449,-0.14338622908276477,%,-0.0014348912550751502,1.0
20130614,DXY_BROAD,92.1886,-0.16925677541478334,%,-0.0016940017652847996,1.0
20130617,DXY_BROAD,92.3332,0.156852365693827,%,0.001567294808524467,3.0
20130618,DXY_BROAD,92.5432,0.22743715153379362,%,0.002271789047362874,1.0
20130619,DXY_BROAD,92.4755,-0.07315502381590733,%,-0.0007318179516064019,1.0
20130620,DXY_BROAD,94.125,1.783715686857601,%,0.017679941549436286,1.0
20130621,DXY_BROAD,94.4243,0.3179814077025167,%,0.0031747691600125926,1.0
20130624,DXY_BROAD,94.5714,0.15578616945002288,%,0.0015566494867753143,3.0
20130625,DXY_BROAD,94.3285,-0.2568429778981751,%,-0.0025717338534813295,1.0
20130626,DXY_BROAD,94.3807,0.055338524412018586,%,0.0005532321829712318,1.0
20130627,DXY_BROAD,94.2429,-0.14600442675249958,%,-0.0014611111707669884,1.0
20130628,DXY_BROAD,94.3047,0.06557523166199619,%,0.0006555374050169744,1.0
20130701,DXY_BROAD,94.0998,-0.21727443064872842,%,-0.0021751081400225507,3.0
20130702,DXY_BROAD,94.4051,0.3244427724607313,%,0.0032391759253001403,1.0
20130703,DXY_BROAD,94.4767,0.07584336015744597,%,0.0007581461361502364,1.0
20130705,DXY_BROAD,95.0639,0.6215289060689244,%,0.006196053812243617,2.0
20130708,DXY_BROAD,94.9954,-0.07205679548177857,%,-0.0007208276886846367,3.0
20130709,DXY_BROAD,94.9467,-0.051265640231001885,%,-0.0005127878555322441,1.0
20130710,DXY_BROAD,94.7595,-0.19716325053952266,%,-0.001973578731345712,1.0
20130711,DXY_BROAD,93.949,-0.8553232129760113,%,-0.008590020945420402,1.0
20130712,DXY_BROAD,94.0029,0.057371552650908875,%,0.0005735510146753981,1.0
20130715,DXY_BROAD,93.9729,-0.03191390903898306,%,-0.00031919002610667846,3.0
20130716,DXY_BROAD,93.5232,-0.47854221802242636,%,-0.004796908973701282,1.0
20130717,DXY_BROAD,93.5498,0.028442140559770124,%,0.0002843809654975585,1.0
20130718,DXY_BROAD,93.681,0.1402461576614833,%,0.0014014790459116488,1.0
20130719,DXY_BROAD,93.4759,-0.21893446910259406,%,-0.002191744809878858,1.0
20130722,DXY_BROAD,93.2253,-0.26809049177380917,%,-0.0026845049790479815,3.0
20130723,DXY_BROAD,93.1631,-0.06672008564199139,%,-0.0006674235339639254,1.0
20130724,DXY_BROAD,93.3124,0.16025658227345474,%,0.001601283084392004,1.0
20130725,DXY_BROAD,93.2862,-0.02807772600426084,%,-0.00028081668535748087,1.0
20130726,DXY_BROAD,93.1695,-0.12509888922476176,%,-0.0012517720320528133,1.0
20130729,DXY_BROAD,93.1663,-0.003434600378871,%,-3.434659362620387e-05,3.0
20130730,DXY_BROAD,93.3976,0.24826573557175102,%,0.0024795806531579187,1.0
20130731,DXY_BROAD,93.5703,0.18490839165032913,%,0.0018473764653278149,1.0
20130801,DXY_BROAD,93.7972,0.24249147432464646,%,0.002421979381866834,1.0
20130802,DXY_BROAD,93.5789,-0.2327361584354315,%,-0.0023300740998132693,1.0
20130805,DXY_BROAD,93.507,-0.07683355970202754,%,-0.0007686309180952521,3.0
20130806,DXY_BROAD,93.3199,-0.2000919717240479,%,-0.002002924231458916,1.0
20130807,DXY_BROAD,93.2652,-0.05861557931374772,%,-0.0005863276496041153,1.0
20130808,DXY_BROAD,92.8483,-0.4470048849946173,%,-0.0044800693909954285,1.0
20130809,DXY_BROAD,92.8394,-0.009585528221833783,%,-9.585987662950382e-05,1.0
20130812,DXY_BROAD,92.9178,0.08444690508555563,%,0.0008441126874777468,3.0
20130813,DXY_BROAD,93.476,0.6007460357434269,%,0.005989487512310798,1.0
20130814,DXY_BROAD,93.382,-0.10056057169753885,%,-0.0010061116776307873,1.0
20130815,DXY_BROAD,93.5059,0.1326808164314297,%,0.0013259287321677376,1.0
20130816,DXY_BROAD,93.4255,-0.0859838790921219,%,-0.0008602086643306079,1.0
20130819,DXY_BROAD,93.6623,0.25346399002414977,%,0.0025314331180785726,3.0
20130820,DXY_BROAD,93.5536,-0.11605523246812632,%,-0.0011612262870265976,1.0
20130821,DXY_BROAD,94.0362,0.5158540131005029,%,0.0051452804437338295,1.0
20130822,DXY_BROAD,94.2804,0.25968722683393786,%,0.002593506221753012,1.0
20130823,DXY_BROAD,93.9466,-0.3540502585903327,%,-0.0035467849981649638,1.0
20130826,DXY_BROAD,94.1853,0.254080509566057,%,0.0025375827075461194,3.0
20130827,DXY_BROAD,94.3934,0.2209474302253156,%,0.0022070370033462905,1.0
20130828,DXY_BROAD,94.4127,0.02044634476563445,%,0.00020444254785441257,1.0
20130829,DXY_BROAD,94.6398,0.24053967315837976,%,0.0024025083956675827,1.0
20130830,DXY_BROAD,94.7541,0.12077371253953473,%,0.0012070083975953827,1.0
20130903,DXY_BROAD,94.9574,0.21455535960979155,%,0.002143255182972947,4.0
20130904,DXY_BROAD,94.5739,-0.4038653122347635,%,-0.004046830506373259,1.0
20130905,DXY_BROAD,94.8891,0.33328434166297605,%,0.0033273018034821276,1.0
20130906,DXY_BROAD,94.2487,-0.6748931120645008,%,-0.006771808144685351,1.0
20130909,DXY_BROAD,94.0009,-0.2629213983853296,%,-0.0026326764372920043,3.0
20130910,DXY_BROAD,93.938,-0.06691425294863551,%,-0.0006693665052687933,1.0
20130911,DXY_BROAD,93.7112,-0.241435840660853,%,-0.002417277669577632,1.0
20130912,DXY_BROAD,93.5903,-0.12901339434348014,%,-0.0012909668827100315,1.0
20130913,DXY_BROAD,93.6666,0.08152554271116941,%,0.0008149232869131173,1.0
20130916,DXY_BROAD,93.2875,-0.40473338415187854,%,-0.004055546464104761,3.0
20130917,DXY_BROAD,93.2231,-0.06903390057616532,%,-0.0006905773994543817,1.0
20130918,DXY_BROAD,93.2569,0.0362571079485674,%,0.0003625053664751126,1.0
20130919,DXY_BROAD,92.4082,-0.9100667082006852,%,-0.009142331125711481,1.0
20130920,DXY_BROAD,92.6049,0.21285989771471225,%,0.0021263367200676305,1.0
20130923,DXY_BROAD,92.613,0.008746837370376959,%,8.7464548568621e-05,3.0
20130924,DXY_BROAD,92.7691,0.16855085139235726,%,0.0016840896385755643,1.0
20130925,DXY_BROAD,92.7675,-0.0017247122155894523,%,-1.7247270889216002e-05,1.0
20130926,DXY_BROAD,93.0096,0.2609750181906456,%,0.0026063506971532764,1.0
20130927,DXY_BROAD,92.9747,-0.03752300837763789,%,-0.0003753005001997222,1.0
20130930,DXY_BROAD,92.9207,-0.05808031647319689,%,-0.000580971896226404,3.0
20131001,DXY_BROAD,92.9515,0.03314654323525179,%,0.00033141050982237385,1.0
20131002,DXY_BROAD,92.772,-0.1931114613534901,%,-0.0019329816193488804,1.0
20131003,DXY_BROAD,92.7461,-0.027917906264829373,%,-0.0002792180403774837,1.0
20131004,DXY_BROAD,92.6469,-0.10695867535130965,%,-0.0010701591696269386,1.0
20131007,DXY_BROAD,92.6725,0.027631793400528792,%,0.00027627976523594323,3.0
20131008,DXY_BROAD,92.7558,0.08988642801261992,%,0.0008984605435473018,1.0
20131009,DXY_BROAD,93.0829,0.3526464113295269,%,0.0035202607184790925,1.0
20131010,DXY_BROAD,92.8579,-0.24172001516926667,%,-0.0024201262963152175,1.0
20131011,DXY_BROAD,92.854,-0.004199965754125845,%,-4.2000539551571415e-05,1.0
20131015,DXY_BROAD,92.7642,-0.0967109656019094,%,-0.0009675776082942471,4.0
20131016,DXY_BROAD,92.6819,-0.08871957069646053,%,-0.0008875894980062093,1.0
20131017,DXY_BROAD,92.0246,-0.7091999624522116,%,-0.0071172673907241866,1.0
20131018,DXY_BROAD,91.9989,-0.027927315087483695,%,-0.000279312154883254,1.0
20131021,DXY_BROAD,92.2498,0.27272065209473784,%,0.002723494440784631,3.0
20131022,DXY_BROAD,91.9563,-0.31815787134497064,%,-0.00318665069580249,1.0
20131023,DXY_BROAD,92.0947,0.15050627308841324,%,0.0015039312591205631,1.0
20131024,DXY_BROAD,92.1867,0.09989717106413387,%,0.0009984730704593345,1.0
20131025,DXY_BROAD,92.1623,-0.02646802629880929,%,-0.0002647152969909097,1.0
20131028,DXY_BROAD,92.1872,0.027017554900443663,%,0.00027013905816327077,3.0
20131029,DXY_BROAD,92.301,0.12344446951420007,%,0.0012336833947470664,1.0
20131030,DXY_BROAD,92.3057,0.005092035839271425,%,5.091906199527332e-05,1.0
20131031,DXY_BROAD,92.731,0.4607516112222765,%,0.004596934002238772,1.0
20131101,DXY_BROAD,93.155,0.45723652284566096,%,0.004561943721780373,1.0
20131104,DXY_BROAD,92.9359,-0.2351993988513712,%,-0.002354764271019031,3.0
20131105,DXY_BROAD,93.2112,0.29622567812868095,%,0.002957877944029933,1.0
20131106,DXY_BROAD,93.0943,-0.1254141133254394,%,-0.0012549282263982027,1.0
20131107,DXY_BROAD,93.4003,0.3286989643834337,%,0.003281599302143377,1.0
20131108,DXY_BROAD,93.6619,0.2800847534750961,%,0.002796932469923897,1.0
20131112,DXY_BROAD,93.7651,0.11018354314829004,%,0.0011012288563469618,4.0
20131113,DXY_BROAD,93.4848,-0.2989385176360937,%,-0.002993862313044255,1.0
20131114,DXY_BROAD,93.4328,-0.055624015882804745,%,-0.0005563949177766163,1.0
20131115,DXY_BROAD,93.2854,-0.15776044386982546,%,-0.0015788501669307378,1.0
20131118,DXY_BROAD,92.9824,-0.32480967010914963,%,-0.0032533832176966514,3.0
20131119,DXY_BROAD,93.0649,0.08872646866502354,%,0.000886871300012998,1.0
20131120,DXY_BROAD,93.2501,0.19900091226661143,%,0.0019880316774999887,1.0
20131121,DXY_BROAD,93.5638,0.33640714594407317,%,0.003358425629488927,1.0
20131122,DXY_BROAD,93.4198,-0.15390567719567594,%,-0.001540242336420565,1.0
20131125,DXY_BROAD,93.5539,0.14354558669575912,%,0.0014344265850593568,3.0
20131126,DXY_BROAD,93.5226,-0.033456649054719456,%,-0.0003346224704018303,1.0
20131127,DXY_BROAD,93.6864,0.17514483130280922,%,0.0017499163159797448,1.0
20131129,DXY_BROAD,93.6291,-0.06116149195615206,%,-0.0006118020322642726,2.0
20131202,DXY_BROAD,93.8856,0.2739532901629982,%,0.002735787220754951,3.0
20131203,DXY_BROAD,93.8251,-0.06444012713343605,%,-0.0006446089870732602,1.0
20131204,DXY_BROAD,93.8997,0.07950964081038236,%,0.0007947804864024497,1.0
20131205,DXY_BROAD,93.4954,-0.4305658058545325,%,-0.004314954097510229,1.0
20131206,DXY_BROAD,93.4045,-0.09722403455143525,%,-0.0009727132777197711,1.0
20131209,DXY_BROAD,93.1444,-0.2784662409198613,%,-0.002788546794375342,3.0
20131211,DXY_BROAD,93.0842,-0.06463083126845293,%,-0.0006465172599364663,2.0
20131212,DXY_BROAD,93.4292,0.37063218032706846,%,0.0036994703166071414,1.0
20131213,DXY_BROAD,93.3568,-0.07749183338826571,%,-0.0007752187382973691,1.0
20131216,DXY_BROAD,93.2175,-0.14921248371838614,%,-0.001493239164063216,3.0
20131217,DXY_BROAD,93.302,0.09064821519564337,%,0.0009060715451302967,1.0
20131218,DXY_BROAD,93.4207,0.12722128143018985,%,0.001271404237294825,1.0
20131219,DXY_BROAD,93.7368,0.33836184057709495,%,0.003377906849205342,1.0
20131220,DXY_BROAD,93.7211,-0.016749024929374468,%,-0.00016750427735194608,1.0
20131223,DXY_BROAD,93.572,-0.15908904184863681,%,-0.0015921572283969572,3.0
20131224,DXY_BROAD,93.6734,0.10836575043815522,%,0.0010830707714282735,1.0
20131226,DXY_BROAD,93.766,0.0988541037263646,%,0.000988052752339098,2.0
20131227,DXY_BROAD,93.7018,-0.06846831474095483,%,-0.0006849176499617949,1.0
20131230,DXY_BROAD,93.4866,-0.2296647449675615,%,-0.002299288789355307,3.0
20131231,DXY_BROAD,93.5576,0.07594671321879964,%,0.0007591788829602029,1.0
20140102,DXY_BROAD,93.8192,0.27961384216781404,%,0.00279223649849414,2.0
20140103,DXY_BROAD,93.853,0.03602674079505874,%,0.00036020252723044323,1.0
20140106,DXY_BROAD,93.9109,0.061692220813402976,%,0.0006167319898578173,3.0
20140107,DXY_BROAD,94.0398,0.13725776241095833,%,0.0013716365005208358,1.0
20140108,DXY_BROAD,94.2181,0.18960057337424896,%,0.0018942105835897992,1.0
20140109,DXY_BROAD,94.3299,0.11866085178962038,%,0.0011859050544443213,1.0
20140110,DXY_BROAD,94.0045,-0.34495955153138746,%,-0.003455559088483443,1.0
20140113,DXY_BROAD,93.899,-0.11222866990409086,%,-0.0011229169343389186,3.0
20140114,DXY_BROAD,94.0303,0.139831095112819,%,0.001397334224775585,1.0
20140115,DXY_BROAD,94.341,0.3304254054278255,%,0.003298807002514406,1.0
20140116,DXY_BROAD,94.5507,0.22227875473019854,%,0.002220320809741165,1.0
20140117,DXY_BROAD,94.5846,0.03585378003545525,%,0.0003584735410365485,1.0
20140121,DXY_BROAD,94.679,0.09980483080755942,%,0.0009975505890005597,4.0
20140122,DXY_BROAD,94.8479,0.17839225171367712,%,0.0017823332172077645,1.0
20140123,DXY_BROAD,94.8415,-0.006747645440752237,%,-6.747873104588564e-05,1.0
20140124,DXY_BROAD,94.8555,0.01476147045333942,%,0.00014760381055495804,1.0
20140127,DXY_BROAD,94.9059,0.053133450353426426,%,0.0005311933953384975,3.0
20140128,DXY_BROAD,94.88,-0.02729018954564788,%,-0.00027293913995496763,1.0
20140129,DXY_BROAD,94.8621,-0.01886593591905461,%,-0.00018867715760604483,1.0
20140130,DXY_BROAD,95.1294,0.28177744325710297,%,0.0028138119480410947,1.0
20140131,DXY_BROAD,95.1774,0.05045758724433469,%,0.0005044486168427586,1.0
20140203,DXY_BROAD,95.2469,0.07302153662527289,%,0.000729948888728271,3.0
20140204,DXY_BROAD,95.0438,-0.21323528639776157,%,-0.00213462956540885,1.0
20140205,DXY_BROAD,95.0285,-0.016097841205853225,%,-0.00016099137047380875,1.0
20140206,DXY_BROAD,94.7177,-0.3270597768038064,%,-0.0032759578632527387,1.0
20140207,DXY_BROAD,94.7457,0.029561528626653732,%,0.00029557160067700673,1.0
20140210,DXY_BROAD,94.7189,-0.028286244125053095,%,-0.0002829024543765176,3.0
20140211,DXY_BROAD,94.6377,-0.08572734691809636,%,-0.000857641138225074,1.0
20140212,DXY_BROAD,94.6209,-0.017751910707874963,%,-0.0001775348654604088,1.0
20140214,DXY_BROAD,94.2711,-0.3696857670979714,%,-0.0037037079374844144,2.0
20140218,DXY_BROAD,94.1934,-0.08242186629837667,%,-0.0008245585179420036,4.0
20140219,DXY_BROAD,94.38,0.1981030518061866,%,0.0019790708647669684,1.0
20140220,DXY_BROAD,94.6571,0.29360033905487803,%,0.0029317017502908955,1.0
20140224,DXY_BROAD,94.4042,-0.267174887039634,%,-0.0026753243613721754,4.0
20140225,DXY_BROAD,94.4735,0.07340775092632423,%,0.0007338082061532844,1.0
20140226,DXY_BROAD,94.7754,0.31956051167787436,%,0.003190510022468182,1.0
20140227,DXY_BROAD,94.6722,-0.10888901550402119,%,-0.0010894834266359191,1.0
20140228,DXY_BROAD,94.3879,-0.3002993487000394,%,-0.003007511519290063,1.0
20140304,DXY_BROAD,94.6568,0.28488821130674413,%,0.0028448317392884425,4.0
20140305,DXY_BROAD,94.4679,-0.19956305305059985,%,-0.0019976244543115874,1.0
20140306,DXY_BROAD,93.9858,-0.5103320810561085,%,-0.005116387225905596,1.0
20140307,DXY_BROAD,94.2532,0.28451106443740937,%,0.002841070977470368,1.0
20140310,DXY_BROAD,94.3731,0.1272105350269115,%,0.001271296909799689,3.0
20140311,DXY_BROAD,94.387,0.01472877334749434,%,0.00014727688770168048,1.0
20140312,DXY_BROAD,94.462,0.07946009514021579,%,0.000794285423201116,1.0
20140313,DXY_BROAD,94.1872,-0.2909106307298126,%,-0.0029133459814900905,1.0
20140314,DXY_BROAD,94.243,0.05924371889172164,%,0.0005922617672865894,1.0
20140318,DXY_BROAD,94.2631,0.02132784397779197,%,0.00021325569916481353,4.0
20140319,DXY_BROAD,94.3752,0.11892246276645757,%,0.0011885180601798767,1.0
20140320,DXY_BROAD,94.9986,0.6605548915392889,%,0.006583827877605834,1.0
20140321,DXY_BROAD,94.8547,-0.15147591648718706,%,-0.0015159075723893685,1.0
20140324,DXY_BROAD,94.759,-0.10089115246793012,%,-0.0010094208184953663,3.0
20140325,DXY_BROAD,94.6379,-0.12779788727191876,%,-0.0012787961841307662,1.0
20140326,DXY_BROAD,94.5281,-0.11602117122210265,%,-0.0011608852788666238,1.0
20140327,DXY_BROAD,94.3315,-0.20798048411000414,%,-0.0020819706386671247,1.0
20140328,DXY_BROAD,94.3683,0.039011358878005,%,0.00039003751425846793,1.0
20140331,DXY_BROAD,94.2432,-0.13256570267770051,%,-0.0013265364873813372,3.0
20140401,DXY_BROAD,94.1244,-0.1260568401752149,%,-0.0012613635864265923,1.0
20140402,DXY_BROAD,94.3103,0.19750457904645913,%,0.001973097951819378,1.0
20140403,DXY_BROAD,94.512,0.21386847459927694,%,0.0021364010153117224,1.0
20140404,DXY_BROAD,94.2191,-0.3099077365837144,%,-0.003103889450684196,1.0
20140407,DXY_BROAD,94.0881,-0.1390376261288795,%,-0.0013913437312315811,3.0
20140408,DXY_BROAD,93.6579,-0.4572310419702408,%,-0.004582795403597734,1.0
20140409,DXY_BROAD,93.6716,0.014627703589331631,%,0.0001462663384508822,1.0
20140410,DXY_BROAD,93.5123,-0.17006221736364235,%,-0.0017020698730844945,1.0
20140411,DXY_BROAD,93.6395,0.1360248865657221,%,0.0013593245652597286,1.0
20140414,DXY_BROAD,93.8046,0.17631448267023675,%,0.0017615923114673328,3.0
20140415,DXY_BROAD,93.9486,0.1535105954292293,%,0.0015339288836116727,1.0
20140416,DXY_BROAD,93.9461,-0.0026610295416840124,%,-2.661064947703232e-05,1.0
20140417,DXY_BROAD,93.8936,-0.055883107441390134,%,-0.0005589872786960154,1.0
20140418,DXY_BROAD,93.9629,0.07380694743837068,%,0.0007377972350553212,1.0
20140421,DXY_BROAD,94.0337,0.07534888769928916,%,0.000753205146765117,3.0
20140422,DXY_BROAD,94.0802,0.04945035662746733,%,0.0004943813396788091,1.0
20140423,DXY_BROAD,94.149,0.07312909623915509,%,0.0007310236994457603,1.0
20140424,DXY_BROAD,94.1294,-0.020818064982097706,%,-0.00020820232242038642,1.0
20140425,DXY_BROAD,94.1623,0.034951885383316394,%,0.00034945778634764885,1.0
20140428,DXY_BROAD,94.1374,-0.026443704115131084,%,-0.00026447201079065843,3.0
20140429,DXY_BROAD,94.0295,-0.1146196941916866,%,-0.0011468543280089916,1.0
20140430,DXY_BROAD,93.8896,-0.14878309466709316,%,-0.0014889388662015371,1.0
20140501,DXY_BROAD,93.8707,-0.02013002505070194,%,-0.0002013205141218726,1.0
20140502,DXY_BROAD,93.8182,-0.05592799457124764,%,-0.0005594364010789334,1.0
20140505,DXY_BROAD,93.7334,-0.09038757938225617,%,-0.0009042845358678124,3.0
20140506,DXY_BROAD,93.4324,-0.321123526939171,%,-0.00321640235014262,1.0
20140507,DXY_BROAD,93.4337,0.001391380292070643,%,1.3913706124648439e-05,1.0
20140508,DXY_BROAD,93.3686,-0.06967507441105747,%,-0.0006969935877178119,1.0
20140509,DXY_BROAD,93.6614,0.31359579130456616,%,0.0031310510528245205,1.0
20140512,DXY_BROAD,93.6537,-0.008221102823580129,%,-8.221440774760644e-05,3.0
20140513,DXY_BROAD,93.6755,0.02327724371808948,%,0.000232745349880509,1.0
20140514,DXY_BROAD,93.5968,-0.08401342933851419,%,-0.0008404874039880066,1.0
20140515,DXY_BROAD,93.7065,0.11720486170467836,%,0.0011713623042753684,1.0
20140516,DXY_BROAD,93.6073,-0.10586245351177359,%,-0.0010591852738470284,1.0
20140519,DXY_BROAD,93.502,-0.11249122664578337,%,-0.0011255454551604806,3.0
20140520,DXY_BROAD,93.6699,0.1795683514791202,%,0.0017940732026010661,1.0
20140521,DXY_BROAD,93.7629,0.0992848289578685,%,0.0009923557417055415,1.0
20140522,DXY_BROAD,93.6944,-0.07305661407657205,%,-0.0007308331342542586,1.0
20140523,DXY_BROAD,93.7042,0.010459536535800673,%,0.0001045898956441807,1.0
20140527,DXY_BROAD,93.8418,0.14684507204587582,%,0.0014673736010351445,4.0
20140528,DXY_BROAD,93.8793,0.03996087031579165,%,0.00039952888086451085,1.0
20140529,DXY_BROAD,93.6973,-0.19386595341038815,%,-0.0019405411667885216,1.0
20140530,DXY_BROAD,93.7606,0.06755797659057095,%,0.0006753516646236177,1.0
20140602,DXY_BROAD,94.0006,0.2559710582056951,%,0.00255644010272319,3.0
20140603,DXY_BROAD,94.0536,0.056382618834338594,%,0.0005636672980795775,1.0
20140604,DXY_BROAD,94.1239,0.07474461370964303,%,0.0007471669383478553,1.0
20140605,DXY_BROAD,93.9732,-0.16010811281725879,%,-0.001602364228309915,1.0
20140606,DXY_BROAD,93.9069,-0.07055202972763297,%,-0.0007057692938429068,1.0
20140609,DXY_BROAD,93.9628,0.059527042208840086,%,0.0005950933189300567,3.0
20140610,DXY_BROAD,94.0638,0.1074893468478999,%,0.0010743161841371214,1.0
20140611,DXY_BROAD,93.9744,-0.09504187583321277,%,-0.0009508706926141262,1.0
20140612,DXY_BROAD,93.8155,-0.16908860285355098,%,-0.0016923171898308798,1.0
20140613,DXY_BROAD,93.9168,0.1079778927788988,%,0.001079196385829183,1.0
20140616,DXY_BROAD,93.8639,-0.056326450645671766,%,-0.000563423199502406,3.0
20140617,DXY_BROAD,94.0829,0.23331653596323498,%,0.0023304477555935402,1.0
20140618,DXY_BROAD,94.0525,-0.03231192916034464,%,-0.0003231715058896813,1.0
20140619,DXY_BROAD,93.752,-0.3195024055713591,%,-0.0032001390429825683,1.0
20140620,DXY_BROAD,93.7591,0.007573171772334852,%,7.572885022158684e-05,1.0
20140623,DXY_BROAD,93.628,-0.13982642751477758,%,-0.0013992427588649314,3.0
20140624,DXY_BROAD,93.7093,0.08683299867560113,%,0.000867953206370424,1.0
20140625,DXY_BROAD,93.5851,-0.1325375389635841,%,-0.0013262544764300864,1.0
20140626,DXY_BROAD,93.5471,-0.04060475438931732,%,-0.0004061300035195654,1.0
20140627,DXY_BROAD,93.3983,-0.1590642574702983,%,-0.0015919089897238076,1.0
20140630,DXY_BROAD,93.2058,-0.2061065351296687,%,-0.0020631922694685817,3.0
20140701,DXY_BROAD,93.1365,-0.07435159614530562,%,-0.0007437925065311403,1.0
20140702,DXY_BROAD,93.2478,0.11950202122690268,%,0.0011943067439646221,1.0
20140703,DXY_BROAD,93.3149,0.0719588022451978,%,0.0007193292431265103,1.0
20140707,DXY_BROAD,93.3803,0.07008527041234558,%,0.0007006072215584005,4.0
20140708,DXY_BROAD,93.323,-0.06136197891848383,%,-0.0006138081308584044,1.0
20140709,DXY_BROAD,93.228,-0.10179698466615816,%,-0.0010184883298626462,1.0
20140710,DXY_BROAD,93.3152,0.09353413137684896,%,0.0009349041546559508,1.0
20140711,DXY_BROAD,93.4171,0.10919978738725966,%,0.0010914020778935065,1.0
20140714,DXY_BROAD,93.4101,-0.007493274785885795,%,-7.493555545746372e-05,3.0
20140715,DXY_BROAD,93.5796,0.18145789373953392,%,0.0018129345779481574,1.0
20140716,DXY_BROAD,93.5991,0.020837874921464383,%,0.0002083570413786638,1.0
20140717,DXY_BROAD,93.6586,0.06356898730863758,%,0.0006354879078659679,1.0
20140718,DXY_BROAD,93.6608,0.0023489567428702784,%,2.3489291553133915e-05,1.0
20140721,DXY_BROAD,93.6069,-0.05754808842119985,%,-0.0005756465368923947,3.0
20140722,DXY_BROAD,93.6306,0.025318646381844445,%,0.0002531544175347234,1.0
20140723,DXY_BROAD,93.5951,-0.0379149551535507,%,-0.0003792214469000262,1.0
20140724,DXY_BROAD,93.6836,0.09455623211043207,%,0.000945115558658418,1.0
20140725,DXY_BROAD,93.8294,0.15563022770261892,%,0.0015550924936671951,1.0
20140728,DXY_BROAD,93.83,0.0006394584213476051,%,6.394563768209578e-06,3.0
20140729,DXY_BROAD,94.0443,0.228391772354275,%,0.002281313547853713,1.0
20140730,DXY_BROAD,94.3473,0.32218858559209806,%,0.0032167067031310874,1.0
20140731,DXY_BROAD,94.4467,0.10535542617542415,%,0.0010529996629621116,1.0
20140801,DXY_BROAD,94.4754,0.03038750956887437,%,0.00030382893500300554,1.0
20140804,DXY_BROAD,94.448,-0.029002258789057045,%,-0.00029006465257464946,3.0
20140805,DXY_BROAD,94.6754,0.24076740640353034,%,0.0024047802607952405,1.0
20140806,DXY_BROAD,94.6092,-0.06992312681012303,%,-0.0006994758443012389,1.0
20140807,DXY_BROAD,94.6364,0.02874984673795211,%,0.000287457147614538,1.0
20140808,DXY_BROAD,94.6027,-0.03560997671085975,%,-0.0003561631856866723,1.0
20140811,DXY_BROAD,94.4767,-0.13318858764074237,%,-0.0013327736247418403,3.0
20140812,DXY_BROAD,94.5211,0.04699571428723459,%,0.0004698467476002878,1.0
20140813,DXY_BROAD,94.4681,-0.05607213627433216,%,-0.0005608786257565417,1.0
20140814,DXY_BROAD,94.3508,-0.1241688993427359,%,-0.001242460527942298,1.0
20140815,DXY_BROAD,94.2941,-0.06009487995862761,%,-0.0006011294416908676,1.0
20140818,DXY_BROAD,94.2519,-0.044753595399915636,%,-0.00044763612810300765,3.0
20140819,DXY_BROAD,94.4356,0.19490323271995624,%,0.001947135428038612,1.0
20140820,DXY_BROAD,94.5937,0.16741567798583823,%,0.0016727569415447023,1.0
20140821,DXY_BROAD,94.673,0.08383222138472757,%,0.0008379710180432843,1.0
20140822,DXY_BROAD,94.8012,0.135413475858992,%,0.0013532187449617234,1.0
20140825,DXY_BROAD,94.9159,0.1209900296620603,%,0.0012091689570958887,3.0
20140826,DXY_BROAD,94.8617,-0.057103182922979556,%,-0.0005711949299982346,1.0
20140827,DXY_BROAD,94.6863,-0.18490075552092256,%,-0.001850719079752109,1.0
20140828,DXY_BROAD,94.6947,0.008871399558318949,%,8.871006072939933e-05,1.0
20140829,DXY_BROAD,94.7251,0.03210316944877167,%,0.00032098017483928233,1.0
20140902,DXY_BROAD,95.063,0.3567164352426211,%,0.0035608171116231764,4.0
20140903,DXY_BROAD,94.8709,-0.2020765176777517,%,-0.002022809677495576,1.0
20140904,DXY_BROAD,95.2641,0.4144579634007828,%,0.0041360145215412385,1.0
20140905,DXY_BROAD,95.2203,-0.0459774458584139,%,-0.00045988018726933016,1.0
20140908,DXY_BROAD,95.4167,0.20625853940809957,%,0.002060461185233652,3.0
20140909,DXY_BROAD,95.8811,0.48670725355204336,%,0.004855266629292104,1.0
20140910,DXY_BROAD,95.8641,-0.017730293040041367,%,-0.00017731865042314282,1.0
20140911,DXY_BROAD,95.9184,0.05664268480067847,%,0.0005662664888713355,1.0
20140912,DXY_BROAD,96.0748,0.1630552636407545,%,0.0016292247287437564,1.0
20140915,DXY_BROAD,96.1195,0.04652624829821761,%,0.0004651542819530928,3.0
20140916,DXY_BROAD,95.8483,-0.28214878354548834,%,-0.0028254757352312045,1.0
20140917,DXY_BROAD,95.9106,0.06499854457513443,%,0.0006497742967024183,1.0
20140918,DXY_BROAD,96.1284,0.22708647427915896,%,0.0022682902263006996,1.0
20140919,DXY_BROAD,96.3417,0.22189072116045594,%,0.00221644907258106,1.0
20140922,DXY_BROAD,96.4625,0.12538703385969185,%,0.0012530848996743997,3.0
20140923,DXY_BROAD,96.5112,0.050485940132172225,%,0.0005047320026912982,1.0
20140924,DXY_BROAD,96.6574,0.15148500899375694,%,0.0015137038619697594,1.0
20140925,DXY_BROAD,96.8988,0.2497480792986284,%,0.0024943672707278372,1.0
20140926,DXY_BROAD,97.208,0.3190957989159804,%,0.003185877687199993,1.0
20140929,DXY_BROAD,97.3523,0.1484445724631689,%,0.0014833450242290292,3.0
20140930,DXY_BROAD,97.5261,0.1785268555545061,%,0.0017836768577611205,1.0
20141001,DXY_BROAD,97.5387,0.012919618440609959,%,0.00012918783929783008,1.0
20141002,DXY_BROAD,97.3062,-0.23836692512818614,%,-0.002386514713491473,1.0
20141003,DXY_BROAD,97.9846,0.6971806524147528,%,0.006947615851089427,1.0
20141006,DXY_BROAD,97.5513,-0.4422123476546358,%,-0.00443192998564231,3.0
20141007,DXY_BROAD,97.4459,-0.10804571543383545,%,-0.0010810412689479787,1.0
20141008,DXY_BROAD,97.4945,0.049873827426294426,%,0.0004986139456664057,1.0
20141009,DXY_BROAD,97.1711,-0.3317110195959816,%,-0.003322624002631951,1.0
20141010,DXY_BROAD,97.4144,0.2503830871524615,%,0.002500701509515023,1.0
20141014,DXY_BROAD,97.3943,-0.0206334997700508,%,-0.000206356287694777,4.0
20141015,DXY_BROAD,97.3532,-0.04219959484281777,%,-0.0004220850137761146,1.0
20141016,DXY_BROAD,97.2869,-0.06810253797512322,%,-0.0006812573828744884,1.0
20141017,DXY_BROAD,97.3067,0.020352174856030913,%,0.00020350104081884348,1.0
20141020,DXY_BROAD,97.2874,-0.01983419435660494,%,-0.00019836161593061785,3.0
20141021,DXY_BROAD,97.2488,-0.03967625817937748,%,-0.00039684131289265535,1.0
20141022,DXY_BROAD,97.459,0.21614662597380097,%,0.002159133652172314,1.0
20141023,DXY_BROAD,97.6047,0.14949876358263392,%,0.0014938712543232256,1.0
20141024,DXY_BROAD,97.4772,-0.1306289553679285,%,-0.0013071434936212042,1.0
20141027,DXY_BROAD,97.5423,0.06678484814910401,%,0.0006676255699358327,3.0
20141028,DXY_BROAD,97.2173,-0.33318878066234126,%,-0.0033374509053189934,1.0
20141029,DXY_BROAD,97.0145,-0.2086048470796853,%,-0.0020882273005317317,1.0
20141030,DXY_BROAD,97.456,0.45508661076436585,%,0.004540542226363415,1.0
20141031,DXY_BROAD,98.1163,0.6775365293055335,%,0.006752515657316802,1.0
20141103,DXY_BROAD,98.5336,0.4253115945057173,%,0.004244097010775235,3.0
20141104,DXY_BROAD,98.5576,0.024357173593569925,%,0.00024354207715635506,1.0
20141105,DXY_BROAD,98.8086,0.25467340925509063,%,0.0025434966607022534,1.0
20141106,DXY_BROAD,99.1325,0.32780547442226027,%,0.0032726936355797313,1.0
20141107,DXY_BROAD,99.0236,-0.10985297455424758,%,-0.0010991335715978244,1.0
20141110,DXY_BROAD,98.9305,-0.0940179916706807,%,-0.0009406221630605183,3.0
20141112,DXY_BROAD,98.8897,-0.041241073278708296,%,-0.0004124957974818746,2.0
20141113,DXY_BROAD,99.1045,0.2172117015220021,%,0.0021697613795835457,1.0
20141114,DXY_BROAD,99.0917,-0.012915659732903872,%,-0.0001291649387605972,1.0
20141117,DXY_BROAD,99.2188,0.1282650312791178,%,0.0012818284196046924,3.0
20141118,DXY_BROAD,99.0185,-0.20187706362100322,%,-0.0020208111002659435,1.0
20141119,DXY_BROAD,99.2424,0.22611936153345003,%,0.002258640964352666,1.0
20141120,DXY_BROAD,99.2554,0.01309923984103012,%,0.00013098381965524018,1.0
20141121,DXY_BROAD,99.2894,0.03425506320060556,%,0.00034249197493327435,1.0
20141124,DXY_BROAD,99.4227,0.13425400898787743,%,0.0013416396887253091,3.0
20141125,DXY_BROAD,99.2837,-0.13980710642540473,%,-0.0013990492774517463,1.0
20141126,DXY_BROAD,99.1893,-0.09508106567340802,%,-0.0009512629639149466,1.0
20141128,DXY_BROAD,100.0719,0.8898137198266376,%,0.008858782061442928,2.0
20141201,DXY_BROAD,99.8964,-0.17537390616146897,%,-0.0017552786622646518,3.0
20141202,DXY_BROAD,100.4478,0.5519718428291798,%,0.005504540608440908,1.0
20141203,DXY_BROAD,100.5696,0.1212570111042588,%,0.0012118355416567811,1.0
20141204,DXY_BROAD,100.3931,-0.17550035000635233,%,-0.0017565453229065383,1.0
20141205,DXY_BROAD,101.0989,0.7030363640529114,%,0.007005765854367028,1.0
20141208,DXY_BROAD,101.31,0.20880543705223964,%,0.002085877414869727,3.0
20141209,DXY_BROAD,100.8095,-0.4940282301845844,%,-0.004952525837450001,1.0
20141210,DXY_BROAD,101.0212,0.21000004959850216,%,0.0020977985770917647,1.0
20141211,DXY_BROAD,101.4448,0.41931792534637413,%,0.004184412376185292,1.0
20141212,DXY_BROAD,101.3735,-0.07028452912322125,%,-0.000703092402778158,1.0
20141215,DXY_BROAD,101.674,0.29642855381337707,%,0.0029599007068820725,3.0
20141216,DXY_BROAD,101.526,-0.1455632708460497,%,-0.0014566931709723418,1.0
20141217,DXY_BROAD,101.5527,0.02629868211099229,%,0.0002629522461375927,1.0
20141218,DXY_BROAD,101.7531,0.19733596447952806,%,0.001971415128384665,1.0
20141219,DXY_BROAD,102.0483,0.2901140112684386,%,0.0028969399272976135,1.0
20141222,DXY_BROAD,101.9942,-0.0530141119450267,%,-0.0005302816939386063,3.0
20141223,DXY_BROAD,102.348,0.3468824697874906,%,0.0034628222025467983,1.0
20141224,DXY_BROAD,102.3028,-0.04416305154960609,%,-0.0004417280629731885,1.0
20141229,DXY_BROAD,102.3767,0.07223653702537192,%,0.0007221045899678565,5.0
20141230,DXY_BROAD,102.1019,-0.26842045113780744,%,-0.002687813447836514,1.0
20141231,DXY_BROAD,102.2843,0.1786450594944755,%,0.0017848567899675857,1.0
20150102,DXY_BROAD,102.9027,0.6045893651322798,%,0.006027690568722428,2.0
20150105,DXY_BROAD,103.4976,0.578118941485517,%,0.0057645424679505725,3.0
20150106,DXY_BROAD,103.2938,-0.19691277865380163,%,-0.0019710690674966795,1.0
20150107,DXY_BROAD,103.6316,0.32702834051996366,%,0.0032649476581963284,1.0
20150108,DXY_BROAD,103.2799,-0.3393752484763368,%,-0.003399524325225788,1.0
20150109,DXY_BROAD,103.1213,-0.15356327804344483,%,-0.0015368130729379495,1.0
20150112,DXY_BROAD,103.2372,0.11239191127341286,%,0.0011232879884922784,3.0
20150113,DXY_BROAD,103.27,0.03177149322142192,%,0.0003176644715129392,1.0
20150114,DXY_BROAD,103.0903,-0.17400987702139714,%,-0.0017416145006813814,1.0
20150115,DXY_BROAD,103.0829,-0.007178172922184256,%,-7.178430565346215e-05,1.0
20150116,DXY_BROAD,103.2189,0.13193264838300411,%,0.0013184569373709946,1.0
20150120,DXY_BROAD,103.5233,0.2949072311369427,%,0.0029447323281431774,4.0
20150121,DXY_BROAD,103.7858,0.25356610540814284,%,0.0025324516896862064,1.0
20150122,DXY_BROAD,103.9271,0.13614579258434123,%,0.0013605319823283024,1.0
20150123,DXY_BROAD,104.3676,0.4238547982191365,%,0.004229590639523907,1.0
20150126,DXY_BROAD,104.4818,0.10942093140018372,%,0.0010936111033291052,3.0
20150127,DXY_BROAD,104.1646,-0.3035935445216409,%,-0.003040553245828256,1.0
20150128,DXY_BROAD,104.4737,0.29674188735904217,%,0.002963024776809042,1.0
20150129,DXY_BROAD,105.2763,0.768231621929738,%,0.007652957494189208,1.0
20150130,DXY_BROAD,105.5884,0.2964579872202888,%,0.0029601941709965713,1.0
20150202,DXY_BROAD,105.2058,-0.36235040970409305,%,-0.0036300848898408898,3.0
20150203,DXY_BROAD,104.6063,-0.5698355033657787,%,-0.005714652601075963,1.0
20150204,DXY_BROAD,104.785,0.17083101113413157,%,0.0017068526092972912,1.0
20150205,DXY_BROAD,104.4915,-0.2800973421768327,%,-0.0028049034882130074,1.0
20150206,DXY_BROAD,105.1283,0.6094275610934785,%,0.006075780617676672,1.0
20150209,DXY_BROAD,104.9889,-0.13259988033669234,%,-0.0013268787177097782,3.0
20150210,DXY_BROAD,105.2897,0.28650647830388287,%,0.0028609683075132204,1.0
20150211,DXY_BROAD,105.7901,0.47526016314987096,%,0.004741343675992021,1.0
20150212,DXY_BROAD,104.9385,-0.8049902590128832,%,-0.008082477992976542,1.0
20150213,DXY_BROAD,104.8452,-0.08890921825640552,%,-0.0008894876594462489,1.0
20150218,DXY_BROAD,105.2514,0.3874283228989084,%,0.0038667975219898493,5.0
20150219,DXY_BROAD,105.1407,-0.10517674824278567,%,-0.0010523209779795199,1.0
20150220,DXY_BROAD,105.3387,0.18831908100289674,%,0.0018814198292633737,1.0
20150223,DXY_BROAD,105.5359,0.187205651863942,%,0.0018703064047026587,3.0
20150224,DXY_BROAD,105.5472,0.010707256961861589,%,0.00010706683776017974,1.0
20150225,DXY_BROAD,105.0503,-0.4707846347416278,%,-0.004718963160586769,1.0
20150226,DXY_BROAD,105.5021,0.4300796856363087,%,0.0042915748613930145,1.0
20150227,DXY_BROAD,105.5981,0.09099344941949639,%,0.0009095207547679294,1.0
20150302,DXY_BROAD,105.8151,0.20549612161582242,%,0.002052852671515778,3.0
20150303,DXY_BROAD,105.5562,-0.24467207421247084,%,-0.0024497188546808817,1.0
20150304,DXY_BROAD,106.1333,0.5467229779018146,%,0.0054523387288291465,1.0
20150306,DXY_BROAD,107.4337,1.225251641096614,%,0.012178061885024339,2.0
20150309,DXY_BROAD,107.5199,0.08023553130909189,%,0.0008020335981416609,3.0
20150310,DXY_BROAD,108.1165,0.554874027970631,%,0.005533402730255669,1.0
20150311,DXY_BROAD,108.5235,0.3764457783964392,%,0.003757389944928619,1.0
20150312,DXY_BROAD,108.1741,-0.32195791694886733,%,-0.003224773165820796,1.0
20150313,DXY_BROAD,108.9174,0.6871330568038125,%,0.006847830565590129,1.0
20150316,DXY_BROAD,108.6422,-0.2526685359731329,%,-0.002529882816298253,3.0
20150317,DXY_BROAD,108.5805,-0.05679192799851185,%,-0.0005680806072228653,1.0
20150318,DXY_BROAD,108.408,-0.15886830508240468,%,-0.0015899463459029743,1.0
20150319,DXY_BROAD,108.1826,-0.20791823481662863,%,-0.0020813468485658495,1.0
20150320,DXY_BROAD,107.1671,-0.9386906951764806,%,-0.009431241624578927,1.0
20150323,DXY_BROAD,106.5022,-0.6204329500378414,%,-0.0062236563341515035,3.0
20150324,DXY_BROAD,106.4401,-0.05830865465690227,%,-0.0005832566076395123,1.0
20150325,DXY_BROAD,106.2636,-0.16582096409154534,%,-0.0016595859922518721,1.0
20150326,DXY_BROAD,106.5582,0.2772351021422148,%,0.0027685151442922566,1.0
20150327,DXY_BROAD,106.8916,0.31288066052166386,%,0.00312392207567701,1.0
20150330,DXY_BROAD,107.3941,0.4701024215186145,%,0.0046900089095057735,3.0
20150331,DXY_BROAD,107.4396,0.04236731813014316,%,0.0004235834571607348,1.0
20150401,DXY_BROAD,107.06,-0.3533147926835123,%,-0.00353940423462583,1.0
20150402,DXY_BROAD,106.6738,-0.36073229964506126,%,-0.003613845075605834,1.0
20150403,DXY_BROAD,105.8861,-0.7384193682047568,%,-0.007411591798872559,1.0
20150406,DXY_BROAD,105.7876,-0.0930244857445861,%,-0.0009306778037114457,3.0
20150407,DXY_BROAD,106.4488,0.6250259954853066,%,0.006230808090829354,1.0
20150408,DXY_BROAD,106.4231,-0.024143062204551313,%,-0.00024145977110988934,1.0
20150409,DXY_BROAD,107.0335,0.5735596876993876,%,0.005719210966687638,1.0
20150410,DXY_BROAD,107.4526,0.39155965188468755,%,0.003907950523387397,1.0
20150413,DXY_BROAD,107.7508,0.2775177147877228,%,0.002771333453422693,3.0
20150414,DXY_BROAD,107.0547,-0.6460276861053438,%,-0.006481234760932823,1.0
20150415,DXY_BROAD,107.1855,0.12218053014021457,%,0.0012210595047219587,1.0
20150416,DXY_BROAD,106.2761,-0.8484356559422701,%,-0.008520553597000437,1.0
20150417,DXY_BROAD,106.329,0.04977600796416404,%,0.0004976362381870486,1.0
20150420,DXY_BROAD,106.4902,0.15160492433861084,%,0.0015149012009113986,3.0
20150421,DXY_BROAD,106.5582,0.0638556411763691,%,0.0006383526213680164,1.0
20150422,DXY_BROAD,106.5815,0.021865984973468144,%,0.00021863594715403143,1.0
20150423,DXY_BROAD,106.1658,-0.3900301647096316,%,-0.003907927659188922,1.0
20150424,DXY_BROAD,105.905,-0.24565349670044867,%,-0.002459557199520992,1.0
20150427,DXY_BROAD,105.6891,-0.20386195174921795,%,-0.002040700330732675,3.0
20150428,DXY_BROAD,105.1234,-0.5352491411129368,%,-0.0053668673141606645,1.0
20150429,DXY_BROAD,104.5634,-0.5327072754496176,%,-0.00534131219877885,1.0
20150430,DXY_BROAD,105.312,0.7159292830952291,%,0.007133786758639894,1.0
20150501,DXY_BROAD,105.6382,0.3097462777271298,%,0.0030926755224579276,1.0
20150504,DXY_BROAD,105.6679,0.028114829673353547,%,0.00028110878195732525,3.0
20150505,DXY_BROAD,105.2396,-0.40532649934370557,%,-0.00406150173666001,1.0
20150506,DXY_BROAD,104.6935,-0.518911132311406,%,-0.00520262151881542,1.0
20150507,DXY_BROAD,105.1941,0.47815766976937457,%,0.004770181270803308,1.0
20150508,DXY_BROAD,104.8424,-0.3343343400437959,%,-0.0033489448615413,1.0
20150511,DXY_BROAD,105.3075,0.44361823079213103,%,0.004426371455638565,3.0
20150512,DXY_BROAD,104.8924,-0.3941789521164307,%,-0.00394957884947867,1.0
20150513,DXY_BROAD,104.3608,-0.5068050688133763,%,-0.005080936813819023,1.0
20150514,DXY_BROAD,104.2359,-0.11968095300151083,%,-0.0011975262784720035,1.0
20150515,DXY_BROAD,104.0202,-0.20693446307845642,%,-0.002071488682750624,1.0
20150518,DXY_BROAD,104.6068,0.5639289291887506,%,0.005623448027772347,3.0
20150519,DXY_BROAD,105.3448,0.7054990688941887,%,0.007030220675371572,1.0
20150520,DXY_BROAD,105.5605,0.20475619109818766,%,0.0020454685131795713,1.0
20150521,DXY_BROAD,105.3808,-0.1702341311380806,%,-0.0017037919408958177,1.0
20150522,DXY_BROAD,105.8487,0.4440087757921818,%,0.004430259649310527,1.0
20150526,DXY_BROAD,106.7294,0.8320366712109006,%,0.008285943272946093,4.0
20150527,DXY_BROAD,106.908,0.16733908370138995,%,0.0016719922785730736,1.0
20150528,DXY_BROAD,106.92,0.011224604332693566,%,0.00011223974421117719,1.0
20150529,DXY_BROAD,106.7388,-0.16947250280584525,%,-0.0016961626990530975,1.0
20150601,DXY_BROAD,107.2238,0.45438022537258593,%,0.004533510348743044,3.0
20150602,DXY_BROAD,106.4507,-0.721015296976979,%,-0.007236271745330786,1.0
20150603,DXY_BROAD,106.1443,-0.2878327714143647,%,-0.002882478065319058,1.0
20150604,DXY_BROAD,106.4725,0.30920171879225133,%,0.003087246733798451,1.0
20150605,DXY_BROAD,107.1336,0.6209115029702561,%,0.006189917898791014,1.0
20150608,DXY_BROAD,106.7693,-0.340042713023736,%,-0.003406221722359344,3.0
20150609,DXY_BROAD,106.2238,-0.5109146543060605,%,-0.005122242858634171,1.0
20150610,DXY_BROAD,105.8037,-0.39548575742911485,%,-0.003962698704036392,1.0
20150611,DXY_BROAD,106.0934,0.2738089499705554,%,0.00273434776123837,1.0
20150612,DXY_BROAD,105.9015,-0.18087835812595765,%,-0.0018104214055592752,1.0
20150615,DXY_BROAD,105.9989,0.091972257239048,%,0.0009192998867345697,3.0
20150616,DXY_BROAD,106.0473,0.04566085119750429,%,0.0004565042980305482,1.0
20150617,DXY_BROAD,106.058,0.010089837270732538,%,0.00010089328280888999,1.0
20150618,DXY_BROAD,105.102,-0.9013935770993298,%,-0.009054807083005708,1.0
20150619,DXY_BROAD,105.4496,0.33072634202964135,%,0.0033018064530726766,1.0
20150622,DXY_BROAD,105.3846,-0.06164082177646524,%,-0.0006165982754161949,3.0
20150623,DXY_BROAD,105.9678,0.5534015406425619,%,0.005518759003398262,1.0
20150624,DXY_BROAD,106.2522,0.2683834145844388,%,0.002680239093895415,1.0
20150625,DXY_BROAD,106.1515,-0.09477450819842526,%,-0.0009481944763177481,1.0
20150626,DXY_BROAD,106.4116,0.24502715458567526,%,0.002447274525210469,1.0
20150629,DXY_BROAD,106.3785,-0.03110563134094413,%,-0.00031110470145902957,3.0
20150630,DXY_BROAD,106.5191,0.13216956433865779,%,0.0013208229725518992,1.0
20150701,DXY_BROAD,107.0101,0.46095019578649143,%,0.004598910738075957,1.0
20150702,DXY_BROAD,106.9106,-0.09298187741156871,%,-0.0009302513237413308,1.0
20150706,DXY_BROAD,107.1343,0.2092402437176455,%,0.0020902164120286866,4.0
20150707,DXY_BROAD,107.785,0.6073685084982072,%,0.006055314606532841,1.0
20150708,DXY_BROAD,107.4734,-0.28909402978151144,%,-0.0028951271369328144,1.0
20150709,DXY_BROAD,107.5595,0.08011284652760242,%,0.0008008077331540771,1.0
20150710,DXY_BROAD,107.213,-0.32214727662364107,%,-0.0032266728806494716,1.0
20150713,DXY_BROAD,107.5849,0.346879576170811,%,0.0034627933664070987,3.0
20150714,DXY_BROAD,107.4843,-0.09350754613333123,%,-0.0009355129171165455,1.0
20150715,DXY_BROAD,108.0149,0.4936534917192592,%,0.0049243901809090255,1.0
20150716,DXY_BROAD,108.1726,0.14599837614996947,%,0.0014589190214172724,1.0
20150717,DXY_BROAD,108.5374,0.3372388201818177,%,0.003366714453203125,1.0
20150720,DXY_BROAD,108.6944,0.14465059970112382,%,0.0014454608149981748,3.0
20150721,DXY_BROAD,108.3893,-0.2806952336090851,%,-0.002810899214329011,1.0
20150722,DXY_BROAD,108.7817,0.36202835519740795,%,0.003613746099013695,1.0
20150723,DXY_BROAD,108.7565,-0.02316566113601537,%,-0.00023168344789760136,1.0
20150724,DXY_BROAD,109.0174,0.23989370750252537,%,0.002396064219096694,1.0
20150727,DXY_BROAD,108.6924,-0.29811754820788794,%,-0.0029856280371402697,3.0
20150728,DXY_BROAD,108.6881,-0.003956118367065553,%,-3.9561966234921754e-05,1.0
20150729,DXY_BROAD,108.604,-0.07737737618009888,%,-0.000774073279234002,1.0
20150730,DXY_BROAD,109.4328,0.7631394792088741,%,0.007602423002272393,1.0
20150731,DXY_BROAD,108.7819,-0.5947942481596025,%,-0.005965701948017818,1.0
20150803,DXY_BROAD,109.214,0.3972168164005252,%,0.003964299933118753,3.0
20150804,DXY_BROAD,109.2244,0.009522588679100608,%,9.52213530940631e-05,1.0
20150805,DXY_BROAD,109.842,0.5654414215138681,%,0.00563848802240375,1.0
20150806,DXY_BROAD,109.722,-0.1092478286994103,%,-0.001093075476381793,1.0
20150807,DXY_BROAD,109.4376,-0.2592005249630769,%,-0.0025953703113339725,1.0
20150810,DXY_BROAD,109.1931,-0.223414987170778,%,-0.0022366493079697997,3.0
20150811,DXY_BROAD,109.9464,0.6898787560752462,%,0.006875099807961796,1.0
20150812,DXY_BROAD,109.4655,-0.4373949488114093,%,-0.00438354319030951,1.0
20150813,DXY_BROAD,109.9025,0.3992125372834332,%,0.003984177984629903,1.0
20150814,DXY_BROAD,109.9174,0.013557471395087006,%,0.00013556552452989798,1.0
20150817,DXY_BROAD,110.1435,0.20569991648273778,%,0.0020548864387996846,3.0
20150818,DXY_BROAD,110.2504,0.09705520525495892,%,0.0009700813714286349,1.0
20150819,DXY_BROAD,110.4333,0.1658950897230227,%,0.00165757635817574,1.0
20150820,DXY_BROAD,110.1077,-0.2948386039355988,%,-0.0029527410918316933,1.0
20150821,DXY_BROAD,110.1443,0.033240182112614924,%,0.00033234658788022065,1.0
20150824,DXY_BROAD,109.9306,-0.19401821065638813,%,-0.0019420666978953124,3.0
20150825,DXY_BROAD,110.3394,0.3718709804185538,%,0.0037118124969824566,1.0
20150826,DXY_BROAD,110.5807,0.21868888175937684,%,0.0021845010567881065,1.0
20150827,DXY_BROAD,110.4834,-0.08799003804460526,%,-0.0008802877200159654,1.0
20150828,DXY_BROAD,110.6714,0.17016130930076478,%,0.0017001669896883184,1.0
20150831,DXY_BROAD,110.5621,-0.0987608361329162,%,-0.0009880963677994835,3.0
20150901,DXY_BROAD,110.4506,-0.10084830154275526,%,-0.0010089918765710697,1.0
20150902,DXY_BROAD,110.7979,0.3144392153596298,%,0.003139458891290771,1.0
20150903,DXY_BROAD,110.8566,0.052979343471304396,%,0.0005296531437192894,1.0
20150904,DXY_BROAD,111.1018,0.2211866501408144,%,0.002209423925802454,1.0
20150908,DXY_BROAD,110.7942,-0.27686320113624596,%,-0.002772471761844612,4.0
20150909,DXY_BROAD,110.9225,0.11580028557451882,%,0.0011573328876050301,1.0
20150910,DXY_BROAD,110.6331,-0.260902882643288,%,-0.002612438273663339,1.0
20150911,DXY_BROAD,110.6109,-0.020066327346879298,%,-0.00020068340903714368,1.0
20150914,DXY_BROAD,110.5005,-0.099809331630063,%,-0.0009985917431132318,3.0
20150915,DXY_BROAD,110.6394,0.1257007886842132,%,0.0012562185138578056,1.0
20150916,DXY_BROAD,110.1021,-0.48563170082267515,%,-0.004868147232087551,1.0
20150917,DXY_BROAD,110.1212,0.01734753469735395,%,0.00017346030186548078,1.0
20150918,DXY_BROAD,109.8165,-0.276695132272442,%,-0.0027707864084996277,1.0
20150921,DXY_BROAD,110.6414,0.7511621659768819,%,0.007483549918344233,3.0
20150922,DXY_BROAD,111.1967,0.5018916969597331,%,0.005006364189212083,1.0
20150923,DXY_BROAD,111.6287,0.3885007378815919,%,0.0038774802267115796,1.0
20150924,DXY_BROAD,111.4454,-0.16420508345971196,%,-0.0016434004777262532,1.0
20150925,DXY_BROAD,111.3725,-0.06541319785294819,%,-0.0006543460161964942,1.0
20150928,DXY_BROAD,111.3914,0.016970077891764745,%,0.00016968638136929191,3.0
20150929,DXY_BROAD,111.5219,0.11715446614370961,%,0.0011708589385079954,1.0
20150930,DXY_BROAD,111.3311,-0.17108747250539347,%,-0.0017123399426573443,1.0
20151001,DXY_BROAD,111.0439,-0.2579692466884942,%,-0.002583025607048507,1.0
20151002,DXY_BROAD,110.7006,-0.3091570090747897,%,-0.0030963588659974448,1.0
20151005,DXY_BROAD,110.4445,-0.23134472622550195,%,-0.0023161274157663956,3.0
20151006,DXY_BROAD,110.1371,-0.278329839874325,%,-0.0027871789759402596,1.0
20151007,DXY_BROAD,109.8162,-0.2913641270743561,%,-0.0029178941864602707,1.0
20151008,DXY_BROAD,109.6452,-0.15571473061350982,%,-0.0015583609200156068,1.0
20151009,DXY_BROAD,109.0782,-0.517122500574585,%,-0.0051846420648516914,1.0
20151013,DXY_BROAD,109.4119,0.3059273071979618,%,0.00305460301833713,4.0
20151014,DXY_BROAD,109.1244,-0.26276849227553356,%,-0.0026311433465425016,1.0
20151015,DXY_BROAD,108.6671,-0.4190630143212637,%,-0.004199435442155337,1.0
20151016,DXY_BROAD,108.9956,0.3022994080084773,%,0.003018434021189966,1.0
20151019,DXY_BROAD,109.3858,0.3579961025949707,%,0.0035735682182678947,3.0
20151020,DXY_BROAD,109.3368,-0.04479557675677315,%,-0.00044805612972557084,1.0
20151021,DXY_BROAD,109.7746,0.40041413321041386,%,0.0039961460938034,1.0
20151022,DXY_BROAD,110.0342,0.23648457839973158,%,0.0023620539368652323,1.0
20151023,DXY_BROAD,110.4329,0.3623418900669195,%,0.0036168701329227686,1.0
20151026,DXY_BROAD,110.2089,-0.20283810349995823,%,-0.0020304409858593543,3.0
20151027,DXY_BROAD,110.4875,0.2527926510472289,%,0.0025247366788933843,1.0
20151028,DXY_BROAD,110.2334,-0.22998076705509352,%,-0.002302456289867604,1.0
20151029,DXY_BROAD,110.8083,0.5215297722831691,%,0.005201745157682089,1.0
20151030,DXY_BROAD,110.2079,-0.5418366674698638,%,-0.005433099265226857,1.0
20151102,DXY_BROAD,110.2188,0.009890398056766614,%,9.889908989144898e-05,3.0
20151103,DXY_BROAD,110.244,0.022863613104107117,%,0.0002286099977841244,1.0
20151104,DXY_BROAD,110.7139,0.42623634846339353,%,0.0042533053436674,1.0
20151105,DXY_BROAD,110.8302,0.1050455272553874,%,0.0010499039304870633,1.0
20151106,DXY_BROAD,111.7603,0.8392116950073136,%,0.008357098917169717,1.0
20151109,DXY_BROAD,111.9112,0.13502111214804824,%,0.001349300406124027,3.0
20151110,DXY_BROAD,111.9919,0.07211074494779535,%,0.0007208475764245325,1.0
20151112,DXY_BROAD,111.7965,-0.17447690413324723,%,-0.0017462929236426842,2.0
20151113,DXY_BROAD,112.0264,0.20564150040476292,%,0.002054303477001596,1.0
20151116,DXY_BROAD,112.2199,0.17272714288774083,%,0.0017257814111129018,3.0
20151117,DXY_BROAD,112.3141,0.08394233108388605,%,0.0008390711921287949,1.0
20151118,DXY_BROAD,112.3663,0.04647680033049717,%,0.0004646600321095995,1.0
20151119,DXY_BROAD,111.5749,-0.7043036924771928,%,-0.00706795618310307,1.0
20151120,DXY_BROAD,111.7799,0.1837330797518133,%,0.0018356449699211642,1.0
20151123,DXY_BROAD,112.1125,0.2975490226776012,%,0.0029710722173907416,3.0
20151124,DXY_BROAD,111.7638,-0.3110268703311325,%,-0.0031151156418113683,1.0
20151125,DXY_BROAD,111.8936,0.1161377834325572,%,0.001160703956789032,1.0
20151127,DXY_BROAD,112.2824,0.3474729564514778,%,0.003468706639732237,2.0
20151130,DXY_BROAD,112.34,0.05129922409923271,%,0.0005128607054552187,3.0
20151201,DXY_BROAD,112.1134,-0.20170909738295162,%,-0.0020191280415894773,1.0
20151202,DXY_BROAD,112.3715,0.23021333756714224,%,0.0022994875265853172,1.0
20151203,DXY_BROAD,111.6407,-0.6503428360393859,%,-0.006524667786751824,1.0
20151204,DXY_BROAD,111.5463,-0.08455697608488189,%,-0.000845927456611078,1.0
20151207,DXY_BROAD,112.3056,0.6807038870854543,%,0.0067839755843963415,3.0
20151208,DXY_BROAD,112.5485,0.21628485133422526,%,0.0021605129235747066,1.0
20151209,DXY_BROAD,112.1918,-0.31693003460731006,%,-0.0031743332150103143,1.0
20151210,DXY_BROAD,112.2672,0.06720633771808426,%,0.0006718376437218338,1.0
20151211,DXY_BROAD,112.7147,0.39860261946498277,%,0.003978103039860447,1.0
20151214,DXY_BROAD,112.7521,0.033181120120096,%,0.0003317561640386335,3.0
20151215,DXY_BROAD,112.8609,0.09649487681382407,%,0.000964483504355429,1.0
20151216,DXY_BROAD,112.9864,0.11119882970984651,%,0.0011113704960612903,1.0
20151217,DXY_BROAD,113.8177,0.7357522675295325,%,0.007330588138958002,1.0
20151218,DXY_BROAD,113.2837,-0.4691713151820931,%,-0.004702753784493551,1.0
20151221,DXY_BROAD,113.4144,0.11537405646178112,%,0.001153075517451367,3.0
20151222,DXY_BROAD,113.211,-0.17934230573896093,%,-0.001795033165879439,1.0
20151223,DXY_BROAD,113.1847,-0.023230958122433254,%,-0.0002323365692748996,1.0
20151224,DXY_BROAD,113.0496,-0.11936242265960795,%,-0.0011943371633687738,1.0
20151228,DXY_BROAD,113.0461,-0.0030959861865964555,%,-3.0960341132379975e-05,4.0
20151229,DXY_BROAD,113.1664,0.10641676271891942,%,0.0010636018022059906,1.0
20151230,DXY_BROAD,113.4707,0.26889606809088473,%,0.0026853518939470517,1.0
20151231,DXY_BROAD,113.3429,-0.11262819388616618,%,-0.001126916671000886,1.0
20160104,DXY_BROAD,114.1595,0.7204685957391099,%,0.007178856196859095,4.0
20160105,DXY_BROAD,114.2649,0.0923269635904278,%,0.0009228436846523962,1.0
20160106,DXY_BROAD,114.6177,0.3087562322287907,%,0.003082805590363324,1.0
20160107,DXY_BROAD,114.6516,0.029576583721357963,%,0.00029572210712071415,1.0
20160108,DXY_BROAD,115.0095,0.31216310980395345,%,0.0031167689236653905,1.0
20160111,DXY_BROAD,115.0139,0.0038257709145783636,%,3.825697733829389e-05,3.0
20160112,DXY_BROAD,115.3128,0.25988163169841094,%,0.0025954452331480573,1.0
20160113,DXY_BROAD,115.1425,-0.14768525263456622,%,-0.0014779441479464063,1.0
20160114,DXY_BROAD,115.3846,0.21026119808065236,%,0.0021004045858907215,1.0
20160115,DXY_BROAD,115.7404,0.30836004111465254,%,0.003078855866416551,1.0
20160119,DXY_BROAD,115.8155,0.06488659102612537,%,0.0006486554877955605,4.0
20160120,DXY_BROAD,116.3498,0.46133721306733655,%,0.004602763145748959,1.0
20160121,DXY_BROAD,115.9833,-0.3149983927776434,%,-0.0031549555702902713,1.0
20160127,DXY_BROAD,115.5087,-0.40919684126938805,%,-0.0041003634246814516,6.0
20160128,DXY_BROAD,115.2224,-0.2478601178958928,%,-0.002481677996047591,1.0
20160129,DXY_BROAD,115.5731,0.30436790068597563,%,0.0030390563933705337,1.0
20160201,DXY_BROAD,115.3331,-0.20766077919515125,%,-0.002078766931554235,3.0
20160202,DXY_BROAD,115.553,0.19066512562309068,%,0.0019048359038541297,1.0
20160203,DXY_BROAD,114.6144,-0.8122679636184182,%,-0.008155848332992984,1.0
20160204,DXY_BROAD,113.6012,-0.8840075941591974,%,-0.00887938122550123,1.0
20160205,DXY_BROAD,114.2935,0.6094125766276992,%,0.006075631680670882,1.0
20160208,DXY_BROAD,114.4351,0.12389155988750122,%,0.0012381487762314547,3.0
20160209,DXY_BROAD,114.127,-0.26923557544844545,%,-0.00269598666283444,1.0
20160210,DXY_BROAD,114.2877,0.14080804717551132,%,0.0014070900560619632,1.0
20160211,DXY_BROAD,114.1845,-0.09029843106476143,%,-0.0009033922465718998,1.0
20160212,DXY_BROAD,114.2992,0.10045146232631197,%,0.0010040104360629731,1.0
20160216,DXY_BROAD,114.4905,0.1673677506054183,%,0.0016722784686644598,4.0
20160217,DXY_BROAD,113.8634,-0.5477310344526365,%,-0.005492365809634795,1.0
20160218,DXY_BROAD,113.8897,0.023097852338871405,%,0.00023095185195652027,1.0
20160219,DXY_BROAD,113.9558,0.05803861104207719,%,0.0005802177515411411,1.0
20160222,DXY_BROAD,113.8232,-0.11636090484204997,%,-0.0011642865670581566,3.0
20160223,DXY_BROAD,114.177,0.31083294091187597,%,0.0031035085405758996,1.0
20160224,DXY_BROAD,114.1716,-0.0047294989358737105,%,-4.729610780201097e-05,1.0
20160225,DXY_BROAD,113.9222,-0.21844311545077266,%,-0.0021868205044565775,1.0
20160226,DXY_BROAD,114.3708,0.3937775078079575,%,0.003930042335018006,1.0
20160229,DXY_BROAD,114.2418,-0.11279102708033895,%,-0.0011285468403000813,3.0
20160301,DXY_BROAD,113.9265,-0.2759935505217803,%,-0.0027637511494527033,1.0
20160302,DXY_BROAD,113.7965,-0.11410865777498058,%,-0.0011417381127244684,1.0
20160303,DXY_BROAD,113.2482,-0.4818250121928158,%,-0.004829895310392167,1.0
20160304,DXY_BROAD,112.6387,-0.5381983996213591,%,-0.005396519047146308,1.0
20160307,DXY_BROAD,112.6219,-0.014914944863531066,%,-0.0001491605725204194,3.0
20160308,DXY_BROAD,112.8465,0.19942835274489035,%,0.0019922975839728814,1.0
20160309,DXY_BROAD,112.4268,-0.3719211495261332,%,-0.0037261449590187613,1.0
20160310,DXY_BROAD,112.4191,-0.006848900795897173,%,-6.849135343817097e-05,1.0
20160311,DXY_BROAD,111.741,-0.6031893156945745,%,-0.006050158511290742,1.0
20160314,DXY_BROAD,112.1688,0.3828496254731917,%,0.0038211862146459614,3.0
20160315,DXY_BROAD,112.5545,0.34385675874217814,%,0.003432669231291894,1.0
20160316,DXY_BROAD,112.7759,0.19670470749724167,%,0.001965114971152727,1.0
20160317,DXY_BROAD,110.445,-2.0668422952066834,%,-0.020885004265956107,1.0
20160318,DXY_BROAD,110.4002,-0.04056317624155925,%,-0.00040571405323286457,1.0
20160321,DXY_BROAD,110.737,0.3050719111016065,%,0.003046075110099858,3.0
20160322,DXY_BROAD,110.7877,0.045784155250738756,%,0.00045773677504355097,1.0
20160323,DXY_BROAD,111.5473,0.6856356797731111,%,0.006832958872261148,1.0
20160324,DXY_BROAD,111.816,0.24088436026690196,%,0.002405946989643901,1.0
20160325,DXY_BROAD,111.7698,-0.04131787937325937,%,-0.0004132641756098529,1.0
20160328,DXY_BROAD,111.3578,-0.36861477787381025,%,-0.0036929583631597892,3.0
20160329,DXY_BROAD,111.3736,0.014188498695189011,%,0.00014187492222913974,1.0
20160330,DXY_BROAD,110.2301,-1.0267244661212427,%,-0.010320316397203636,1.0
20160331,DXY_BROAD,109.9191,-0.2821370932258871,%,-0.0028253585012678432,1.0
20160401,DXY_BROAD,110.2977,0.3444351345671448,%,0.003438433153237831,1.0
20160404,DXY_BROAD,110.3987,0.091570359128057,%,0.0009152845905145228,3.0
20160405,DXY_BROAD,110.9478,0.49737904522426657,%,0.004961462018974729,1.0
20160406,DXY_BROAD,110.5347,-0.37233726130666556,%,-0.0037303216193971703,1.0
20160407,DXY_BROAD,110.8876,0.31926625756437677,%,0.003187576850277774,1.0
20160408,DXY_BROAD,110.4213,-0.4205159098041644,%,-0.0042140256451191375,1.0
20160411,DXY_BROAD,109.9758,-0.40345476823764326,%,-0.004042708427215664,3.0
20160412,DXY_BROAD,109.816,-0.14530469430548143,%,-0.0014541036395079188,1.0
20160413,DXY_BROAD,110.1436,0.2983171851096422,%,0.0029787310235921526,1.0
20160414,DXY_BROAD,110.1691,0.023151594827108823,%,0.00023148915258960827,1.0
20160415,DXY_BROAD,110.1933,0.021966231910752754,%,0.0002196381968727424,1.0
20160418,DXY_BROAD,109.9892,-0.18521997253916345,%,-0.0018539171683288828,3.0
20160419,DXY_BROAD,109.2782,-0.6464271037520009,%,-0.006485254916747592,1.0
20160420,DXY_BROAD,109.3926,0.10468693664427153,%,0.0010463217808412571,1.0
20160421,DXY_BROAD,109.8533,0.4211436605401131,%,0.0042025933261728874,1.0
20160422,DXY_BROAD,110.2331,0.3457338104544849,%,0.00345137525094182,1.0
20160425,DXY_BROAD,110.1865,-0.0422740538005395,%,-0.00042282991797721074,3.0
20160426,DXY_BROAD,109.7496,-0.39650955425573065,%,-0.0039729773756010875,1.0
20160427,DXY_BROAD,109.8483,0.08993199064051272,%,0.000898915760544227,1.0
20160428,DXY_BROAD,109.2148,-0.5767044187301895,%,-0.005783737799437126,1.0
20160429,DXY_BROAD,108.8274,-0.3547138299937358,%,-0.0035534443116101424,1.0
20160502,DXY_BROAD,108.671,-0.14371380736836192,%,-0.0014381717470779926,3.0
20160503,DXY_BROAD,109.3613,0.6352200679113906,%,0.00633211048545716,1.0
20160504,DXY_BROAD,109.9952,0.5796383181253306,%,0.005779648787095716,1.0
20160505,DXY_BROAD,110.2417,0.2241006880300267,%,0.0022384995696164323,1.0
20160506,DXY_BROAD,110.3801,0.12554233107799906,%,0.0012546359258673839,1.0
20160509,DXY_BROAD,110.9466,0.5132265689195892,%,0.0051191405024531315,3.0
20160510,DXY_BROAD,110.8225,-0.11185561342123007,%,-0.0011191821850171804,1.0
20160511,DXY_BROAD,110.2806,-0.4889801258769588,%,-0.004901795452400871,1.0
20160512,DXY_BROAD,110.6935,0.37440855417905095,%,0.003737093899621801,1.0
20160513,DXY_BROAD,111.2521,0.5046366769503097,%,0.005033676535860257,1.0
20160516,DXY_BROAD,111.1217,-0.11721127061871117,%,-0.001172800167525731,3.0
20160517,DXY_BROAD,111.0867,-0.031496998336066895,%,-0.000315019596823986,1.0
20160518,DXY_BROAD,111.4995,0.3716016408805034,%,0.003709129076848954,1.0
20160519,DXY_BROAD,112.2331,0.657940170135296,%,0.006557851909492831,1.0
20160520,DXY_BROAD,112.1822,-0.04535203963892398,%,-0.0004536232678682621,1.0
20160523,DXY_BROAD,112.284,0.0907452340924042,%,0.0009070408549656329,3.0
20160524,DXY_BROAD,112.2912,0.006412311638337442,%,6.412106058422942e-05,1.0
20160525,DXY_BROAD,112.2001,-0.08112835199908242,%,-0.000811612788564552,1.0
20160526,DXY_BROAD,111.8979,-0.2693402234044351,%,-0.0026970359680463,1.0
20160527,DXY_BROAD,112.0822,0.16470371651300386,%,0.0016456822869042294,1.0
20160531,DXY_BROAD,112.4276,0.3081666848081088,%,0.0030769282455001754,4.0
20160601,DXY_BROAD,112.462,0.03059746894891191,%,0.0003059278887801267,1.0
20160602,DXY_BROAD,112.4564,-0.004979459728615687,%,-4.979583707827312e-05,1.0
20160603,DXY_BROAD,111.4451,-0.8992818550122572,%,-0.00903349800849946,1.0
20160606,DXY_BROAD,111.2295,-0.1934584831455033,%,-0.0019364585576682816,3.0
20160607,DXY_BROAD,110.8378,-0.3521547790828916,%,-0.0035277630360626665,1.0
20160608,DXY_BROAD,110.1916,-0.5830140980784604,%,-0.005847202599459772,1.0
20160609,DXY_BROAD,110.6168,0.3858733333575337,%,0.003851307518801397,1.0
20160610,DXY_BROAD,111.1027,0.43926419856659127,%,0.004383022493561095,1.0
20160613,DXY_BROAD,111.5036,0.3608373153847877,%,0.003601878593947392,3.0
20160614,DXY_BROAD,111.9826,0.4295825426264166,%,0.004286624708591023,1.0
20160615,DXY_BROAD,111.7671,-0.1924406113092636,%,-0.0019262601615466553,1.0
20160616,DXY_BROAD,112.2347,0.4183699854429568,%,0.004174972515437189,1.0
20160617,DXY_BROAD,111.5332,-0.6250295140451279,%,-0.006269910010320031,1.0
20160620,DXY_BROAD,110.8693,-0.5952487689764085,%,-0.005970274363038723,3.0
20160621,DXY_BROAD,111.0077,0.12483167116597027,%,0.0012475382121620022,1.0
20160622,DXY_BROAD,110.7681,-0.2158408831099079,%,-0.0021607415526891964,1.0
20160623,DXY_BROAD,110.262,-0.4569004975259139,%,-0.004579474781728555,1.0
20160624,DXY_BROAD,112.1355,1.6991347880502827,%,0.016848609538103035,1.0
20160627,DXY_BROAD,113.1301,0.8869626478679837,%,0.008830522397370904,3.0
20160628,DXY_BROAD,112.7545,-0.33200713161218864,%,-0.0033255949822595518,1.0
20160629,DXY_BROAD,111.8597,-0.7935825177708966,%,-0.007967481428544336,1.0
20160630,DXY_BROAD,112.1618,0.270070454328053,%,0.0026970641936317156,1.0
20160701,DXY_BROAD,111.6509,-0.4555026755990066,%,-0.004565432501353392,1.0
20160705,DXY_BROAD,112.4231,0.6916200406803741,%,0.006892393200011964,4.0
20160706,DXY_BROAD,112.5438,0.10736227696976908,%,0.0010730468489494442,1.0
20160707,DXY_BROAD,112.5775,0.02994389739816583,%,0.00029939415107968134,1.0
20160708,DXY_BROAD,112.3963,-0.1609557860140831,%,-0.001610854590021377,1.0
20160711,DXY_BROAD,112.5254,0.11486143227135148,%,0.0011479551699755774,3.0
20160712,DXY_BROAD,112.1102,-0.3689833584239688,%,-0.003696657812194947,1.0
20160713,DXY_BROAD,112.0266,-0.07456948609493308,%,-0.0007459730296567344,1.0
20160714,DXY_BROAD,111.7692,-0.2297668589424373,%,-0.002300312280224323,1.0
20160715,DXY_BROAD,112.2833,0.4599657150628156,%,0.004589111054262843,1.0
20160718,DXY_BROAD,112.2463,-0.03295236246173561,%,-0.0003295779294570926,3.0
20160719,DXY_BROAD,112.638,0.3489647320223499,%,0.0034835726292643,1.0
20160720,DXY_BROAD,112.6743,0.032227134714757355,%,0.00032221942889118884,1.0
20160721,DXY_BROAD,112.6239,-0.04473069723973655,%,-0.0004474070440040741,1.0
20160722,DXY_BROAD,112.989,0.32417630716037316,%,0.003236519886085113,1.0
20160725,DXY_BROAD,113.1784,0.16762693713545662,%,0.0016748659999187218,3.0
20160726,DXY_BROAD,113.0593,-0.10523209375641329,%,-0.0010528750159882754,1.0
20160727,DXY_BROAD,113.217,0.13948432371331254,%,0.0013938713469563591,1.0
20160728,DXY_BROAD,112.7393,-0.4219331019193251,%,-0.004228257514392003,1.0
20160729,DXY_BROAD,111.874,-0.7675229489627844,%,-0.007704835650162932,1.0
20160801,DXY_BROAD,111.9757,0.09090584049913364,%,0.0009086454616402938,3.0
20160802,DXY_BROAD,111.7124,-0.23514030276211573,%,-0.002354171917088622,1.0
20160803,DXY_BROAD,111.9419,0.2054382503643204,%,0.00205227514562695,1.0
20160804,DXY_BROAD,111.9149,-0.02411965492813417,%,-0.000241225641847146,1.0
20160805,DXY_BROAD,112.3589,0.3967300153956188,%,0.003959451171364843,1.0
20160808,DXY_BROAD,112.1456,-0.18983809916259808,%,-0.0019001852005662296,3.0
20160809,DXY_BROAD,111.722,-0.377723245495154,%,-0.0037843842123746114,1.0
20160810,DXY_BROAD,111.3238,-0.35642040063728064,%,-0.0035705709146142614,1.0
20160811,DXY_BROAD,111.1954,-0.11533921766954114,%,-0.0011540578453526176,1.0
20160812,DXY_BROAD,111.1787,-0.015018606884820151,%,-0.0001501973479051585,1.0
20160815,DXY_BROAD,110.9212,-0.23160911217706692,%,-0.002318777409405682,3.0
20160816,DXY_BROAD,110.4295,-0.4432876672809116,%,-0.004442731003412156,1.0
20160817,DXY_BROAD,110.9459,0.4676286680642239,%,0.004665386819457263,1.0
20160818,DXY_BROAD,110.3134,-0.5700976782377687,%,-0.00571728937854652,1.0
20160819,DXY_BROAD,110.8163,0.45588296616729806,%,0.00454846967208341,1.0
20160822,DXY_BROAD,110.9997,0.16549911881194035,%,0.001653623199334638,3.0
20160823,DXY_BROAD,110.9414,-0.052522664475673775,%,-0.000525364624586823,1.0
20160824,DXY_BROAD,111.2958,0.3194479247602855,%,0.003189387739035202,1.0
20160825,DXY_BROAD,111.1726,-0.11069600110695799,%,-0.0011075731438200216,1.0
20160826,DXY_BROAD,111.2035,0.02779461845814346,%,0.0002779075646966736,1.0
20160829,DXY_BROAD,111.8775,0.606096031150094,%,0.006042666572753974,3.0
20160830,DXY_BROAD,112.2928,0.3712095819087935,%,0.0037052229945407286,1.0
20160831,DXY_BROAD,112.4036,0.09867061824089252,%,0.0009862197078423993,1.0
20160901,DXY_BROAD,112.1733,-0.20488667622745593,%,-0.0020509685611406,1.0
20160902,DXY_BROAD,112.0009,-0.15369076241850133,%,-0.0015380898782064026,1.0
20160906,DXY_BROAD,110.9613,-0.9282068269094279,%,-0.009325415105479165,4.0
20160907,DXY_BROAD,110.9717,0.009372637126636718,%,9.372197922446309e-05,1.0
20160908,DXY_BROAD,111.2609,0.26060698358230105,%,0.002602679924115572,1.0
20160909,DXY_BROAD,111.9879,0.6534191256766686,%,0.0065129359695756586,1.0
20160912,DXY_BROAD,112.1516,0.14617650656902903,%,0.0014606977271421856,3.0
20160913,DXY_BROAD,112.5207,0.3291081001073559,%,0.0032856772468783284,1.0
20160914,DXY_BROAD,112.4678,-0.047013571725029735,%,-0.0004702462656964877,1.0
20160915,DXY_BROAD,112.4753,0.006668575361135076,%,6.668353021532875e-05,1.0
20160916,DXY_BROAD,113.1765,0.6234257654791797,%,0.006214905061592028,1.0
20160919,DXY_BROAD,112.903,-0.2416579413570874,%,-0.002419504054303063,3.0
20160920,DXY_BROAD,113.1848,0.24959478490385045,%,0.0024928381445712315,1.0
20160921,DXY_BROAD,112.9842,-0.17723227853916335,%,-0.001773895207587225,1.0
20160922,DXY_BROAD,112.2592,-0.6416826423517596,%,-0.006437502752595958,1.0
20160923,DXY_BROAD,112.7166,0.4074499016561539,%,0.004066220724420431,1.0
20160926,DXY_BROAD,112.7112,-0.004790776158958288,%,-4.790890920304634e-05,3.0
20160927,DXY_BROAD,112.5515,-0.14168955702716923,%,-0.0014179003159922076,1.0
20160928,DXY_BROAD,112.6283,0.06823543000313848,%,0.0006821216021848995,1.0
20160929,DXY_BROAD,112.2879,-0.3022330977205612,%,-0.0030269074428622895,1.0
20160930,DXY_BROAD,112.2795,-0.007480770412482407,%,-7.481050236067622e-05,1.0
20161003,DXY_BROAD,112.5077,0.20324280033310327,%,0.0020303654157709907,3.0
20161004,DXY_BROAD,112.6579,0.13350197364268013,%,0.0013341293899104957,1.0
20161005,DXY_BROAD,112.7946,0.12134080255357116,%,0.00121267244100015,1.0
20161006,DXY_BROAD,113.0066,0.18795226012593425,%,0.001877758508743656,1.0
20161007,DXY_BROAD,113.2915,0.2521091688449939,%,0.002517919067991765,1.0
20161011,DXY_BROAD,113.4461,0.13646213528817341,%,0.0013636911033594358,4.0
20161012,DXY_BROAD,113.7442,0.2627679576468589,%,0.0026242332623762593,1.0
20161013,DXY_BROAD,113.6238,-0.10585155111205724,%,-0.0010590761343180312,1.0
20161014,DXY_BROAD,113.7119,0.07753657244344847,%,0.0007750652837220941,1.0
20161017,DXY_BROAD,113.5488,-0.14343265744394262,%,-0.001435356205469701,3.0
20161018,DXY_BROAD,113.1393,-0.36063789313492967,%,-0.003612897593076243,1.0
20161019,DXY_BROAD,113.0547,-0.07477507815587536,%,-0.0007480304866162232,1.0
20161020,DXY_BROAD,113.4033,0.30834631377554267,%,0.0030787190150111093,1.0
20161021,DXY_BROAD,113.9015,0.43931702163870767,%,0.004383548413963315,1.0
20161024,DXY_BROAD,113.8571,-0.038981049415498514,%,-0.00038988649001562615,3.0
20161025,DXY_BROAD,113.6801,-0.15545802589386204,%,-0.001555789872619601,1.0
20161026,DXY_BROAD,113.8131,0.11699497097557021,%,0.0011692658519282307,1.0
20161027,DXY_BROAD,114.1998,0.3397675662994759,%,0.0033919166042948347,1.0
20161028,DXY_BROAD,114.0931,-0.09343273806082797,%,-0.0009347641365052114,1.0
20161031,DXY_BROAD,114.0188,-0.06512225542123495,%,-0.0006514346917240616,3.0
20161101,DXY_BROAD,113.9915,-0.023943419857075376,%,-0.0002394628675147848,1.0
20161102,DXY_BROAD,113.9206,-0.06219761999799456,%,-0.0006221697074187909,1.0
20161103,DXY_BROAD,113.7664,-0.1353574331595775,%,-0.0013544912408279498,1.0
20161104,DXY_BROAD,113.5828,-0.16138332583258697,%,-0.001615136889970233,1.0
20161107,DXY_BROAD,113.5443,-0.03389597720782067,%,-0.0003390172319265019,3.0
20161108,DXY_BROAD,113.3017,-0.21366109967652092,%,-0.0021388968065455486,1.0
20161109,DXY_BROAD,114.6956,1.2302551506288006,%,0.012227490123480234,1.0
20161110,DXY_BROAD,115.9375,1.0827791127122621,%,0.010769590343815801,1.0
20161114,DXY_BROAD,117.2245,1.1100808625337022,%,0.01103964686302929,4.0
20161115,DXY_BROAD,116.7724,-0.38567023105238185,%,-0.0038641585640875023,1.0
20161116,DXY_BROAD,116.8062,0.028945195953844483,%,0.00028941007640191353,1.0
20161117,DXY_BROAD,116.8952,0.07619458556138436,%,0.0007616557222383281,1.0
20161118,DXY_BROAD,117.5936,0.5974582360952274,%,0.005956805315564648,1.0
20161121,DXY_BROAD,117.4762,-0.09983536518993752,%,-0.000998852338844756,3.0
20161122,DXY_BROAD,117.4508,-0.021621400760329923,%,-0.00021623738522161425,1.0
20161123,DXY_BROAD,118.0356,0.49791061448709595,%,0.004966751389324955,1.0
20161125,DXY_BROAD,118.02,-0.013216351676959004,%,-0.00013217225113675742,2.0
20161128,DXY_BROAD,117.7278,-0.24758515505846068,%,-0.0024789215393059543,3.0
20161129,DXY_BROAD,117.644,-0.07118114837786349,%,-0.0007120649418562385,1.0
20161130,DXY_BROAD,117.7636,0.101662643228706,%,0.0010161100176065549,1.0
20161201,DXY_BROAD,117.6642,-0.08440638703300918,%,-0.0008444202928150318,1.0
20161202,DXY_BROAD,117.3116,-0.29966633861445713,%,-0.0030011623720818757,1.0
20161205,DXY_BROAD,117.1008,-0.17969237483760336,%,-0.0017985401525149993,3.0
20161206,DXY_BROAD,116.9225,-0.1522619828387195,%,-0.0015237801919694006,1.0
20161207,DXY_BROAD,116.672,-0.21424447817999237,%,-0.002144743099887935,1.0
20161208,DXY_BROAD,117.0327,0.30915729566649564,%,0.003086803871779502,1.0
20161209,DXY_BROAD,117.2834,0.21421363430904616,%,0.00213984524035382,1.0
20161212,DXY_BROAD,116.9161,-0.31317304921242295,%,-0.003136644622565374,3.0
20161213,DXY_BROAD,116.8029,-0.09682156691850352,%,-0.0009686846927444753,1.0
20161214,DXY_BROAD,116.7332,-0.05967317592285859,%,-0.0005969098744863674,1.0
20161215,DXY_BROAD,118.8072,1.7767010584820664,%,0.017611022174142548,1.0
20161216,DXY_BROAD,118.3584,-0.3777548835424027,%,-0.0037847017924711847,1.0
20161219,DXY_BROAD,118.3875,0.02458634114688163,%,0.0002458331920134042,3.0
20161220,DXY_BROAD,118.63,0.20483581459189715,%,0.0020462631207920374,1.0
20161221,DXY_BROAD,118.581,-0.04130489758070732,%,-0.0004131343040325806,1.0
20161222,DXY_BROAD,118.8209,0.2023089702397396,%,0.0020210460123400967,1.0
20161223,DXY_BROAD,118.7856,-0.02970857820466799,%,-0.0002971299207698349,1.0
20161227,DXY_BROAD,118.9506,0.1389057259465698,%,0.00138809341188707,4.0
20161228,DXY_BROAD,119.2305,0.23530776641733642,%,0.0023503135122534295,1.0
20161229,DXY_BROAD,118.6637,-0.47538171860388445,%,-0.004765152513274488,1.0
20161230,DXY_BROAD,118.3466,-0.2672257817681434,%,-0.002675834672209533,1.0
20170103,DXY_BROAD,119.0903,0.6284084206897411,%,0.0062644216807247535,4.0
20170104,DXY_BROAD,118.8803,-0.176336779737718,%,-0.0017649243605029337,1.0
20170105,DXY_BROAD,117.9999,-0.7405768659735967,%,-0.007433327511749266,1.0
20170106,DXY_BROAD,118.3495,0.29627143751818075,%,0.002958334186313745,1.0
20170109,DXY_BROAD,118.4111,0.05204922707742199,%,0.0005203568616564807,3.0
20170110,DXY_BROAD,118.5386,0.10767571621241867,%,0.0010761778749282273,1.0
20170111,DXY_BROAD,119.0219,0.4077152927400851,%,0.004068863862289769,1.0
20170112,DXY_BROAD,117.8001,-1.0265337723561863,%,-0.010318389679306088,1.0
20170113,DXY_BROAD,117.9884,0.15984706294815965,%,0.0015971944350967645,1.0
20170117,DXY_BROAD,117.2656,-0.6126025948313463,%,-0.006144867031995476,4.0
20170118,DXY_BROAD,117.7242,0.3910780314090312,%,0.003903153091884211,1.0
20170119,DXY_BROAD,118.3182,0.5045691540057184,%,0.005033004696535167,1.0
20170123,DXY_BROAD,117.2479,-0.9045945594168936,%,-0.00908710858684778,4.0
20170124,DXY_BROAD,117.0516,-0.16742304126556862,%,-0.0016756335026756968,1.0
20170125,DXY_BROAD,116.9355,-0.09918702520939071,%,-0.0009923624809040617,1.0
20170126,DXY_BROAD,117.2766,0.29169927011043484,%,0.0029127465332515184,1.0
20170127,DXY_BROAD,117.0735,-0.1731803275333732,%,-0.0017333045801861114,1.0
20170130,DXY_BROAD,116.7325,-0.2912700141364133,%,-0.002916950307400014,3.0
20170131,DXY_BROAD,116.2241,-0.4355256676589647,%,-0.00436476843442712,1.0
20170201,DXY_BROAD,116.3914,0.14394604905523245,%,0.0014384254604379765,1.0
20170202,DXY_BROAD,115.903,-0.41961863161711355,%,-0.004205015012530179,1.0
20170203,DXY_BROAD,115.6259,-0.23907923004581333,%,-0.0023936548077204615,1.0
20170206,DXY_BROAD,116.0504,0.36713227745686083,%,0.0036645999186029005,3.0
20170207,DXY_BROAD,116.4082,0.30831431860640635,%,0.003078400046795454,1.0
20170208,DXY_BROAD,116.1382,-0.23194242330006887,%,-0.00232211826392692,1.0
20170209,DXY_BROAD,116.306,0.14448303831124942,%,0.001443787619984238,1.0
20170210,DXY_BROAD,116.148,-0.13584853747872216,%,-0.0013594089525833563,1.0
20170213,DXY_BROAD,116.3427,0.16763095361089775,%,0.0016749060974580506,3.0
20170214,DXY_BROAD,116.3949,0.04486744763532169,%,0.0004485738520575951,1.0
20170215,DXY_BROAD,116.2162,-0.15352906355863283,%,-0.0015364704019316206,1.0
20170216,DXY_BROAD,116.0067,-0.18026746701407248,%,-0.0018043014434465693,1.0
20170217,DXY_BROAD,116.4035,0.34204920922671356,%,0.003414655514715285,1.0
20170221,DXY_BROAD,116.5921,0.1620226195947705,%,0.0016189150455337982,4.0
20170222,DXY_BROAD,116.2136,-0.3246360602476517,%,-0.003251641463206587,1.0
20170223,DXY_BROAD,115.6527,-0.4826457488624425,%,-0.004838142447702471,1.0
20170224,DXY_BROAD,115.8143,0.13972868770033564,%,0.0013963115801023651,1.0
20170227,DXY_BROAD,115.6764,-0.1190699248711069,%,-0.0011914086942749575,3.0
20170228,DXY_BROAD,116.0032,0.28251224968964816,%,0.002821139338511985,1.0
20170301,DXY_BROAD,116.438,0.37481724642078884,%,0.0037411655690402865,1.0
20170302,DXY_BROAD,116.8429,0.34773871073017215,%,0.003471354976745232,1.0
20170303,DXY_BROAD,116.6438,-0.17039974187562645,%,-0.0017054508737148328,1.0
20170306,DXY_BROAD,116.4313,-0.18217856414143307,%,-0.0018234471110769915,3.0
20170307,DXY_BROAD,116.4303,-0.000858875577258722,%,-8.58879265616127e-06,1.0
20170308,DXY_BROAD,116.875,0.38194524964720866,%,0.003812176907744802,1.0
20170309,DXY_BROAD,116.9959,0.10344385026739289,%,0.001033903839851461,1.0
20170310,DXY_BROAD,116.616,-0.3247122335056196,%,-0.0032524056769908504,1.0
20170313,DXY_BROAD,116.4004,-0.18488029086917157,%,-0.0018505140541617124,3.0
20170314,DXY_BROAD,116.5646,0.141064807337421,%,0.0014096540440879423,1.0
20170315,DXY_BROAD,116.3584,-0.17689761728688636,%,-0.0017705426588758221,1.0
20170316,DXY_BROAD,115.4456,-0.7844728012760593,%,-0.007875659765210822,1.0
20170317,DXY_BROAD,115.2783,-0.144916740005685,%,-0.0014502184586962109,1.0
20170320,DXY_BROAD,115.0426,-0.20446172436616727,%,-0.002046710327021076,3.0
20170321,DXY_BROAD,114.8119,-0.2005344107313234,%,-0.002007357501957289,1.0
20170322,DXY_BROAD,114.7937,-0.015852015339867798,%,-0.0001585327190461512,1.0
20170323,DXY_BROAD,114.7899,-0.0033102861916600723,%,-3.310340982842593e-05,1.0
20170324,DXY_BROAD,114.6372,-0.13302564075758916,%,-0.0013311419840805092,1.0
20170327,DXY_BROAD,114.2347,-0.3511076683659464,%,-0.003517254979284479,3.0
20170328,DXY_BROAD,114.419,0.16133451569444457,%,0.0016120451137378378,1.0
20170329,DXY_BROAD,114.7167,0.26018406033962993,%,0.002598461675818525,1.0
20170330,DXY_BROAD,114.5245,-0.16754317374889638,%,-0.0016768368429005772,1.0
20170331,DXY_BROAD,114.7938,0.23514619142628312,%,0.002348701554103354,1.0
20170403,DXY_BROAD,114.8734,0.06934172403039174,%,0.0006931769376495942,3.0
20170404,DXY_BROAD,115.0038,0.11351627095568251,%,0.0011345188995415935,1.0
20170405,DXY_BROAD,114.9494,-0.04730278477754757,%,-0.00047313976074121896,1.0
20170406,DXY_BROAD,115.0181,0.059765427222768785,%,0.000597475748040086,1.0
20170407,DXY_BROAD,115.0547,0.03182107859545091,%,0.00031816016764027124,1.0
20170410,DXY_BROAD,115.11,0.048064094730593254,%,0.00048052547644435357,3.0
20170411,DXY_BROAD,115.009,-0.08774215967335408,%,-0.000877806756377489,1.0
20170412,DXY_BROAD,114.9162,-0.08068933735619899,%,-0.0008072190872427325,1.0
20170413,DXY_BROAD,114.5059,-0.3570427842201629,%,-0.0035768170323182543,1.0
20170414,DXY_BROAD,114.5368,0.026985509043631062,%,0.0002698186861005097,1.0
20170417,DXY_BROAD,114.3283,-0.18203756347304756,%,-0.0018220345319726794,3.0
20170418,DXY_BROAD,114.2575,-0.06192692447977155,%,-0.0006194610711953722,1.0
20170419,DXY_BROAD,114.7923,0.46806555368357206,%,0.004669735331263899,1.0
20170420,DXY_BROAD,114.6205,-0.1496616062227063,%,-0.001497737110704971,1.0
20170421,DXY_BROAD,114.8128,0.16777103572223062,%,0.00167630457331346,1.0
20170424,DXY_BROAD,114.3659,-0.3892423144457702,%,-0.0039000183389723986,3.0
20170425,DXY_BROAD,114.5111,0.12696092104378387,%,0.0012688039381795447,1.0
20170426,DXY_BROAD,114.9479,0.3814477373809133,%,0.0038072207027425435,1.0
20170427,DXY_BROAD,114.9946,0.04062710149554949,%,0.00040618850923239793,1.0
20170428,DXY_BROAD,114.7877,-0.17992149196571772,%,-0.0018008354509017855,1.0
20170501,DXY_BROAD,114.5921,-0.1704015325683872,%,-0.0017054688112080427,3.0
20170502,DXY_BROAD,114.6792,0.0760087300957002,%,0.000759798580896835,1.0
20170503,DXY_BROAD,114.6637,-0.013515964534094316,%,-0.00013516878022892893,1.0
20170504,DXY_BROAD,114.9076,0.21270899159890888,%,0.0021248308631388996,1.0
20170505,DXY_BROAD,114.7725,-0.11757272800059226,%,-0.001176418989552074,1.0
20170508,DXY_BROAD,115.0895,0.2761985667298461,%,0.002758178393697507,3.0
20170509,DXY_BROAD,115.3933,0.26396847670724366,%,0.002636206918176439,1.0
20170510,DXY_BROAD,115.1145,-0.2416084816016073,%,-0.0024190082587415246,1.0
20170511,DXY_BROAD,115.0669,-0.041350133997020144,%,-0.00041358685522387384,1.0
20170512,DXY_BROAD,114.7479,-0.2772300287919527,%,-0.002776150229471727,1.0
20170515,DXY_BROAD,114.3504,-0.34641156831628495,%,-0.003470129624571936,3.0
20170516,DXY_BROAD,113.9923,-0.3131602512977616,%,-0.0031365162413716768,1.0
20170517,DXY_BROAD,113.7506,-0.21203186531019158,%,-0.002122569711233829,1.0
20170518,DXY_BROAD,114.2683,0.45511847849593057,%,0.004540859459940978,1.0
20170519,DXY_BROAD,113.7001,-0.49725076858585515,%,-0.004984911738784772,1.0
20170522,DXY_BROAD,113.5442,-0.13711509488558704,%,-0.0013720918364824644,3.0
20170523,DXY_BROAD,113.6862,0.1250614298220487,%,0.0012498329315500686,1.0
20170524,DXY_BROAD,113.675,-0.009851679447459016,%,-9.852164757273067e-05,1.0
20170525,DXY_BROAD,113.3719,-0.2666373433032776,%,-0.0026699345382410647,1.0
20170526,DXY_BROAD,113.4839,0.09878991178591257,%,0.0009874114666659551,1.0
20170530,DXY_BROAD,113.5552,0.06282829546746527,%,0.0006280856675695105,4.0
20170531,DXY_BROAD,113.2956,-0.22861128332301028,%,-0.002288729978660554,1.0
20170601,DXY_BROAD,113.3017,0.005384145544939933,%,5.384000605026182e-05,1.0
20170602,DXY_BROAD,113.1908,-0.09788026128469962,%,-0.0009792819529362018,1.0
20170605,DXY_BROAD,112.9755,-0.1902098050371559,%,-0.0019039093360612611,3.0
20170606,DXY_BROAD,112.7095,-0.2354492788259277,%,-0.0023572689649189573,1.0
20170607,DXY_BROAD,112.8191,0.09724113761484521,%,0.0009719388904817043,1.0
20170608,DXY_BROAD,112.8351,0.01418199577907231,%,0.00014180990229121165,1.0
20170609,DXY_BROAD,112.9562,0.1073247597600302,%,0.0010726720791431512,1.0
20170612,DXY_BROAD,112.9837,0.024345719845397795,%,0.00024342756755937726,3.0
20170613,DXY_BROAD,112.6271,-0.3156207488336782,%,-0.003161198816403162,1.0
20170614,DXY_BROAD,112.0734,-0.49162235376742913,%,-0.004928347918377011,1.0
20170615,DXY_BROAD,112.8708,0.7114980004175875,%,0.007089787957303676,1.0
20170616,DXY_BROAD,112.6155,-0.2261878182842736,%,-0.002264440093181525,1.0
20170619,DXY_BROAD,112.7576,0.1261815647046749,%,0.0012610202267287407,3.0
20170620,DXY_BROAD,113.2698,0.45424876017226,%,0.004532201642382449,1.0
20170621,DXY_BROAD,113.3327,0.05553113009821864,%,0.0005551571727184919,1.0
20170622,DXY_BROAD,113.1654,-0.14761847198557776,%,-0.00147727535396976,1.0
20170623,DXY_BROAD,112.8665,-0.264126667691722,%,-0.002644760976019905,1.0
20170626,DXY_BROAD,112.7633,-0.09143545693363064,%,-0.0009147728464640453,3.0
20170627,DXY_BROAD,112.55,-0.18915728787646247,%,-0.0018933641619940788,1.0
20170628,DXY_BROAD,112.0747,-0.42230119946689015,%,-0.004231954093763173,1.0
20170629,DXY_BROAD,111.998,-0.06843649815703179,%,-0.0006845992661812049,1.0
20170630,DXY_BROAD,111.9896,-0.007500133930971042,%,-7.50041520508e-05,1.0
20170703,DXY_BROAD,112.4268,0.39039339367228365,%,0.003896333361638279,3.0
20170705,DXY_BROAD,112.6534,0.20155336627922793,%,0.002013505199985428,2.0
20170706,DXY_BROAD,112.4199,-0.2072729274038787,%,-0.0020748803502736207,1.0
20170707,DXY_BROAD,112.3137,-0.09446726068961242,%,-0.0009451190912730881,1.0
20170710,DXY_BROAD,112.1587,-0.13800631623747117,%,-0.0013810163265929288,3.0
20170711,DXY_BROAD,112.1434,-0.01364138493045175,%,-0.00013642315451990833,1.0
20170712,DXY_BROAD,111.5904,-0.49311863203719275,%,-0.004943384737937516,1.0
20170713,DXY_BROAD,111.5365,-0.04830164601973275,%,-0.0004831331502247204,1.0
20170714,DXY_BROAD,110.9075,-0.5639409520650229,%,-0.005655371027790985,1.0
20170717,DXY_BROAD,110.9304,0.020647837161602567,%,0.00020645705789088477,3.0
20170718,DXY_BROAD,110.4356,-0.4460454483171561,%,-0.0044704319908034735,1.0
20170719,DXY_BROAD,110.4339,-0.001539358685065384,%,-1.5393705333127818e-05,1.0
20170720,DXY_BROAD,110.2512,-0.1654383300779938,%,-0.0016557533040484067,1.0
20170721,DXY_BROAD,110.191,-0.0546025802893757,%,-0.0005461749292695067,1.0
20170724,DXY_BROAD,110.2004,0.008530642248461007,%,8.53027840986685e-05,3.0
20170725,DXY_BROAD,110.2835,0.07540807474382127,%,0.0007537965714035283,1.0
20170726,DXY_BROAD,110.3811,0.08849918618831776,%,0.0008846004874771327,1.0
20170727,DXY_BROAD,110.216,-0.14957270764651698,%,-0.0014968467928748526,1.0
20170728,DXY_BROAD,109.92,-0.26856354794221327,%,-0.0026892482682586132,1.0
20170731,DXY_BROAD,109.8177,-0.09306768558952072,%,-0.0009311102044927933,3.0
20170801,DXY_BROAD,109.8495,0.028957080689173686,%,0.00028952888935750246,1.0
20170802,DXY_BROAD,109.7503,-0.09030537235036329,%,-0.0009034617221657008,1.0
20170803,DXY_BROAD,109.8332,0.07553510104301164,%,0.0007550658764307728,1.0
20170804,DXY_BROAD,110.2808,0.4075270501087136,%,0.0040669890779937625,1.0
20170807,DXY_BROAD,110.373,0.08360476166295872,%,0.0008356983234911907,3.0
20170808,DXY_BROAD,110.396,0.020838429688407878,%,0.0002083625878923078,1.0
20170809,DXY_BROAD,110.3671,-0.026178484727712448,%,-0.0002618191189115833,1.0
20170810,DXY_BROAD,110.1886,-0.16173298020877303,%,-0.0016186390918247282,1.0
20170811,DXY_BROAD,110.0422,-0.1328631092508692,%,-0.0013295145053719118,1.0
20170814,DXY_BROAD,110.095,0.04798159251633294,%,0.000479700850310669,3.0
20170815,DXY_BROAD,110.4846,0.35387619782913937,%,0.0035325152928062323,1.0
20170816,DXY_BROAD,110.4394,-0.040910678954342306,%,-0.0004091904965568985,1.0
20170817,DXY_BROAD,110.1673,-0.24637946240201325,%,-0.002466834760536076,1.0
20170818,DXY_BROAD,110.041,-0.11464381899166654,%,-0.001147095852872985,1.0
20170821,DXY_BROAD,109.7349,-0.2781690460828212,%,-0.0027855665514630954,3.0
20170822,DXY_BROAD,109.8386,0.09450047341366119,%,0.0009445584982707175,1.0
20170823,DXY_BROAD,109.8095,-0.026493418524997647,%,-0.00026496928651105305,1.0
20170824,DXY_BROAD,109.7524,-0.05199914397207017,%,-0.0005201266821546972,1.0
20170825,DXY_BROAD,109.3415,-0.3743881682769512,%,-0.0037509075492874544,1.0
20170828,DXY_BROAD,109.1815,-0.14633053323760414,%,-0.0014643770092117923,3.0
20170829,DXY_BROAD,109.0946,-0.0795922386118475,%,-0.0007962393005115021,1.0
20170830,DXY_BROAD,109.4052,0.2847070340786795,%,0.002843025112238684,1.0
20170831,DXY_BROAD,109.3686,-0.033453620120427185,%,-0.00033459217092217587,1.0
20170901,DXY_BROAD,109.0504,-0.29094273859224806,%,-0.0029136679969433274,1.0
20170905,DXY_BROAD,108.8664,-0.1687293214880481,%,-0.0016887182973238635,4.0
20170906,DXY_BROAD,108.4897,-0.3460204434058589,%,-0.0034662047870519727,1.0
20170907,DXY_BROAD,107.9224,-0.522906782855892,%,-0.005242787251163331,1.0
20170908,DXY_BROAD,107.808,-0.1060020903908665,%,-0.0010605831234117601,1.0
20170911,DXY_BROAD,108.153,0.3200133570792518,%,0.0031950240412397177,3.0
20170912,DXY_BROAD,108.3239,0.15801688348913157,%,0.0015789216817534244,1.0
20170913,DXY_BROAD,108.6628,0.31285801194382845,%,0.0031236962962931155,1.0
20170914,DXY_BROAD,108.618,-0.041228460890030405,%,-0.000412369621566751,1.0
20170915,DXY_BROAD,108.3147,-0.27923548583107527,%,-0.0027962607539303397,1.0
20170918,DXY_BROAD,108.6401,0.3004209031645777,%,0.00299970541331226,3.0
20170919,DXY_BROAD,108.6142,-0.023840184241363804,%,-0.00023843026465023663,1.0
20170920,DXY_BROAD,108.4329,-0.1669210839834845,%,-0.001670605524479987,1.0
20170921,DXY_BROAD,108.9267,0.4553968398889996,%,0.00454363045868764,1.0
20170922,DXY_BROAD,108.7542,-0.1583633764724368,%,-0.0015848890381120115,1.0
20170925,DXY_BROAD,109.3302,0.5296347175557381,%,0.0052823708560959795,3.0
20170926,DXY_BROAD,109.7769,0.4085787824407161,%,0.004077463659478667,1.0
20170927,DXY_BROAD,110.0722,0.2690001266204334,%,0.0026863896881148693,1.0
20170928,DXY_BROAD,110.2415,0.15380813684109373,%,0.001536899732742376,1.0
20170929,DXY_BROAD,110.0867,-0.14041898921912654,%,-0.0014051766906944306,1.0
20171002,DXY_BROAD,110.3686,0.25607089684767104,%,0.002557435939591664,3.0
20171003,DXY_BROAD,110.3281,-0.036695219473648066,%,-0.0003670195381681422,1.0
20171004,DXY_BROAD,110.2425,-0.07758676166814693,%,-0.0007761687577345794,1.0
20171005,DXY_BROAD,110.5823,0.3082295847790073,%,0.0030775553126000544,1.0
20171006,DXY_BROAD,110.7841,0.18248851760180873,%,0.0018232220960445326,1.0
20171010,DXY_BROAD,110.3034,-0.43390703178524115,%,-0.00434851140371906,4.0
20171011,DXY_BROAD,110.3037,0.000271977110410937,%,2.7197674055386465e-06,1.0
20171012,DXY_BROAD,110.3152,0.010425760876553447,%,0.00010425217431876005,1.0
20171013,DXY_BROAD,110.2669,-0.043783630904892235,%,-0.00043793218735270625,1.0
20171016,DXY_BROAD,110.5432,0.2505738349404929,%,0.002502604221511611,3.0
20171017,DXY_BROAD,110.9141,0.33552493504802605,%,0.0033496330605740404,1.0
20171018,DXY_BROAD,110.7214,-0.1737380549452272,%,-0.001738891545409357,1.0
20171019,DXY_BROAD,110.4577,-0.2381653411174356,%,-0.002384494058848285,1.0
20171020,DXY_BROAD,111.0375,0.5249068195336326,%,0.005235339856578818,1.0
20171023,DXY_BROAD,111.2134,0.15841494990431748,%,0.0015828960578097783,3.0
20171024,DXY_BROAD,111.4027,0.1702133016345142,%,0.0017006860296856269,1.0
20171025,DXY_BROAD,111.3904,-0.011041025037994423,%,-0.0001104163460403251,1.0
20171026,DXY_BROAD,111.6418,0.22569269883221388,%,0.002254383954182977,1.0
20171027,DXY_BROAD,112.1495,0.4547579849124572,%,0.004537270850064556,1.0
20171030,DXY_BROAD,111.901,-0.22157923129394463,%,-0.00221825081308168,3.0
20171031,DXY_BROAD,111.8052,-0.08561138863817375,%,-0.0008564805611668194,1.0
20171101,DXY_BROAD,111.7942,-0.009838540604545365,%,-9.839024620698512e-05,1.0
20171102,DXY_BROAD,111.5474,-0.2207627944920243,%,-0.0022100683478211347,1.0
20171103,DXY_BROAD,111.9383,0.3504339859109251,%,0.0034982139674844146,1.0
20171106,DXY_BROAD,111.7197,-0.19528615317545572,%,-0.0019547708519993164,3.0
20171107,DXY_BROAD,111.9446,0.20130737909249685,%,0.0020110502730865177,1.0
20171108,DXY_BROAD,111.6935,-0.22430738061505195,%,-0.0022455932644594835,1.0
20171109,DXY_BROAD,111.5626,-0.11719571864073908,%,-0.0011726444652575105,1.0
20171113,DXY_BROAD,111.7833,0.1978261532090464,%,0.001976307349577425,4.0
20171114,DXY_BROAD,111.5097,-0.2447592797850895,%,-0.002450593049699326,1.0
20171115,DXY_BROAD,111.4809,-0.025827349548956935,%,-0.00025830685383264643,1.0
20171116,DXY_BROAD,111.2568,-0.20102098206957741,%,-0.0020122330042610524,1.0
20171117,DXY_BROAD,111.0016,-0.2293792379432058,%,-0.002296427151022458,1.0
20171120,DXY_BROAD,111.2599,0.23269934847787166,%,0.002324290228267601,3.0
20171121,DXY_BROAD,110.9828,-0.2490564884563118,%,-0.002493671500509602,1.0
20171122,DXY_BROAD,110.5632,-0.3780766028609883,%,-0.003787931190058938,1.0
20171124,DXY_BROAD,110.0253,-0.48650907354345074,%,-0.0048769638140896375,2.0
20171127,DXY_BROAD,110.1136,0.08025426879090247,%,0.0008022208227215897,3.0
20171128,DXY_BROAD,110.3018,0.17091440112755318,%,0.001707685086754748,1.0
20171129,DXY_BROAD,110.3265,0.02239310691212193,%,0.00022390600030174895,1.0
20171130,DXY_BROAD,110.4648,0.12535519571454934,%,0.0012527669168815468,1.0
20171201,DXY_BROAD,110.1413,-0.292853470064669,%,-0.002932831248837127,1.0
20171204,DXY_BROAD,110.397,0.23215633009598946,%,0.0023188726364403913,3.0
20171205,DXY_BROAD,110.4905,0.08469433046187635,%,0.0008465848505174002,1.0
20171206,DXY_BROAD,110.8711,0.34446400369263497,%,0.0034387208535103836,1.0
20171207,DXY_BROAD,111.0178,0.1323158153928361,%,0.001322283551584682,1.0
20171208,DXY_BROAD,111.2273,0.18870847737930685,%,0.0018853064661813422,1.0
20171211,DXY_BROAD,111.0827,-0.1300040547599357,%,-0.0013008863334287768,3.0
20171212,DXY_BROAD,111.5214,0.3949309838525705,%,0.0039415317863252105,1.0
20171213,DXY_BROAD,111.2759,-0.22013712166454313,%,-0.002203797796117701,1.0
20171214,DXY_BROAD,111.0893,-0.16769129703736452,%,-0.0016783205627554606,1.0
20171215,DXY_BROAD,111.1286,0.03537694449422535,%,0.000353706883286666,1.0
20171218,DXY_BROAD,110.9086,-0.19796883970463197,%,-0.001981650570209661,3.0
20171219,DXY_BROAD,111.1255,0.19556643939242502,%,0.00195375457188868,1.0
20171220,DXY_BROAD,110.8361,-0.26042627479740954,%,-0.0026076597392579687,1.0
20171221,DXY_BROAD,110.8786,0.03834490748051422,%,0.000383375576996502,1.0
20171222,DXY_BROAD,111.0997,0.19940727967344696,%,0.0019920872726566815,1.0
20171226,DXY_BROAD,110.9758,-0.11152145325323826,%,-0.0011158368469782684,4.0
20171227,DXY_BROAD,110.8553,-0.1085822314414564,%,-0.0010864122465434473,1.0
20171228,DXY_BROAD,110.5154,-0.30661592183685027,%,-0.0030708695153559167,1.0
20171229,DXY_BROAD,110.0783,-0.39551048994076465,%,-0.0039629470112030754,1.0
20180102,DXY_BROAD,109.6445,-0.3940831208330886,%,-0.00394861674469168,4.0
20180103,DXY_BROAD,109.6751,0.027908376617169495,%,0.00027904482954164376,1.0
20180104,DXY_BROAD,109.4777,-0.17998615911907212,%,-0.0018014832882434092,1.0
20180105,DXY_BROAD,109.3496,-0.11701013083029732,%,-0.0011707864113175855,1.0
20180108,DXY_BROAD,109.5681,0.19981783198110836,%,0.001996184616919697,3.0
20180109,DXY_BROAD,109.9025,0.3051983195838881,%,0.0030473353494897587,1.0
20180110,DXY_BROAD,109.628,-0.24976683878893402,%,-0.002500792765100341,1.0
20180111,DXY_BROAD,109.4888,-0.12697486043711237,%,-0.00127055541816972,1.0
20180112,DXY_BROAD,108.901,-0.5368585645289747,%,-0.005383048287049993,1.0
20180116,DXY_BROAD,108.3218,-0.53185921157749,%,-0.005332786177474783,4.0
20180117,DXY_BROAD,108.1526,-0.15620124480943964,%,-0.001563233661404331,1.0
20180118,DXY_BROAD,108.0655,-0.08053435608575965,%,-0.0008056680241977745,1.0
20180119,DXY_BROAD,107.9455,-0.11104376512393044,%,-0.0011110546439248466,1.0
20180122,DXY_BROAD,108.107,0.1496125359556455,%,0.0014950072790641585,3.0
20180123,DXY_BROAD,107.9979,-0.10091853441497323,%,-0.0010096949145419842,1.0
20180124,DXY_BROAD,107.0802,-0.8497387449200366,%,-0.00853369607790144,1.0
20180125,DXY_BROAD,106.5052,-0.5369806929759191,%,-0.005384276164233049,1.0
20180126,DXY_BROAD,106.6911,0.17454546820250272,%,0.0017439331462587204,1.0
20180129,DXY_BROAD,107.1142,0.3965654117353612,%,0.003957811637934132,3.0
20180130,DXY_BROAD,107.1064,-0.007281947678272616,%,-7.282212824954534e-05,1.0
20180131,DXY_BROAD,106.7696,-0.31445366476700043,%,-0.0031494910920484643,1.0
20180201,DXY_BROAD,106.4877,-0.26402646446178624,%,-0.0026437562905817424,1.0
20180202,DXY_BROAD,107.1151,0.5891760269026269,%,0.005874471722902103,1.0
20180205,DXY_BROAD,107.33,0.20062530866329364,%,0.0020042432486226513,3.0
20180206,DXY_BROAD,107.5204,0.17739681356563342,%,0.0017723965125815003,1.0
20180207,DXY_BROAD,107.7175,0.18331405017095737,%,0.0018314623502054099,1.0
20180208,DXY_BROAD,108.3025,0.5430872420915778,%,0.005416178410147106,1.0
20180209,DXY_BROAD,108.2582,-0.04090394958564669,%,-0.0004091231753306368,1.0
20180212,DXY_BROAD,108.0332,-0.2078364502642871,%,-0.002080527299385377,3.0
20180213,DXY_BROAD,107.7574,-0.25529189175178546,%,-0.002556183171785404,1.0
20180214,DXY_BROAD,107.4691,-0.26754543075464543,%,-0.0026790397319429557,1.0
20180215,DXY_BROAD,106.9867,-0.4488732109973914,%,-0.00449883671720608,1.0
20180216,DXY_BROAD,107.0359,0.04598702455538284,%,0.00045976453763916364,1.0
20180220,DXY_BROAD,107.6249,0.5502826621722301,%,0.0054877413869588105,4.0
20180221,DXY_BROAD,107.8679,0.22578418191330218,%,0.0022552967245203365,1.0
20180222,DXY_BROAD,107.8668,-0.001019765843224274,%,-1.0197710428714986e-05,1.0
20180223,DXY_BROAD,107.6804,-0.172805719646818,%,-0.0017295520096352968,1.0
20180226,DXY_BROAD,107.7347,0.05042700435733405,%,0.0005041429421620788,3.0
20180227,DXY_BROAD,108.1731,0.4069255309570696,%,0.004060998282571277,1.0
20180228,DXY_BROAD,108.3903,0.2007892904982711,%,0.002005879782329816,1.0
20180301,DXY_BROAD,108.5358,0.13423710424271817,%,0.0013414708679081622,1.0
20180305,DXY_BROAD,108.3614,-0.16068430877184126,%,-0.0016081354446681108,4.0
20180306,DXY_BROAD,107.7969,-0.5209419590370801,%,-0.005223035925994934,1.0
20180307,DXY_BROAD,108.0911,0.2729206498517156,%,0.002725488976848137,1.0
20180308,DXY_BROAD,108.2671,0.16282561654012984,%,0.0016269319935303553,1.0
20180309,DXY_BROAD,107.923,-0.31782508259664555,%,-0.0031833121921622013,1.0
20180312,DXY_BROAD,107.9438,0.01927300019457512,%,0.00019271143190489055,3.0
20180313,DXY_BROAD,107.7384,-0.19028420344661123,%,-0.0019046547382611694,1.0
20180314,DXY_BROAD,107.8623,0.11500077966630773,%,0.0011493470442286674,1.0
20180315,DXY_BROAD,108.2032,0.31605111331762803,%,0.0031555272162536643,1.0
20180316,DXY_BROAD,108.4332,0.21256302955920958,%,0.002123374339834953,1.0
20180319,DXY_BROAD,108.3145,-0.1094683178214817,%,-0.001095282781468822,3.0
20180320,DXY_BROAD,108.4953,0.16692132632287748,%,0.0016678216751260344,1.0
20180322,DXY_BROAD,107.9935,-0.46250851419370465,%,-0.004635813942079996,2.0
20180323,DXY_BROAD,107.7495,-0.2259395241380302,%,-0.002261951525972697,1.0
20180326,DXY_BROAD,107.1819,-0.5267773864379821,%,-0.005281697504373204,3.0
20180327,DXY_BROAD,107.3359,0.14368097598567164,%,0.001435778536376833,1.0
20180328,DXY_BROAD,107.5733,0.2211748352601628,%,0.0022093060377416265,1.0
20180329,DXY_BROAD,107.665,0.08524420093090068,%,0.0008520788869652305,1.0
20180330,DXY_BROAD,107.4784,-0.17331537639903027,%,-0.0017346574125957728,1.0
20180402,DXY_BROAD,107.7033,0.2092513472474522,%,0.0020903272154752005,3.0
20180403,DXY_BROAD,107.5624,-0.1308223610604342,%,-0.0013090800821643819,1.0
20180404,DXY_BROAD,107.6361,0.06851836701300407,%,0.0006849490389699764,1.0
20180405,DXY_BROAD,107.7281,0.08547318232452472,%,0.000854366748013215,1.0
20180406,DXY_BROAD,107.7886,0.056159906282582384,%,0.0005614414250888494,1.0
20180409,DXY_BROAD,107.5316,-0.23842966695921675,%,-0.002387143631130715,3.0
20180410,DXY_BROAD,107.3659,-0.15409423834482627,%,-0.0015421308562317806,1.0
20180411,DXY_BROAD,107.1224,-0.22679454091103501,%,-0.0022705210923759647,1.0
20180412,DXY_BROAD,107.2905,0.15692329522116744,%,0.0015680029927430156,1.0
20180413,DXY_BROAD,107.2368,-0.050051029681097425,%,-0.0005006355938996475,1.0
20180416,DXY_BROAD,107.0595,-0.1653350342419757,%,-0.0016547186344825595,3.0
20180417,DXY_BROAD,107.0344,-0.023444906804159782,%,-0.00023447655552071047,1.0
20180418,DXY_BROAD,107.1096,0.07025778628177992,%,0.0007023311705314021,1.0
20180419,DXY_BROAD,107.5197,0.38287884559367047,%,0.003821477301383736,1.0
20180420,DXY_BROAD,108.1787,0.6129109363214535,%,0.006110402770011591,1.0
20180423,DXY_BROAD,108.9332,0.697457077964514,%,0.006950360964394096,3.0
20180424,DXY_BROAD,108.7906,-0.1309059129815382,%,-0.0013099166962031639,1.0
20180425,DXY_BROAD,109.3447,0.5093270925980775,%,0.0050803440962691095,1.0
20180426,DXY_BROAD,109.3646,0.01819932744795416,%,0.0001819767157125894,1.0
20180427,DXY_BROAD,109.1735,-0.17473661495583936,%,-0.0017488945745269106,1.0
20180430,DXY_BROAD,109.3363,0.1491204367360055,%,0.0014900936262183557,3.0
20180501,DXY_BROAD,109.7445,0.3733435281786601,%,0.003726483310069955,1.0
20180502,DXY_BROAD,110.1625,0.3808846912601416,%,0.003801611621457603,1.0
20180503,DXY_BROAD,110.1803,0.016157948485195917,%,0.0001615664322929949,1.0
20180504,DXY_BROAD,110.25,0.06325994755869147,%,0.0006323994688836368,1.0
20180507,DXY_BROAD,110.5721,0.29215419501134043,%,0.002917282540442999,3.0
20180508,DXY_BROAD,111.063,0.4439637123650586,%,0.004429811006949663,1.0
20180509,DXY_BROAD,110.8818,-0.16315064422895986,%,-0.0016328387982873424,1.0
20180510,DXY_BROAD,110.405,-0.4300074493740147,%,-0.004309346403547799,1.0
20180511,DXY_BROAD,110.2847,-0.10896245641048852,%,-0.001090218636533384,1.0
20180514,DXY_BROAD,110.408,0.11180154636136752,%,0.0011173909497593248,3.0
20180515,DXY_BROAD,111.2292,0.7437866821244921,%,0.0074103422880999244,1.0
20180516,DXY_BROAD,111.3068,0.06976585285158876,%,0.0006974152779353351,1.0
20180517,DXY_BROAD,111.3547,0.04303420815259251,%,0.00043024951092942237,1.0
20180518,DXY_BROAD,111.7171,0.32544652358634796,%,0.0032491809258425935,1.0
20180521,DXY_BROAD,111.6394,-0.06955067755965993,%,-0.0006957487526383364,3.0
20180522,DXY_BROAD,111.1945,-0.3985152195371766,%,-0.003993114074287817,1.0
20180523,DXY_BROAD,111.6933,0.4485833382046778,%,0.0044758020196403485,1.0
20180524,DXY_BROAD,111.4885,-0.18335925252453977,%,-0.0018352756137333733,1.0
20180525,DXY_BROAD,111.5843,0.08592814505532509,%,0.0008589124795990879,1.0
20180529,DXY_BROAD,112.2127,0.5631616634239833,%,0.005615818366720619,4.0
20180530,DXY_BROAD,111.6731,-0.48087248591290876,%,-0.004820323976095117,1.0
20180531,DXY_BROAD,111.9894,0.2832374134863258,%,0.002828370521282708,1.0
20180601,DXY_BROAD,111.8265,-0.14546019533991927,%,-0.001455660913855817,1.0
20180604,DXY_BROAD,111.8247,-0.0016096363563145033,%,-1.609649311099518e-05,3.0
20180605,DXY_BROAD,112.264,0.3928470185924793,%,0.003920773896767404,1.0
20180606,DXY_BROAD,111.7525,-0.45562246134112083,%,-0.004566635840738344,1.0
20180607,DXY_BROAD,112.0725,0.28634706158698897,%,0.0028593786934245696,1.0
20180608,DXY_BROAD,112.1066,0.030426732695354453,%,0.000304221047037825,1.0
20180611,DXY_BROAD,112.1106,0.0035680325690012893,%,3.5679689162333187e-05,3.0
20180612,DXY_BROAD,112.2138,0.09205195583645853,%,0.0009200961400592176,1.0
20180613,DXY_BROAD,112.2577,0.03912174794900025,%,0.00039114097388477626,1.0
20180614,DXY_BROAD,112.8593,0.53590978614384,%,0.005344788995470662,1.0
20180615,DXY_BROAD,113.3379,0.42406784376654016,%,0.004231712100822598,1.0
20180618,DXY_BROAD,113.4899,0.13411224312431802,%,0.0013402239297992992,3.0
20180619,DXY_BROAD,113.639,0.13137732961259196,%,0.001312911051102815,1.0
20180620,DXY_BROAD,113.4784,-0.141324721266467,%,-0.0014142467883827832,1.0
20180621,DXY_BROAD,113.6109,0.11676230895043549,%,0.001166941947824393,1.0
20180622,DXY_BROAD,113.3047,-0.26951639323340437,%,-0.002698802425672894,1.0
20180625,DXY_BROAD,113.286,-0.01650416972993618,%,-0.00016505531817898153,3.0
20180626,DXY_BROAD,113.3016,0.013770457073247755,%,0.00013769509032839723,1.0
20180627,DXY_BROAD,113.8971,0.5255883412061291,%,0.005242119463582066,1.0
20180628,DXY_BROAD,113.8405,-0.049693978160980645,%,-0.0004970632971046167,1.0
20180629,DXY_BROAD,113.2586,-0.5111537633794683,%,-0.005124646231425378,1.0
20180702,DXY_BROAD,114.1673,0.8023231789903829,%,0.007991216794208264,3.0
20180703,DXY_BROAD,113.3222,-0.7402294702598788,%,-0.007429827641461594,1.0
20180705,DXY_BROAD,112.9759,-0.3055888431392928,%,-0.003060567192725227,2.0
20180706,DXY_BROAD,112.6428,-0.29484164321771367,%,-0.0029527715745280617,1.0
20180709,DXY_BROAD,112.6425,-0.00026632860687936244,%,-2.6632896153462634e-06,3.0
20180710,DXY_BROAD,112.5794,-0.05601793284061296,%,-0.0005603362874656672,1.0
20180711,DXY_BROAD,112.8582,0.247647438163634,%,0.002473412972247802,1.0
20180712,DXY_BROAD,112.779,-0.07017655783984056,%,-0.0007020119311232356,1.0
20180713,DXY_BROAD,113.0705,0.25847010525008596,%,0.002581366457453751,1.0
20180716,DXY_BROAD,112.8437,-0.2005828222215289,%,-0.0020078425897446994,3.0
20180717,DXY_BROAD,113.1504,0.27179186786678855,%,0.002714231816579309,1.0
20180718,DXY_BROAD,113.3348,0.16296893338423324,%,0.001628362831175856,1.0
20180719,DXY_BROAD,113.9463,0.5395518410938216,%,0.005381014747940963,1.0
20180720,DXY_BROAD,113.3213,-0.5485039882822007,%,-0.005500137948383968,1.0
20180723,DXY_BROAD,113.4246,0.09115673752420062,%,0.0009111521500202212,3.0
20180724,DXY_BROAD,113.2045,-0.19404961533917575,%,-0.001942381355265196,1.0
20180725,DXY_BROAD,112.9221,-0.24946004796628785,%,-0.0024977171797995034,1.0
20180726,DXY_BROAD,112.9179,-0.003719378226230141,%,-3.719447396817239e-05,1.0
20180727,DXY_BROAD,112.8125,-0.09334215390119915,%,-0.0009338574481758494,1.0
20180730,DXY_BROAD,112.6044,-0.18446537396121787,%,-0.0018463572085175794,3.0
20180731,DXY_BROAD,112.7299,0.1114521279807823,%,0.0011139006620512458,1.0
20180801,DXY_BROAD,112.8899,0.14193217593556628,%,0.0014183154742763787,1.0
20180802,DXY_BROAD,113.1679,0.24625763686565438,%,0.002459549196214493,1.0
20180803,DXY_BROAD,113.012,-0.13775991248401454,%,-0.001378548886875634,1.0
20180806,DXY_BROAD,113.229,0.19201500725587461,%,0.0019183089408642067,3.0
20180807,DXY_BROAD,112.9759,-0.2235293078628242,%,-0.002237795075361257,1.0
20180808,DXY_BROAD,113.1411,0.14622587649224528,%,0.0014611907056339191,1.0
20180809,DXY_BROAD,113.3806,0.21168258042392196,%,0.002114588485283138,1.0
20180810,DXY_BROAD,114.3005,0.8113380948769011,%,0.008080644423621535,1.0
20180813,DXY_BROAD,114.851,0.48162518974108615,%,0.004804690861953492,3.0
20180814,DXY_BROAD,114.658,-0.16804381328852092,%,-0.0016818516528215928,1.0
20180815,DXY_BROAD,115.1526,0.4313698128346921,%,0.004304420802728422,1.0
20180816,DXY_BROAD,114.6416,-0.44375897721806723,%,-0.004447465099604431,1.0
20180817,DXY_BROAD,114.5339,-0.09394495540885339,%,-0.0009398911133909935,1.0
20180820,DXY_BROAD,114.3504,-0.1602145740256855,%,-0.0016034305482264858,3.0
20180821,DXY_BROAD,113.8604,-0.42850746477492985,%,-0.004294281892017551,1.0
20180822,DXY_BROAD,113.663,-0.17337019718883795,%,-0.0017352065724227975,1.0
20180823,DXY_BROAD,114.0932,0.37848728258096376,%,0.003777728216606106,1.0
20180824,DXY_BROAD,113.5985,-0.43359288721851463,%,-0.004345356272672155,1.0
20180827,DXY_BROAD,113.2721,-0.2873277376021721,%,-0.0028774131615339252,3.0
20180828,DXY_BROAD,113.3444,0.06382860386626721,%,0.0006380824207687951,1.0
20180829,DXY_BROAD,113.6461,0.26617989066950454,%,0.0026582625938975694,1.0
20180830,DXY_BROAD,114.0899,0.39051054105683214,%,0.0038975002792310653,1.0
20180831,DXY_BROAD,114.2755,0.16267872966844177,%,0.0016254655115447742,1.0
20180904,DXY_BROAD,114.8584,0.510083088676061,%,0.00508786571895525,4.0
20180905,DXY_BROAD,114.7477,-0.09637954211446642,%,-0.0009642601705911623,1.0
20180906,DXY_BROAD,114.6479,-0.08697342081801507,%,-0.0008701126464196227,1.0
20180907,DXY_BROAD,114.5816,-0.05782923193535794,%,-0.0005784595948494228,1.0
20180910,DXY_BROAD,114.6802,0.08605221082618186,%,0.0008601520713804773,3.0
20180911,DXY_BROAD,114.7051,0.021712553692787573,%,0.00021710196858994624,1.0
20180912,DXY_BROAD,114.2192,-0.42360801742904464,%,-0.004245077780623279,1.0
20180913,DXY_BROAD,113.9268,-0.25599899141299787,%,-0.002563272291408723,1.0
20180914,DXY_BROAD,114.0657,0.1219203909879063,%,0.0012184612843388187,1.0
20180917,DXY_BROAD,113.9158,-0.13141549124758845,%,-0.0013150191713058473,3.0
20180918,DXY_BROAD,113.7739,-0.12456568799060763,%,-0.001246433355318911,1.0
20180919,DXY_BROAD,113.6532,-0.10608760005590412,%,-0.0010614391278106763,1.0
20180920,DXY_BROAD,113.4989,-0.13576388522276162,%,-0.0013585612788301418,1.0
20180921,DXY_BROAD,113.5099,0.009691723884541759,%,9.691254267324912e-05,1.0
20180924,DXY_BROAD,113.5301,0.01779580459502217,%,0.00017794221329550016,3.0
20180925,DXY_BROAD,113.7202,0.16744458077637692,%,0.0016730454863391666,1.0
20180926,DXY_BROAD,113.6739,-0.040713962866756326,%,-0.00040722253250923554,1.0
20180927,DXY_BROAD,113.9784,0.2678715166805956,%,0.002675133803542608,1.0
20180928,DXY_BROAD,113.8077,-0.14976521867300363,%,-0.0014987747887511575,1.0
20181001,DXY_BROAD,113.8235,0.01388306766589853,%,0.00013882104057244047,3.0
20181002,DXY_BROAD,113.8954,0.06316797497880611,%,0.0006314803241126028,1.0
20181003,DXY_BROAD,114.1569,0.22959662989023855,%,0.0022933345957109864,1.0
20181004,DXY_BROAD,114.6867,0.46409809656711154,%,0.004630244818198185,1.0
20181005,DXY_BROAD,114.561,-0.10960294436930251,%,-0.001096630523204446,1.0
20181009,DXY_BROAD,114.6583,0.08493291783415735,%,0.0008489687024090276,4.0
20181010,DXY_BROAD,114.6072,-0.044567205339685056,%,-0.0004457713947032992,1.0
20181011,DXY_BROAD,114.4074,-0.17433459677926866,%,-0.001744867363844634,1.0
20181012,DXY_BROAD,114.3691,-0.03347685551807755,%,-0.0003348246026825209,1.0
20181015,DXY_BROAD,114.045,-0.28338073832879784,%,-0.00283783021718582,3.0
20181016,DXY_BROAD,113.8963,-0.1303871278881208,%,-0.001304722058655773,1.0
20181017,DXY_BROAD,114.1755,0.24513526778306982,%,0.002448353014011,1.0
20181018,DXY_BROAD,114.8164,0.5613288314918696,%,0.005597592521348389,1.0
20181019,DXY_BROAD,114.8567,0.0350995154002387,%,0.00035093356961344706,1.0
20181022,DXY_BROAD,115.1782,0.2799140145938406,%,0.002795229848441006,3.0
20181023,DXY_BROAD,115.1651,-0.011373680088777594,%,-0.00011374326940819122,1.0
20181024,DXY_BROAD,115.3755,0.1826942363615469,%,0.001825275534240837,1.0
20181025,DXY_BROAD,115.4831,0.09326070092869898,%,0.0009321724015612554,1.0
20181026,DXY_BROAD,115.473,-0.008745868443083005,%,-8.746250916457698e-05,1.0
20181029,DXY_BROAD,115.8936,0.3642409914005995,%,0.0036357924032715656,3.0
20181030,DXY_BROAD,116.2357,0.295184548585925,%,0.0029474973445656936,1.0
20181031,DXY_BROAD,116.5281,0.2515578260379625,%,0.0025124194897017896,1.0
20181101,DXY_BROAD,115.8657,-0.5684465806959804,%,-0.00570068387261101,1.0
20181102,DXY_BROAD,115.643,-0.19220528594744435,%,-0.0019239023733607001,1.0
20181105,DXY_BROAD,115.703,0.05188381484395599,%,0.0005187035984651831,3.0
20181106,DXY_BROAD,115.5622,-0.12169088096246616,%,-0.0012176498443922956,1.0
20181107,DXY_BROAD,115.2519,-0.2685134066329642,%,-0.002688745505053467,1.0
20181108,DXY_BROAD,115.6478,0.34350843673727205,%,0.003429197941461892,1.0
20181109,DXY_BROAD,116.4778,0.7176963158832317,%,0.007151331324824348,1.0
20181113,DXY_BROAD,116.6694,0.16449486511591616,%,0.001643597204963439,4.0
20181114,DXY_BROAD,116.498,-0.14691084380308306,%,-0.0014701886359136823,1.0
20181115,DXY_BROAD,116.3861,-0.09605315112706236,%,-0.0009609931172777786,1.0
20181116,DXY_BROAD,115.9258,-0.3954939636262478,%,-0.003962781091843144,1.0
20181119,DXY_BROAD,115.9859,0.0518435067948575,%,0.0005183007269181309,3.0
20181120,DXY_BROAD,116.2367,0.21623318006758208,%,0.0021599973259346563,1.0
20181121,DXY_BROAD,116.092,-0.12448736070449495,%,-0.0012456491058591898,1.0
20181123,DXY_BROAD,116.4713,0.32672363298074103,%,0.003261910510510567,2.0
20181126,DXY_BROAD,116.6208,0.12835780144979658,%,0.0012827549324896746,3.0
20181127,DXY_BROAD,116.9001,0.23949415541653085,%,0.0023920782523571284,1.0
20181128,DXY_BROAD,116.8343,-0.05628737699967523,%,-0.0005630322429068473,1.0
20181129,DXY_BROAD,116.1961,-0.5462436972704099,%,-0.005477410634895887,1.0
20181130,DXY_BROAD,116.413,0.1866671945099707,%,0.001864931878110707,1.0
20181203,DXY_BROAD,115.9057,-0.4357760731189875,%,-0.004367283445695831,3.0
20181204,DXY_BROAD,116.0028,0.08377499984901782,%,0.0008373992818217835,1.0
20181206,DXY_BROAD,116.3991,0.341629684800715,%,0.0034104745625988878,2.0
20181207,DXY_BROAD,116.0847,-0.27010518122563276,%,-0.0027047062347088317,1.0
20181210,DXY_BROAD,116.6746,0.5081634358360843,%,0.00506876642948054,3.0
20181211,DXY_BROAD,116.7564,0.07010951826704748,%,0.0007008495302533381,1.0
20181212,DXY_BROAD,116.2214,-0.45821899270618305,%,-0.0045927203398735275,1.0
20181213,DXY_BROAD,116.3974,0.15143510575506003,%,0.0015132055842744733,1.0
20181214,DXY_BROAD,116.79,0.3372927573983553,%,0.003367252012365352,1.0
20181217,DXY_BROAD,116.4532,-0.28838085452522755,%,-0.0028879747327009136,3.0
20181218,DXY_BROAD,116.4127,-0.034777919370176935,%,-0.00034783968291055397,1.0
20181219,DXY_BROAD,116.0676,-0.2964453191103722,%,-0.0029688558856723808,1.0
20181220,DXY_BROAD,116.0183,-0.04247524718353768,%,-0.00042484270471853996,1.0
20181221,DXY_BROAD,116.2227,0.17617910277947235,%,0.0017602408943889457,1.0
20181224,DXY_BROAD,116.2182,-0.0038718770085433007,%,-3.871951967636036e-05,3.0
20181226,DXY_BROAD,116.1162,-0.08776594371621149,%,-0.0008780448057039923,2.0
20181227,DXY_BROAD,115.9927,-0.10635897488895374,%,-0.0010641557618391478,1.0
20181228,DXY_BROAD,115.7232,-0.23234220774237535,%,-0.0023261254106331404,1.0
20181231,DXY_BROAD,115.5674,-0.13463160368880622,%,-0.0013472231345751707,3.0
20190102,DXY_BROAD,115.7689,0.17435712839433126,%,0.0017420530280675994,2.0
20190103,DXY_BROAD,115.4622,-0.26492434496657724,%,-0.002652758905331507,1.0
20190104,DXY_BROAD,114.9821,-0.4158070779874179,%,-0.004166739594888852,1.0
20190107,DXY_BROAD,114.5628,-0.3646654566232588,%,-0.0036533198198474273,3.0
20190108,DXY_BROAD,114.7281,0.14428767453309455,%,0.0014418367989026603,1.0
20190109,DXY_BROAD,114.1406,-0.5120803011642194,%,-0.005133959256294406,1.0
20190110,DXY_BROAD,114.0496,-0.07972623238358123,%,-0.0007975803064639293,1.0
20190111,DXY_BROAD,114.0404,-0.008066665731398803,%,-8.066991104376865e-05,1.0
20190115,DXY_BROAD,114.3402,0.2628892918649761,%,0.0026254434239065243,4.0
20190116,DXY_BROAD,114.137,-0.1777152742429955,%,-0.001778733751772644,1.0
20190117,DXY_BROAD,114.4115,0.24050045121213337,%,0.0024021171173080726,1.0
20190118,DXY_BROAD,114.558,0.12804656874527698,%,0.0012796465904069464,1.0
20190122,DXY_BROAD,114.7541,0.171179664449439,%,0.0017103331904707762,4.0
20190123,DXY_BROAD,114.5759,-0.15528856921015466,%,-0.0015540926687809566,1.0
20190124,DXY_BROAD,114.617,0.03587141798579996,%,0.000358649857308398,1.0
20190125,DXY_BROAD,114.0197,-0.5211268834466098,%,-0.0052248948557541445,1.0
20190128,DXY_BROAD,114.0522,0.028503846265159893,%,0.0002849978469068532,3.0
20190129,DXY_BROAD,114.026,-0.022971937411120358,%,-0.00022974576364816058,1.0
20190130,DXY_BROAD,114.0731,0.04130636872292648,%,0.00041297839990966597,1.0
20190131,DXY_BROAD,113.5504,-0.4582149516406564,%,-0.004592679743197401,1.0
20190201,DXY_BROAD,113.7548,0.180008172582391,%,0.0017984635203577887,1.0
20190204,DXY_BROAD,113.8766,0.10707240485674507,%,0.0010701512324222456,3.0
20190205,DXY_BROAD,114.0431,0.14621089846378332,%,0.0014610411440358565,1.0
20190206,DXY_BROAD,114.2305,0.16432383896967107,%,0.0016418897507154532,1.0
20190207,DXY_BROAD,114.4339,0.17806102573305616,%,0.0017790268502282834,1.0
20190208,DXY_BROAD,114.5003,0.05802476364085152,%,0.0005800793578410838,1.0
20190211,DXY_BROAD,115.031,0.4634922353915272,%,0.004624214176268073,3.0
20190212,DXY_BROAD,114.7297,-0.2619293929462585,%,-0.002622730281662949,1.0
20190213,DXY_BROAD,114.9407,0.1839105305775357,%,0.0018374162222304197,1.0
20190214,DXY_BROAD,115.1007,0.1392022147072236,%,0.0013910541824246254,1.0
20190215,DXY_BROAD,114.9923,-0.09417840204273276,%,-0.0009422277776354027,1.0
20190219,DXY_BROAD,114.57,-0.3672419805500038,%,-0.003679179694288452,4.0
20190221,DXY_BROAD,114.5091,-0.05315527625031624,%,-0.0005316940867559084,2.0
20190222,DXY_BROAD,114.2716,-0.20740709690321157,%,-0.0020762248329174266,1.0
20190225,DXY_BROAD,114.1457,-0.11017610674918243,%,-0.001102368452386416,3.0
20190226,DXY_BROAD,114.0687,-0.06745764404616494,%,-0.0006748040695232205,1.0
20190227,DXY_BROAD,114.0363,-0.028403935523080293,%,-0.00028407970204869984,1.0
20190228,DXY_BROAD,114.1991,0.1427615592578979,%,0.001426597518269545,1.0
20190301,DXY_BROAD,114.537,0.29588674516700664,%,0.002954498619114511,1.0
20190304,DXY_BROAD,114.6925,0.13576398892933828,%,0.0013567191295381137,3.0
20190305,DXY_BROAD,114.804,0.09721647012665979,%,0.000971692455205921,1.0
20190306,DXY_BROAD,114.9714,0.1458137347130739,%,0.0014570752971536623,1.0
20190307,DXY_BROAD,115.4919,0.45272128546751667,%,0.004516995851319791,1.0
20190308,DXY_BROAD,115.3599,-0.11429372969014029,%,-0.0011435909478358813,1.0
20190311,DXY_BROAD,115.2967,-0.054785068294960215,%,-0.0005480008079682396,3.0
20190312,DXY_BROAD,114.939,-0.3102430511888077,%,-0.0031072530263556437,1.0
20190313,DXY_BROAD,114.7372,-0.17557139004166222,%,-0.0017572569724598722,1.0
20190314,DXY_BROAD,114.79,0.04601820508083332,%,0.0004600761995210534,1.0
20190315,DXY_BROAD,114.5815,-0.18163603101315484,%,-0.0018180118927353932,1.0
20190318,DXY_BROAD,114.4375,-0.12567473806853746,%,-0.0012575377499405296,3.0
20190319,DXY_BROAD,114.2324,-0.17922446750410215,%,-0.001793852667092647,1.0
20190320,DXY_BROAD,114.1509,-0.07134578280768578,%,-0.0007137124602331535,1.0
20190321,DXY_BROAD,114.1684,0.015330584340556008,%,0.00015329409326564366,1.0
20190322,DXY_BROAD,114.6856,0.4530150199179461,%,0.0045199199534965775,1.0
20190325,DXY_BROAD,114.4171,-0.234118319998311,%,-0.002343928054345873,3.0
20190326,DXY_BROAD,114.6414,0.19603713081348673,%,0.001958452287887521,1.0
20190327,DXY_BROAD,115.1243,0.4212265377080193,%,0.0042034186218296195,1.0
20190328,DXY_BROAD,115.2581,0.1162222050427264,%,0.0011615471932186886,1.0
20190329,DXY_BROAD,115.1371,-0.10498177568430966,%,-0.0010503692014824208,1.0
20190401,DXY_BROAD,114.9362,-0.17448763257021938,%,-0.0017464003955317956,3.0
20190402,DXY_BROAD,115.1173,0.157565675566107,%,0.001574416710974206,1.0
20190403,DXY_BROAD,114.7211,-0.34417068503169723,%,-0.003447643147916522,1.0
20190404,DXY_BROAD,114.9697,0.21669945633366883,%,0.002164650017086299,1.0
20190405,DXY_BROAD,114.9726,0.002522403728977274,%,2.5223719169093654e-05,1.0
20190408,DXY_BROAD,114.6893,-0.24640653512227884,%,-0.0024671061564392363,3.0
20190409,DXY_BROAD,114.5321,-0.13706596866490672,%,-0.001371599899877153,1.0
20190410,DXY_BROAD,114.4269,-0.09185197861559802,%,-0.0009189418839446677,1.0
20190411,DXY_BROAD,114.6303,0.17775540541604684,%,0.0017759760746386005,1.0
20190412,DXY_BROAD,114.3531,-0.24182087981974298,%,-0.0024211373873392742,1.0
20190415,DXY_BROAD,114.495,0.12408933382654919,%,0.0012401240664507655,3.0
20190416,DXY_BROAD,114.6756,0.15773614568321825,%,0.0015761187288985622,1.0
20190417,DXY_BROAD,114.5141,-0.14083205145646316,%,-0.001409313129957039,1.0
20190418,DXY_BROAD,114.7073,0.16871284846144974,%,0.0016857068820788522,1.0
20190419,DXY_BROAD,114.6977,-0.008369127335405846,%,-8.369477566408616e-05,1.0
20190422,DXY_BROAD,114.7694,0.06251215150783196,%,0.0006249262080135395,3.0
20190423,DXY_BROAD,115.1578,0.33841773155560695,%,0.0033784638740751963,1.0
20190424,DXY_BROAD,115.4187,0.2265586872969072,%,0.002263024300786324,1.0
20190425,DXY_BROAD,115.7709,0.3051498587317347,%,0.0030468522153683794,1.0
20190426,DXY_BROAD,115.4767,-0.2541225817541348,%,-0.0025444602125833144,1.0
20190429,DXY_BROAD,115.5227,0.039834875780142553,%,0.00039826943799893533,3.0
20190430,DXY_BROAD,115.3281,-0.1684517415191933,%,-0.001685937809996951,1.0
20190501,DXY_BROAD,115.0022,-0.28258507683730505,%,-0.0028298510225137656,1.0
20190502,DXY_BROAD,115.5617,0.4865124319360925,%,0.004853327847435937,1.0
20190503,DXY_BROAD,115.2646,-0.25709209885281803,%,-0.002574231481120021,1.0
20190506,DXY_BROAD,115.3811,0.10107179480951523,%,0.001010207516615737,3.0
20190507,DXY_BROAD,115.6116,0.19977275307654363,%,0.001995734726733463,1.0
20190508,DXY_BROAD,115.5171,-0.08173920264056278,%,-0.0008177262734210192,1.0
20190509,DXY_BROAD,115.8421,0.28134362791309986,%,0.002809485974834387,1.0
20190510,DXY_BROAD,115.5334,-0.26648342873618613,%,-0.0026683912788519645,1.0
20190513,DXY_BROAD,115.915,0.33029409677201027,%,0.003297498239582219,3.0
20190514,DXY_BROAD,115.9425,0.023724280722925428,%,0.00023721466960467466,1.0
20190515,DXY_BROAD,115.8565,-0.07417469866528581,%,-0.000742022217058261,1.0
20190516,DXY_BROAD,116.0346,0.15372465075329522,%,0.0015360661536289331,1.0
20190517,DXY_BROAD,116.448,0.356273042695876,%,0.003556398936716818,1.0
20190520,DXY_BROAD,116.3119,-0.1168762022533687,%,-0.0011694455575113995,3.0
20190521,DXY_BROAD,116.2844,-0.02364332454374285,%,-0.00023646120018357692,1.0
20190522,DXY_BROAD,116.2412,-0.03715029703038608,%,-0.0003715719946280234,1.0
20190523,DXY_BROAD,116.2368,-0.0037852327746112913,%,-3.785304416354958e-05,1.0
20190524,DXY_BROAD,116.0806,-0.13438085012663636,%,-0.0013447122216191927,1.0
20190528,DXY_BROAD,116.3174,0.20399618885498239,%,0.0020378839917035026,4.0
20190529,DXY_BROAD,116.5535,0.2029790899727768,%,0.0020277336575567073,1.0
20190530,DXY_BROAD,116.3989,-0.1326429493751835,%,-0.0013273099800408953,1.0
20190531,DXY_BROAD,116.7273,0.2821332504001406,%,0.002817360015505549,1.0
20190603,DXY_BROAD,116.4764,-0.21494543264515276,%,-0.002151767719017857,3.0
20190604,DXY_BROAD,116.091,-0.3308824791975029,%,-0.0033143110581322095,1.0
20190605,DXY_BROAD,116.03,-0.052544986260771864,%,-0.000525587959764316,1.0
20190606,DXY_BROAD,115.9771,-0.045591657330013025,%,-0.00045602053486076827,1.0
20190607,DXY_BROAD,115.7368,-0.20719607577701638,%,-0.002074110238066804,1.0
20190610,DXY_BROAD,115.5001,-0.20451576335270838,%,-0.0020472518241872405,3.0
20190611,DXY_BROAD,115.3794,-0.10450207402418199,%,-0.0010455671551253482,1.0
20190612,DXY_BROAD,115.438,0.05078896232775243,%,0.0005077606909965391,1.0
20190613,DXY_BROAD,115.6275,0.16415738318404927,%,0.0016402279222564509,1.0
20190614,DXY_BROAD,115.9057,0.2406002032388388,%,0.002403112243795106,1.0
20190617,DXY_BROAD,115.9684,0.054095700211465036,%,0.0005408107376217392,3.0
20190618,DXY_BROAD,115.8797,-0.07648635317897279,%,-0.0007651561891389968,1.0
20190619,DXY_BROAD,115.7889,-0.07835712381030202,%,-0.0007838783905066189,1.0
20190620,DXY_BROAD,114.8046,-0.8500814844946358,%,-0.008537152853129743,1.0
20190621,DXY_BROAD,114.8377,0.028831597340173154,%,0.00028827441833860604,1.0
20190624,DXY_BROAD,114.6559,-0.1583103806502506,%,-0.001584358239440101,3.0
20190625,DXY_BROAD,114.6363,-0.01709462836190223,%,-0.00017096089660034418,1.0
20190626,DXY_BROAD,114.5608,-0.06586046479170049,%,-0.0006588216232306643,1.0
20190627,DXY_BROAD,114.665,0.09095606874254258,%,0.0009091472877591029,1.0
20190628,DXY_BROAD,114.5821,-0.07229756246457386,%,-0.000723237097555944,1.0
20190701,DXY_BROAD,114.7239,0.12375405931641659,%,0.0012367754709857479,3.0
20190702,DXY_BROAD,114.8258,0.08882194555799305,%,0.0008878252221059187,1.0
20190703,DXY_BROAD,114.8135,-0.010711878340929903,%,-0.00010712452103592063,1.0
20190705,DXY_BROAD,115.1132,0.2610320214957218,%,0.0026069192462708293,2.0
20190708,DXY_BROAD,115.0254,-0.07627274717408872,%,-0.0007630184963300036,3.0
20190709,DXY_BROAD,115.1017,0.06633317510740255,%,0.0006631118438103072,1.0
20190710,DXY_BROAD,115.0879,-0.011989397202638585,%,-0.00011990115988317619,1.0
20190711,DXY_BROAD,114.8361,-0.21878929062048025,%,-0.00219028984068479,1.0
20190712,DXY_BROAD,114.7685,-0.05886650626414358,%,-0.0005888383939454831,1.0
20190715,DXY_BROAD,114.6819,-0.07545624452702793,%,-0.0007548472708002973,3.0
20190716,DXY_BROAD,115.0111,0.287054888347682,%,0.002866436725584513,1.0
20190717,DXY_BROAD,114.8819,-0.11233698312597129,%,-0.0011240012840962798,1.0
20190718,DXY_BROAD,114.8744,-0.006528443558129204,%,-6.528656670280984e-05,1.0
20190719,DXY_BROAD,114.8695,-0.004265528263902585,%,-4.265619240146523e-05,1.0
20190722,DXY_BROAD,115.0018,0.11517417591266899,%,0.0011510790134126303,3.0
20190723,DXY_BROAD,115.2995,0.2588655134093454,%,0.0025853103374982363,1.0
20190724,DXY_BROAD,115.2436,-0.04848243053958701,%,-0.00048494187069996825,1.0
20190725,DXY_BROAD,115.2982,0.0473779021134213,%,0.00047366682329037053,1.0
20190726,DXY_BROAD,115.5449,0.21396691362050024,%,0.002137383304234143,1.0
20190729,DXY_BROAD,115.5885,0.03773424876389875,%,0.000377271311867031,3.0
20190730,DXY_BROAD,115.6211,0.02820349775281006,%,0.0002819952131402824,1.0
20190731,DXY_BROAD,115.4946,-0.1094090957446281,%,-0.0010946899118714657,1.0
20190801,DXY_BROAD,116.0499,0.48080169981972176,%,0.0047964954004026455,1.0
20190802,DXY_BROAD,116.1864,0.11762181613255152,%,0.0011755269586942983,1.0
20190805,DXY_BROAD,116.5851,0.343155481192281,%,0.0034256804626409203,3.0
20190806,DXY_BROAD,116.6904,0.09032028964250927,%,0.0009027952541263747,1.0
20190807,DXY_BROAD,116.7987,0.09280969128566685,%,0.000927666497207878,1.0
20190808,DXY_BROAD,116.474,-0.2779996695168596,%,-0.002783868062571552,1.0
20190809,DXY_BROAD,116.4419,-0.027559798753373776,%,-0.00027563597163815956,1.0
20190812,DXY_BROAD,116.7548,0.2687177038505961,%,0.002683573033244226,3.0
20190813,DXY_BROAD,116.7267,-0.0240675329836626,%,-0.0002407042967916695,1.0
20190814,DXY_BROAD,117.0913,0.31235355749799076,%,0.003118667472229654,1.0
20190815,DXY_BROAD,117.2239,0.11324496354554459,%,0.0011318088980566238,1.0
20190816,DXY_BROAD,117.0786,-0.12395083255206663,%,-0.0012402771513415204,1.0
20190819,DXY_BROAD,117.3886,0.26477938752256236,%,0.0026442946444895973,3.0
20190820,DXY_BROAD,117.3726,-0.013629943623139074,%,-0.00013630872584367143,1.0
20190821,DXY_BROAD,117.1764,-0.16715996748816186,%,-0.0016729983565259914,1.0
20190822,DXY_BROAD,117.3558,0.15310250186897356,%,0.001529854194773935,1.0
20190823,DXY_BROAD,117.3009,-0.046780815264357845,%,-0.0004679176090151381,1.0
20190826,DXY_BROAD,117.6658,0.3110803071417312,%,0.0031059745347023684,3.0
20190827,DXY_BROAD,117.75,0.07155860071490494,%,0.0007153300975585063,1.0
20190828,DXY_BROAD,117.8767,0.10760084925689473,%,0.0010754300103615645,1.0
20190829,DXY_BROAD,118.0625,0.15762232909473095,%,0.001574982354839639,1.0
20190830,DXY_BROAD,118.1575,0.08046585494971836,%,0.0008043349853673392,1.0
20190903,DXY_BROAD,118.3113,0.13016524554090303,%,0.0013008060402643126,4.0
20190904,DXY_BROAD,117.6729,-0.5395934285228887,%,-0.005410544921023068,1.0
20190905,DXY_BROAD,117.4776,-0.16596854500908753,%,-0.0016610642537856373,1.0
20190906,DXY_BROAD,117.1292,-0.2965671753593857,%,-0.0029700780720213938,1.0
20190909,DXY_BROAD,117.0601,-0.058994682794721864,%,-0.000590120915048577,3.0
20190910,DXY_BROAD,117.0887,0.024431894385879005,%,0.0002442891028460101,1.0
20190911,DXY_BROAD,117.3125,0.19113714645393465,%,0.001909547118400488,1.0
20190912,DXY_BROAD,116.8375,-0.4049014384656324,%,-0.0040572338380257264,1.0
20190913,DXY_BROAD,116.7677,-0.05974109339895728,%,-0.0005975894550054099,1.0
20190916,DXY_BROAD,117.0251,0.22043767240425005,%,0.002201950650337847,3.0
20190917,DXY_BROAD,116.9826,-0.036316995242891004,%,-0.0003632359146068878,1.0
20190918,DXY_BROAD,116.9766,-0.005128967897793935,%,-5.129099433850065e-05,1.0
20190919,DXY_BROAD,117.0861,0.09360846528279065,%,0.0009356467988135875,1.0
20190920,DXY_BROAD,117.1819,0.08182013065598515,%,0.0008178667623413976,1.0
20190923,DXY_BROAD,117.2986,0.09958875901483477,%,0.000995392023094337,3.0
20190924,DXY_BROAD,117.2227,-0.0647066546403674,%,-0.000647275984313128,1.0
20190925,DXY_BROAD,117.6527,0.36682314944118666,%,0.003661519941276523,1.0
20190926,DXY_BROAD,117.7267,0.06289698408961097,%,0.0006287721222674236,1.0
20190927,DXY_BROAD,117.7218,-0.004162182410605286,%,-4.162269031820946e-05,1.0
20190930,DXY_BROAD,117.9461,0.1905339537791706,%,0.0019035266807880661,3.0
20191001,DXY_BROAD,117.9595,0.011361121732722523,%,0.00011360476406164489,1.0
20191002,DXY_BROAD,117.9671,0.006442889296742749,%,6.442681751544855e-05,1.0
20191003,DXY_BROAD,117.6608,-0.2596486647548413,%,-0.0025998633653387727,1.0
20191004,DXY_BROAD,117.5288,-0.11218689657047642,%,-0.0011224987317469163,1.0
20191007,DXY_BROAD,117.5533,0.020845954353299057,%,0.00020843781886143654,3.0
20191008,DXY_BROAD,117.7407,0.15941704741595508,%,0.0015929011332606684,1.0
20191009,DXY_BROAD,117.6835,-0.04858133168904599,%,-0.00048593136241350024,1.0
20191010,DXY_BROAD,117.2801,-0.34278382271091257,%,-0.003433726724961047,1.0
20191011,DXY_BROAD,116.8239,-0.3889832972516327,%,-0.0038974180489696328,1.0
20191015,DXY_BROAD,116.8111,-0.010956662121364147,%,-0.000109572624074363,4.0
20191016,DXY_BROAD,116.6425,-0.14433559824366116,%,-0.00144439862407209,1.0
20191017,DXY_BROAD,116.2615,-0.3266390895256932,%,-0.003271737195242132,1.0
20191018,DXY_BROAD,116.1344,-0.1093225186325597,%,-0.001093823192856535,1.0
20191021,DXY_BROAD,116.0436,-0.07818527499173777,%,-0.0007821585561860255,3.0
20191022,DXY_BROAD,115.9851,-0.05041208649162465,%,-0.0005042479765610185,1.0
20191023,DXY_BROAD,116.0586,0.06337020875957222,%,0.0006335013832145246,1.0
20191024,DXY_BROAD,116.1278,0.05962505148260355,%,0.0005960728281148407,1.0
20191025,DXY_BROAD,116.0774,-0.043400460527109885,%,-0.00043409881252837217,1.0
20191028,DXY_BROAD,116.0222,-0.04755447658200129,%,-0.0004756578730919645,3.0
20191029,DXY_BROAD,115.9797,-0.036630920634161956,%,-0.0003663763139475345,1.0
20191030,DXY_BROAD,116.1636,0.15856223114907309,%,0.0015843665397112948,1.0
20191031,DXY_BROAD,115.9125,-0.2161606561780216,%,-0.002163946205444953,1.0
20191101,DXY_BROAD,115.7312,-0.1564110859484491,%,-0.0015653353578755885,1.0
20191104,DXY_BROAD,115.8624,0.11336614499806164,%,0.0011330193410826147,3.0
20191105,DXY_BROAD,116.1138,0.21698152290994255,%,0.0021674645797376043,1.0
20191106,DXY_BROAD,116.1004,-0.01154040260503697,%,-0.00011541068560734873,1.0
20191107,DXY_BROAD,116.1172,0.014470234383345826,%,0.00014469187545915617,1.0
20191108,DXY_BROAD,116.3436,0.19497542138460222,%,0.0019478559101820299,1.0
20191112,DXY_BROAD,116.5837,0.20637147208784068,%,0.0020615881868575985,4.0
20191113,DXY_BROAD,116.8397,0.21958472753909053,%,0.0021934399262324307,1.0
20191114,DXY_BROAD,116.8022,-0.03209525529421775,%,-0.00032100406923594977,1.0
20191115,DXY_BROAD,116.4401,-0.31001128403402856,%,-0.0031049281447182793,1.0
20191118,DXY_BROAD,116.3625,-0.06664370779482232,%,-0.0006666592458504241,3.0
20191119,DXY_BROAD,116.5391,0.15176710710065322,%,0.0015165205721720777,1.0
20191120,DXY_BROAD,116.828,0.24789963196900633,%,0.002475928677050805,1.0
20191121,DXY_BROAD,116.7435,-0.07232855137467853,%,-0.0007235472109094366,1.0
20191122,DXY_BROAD,116.9137,0.14578970135383784,%,0.0014568353134616476,1.0
20191125,DXY_BROAD,117.0098,0.08219738148735889,%,0.0008216361794030959,3.0
20191126,DXY_BROAD,117.0513,0.035467114720311166,%,0.00035460826625938077,1.0
20191127,DXY_BROAD,117.1273,0.06492879617741032,%,0.0006490772655422025,1.0
20191129,DXY_BROAD,117.1204,-0.005891026259463583,%,-5.891199787230609e-05,2.0
20191202,DXY_BROAD,116.9647,-0.13294011974003261,%,-0.0013302856351074144,3.0
20191203,DXY_BROAD,116.8898,-0.06403641440536623,%,-0.0006405692647447888,1.0
20191204,DXY_BROAD,116.692,-0.1692192133103121,%,-0.0016936255074689057,1.0
20191205,DXY_BROAD,116.3838,-0.2641140780858975,%,-0.0026446347465639503,1.0
20191206,DXY_BROAD,116.5381,0.13257858911635,%,0.00132490781305892,1.0
20191209,DXY_BROAD,116.3283,-0.18002696113974537,%,-0.0018018920442377463,3.0
20191210,DXY_BROAD,116.2542,-0.06369903110421404,%,-0.0006371932755658547,1.0
20191211,DXY_BROAD,116.1478,-0.09152357506222453,%,-0.0009156548345884516,1.0
20191212,DXY_BROAD,115.8741,-0.23564802777151783,%,-0.0023592611469327638,1.0
20191213,DXY_BROAD,115.6967,-0.15309719773443087,%,-0.001532145112452885,1.0
20191216,DXY_BROAD,115.555,-0.12247540336068896,%,-0.0012255046577775554,3.0
20191217,DXY_BROAD,115.5553,0.0002596166327695215,%,2.5961629576612473e-06,1.0
20191218,DXY_BROAD,115.6618,0.09216366536195508,%,0.0009212122073290562,1.0
20191219,DXY_BROAD,115.5988,-0.05446915057520929,%,-0.0005448399040602908,1.0
20191220,DXY_BROAD,115.7598,0.13927480216058274,%,0.0013917790476666656,1.0
20191223,DXY_BROAD,115.8059,0.03982384212826151,%,0.00039815914540895645,3.0
20191226,DXY_BROAD,115.634,-0.14843803294996016,%,-0.001485483113416506,3.0
20191227,DXY_BROAD,115.22,-0.3580261860698375,%,-0.0035866863369826995,1.0
20191230,DXY_BROAD,114.9631,-0.22296476306197244,%,-0.002232136995857969,3.0
20191231,DXY_BROAD,114.669,-0.2558212156770323,%,-0.0025614899729159667,1.0
20200102,DXY_BROAD,114.9745,0.2664189972878539,%,0.0026606473095964174,2.0
20200103,DXY_BROAD,114.9867,0.010611048536834922,%,0.00010610485604901302,1.0
20200106,DXY_BROAD,114.9557,-0.026959639680068648,%,-0.0002696327444422127,3.0
20200107,DXY_BROAD,115.1477,0.1670208610795365,%,0.0016688153635202449,1.0
20200108,DXY_BROAD,115.1328,-0.012939902403608095,%,-0.0001294073968120855,1.0
20200109,DXY_BROAD,115.2331,0.08711679034991704,%,0.0008707886569834054,1.0
20200110,DXY_BROAD,115.0677,-0.14353514745328866,%,-0.00143638257824287,1.0
20200113,DXY_BROAD,115.0342,-0.029113295911886716,%,-0.0002911753465459275,3.0
20200114,DXY_BROAD,115.0239,-0.008953858939342307,%,-8.954259821221612e-05,1.0
20200115,DXY_BROAD,114.9528,-0.06181324055262172,%,-0.0006183235281250375,1.0
20200116,DXY_BROAD,115.0006,0.041582284207097864,%,0.00041573641171196627,1.0
20200117,DXY_BROAD,115.0656,0.05652144423593519,%,0.0005650547688401125,1.0
20200121,DXY_BROAD,115.1876,0.10602647533233256,%,0.0010597030696369732,4.0
20200122,DXY_BROAD,115.2273,0.03446551538532905,%,0.0003445957739090957,1.0
20200123,DXY_BROAD,115.5545,0.2839604850586763,%,0.00283558078876343,1.0
20200124,DXY_BROAD,115.5556,0.0009519317724526744,%,9.51927241610931e-06,1.0
20200127,DXY_BROAD,115.8004,0.21184607236688358,%,0.0021162199498527983,3.0
20200128,DXY_BROAD,115.7239,-0.06606194797253995,%,-0.0006608377849236349,1.0
20200129,DXY_BROAD,115.7003,-0.020393367316517974,%,-0.00020395447046426618,1.0
20200130,DXY_BROAD,115.8077,0.09282603415894375,%,0.0009278297743902559,1.0
20200131,DXY_BROAD,115.7345,-0.06320823226779737,%,-0.0006322821709274292,1.0
20200203,DXY_BROAD,116.1172,0.33067062976035455,%,0.0033012511667034243,3.0
20200204,DXY_BROAD,115.9291,-0.16199150513446225,%,-0.0016212285324082231,1.0
20200205,DXY_BROAD,116.009,0.0689214356015766,%,0.0006889769568744985,1.0
20200206,DXY_BROAD,116.1518,0.12309389788722758,%,0.0012301819946246868,1.0
20200207,DXY_BROAD,116.5086,0.3071842192716723,%,0.003067133725469511,1.0
20200210,DXY_BROAD,116.5711,0.053644108675232616,%,0.0005362972536688997,3.0
20200211,DXY_BROAD,116.3585,-0.18237796503592918,%,-0.0018254447613041196,1.0
20200212,DXY_BROAD,116.2794,-0.06797956316041409,%,-0.0006800267974241284,1.0
20200213,DXY_BROAD,116.3999,0.10362970569164354,%,0.0010357604717970727,1.0
20200214,DXY_BROAD,116.4223,0.019244002786944492,%,0.0001924215136624933,1.0
20200218,DXY_BROAD,116.6039,0.1559838621982168,%,0.0015586233373200203,4.0
20200219,DXY_BROAD,116.7829,0.15351116043289537,%,0.0015339345249882068,1.0
20200220,DXY_BROAD,117.2454,0.3960340084036229,%,0.0039525185809860764,1.0
20200221,DXY_BROAD,117.0473,-0.1689618526611647,%,-0.0016910475418816788,1.0
20200224,DXY_BROAD,117.4018,0.302869011074991,%,0.0030241128685596927,3.0
20200225,DXY_BROAD,117.2425,-0.13568786849944559,%,-0.0013578000784510923,1.0
20200226,DXY_BROAD,117.405,0.1386016163080761,%,0.0013850565292882243,1.0
20200227,DXY_BROAD,117.3678,-0.03168519228312627,%,-0.0003169021310077486,1.0
20200228,DXY_BROAD,117.6568,0.2462344868013222,%,0.0024593182642320835,1.0
20200302,DXY_BROAD,116.8144,-0.7159807167966492,%,-0.007185561592076276,3.0
20200303,DXY_BROAD,116.4958,-0.2727403470805023,%,-0.002731129612320958,1.0
20200304,DXY_BROAD,116.7802,0.244128972890012,%,0.0024383146222110453,1.0
20200305,DXY_BROAD,116.7901,0.008477464501699394,%,8.47710518498466e-05,1.0
20200306,DXY_BROAD,116.7106,-0.06807083819604376,%,-0.0006809401691033428,1.0
20200309,DXY_BROAD,117.1871,0.40827482679379745,%,0.004074436466875497,3.0
20200310,DXY_BROAD,117.9027,0.6106474176765131,%,0.006087905218894301,1.0
20200311,DXY_BROAD,118.2505,0.2949890036445302,%,0.0029455476484471646,1.0
20200312,DXY_BROAD,120.4883,1.8924232878507752,%,0.018747397088045206,1.0
20200313,DXY_BROAD,120.4388,-0.04108282712926847,%,-0.00041091268434723593,1.0
20200316,DXY_BROAD,120.9352,0.41215953662772087,%,0.004113124858788621,3.0
20200317,DXY_BROAD,122.4816,1.278701321038045,%,0.01270594966598672,1.0
20200318,DXY_BROAD,124.1623,1.372206110958718,%,0.013628766126482436,1.0
20200319,DXY_BROAD,125.0587,0.721958275579615,%,0.007193646326859701,1.0
20200320,DXY_BROAD,124.9362,-0.09795400080122585,%,-0.0009800200708453444,1.0
20200323,DXY_BROAD,126.1262,0.9524861489304204,%,0.009479785995292749,3.0
20200324,DXY_BROAD,125.5001,-0.49640756638984485,%,-0.004976437614905497,1.0
20200325,DXY_BROAD,124.7916,-0.5645413828355483,%,-0.005661409406514864,1.0
20200326,DXY_BROAD,122.4308,-1.8917939989550603,%,-0.019099173567123005,1.0
20200327,DXY_BROAD,122.4007,-0.02458531676670095,%,-0.00024588339451138056,1.0
20200330,DXY_BROAD,123.2883,0.7251592515402416,%,0.0072254261408395675,3.0
20200331,DXY_BROAD,122.5301,-0.6149813080397748,%,-0.006168801069275374,1.0
20200401,DXY_BROAD,123.7933,1.0309303591525598,%,0.010256525150637592,1.0
20200402,DXY_BROAD,123.5916,-0.16293288893663993,%,-0.0016306576892454292,1.0
20200403,DXY_BROAD,124.4152,0.6663883305985108,%,0.006641777787016795,1.0
20200406,DXY_BROAD,124.16,-0.20511963168488023,%,-0.0020533029011855605,3.0
20200407,DXY_BROAD,123.0956,-0.8572809278350468,%,-0.00860976718143925,1.0
20200408,DXY_BROAD,123.2216,0.10235946695087428,%,0.0010230711536998907,1.0
20200409,DXY_BROAD,122.476,-0.6050887182117437,%,-0.006069267984245064,1.0
20200410,DXY_BROAD,122.1592,-0.25866292171528027,%,-0.0025899803224649267,1.0
20200413,DXY_BROAD,122.5203,0.295597875559106,%,0.002951618440940975,3.0
20200414,DXY_BROAD,122.1121,-0.3331692788868468,%,-0.0033372552356336896,1.0
20200415,DXY_BROAD,123.0752,0.7887015291686783,%,0.007856075362568084,1.0
20200416,DXY_BROAD,123.4615,0.31387314422401946,%,0.0031338159077162766,1.0
20200417,DXY_BROAD,122.871,-0.4782867533603685,%,-0.0047943420465292735,1.0
20200420,DXY_BROAD,123.1033,0.18906007113153045,%,0.0018888157751707658,3.0
20200421,DXY_BROAD,123.9116,0.6566030317627591,%,0.006544567838195354,1.0
20200422,DXY_BROAD,123.9256,0.01129837723021776,%,0.00011297739011649354,1.0
20200423,DXY_BROAD,123.7542,-0.138308791726649,%,-0.0013840452661935732,1.0
20200424,DXY_BROAD,124.1615,0.3291201429931334,%,0.0032857972806878857,1.0
20200427,DXY_BROAD,123.8843,-0.22325761206171135,%,-0.002235072034254382,3.0
20200428,DXY_BROAD,123.3693,-0.4157104653293442,%,-0.004165769434782372,1.0
20200429,DXY_BROAD,122.7782,-0.4791305454436401,%,-0.0048028205547140605,1.0
20200430,DXY_BROAD,122.327,-0.3674919488964701,%,-0.0036816885946241275,1.0
20200501,DXY_BROAD,123.1492,0.6721328897136392,%,0.006698841473407949,1.0
20200504,DXY_BROAD,123.2117,0.050751446213204154,%,0.0005073857202244832,3.0
20200505,DXY_BROAD,122.803,-0.3317055117330492,%,-0.0033225687406942114,1.0
20200506,DXY_BROAD,123.609,0.656335757269777,%,0.0065419125245867,1.0
20200507,DXY_BROAD,123.1249,-0.3916381493256904,%,-0.003924070597466594,1.0
20200508,DXY_BROAD,122.5379,-0.47675165624500027,%,-0.004778917419820483,1.0
20200511,DXY_BROAD,123.2333,0.5674978924887775,%,0.0056589368954923155,3.0
20200512,DXY_BROAD,123.0592,-0.1412767490605149,%,-0.001413766387513302,1.0
20200513,DXY_BROAD,123.5408,0.39135635531517554,%,0.0039059254848676376,1.0
20200514,DXY_BROAD,123.6429,0.08264476189241421,%,0.0008261062991330694,1.0
20200515,DXY_BROAD,123.5991,-0.0354245977730927,%,-0.0003543087376593687,1.0
20200518,DXY_BROAD,122.7968,-0.6491147589262392,%,-0.006512306702093493,3.0
20200519,DXY_BROAD,122.5655,-0.18835995726272925,%,-0.0018853757770913963,1.0
20200520,DXY_BROAD,122.1007,-0.3792258017141781,%,-0.0037994668585383524,1.0
20200521,DXY_BROAD,122.0914,-0.0076166639503383315,%,-7.61695403291683e-05,1.0
20200522,DXY_BROAD,122.3211,0.1881377394312933,%,0.0018796098204980625,1.0
20200526,DXY_BROAD,121.3864,-0.7641363591400108,%,-0.007670708395294009,4.0
20200527,DXY_BROAD,121.5677,0.1493577534221302,%,0.0014924632566645692,1.0
20200528,DXY_BROAD,121.0138,-0.45563089537763446,%,-0.004566720567139568,1.0
20200529,DXY_BROAD,120.9458,-0.05619193844007553,%,-0.0005620773202656252,1.0
20200601,DXY_BROAD,120.2686,-0.5599202287305594,%,-0.005614936580914816,3.0
20200602,DXY_BROAD,119.6854,-0.48491459948815097,%,-0.0048609412500462265,1.0
20200603,DXY_BROAD,119.2556,-0.35910812847682605,%,-0.00359754469556037,1.0
20200604,DXY_BROAD,119.3014,0.03840490509461336,%,0.00038397532298553214,1.0
20200605,DXY_BROAD,118.8138,-0.4087127225665399,%,-0.004095502358088677,1.0
20200608,DXY_BROAD,118.6621,-0.12767877132118244,%,-0.0012776035011100384,3.0
20200609,DXY_BROAD,118.5893,-0.06135067557375695,%,-0.0006136950280153851,1.0
20200610,DXY_BROAD,118.5231,-0.05582291151056129,%,-0.0005583849829874477,1.0
20200611,DXY_BROAD,119.2347,0.6003892912014752,%,0.0059859413639118605,1.0
20200612,DXY_BROAD,119.6645,0.3604655356200803,%,0.00359817415640711,1.0
20200615,DXY_BROAD,119.9539,0.2418428188811328,%,0.0024155084977870106,3.0
20200616,DXY_BROAD,119.567,-0.32254057600462627,%,-0.0032306185932241627,1.0
20200617,DXY_BROAD,119.9105,0.2872866259084894,%,0.0028687474654234975,1.0
20200618,DXY_BROAD,120.2173,0.2558574937140623,%,0.002555307356665733,1.0
20200619,DXY_BROAD,120.2186,0.0010813751431859586,%,1.0813692963671077e-05,1.0
20200622,DXY_BROAD,119.7532,-0.38712811495058563,%,-0.003878793954095758,3.0
20200623,DXY_BROAD,119.3285,-0.35464605538724214,%,-0.0035527641531596034,1.0
20200624,DXY_BROAD,119.9744,0.5412789065478929,%,0.005398192570886018,1.0
20200625,DXY_BROAD,120.2997,0.271141176784373,%,0.0027077425220174015,1.0
20200626,DXY_BROAD,120.533,0.1939323206957333,%,0.0019374451474244334,1.0
20200629,DXY_BROAD,120.6658,0.1101772958443048,%,0.0011011664520644098,3.0
20200630,DXY_BROAD,120.4649,-0.16649290851260545,%,-0.001666316619867138,1.0
20200701,DXY_BROAD,120.0808,-0.3188480627967172,%,-0.003193574663362099,1.0
20200702,DXY_BROAD,119.8555,-0.18762366673106268,%,-0.001877999004045381,1.0
20200706,DXY_BROAD,119.2852,-0.4758229701599004,%,-0.004769586115149111,4.0
20200707,DXY_BROAD,119.5717,0.24018067622806338,%,0.002398927034530301,1.0
20200708,DXY_BROAD,119.5525,-0.016057311219974668,%,-0.00016058600544215128,1.0
20200709,DXY_BROAD,119.5129,-0.03312352313836753,%,-0.00033129010188996124,1.0
20200710,DXY_BROAD,119.3509,-0.13555022093849622,%,-0.0013564217335434018,1.0
20200713,DXY_BROAD,119.1891,-0.1355666358611507,%,-0.0013565861055901097,3.0
20200714,DXY_BROAD,119.3901,0.16863958197519402,%,0.001684975450966612,1.0
20200715,DXY_BROAD,119.0331,-0.2990197679707096,%,-0.002994677252890581,1.0
20200716,DXY_BROAD,118.9275,-0.08871481965941896,%,-0.0008875419454484982,1.0
20200717,DXY_BROAD,119.124,0.16522671375418518,%,0.0016509036458899709,1.0
20200720,DXY_BROAD,119.0483,-0.06354722809844837,%,-0.0006356742790750917,3.0
20200721,DXY_BROAD,118.4042,-0.5410409052460152,%,-0.005425098322782662,1.0
20200722,DXY_BROAD,118.1337,-0.2284547338692322,%,-0.002287160898256117,1.0
20200723,DXY_BROAD,118.0613,-0.06128649149226284,%,-0.0006130527933912695,1.0
20200724,DXY_BROAD,118.1329,0.06064646077927893,%,0.0006062807824511575,1.0
20200727,DXY_BROAD,117.3869,-0.6314921584080424,%,-0.00633494504361598,3.0
20200728,DXY_BROAD,117.3189,-0.05792809930239562,%,-0.000579448841082319,1.0
20200729,DXY_BROAD,117.2126,-0.09060773669034017,%,-0.0009064881031254147,1.0
20200730,DXY_BROAD,117.4008,0.1605629428918176,%,0.001604341784122659,1.0
20200731,DXY_BROAD,117.2082,-0.16405339656969664,%,-0.001641881115107781,1.0
20200803,DXY_BROAD,117.8074,0.5112270301907085,%,0.005099247014938083,3.0
20200804,DXY_BROAD,117.7833,-0.020457118992533996,%,-0.00020459211746537686,1.0
20200805,DXY_BROAD,116.8736,-0.7723505794115182,%,-0.007753486535713751,1.0
20200806,DXY_BROAD,117.0422,0.14425841250718108,%,0.0014415446002074763,1.0
20200807,DXY_BROAD,117.6239,0.4970002272684626,%,0.004957692580673264,1.0
20200810,DXY_BROAD,117.5821,-0.0355369954575635,%,-0.0003554331134415613,3.0
20200811,DXY_BROAD,117.3781,-0.1734957957035932,%,-0.0017364647396474683,1.0
20200812,DXY_BROAD,117.2559,-0.10410800651911023,%,-0.0010416223654601765,1.0
20200813,DXY_BROAD,117.1193,-0.11649733616816427,%,-0.001165652470628814,1.0
20200814,DXY_BROAD,116.9395,-0.15351867710957645,%,-0.0015363663777390906,1.0
20200817,DXY_BROAD,116.749,-0.1629047498920344,%,-0.0016303758396132807,3.0
20200818,DXY_BROAD,116.5593,-0.1624853317801489,%,-0.0016261748236497823,1.0
20200819,DXY_BROAD,116.567,0.006606079480575566,%,6.605861288754278e-05,1.0
20200820,DXY_BROAD,116.8126,0.21069427882678404,%,0.002104726297112004,1.0
20200821,DXY_BROAD,117.0572,0.2093952193513271,%,0.0020917629312266002,1.0
20200824,DXY_BROAD,116.912,-0.12404192138543157,%,-0.0012411891705459408,3.0
20200825,DXY_BROAD,116.8206,-0.07817845901191278,%,-0.0007820903430574782,1.0
20200826,DXY_BROAD,116.6243,-0.16803543210700544,%,-0.0016817676999323198,1.0
20200827,DXY_BROAD,116.649,0.021179119617431574,%,0.00021176877158509178,1.0
20200828,DXY_BROAD,115.9374,-0.6100352339068471,%,-0.006119035509767809,1.0
20200831,DXY_BROAD,115.7586,-0.1542211572796992,%,-0.0015434020051544252,3.0
20200901,DXY_BROAD,115.5687,-0.16404828669316363,%,-0.0016418299323767496,1.0
20200902,DXY_BROAD,116.0304,0.39950263349850523,%,0.003987067407650618,1.0
20200903,DXY_BROAD,116.0685,0.032836222231424905,%,0.0003283083232383516,1.0
20200904,DXY_BROAD,116.0347,-0.029120734738541376,%,-0.0002912497564784255,1.0
20200908,DXY_BROAD,116.4618,0.36807954861777237,%,0.0036740379355038847,4.0
20200909,DXY_BROAD,116.1291,-0.28567307048319446,%,-0.00286081894785453,1.0
20200910,DXY_BROAD,115.8806,-0.21398598628594723,%,-0.002142152634366214,1.0
20200911,DXY_BROAD,116.0866,0.17776918655927343,%,0.001776113641528804,1.0
20200914,DXY_BROAD,115.6428,-0.3823007995754968,%,-0.00383033436930681,3.0
20200915,DXY_BROAD,115.5908,-0.044966050631767285,%,-0.0004497616339196725,1.0
20200916,DXY_BROAD,115.3537,-0.2051201306678352,%,-0.0020533079012712797,1.0
20200917,DXY_BROAD,115.4392,0.07411985918093222,%,0.0007409240397897428,1.0
20200918,DXY_BROAD,115.2395,-0.172991496822561,%,-0.0017314129990174682,1.0
20200921,DXY_BROAD,116.378,0.9879425023537891,%,0.009830942561855672,3.0
20200922,DXY_BROAD,116.5438,0.142466789255713,%,0.0014236540160990083,1.0
20200923,DXY_BROAD,117.2526,0.608183361105441,%,0.00606341390700606,1.0
20200924,DXY_BROAD,117.5473,0.25133771020855455,%,0.0025102238522889796,1.0
20200925,DXY_BROAD,117.8679,0.272741270960708,%,0.0027237000686335232,1.0
20200928,DXY_BROAD,117.6178,-0.21218669374782895,%,-0.0021241212866456305,3.0
20200929,DXY_BROAD,117.526,-0.07804941088849215,%,-0.0007807988529895603,1.0
20200930,DXY_BROAD,116.946,-0.49350781954631273,%,-0.00494729590734469,1.0
20201001,DXY_BROAD,116.7227,-0.1909428283139225,%,-0.0019112535651903226,1.0
20201002,DXY_BROAD,116.7321,0.008053274984209935,%,8.052950725428929e-05,1.0
20201005,DXY_BROAD,116.1767,-0.47579029247311055,%,-0.0047692577760218725,3.0
20201006,DXY_BROAD,116.2681,0.07867326236672412,%,0.000786423311776542,1.0
20201007,DXY_BROAD,116.3447,0.0658822153281946,%,0.0006586052252398893,1.0
20201008,DXY_BROAD,116.1657,-0.153853162198192,%,-0.0015397163771025794,1.0
20201009,DXY_BROAD,115.2757,-0.7661469779805974,%,-0.007690969610702208,1.0
20201013,DXY_BROAD,115.9107,0.5508533021269857,%,0.005493416540925702,4.0
20201014,DXY_BROAD,115.6872,-0.192820852604636,%,-0.0019300699132529815,1.0
20201015,DXY_BROAD,116.0964,0.35371242453789975,%,0.003530883333672412,1.0
20201016,DXY_BROAD,115.7679,-0.2829545102173703,%,-0.0028335558323976814,1.0
20201019,DXY_BROAD,115.4031,-0.3151132567836168,%,-0.003156107840644875,3.0
20201020,DXY_BROAD,115.2485,-0.13396520544074475,%,-0.0013405501904370162,1.0
20201021,DXY_BROAD,114.9108,-0.2930189980780762,%,-0.002934491392132449,1.0
20201022,DXY_BROAD,115.1158,0.17839924532767615,%,0.00178240302880683,1.0
20201023,DXY_BROAD,115.0126,-0.08964885793261157,%,-0.0008968906655409747,1.0
20201026,DXY_BROAD,115.2797,0.23223542464043678,%,0.002319661749596648,3.0
20201027,DXY_BROAD,115.0131,-0.23126361362842962,%,-0.002315314409277762,1.0
20201028,DXY_BROAD,115.8023,0.6861827044049917,%,0.006838391853263866,1.0
20201029,DXY_BROAD,116.3069,0.4357426406902176,%,0.00434796031303256,1.0
20201030,DXY_BROAD,116.1354,-0.14745470819014228,%,-0.0014756352963302883,1.0
20201102,DXY_BROAD,116.2361,0.08670913433801442,%,0.0008667156368468311,3.0
20201103,DXY_BROAD,115.4802,-0.6503143171527559,%,-0.0065243807310804616,1.0
20201104,DXY_BROAD,115.1677,-0.2706091607046046,%,-0.002709759691882411,1.0
20201105,DXY_BROAD,114.4556,-0.6183157256765548,%,-0.006202352137812828,1.0
20201106,DXY_BROAD,113.9919,-0.4051352664264596,%,-0.004059581626608636,1.0
20201109,DXY_BROAD,114.0895,0.08562011862245367,%,0.0008558348550760871,3.0
20201110,DXY_BROAD,114.0757,-0.012095766919828499,%,-0.00012096498516710824,1.0
20201112,DXY_BROAD,114.2843,0.18286103000024756,%,0.0018269404275752122,2.0
20201113,DXY_BROAD,114.2397,-0.039025482940358014,%,-0.000390330998637102,1.0
20201116,DXY_BROAD,113.8312,-0.35758147123986506,%,-0.0035822232194776577,3.0
20201117,DXY_BROAD,113.682,-0.13107127044253986,%,-0.0013115724396482017,1.0
20201118,DXY_BROAD,113.46,-0.1952815749195147,%,-0.001954724979859018,1.0
20201119,DXY_BROAD,113.694,0.20624008461131993,%,0.002060277017111341,1.0
20201120,DXY_BROAD,113.489,-0.18030854750470393,%,-0.0018047129903225455,1.0
20201123,DXY_BROAD,113.7548,0.23420772057203276,%,0.002339338817745465,3.0
20201124,DXY_BROAD,113.4316,-0.2841198788974153,%,-0.0028452426556891575,1.0
20201125,DXY_BROAD,113.1823,-0.21978002602449642,%,-0.0022002189677774522,1.0
20201130,DXY_BROAD,113.2256,0.03825686525189553,%,0.0003824954917907496,5.0
20201201,DXY_BROAD,112.8063,-0.37032261255405263,%,-0.003710100043103858,1.0
20201202,DXY_BROAD,112.6115,-0.17268539079819956,%,-0.0017283466389247859,1.0
20201203,DXY_BROAD,112.0236,-0.5220603579563443,%,-0.005234278545579071,1.0
20201204,DXY_BROAD,111.7778,-0.21941805119636282,%,-0.00219659125306949,1.0
20201207,DXY_BROAD,111.8385,0.054304164154239665,%,0.0005428942477883888,3.0
20201208,DXY_BROAD,111.8639,0.022711320341395336,%,0.0002270874171145697,1.0
20201209,DXY_BROAD,112.0305,0.1489309777327641,%,0.0014882018554107663,1.0
20201210,DXY_BROAD,111.9788,-0.04614814715635518,%,-0.00046158798690901616,1.0
20201211,DXY_BROAD,112.1417,0.1454739647147374,%,0.0014536825385145873,1.0
20201214,DXY_BROAD,112.1708,0.025949312343231945,%,0.0002594594609151004,3.0
20201215,DXY_BROAD,111.8601,-0.276988307117354,%,-0.002773726295783263,1.0
20201216,DXY_BROAD,111.7157,-0.12908981844286238,%,-0.0012917321112435691,1.0
20201217,DXY_BROAD,111.2226,-0.4413882739847663,%,-0.004423652679780544,1.0
20201218,DXY_BROAD,111.6071,0.3457031214878947,%,0.0034510694185948165,1.0
20201221,DXY_BROAD,111.9415,0.29962251505504245,%,0.002991745413943018,3.0
20201222,DXY_BROAD,112.1947,0.22618957223192737,%,0.0022593414870740137,1.0
20201223,DXY_BROAD,111.9807,-0.19073984778247288,%,-0.0019092198787614332,1.0
20201228,DXY_BROAD,111.9752,-0.00491156065286491,%,-4.911681273954746e-05,5.0
20201229,DXY_BROAD,111.5172,-0.4090191399524157,%,-0.0040985791117449264,1.0
20201230,DXY_BROAD,111.3084,-0.18723569099654558,%,-0.0018741119612283358,1.0
20201231,DXY_BROAD,111.3169,0.007636440735825367,%,7.636149174532984e-05,1.0
20210104,DXY_BROAD,111.2075,-0.09827797935444416,%,-0.0009832630382471045,4.0
20210105,DXY_BROAD,110.9574,-0.2248949036710579,%,-0.0022514817205592143,1.0
20210106,DXY_BROAD,110.8502,-0.09661365533079058,%,-0.0009666035640493869,1.0
20210107,DXY_BROAD,111.3042,0.40956173286110786,%,0.004087253117919795,1.0
20210108,DXY_BROAD,111.2847,-0.01751955451815279,%,-0.0001752108937137428,1.0
20210111,DXY_BROAD,111.8257,0.48614050269264464,%,0.00484962655536443,3.0
20210112,DXY_BROAD,111.5501,-0.24645497412491002,%,-0.002467591743100422,1.0
20210113,DXY_BROAD,111.3622,-0.1684444926539741,%,-0.0016858651990329574,1.0
20210114,DXY_BROAD,111.1567,-0.18453299234389986,%,-0.0018470346422040172,1.0
20210115,DXY_BROAD,111.5106,0.318379368944921,%,0.0031787361502516936,1.0
20210119,DXY_BROAD,111.4527,-0.05192331491356006,%,-0.0005193679973476427,4.0
20210121,DXY_BROAD,111.1973,-0.22915550722413247,%,-0.0022941847026292112,2.0
20210122,DXY_BROAD,111.5516,0.3186228442596972,%,0.003181163173304177,1.0
20210125,DXY_BROAD,111.8676,0.28327697675336605,%,0.002828765036460484,3.0
20210126,DXY_BROAD,111.6572,-0.1880794796705998,%,-0.0018825657120736348,1.0
20210127,DXY_BROAD,112.0782,0.37704688994528723,%,0.0037633784987600874,1.0
20210128,DXY_BROAD,112.0059,-0.06450853065091966,%,-0.0006452934635597174,1.0
20210129,DXY_BROAD,111.9511,-0.04892599407709808,%,-0.0004893796674690465,1.0
20210201,DXY_BROAD,112.4189,0.417861012531362,%,0.004169903978659071,3.0
20210202,DXY_BROAD,112.2862,-0.11804064974839656,%,-0.0011811037259629737,1.0
20210203,DXY_BROAD,112.2567,-0.026272150985606757,%,-0.00026275602719770253,1.0
20210204,DXY_BROAD,112.7469,0.4366777216860962,%,0.004357270510960164,1.0
20210205,DXY_BROAD,112.2379,-0.4514536541581182,%,-0.004524757836213881,1.0
20210208,DXY_BROAD,112.0428,-0.17382720097222082,%,-0.00173978455757931,3.0
20210209,DXY_BROAD,111.7675,-0.24570967523125375,%,-0.0024601203684313532,1.0
20210210,DXY_BROAD,111.5834,-0.16471693470820892,%,-0.0016485274220355802,1.0
20210211,DXY_BROAD,111.5272,-0.050365914643224485,%,-0.0005037860253043955,1.0
20210212,DXY_BROAD,111.4889,-0.034341398331516615,%,-0.0003434729634005782,1.0
20210216,DXY_BROAD,111.7879,0.26818813352718074,%,0.002678291508417608,4.0
20210217,DXY_BROAD,112.0204,0.2079831538118082,%,0.002077671682743017,1.0
20210218,DXY_BROAD,112.1603,0.12488796683463033,%,0.0012481004668184563,1.0
20210219,DXY_BROAD,111.7058,-0.40522359515801076,%,-0.0040604685073826205,1.0
20210222,DXY_BROAD,111.918,0.1899632785405947,%,0.0018978307648036298,3.0
20210223,DXY_BROAD,111.8981,-0.017780875283690545,%,-0.00017782456268731244,1.0
20210224,DXY_BROAD,111.7212,-0.1580902624798819,%,-0.0015821535699421776,1.0
20210225,DXY_BROAD,111.9253,0.18268690275435873,%,0.0018252023319027236,1.0
20210226,DXY_BROAD,112.8306,0.8088430408495828,%,0.00805589438110703,1.0
20210301,DXY_BROAD,112.5263,-0.269696341240766,%,-0.002700606770374714,3.0
20210302,DXY_BROAD,112.5342,0.007020580966399237,%,7.020334535147577e-05,1.0
20210303,DXY_BROAD,112.7617,0.20216076534955718,%,0.0020195669546087197,1.0
20210304,DXY_BROAD,112.7037,-0.05143590421216038,%,-0.0005144913701117208,1.0
20210305,DXY_BROAD,113.7487,0.9272100206115796,%,0.009229378163990191,1.0
20210308,DXY_BROAD,114.2678,0.4563568638586535,%,0.004553187131724069,3.0
20210309,DXY_BROAD,113.928,-0.2973716130003301,%,-0.002978146408922096,1.0
20210310,DXY_BROAD,113.5881,-0.2983463239941031,%,-0.002987922638235695,1.0
20210311,DXY_BROAD,112.9214,-0.5869452874024628,%,-0.0058867458124708906,1.0
20210312,DXY_BROAD,113.0269,0.0934278179335335,%,0.0009338420131230531,1.0
20210315,DXY_BROAD,113.1928,0.14677921804455707,%,0.0014667160264213528,3.0
20210316,DXY_BROAD,112.9839,-0.18455237435596183,%,-0.0018472288206667826,1.0
20210317,DXY_BROAD,113.1589,0.15488932493921137,%,0.0015476949514406,1.0
20210318,DXY_BROAD,112.7744,-0.33978767909550456,%,-0.0034036626845185343,1.0
20210319,DXY_BROAD,112.9756,0.17840928437660164,%,0.0017825032405141253,1.0
20210322,DXY_BROAD,113.0023,0.02363342172999605,%,0.00023630629476810696,3.0
20210323,DXY_BROAD,113.2916,0.2560124882413861,%,0.002556853345213322,1.0
20210324,DXY_BROAD,113.6565,0.3220891928439551,%,0.003215715967195396,1.0
20210325,DXY_BROAD,114.0016,0.3036341960204636,%,0.00303174158381312,1.0
20210326,DXY_BROAD,113.7406,-0.22894415516975242,%,-0.0022920663299563788,1.0
20210329,DXY_BROAD,113.9314,0.16775012616427887,%,0.0016760958279264165,3.0
20210330,DXY_BROAD,114.203,0.2383890657009502,%,0.0023810536974502613,1.0
20210331,DXY_BROAD,113.8234,-0.3323905676733463,%,-0.0033294421230285116,1.0
20210401,DXY_BROAD,113.7389,-0.07423781050294176,%,-0.0007426538041119175,1.0
20210402,DXY_BROAD,113.7315,-0.006506129389327597,%,-6.506341047106287e-05,1.0
20210405,DXY_BROAD,113.394,-0.29675155959429933,%,-0.002971927400576926,3.0
20210406,DXY_BROAD,113.1464,-0.2183537047815598,%,-0.002185924440775616,1.0
20210407,DXY_BROAD,113.2436,0.08590640091068469,%,0.0008586952248120723,1.0
20210408,DXY_BROAD,113.0917,-0.1341356156109419,%,-0.0013422565795606135,1.0
20210409,DXY_BROAD,113.2028,0.09823886279893834,%,0.0009819064000788174,1.0
20210412,DXY_BROAD,113.1815,-0.01881578900875258,%,-0.00018817559400411614,3.0
20210413,DXY_BROAD,113.0391,-0.12581561474268588,%,-0.0012589482903685634,1.0
20210414,DXY_BROAD,112.7849,-0.22487794046486265,%,-0.002251311706157958,1.0
20210415,DXY_BROAD,112.6181,-0.14789213804329293,%,-0.0014800160640915136,1.0
20210416,DXY_BROAD,112.4814,-0.12138368521579235,%,-0.0012145741488087066,1.0
20210419,DXY_BROAD,112.1835,-0.2648437875061971,%,-0.002651951191221728,3.0
20210420,DXY_BROAD,112.2354,0.04626348794609658,%,0.00046252789693974433,1.0
20210421,DXY_BROAD,112.1771,-0.05194439544029539,%,-0.0005195789121511846,1.0
20210422,DXY_BROAD,112.2297,0.04689014067933428,%,0.0004687915068821696,1.0
20210423,DXY_BROAD,112.0889,-0.1254569868760269,%,-0.0012553575003662412,1.0
20210426,DXY_BROAD,111.8109,-0.24801742188566012,%,-0.0024832549458151196,3.0
20210427,DXY_BROAD,111.9097,0.0883634779793363,%,0.0008832446044127732,1.0
20210428,DXY_BROAD,111.7909,-0.1061570176669302,%,-0.0010621340413792606,1.0
20210429,DXY_BROAD,111.7464,-0.03980646009648092,%,-0.00039814384970952426,1.0
20210430,DXY_BROAD,112.0839,0.3020231524237138,%,0.0030156797875698954,1.0
20210503,DXY_BROAD,112.005,-0.0703936961508389,%,-0.0007041848414660138,3.0
20210504,DXY_BROAD,112.2896,0.2540957992946735,%,0.002537735217323007,1.0
20210505,DXY_BROAD,112.1514,-0.12307462133626101,%,-0.0012315042034762665,1.0
20210506,DXY_BROAD,111.8401,-0.27757121177264255,%,-0.0027795715500431154,1.0
20210507,DXY_BROAD,111.0249,-0.7288977745906866,%,-0.007315672139858844,1.0
20210510,DXY_BROAD,110.7905,-0.2111238109649305,%,-0.0021134699146282227,3.0
20210511,DXY_BROAD,110.8921,0.0917046136627242,%,0.0009166259067127463,1.0
20210512,DXY_BROAD,111.5636,0.6055435869642523,%,0.006037175397522842,1.0
20210513,DXY_BROAD,111.5955,0.028593555604161658,%,0.00028589468426145666,1.0
20210514,DXY_BROAD,111.1353,-0.4123822197131588,%,-0.004132348600876995,1.0
20210517,DXY_BROAD,111.079,-0.050658971541905906,%,-0.0005067180753413181,3.0
20210518,DXY_BROAD,110.8317,-0.22263434132463455,%,-0.0022288254002644343,1.0
20210519,DXY_BROAD,110.8807,0.044211177848940686,%,0.0004420140758729916,1.0
20210520,DXY_BROAD,110.8605,-0.018217778206675028,%,-0.00018219437845458234,1.0
20210521,DXY_BROAD,111.0576,0.17779100761767808,%,0.0017763314648663094,1.0
20210524,DXY_BROAD,110.9118,-0.13128322600163278,%,-0.0013136947792658402,3.0
20210525,DXY_BROAD,110.842,-0.06293288901632055,%,-0.0006295270007113572,1.0
20210526,DXY_BROAD,110.8677,0.023186156871934926,%,0.00023183469298004522,1.0
20210527,DXY_BROAD,110.8688,0.0009921735546036814,%,9.921686325944257e-06,1.0
20210528,DXY_BROAD,110.7576,-0.10029873147359147,%,-0.0010034906430954602,1.0
20210601,DXY_BROAD,110.5046,-0.22842676258785222,%,-0.002286880545001244,4.0
20210602,DXY_BROAD,110.5799,0.06814195970121784,%,0.0006811875360931701,1.0
20210603,DXY_BROAD,111.1782,0.5410567381594733,%,0.005395982845325517,1.0
20210604,DXY_BROAD,110.7521,-0.38325858846428584,%,-0.0038399490612833027,1.0
20210607,DXY_BROAD,110.5155,-0.21363026073545344,%,-0.0021385877568635787,3.0
20210608,DXY_BROAD,110.649,0.12079753518736691,%,0.0012072463366774998,1.0
20210609,DXY_BROAD,110.5707,-0.07076430876012951,%,-0.0007078935851532222,1.0
20210610,DXY_BROAD,110.5456,-0.022700407974274306,%,-0.00022702984906875485,1.0
20210611,DXY_BROAD,111.0933,0.4954516507215123,%,0.004942283280149671,1.0
20210614,DXY_BROAD,110.9659,-0.11467838294477728,%,-0.001147441889173124,3.0
20210615,DXY_BROAD,111.3507,0.34677319789231387,%,0.003461733260349665,1.0
20210616,DXY_BROAD,111.1165,-0.2103264730262122,%,-0.0021054796978453357,1.0
20210617,DXY_BROAD,112.5772,1.3145662435371852,%,0.013060008054056004,1.0
20210618,DXY_BROAD,113.0408,0.411806298255768,%,0.004109606968177461,1.0
20210621,DXY_BROAD,112.8391,-0.17843115052263991,%,-0.0017859052851489793,3.0
20210622,DXY_BROAD,112.9174,0.06939084058628087,%,0.0006936677627413667,1.0
20210623,DXY_BROAD,112.3819,-0.4742404624973662,%,-0.004753685505584916,1.0
20210624,DXY_BROAD,112.326,-0.04974110599661463,%,-0.0004975348098855218,1.0
20210625,DXY_BROAD,111.9655,-0.3209408329327035,%,-0.0032145695261230397,1.0
20210628,DXY_BROAD,112.0248,0.05296274298778325,%,0.0005294872267720158,3.0
20210629,DXY_BROAD,112.2613,0.21111396762145684,%,0.002108914352277711,1.0
20210630,DXY_BROAD,112.5533,0.26010744575377664,%,0.0025976975178844046,1.0
20210701,DXY_BROAD,112.74,0.16587696673486807,%,0.0016573954284313606,1.0
20210702,DXY_BROAD,112.5425,-0.1751818343090239,%,-0.0017533545712344215,1.0
20210706,DXY_BROAD,112.9516,0.3635071195326134,%,0.003628480291469426,4.0
20210707,DXY_BROAD,113.1048,0.1356333155085876,%,0.0013554141661483387,1.0
20210708,DXY_BROAD,113.0776,-0.024048493078976385,%,-0.00024051385192755715,1.0
20210709,DXY_BROAD,112.8375,-0.21233206222982526,%,-0.0021255780636113197,1.0
20210712,DXY_BROAD,112.7611,-0.06770798714966775,%,-0.0006773091935916295,3.0
20210713,DXY_BROAD,113.0063,0.2174508762330163,%,0.002172147939951282,1.0
20210714,DXY_BROAD,112.8801,-0.11167518979030566,%,-0.0011173759299396946,1.0
20210715,DXY_BROAD,113.0041,0.10985107206673561,%,0.0010979077992689958,1.0
20210716,DXY_BROAD,113.0428,0.03424654503687563,%,0.00034240682246138135,1.0
20210719,DXY_BROAD,113.5472,0.44620267721606766,%,0.004452101444469236,3.0
20210720,DXY_BROAD,113.7502,0.17878027815745323,%,0.0017862065643794885,1.0
20210721,DXY_BROAD,113.3926,-0.3143730736297701,%,-0.0031486826387910356,1.0
20210722,DXY_BROAD,113.4695,0.06781747662545357,%,0.0006779449096638323,1.0
20210723,DXY_BROAD,113.4398,-0.026174434539671942,%,-0.00026177860642644395,1.0
20210726,DXY_BROAD,113.2238,-0.19040936249887785,%,-0.00190590871568953,3.0
20210727,DXY_BROAD,113.2227,-0.0009715271877430709,%,-9.715319070990201e-06,1.0
20210728,DXY_BROAD,113.1807,-0.037095034829592866,%,-0.0003710191673958847,1.0
20210729,DXY_BROAD,112.4834,-0.6160944401298107,%,-0.006180001332035133,1.0
20210730,DXY_BROAD,112.6714,0.1671357729229328,%,0.0016699625652289005,1.0
20210802,DXY_BROAD,112.6691,-0.0020413343581493493,%,-2.0413551936627068e-05,3.0
20210803,DXY_BROAD,112.8228,0.1364171720551699,%,0.0013632420836703094,1.0
20210804,DXY_BROAD,112.8953,0.06426006090967107,%,0.0006423942297335751,1.0
20210805,DXY_BROAD,112.7674,-0.11329081015774012,%,-0.0011335503270615017,1.0
20210806,DXY_BROAD,113.3088,0.4801032922635562,%,0.004789544719560559,1.0
20210809,DXY_BROAD,113.4521,0.12646855319269346,%,0.0012638864907991516,3.0
20210810,DXY_BROAD,113.4973,0.03984060233348519,%,0.00039832668072815257,1.0
20210811,DXY_BROAD,113.282,-0.18969614255140987,%,-0.0018987629354628094,1.0
20210812,DXY_BROAD,113.2691,-0.011387510813720692,%,-0.00011388159239960228,1.0
20210813,DXY_BROAD,113.0615,-0.18328034742043364,%,-0.001834485113548955,1.0
20210816,DXY_BROAD,113.1698,0.09578857524443762,%,0.0009574272726444947,3.0
20210817,DXY_BROAD,113.6174,0.39551187684347955,%,0.003947317848476721,1.0
20210818,DXY_BROAD,113.6959,0.06909152999452495,%,0.0006906767278518153,1.0
20210819,DXY_BROAD,114.1106,0.3647449028505001,%,0.003640813217257714,1.0
20210820,DXY_BROAD,114.5009,0.34203658555822525,%,0.0034145297083421657,1.0
20210823,DXY_BROAD,113.9418,-0.48829310511969704,%,-0.004894891509635964,3.0
20210824,DXY_BROAD,113.6795,-0.2302052451339187,%,-0.002304706247651357,1.0
20210825,DXY_BROAD,113.6322,-0.041608205525189845,%,-0.0004161686414090469,1.0
20210826,DXY_BROAD,113.7883,0.13737303334795392,%,0.001372787629213847,1.0
20210827,DXY_BROAD,113.3404,-0.3936257066851412,%,-0.003944024516518849,1.0
20210830,DXY_BROAD,113.246,-0.08328892433766555,%,-0.0008332362883359116,3.0
20210831,DXY_BROAD,113.1076,-0.12221182205109926,%,-0.0012228656159825842,1.0
20210901,DXY_BROAD,112.8732,-0.20723629535063237,%,-0.002074513268948183,1.0
20210902,DXY_BROAD,112.7863,-0.07698904611546098,%,-0.0007701869790163152,1.0
20210903,DXY_BROAD,112.5476,-0.21163917958120226,%,-0.0021186345178063745,1.0
20210907,DXY_BROAD,112.9795,0.38374874275417525,%,0.0038301430559561926,4.0
20210908,DXY_BROAD,113.2319,0.2234033607866781,%,0.0022315418651874305,1.0
20210909,DXY_BROAD,113.043,-0.1668257796610173,%,-0.0016696508882210284,1.0
20210910,DXY_BROAD,112.9425,-0.0889042222871006,%,-0.0008894376552961499,1.0
20210913,DXY_BROAD,113.0341,0.08110321623835404,%,0.0008107034535162989,3.0
20210914,DXY_BROAD,113.0061,-0.02477128583320276,%,-0.00024774354422975136,1.0
20210915,DXY_BROAD,112.9773,-0.025485349905896015,%,-0.00025488597973061055,1.0
20210916,DXY_BROAD,113.3036,0.2888190813552738,%,0.0028840280038646094,1.0
20210917,DXY_BROAD,113.5989,0.26062719984183413,%,0.002602881561210171,1.0
20210920,DXY_BROAD,113.9422,0.3022036304928921,%,0.003017479132200591,3.0
20210921,DXY_BROAD,113.8179,-0.10909039846519475,%,-0.0010914994535094376,1.0
20210922,DXY_BROAD,113.6223,-0.17185346065952123,%,-0.0017200129811936386,1.0
20210923,DXY_BROAD,113.513,-0.09619590520522081,%,-0.00096242203159651,1.0
20210924,DXY_BROAD,113.7597,0.21733193554922536,%,0.0021709611131727918,1.0
20210927,DXY_BROAD,113.7432,-0.01450425765889829,%,-0.0001450530962807091,3.0
20210928,DXY_BROAD,114.2469,0.44283965986537943,%,0.004418620102611281,1.0
20210929,DXY_BROAD,114.7092,0.40464992923221477,%,0.004038334233253031,1.0
20210930,DXY_BROAD,114.6403,-0.06006492940409114,%,-0.0006008297560946823,1.0
20211001,DXY_BROAD,114.3798,-0.22723248281799613,%,-0.0022749104759393593,1.0
20211004,DXY_BROAD,114.2739,-0.09258627834635158,%,-0.000926291659150877,3.0
20211005,DXY_BROAD,114.3654,0.08007077731659873,%,0.0008003873777143284,1.0
20211006,DXY_BROAD,114.7185,0.30874722599667503,%,0.003082715805255241,1.0
20211007,DXY_BROAD,114.5044,-0.18663075266849294,%,-0.0018680512484621512,1.0
20211008,DXY_BROAD,114.5986,0.08226758098379694,%,0.0008223375975739108,1.0
20211012,DXY_BROAD,114.7542,0.13577827303299372,%,0.0013568617769007306,4.0
20211013,DXY_BROAD,114.4705,-0.24722406674438924,%,-0.002475301700517165,1.0
20211014,DXY_BROAD,114.2053,-0.23167540982175217,%,-0.0023194419251518334,1.0
20211015,DXY_BROAD,114.0905,-0.10052072889785713,%,-0.0010057128486487179,1.0
20211018,DXY_BROAD,113.9899,-0.08817561497233006,%,-0.0008821451253483304,3.0
20211019,DXY_BROAD,113.647,-0.3008161249373864,%,-0.003012694860596868,1.0
20211020,DXY_BROAD,113.5083,-0.12204457662762236,%,-0.0012211911167120076,1.0
20211021,DXY_BROAD,113.6188,0.09734970922830044,%,0.0009730235512909296,1.0
20211022,DXY_BROAD,113.67,0.04506296493187456,%,0.00045052814627070015,1.0
20211025,DXY_BROAD,113.605,-0.057183073810151974,%,-0.0005719942956525008,3.0
20211026,DXY_BROAD,113.674,0.060736763346680434,%,0.0006071832603967589,1.0
20211027,DXY_BROAD,113.6218,-0.045920791034026465,%,-0.0004593133785818606,1.0
20211028,DXY_BROAD,113.4389,-0.16097263025228736,%,-0.0016110233039724948,1.0
20211029,DXY_BROAD,114.1349,0.6135461468684822,%,0.006116716159972714,1.0
20211101,DXY_BROAD,114.2067,0.06290801498927134,%,0.00062888236192053,3.0
20211102,DXY_BROAD,114.2847,0.06829721898977681,%,0.0006827390705283399,1.0
20211103,DXY_BROAD,114.3593,0.06527557932076711,%,0.0006525428408104561,1.0
20211104,DXY_BROAD,114.3558,-0.0030605294016328166,%,-3.060576236789513e-05,1.0
20211105,DXY_BROAD,114.0732,-0.2471234515433407,%,-0.0024742930554006288,1.0
20211108,DXY_BROAD,113.8256,-0.2170536111900101,%,-0.002172895139594654,3.0
20211109,DXY_BROAD,113.762,-0.05587495255899855,%,-0.0005589056842779302,1.0
20211110,DXY_BROAD,114.1484,0.33965647580034286,%,0.0033908094604043902,1.0
20211112,DXY_BROAD,114.5144,0.320635243244749,%,0.0032012230459761704,2.0
20211115,DXY_BROAD,114.5876,0.06392209189411968,%,0.000639016704270483,3.0
20211116,DXY_BROAD,115.136,0.4785858155681666,%,0.004774442345016265,1.0
20211117,DXY_BROAD,115.0263,-0.09527862701499412,%,-0.0009532404595080753,1.0
20211118,DXY_BROAD,115.0678,0.03607870547865932,%,0.0003607219867871332,1.0
20211119,DXY_BROAD,115.2187,0.13114007567711639,%,0.0013105416218301814,1.0
20211122,DXY_BROAD,115.6481,0.3726825593414862,%,0.003719898185073377,3.0
20211123,DXY_BROAD,116.0118,0.31448852164452923,%,0.003139950408495748,1.0
20211124,DXY_BROAD,116.2711,0.22351174621892955,%,0.002232623302955566,1.0
20211126,DXY_BROAD,116.5103,0.20572610046691864,%,0.002055147741108652,2.0
20211129,DXY_BROAD,116.581,0.06068133032015588,%,0.0006066292664559543,3.0
20211130,DXY_BROAD,116.2071,-0.3207212152923744,%,-0.0032123662810259394,1.0
20211201,DXY_BROAD,115.889,-0.27373542580444443,%,-0.002741107663376273,1.0
20211202,DXY_BROAD,116.018,0.11131341197181399,%,0.0011125150452998814,1.0
20211203,DXY_BROAD,116.2377,0.18936716716371205,%,0.0018918809357912415,1.0
20211206,DXY_BROAD,116.1538,-0.07217968008658149,%,-0.00072205742159437,3.0
20211207,DXY_BROAD,115.8555,-0.2568146715819841,%,-0.0025714500614597057,1.0
20211208,DXY_BROAD,115.4418,-0.35708274531637274,%,-0.003577218075255352,1.0
20211209,DXY_BROAD,115.7784,0.2915754951845928,%,0.0029115123832359016,1.0
20211210,DXY_BROAD,115.5732,-0.17723513194171092,%,-0.0017739237922744008,1.0
20211213,DXY_BROAD,115.842,0.2325798714580829,%,0.0023230982311272116,3.0
20211214,DXY_BROAD,116.2397,0.3433124428100287,%,0.003427244709790929,1.0
20211215,DXY_BROAD,116.4219,0.15674507074605604,%,0.0015662235387839793,1.0
20211216,DXY_BROAD,115.7146,-0.6075317444570016,%,-0.006093847273444076,1.0
20211217,DXY_BROAD,115.791,0.06602451203219228,%,0.0006600272544038002,1.0
20211220,DXY_BROAD,116.0092,0.18844297052449388,%,0.001882656395024081,3.0
20211221,DXY_BROAD,116.1089,0.08594145981526413,%,0.0008590455128765941,1.0
20211222,DXY_BROAD,115.7485,-0.31039825543088817,%,-0.0031088099000771527,1.0
20211223,DXY_BROAD,115.5337,-0.18557475906816334,%,-0.0018574716234851139,1.0
20211227,DXY_BROAD,115.4684,-0.05652030533082053,%,-0.0005653628407650155,4.0
20211228,DXY_BROAD,115.4192,-0.04260906014112997,%,-0.00042618140380588595,1.0
20211229,DXY_BROAD,115.3678,-0.044533318546657874,%,-0.0004454323757391908,1.0
20211230,DXY_BROAD,115.283,-0.0735040453228697,%,-0.000735310727912638,1.0
20220103,DXY_BROAD,115.4101,0.11025042720955724,%,0.0011018969605952735,4.0
20220104,DXY_BROAD,115.3103,-0.08647423405750976,%,-0.000865116445918258,1.0
20220105,DXY_BROAD,115.137,-0.1502901301965176,%,-0.001504031790944445,1.0
20220106,DXY_BROAD,115.4046,0.23241877068187478,%,0.0023214909602589867,1.0
20220107,DXY_BROAD,115.0451,-0.3115127126648298,%,-0.0031199892351722438,1.0
20220110,DXY_BROAD,115.2216,0.15341809429518793,%,0.0015330052896586682,3.0
20220111,DXY_BROAD,114.8332,-0.3370895734827406,%,-0.0033765900039811362,1.0
20220112,DXY_BROAD,114.355,-0.41643009164596956,%,-0.004172995764559084,1.0
20220113,DXY_BROAD,114.177,-0.15565563377202274,%,-0.0015577690301158673,1.0
20220114,DXY_BROAD,114.3825,0.1799837095036505,%,0.0017982193291047276,1.0
20220118,DXY_BROAD,114.7373,0.3101873101217567,%,0.0030970722181076593,4.0
20220119,DXY_BROAD,114.6109,-0.11016469796657491,%,-0.0011022542387306967,1.0
20220120,DXY_BROAD,114.4642,-0.1279982968461102,%,-0.0012808028463553805,1.0
20220121,DXY_BROAD,114.6125,0.12956015942102717,%,0.0012947630266862793,1.0
20220124,DXY_BROAD,115.2034,0.5155633111571634,%,0.005142388339134369,3.0
20220125,DXY_BROAD,115.1654,-0.03298513759142363,%,-0.00032990578884511496,1.0
20220126,DXY_BROAD,115.0922,-0.06356075696346553,%,-0.0006358096537612812,1.0
20220127,DXY_BROAD,115.978,0.7696438160014196,%,0.007666971674587171,1.0
20220128,DXY_BROAD,116.0393,0.05285485178223581,%,0.0005284088852540702,1.0
20220131,DXY_BROAD,115.566,-0.40787905476851183,%,-0.004087131502248104,3.0
20220201,DXY_BROAD,115.3685,-0.17089801498710866,%,-0.0017104421223394627,1.0
20220202,DXY_BROAD,115.1538,-0.18609932520574635,%,-0.0018627270513927312,1.0
20220203,DXY_BROAD,114.9065,-0.21475626509938062,%,-0.0021498719705284135,1.0
20220204,DXY_BROAD,115.1362,0.1999016591750724,%,0.0019970212168328796,1.0
20220207,DXY_BROAD,115.0098,-0.10978302219458724,%,-0.0010984332789538565,3.0
20220208,DXY_BROAD,115.0892,0.06903759505711982,%,0.0006901377507199622,1.0
20220209,DXY_BROAD,114.8232,-0.23112507515909986,%,-0.0023139258142312502,1.0
20220210,DXY_BROAD,114.5527,-0.23557956928564883,%,-0.0023585749452883138,1.0
20220211,DXY_BROAD,114.8413,0.25193644497250034,%,0.0025161961713592823,1.0
20220214,DXY_BROAD,115.1946,0.30764193717764954,%,0.003071696876805306,3.0
20220215,DXY_BROAD,114.93,-0.22969826710625973,%,-0.002299624782456304,1.0
20220216,DXY_BROAD,114.6886,-0.2100408944575083,%,-0.002102617897120109,1.0
20220217,DXY_BROAD,114.6755,-0.011422233770397305,%,-0.00011422886157197403,1.0
20220218,DXY_BROAD,114.7982,0.10699757140801847,%,0.0010694036980582974,1.0
20220222,DXY_BROAD,114.7002,-0.08536719216851729,%,-0.0008540365070657456,4.0
20220223,DXY_BROAD,114.6668,-0.029119391247789395,%,-0.0002912363176575126,1.0
20220224,DXY_BROAD,115.9419,1.1120045209249918,%,0.011058672068784635,1.0
20220225,DXY_BROAD,115.2577,-0.5901231565120124,%,-0.005918712639284565,1.0
20220228,DXY_BROAD,115.2224,-0.030627021014650868,%,-0.00030631712044571624,3.0
20220301,DXY_BROAD,115.7962,0.4979934457189028,%,0.004967575597481775,1.0
20220302,DXY_BROAD,115.7623,-0.029275572082676504,%,-0.0002927985821482723,1.0
20220303,DXY_BROAD,115.9495,0.16171067782861925,%,0.001615800669009192,1.0
20220304,DXY_BROAD,116.6503,0.6044010539070888,%,0.006025818771395689,1.0
20220307,DXY_BROAD,117.3278,0.580795763062758,%,0.005791156466950623,3.0
20220308,DXY_BROAD,117.6176,0.247000284672505,%,0.0024669574034983975,1.0
20220309,DXY_BROAD,116.5961,-0.8684924705146035,%,-0.008722858457937136,1.0
20220310,DXY_BROAD,116.7401,0.12350327326555721,%,0.001234270707083359,1.0
20220311,DXY_BROAD,117.0192,0.23907808884864323,%,0.002387927518807597,1.0
20220314,DXY_BROAD,117.1506,0.11228926535131745,%,0.0011222626811076722,3.0
20220315,DXY_BROAD,117.246,0.0814336418251349,%,0.0008140050262478184,1.0
20220316,DXY_BROAD,116.8073,-0.3741705473960688,%,-0.0037487231647783162,1.0
20220317,DXY_BROAD,116.0467,-0.6511579327661887,%,-0.0065328721439056135,1.0
20220318,DXY_BROAD,116.1378,0.07850287858250926,%,0.0007847208118961989,1.0
20220321,DXY_BROAD,115.9398,-0.170487128221819,%,-0.0017063262291626524,3.0
20220322,DXY_BROAD,116.0824,0.12299486457627573,%,0.0012291928785669011,1.0
20220323,DXY_BROAD,116.005,-0.0666767744292085,%,-0.0006669901327643004,1.0
20220324,DXY_BROAD,115.9599,-0.03887763458471083,%,-0.0003888519389638321,1.0
20220325,DXY_BROAD,115.7921,-0.1447051955029255,%,-0.001448099945829631,1.0
20220328,DXY_BROAD,116.1911,0.34458309331983905,%,0.0034399076609513152,3.0
20220329,DXY_BROAD,115.5679,-0.5363577761119509,%,-0.005378013385184969,1.0
20220330,DXY_BROAD,115.0818,-0.4206185281553032,%,-0.004215056162649444,1.0
20220331,DXY_BROAD,115.2218,0.12165259841261378,%,0.0012157866159707422,1.0
20220401,DXY_BROAD,115.4814,0.22530458645846352,%,0.002250511562635845,1.0
20220404,DXY_BROAD,115.4112,-0.06078901017826377,%,-0.0006080749418826677,3.0
20220405,DXY_BROAD,115.73,0.27622969001275255,%,0.0027584887692255118,1.0
20220406,DXY_BROAD,115.9995,0.232869610299824,%,0.0023259888922609914,1.0
20220407,DXY_BROAD,116.3512,0.30319096203001994,%,0.0030273226515051574,1.0
20220408,DXY_BROAD,116.4176,0.0570685992065334,%,0.0005705232127422062,1.0
20220411,DXY_BROAD,116.5401,0.1052246395734091,%,0.0010516931725461495,3.0
20220412,DXY_BROAD,116.3866,-0.1317143197920645,%,-0.0013180113934648664,1.0
20220413,DXY_BROAD,116.2796,-0.09193498220585461,%,-0.0009197726832976744,1.0
20220414,DXY_BROAD,116.7558,0.4095301325425904,%,0.004086938403634177,1.0
20220415,DXY_BROAD,116.7017,-0.046336027846149985,%,-0.00046346766300843137,1.0
20220418,DXY_BROAD,116.8441,0.12202050184357827,%,0.0012194611733264765,3.0
20220419,DXY_BROAD,117.1324,0.24673903089673654,%,0.002464351299420929,1.0
20220420,DXY_BROAD,116.7306,-0.34303062175794485,%,-0.0034362032074687476,1.0
20220421,DXY_BROAD,117.1432,0.3534634448893348,%,0.0035284023097878745,1.0
20220422,DXY_BROAD,118.0186,0.7472904957351423,%,0.0074451211344893405,1.0
20220425,DXY_BROAD,118.6271,0.5155966940804113,%,0.0051427204560385055,3.0
20220426,DXY_BROAD,118.9624,0.2826504230483584,%,0.0028225171785802097,1.0
20220427,DXY_BROAD,119.4708,0.4273619227587844,%,0.004264513251368239,1.0
20220428,DXY_BROAD,120.0675,0.4994525859038257,%,0.0049820945897750294,1.0
20220429,DXY_BROAD,119.4933,-0.47823099506526523,%,-0.004793781784073327,1.0
20220502,DXY_BROAD,119.8825,0.32570863805752026,%,0.003251793564388943,3.0
20220503,DXY_BROAD,119.7043,-0.1486455487664906,%,-0.0014875613586444914,1.0
20220504,DXY_BROAD,119.5592,-0.12121536152001067,%,-0.0012128888676128313,1.0
20220505,DXY_BROAD,120.0068,0.37437520491940823,%,0.003736761650937468,1.0
20220506,DXY_BROAD,119.8577,-0.12424295956562359,%,-0.0012432020511870133,1.0
20220509,DXY_BROAD,120.4972,0.5335493672913971,%,0.005321310354184318,3.0
20220510,DXY_BROAD,120.7742,0.22988086030213406,%,0.0022961703849233932,1.0
20220511,DXY_BROAD,120.3925,-0.31604432072412925,%,-0.0031654479554713046,1.0
20220512,DXY_BROAD,121.2796,0.73683991943021,%,0.007341385159921317,1.0
20220513,DXY_BROAD,120.8442,-0.35900514183754284,%,-0.0035965111180388675,1.0
20220516,DXY_BROAD,120.6881,-0.12917459009202936,%,-0.0012925809238256362,3.0
20220517,DXY_BROAD,119.8871,-0.6636942664604017,%,-0.006659065106485986,1.0
20220518,DXY_BROAD,120.0274,0.11702676935216871,%,0.0011695834640535043,1.0
20220519,DXY_BROAD,119.4278,-0.4995526021558394,%,-0.005008045372907999,1.0
20220520,DXY_BROAD,119.3677,-0.05032329156193782,%,-0.0005033595797992318,1.0
20220523,DXY_BROAD,118.7169,-0.5452061152221299,%,-0.005466977880272606,3.0
20220524,DXY_BROAD,118.6245,-0.07783222102328846,%,-0.0007786252602215835,1.0
20220525,DXY_BROAD,118.9598,0.28265661815223275,%,0.0028225789550057113,1.0
20220526,DXY_BROAD,118.7687,-0.16064250276144332,%,-0.0016077167118136665,1.0
20220527,DXY_BROAD,118.2834,-0.40860933899250496,%,-0.004094464280128234,1.0
20220531,DXY_BROAD,118.0704,-0.1800759869939439,%,-0.0018023831870896763,4.0
20220601,DXY_BROAD,118.6954,0.5293452042171465,%,0.005279490971410356,1.0
20220602,DXY_BROAD,118.0658,-0.5304333613602608,%,-0.005318451537393777,1.0
20220603,DXY_BROAD,118.2153,0.12662430610728137,%,0.001265442051438581,1.0
20220606,DXY_BROAD,118.3081,0.07850083703209165,%,0.0007847004124060015,3.0
20220607,DXY_BROAD,118.4414,0.11267191341928218,%,0.0011260848625750822,1.0
20220608,DXY_BROAD,118.3951,-0.03909106106479987,%,-0.00039098703611842447,1.0
20220609,DXY_BROAD,118.9226,0.4455420874681426,%,0.004445524870118694,1.0
20220610,DXY_BROAD,119.9981,0.9043697329187195,%,0.009003047994863515,1.0
20220613,DXY_BROAD,121.1523,0.961848562602241,%,0.00957252248863688,3.0
20220614,DXY_BROAD,121.6669,0.4247546270273128,%,0.004238550908761093,1.0
20220615,DXY_BROAD,121.6403,-0.021862971769648354,%,-0.00021865362065720876,1.0
20220616,DXY_BROAD,120.6714,-0.796528781990824,%,-0.007997180192446121,1.0
20220617,DXY_BROAD,121.2369,0.4686280261934517,%,0.004675333835945747,1.0
20220621,DXY_BROAD,120.6427,-0.4901148082803175,%,-0.004913198097796294,4.0
20220622,DXY_BROAD,120.5197,-0.10195395162740928,%,-0.0010200596002141842,1.0
20220623,DXY_BROAD,120.7622,0.20121191805158034,%,0.002010097580063982,1.0
20220624,DXY_BROAD,120.4853,-0.22929360346202188,%,-0.0022955688377857635,1.0
20220627,DXY_BROAD,120.1736,-0.2587037588817953,%,-0.0025903897532593323,3.0
20220628,DXY_BROAD,120.62,0.3714626174134761,%,0.003707743988227925,1.0
20220629,DXY_BROAD,120.9616,0.2832034488476243,%,0.002828031834126916,1.0
20220630,DXY_BROAD,120.9652,0.00297615110911309,%,2.976106822614655e-05,1.0
20220701,DXY_BROAD,121.5058,0.44690539097194115,%,0.004459097341567286,1.0
20220705,DXY_BROAD,122.6203,0.9172401646670325,%,0.009130590647727014,4.0
20220706,DXY_BROAD,123.0073,0.3156084269896553,%,0.0031511142903078017,1.0
20220707,DXY_BROAD,122.7257,-0.22892950255797295,%,-0.0022919194676166007,1.0
20220708,DXY_BROAD,122.4662,-0.21144715410057469,%,-0.0021167101922208143,1.0
20220711,DXY_BROAD,123.2974,0.678717882975044,%,0.006764249622799743,3.0
20220712,DXY_BROAD,123.4524,0.1257123021247919,%,0.001256333503713817,1.0
20220713,DXY_BROAD,123.2834,-0.1368948679815074,%,-0.0013698865460839663,1.0
20220714,DXY_BROAD,124.0622,0.6317152187561348,%,0.006297282617177474,1.0
20220715,DXY_BROAD,123.4765,-0.4721018972741131,%,-0.004732198181526791,1.0
20220718,DXY_BROAD,122.7727,-0.5699870015752007,%,-0.005716176266712093,3.0
20220719,DXY_BROAD,122.4819,-0.23686047468207683,%,-0.0023714143284464884,1.0
20220720,DXY_BROAD,122.5997,0.09617747601891047,%,0.0009613125511813342,1.0
20220721,DXY_BROAD,122.9032,0.24755362370381118,%,0.0024724771447633942,1.0
20220722,DXY_BROAD,122.451,-0.36793183578621713,%,-0.0036861036983831864,1.0
20220725,DXY_BROAD,122.4594,0.006859886811882987,%,6.859651532407503e-05,3.0
20220726,DXY_BROAD,122.7581,0.24391757594761643,%,0.002436205798807011,1.0
20220727,DXY_BROAD,122.8169,0.047899079571944725,%,0.0004788761162470684,1.0
20220728,DXY_BROAD,122.1161,-0.570605511130795,%,-0.005722396837952968,1.0
20220729,DXY_BROAD,121.7678,-0.2852203763467842,%,-0.002856279047493593,1.0
20220801,DXY_BROAD,121.4109,-0.29309883236783296,%,-0.002935292081521655,3.0
20220802,DXY_BROAD,121.9486,0.44287621622112194,%,0.004418984054379411,1.0
20220803,DXY_BROAD,122.3888,0.36097175367326706,%,0.0036032181423412903,1.0
20220804,DXY_BROAD,121.8333,-0.4538814009125147,%,-0.0045491456996977,1.0
20220805,DXY_BROAD,122.321,0.4003010671138396,%,0.003995019941474097,1.0
20220808,DXY_BROAD,121.8783,-0.3619165964961035,%,-0.0036257309908339927,3.0
20220809,DXY_BROAD,121.8614,-0.013866291210162807,%,-0.000138672526692026,1.0
20220810,DXY_BROAD,120.7543,-0.9084911218810943,%,-0.00912643068314357,1.0
20220811,DXY_BROAD,120.7163,-0.031468858665895105,%,-0.00031473811150244563,1.0
20220812,DXY_BROAD,121.018,0.24992482373962233,%,0.0024961303104219664,1.0
20220815,DXY_BROAD,121.4315,0.34168470805995277,%,0.0034110229216829926,3.0
20220816,DXY_BROAD,121.6807,0.2052185800224926,%,0.002050082943422715,1.0
20220817,DXY_BROAD,122.0711,0.3208397058859891,%,0.003203261135471794,1.0
20220818,DXY_BROAD,122.3627,0.23887717895554328,%,0.0023859232097270134,1.0
20220819,DXY_BROAD,123.0501,0.5617725009336993,%,0.005602004440604717,1.0
20220822,DXY_BROAD,123.605,0.45095452990286944,%,0.00449940776531268,3.0
20220823,DXY_BROAD,123.0547,-0.4452085271631434,%,-0.004462025316855413,1.0
20220824,DXY_BROAD,123.109,0.04412671763045495,%,0.0004411698465753315,1.0
20220825,DXY_BROAD,123.0586,-0.04093933018706197,%,-0.0004094771261872845,1.0
20220826,DXY_BROAD,123.0656,0.005688346852639192,%,5.688185072324667e-05,1.0
20220829,DXY_BROAD,123.4686,0.3274676270216714,%,0.003269326194541505,3.0
20220830,DXY_BROAD,123.6848,0.17510524943185057,%,0.0017495211892360276,1.0
20220831,DXY_BROAD,123.535,-0.1211143163913464,%,-0.0012118771905292795,1.0
20220901,DXY_BROAD,124.4006,0.7006921115473297,%,0.006982486717248456,1.0
20220902,DXY_BROAD,123.7743,-0.5034541634043599,%,-0.005047257636225203,1.0
20220906,DXY_BROAD,124.767,0.8020243297679697,%,0.007988252084110428,4.0
20220907,DXY_BROAD,124.8408,0.059150256077322716,%,0.0005913276920869791,1.0
20220908,DXY_BROAD,124.578,-0.2105081031201328,%,-0.00210729982865443,1.0
20220909,DXY_BROAD,123.7874,-0.6346224855110827,%,-0.006366447744805467,1.0
20220912,DXY_BROAD,123.3332,-0.3669194118302799,%,-0.0036759421225904814,3.0
20220913,DXY_BROAD,124.4242,0.8845955509141135,%,0.008807059259403293,1.0
20220914,DXY_BROAD,124.4509,0.02145884803761433,%,0.00021456545956146378,1.0
20220915,DXY_BROAD,124.8843,0.348249791684907,%,0.003476448062646446,1.0
20220916,DXY_BROAD,124.8794,-0.003923631713509401,%,-3.9237086899520387e-05,1.0
20220919,DXY_BROAD,125.0104,0.10490120868613673,%,0.001048462258166546,3.0
20220920,DXY_BROAD,125.1248,0.09151238616946777,%,0.0009147053911356923,1.0
20220921,DXY_BROAD,125.7399,0.49158919734537676,%,0.004903848430217921,1.0
20220922,DXY_BROAD,126.1667,0.3394308409661484,%,0.0033885607474247624,1.0
20220923,DXY_BROAD,127.2853,0.8866047855733639,%,0.008826975230126231,1.0
20220926,DXY_BROAD,128.4539,0.9180950196134186,%,0.00913906146326197,3.0
20220927,DXY_BROAD,128.4386,-0.011910887874944098,%,-0.00011911597277525268,1.0
20220928,DXY_BROAD,128.0884,-0.27265946530092844,%,-0.0027303185828486086,1.0
20220929,DXY_BROAD,127.5437,-0.4252531845194474,%,-0.004261599575079181,1.0
20220930,DXY_BROAD,127.5148,-0.02265890043962049,%,-0.00022661467956320845,1.0
20221003,DXY_BROAD,127.0813,-0.33996053791403025,%,-0.0034053971677632565,3.0
20221004,DXY_BROAD,126.1819,-0.7077359139385564,%,-0.007102522442355675,1.0
20221005,DXY_BROAD,126.8616,0.5386667976944315,%,0.005372211771612774,1.0
20221006,DXY_BROAD,127.2493,0.3056086317688056,%,0.003051425978416022,1.0
20221007,DXY_BROAD,127.3111,0.04856608248531291,%,0.00048554292980452384,1.0
20221011,DXY_BROAD,127.6641,0.27727354488336076,%,0.002768898508809019,4.0
20221012,DXY_BROAD,128.1481,0.3791198935330975,%,0.0037840304530297637,1.0
20221013,DXY_BROAD,127.7286,-0.327355614324365,%,-0.0032789259502674505,1.0
20221014,DXY_BROAD,128.3325,0.4727993573874656,%,0.004716851717538679,1.0
20221017,DXY_BROAD,127.6448,-0.5358736095688932,%,-0.005373145622916973,3.0
20221018,DXY_BROAD,127.9153,0.21191619243401405,%,0.002116919667953468,1.0
20221019,DXY_BROAD,128.3968,0.3764209598070112,%,0.0037571426897852053,1.0
20221020,DXY_BROAD,128.0052,-0.3049920247233606,%,-0.0030545807324754135,1.0
20221021,DXY_BROAD,127.6735,-0.25913009783977703,%,-0.002594664210131594,1.0
20221024,DXY_BROAD,128.0304,0.27954117338364615,%,0.0027915118366440015,3.0
20221025,DXY_BROAD,127.3771,-0.5102694360089366,%,-0.005115757562255494,1.0
20221026,DXY_BROAD,126.4723,-0.7103317629306938,%,-0.0071286663010835805,1.0
20221027,DXY_BROAD,126.7028,0.18225334717560937,%,0.0018208746728001957,1.0
20221028,DXY_BROAD,127.2135,0.4030692297249949,%,0.004022590819465224,1.0
20221031,DXY_BROAD,127.6219,0.32103511026737586,%,0.003205208928090517,3.0
20221101,DXY_BROAD,127.3987,-0.17489161342997273,%,-0.0017504472736053847,1.0
20221102,DXY_BROAD,127.3115,-0.06844653830848646,%,-0.0006846997364591352,1.0
20221103,DXY_BROAD,128.1743,0.6777078268656034,%,0.006754217103540541,1.0
20221104,DXY_BROAD,127.1468,-0.8016427630187839,%,-0.008048731945460862,1.0
20221107,DXY_BROAD,126.3062,-0.6611255650948333,%,-0.006633206804874948,3.0
20221108,DXY_BROAD,125.633,-0.5329904628593174,%,-0.005344159243320494,1.0
20221109,DXY_BROAD,125.9861,0.28105672872573706,%,0.0028066250279485017,1.0
20221110,DXY_BROAD,124.7044,-1.0173344519752492,%,-0.010225446659001122,1.0
20221114,DXY_BROAD,123.4277,-1.0237810373972422,%,-0.010290577208106897,4.0
20221115,DXY_BROAD,123.039,-0.3149212048835115,%,-0.0031541812525593847,1.0
20221116,DXY_BROAD,123.2817,0.19725452905177132,%,0.0019706023776257134,1.0
20221117,DXY_BROAD,123.977,0.5639928716103082,%,0.005624083866108319,1.0
20221118,DXY_BROAD,123.8524,-0.10050251256281673,%,-0.0010055305020187607,1.0
20221121,DXY_BROAD,124.7009,0.6850896712538468,%,0.006827535953728041,3.0
20221122,DXY_BROAD,124.2365,-0.372411105292747,%,-0.0037310628192950513,1.0
20221123,DXY_BROAD,123.7574,-0.385635461398226,%,-0.0038638095214530896,1.0
20221125,DXY_BROAD,123.3386,-0.3384040065482985,%,-0.0033897788796410865,2.0
20221128,DXY_BROAD,123.6032,0.21453137947082812,%,0.0021430158949598786,3.0
20221129,DXY_BROAD,123.6615,0.047167063635900064,%,0.00047155943473005363,1.0
20221130,DXY_BROAD,123.5175,-0.11644691355030545,%,-0.0011651476564824628,1.0
20221201,DXY_BROAD,122.0045,-1.2249276418321298,%,-0.012324917135421883,1.0
20221202,DXY_BROAD,122.0102,0.004671958821189648,%,4.671849688592587e-05,1.0
20221205,DXY_BROAD,122.6384,0.5148749858618462,%,0.00513554036823851,3.0
20221206,DXY_BROAD,123.0191,0.3104247935393767,%,0.0030994397058261933,1.0
20221207,DXY_BROAD,122.7608,-0.20996739530689812,%,-0.002101881358853118,1.0
20221208,DXY_BROAD,122.4152,-0.2815230920619638,%,-0.002819201136321257,1.0
20221209,DXY_BROAD,122.4201,0.004002770897737484,%,4.002690789000891e-05,1.0
20221212,DXY_BROAD,122.7714,0.2869626801481173,%,0.002865517282471367,3.0
20221213,DXY_BROAD,121.8493,-0.7510706891018626,%,-0.00753905427849529,1.0
20221214,DXY_BROAD,121.8226,-0.02191231299646379,%,-0.00021914714094531886,1.0
20221215,DXY_BROAD,122.5519,0.5986573919781746,%,0.005968725584295662,1.0
20221216,DXY_BROAD,122.6505,0.08045570896901832,%,0.0008042336071300613,1.0
20221219,DXY_BROAD,122.5275,-0.10028495603360277,%,-0.001003352750400447,3.0
20221220,DXY_BROAD,122.1357,-0.31976495072535416,%,-0.0032027729132589624,1.0
20221221,DXY_BROAD,122.2828,0.1204398058880285,%,0.001203673353369077,1.0
20221222,DXY_BROAD,122.2419,-0.03344705878504106,%,-0.00033452653561308093,1.0
20221223,DXY_BROAD,121.9743,-0.2189102100016438,%,-0.0021915016866182247,1.0
20221227,DXY_BROAD,121.7539,-0.180693801891052,%,-0.001808572500647505,4.0
20221228,DXY_BROAD,122.0075,0.20828901579332815,%,0.002080723949689299,1.0
20221229,DXY_BROAD,121.6577,-0.2867036862487904,%,-0.0028711546851896523,1.0
20221230,DXY_BROAD,121.4256,-0.1907811835995643,%,-0.0019096340269635936,1.0
20230103,DXY_BROAD,122.0905,0.5475781054407047,%,0.005460843470478099,4.0
20230104,DXY_BROAD,121.5008,-0.483002363001217,%,-0.004841725890815601,1.0
20230105,DXY_BROAD,122.1017,0.4945646448418328,%,0.004933456912591385,1.0
20230106,DXY_BROAD,121.0852,-0.8325027415670649,%,-0.008359873990302615,1.0
20230109,DXY_BROAD,120.1508,-0.7716880345409627,%,-0.007746809539306784,3.0
20230110,DXY_BROAD,120.2483,0.08114802398320187,%,0.0008111511677538257,1.0
20230111,DXY_BROAD,120.1614,-0.07226713392205486,%,-0.0007229325920270073,1.0
20230112,DXY_BROAD,119.4218,-0.6155054784647951,%,-0.0061740752224042645,1.0
20230113,DXY_BROAD,119.1673,-0.21311016916509828,%,-0.002133375720226239,1.0
20230117,DXY_BROAD,119.2121,0.03759420579303452,%,0.0003758714094208275,4.0
20230118,DXY_BROAD,119.0755,-0.11458568383578838,%,-0.0011465138342349882,1.0
20230119,DXY_BROAD,119.6107,0.44946273582726626,%,0.004484556685400214,1.0
20230120,DXY_BROAD,119.3486,-0.2191275529697556,%,-0.0021936798869693895,1.0
20230123,DXY_BROAD,119.1434,-0.1719333113249788,%,-0.0017208128627917774,3.0
20230124,DXY_BROAD,119.0958,-0.039951856334474734,%,-0.0003995983921487433,1.0
20230125,DXY_BROAD,118.9686,-0.10680477397188026,%,-0.0010686185091481535,1.0
20230126,DXY_BROAD,119.021,0.044045235465506316,%,0.00044035538398962967,1.0
20230127,DXY_BROAD,118.9223,-0.08292654237487262,%,-0.0008296094545286085,1.0
20230130,DXY_BROAD,118.8953,-0.02270389994138977,%,-0.00022706477666922713,3.0
20230131,DXY_BROAD,118.9802,0.07140736429445127,%,0.0007138188136647707,1.0
20230201,DXY_BROAD,118.6259,-0.29778063913155073,%,-0.0029822488782034686,1.0
20230202,DXY_BROAD,118.3421,-0.23923949154442958,%,-0.0023952612646988653,1.0
20230203,DXY_BROAD,119.5095,0.9864621297070109,%,0.009816283549497136,1.0
20230206,DXY_BROAD,120.541,0.8631113007752544,%,0.008594077902089874,3.0
20230207,DXY_BROAD,120.3475,-0.16052629395807427,%,-0.0016065527546463617,1.0
20230208,DXY_BROAD,120.1436,-0.16942603710088378,%,-0.0016956972533090674,1.0
20230209,DXY_BROAD,119.9781,-0.13775182365103333,%,-0.00137846788696369,1.0
20230210,DXY_BROAD,120.1419,0.13652491579714265,%,0.0013643180527038647,1.0
20230213,DXY_BROAD,119.9828,-0.13242673871480815,%,-0.00132514500408964,3.0
20230214,DXY_BROAD,119.9229,-0.04992382241454374,%,-0.0004993628850397103,1.0
20230215,DXY_BROAD,120.4557,0.4442854534038032,%,0.004433014191208383,1.0
20230216,DXY_BROAD,120.4651,0.007803698787189894,%,7.803394314456076e-05,1.0
20230217,DXY_BROAD,120.5526,0.07263514495068346,%,0.0007260877839609101,1.0
20230221,DXY_BROAD,120.6256,0.060554479953145446,%,0.0006053615312603681,4.0
20230222,DXY_BROAD,120.8389,0.17682813598438596,%,0.001766719790951176,1.0
20230223,DXY_BROAD,121.0896,0.2074663043109437,%,0.002072513901721014,1.0
20230224,DXY_BROAD,121.5681,0.3951619296785225,%,0.003943832157051684,1.0
20230227,DXY_BROAD,121.3941,-0.14312965325607996,%,-0.0014323218158826137,3.0
20230228,DXY_BROAD,121.3341,-0.04942579581708184,%,-0.00049438014389793,1.0
20230301,DXY_BROAD,120.6347,-0.5764249291831502,%,-0.005780926696138161,1.0
20230302,DXY_BROAD,121.1302,0.410744172282107,%,0.004099029212131815,1.0
20230303,DXY_BROAD,120.7742,-0.2938986313900327,%,-0.002943313614842268,1.0
20230306,DXY_BROAD,120.485,-0.23945511541372255,%,-0.0023974226766730732,3.0
20230307,DXY_BROAD,121.4623,0.8111383159729479,%,0.008078662710991976,1.0
20230308,DXY_BROAD,121.4511,-0.009220968152257036,%,-9.221393309661314e-05,1.0
20230309,DXY_BROAD,121.4458,-0.00436389625123601,%,-4.3639914719587e-05,1.0
20230310,DXY_BROAD,121.2421,-0.1677291433709649,%,-0.00167869966187944,1.0
20230313,DXY_BROAD,120.8897,-0.29065811298220057,%,-0.0029108134397784606,3.0
20230314,DXY_BROAD,121.0141,0.10290372132613079,%,0.001028508117409941,1.0
20230315,DXY_BROAD,122.1079,0.9038616161257229,%,0.00899801235494337,1.0
20230316,DXY_BROAD,121.7221,-0.3159500736643617,%,-0.0031645024972521553,1.0
20230317,DXY_BROAD,121.5643,-0.12963956422046286,%,-0.0012972366900009062,1.0
20230320,DXY_BROAD,121.0141,-0.4525999820671034,%,-0.004536273167690327,3.0
20230321,DXY_BROAD,120.8958,-0.09775720349942674,%,-0.0009780501701691841,1.0
20230322,DXY_BROAD,120.6217,-0.2267241707321399,%,-0.0022698157912507256,1.0
20230323,DXY_BROAD,119.7587,-0.7154599877136514,%,-0.007180316762936693,1.0
20230324,DXY_BROAD,120.4598,0.5854271965209934,%,0.0058372023029852746,1.0
20230327,DXY_BROAD,120.2541,-0.1707623622154486,%,-0.0017090832732984825,3.0
20230328,DXY_BROAD,119.7138,-0.4492986101929053,%,-0.004503109899420484,1.0
20230329,DXY_BROAD,119.7258,0.010023907018230638,%,0.00010023404658241539,1.0
20230330,DXY_BROAD,119.4078,-0.26560691179345897,%,-0.0026596027279093175,1.0
20230331,DXY_BROAD,119.3602,-0.039863392508687756,%,-0.0003987134007118146,1.0
20230403,DXY_BROAD,119.3204,-0.033344448149386086,%,-0.0003335000864661045,3.0
20230404,DXY_BROAD,119.142,-0.1495134109506968,%,-0.0014962529378476756,1.0
20230405,DXY_BROAD,119.2953,0.12866999043159577,%,0.0012858728153948766,1.0
20230406,DXY_BROAD,119.3072,0.009975246300575336,%,9.974748805965483e-05,1.0
20230407,DXY_BROAD,119.3547,0.039813188139525835,%,0.00039805264792731556,1.0
20230410,DXY_BROAD,119.7948,0.3687328609598195,%,0.003680547078836463,3.0
20230411,DXY_BROAD,119.5248,-0.22538540904947224,%,-0.0022563978425080102,1.0
20230412,DXY_BROAD,119.003,-0.4365621193258673,%,-0.004375178342866307,1.0
20230413,DXY_BROAD,118.3915,-0.5138525919514692,%,-0.005151773545493657,1.0
20230414,DXY_BROAD,118.8567,0.3929336143219775,%,0.003921636465114876,1.0
20230417,DXY_BROAD,119.2787,0.3550493998234927,%,0.0035442058739886414,3.0
20230418,DXY_BROAD,119.1049,-0.14570916685040514,%,-0.0014581542588890924,1.0
20230419,DXY_BROAD,119.303,0.16632397155784684,%,0.0016618580642022039,1.0
20230420,DXY_BROAD,119.1199,-0.15347476593211562,%,-0.001535926590906112,1.0
20230421,DXY_BROAD,119.3117,0.16101423859489206,%,0.0016088474964820055,1.0
20230424,DXY_BROAD,119.2039,-0.0903515749084094,%,-0.0009039241654641346,3.0
20230425,DXY_BROAD,119.613,0.34319346934117423,%,0.0034260590449320615,1.0
20230426,DXY_BROAD,119.3228,-0.24261576918896965,%,-0.00242910558145787,1.0
20230427,DXY_BROAD,119.4298,0.08967271971491719,%,0.0008963253775132403,1.0
20230428,DXY_BROAD,119.2248,-0.17164895193662044,%,-0.0017179643754595697,1.0
20230501,DXY_BROAD,119.4435,0.1834349900356358,%,0.0018326695351825358,3.0
20230502,DXY_BROAD,119.6105,0.13981505900280133,%,0.001397174087584157,1.0
20230503,DXY_BROAD,119.1233,-0.4073220996484439,%,-0.004081539156614328,1.0
20230504,DXY_BROAD,119.0465,-0.0644710144866778,%,-0.0006449180598202811,1.0
20230505,DXY_BROAD,118.5548,-0.4130318824996926,%,-0.0041388721518974,1.0
20230508,DXY_BROAD,118.5759,0.01779767668623755,%,0.00017796093087653464,3.0
20230509,DXY_BROAD,118.8239,0.2091487393306668,%,0.002089303278384184,1.0
20230510,DXY_BROAD,118.5864,-0.19987561424932299,%,-0.0020007563212425866,1.0
20230511,DXY_BROAD,119.0303,0.3743262296519667,%,0.003736273724817981,1.0
20230512,DXY_BROAD,119.3671,0.28295316402628945,%,0.00282553605093436,1.0
20230515,DXY_BROAD,119.1608,-0.17282819135255867,%,-0.0017297771157141755,3.0
20230516,DXY_BROAD,119.1743,0.011329229075340841,%,0.00011328587366650273,1.0
20230517,DXY_BROAD,119.607,0.3630816375678192,%,0.003624240873389047,1.0
20230518,DXY_BROAD,120.0886,0.40265201869456035,%,0.004018435449510212,1.0
20230519,DXY_BROAD,119.7751,-0.26105725272840274,%,-0.002613986013807763,1.0
20230522,DXY_BROAD,120.0875,0.2608221575268965,%,0.0026048260682510612,3.0
20230523,DXY_BROAD,120.3204,0.19394191735193633,%,0.001937540928231925,1.0
20230524,DXY_BROAD,120.4752,0.12865648717923506,%,0.0012857379563852391,1.0
20230525,DXY_BROAD,120.8413,0.30387996865746114,%,0.0030341918672735484,1.0
20230526,DXY_BROAD,120.6304,-0.174526424326793,%,-0.0017467889912243274,1.0
20230530,DXY_BROAD,120.5546,-0.06283656524391779,%,-0.0006285631568767642,4.0
20230531,DXY_BROAD,120.9662,0.34142206104121886,%,0.0034084053917577033,1.0
20230601,DXY_BROAD,120.0491,-0.7581456638300677,%,-0.007610341968545233,1.0
20230602,DXY_BROAD,120.0049,-0.03681826852511838,%,-0.0003682504811374015,1.0
20230605,DXY_BROAD,120.0048,-8.332993070014894e-05,%,-8.332996541955498e-07,3.0
20230606,DXY_BROAD,119.9718,-0.027498900043998464,%,-0.0002750268168480559,1.0
20230607,DXY_BROAD,119.859,-0.09402209519238092,%,-0.0009406632368951577,1.0
20230608,DXY_BROAD,119.5712,-0.2401154690094165,%,-0.0024040420849976304,1.0
20230609,DXY_BROAD,119.4322,-0.11624872879089088,%,-0.0011631635003659063,1.0
20230612,DXY_BROAD,119.6376,0.17198042069057617,%,0.0017183270370368495,3.0
20230613,DXY_BROAD,119.1899,-0.37421345797643557,%,-0.003749153882292476,1.0
20230614,DXY_BROAD,118.776,-0.347260967581986,%,-0.003478653180010578,1.0
20230615,DXY_BROAD,118.5521,-0.1885060955075124,%,-0.0018868399184651292,1.0
20230616,DXY_BROAD,118.4184,-0.11277742022283155,%,-0.0011284106180878429,1.0
20230620,DXY_BROAD,118.938,0.43878316207615065,%,0.0043782331549871495,4.0
20230621,DXY_BROAD,118.727,-0.1774033530074437,%,-0.0017756089911135447,1.0
20230622,DXY_BROAD,118.7552,0.023751968802376844,%,0.00023749148468847885,1.0
20230623,DXY_BROAD,119.152,0.33413273692435297,%,0.003335757538585846,1.0
20230626,DXY_BROAD,119.0761,-0.06370014771048815,%,-0.0006372044487458656,3.0
20230627,DXY_BROAD,118.8949,-0.15217159446773154,%,-0.0015228749302992777,1.0
20230628,DXY_BROAD,119.3382,0.37285030728819724,%,0.0037215694346829265,1.0
20230629,DXY_BROAD,119.527,0.1582058385328322,%,0.001580808249312787,1.0
20230630,DXY_BROAD,119.3606,-0.13921540739748606,%,-0.0013931240207724737,1.0
20230703,DXY_BROAD,119.2119,-0.12458047295339503,%,-0.0012465813893573468,3.0
20230705,DXY_BROAD,119.3483,0.11441810758825444,%,0.001143526999588943,2.0
20230706,DXY_BROAD,119.8193,0.3946432416716439,%,0.0039386656795361834,1.0
20230707,DXY_BROAD,119.0761,-0.6202673525884439,%,-0.006221990022691867,1.0
20230710,DXY_BROAD,118.9548,-0.10186762918839021,%,-0.0010191954952077514,3.0
20230711,DXY_BROAD,118.7344,-0.1852804594686508,%,-0.001854523160225053,1.0
20230712,DXY_BROAD,117.6385,-0.9229844088991856,%,-0.009272703024654431,1.0
20230713,DXY_BROAD,117.1831,-0.3871181628463449,%,-0.003878694046287106,1.0
20230714,DXY_BROAD,117.0463,-0.11674038321225488,%,-0.0011680857787659236,1.0
20230717,DXY_BROAD,117.1267,0.06869076596185408,%,0.0006866718465338164,3.0
20230718,DXY_BROAD,117.0264,-0.08563376241284004,%,-0.0008567044906476712,1.0
20230719,DXY_BROAD,117.3462,0.27327167203297087,%,0.0027289896384881467,1.0
20230720,DXY_BROAD,117.5947,0.21176655059984562,%,0.002115426412943676,1.0
20230721,DXY_BROAD,117.9418,0.29516636379021133,%,0.0029473160317993415,1.0
20230724,DXY_BROAD,117.8124,-0.1097151306831079,%,-0.0010977536179173526,3.0
20230725,DXY_BROAD,117.8565,0.0374323925155684,%,0.0003742538834335285,1.0
20230726,DXY_BROAD,117.76,-0.08187923449278767,%,-0.000819127738470874,1.0
20230727,DXY_BROAD,117.8938,0.11362092391302703,%,0.001135564241934345,1.0
20230728,DXY_BROAD,117.788,-0.08974178455525283,%,-0.0008978207660240036,1.0
20230731,DXY_BROAD,117.8241,0.030648283356549122,%,0.00030643587729580477,3.0
20230801,DXY_BROAD,118.5738,0.6362874827815501,%,0.006342717201560786,1.0
20230802,DXY_BROAD,119.1268,0.4663762146443817,%,0.004652920503259669,1.0
20230803,DXY_BROAD,119.3963,0.22622953021484982,%,0.0022597401650555652,1.0
20230804,DXY_BROAD,118.821,-0.481840727057703,%,-0.004830053219900956,1.0
20230807,DXY_BROAD,119.0809,0.2187323789565765,%,0.0021849350795062803,3.0
20230808,DXY_BROAD,119.6407,0.4701005786822199,%,0.0046899905673684905,1.0
20230809,DXY_BROAD,119.476,-0.1376621835211589,%,-0.0013775702495553675,1.0
20230810,DXY_BROAD,119.1581,-0.2660785429709711,%,-0.002664331611076434,1.0
20230811,DXY_BROAD,119.6268,0.3933429619975559,%,0.003925713911866307,1.0
20230814,DXY_BROAD,120.0725,0.37257537608630376,%,0.0037188303316527307,3.0
20230815,DXY_BROAD,120.2127,0.11676278914822813,%,0.001166946744201947,1.0
20230816,DXY_BROAD,120.3551,0.11845670216208415,%,0.0011838659756758078,1.0
20230817,DXY_BROAD,120.5242,0.14050090108355118,%,0.0014040229092216183,1.0
20230818,DXY_BROAD,120.4321,-0.07641618861605748,%,-0.0007644540066824316,1.0
20230821,DXY_BROAD,120.4627,0.02540850819672258,%,0.0002540528078195905,3.0
20230822,DXY_BROAD,120.3554,-0.08907321519441291,%,-0.0008911290895549487,1.0
20230823,DXY_BROAD,120.0307,-0.26978432209938674,%,-0.0027014889585783076,1.0
20230824,DXY_BROAD,120.2354,0.17053970359250936,%,0.001703944497601907,1.0
20230825,DXY_BROAD,120.5137,0.2314626141718623,%,0.00231195152100026,1.0
20230828,DXY_BROAD,120.3155,-0.16446262955995827,%,-0.0016459801780497457,3.0
20230829,DXY_BROAD,120.2669,-0.040393797972826384,%,-0.0004040195846502888,1.0
20230830,DXY_BROAD,119.7937,-0.39345821668306247,%,-0.003942342999021115,1.0
20230831,DXY_BROAD,120.225,0.36003562791699917,%,0.0035938905112329524,1.0
20230901,DXY_BROAD,120.759,0.4441671865252683,%,0.00443183675291384,1.0
20230905,DXY_BROAD,121.4345,0.5593785970403831,%,0.005578198849990697,4.0
20230906,DXY_BROAD,121.8671,0.35624143056545154,%,0.0035560839376196523,1.0
20230907,DXY_BROAD,121.9528,0.07032250705891752,%,0.000702977923699028,1.0
20230908,DXY_BROAD,121.9475,-0.004345943676564712,%,-4.3460381154330944e-05,1.0
20230911,DXY_BROAD,121.3386,-0.4993132290534885,%,-0.005005639626796542,3.0
20230912,DXY_BROAD,121.2913,-0.03898182441530729,%,-0.0003898942430359526,1.0
20230913,DXY_BROAD,121.0549,-0.19490268469379846,%,-0.0019509286713026341,1.0
20230914,DXY_BROAD,121.2395,0.15249279459155218,%,0.00152376642397032,1.0
20230915,DXY_BROAD,121.199,-0.03340495465586901,%,-0.00033410535353701137,1.0
20230918,DXY_BROAD,121.1938,-0.004290464442779918,%,-4.2905564858383175e-05,3.0
20230919,DXY_BROAD,121.1645,-0.024176154225707958,%,-0.00024179077128980245,1.0
20230920,DXY_BROAD,120.9648,-0.16481725257810886,%,-0.00164953225637091,1.0
20230921,DXY_BROAD,121.5528,0.4860918217531207,%,0.004849142100980251,1.0
20230922,DXY_BROAD,121.5306,-0.01826366813434399,%,-0.00018265336145309016,1.0
20230925,DXY_BROAD,122.1143,0.480290560566643,%,0.004791408453000732,3.0
20230926,DXY_BROAD,122.4742,0.29472387754749807,%,0.002942904181908187,1.0
20230927,DXY_BROAD,122.9895,0.42074167457311074,%,0.004198590316876971,1.0
20230928,DXY_BROAD,122.5342,-0.3701942035702288,%,-0.003708811181145852,1.0
20230929,DXY_BROAD,122.3077,-0.18484635309978792,%,-0.0018501740479210445,1.0
20231002,DXY_BROAD,123.0545,0.6105911565666089,%,0.006087346022357169,3.0
20231003,DXY_BROAD,123.7848,0.5934768740679885,%,0.005917227369117125,1.0
20231004,DXY_BROAD,123.5946,-0.15365376039707668,%,-0.0015377192884985715,1.0
20231005,DXY_BROAD,123.8993,0.24653180640576977,%,0.002462284152826917,1.0
20231006,DXY_BROAD,123.3563,-0.43825913463594324,%,-0.004392223051333651,1.0
20231010,DXY_BROAD,122.9282,-0.34704348298384424,%,-0.003476470757701549,4.0
20231011,DXY_BROAD,122.7697,-0.12893705431300528,%,-0.0012902024965365008,1.0
20231012,DXY_BROAD,123.2101,0.3587204334619898,%,0.0035807856626295063,1.0
20231013,DXY_BROAD,123.5954,0.31271786972009163,%,0.0031222992438672626,1.0
20231016,DXY_BROAD,123.3185,-0.2240374641774623,%,-0.002242888035706759,3.0
20231017,DXY_BROAD,123.1202,-0.16080312361892446,%,-0.0016093255060878942,1.0
20231018,DXY_BROAD,123.8148,0.5641641257892793,%,0.005625786802002803,1.0
20231019,DXY_BROAD,123.798,-0.013568652535889125,%,-0.00013569573160825864,1.0
20231020,DXY_BROAD,123.612,-0.15024475355014388,%,-0.0015035773415912903,1.0
20231023,DXY_BROAD,123.2846,-0.26486101672976714,%,-0.002652123940989338,3.0
20231024,DXY_BROAD,123.6416,0.2895738802737746,%,0.0028915542274758313,1.0
20231025,DXY_BROAD,123.7871,0.11767883948443636,%,0.0011760965221199093,1.0
20231026,DXY_BROAD,124.0064,0.17715900929904382,%,0.0017700226781996163,1.0
20231027,DXY_BROAD,123.62,-0.31159682080924567,%,-0.003120832945235321,1.0
20231030,DXY_BROAD,123.4076,-0.1718168581135715,%,-0.0017196463256910742,3.0
20231031,DXY_BROAD,123.8364,0.3474664445301645,%,0.0034686417460051432,1.0
20231101,DXY_BROAD,123.7922,-0.03569225203575721,%,-0.00035698623236095817,1.0
20231102,DXY_BROAD,122.8818,-0.7354259799890461,%,-0.007381435689505633,1.0
20231103,DXY_BROAD,121.7564,-0.9158394489664046,%,-0.009200590413345013,1.0
20231106,DXY_BROAD,121.6484,-0.0887017027441761,%,-0.0008874106598348846,3.0
20231107,DXY_BROAD,122.0777,0.3529022987560859,%,0.003522810597425676,1.0
20231108,DXY_BROAD,122.0926,0.012205341352289345,%,0.0001220459656110397,1.0
20231109,DXY_BROAD,122.1281,0.029076291273999466,%,0.00029072064939649226,1.0
20231113,DXY_BROAD,122.4264,0.2442517324022786,%,0.002439539226967039,4.0
20231114,DXY_BROAD,121.35,-0.8792221285605084,%,-0.008831100923184712,1.0
20231115,DXY_BROAD,121.0749,-0.22669962917181152,%,-0.0022695698179968043,1.0
20231116,DXY_BROAD,121.1754,0.08300646954901847,%,0.0008297203823124699,1.0
20231117,DXY_BROAD,120.8477,-0.2704344281099891,%,-0.0027080076262167773,1.0
20231120,DXY_BROAD,120.2533,-0.4918587610686864,%,-0.004930723673943249,3.0
20231121,DXY_BROAD,120.2241,-0.024282077913861944,%,-0.00024285026487727346,1.0
20231122,DXY_BROAD,120.6802,0.3793748507994632,%,0.0037865703930376874,1.0
20231124,DXY_BROAD,120.2105,-0.38921049186196877,%,-0.0038996988696755313,2.0
20231127,DXY_BROAD,120.173,-0.03119527828266966,%,-0.00031200145021760176,3.0
20231128,DXY_BROAD,119.5904,-0.48480107844524056,%,-0.004859800508643007,1.0
20231129,DXY_BROAD,119.8159,0.18856028577545203,%,0.0018838273402827853,1.0
20231130,DXY_BROAD,120.2434,0.35679738665734817,%,0.003561623748039286,1.0
20231201,DXY_BROAD,119.9424,-0.2503255895957568,%,-0.0025063942795433853,1.0
20231204,DXY_BROAD,120.4727,0.44212888853316645,%,0.0044115437012523144,3.0
20231205,DXY_BROAD,120.7913,0.26445825485774677,%,0.002641091793188795,1.0
20231206,DXY_BROAD,120.5334,-0.2135087543556624,%,-0.002137370092505896,1.0
20231207,DXY_BROAD,120.6013,0.056332933444158684,%,0.0005631707240358664,1.0
20231208,DXY_BROAD,120.7607,0.1321710462490966,%,0.001320837772095685,1.0
20231211,DXY_BROAD,120.9279,0.13845563995571464,%,0.0013835987851575555,3.0
20231212,DXY_BROAD,120.6817,-0.20359238852241113,%,-0.0020379991955182717,1.0
20231213,DXY_BROAD,121.1571,0.3939288226798121,%,0.0039315495475323575,1.0
20231214,DXY_BROAD,119.5683,-1.3113552569350095,%,-0.013200294363103552,1.0
20231215,DXY_BROAD,119.7382,0.14209451836315612,%,0.0014199365963425696,1.0
20231218,DXY_BROAD,119.9102,0.1436467225998106,%,0.0014354364939095973,3.0
20231219,DXY_BROAD,119.4632,-0.3727789629239253,%,-0.003734755153059086,1.0
20231220,DXY_BROAD,119.5435,0.06721735228922832,%,0.0006719477154520336,1.0
20231221,DXY_BROAD,119.3168,-0.1896380815351706,%,-0.0018981812219812557,1.0
20231222,DXY_BROAD,119.0625,-0.21313008729700877,%,-0.0021335753269474443,1.0
20231226,DXY_BROAD,118.8875,-0.14698162729658293,%,-0.001470897512516163,4.0
20231227,DXY_BROAD,118.4729,-0.348733045946803,%,-0.003493425370439542,1.0
20231228,DXY_BROAD,118.4104,-0.052754680606281745,%,-0.0005276860078382319,1.0
20231229,DXY_BROAD,118.4208,0.008783012302981952,%,8.782626619039326e-05,1.0
20240102,DXY_BROAD,119.2686,0.7159215272992681,%,0.007133709751990451,4.0
20240103,DXY_BROAD,119.6958,0.35818312615389925,%,0.0035754317806338904,1.0
20240104,DXY_BROAD,119.6208,-0.06265884015981271,%,-0.0006267847901514472,1.0
20240105,DXY_BROAD,119.388,-0.19461498334737426,%,-0.0019480460436664168,1.0
20240108,DXY_BROAD,119.2506,-0.11508694341140213,%,-0.0011515321928892194,3.0
20240109,DXY_BROAD,119.6666,0.348845204971715,%,0.003482381514616139,1.0
20240110,DXY_BROAD,119.7614,0.07922009984406841,%,0.0007918873728551234,1.0
20240111,DXY_BROAD,119.8916,0.10871616397269968,%,0.0010865711074754705,1.0
20240112,DXY_BROAD,119.534,-0.29826943672449646,%,-0.002987151465069302,1.0
20240116,DXY_BROAD,120.5759,0.871634848662306,%,0.008678580428846564,4.0
20240117,DXY_BROAD,121.0402,0.3850686579988105,%,0.0038432916640094004,1.0
20240118,DXY_BROAD,120.8895,-0.12450409037658705,%,-0.0012458166111169967,1.0
20240119,DXY_BROAD,120.6442,-0.2029125771882634,%,-0.0020311872367013415,1.0
20240122,DXY_BROAD,120.6178,-0.02188252729927731,%,-0.00021884921873617622,3.0
20240123,DXY_BROAD,121.1001,0.3998580640668159,%,0.0039906075640243855,1.0
20240124,DXY_BROAD,120.4916,-0.5024768765673926,%,-0.005037435365219011,1.0
20240125,DXY_BROAD,120.8311,0.281762380116124,%,0.002813661739872728,1.0
20240126,DXY_BROAD,120.6173,-0.1769412013960081,%,-0.001770979272421145,1.0
20240129,DXY_BROAD,120.8538,0.19607469243632103,%,0.001958827169139009,3.0
20240130,DXY_BROAD,120.6025,-0.20793719353466855,%,-0.002081536830771907,1.0
20240131,DXY_BROAD,120.4331,-0.1404614332207177,%,-0.0014056017276331165,1.0
20240201,DXY_BROAD,120.3335,-0.08270151644356183,%,-0.0008273573301405465,1.0
20240202,DXY_BROAD,120.902,0.47243701878529887,%,0.004713245375744253,1.0
20240205,DXY_BROAD,121.349,0.36972093100196,%,0.0036903914312610615,3.0
20240206,DXY_BROAD,120.9588,-0.32155188753101305,%,-0.003220699765276308,1.0
20240207,DXY_BROAD,120.9049,-0.04456062725489707,%,-0.0004457055845278278,1.0
20240208,DXY_BROAD,121.0798,0.14465914946375502,%,0.0014455461891266484,1.0
20240209,DXY_BROAD,121.039,-0.03369678509544949,%,-0.000337024637377941,1.0
20240212,DXY_BROAD,120.9378,-0.08360941514719,%,-0.0008364438731340416,3.0
20240213,DXY_BROAD,121.5202,0.48156986483962605,%,0.00480414026460212,1.0
20240214,DXY_BROAD,121.4002,-0.09874901456713436,%,-0.0009879780352824764,1.0
20240215,DXY_BROAD,121.2121,-0.15494208411517274,%,-0.0015506224349666167,1.0
20240216,DXY_BROAD,121.1505,-0.05082000889351512,%,-0.0005083292663675238,1.0
20240220,DXY_BROAD,121.0199,-0.10779980272469514,%,-0.0010785794850314491,4.0
20240221,DXY_BROAD,121.0379,0.014873586905950198,%,0.00014872480897680328,1.0
20240222,DXY_BROAD,121.102,0.05295861874670127,%,0.0005294460061918959,1.0
20240223,DXY_BROAD,121.0369,-0.05375633763273768,%,-0.0005377079153207284,1.0
20240226,DXY_BROAD,121.0592,0.01842413346673233,%,0.00018422436431701794,3.0
20240227,DXY_BROAD,120.9647,-0.07806098173456233,%,-0.0007809146518372799,1.0
20240228,DXY_BROAD,121.128,0.1349980614179236,%,0.0013490702096101428,1.0
20240229,DXY_BROAD,121.1824,0.044911168350836306,%,0.0004490108630415348,1.0
20240301,DXY_BROAD,121.0111,-0.1413571607758235,%,-0.001414571642628396,1.0
20240304,DXY_BROAD,120.872,-0.11494813285722882,%,-0.001150142488944221,3.0
20240305,DXY_BROAD,120.8846,0.010424250446749994,%,0.0001042370715951853,1.0
20240306,DXY_BROAD,120.4649,-0.3471906264321589,%,-0.0034779473175758427,1.0
20240307,DXY_BROAD,120.1909,-0.22745214581176842,%,-0.002277112111125468,1.0
20240308,DXY_BROAD,119.975,-0.17963090383714686,%,-0.001797924336124612,1.0
20240311,DXY_BROAD,120.0394,0.05367784955199184,%,0.0005366344814767485,3.0
20240312,DXY_BROAD,120.1668,0.10613182005241306,%,0.0010607554005341317,1.0
20240313,DXY_BROAD,119.9642,-0.16859898075007873,%,-0.0016874126878490322,1.0
20240314,DXY_BROAD,120.241,0.2307355027583169,%,0.0023046971715979404,1.0
20240315,DXY_BROAD,120.4003,0.13248392811104903,%,0.001323962455899652,1.0
20240318,DXY_BROAD,120.5752,0.14526541877386556,%,0.0014516001063311142,3.0
20240319,DXY_BROAD,120.9332,0.2969101440428945,%,0.002964702364131955,1.0
20240320,DXY_BROAD,120.9289,-0.0035556819798054917,%,-3.555745195675707e-05,1.0
20240321,DXY_BROAD,120.8086,-0.0994799423462922,%,-0.0009952945648141738,1.0
20240322,DXY_BROAD,121.1842,0.3109050183513373,%,0.0031042270812504497,1.0
20240325,DXY_BROAD,121.0295,-0.1276569057682475,%,-0.001277384566071057,3.0
20240326,DXY_BROAD,121.0742,0.036933144398676454,%,0.0003692632579173289,1.0
20240327,DXY_BROAD,121.0089,-0.053933868652455974,%,-0.0005394841819505107,1.0
20240328,DXY_BROAD,121.0635,0.04512064815067607,%,0.0004511047184718937,1.0
20240329,DXY_BROAD,121.0191,-0.03667496809526272,%,-0.00036681695006465293,1.0
20240401,DXY_BROAD,121.5151,0.4098526596215013,%,0.004090150514680699,3.0
20240402,DXY_BROAD,121.3035,-0.17413473716435535,%,-0.001742865279370284,1.0
20240403,DXY_BROAD,121.0198,-0.233876186589832,%,-0.002341501041116789,1.0
20240404,DXY_BROAD,120.7613,-0.21360141067825467,%,-0.0021382986386893873,1.0
20240405,DXY_BROAD,120.9646,0.16834863486894225,%,0.001682070873945248,1.0
20240408,DXY_BROAD,120.7359,-0.1890635772779814,%,-0.0018924252804863873,3.0
20240409,DXY_BROAD,120.7048,-0.025758701430145248,%,-0.0002576201955345797,1.0
20240410,DXY_BROAD,121.5727,0.7190269152510753,%,0.00716454241510143,1.0
20240411,DXY_BROAD,121.6081,0.029118379373005432,%,0.0002911414079570226,1.0
20240412,DXY_BROAD,122.2885,0.5595022042117259,%,0.005579428045090137,1.0
20240415,DXY_BROAD,122.425,0.1116212890010182,%,0.0011155903875893574,3.0
20240416,DXY_BROAD,123.1234,0.570471717377985,%,0.005688506895579244,1.0
20240417,DXY_BROAD,123.0207,-0.0834122514485447,%,-0.0008344705882409304,1.0
20240418,DXY_BROAD,123.0017,-0.015444555265908821,%,-0.00015445748060161722,1.0
20240419,DXY_BROAD,123.1075,0.0860150713364094,%,0.0008597809957326436,1.0
20240422,DXY_BROAD,123.0609,-0.03785309587148733,%,-0.0003786026196427165,3.0
20240423,DXY_BROAD,122.7227,-0.2748232785555804,%,-0.002752016110505861,1.0
20240424,DXY_BROAD,122.89,0.13632359783479764,%,0.0013623076158040131,1.0
20240425,DXY_BROAD,122.8384,-0.041988770445122725,%,-0.0004199758819773718,1.0
20240426,DXY_BROAD,122.9471,0.0884902440930535,%,0.000884511145587341,1.0
20240429,DXY_BROAD,122.5449,-0.3271325635171629,%,-0.0032766881190249677,3.0
20240430,DXY_BROAD,122.9853,0.35937848086700086,%,0.003587342594052958,1.0
20240501,DXY_BROAD,123.0168,0.025612817141573707,%,0.0002560953761953744,1.0
20240502,DXY_BROAD,122.4384,-0.4701796827750404,%,-0.004712885044468954,1.0
20240503,DXY_BROAD,122.1375,-0.24575623333855656,%,-0.002460587096408829,1.0
20240506,DXY_BROAD,121.8913,-0.2015760925186738,%,-0.002017795305583232,3.0
20240507,DXY_BROAD,122.093,0.16547530463617566,%,0.001653385451020048,1.0
20240508,DXY_BROAD,122.1926,0.0815771583956515,%,0.000815439023168057,1.0
20240509,DXY_BROAD,122.1634,-0.023896700782211067,%,-0.00023899556498709518,1.0
20240510,DXY_BROAD,122.014,-0.12229522099089785,%,-0.001223700626209978,1.0
20240513,DXY_BROAD,122.0261,0.009916894782580066,%,9.916403091076173e-05,3.0
20240514,DXY_BROAD,121.9256,-0.08235942966299259,%,-0.0008239336367444951,1.0
20240515,DXY_BROAD,121.3543,-0.46856443601672737,%,-0.004696656404182343,1.0
20240516,DXY_BROAD,121.2236,-0.10770116922101947,%,-0.0010775920860675102,1.0
20240517,DXY_BROAD,121.2354,0.009734078182788153,%,9.733604452139768e-05,1.0
20240520,DXY_BROAD,121.2289,-0.005361470329623419,%,-5.36161406158135e-05,3.0
20240521,DXY_BROAD,121.3793,0.12406282660322177,%,0.0012398593227011584,1.0
20240522,DXY_BROAD,121.5462,0.1375028526280797,%,0.001374084040254438,1.0
20240523,DXY_BROAD,121.7477,0.1657805838438442,%,0.0016564331951807367,1.0
20240524,DXY_BROAD,121.6172,-0.1071888832396839,%,-0.0010724637160756604,1.0
20240528,DXY_BROAD,121.43,-0.15392559605055256,%,-0.0015404418320242596,4.0
20240529,DXY_BROAD,122.1641,0.6045458288725936,%,0.0060272578223697915,1.0
20240530,DXY_BROAD,121.9601,-0.16698850153196165,%,-0.001671280827415375,1.0
20240531,DXY_BROAD,122.098,0.1130697662596214,%,0.0011300589054429192,1.0
20240603,DXY_BROAD,122.3509,0.20712869989680804,%,0.002069144841557218,3.0
20240604,DXY_BROAD,122.7256,0.3062503013872453,%,0.003057823103908545,1.0
20240605,DXY_BROAD,122.5339,-0.15620212897716756,%,-0.0015632425169140659,1.0
20240606,DXY_BROAD,122.3713,-0.132697971744955,%,-0.0013278609346926843,1.0
20240607,DXY_BROAD,123.549,0.962398863132119,%,0.009577973052765705,1.0
20240610,DXY_BROAD,123.9125,0.29421525062929277,%,0.002937832846266082,3.0
20240611,DXY_BROAD,124.0349,0.09877938061131353,%,0.0009873062588491345,1.0
20240612,DXY_BROAD,123.8295,-0.16559855331039763,%,-0.0016573581927592305,1.0
20240613,DXY_BROAD,124.0235,0.15666703006957938,%,0.0015654443530504012,1.0
20240614,DXY_BROAD,124.1694,0.11763899583545623,%,0.0011756985538752373,1.0
20240617,DXY_BROAD,124.239,0.056052457368727104,%,0.0005603675384670771,3.0
20240618,DXY_BROAD,123.9776,-0.21040092080587547,%,-0.0021062257450544584,1.0
20240620,DXY_BROAD,124.192,0.17293446558088732,%,0.0017278510610517334,2.0
20240621,DXY_BROAD,124.1086,-0.06715408399896594,%,-0.0006717664245380249,1.0
20240624,DXY_BROAD,123.7125,-0.3191559650177256,%,-0.00319666353914815,3.0
20240625,DXY_BROAD,123.9417,0.18526826311002775,%,0.0018509685314297387,1.0
20240626,DXY_BROAD,124.26,0.25681429252624177,%,0.0025648508813084724,1.0
20240627,DXY_BROAD,124.3379,0.06269113149846017,%,0.0006267148881766788,1.0
20240628,DXY_BROAD,124.2103,-0.10262357656032339,%,-0.0010267627060674836,1.0
20240701,DXY_BROAD,124.4667,0.20642410492528462,%,0.0020621134311394557,3.0
20240702,DXY_BROAD,124.2917,-0.1405998552223231,%,-0.001406987895640001,1.0
20240703,DXY_BROAD,123.7768,-0.4142674048226991,%,-0.004151278694747915,1.0
20240705,DXY_BROAD,123.4762,-0.242856496532462,%,-0.002431518712433606,2.0
20240708,DXY_BROAD,123.3576,-0.09605089887767537,%,-0.000960970573129798,3.0
20240709,DXY_BROAD,123.4071,0.040127239829557126,%,0.0004011919100578399,1.0
20240710,DXY_BROAD,123.1895,-0.17632696984209995,%,-0.0017648260882614673,1.0
20240711,DXY_BROAD,122.769,-0.341344026885404,%,-0.003419279347439129,1.0
20240712,DXY_BROAD,122.4404,-0.26765714471894686,%,-0.002680159869087393,1.0
20240715,DXY_BROAD,122.6347,0.15868945217427655,%,0.0015856367351051953,3.0
20240716,DXY_BROAD,122.7264,0.07477492096445992,%,0.0007474697844889538,1.0
20240717,DXY_BROAD,122.518,-0.1698086149353295,%,-0.0016995295318619364,1.0
20240718,DXY_BROAD,122.7909,0.22274278065264053,%,0.00222495076681257,1.0
20240719,DXY_BROAD,123.147,0.2900052039687129,%,0.002895855001232643,1.0
20240722,DXY_BROAD,123.2172,0.05700504275378826,%,0.0005698880105139126,3.0
20240723,DXY_BROAD,123.3843,0.13561418373408962,%,0.001355223107524229,1.0
20240724,DXY_BROAD,123.5575,0.1403744236503357,%,0.001402759908617987,1.0
20240725,DXY_BROAD,123.5286,-0.02338991967303361,%,-0.00023392655541365086,1.0
20240726,DXY_BROAD,123.672,0.11608647713969855,%,0.001160191488897831,1.0
20240729,DXY_BROAD,124.1392,0.37777346529530575,%,0.003770616933670253,3.0
20240730,DXY_BROAD,124.2855,0.11785157307280247,%,0.0011778218261956673,1.0
20240731,DXY_BROAD,123.6373,-0.5215411290939054,%,-0.005229059021438898,1.0
20240801,DXY_BROAD,123.8693,0.1876456376837643,%,0.001874698031865363,1.0
20240802,DXY_BROAD,123.4681,-0.32388977737016766,%,-0.0032441543565210388,1.0
20240805,DXY_BROAD,123.5787,0.08957779377829489,%,0.0008953769681613339,3.0
20240806,DXY_BROAD,123.6532,0.06028546990703987,%,0.0006026730551758869,1.0
20240807,DXY_BROAD,123.5698,-0.06744669769969125,%,-0.0006746945321731631,1.0
20240808,DXY_BROAD,123.4466,-0.09970073594033346,%,-0.0009975047018375444,1.0
20240809,DXY_BROAD,122.9276,-0.42042470185489345,%,-0.004213109714409773,1.0
20240812,DXY_BROAD,123.2204,0.23818898278336054,%,0.0023790576246966516,3.0
20240813,DXY_BROAD,123.0146,-0.1670177990008126,%,-0.0016715742921993185,1.0
20240814,DXY_BROAD,122.4297,-0.4754720171426863,%,-0.004766059812205396,1.0
20240815,DXY_BROAD,122.5844,0.12635822843640732,%,0.0012627846361281416,1.0
20240816,DXY_BROAD,122.3972,-0.1527111116912172,%,-0.0015282783395643438,1.0
20240819,DXY_BROAD,121.8788,-0.4235391005676603,%,-0.004244385680456125,3.0
20240820,DXY_BROAD,121.7728,-0.08697164724299489,%,-0.0008700948952307622,1.0
20240821,DXY_BROAD,121.8535,0.06627095706102093,%,0.0006624900755916662,1.0
20240822,DXY_BROAD,122.3626,0.4177967805602645,%,0.0041692643315784355,1.0
20240823,DXY_BROAD,121.4597,-0.7378888647348147,%,-0.007406247313635343,1.0
20240826,DXY_BROAD,121.6943,0.19315048530499368,%,0.001929641896039208,3.0
20240827,DXY_BROAD,121.8672,0.14207731997308848,%,0.0014197648564600839,1.0
20240828,DXY_BROAD,121.8943,0.022237320624429735,%,0.0002223484849876985,1.0
20240829,DXY_BROAD,122.2333,0.2781098049703612,%,0.002777237951740316,1.0
20240830,DXY_BROAD,122.3262,0.07600220234584842,%,0.0007597333529751033,1.0
20240903,DXY_BROAD,122.7811,0.37187454527320973,%,0.0037118480134529356,4.0
20240904,DXY_BROAD,122.5144,-0.21721584185188103,%,-0.0021745209764698166,1.0
20240905,DXY_BROAD,122.4533,-0.04987168855252744,%,-0.0004988412861534103,1.0
20240906,DXY_BROAD,122.4991,0.03740201366562168,%,0.0003739502085607052,1.0
20240909,DXY_BROAD,122.7156,0.17673599234606652,%,0.0017657999806276578,3.0
20240910,DXY_BROAD,123.0071,0.23754111131755185,%,0.0023725942840667727,1.0
20240911,DXY_BROAD,122.7754,-0.1883631107472583,%,-0.0018854073714483022,1.0
20240912,DXY_BROAD,122.4423,-0.27130842171966263,%,-0.0027167713006032547,1.0
20240913,DXY_BROAD,121.6551,-0.642915071017125,%,-0.006449906709724591,1.0
20240916,DXY_BROAD,121.4976,-0.12946436277641027,%,-0.0012954824028469265,3.0
20240917,DXY_BROAD,121.6031,0.08683299093972252,%,0.0008679531290787527,1.0
20240918,DXY_BROAD,121.5618,-0.03396294995768878,%,-0.0003396871867372566,1.0
20240919,DXY_BROAD,121.3059,-0.21051020962178368,%,-0.0021073209381082723,1.0
20240920,DXY_BROAD,121.4052,0.0818591676085001,%,0.0008182568126507424,1.0
20240923,DXY_BROAD,121.4303,0.02067456748147123,%,0.00020672430587292511,3.0
20240924,DXY_BROAD,121.1291,-0.24804352785096073,%,-0.002483516654585632,1.0
20240925,DXY_BROAD,121.4447,0.2605484561513327,%,0.002602096170936612,1.0
20240926,DXY_BROAD,121.0785,-0.30153641945674936,%,-0.0030199195648855826,1.0
20240927,DXY_BROAD,121.1111,0.026924681095308323,%,0.000269210570535411,1.0
20240930,DXY_BROAD,121.2864,0.14474313254524418,%,0.0014463848064527006,3.0
20241001,DXY_BROAD,121.6881,0.3311995409213342,%,0.003306522832521459,1.0
20241002,DXY_BROAD,121.5724,-0.0950791408527274,%,-0.0009512436973895081,1.0
20241003,DXY_BROAD,122.1197,0.45018441685775734,%,0.004491741178162869,1.0
20241004,DXY_BROAD,122.2197,0.08188687001360329,%,0.0008185336100793635,1.0
20241007,DXY_BROAD,122.4241,0.1672398148580001,%,0.001671001248028715,3.0
20241008,DXY_BROAD,122.6625,0.19473289981302155,%,0.0019454354109097612,1.0
20241009,DXY_BROAD,122.8821,0.1790278202384643,%,0.0017886775644703823,1.0
20241010,DXY_BROAD,123.0951,0.17333688144978154,%,0.0017318682645283852,1.0
20241011,DXY_BROAD,122.9805,-0.09309875047828209,%,-0.0009314211428118005,1.0
20241015,DXY_BROAD,123.5124,0.4325075926671307,%,0.004315749667302252,4.0
20241016,DXY_BROAD,123.9235,0.33284107506614813,%,0.0033228838520624935,1.0
20241017,DXY_BROAD,124.1122,0.15227136096058747,%,0.0015215554567784178,1.0
20241018,DXY_BROAD,123.9185,-0.15606846063481727,%,-0.0015619037431922654,1.0
20241021,DXY_BROAD,124.4757,0.4496503750448966,%,0.004486424679884856,3.0
20241022,DXY_BROAD,124.4107,-0.05221902748889784,%,-0.0005223266637132512,1.0
20241023,DXY_BROAD,124.6931,0.22699012223224013,%,0.0022673288884366384,1.0
20241024,DXY_BROAD,124.5127,-0.1446752065671686,%,-0.001447799621932812,1.0
20241025,DXY_BROAD,124.6105,0.07854620452372174,%,0.0007851537313602992,1.0
20241028,DXY_BROAD,124.8076,0.15817286665247288,%,0.0015804790512654533,3.0
20241029,DXY_BROAD,124.8612,0.042946102641194805,%,0.0004293688344196453,1.0
20241030,DXY_BROAD,124.8153,-0.036760819213654816,%,-0.0003676757765915848,1.0
20241031,DXY_BROAD,124.7988,-0.013219533182229348,%,-0.00013220407039531213,1.0
20241101,DXY_BROAD,124.8076,0.007051349852726929,%,7.051101256739381e-05,1.0
20241104,DXY_BROAD,124.5903,-0.1741079870136053,%,-0.0017425973112730829,3.0
20241105,DXY_BROAD,124.5532,-0.029777599058666837,%,-0.0002978203346602387,1.0
20241106,DXY_BROAD,125.7035,0.923541105326886,%,0.009193025410635228,1.0
20241107,DXY_BROAD,124.775,-0.7386429176594156,%,-0.007413843926079952,1.0
20241108,DXY_BROAD,125.5811,0.6460428771789317,%,0.006439649648513026,1.0
20241112,DXY_BROAD,126.7762,0.9516559418574877,%,0.009471562220739731,4.0
20241113,DXY_BROAD,126.9572,0.14277127725865757,%,0.001426694559734518,1.0
20241114,DXY_BROAD,127.0015,0.03489364919830873,%,0.00034887562780344585,1.0
20241115,DXY_BROAD,126.8848,-0.09188867848016757,%,-0.0009193092200632624,1.0
20241118,DXY_BROAD,126.6045,-0.22090904505503994,%,-0.0022115340903372583,3.0
20241119,DXY_BROAD,126.3994,-0.16200056080155623,%,-0.0016213192360154081,1.0
20241120,DXY_BROAD,126.88,0.380223323844886,%,0.003795023020490047,1.0
20241121,DXY_BROAD,127.1047,0.17709646910466503,%,0.0017693983820574709,1.0
20241122,DXY_BROAD,127.4712,0.28834496285345956,%,0.002879300461683281,1.0
20241125,DXY_BROAD,126.9948,-0.3737314781691814,%,-0.003744315991841603,3.0
20241126,DXY_BROAD,127.4301,0.34276994018651585,%,0.0034218382300084515,1.0
20241127,DXY_BROAD,126.8205,-0.4783799118104781,%,-0.004795278108526918,1.0
20241129,DXY_BROAD,126.5798,-0.1897958137682676,%,-0.0018997615424479787,2.0
20241202,DXY_BROAD,127.1272,0.43245446745847627,%,0.004315220702886462,3.0
20241203,DXY_BROAD,126.9565,-0.1342749623998607,%,-0.0013436519200705657,1.0
20241204,DXY_BROAD,126.7574,-0.15682536931941327,%,-0.001569484690195975,1.0
20241205,DXY_BROAD,126.4286,-0.2593931399665794,%,-0.0025973014687991356,1.0
20241206,DXY_BROAD,126.688,0.20517509487567587,%,0.0020496489824287827,1.0
20241209,DXY_BROAD,126.5981,-0.0709617327607992,%,-0.0007098692251581066,3.0
20241210,DXY_BROAD,126.957,0.28349556588920244,%,0.0028309447508076345,1.0
20241211,DXY_BROAD,126.8483,-0.0856195404743354,%,-0.0008565621493805641,1.0
20241212,DXY_BROAD,126.9556,0.0845892298123152,%,0.0008455347328600672,1.0
20241213,DXY_BROAD,127.3096,0.27883764087601737,%,0.0027844960987646757,1.0
20241216,DXY_BROAD,127.2687,-0.03212640680672063,%,-0.0003213156844232049,3.0
20241217,DXY_BROAD,127.5043,0.1851201434445393,%,0.0018494900727945441,1.0
20241218,DXY_BROAD,127.6418,0.10783950031489908,%,0.0010778139529544813,1.0
20241219,DXY_BROAD,128.6366,0.7793685140760953,%,0.007763471260169819,1.0
20241220,DXY_BROAD,127.893,-0.5780625420758856,%,-0.005797397904081922,1.0
20241223,DXY_BROAD,128.3021,0.3198767719890805,%,0.003193662546373632,3.0
20241224,DXY_BROAD,128.3377,0.027747012714529617,%,0.0002774316394288636,1.0
20241226,DXY_BROAD,128.3329,-0.0037401324786245915,%,-3.7402024233234016e-05,2.0
20241227,DXY_BROAD,128.45,0.0912470613537053,%,0.0009120545652953964,1.0
20241230,DXY_BROAD,128.8205,0.28843908135463003,%,0.002880238940197821,3.0
20241231,DXY_BROAD,129.2775,0.35475720091133756,%,0.003541294218428765,1.0
20250102,DXY_BROAD,129.4598,0.14101448434569175,%,0.0014091515229247187,2.0
20250103,DXY_BROAD,129.4535,-0.004866375508083554,%,-4.866493919978076e-05,1.0
20250106,DXY_BROAD,128.538,-0.7072037449740498,%,-0.007097162835106329,3.0
20250107,DXY_BROAD,128.613,0.05834850394434987,%,0.0005833148782356667,1.0
20250108,DXY_BROAD,129.0785,0.36193852876458266,%,0.0036128510745258896,1.0
20250109,DXY_BROAD,129.2827,0.15819830568222226,%,0.0015807330397897114,1.0
20250110,DXY_BROAD,129.8664,0.4514911894630824,%,0.004504750254382862,1.0
20250113,DXY_BROAD,130.0413,0.1346768679196586,%,0.0013458625996873865,3.0
20250114,DXY_BROAD,129.3812,-0.507607967622592,%,-0.005089006733067667,1.0
20250115,DXY_BROAD,129.2092,-0.1329404890354935,%,-0.0013302893329779836,1.0
20250116,DXY_BROAD,129.436,0.17552929667545847,%,0.0017537542404022415,1.0
20250117,DXY_BROAD,129.4859,0.03855187119501391,%,0.00038544441870518465,1.0
20250121,DXY_BROAD,128.4151,-0.8269626268188168,%,-0.008304009315338631,4.0
20250122,DXY_BROAD,128.3402,-0.058326474067293965,%,-0.0005834349057225285,1.0
20250123,DXY_BROAD,128.2162,-0.09661820692193901,%,-0.0009666491239790214,1.0
20250124,DXY_BROAD,127.4611,-0.5889271402521601,%,-0.005906681550391248,1.0
20250127,DXY_BROAD,128.0912,0.4943469027020697,%,0.004931290204606485,3.0
20250128,DXY_BROAD,128.2817,0.1487221604606903,%,0.0014861167858275517,1.0
20250129,DXY_BROAD,128.3418,0.0468500183580467,%,0.00046839047163483314,1.0
20250130,DXY_BROAD,128.1004,-0.18809148695124733,%,-0.0018826860111452002,1.0
20250131,DXY_BROAD,128.4828,0.2985158516288777,%,0.0029807117778865057,1.0
20250203,DXY_BROAD,129.109,0.4873804120084646,%,0.004861965586995984,3.0
20250204,DXY_BROAD,128.1083,-0.775081520265819,%,-0.007781008889124113,1.0
20250205,DXY_BROAD,127.9751,-0.10397452780187555,%,-0.001040286188111985,1.0
20250206,DXY_BROAD,128.2017,0.17706569481092949,%,0.001769091183111333,1.0
20250207,DXY_BROAD,128.4292,0.17745474513990445,%,0.0017729748022891898,1.0
20250210,DXY_BROAD,128.6382,0.1627355772674699,%,0.0016260330640864703,3.0
20250211,DXY_BROAD,128.4322,-0.16013905667213724,%,-0.0016026741631374557,1.0
20250212,DXY_BROAD,128.3288,-0.08050940496230341,%,-0.0008054183118901662,1.0
20250213,DXY_BROAD,127.8931,-0.33951848688680286,%,-0.0034009615880741676,1.0
20250214,DXY_BROAD,127.1491,-0.5817358403228945,%,-0.005834345143297572,1.0
20250218,DXY_BROAD,127.2906,0.1112866705308857,%,0.0011122479281920497,4.0
20250219,DXY_BROAD,127.7317,0.3465299087285434,%,0.0034593087732342044,1.0
20250220,DXY_BROAD,127.1126,-0.4846878261230425,%,-0.004858662468836198,1.0
20250221,DXY_BROAD,127.1408,0.02218505482540767,%,0.00022182594306024625,1.0
20250224,DXY_BROAD,127.1921,0.04034896744395944,%,0.0004034082943708471,3.0
20250225,DXY_BROAD,127.3752,0.14395548151182602,%,0.0014385196494181545,1.0
20250226,DXY_BROAD,127.2822,-0.07301264296346588,%,-0.00073039310174709,1.0
20250227,DXY_BROAD,127.9704,0.5406883287686792,%,0.005392318570473795,1.0
20250228,DXY_BROAD,128.2805,0.24232166188431492,%,0.0024202853638743966,1.0
20250303,DXY_BROAD,127.75,-0.4135468757917149,%,-0.004144043457273517,3.0
20250304,DXY_BROAD,127.9966,0.19303326810176102,%,0.0019284719830138979,1.0
20250305,DXY_BROAD,126.504,-1.1661247251880114,%,-0.011729772845812251,1.0
20250306,DXY_BROAD,126.1099,-0.31153165117309145,%,-0.0031201792120750527,1.0
20250307,DXY_BROAD,125.9814,-0.10189525168127211,%,-0.001019472001845516,1.0
20250310,DXY_BROAD,126.268,0.22749389989316082,%,0.0022723552430565347,3.0
20250311,DXY_BROAD,126.0457,-0.17605410713720238,%,-0.0017620926451443425,1.0
20250312,DXY_BROAD,125.8664,-0.1422499934547572,%,-0.0014235126480833574,1.0
20250313,DXY_BROAD,126.0031,0.10860722162546743,%,0.0010854828665042091,1.0
20250314,DXY_BROAD,125.6942,-0.24515269862408484,%,-0.002454536898783822,1.0
20250317,DXY_BROAD,125.3688,-0.2588822714174599,%,-0.0025921795103824013,3.0
20250318,DXY_BROAD,125.488,0.09507947750955204,%,0.0009503430560487437,1.0
20250319,DXY_BROAD,125.8006,0.24910748438098373,%,0.0024879772600133535,1.0
20250320,DXY_BROAD,125.985,0.14658117687833538,%,0.0014647385153762412,1.0
20250321,DXY_BROAD,126.2679,0.22455054173116107,%,0.002242988037843834,1.0
20250324,DXY_BROAD,126.1956,-0.05725920839738663,%,-0.0005727560774250704,3.0
20250325,DXY_BROAD,126.0535,-0.11260297506410222,%,-0.0011266641984568153,1.0
20250326,DXY_BROAD,126.2364,0.14509712146033582,%,0.0014499195730154288,1.0
20250327,DXY_BROAD,126.3626,0.09997116521065497,%,0.0009992122732084272,1.0
20250328,DXY_BROAD,126.4187,0.044396047564698726,%,0.0004438619543536472,1.0
20250331,DXY_BROAD,126.7075,0.22844721548314073,%,0.0022818667155994053,3.0
20250401,DXY_BROAD,126.4338,-0.21600931278731306,%,-0.0021624294941525062,1.0
20250402,DXY_BROAD,126.3811,-0.041681892025713374,%,-0.0004169058134099215,1.0
20250403,DXY_BROAD,124.7316,-1.3051793345682294,%,-0.01313771645308445,1.0
20250404,DXY_BROAD,125.8129,0.8669014107090645,%,0.008631653966090589,1.0
20250407,DXY_BROAD,126.8282,0.8069919698218575,%,0.008037532023530511,3.0
20250408,DXY_BROAD,126.8668,0.030434871739881686,%,0.0003043024127228666,1.0
20250409,DXY_BROAD,126.628,-0.18822891410518183,%,-0.0018840628733913086,1.0
20250410,DXY_BROAD,125.089,-1.2153710079919167,%,-0.01222817034159344,1.0
20250411,DXY_BROAD,124.0163,-0.8575494248095339,%,-0.008612475371617715,1.0
20250414,DXY_BROAD,123.6598,-0.2874622126284976,%,-0.00287876178768096,3.0
20250415,DXY_BROAD,123.776,0.09396748175234393,%,0.000939233599521426,1.0
20250416,DXY_BROAD,123.2724,-0.40686401240950243,%,-0.0040769395595847925,1.0
20250417,DXY_BROAD,123.1298,-0.11567877318848785,%,-0.0011574573272494768,1.0
20250418,DXY_BROAD,122.9865,-0.11638124970558827,%,-0.001164490252724744,1.0
20250421,DXY_BROAD,122.3145,-0.5464014343037782,%,-0.00547899667009778,3.0
20250422,DXY_BROAD,122.4175,0.0842091493649555,%,0.0008417371335295244,1.0
20250423,DXY_BROAD,123.0252,0.49641595360139235,%,0.004951878721909392,1.0
20250424,DXY_BROAD,122.9251,-0.08136544382776334,%,-0.0008139856347152521,1.0
20250425,DXY_BROAD,122.8858,-0.03197068784162038,%,-0.00031975799555554815,1.0
20250428,DXY_BROAD,122.7176,-0.13687504984302157,%,-0.0013696880930467493,3.0
20250429,DXY_BROAD,122.5944,-0.10039309764859894,%,-0.0010044352527227044,1.0
20250430,DXY_BROAD,122.5921,-0.0018761052707039205,%,-1.876122869778973e-05,1.0
20250501,DXY_BROAD,123.1405,0.4473371448894259,%,0.004463395662037156,1.0
20250502,DXY_BROAD,122.4962,-0.5232234723750562,%,-0.005245970798380289,1.0
20250505,DXY_BROAD,122.2613,-0.1917610505468681,%,-0.0019194514743780479,3.0
20250506,DXY_BROAD,122.0417,-0.17961529936292298,%,-0.0017977680105855914,1.0
20250507,DXY_BROAD,122.117,0.06170022213718429,%,0.0006168119537609236,1.0
20250508,DXY_BROAD,122.7568,0.5239237780161554,%,0.005225560724667796,1.0
20250509,DXY_BROAD,122.5191,-0.1936348943602395,%,-0.001938226090817527,1.0
20250512,DXY_BROAD,123.4863,0.7894279340935562,%,0.00786328254250189,3.0
20250513,DXY_BROAD,122.9583,-0.4275777960794036,%,-0.00428494524021224,1.0
20250514,DXY_BROAD,122.6746,-0.2307286291368671,%,-0.0023099521778154265,1.0
20250515,DXY_BROAD,122.8174,0.1164055150780996,%,0.0011633781638997454,1.0
20250516,DXY_BROAD,123.0737,0.20868378584792957,%,0.0020846634369401386,1.0
20250519,DXY_BROAD,122.4186,-0.5322826891529298,%,-0.005337043605768369,3.0
20250520,DXY_BROAD,122.3199,-0.08062500306325049,%,-0.0008065752249921762,1.0
20250521,DXY_BROAD,121.7496,-0.4662364831887533,%,-0.004673267556319133,1.0
20250522,DXY_BROAD,122.0429,0.24090428223173532,%,0.00240614573053671,1.0
20250523,DXY_BROAD,121.3837,-0.5401379351031466,%,-0.005416019542427834,1.0
20250527,DXY_BROAD,121.6099,0.1863512151961011,%,0.0018617779673059719,4.0
20250528,DXY_BROAD,121.9888,0.31157002842696624,%,0.003110856548616719,1.0
20250529,DXY_BROAD,121.5617,-0.3501141088362192,%,-0.003507284426142154,1.0
20250530,DXY_BROAD,121.7674,0.16921448120583715,%,0.0016907147480488638,1.0
20250602,DXY_BROAD,121.1881,-0.47574309708509066,%,-0.004768783566008366,3.0
20250603,DXY_BROAD,121.4592,0.2237018321105788,%,0.0022345199209055583,1.0
20250604,DXY_BROAD,121.0539,-0.33369230161238717,%,-0.003342502960419328,1.0
20250605,DXY_BROAD,120.9596,-0.0778991837520393,%,-0.0007792954093253987,1.0
20250606,DXY_BROAD,121.161,0.16650187335276456,%,0.0016636341265541172,1.0
20250609,DXY_BROAD,120.9103,-0.20691476630267935,%,-0.0020712913065729583,3.0
20250610,DXY_BROAD,121.0485,0.11429960888360569,%,0.0011423433661321622,1.0
20250611,DXY_BROAD,120.587,-0.381252142736177,%,-0.0038198076122318275,1.0
20250612,DXY_BROAD,120.1723,-0.3439010838647616,%,-0.003444937828979231,1.0
20250613,DXY_BROAD,120.3245,0.12665148291244321,%,0.0012657134757641483,1.0
20250616,DXY_BROAD,120.1565,-0.13962243765817117,%,-0.0013972000060741205,3.0
20250617,DXY_BROAD,120.5048,0.2898719586539311,%,0.0028945264002117766,1.0
20250618,DXY_BROAD,120.7305,0.1872954438329355,%,0.0018712026461755258,1.0
20250620,DXY_BROAD,121.0408,0.2570187318034822,%,0.00256689003515793,2.0
20250623,DXY_BROAD,121.1694,0.10624516691890573,%,0.0010618876668625021,3.0
20250624,DXY_BROAD,120.3645,-0.6642766242962228,%,-0.006664927611021061,1.0
20250625,DXY_BROAD,120.3336,-0.025672021235501052,%,-0.0002567531706295505,1.0
20250626,DXY_BROAD,119.6451,-0.5721593968766814,%,-0.005738024991941925,1.0
20250627,DXY_BROAD,119.659,0.011617692659382506,%,0.00011617017857732615,1.0
20250630,DXY_BROAD,119.4088,-0.20909417594999757,%,-0.002093130830232692,3.0
20250701,DXY_BROAD,119.3436,-0.05460234086600568,%,-0.0005461725337277818,1.0
20250702,DXY_BROAD,119.3037,-0.033432877841788056,%,-0.0003343846787436587,1.0
20250703,DXY_BROAD,119.2382,-0.054901901617465665,%,-0.0005491697822995558,1.0
20250707,DXY_BROAD,119.6201,0.320283264926835,%,0.0031977145062373033,4.0
20250708,DXY_BROAD,119.8371,0.18140763968599316,%,0.0018124329475346878,1.0
20250709,DXY_BROAD,119.7311,-0.0884534088358313,%,-0.0008849255194748464,1.0
20250710,DXY_BROAD,119.8343,0.08619314447124715,%,0.0008615601951172636,1.0
20250711,DXY_BROAD,119.9214,0.07268369740549563,%,0.0007265729559858468,1.0
20250714,DXY_BROAD,120.2209,0.24974691756434186,%,0.002494355682326714,3.0
20250715,DXY_BROAD,120.5105,0.2408898951846039,%,0.0024060022058122786,1.0
20250716,DXY_BROAD,120.4175,-0.07717169873163732,%,-0.0007720149141572935,1.0
20250717,DXY_BROAD,120.6384,0.1834450972657553,%,0.0018327704224161455,1.0
20250718,DXY_BROAD,120.356,-0.2340879852518074,%,-0.002343623995068483,1.0
20250721,DXY_BROAD,119.9961,-0.2990295456811398,%,-0.002994775323249437,3.0
20250722,DXY_BROAD,119.681,-0.26259186756902864,%,-0.002629372447677126,1.0
20250723,DXY_BROAD,119.5697,-0.09299721760346324,%,-0.0009304048684407974,1.0
20250724,DXY_BROAD,119.5664,-0.0027598965289699073,%,-2.7599346148149153e-05,1.0
20250725,DXY_BROAD,119.9857,0.35068380414564615,%,0.0035007034228244937,1.0
20250728,DXY_BROAD,120.6149,0.5243958238356772,%,0.005230256569134017,3.0
20250729,DXY_BROAD,120.9674,0.2922524497387835,%,0.00291826222504647,1.0
20250730,DXY_BROAD,121.4042,0.36108902067830684,%,0.003604386593926406,1.0
20250731,DXY_BROAD,121.721,0.26094649114281054,%,0.0026060661691812686,1.0
20250801,DXY_BROAD,121.2122,-0.41800511004674856,%,-0.004188811936419986,1.0
20250804,DXY_BROAD,120.9859,-0.1866973786466941,%,-0.0018687187542375818,3.0
20250805,DXY_BROAD,120.9082,-0.0642223597956515,%,-0.000642429911869239,1.0
20250806,DXY_BROAD,120.5082,-0.3308295053602528,%,-0.0033137795612704925,1.0
20250807,DXY_BROAD,120.5043,-0.003236294293662567,%,-3.236346662796226e-05,1.0
20250808,DXY_BROAD,120.3329,-0.14223558827362037,%,-0.0014233683910767972,1.0
20250811,DXY_BROAD,120.6892,0.2960952490964619,%,0.002956577505093725,3.0
20250812,DXY_BROAD,120.2736,-0.34435558442676983,%,-0.003449498529261227,1.0
20250813,DXY_BROAD,120.13,-0.11939444732677051,%,-0.0011946577928027998,1.0
20250814,DXY_BROAD,120.6446,0.42836926662781494,%,0.004274543772907992,1.0
20250815,DXY_BROAD,120.3377,-0.25438353643677525,%,-0.002547076411174671,1.0
20250818,DXY_BROAD,120.5622,0.18655832710781084,%,0.0018638452319095842,3.0
20250819,DXY_BROAD,120.7224,0.13287746905745745,%,0.001327892650753753,1.0
20250820,DXY_BROAD,120.7757,0.04415087837883469,%,0.00044141134746353966,1.0
20250821,DXY_BROAD,121.0843,0.25551497528062406,%,0.0025518909077210075,1.0
20250822,DXY_BROAD,120.2774,-0.6663952304303722,%,-0.006686255574970087,1.0
20250825,DXY_BROAD,120.4214,0.11972323977738064,%,0.0011965162865773613,3.0
20250826,DXY_BROAD,120.5274,0.08802422160845147,%,0.0008798550300999998,1.0
20250827,DXY_BROAD,120.7274,0.165937371917102,%,0.0016579984797483304,1.0
20250828,DXY_BROAD,120.2595,-0.3875673625042819,%,-0.0038832035099476076,1.0
20250829,DXY_BROAD,120.2082,-0.04265775260997584,%,-0.0004266685361754673,1.0
20250902,DXY_BROAD,120.6837,0.39556369698572347,%,0.00394783400829205,4.0
20250903,DXY_BROAD,120.5052,-0.1479072981686813,%,-0.0014801678898953333,1.0
20250904,DXY_BROAD,120.7629,0.2138496927933442,%,0.0021362135980612096,1.0
20250905,DXY_BROAD,120.1282,-0.5255753215598458,%,-0.005269613271214249,1.0
20250908,DXY_BROAD,120.0971,-0.0258890085758412,%,-0.0002589236035817436,3.0
20250909,DXY_BROAD,120.1569,0.04979304246313099,%,0.0004978064984134728,1.0
20250910,DXY_BROAD,120.1223,-0.028795682977833525,%,-0.00028799829730700636,1.0
20250911,DXY_BROAD,119.9534,-0.1406066983399401,%,-0.001407056423168121,1.0
20250912,DXY_BROAD,120.0611,0.0897848664564771,%,0.0008974458395517753,1.0
20250915,DXY_BROAD,119.5644,-0.4137060213507904,%,-0.004145641522886313,3.0
20250916,DXY_BROAD,119.1348,-0.35930427451650315,%,-0.0035995132270443104,1.0
20250917,DXY_BROAD,119.1582,0.01964161605172432,%,0.00019639687338868152,1.0
20250918,DXY_BROAD,119.6616,0.4224635820279321,%,0.004215737100136715,1.0
20250919,DXY_BROAD,119.7858,0.1037926954010171,%,0.0010373886802562682,1.0
20250922,DXY_BROAD,119.8152,0.024543810702115643,%,0.0002454079920164464,3.0
20250923,DXY_BROAD,119.6202,-0.16275063597941397,%,-0.0016288321869931278,1.0
20250924,DXY_BROAD,120.1707,0.46020655374259256,%,0.004591508411153966,1.0
20250925,DXY_BROAD,120.5419,0.3088939317154704,%,0.0030841783458169666,1.0
20250926,DXY_BROAD,120.4349,-0.08876581504024816,%,-0.0008880523521933554,1.0
20250929,DXY_BROAD,120.115,-0.26562067971991343,%,-0.0026597407738429063,3.0
20250930,DXY_BROAD,120.1368,0.01814927361278862,%,0.00018147626831374822,1.0
20251001,DXY_BROAD,120.1502,0.011153951162334863,%,0.00011153329155454004,1.0
20251002,DXY_BROAD,120.4296,0.23254226792797095,%,0.002322723068308756,1.0
20251003,DXY_BROAD,120.0881,-0.28356815932295554,%,-0.002839709755137246,1.0
20251006,DXY_BROAD,120.2722,0.15330411589491444,%,0.0015318672509646507,3.0
20251007,DXY_BROAD,120.4884,0.17975891353114726,%,0.0017959754055544136,1.0
20251008,DXY_BROAD,120.7766,0.23919315054394819,%,0.0023890753907898684,1.0
20251009,DXY_BROAD,121.0902,0.2596529460176855,%,0.0025931643014552213,1.0
20251010,DXY_BROAD,121.1163,0.021554180272231882,%,0.0002155185769253186,1.0
20251014,DXY_BROAD,121.1822,0.054410512870695094,%,0.0005439571571836851,4.0
20251015,DXY_BROAD,120.8642,-0.2624147770877272,%,-0.002627596881945074,1.0
20251016,DXY_BROAD,120.6698,-0.16084167189291954,%,-0.001609711609769043,1.0
20251017,DXY_BROAD,120.7028,0.027347356173623716,%,0.00027343617465784917,1.0
20251020,DXY_BROAD,120.6209,-0.06785260988145803,%,-0.0006787564018315977,3.0
20251021,DXY_BROAD,120.8895,0.22268114398085181,%,0.002224335769766672,1.0
20251022,DXY_BROAD,120.8958,0.005211370714564012,%,5.211234927357952e-05,1.0
20251023,DXY_BROAD,120.9531,0.04739618746061325,%,0.00047384959015447426,1.0
20251024,DXY_BROAD,120.9345,-0.015377861336340892,%,-0.0001537904385066912,1.0
20251027,DXY_BROAD,120.7988,-0.11220950183776779,%,-0.0011227250383317427,3.0
20251028,DXY_BROAD,120.6361,-0.1346867684116071,%,-0.0013477755256485026,1.0
20251029,DXY_BROAD,120.5312,-0.08695572884069858,%,-0.0008699355726550113,1.0
20251030,DXY_BROAD,121.2832,0.6239048478734022,%,0.0062196661920156035,1.0
20251031,DXY_BROAD,121.3859,0.08467784491175134,%,0.0008464201345076944,1.0
20251103,DXY_BROAD,121.4512,0.05379537491585484,%,0.0005378091039130747,3.0
20251104,DXY_BROAD,121.8271,0.30950702833731913,%,0.003090290413492879,1.0
20251105,DXY_BROAD,121.8482,0.017319627570544505,%,0.00017318127896204767,1.0
20251106,DXY_BROAD,121.6948,-0.12589435051154618,%,-0.0012597366402347537,1.0
20251107,DXY_BROAD,121.388,-0.2521060883455939,%,-0.0025242441086401495,1.0
20251110,DXY_BROAD,121.2984,-0.07381289748574771,%,-0.0007384015261761758,3.0
20251112,DXY_BROAD,121.0458,-0.2082467699491497,%,-0.0020846390503869963,2.0
20251113,DXY_BROAD,120.7725,-0.22578230719282333,%,-0.0022603757975660204,1.0
20251114,DXY_BROAD,120.9666,0.16071539464697082,%,0.0016058638566295682,1.0
20251117,DXY_BROAD,121.1146,0.12234782163009772,%,0.0012227303767428843,3.0
20251118,DXY_BROAD,121.2127,0.080997666672733,%,0.0008096488126511655,1.0
20251119,DXY_BROAD,121.4978,0.2352063768895407,%,0.00234930199663749,1.0
20251120,DXY_BROAD,121.6889,0.15728679860871342,%,0.0015716323247547198,1.0
20251121,DXY_BROAD,121.8653,0.14495981145363768,%,0.0014485484614505232,1.0
20251124,DXY_BROAD,121.9171,0.04250594713999245,%,0.0004249691592139382,3.0
20251125,DXY_BROAD,121.6335,-0.23261708160710048,%,-0.0023288805544289,1.0
20251126,DXY_BROAD,121.2437,-0.32047092289541057,%,-0.0032098553069721874,1.0
20251128,DXY_BROAD,121.0527,-0.15753395846547225,%,-0.0015765817367705466,2.0
20251201,DXY_BROAD,120.9862,-0.05493475155862182,%,-0.0005494984622166276,3.0
20251202,DXY_BROAD,121.1467,0.1326597578897415,%,0.001325718425764964,1.0
20251203,DXY_BROAD,120.7336,-0.3409915416598186,%,-0.0034157424283548,1.0
20251204,DXY_BROAD,120.6766,-0.04721138109027301,%,-0.00047222529171708815,1.0
20251205,DXY_BROAD,120.6863,0.008038012340438883,%,8.037689309537018e-05,1.0
20251208,DXY_BROAD,120.776,0.07432492337571261,%,0.0007429731608309105,3.0
20251209,DXY_BROAD,120.6832,-0.07683645757434743,%,-0.0007686599191013766,1.0
20251210,DXY_BROAD,120.6752,-0.006628925981411182,%,-6.629145704419755e-05,1.0
20251211,DXY_BROAD,119.98,-0.5760918564874928,%,-0.005777576664342197,1.0
20251212,DXY_BROAD,120.1442,0.13685614269043356,%,0.0013676258002591373,1.0
20251215,DXY_BROAD,119.9561,-0.15656186482576606,%,-0.0015668455098323284,3.0
20251216,DXY_BROAD,119.8902,-0.05493676436630901,%,-0.000549518601357089,1.0
20251217,DXY_BROAD,120.155,0.22086876158351476,%,0.0022062520509516705,1.0
20251218,DXY_BROAD,120.0528,-0.08505680163122253,%,-0.0008509299545373512,1.0
20251219,DXY_BROAD,120.1652,0.0936254714592133,%,0.0009358167015200508,1.0
20251222,DXY_BROAD,119.9912,-0.14480065776114603,%,-0.001449055952259122,3.0
20251223,DXY_BROAD,119.7057,-0.23793411516845886,%,-0.0023821762818967847,1.0
20251224,DXY_BROAD,119.4372,-0.2243000959853969,%,-0.002245520254398637,1.0
20251226,DXY_BROAD,119.4723,0.029387828917615266,%,0.000293835115410076,2.0
20251229,DXY_BROAD,119.5899,0.09843285849522321,%,0.0009838444512423753,3.0
20251230,DXY_BROAD,119.4939,-0.08027433754858038,%,-0.0008030657464815803,1.0
20251231,DXY_BROAD,119.7456,0.2106383673141421,%,0.00210416835737671,1.0
20260102,DXY_BROAD,119.6059,-0.11666399433465369,%,-0.001167320997473404,2.0
20260105,DXY_BROAD,119.6192,0.011119852783192385,%,0.00011119234573391708,3.0
20260106,DXY_BROAD,119.7807,0.13501177068564463,%,0.001349207117455032,1.0
20260107,DXY_BROAD,119.8719,0.0761391442861914,%,0.0007611017314438185,1.0
20260108,DXY_BROAD,120.0904,0.18227791500760038,%,0.0018211199041476426,1.0
20260109,DXY_BROAD,120.2215,0.10916776028724318,%,0.0010910821561959244,1.0
20260112,DXY_BROAD,119.9958,-0.18773680248541647,%,-0.0018791324889159834,3.0
20260113,DXY_BROAD,120.1401,0.12025420889731908,%,0.001201819614381379,1.0
20260114,DXY_BROAD,119.9537,-0.1551521931478339,%,-0.0015527267880324446,1.0
20260115,DXY_BROAD,119.9951,0.034513316387907444,%,0.00034507361912885457,1.0
20260116,DXY_BROAD,120.0838,0.07391968505381374,%,0.0007389237791069565,1.0
20260120,DXY_BROAD,119.4455,-0.5315454707462641,%,-0.0053296319983181005,4.0
20260121,DXY_BROAD,119.3431,-0.08572947494881467,%,-0.0008576624367911793,1.0
20260122,DXY_BROAD,119.1962,-0.12309048449387072,%,-0.0012316630305407692,1.0
20260123,DXY_BROAD,118.8976,-0.25051134180452683,%,-0.0025082564648870524,1.0
20260126,DXY_BROAD,118.0525,-0.7107796961418944,%,-0.0071331776891217814,3.0
20260127,DXY_BROAD,117.4523,-0.5084178649329751,%,-0.005097147060084215,1.0
20260128,DXY_BROAD,117.5117,0.05057372226853207,%,0.0005056093807172612,1.0
20260129,DXY_BROAD,117.4396,-0.061355592677159176,%,-0.0006137442292358981,1.0
20260130,DXY_BROAD,117.8996,0.3916907073934217,%,0.0039092559660326345,1.0
20260202,DXY_BROAD,118.3609,0.3912651103141984,%,0.0039050165914553386,3.0
20260203,DXY_BROAD,117.9764,-0.32485390023225813,%,-0.003253826960344902,1.0
20260204,DXY_BROAD,118.2602,0.24055658589345885,%,0.0024026771171619748,1.0
20260205,DXY_BROAD,118.5034,0.20564822315538578,%,0.002054370566541633,1.0
20260206,DXY_BROAD,118.2407,-0.22168140323399754,%,-0.002219274801951991,1.0
20260209,DXY_BROAD,117.6392,-0.5087080844413117,%,-0.005100064090102214,3.0
20260210,DXY_BROAD,117.5216,-0.09996667777407708,%,-0.001000166777824119,1.0
20260211,DXY_BROAD,117.4601,-0.05233080557106584,%,-0.0005234450291595349,1.0
20260212,DXY_BROAD,117.5376,0.06597985188161459,%,0.0006595809474703375,1.0
20260213,DXY_BROAD,117.5258,-0.010039340602496782,%,-0.00010039844578026276,1.0
20260217,DXY_BROAD,117.7375,0.18013066067195105,%,0.0017996861995820432,4.0
20260218,DXY_BROAD,117.8426,0.089266376473085,%,0.0008922655773797457,1.0
20260219,DXY_BROAD,118.2354,0.3333259788904863,%,0.003327716792577162,1.0
20260220,DXY_BROAD,117.9917,-0.2061142432807861,%,-0.0020632695101808884,1.0
20260223,DXY_BROAD,117.9395,-0.04424039996033802,%,-0.00044250188912502126,3.0
20260224,DXY_BROAD,117.9463,0.005765667990798029,%,5.765501782549775e-05,1.0
20260225,DXY_BROAD,117.769,-0.15032264683164653,%,-0.0015043574467772556,1.0
20260226,DXY_BROAD,117.9042,0.11480100875442822,%,0.0011473516278611212,1.0
20260227,DXY_BROAD,117.8223,-0.0694631743398455,%,-0.0006948731118091693,1.0
20260302,DXY_BROAD,118.667,0.7169271012363643,%,0.007143693962053021,3.0
20260303,DXY_BROAD,119.4341,0.6464307684528992,%,0.006443503655242068,1.0
20260304,DXY_BROAD,119.0705,-0.3044356678704063,%,-0.0030490001591662805,1.0
20260305,DXY_BROAD,119.5683,0.41807164662952534,%,0.004172001552488361,1.0
20260306,DXY_BROAD,119.491,-0.06464924231589508,%,-0.0006467014894969436,1.0
20260309,DXY_BROAD,119.5151,0.020168883012106065,%,0.00020166849366334114,3.0
20260310,DXY_BROAD,118.7255,-0.6606696559681602,%,-0.006628617382223569,1.0
20260311,DXY_BROAD,119.2885,0.47420309874457445,%,0.004730822977024753,1.0
20260312,DXY_BROAD,119.8227,0.44782187721363886,%,0.0044682213863261174,1.0
20260313,DXY_BROAD,120.5518,0.6084823660291505,%,0.006066385876774361,1.0
20260316,DXY_BROAD,120.097,-0.3772652088148032,%,-0.0037797864894324076,3.0
20260317,DXY_BROAD,119.8328,-0.21998884235242544,%,-0.0022023117327210984,1.0
20260318,DXY_BROAD,119.9276,0.07911022691615699,%,0.0007907895126987955,1.0
20260319,DXY_BROAD,120.1802,0.21062707833725547,%,0.002104055704890842,1.0
20260320,DXY_BROAD,120.2757,0.07946400488598737,%,0.0007943244896158577,1.0
20260323,DXY_BROAD,119.9371,-0.2815198747544212,%,-0.0028191688724160066,3.0
20260324,DXY_BROAD,120.1295,0.16041741879702087,%,0.001602888874951248,1.0
20260325,DXY_BROAD,120.1282,-0.0010821654963910632,%,-1.082171351844115e-05,1.0
20260326,DXY_BROAD,120.389,0.2171013966745461,%,0.002168660721260617,1.0
20260327,DXY_BROAD,120.8851,0.4120808379503016,%,0.004112341102034233,1.0
20260330,DXY_BROAD,121.2851,0.33089272375173007,%,0.0033034647843755275,3.0
20260331,DXY_BROAD,121.035,-0.2062083471094156,%,-0.0020642124925318115,1.0
20260401,DXY_BROAD,120.1198,-0.7561449167596157,%,-0.007590181856501176,1.0
20260402,DXY_BROAD,120.503,0.31901485017458153,%,0.0031850707742846255,1.0
20260403,DXY_BROAD,120.6565,0.12738272076213697,%,0.0012730165780722223,1.0
20260406,DXY_BROAD,120.4302,-0.1875572389386404,%,-0.001877333477657193,3.0
20260407,DXY_BROAD,120.32,-0.09150528687987824,%,-0.0009154717852484269,1.0
20260408,DXY_BROAD,119.0596,-1.047539893617011,%,-0.010530652132525522,1.0
20260409,DXY_BROAD,118.8998,-0.13421849225094817,%,-0.0013430864594690887,1.0
20260410,DXY_BROAD,118.8552,-0.03751057613217146,%,-0.00037517613108575576,1.0
20260413,DXY_BROAD,118.9916,0.11476149129361346,%,0.0011469569063192932,3.0
20260414,DXY_BROAD,118.3581,-0.5323905216838898,%,-0.005338127702119686,1.0
20260415,DXY_BROAD,118.3623,0.0035485530774925778,%,3.548490117837292e-05,1.0
20260416,DXY_BROAD,118.3616,-0.0005914045266175449,%,-5.914062754210105e-06,1.0
20260417,DXY_BROAD,118.0795,-0.23833743376230343,%,-0.0023862190952200534,1.0
20260420,DXY_BROAD,118.2374,0.13372346596995932,%,0.0013363413577129465,3.0
20260421,DXY_BROAD,118.4331,0.16551446496624322,%,0.0016537764073080651,1.0
20260422,DXY_BROAD,118.6004,0.14126118458437364,%,0.0014116150483451091,1.0
20260423,DXY_BROAD,118.7155,0.09704857656467336,%,0.0009700151487960965,1.0
20260424,DXY_BROAD,118.7294,0.011708664833154359,%,0.00011707979422494586,1.0
20260427,DXY_BROAD,118.5458,-0.15463735182692506,%,-0.001547570387828981,3.0
20260428,DXY_BROAD,118.7717,0.19055926064017736,%,0.0019037792681015778,1.0
20260429,DXY_BROAD,119.0975,0.274307768601445,%,0.002739322314368586,1.0
20260430,DXY_BROAD,118.671,-0.35810995193013007,%,-0.0035875270057520547,1.0
20260501,DXY_BROAD,118.3926,-0.23459817478576062,%,-0.0023487378744304313,1.0
20260504,DXY_BROAD,118.8264,0.3664080356373667,%,0.0036573839663672386,3.0
20260505,DXY_BROAD,118.6207,-0.1731096793305298,%,-0.001732596872797695,1.0
20260506,DXY_BROAD,118.0982,-0.4404796127488675,%,-0.004414525824016466,1.0
20260507,DXY_BROAD,118.0116,-0.07332880602752834,%,-0.0007335570474697251,1.0
20260508,DXY_BROAD,118.0392,0.023387531395213657,%,0.00023384796938429498,1.0
20260511,DXY_BROAD,118.0562,0.014401995269386347,%,0.00014400958281611076,3.0
20260512,DXY_BROAD,118.5238,0.3960825437376414,%,0.003953002019627512,1.0
20260513,DXY_BROAD,118.4737,-0.04226999134351317,%,-0.00042278927622685754,1.0
20260514,DXY_BROAD,118.6696,0.1653531543287734,%,0.001652165965149182,1.0
20260515,DXY_BROAD,119.2825,0.5164759972225319,%,0.00515146834517236,1.0
20260518,DXY_BROAD,119.0574,-0.18871167187139992,%,-0.0018888995667837066,3.0
20260519,DXY_BROAD,119.451,0.33059683816376584,%,0.0033005156824964335,1.0
20260520,DXY_BROAD,119.1624,-0.24160534445085702,%,-0.0024189768112547194,1.0
20260521,DXY_BROAD,119.369,0.17337683698883666,%,0.0017322671284609504,1.0
20260522,DXY_BROAD,119.2868,-0.06886209987517766,%,-0.0006888582070957535,1.0
20260526,DXY_BROAD,119.1696,-0.09825060274900599,%,-0.0009829890029138452,4.0
20260527,DXY_BROAD,119.1829,0.011160564439260945,%,0.00011159941694602046,1.0
20260528,DXY_BROAD,119.0318,-0.1267799323560692,%,-0.001268603661020633,1.0
20260529,DXY_BROAD,118.8783,-0.12895713582421475,%,-0.0012904035709281826,1.0
20260601,DXY_BROAD,119.1653,0.24142337163302052,%,0.0024113241361085223,3.0
20260602,DXY_BROAD,119.0359,-0.1085886579398565,%,-0.0010864765813857228,1.0
20260603,DXY_BROAD,119.3848,0.2931048532417435,%,0.002926761384849821,1.0
20260604,DXY_BROAD,119.3615,-0.019516722396817343,%,-0.00019518627156918107,1.0
20260605,DXY_BROAD,120.0831,0.6045500433556894,%,0.00602729971394609,1.0
20260608,DXY_BROAD,120.034,-0.0408883514832592,%,-0.0004089671304904291,3.0
20260609,DXY_BROAD,119.9617,-0.06023293400204688,%,-0.0006025108132121376,1.0
20260610,DXY_BROAD,119.9134,-0.04026285055980239,%,-0.00040270958221801984,1.0
20260611,DXY_BROAD,120.1174,0.17012277193375613,%,0.0016997822705871613,1.0
20260612,DXY_BROAD,119.5073,-0.507919751842778,%,-0.005092140487341184,1.0
20260615,DXY_BROAD,119.3158,-0.1602412572286438,%,-0.0016036978084816049,3.0
20260616,DXY_BROAD,119.256,-0.05011909571071005,%,-0.0005013165952757399,1.0
20260617,DXY_BROAD,119.3871,0.10993157576977275,%,0.0010987119526046202,1.0
20260618,DXY_BROAD,120.3958,0.8448986532045621,%,0.00841349362460539,1.0
20260622,DXY_BROAD,120.5463,0.1250043606172424,%,0.0012492629521637345,4.0
20260623,DXY_BROAD,121.0552,0.4221614433624232,%,0.00421272841951635,1.0
20260624,DXY_BROAD,121.412,0.294741572439694,%,0.0029430806108363588,1.0
20260625,DXY_BROAD,121.0559,-0.2932988501960332,%,-0.0029372981415484115,1.0
20260626,DXY_BROAD,120.8866,-0.13985274571498563,%,-0.0013995063094150116,1.0
20260629,DXY_BROAD,120.9525,0.05451389980362098,%,0.000544990463751389,3.0
20260630,DXY_BROAD,120.9248,-0.02290155226224444,%,-0.00022904175068174366,1.0
20260701,DXY_BROAD,121.1455,0.1825101219931735,%,0.0018234377463977527,1.0
20260702,DXY_BROAD,120.6902,-0.3758290650498708,%,-0.0037653707698033037,1.0
20260706,DXY_BROAD,120.835,0.11997660124847265,%,0.0011990468683879944,4.0
20260707,DXY_BROAD,120.8145,-0.01696528323746893,%,-0.00016966722504431681,1.0
20260708,DXY_BROAD,121.1307,0.2617235513949101,%,0.0026138165173283244,1.0
20260709,DXY_BROAD,120.753,-0.3118119518833784,%,-0.0031229909826740046,1.0
20260710,DXY_BROAD,120.5046,-0.20570917492733765,%,-0.002059210468604515,1.0
20260713,DXY_BROAD,120.7413,0.196424036924725,%,0.001962313771587897,3.0
20260714,DXY_BROAD,120.4728,-0.22237627058843135,%,-0.0022262389378863733,1.0
20260715,DXY_BROAD,120.3088,-0.13613031323252978,%,-0.001362230547191728,1.0
20260716,DXY_BROAD,120.331,0.01845251552670124,%,0.00018450813259459123,1.0
20260717,DXY_BROAD,120.5315,0.16662372954598936,%,0.0016648506621905288,1.0
20260720,DXY_BROAD,120.5401,0.007135064277807857,%,7.134809744203966e-05,3.0
20260721,DXY_BROAD,120.5779,0.031358859002117434,%,0.00031353943139606605,1.0
20260722,DXY_BROAD,120.5736,-0.00356615930448001,%,-3.5662228934527285e-05,1.0
20260723,DXY_BROAD,120.9075,0.27692629232269894,%,0.00276543557897814,1.0
20260724,DXY_BROAD,120.7105,-0.16293447470173694,%,-0.0016306735727760206,1.0
20260727,DXY_BROAD,120.7739,0.052522357210027515,%,0.0005250856904769369,3.0
20260728,DXY_BROAD,120.6247,-0.1235366250489478,%,-0.0012361299444018181,1.0
20260729,DXY_BROAD,120.7892,0.1363733961618152,%,0.0013628049210060204,1.0
20260730,DXY_BROAD,119.6753,-0.922185096018524,%,-0.009264635465779698,1.0
20260731,DXY_BROAD,119.7034,0.02348020017497454,%,0.00023477444007400592,1.0
20260803,DXY_BROAD,119.6951,-0.006933804720676839,%,-6.934045120028973e-05,3.0
20260804,DXY_BROAD,119.5977,-0.0813734229721974,%,-0.0008140654911383117,1.0
20260805,DXY_BROAD,119.3881,-0.17525420639360467,%,-0.0017540795623953891,1.0
20260806,DXY_BROAD,119.5113,0.10319286428044361,%,0.0010313965704515234,1.0
20260807,DXY_BROAD,119.0649,-0.37352116494424603,%,-0.0037422049722674665,1.0
20260810,DXY_BROAD,119.1187,0.0451854408814123,%,0.00045175235335239013,3.0
20260811,DXY_BROAD,119.179,0.05062177475072538,%,0.0005060896625274118,1.0
20260812,DXY_BROAD,119.1179,-0.05126742127388173,%,-0.0005128056750965149,1.0
20260813,DXY_BROAD,119.1848,0.056162843703577714,%,0.0005614707828111022,1.0
20260814,DXY_BROAD,118.9028,-0.23660735261543664,%,-0.0023688771013029705,1.0
20260817,DXY_BROAD,118.814,-0.0746828501936081,%,-0.000747107517268117,3.0
20260818,DXY_BROAD,118.9831,0.14232329523455878,%,0.0014222211162657889,1.0
20260819,DXY_BROAD,118.3328,-0.5465482072663952,%,-0.005480472464569143,1.0
20260820,DXY_BROAD,118.2548,-0.06591579004300296,%,-0.0006593752405117487,1.0
20260821,DXY_BROAD,118.0628,-0.16236127413010726,%,-0.0016249322288859078,1.0
20260824,DXY_BROAD,118.3195,0.2174266576771,%,0.0021719062798548528,3.0
20260825,DXY_BROAD,118.2283,-0.07707943322952104,%,-0.0007710915469839722,1.0
20260826,DXY_BROAD,118.4461,0.18421985260719254,%,0.0018405037594456997,1.0
20260827,DXY_BROAD,118.3583,-0.07412654363461169,%,-0.0007415403094140081,1.0
20260828,DXY_BROAD,118.7479,0.3291699863887887,%,0.003286294079455812,1.0
20260831,DXY_BROAD,118.5679,-0.15158162796984342,%,-0.0015169662914799715,3.0
20260901,DXY_BROAD,118.6568,0.07497813489150129,%,0.0007495004033025052,1.0
20260902,DXY_BROAD,118.5296,-0.10719992448811055,%,-0.0010725742470429384,1.0
20260903,DXY_BROAD,118.127,-0.3396619916037902,%,-0.0034024015251297333,1.0
20260904,DXY_BROAD,118.0732,-0.04554420242619539,%,-0.00045554576948183694,1.0
20260908,DXY_BROAD,117.9127,-0.13593262484628,%,-0.0013602509704819504,4.0
20260909,DXY_BROAD,117.8834,-0.02484889244330768,%,-0.0002485198029212739,1.0
20260910,DXY_BROAD,118.0787,0.16567218115528526,%,0.0016553509618413107,1.0
20260911,DXY_BROAD,118.2126,0.1133989449409567,%,0.0011333469690386509,1.0
20260914,DXY_BROAD,118.6923,0.405794306190721,%,0.004049731817306747,3.0
20260915,DXY_BROAD,118.8822,0.15999352948758983,%,0.0015986567619336574,1.0
20260916,DXY_BROAD,118.9206,0.03230088272254683,%,0.00032295667110519144,1.0
20260917,DXY_BROAD,119.3489,0.36015627233634273,%,0.003595092626657429,1.0
20260918,DXY_BROAD,119.5133,0.13774739440413075,%,0.001376526097131157,1.0
20260921,DXY_BROAD,119.4014,-0.09362974664745005,%,-0.0009367360667422819,3.0
20260922,DXY_BROAD,119.5933,0.1607183835365511,%,0.0016058936975659464,1.0
20260923,DXY_BROAD,120.1169,0.4378171686875376,%,0.0043686153758428405,1.0
20260924,DXY_BROAD,120.5521,0.3623137127248599,%,0.0036165893767598047,1.0
20260925,DXY_BROAD,120.33,-0.18423569560380715,%,-0.0018440561829906066,1.0
20130102,VIX,14.68,,%,,
20130103,VIX,14.56,-0.8174386920980825,%,-0.008207980417829509,1.0
20130104,VIX,13.83,-5.013736263736268,%,-0.05143789709187312,1.0
20130107,VIX,13.79,-0.2892263195950928,%,-0.002896453871456495,3.0
20130108,VIX,13.62,-1.2327773749093551,%,-0.01240439108384414,1.0
20130109,VIX,13.81,1.3950073421439058,%,0.01385366669983444,1.0
20130110,VIX,13.49,-2.3171614771904436,%,-0.023444297201536256,1.0
20130111,VIX,13.36,-0.9636767976278771,%,-0.009683502111164892,1.0
20130114,VIX,13.52,1.1976047904191711,%,0.011904902506318458,3.0
20130115,VIX,13.55,0.22189349112426981,%,0.0022164767108919688,1.0
20130116,VIX,13.42,-0.9594095940959502,%,-0.009640415782174266,1.0
20130117,VIX,13.57,1.1177347242921076,%,0.011115342303242102,1.0
20130118,VIX,12.46,-8.179808400884303,%,-0.08533796048747068,1.0
20130122,VIX,12.43,-0.24077046548957037,%,-0.0024106078366873777,4.0
20130123,VIX,12.46,0.24135156878519748,%,0.002410607836687344,1.0
20130124,VIX,12.69,1.845906902086658,%,0.018290768366989018,1.0
20130125,VIX,12.89,1.5760441292356209,%,0.01563753522479975,1.0
20130128,VIX,13.57,5.275407292474776,%,0.05140965689568166,3.0
20130129,VIX,13.31,-1.915991156963892,%,-0.01934584143975752,1.0
20130130,VIX,14.32,7.588279489105942,%,0.07314152912547936,1.0
20130131,VIX,14.28,-0.27932960893854997,%,-0.002797204621061254,1.0
20130201,VIX,12.9,-9.663865546218487,%,-0.10163264554381189,1.0
20130204,VIX,14.67,13.720930232558137,%,0.1285772807872639,3.0
20130205,VIX,13.72,-6.475800954328559,%,-0.06694996985715115,1.0
20130206,VIX,13.41,-2.2594752186588907,%,-0.022853925004151995,1.0
20130207,VIX,13.5,0.6711409395973034,%,0.006688988150796489,1.0
20130208,VIX,13.02,-3.5555555555555562,%,-0.03620304866396059,1.0
20130211,VIX,12.94,-0.6144393241167445,%,-0.006163347707668688,3.0
20130212,VIX,12.64,-2.3183925811437356,%,-0.023456900354043093,1.0
20130213,VIX,12.98,2.689873417721511,%,0.026543322557232494,1.0
20130214,VIX,12.66,-2.4653312788906034,%,-0.024962294559913834,1.0
20130215,VIX,12.46,-1.579778830963663,%,-0.015923903356723022,1.0
20130219,VIX,12.31,-1.2038523274478408,%,-0.01211157316294502,4.0
20130220,VIX,14.68,19.252640129975628,%,0.17607408299000737,1.0
20130221,VIX,15.22,3.6784741144414212,%,0.036124329247170295,1.0
20130222,VIX,14.17,-6.898817345597907,%,-0.07148329873095081,1.0
20130225,VIX,18.99,34.01552575864501,%,0.29278547112160536,3.0
20130226,VIX,16.87,-11.163770405476559,%,-0.11837562826631749,1.0
20130227,VIX,14.73,-12.685240071132187,%,-0.13565066608333803,1.0
20130228,VIX,15.51,5.295315682281054,%,0.05159874671390851,1.0
20130301,VIX,15.36,-0.9671179883945835,%,-0.00971824946892134,1.0
20130304,VIX,14.01,-8.7890625,%,-0.09199536737061047,3.0
20130305,VIX,13.48,-3.783012134189856,%,-0.03856425486475457,1.0
20130306,VIX,13.53,0.37091988130562026,%,0.0037023366985355194,1.0
20130307,VIX,13.06,-3.47376201034737,%,-0.035355318334411606,1.0
20130308,VIX,12.59,-3.5987748851454837,%,-0.03665127579202922,1.0
20130311,VIX,11.56,-8.181096108022235,%,-0.08535198481202433,3.0
20130312,VIX,12.27,6.141868512110715,%,0.05960639547858855,1.0
20130313,VIX,11.83,-3.585982070089644,%,-0.0365185807325246,1.0
20130314,VIX,11.3,-4.480135249366013,%,-0.04583595227200046,1.0
20130315,VIX,11.3,0.0,%,0.0,1.0
20130318,VIX,13.36,18.230088495575213,%,0.16746244239020472,3.0
20130319,VIX,14.39,7.70958083832336,%,0.07426835279077684,1.0
20130320,VIX,12.67,-11.952744961779016,%,-0.1272965265662288,1.0
20130321,VIX,13.99,10.418310970797151,%,0.09910579434434205,1.0
20130322,VIX,13.57,-3.0021443888491817,%,-0.03048131483061207,1.0
20130325,VIX,13.74,1.2527634487840889,%,0.01244981294742557,3.0
20130326,VIX,12.77,-7.059679767103355,%,-0.07321261674975543,1.0
20130327,VIX,13.15,2.9757243539545897,%,0.02932308857932572,1.0
20130328,VIX,12.7,-3.4220532319391705,%,-0.03481976515922804,1.0
20130401,VIX,13.58,6.929133858267722,%,0.06699612866600453,4.0
20130402,VIX,12.78,-5.891016200294552,%,-0.060716673181161335,1.0
20130403,VIX,14.21,11.189358372456981,%,0.10606449315962067,1.0
20130404,VIX,13.89,-2.2519352568613704,%,-0.022776785342756924,1.0
20130405,VIX,13.92,0.21598272138227959,%,0.0021574981400210927,1.0
20130408,VIX,13.19,-5.244252873563227,%,-0.05386768817705044,3.0
20130409,VIX,12.84,-2.653525398028811,%,-0.02689366846740813,1.0
20130410,VIX,12.36,-3.738317757009346,%,-0.038099846232270404,1.0
20130411,VIX,12.24,-0.9708737864077555,%,-0.009756174945364572,1.0
20130412,VIX,12.06,-1.4705882352941124,%,-0.014815085785140587,1.0
20130415,VIX,17.27,43.20066334991708,%,0.35907670085954785,3.0
20130416,VIX,13.96,-19.166184134336994,%,-0.21277479482436074,1.0
20130417,VIX,16.51,18.266475644699142,%,0.16777016059781025,1.0
20130418,VIX,17.56,6.35978195033311,%,0.06165733027493376,1.0
20130419,VIX,14.97,-14.749430523917983,%,-0.15957538977543348,1.0
20130422,VIX,14.39,-3.874415497661987,%,-0.039514677532260505,3.0
20130423,VIX,13.48,-6.323835997220295,%,-0.06532641541511551,1.0
20130424,VIX,13.61,0.9643916913946615,%,0.009597711179213755,1.0
20130425,VIX,13.62,0.07347538574578039,%,0.0007344840579916562,1.0
20130426,VIX,13.61,-0.07342143906020615,%,-0.0007344840579916098,1.0
20130429,VIX,13.71,0.7347538574577595,%,0.007320676910848397,3.0
20130430,VIX,13.52,-1.3858497447118978,%,-0.013955422959405078,1.0
20130501,VIX,14.49,7.1745562130177465,%,0.06928868571777293,1.0
20130502,VIX,13.59,-6.211180124223603,%,-0.06412452816953867,1.0
20130503,VIX,12.85,-5.445180279617368,%,-0.05599041682182356,1.0
20130506,VIX,12.66,-1.478599221789878,%,-0.014896394625198622,3.0
20130507,VIX,12.83,1.3428120063191162,%,0.013338761911514941,1.0
20130508,VIX,12.66,-1.3250194855806696,%,-0.013338761911514924,1.0
20130509,VIX,13.13,3.7124802527646272,%,0.036452271598674826,1.0
20130510,VIX,12.59,-4.11271896420412,%,-0.0419968402584491,1.0
20130513,VIX,12.55,-0.3177124702144485,%,-0.003182182478462831,3.0
20130514,VIX,12.77,1.7529880478087456,%,0.01737800446665484,1.0
20130515,VIX,12.81,0.3132341425215346,%,0.0031274458641949517,1.0
20130516,VIX,13.07,2.029664324746294,%,0.020093411727487725,1.0
20130517,VIX,12.45,-4.743687834736043,%,-0.048598904725414026,1.0
20130520,VIX,13.02,4.578313253012056,%,0.04476601386970664,3.0
20130521,VIX,13.37,2.6881720430107503,%,0.026526754333428604,1.0
20130522,VIX,13.82,3.365744203440557,%,0.03310342722567221,1.0
20130523,VIX,14.07,1.808972503617956,%,0.01792805278677396,1.0
20130524,VIX,13.99,-0.5685856432125047,%,-0.005702082448907839,1.0
20130528,VIX,14.48,3.5025017869907193,%,0.03442559828018061,4.0
20130529,VIX,14.83,2.4171270718231996,%,0.023883769192270372,1.0
20130530,VIX,14.53,-2.0229265003371633,%,-0.02043667856764928,1.0
20130531,VIX,16.3,12.181693048864428,%,0.11494963023052521,1.0
20130603,VIX,16.28,-0.12269938650306678,%,-0.0012277472383224036,3.0
20130604,VIX,16.27,-0.06142506142506887,%,-0.0006144393434478832,1.0
20130605,VIX,17.5,7.559926244622006,%,0.07287795969852197,1.0
20130606,VIX,16.63,-4.971428571428582,%,-0.05099258772463217,1.0
20130607,VIX,15.14,-8.959711365002999,%,-0.09386804519553349,1.0
20130610,VIX,15.44,1.9815059445178251,%,0.01962129658732731,3.0
20130611,VIX,17.07,10.556994818652864,%,0.10036099220971927,1.0
20130612,VIX,18.59,8.90451083772701,%,0.08530126492700342,1.0
20130613,VIX,16.41,-11.726734803657878,%,-0.1247328966313531,1.0
20130614,VIX,17.15,4.509445460085315,%,0.04410726850994941,1.0
20130617,VIX,16.8,-2.0408163265306034,%,-0.020619287202735592,3.0
20130618,VIX,16.61,-1.130952380952388,%,-0.011373962784009808,1.0
20130619,VIX,16.64,0.18061408789886713,%,0.001804511767859139,1.0
20130620,VIX,20.49,23.137019230769205,%,0.20812752685774566,1.0
20130621,VIX,18.9,-7.759882869692536,%,-0.08077504018521173,1.0
20130624,VIX,20.11,6.402116402116409,%,0.062055281718964045,3.0
20130625,VIX,18.47,-8.155146693187476,%,-0.08506940957341216,1.0
20130626,VIX,17.21,-6.821873308067127,%,-0.07065718398770046,1.0
20130627,VIX,16.86,-2.033701336432314,%,-0.020546657649738728,1.0
20130628,VIX,16.86,0.0,%,0.0,1.0
20130701,VIX,16.37,-2.906287069988134,%,-0.029493561190665825,3.0
20130702,VIX,16.44,0.42761148442271857,%,0.0042669982449902635,1.0
20130703,VIX,16.2,-1.4598540145985495,%,-0.014706147389695562,1.0
20130705,VIX,14.89,-8.086419753086416,%,-0.08432139554242073,2.0
20130708,VIX,14.78,-0.7387508394895992,%,-0.00741493117586199,3.0
20130709,VIX,14.35,-2.9093369418132564,%,-0.02952497331442555,1.0
20130710,VIX,14.21,-0.9756097560975507,%,-0.009804000096620743,1.0
20130711,VIX,14.01,-1.407459535538358,%,-0.014174581760093681,1.0
20130712,VIX,13.84,-1.2134189864382527,%,-0.01220841015939207,1.0
20130715,VIX,13.79,-0.36127167630057855,%,-0.0036192583843130685,3.0
20130716,VIX,14.42,4.5685279187817285,%,0.0446724400515926,1.0
20130717,VIX,13.78,-4.438280166435515,%,-0.0453978662712906,1.0
20130718,VIX,13.77,-0.07256894049346707,%,-0.0007259528449490165,1.0
20130719,VIX,12.54,-8.932461873638342,%,-0.09356877753578882,1.0
20130722,VIX,12.29,-1.9936204146730474,%,-0.020137611626831194,3.0
20130723,VIX,12.66,3.010577705451589,%,0.0296614931380867,1.0
20130724,VIX,13.18,4.107424960505535,%,0.04025311235833108,1.0
20130725,VIX,12.97,-1.5933232169954459,%,-0.016061530746008627,1.0
20130726,VIX,12.72,-1.927525057825752,%,-0.01946344041637643,1.0
20130729,VIX,13.39,5.267295597484267,%,0.051332601791104965,3.0
20130730,VIX,13.39,0.0,%,0.0,1.0
20130731,VIX,13.45,0.44809559372664953,%,0.004470946344766853,1.0
20130801,VIX,12.94,-3.7918215613382933,%,-0.03865581697509364,1.0
20130802,VIX,11.98,-7.418856259659967,%,-0.07708469638545119,1.0
20130805,VIX,11.84,-1.16861435726211,%,-0.011754963231443732,3.0
20130806,VIX,12.72,7.432432432432434,%,0.07169192845611648,1.0
20130807,VIX,12.98,2.0440251572326984,%,0.02023415336396779,1.0
20130808,VIX,12.73,-1.926040061633283,%,-0.019448298706628793,1.0
20130809,VIX,13.41,5.341712490180672,%,0.052039284724271974,1.0
20130812,VIX,12.81,-4.4742729306487705,%,-0.045774581384944286,3.0
20130813,VIX,12.31,-3.9032006245121043,%,-0.03981417571228078,1.0
20130814,VIX,13.04,5.930138099106408,%,0.05760961630214466,1.0
20130815,VIX,14.73,12.960122699386512,%,0.12186467397603208,1.0
20130816,VIX,14.37,-2.4439918533604943,%,-0.0247435303836054,1.0
20130819,VIX,15.1,5.080027835768974,%,0.04955204372994519,3.0
20130820,VIX,14.91,-1.2582781456953573,%,-0.012662615044231525,1.0
20130821,VIX,15.94,6.908115358819589,%,0.06679954458542198,1.0
20130822,VIX,14.76,-7.402760351317439,%,-0.07691085418974253,1.0
20130823,VIX,13.98,-5.284552845528456,%,-0.05429308236666225,1.0
20130826,VIX,14.99,7.224606580829751,%,0.06975557530884209,3.0
20130827,VIX,16.77,11.874583055370236,%,0.11220826372061105,1.0
20130828,VIX,16.49,-1.6696481812760955,%,-0.016837439263610022,1.0
20130829,VIX,16.81,1.9405700424499628,%,0.01921981084901664,1.0
20130830,VIX,17.01,1.1897679952409534,%,0.011827458987246405,1.0
20130903,VIX,16.61,-2.3515579071134773,%,-0.02379648278256704,4.0
20130904,VIX,15.88,-4.394942805538826,%,-0.04494446780621378,1.0
20130905,VIX,15.77,-0.6926952141057985,%,-0.006951054844042699,1.0
20130906,VIX,15.85,0.5072923272035457,%,0.005060099348342552,1.0
20130909,VIX,15.63,-1.3880126182965191,%,-0.013977355889904269,3.0
20130910,VIX,14.53,-7.037747920665394,%,-0.07297666685119378,1.0
20130911,VIX,13.82,-4.886441844459732,%,-0.05009865924266763,1.0
20130912,VIX,14.29,3.40086830680173,%,0.03344317360225214,1.0
20130913,VIX,14.16,-0.9097270818754333,%,-0.009138903676202294,1.0
20130916,VIX,14.38,1.5536723163841915,%,0.015417264027327033,3.0
20130917,VIX,14.53,1.0431154381084662,%,0.01037712528929073,1.0
20130918,VIX,13.59,-6.469373709566407,%,-0.0668812494191391,1.0
20130919,VIX,13.16,-3.16409124356144,%,-0.03215230226588118,1.0
20130920,VIX,13.12,-0.3039513677811634,%,-0.003044142381228244,1.0
20130923,VIX,14.31,9.070121951219523,%,0.08682081005241665,3.0
20130924,VIX,14.08,-1.6072676450034962,%,-0.01620324283846322,1.0
20130925,VIX,14.01,-0.49715909090909394,%,-0.004983990380980737,1.0
20130926,VIX,14.06,0.35688793718773315,%,0.0035625260336033114,1.0
20130927,VIX,15.46,9.95732574679944,%,0.09492215677675712,1.0
20130930,VIX,16.6,7.373868046571808,%,0.07114665220322174,3.0
20131001,VIX,15.54,-6.385542168674707,%,-0.06598535042299626,1.0
20131002,VIX,16.6,6.821106821106837,%,0.06598535042299632,1.0
20131003,VIX,17.67,6.445783132530125,%,0.062465590969107525,1.0
20131004,VIX,16.74,-5.2631578947368585,%,-0.05406722127027594,1.0
20131007,VIX,19.41,15.949820788530467,%,0.14798733211958964,3.0
20131008,VIX,20.34,4.791344667697062,%,0.04680099343949499,1.0
20131009,VIX,19.6,-3.6381514257620373,%,-0.037059824383942265,1.0
20131010,VIX,16.48,-15.918367346938778,%,-0.17338204175514593,1.0
20131011,VIX,15.72,-4.611650485436892,%,-0.04721373748026513,1.0
20131014,VIX,16.07,2.2264631043257044,%,0.022020392748360776,3.0
20131015,VIX,18.66,16.11698817672682,%,0.14942801566977656,1.0
20131016,VIX,14.71,-21.168274383708464,%,-0.23785466080585158,1.0
20131017,VIX,13.48,-8.361658735554045,%,-0.08732042912918518,1.0
20131018,VIX,13.04,-3.264094955489627,%,-0.03318554898565421,1.0
20131021,VIX,13.16,0.920245398773023,%,0.009160369398664416,3.0
20131022,VIX,13.33,1.2917933130699,%,0.012835208293446072,1.0
20131023,VIX,13.42,0.6751687921980443,%,0.006728997352918381,1.0
20131024,VIX,13.2,-1.6393442622950838,%,-0.016529301951210582,1.0
20131025,VIX,13.09,-0.8333333333333304,%,-0.00836824967051658,1.0
20131028,VIX,13.31,1.680672268907557,%,0.016667052485211643,3.0
20131029,VIX,13.41,0.7513148009015813,%,0.007485064886566927,1.0
20131030,VIX,13.65,1.7897091722595126,%,0.01773882433738163,1.0
20131031,VIX,13.75,0.73260073260073,%,0.007299302481611535,1.0
20131101,VIX,13.28,-3.41818181818182,%,-0.03477968006429253,1.0
20131104,VIX,12.93,-2.6355421686746983,%,-0.026708951264521677,3.0
20131105,VIX,13.27,2.629543696829084,%,0.025955655560350073,1.0
20131106,VIX,12.67,-4.5214770158251705,%,-0.046268854011068464,1.0
20131107,VIX,13.91,9.78689818468823,%,0.09337101160230378,1.0
20131108,VIX,12.9,-7.260963335729686,%,-0.07538069456772506,1.0
20131111,VIX,12.53,-2.8682170542635776,%,-0.029101542459649618,3.0
20131112,VIX,12.82,2.314445331205106,%,0.02288068258454703,1.0
20131113,VIX,12.52,-2.3400936037441533,%,-0.02367908582057155,1.0
20131114,VIX,12.37,-1.198083067092659,%,-0.01205317926755601,1.0
20131115,VIX,12.19,-1.4551333872271588,%,-0.014658242911216337,1.0
20131118,VIX,13.1,7.465135356849872,%,0.07199628671392566,3.0
20131119,VIX,13.39,2.2137404580152786,%,0.02189592949597539,1.0
20131120,VIX,13.4,0.07468259895444529,%,0.000746547253784563,1.0
20131121,VIX,12.66,-5.5223880597014885,%,-0.056807290240835515,1.0
20131122,VIX,12.26,-3.159557661927337,%,-0.032105486207964856,1.0
20131125,VIX,12.79,4.323001631321355,%,0.042321685082685835,3.0
20131126,VIX,12.81,0.15637216575450363,%,0.0015625003178916343,1.0
20131127,VIX,12.98,1.3270882123341154,%,0.013183595367301073,1.0
20131129,VIX,13.7,5.546995377503849,%,0.05398612155813527,2.0
20131202,VIX,14.23,3.868613138686139,%,0.03795657926768184,3.0
20131203,VIX,14.55,2.248770203794792,%,0.022238581515740444,1.0
20131204,VIX,14.7,1.0309278350515427,%,0.010256500167189061,1.0
20131205,VIX,15.08,2.5850340136054584,%,0.025521868795119553,1.0
20131206,VIX,13.79,-8.554376657824935,%,-0.08942567077459959,1.0
20131209,VIX,13.49,-2.175489485134152,%,-0.0219950215855459,3.0
20131210,VIX,13.91,3.1134173461823567,%,0.030659335715687023,1.0
20131211,VIX,15.42,10.855499640546373,%,0.10305736219983193,1.0
20131212,VIX,15.54,0.7782101167315147,%,0.007751976804317924,1.0
20131213,VIX,15.76,1.4157014157014203,%,0.01405773949023173,1.0
20131216,VIX,16.03,1.7131979695431454,%,0.0169868821917285,3.0
20131217,VIX,16.21,1.1228945726762252,%,0.011166369126123081,1.0
20131218,VIX,13.8,-14.867365823565704,%,-0.16095974358442577,1.0
20131219,VIX,14.15,2.53623188405796,%,0.025046031926087516,1.0
20131220,VIX,13.79,-2.544169611307434,%,-0.025770932284036326,1.0
20131223,VIX,13.04,-5.438723712835392,%,-0.05592213530670359,3.0
20131224,VIX,12.48,-4.294478527607348,%,-0.043894193557225146,1.0
20131226,VIX,12.33,-1.2019230769230838,%,-0.012092045765028746,2.0
20131227,VIX,12.46,1.0543390105433925,%,0.01048819618305418,1.0
20131230,VIX,13.56,8.828250401284098,%,0.08460076915294233,3.0
20131231,VIX,13.72,1.179941002949847,%,0.0117303397854896,1.0
20140102,VIX,14.23,3.7172011661807502,%,0.03649778980402176,2.0
20140103,VIX,13.76,-3.3028812368236182,%,-0.033586579596563464,1.0
20140106,VIX,13.55,-1.5261627906976716,%,-0.015379285179487667,3.0
20140107,VIX,12.92,-4.649446494464948,%,-0.047610048971254156,1.0
20140108,VIX,12.87,-0.38699690402477227,%,-0.003877476746420541,1.0
20140109,VIX,12.89,0.15540015540016494,%,0.00155279534306082,1.0
20140110,VIX,12.14,-5.818463925523664,%,-0.059946031319743846,1.0
20140113,VIX,13.28,9.390444810543652,%,0.08975335841693555,3.0
20140114,VIX,12.28,-7.530120481927716,%,-0.07828722132929145,1.0
20140115,VIX,12.28,0.0,%,0.0,1.0
20140116,VIX,12.53,2.035830618892498,%,0.020153846188980428,1.0
20140117,VIX,12.44,-0.718276137270546,%,-0.0072086815969435005,1.0
20140121,VIX,12.87,3.456591639871376,%,0.033981934297001845,4.0
20140122,VIX,12.84,-0.2331002331002252,%,-0.0023337233462201,1.0
20140123,VIX,13.77,7.242990654205594,%,0.06992701447874825,1.0
20140124,VIX,18.14,31.73565722585332,%,0.2756271319464272,1.0
20140127,VIX,17.42,-3.9691289966923837,%,-0.040500473262633715,3.0
20140128,VIX,15.8,-9.299655568312293,%,-0.0976090313914357,1.0
20140129,VIX,17.35,9.810126582278489,%,0.09358256635994715,1.0
20140130,VIX,17.29,-0.34582132564843215,%,-0.003464206697669238,1.0
20140131,VIX,18.41,6.477732793522284,%,0.06276569554978752,1.0
20140203,VIX,21.44,16.458446496469325,%,0.1523643409576149,3.0
20140204,VIX,19.11,-10.867537313432841,%,-0.11504657795041962,1.0
20140205,VIX,19.95,4.395604395604402,%,0.04301738508369086,1.0
20140206,VIX,17.23,-13.634085213032577,%,-0.14657709279603415,1.0
20140207,VIX,15.29,-11.259431224608251,%,-0.11945303059886743,1.0
20140210,VIX,15.26,-0.19620667102681066,%,-0.0019639940846599437,3.0
20140211,VIX,14.51,-4.914809960681521,%,-0.050396958960214476,1.0
20140212,VIX,14.3,-1.447277739490005,%,-0.014578529630234862,1.0
20140213,VIX,14.14,-1.118881118881121,%,-0.01125187679743492,1.0
20140214,VIX,13.57,-4.0311173974540315,%,-0.04114618662164893,1.0
20140218,VIX,13.87,2.2107590272660183,%,0.021866760479962354,4.0
20140219,VIX,15.5,11.7519826964672,%,0.11111178959846076,1.0
20140220,VIX,14.79,-4.580645161290331,%,-0.046888747202492594,1.0
20140221,VIX,14.68,-0.7437457741717335,%,-0.007465253536338866,1.0
20140224,VIX,14.23,-3.06539509536784,%,-0.031133611084608444,3.0
20140225,VIX,13.67,-3.935347856640903,%,-0.04014876136590284,1.0
20140226,VIX,14.35,4.974396488661292,%,0.04854629146977183,1.0
20140227,VIX,14.04,-2.160278745644606,%,-0.021839543607965122,1.0
20140228,VIX,14.0,-0.2849002849002802,%,-0.002853068982406399,1.0
20140303,VIX,16.0,14.28571428571428,%,0.13353139262452257,3.0
20140304,VIX,14.1,-11.875000000000002,%,-0.12641392485565867,1.0
20140305,VIX,13.89,-1.4893617021276562,%,-0.015005640617870162,1.0
20140306,VIX,14.21,2.3038156947444266,%,0.02277678534275693,1.0
20140307,VIX,14.11,-0.70372976776919,%,-0.007062176244286769,1.0
20140310,VIX,14.2,0.6378454996456506,%,0.006358198742492503,3.0
20140311,VIX,14.8,4.225352112676073,%,0.04138521616285449,1.0
20140312,VIX,14.47,-2.2297297297297347,%,-0.022549640126676936,1.0
20140313,VIX,16.22,12.093987560469932,%,0.11416750804387432,1.0
20140314,VIX,17.82,9.864364981504314,%,0.09407637335539638,1.0
20140317,VIX,15.64,-12.2334455667789,%,-0.13048968692549823,3.0
20140318,VIX,14.52,-7.161125319693095,%,-0.074304725720515,1.0
20140319,VIX,15.12,4.132231404958686,%,0.04049136135473699,1.0
20140320,VIX,14.52,-3.9682539682539653,%,-0.040491361354736875,1.0
20140321,VIX,15.0,3.3057851239669533,%,0.032523191705560145,1.0
20140324,VIX,15.09,0.6000000000000005,%,0.005982071677547469,3.0
20140325,VIX,14.02,-7.090788601722997,%,-0.07354739117331352,1.0
20140326,VIX,14.93,6.490727532097007,%,0.06288772994465501,1.0
20140327,VIX,14.62,-2.076356329537843,%,-0.02098215722946657,1.0
20140328,VIX,14.41,-1.4363885088919282,%,-0.014468044310201718,1.0
20140331,VIX,13.88,-3.678001387925045,%,-0.0374734549327722,3.0
20140401,VIX,13.1,-5.619596541786754,%,-0.05783672487155268,1.0
20140402,VIX,13.09,-0.07633587786259888,%,-0.0007636502852973333,1.0
20140403,VIX,13.37,2.1390374331550666,%,0.021164811192043116,1.0
20140404,VIX,13.96,4.412864622288715,%,0.043182706220374685,1.0
20140407,VIX,15.57,11.532951289398286,%,0.10914988851168059,3.0
20140408,VIX,14.89,-4.367373153500321,%,-0.04465613914998934,1.0
20140409,VIX,13.82,-7.1860308932169215,%,-0.07457302835639375,1.0
20140410,VIX,15.89,14.978292329956577,%,0.1395731622091007,1.0
20140411,VIX,17.03,7.174323473882938,%,0.06928651412597223,1.0
20140414,VIX,16.11,-5.4022313564298425,%,-0.055536297485714044,3.0
20140415,VIX,15.61,-3.1036623215394132,%,-0.03152846266154228,1.0
20140416,VIX,14.18,-9.160794362588087,%,-0.09607921342335929,1.0
20140417,VIX,13.36,-5.782792665726378,%,-0.0595673529954818,1.0
20140421,VIX,13.25,-0.8233532934131649,%,-0.008267615676268363,4.0
20140422,VIX,13.19,-0.45283018867925406,%,-0.004538585703008073,1.0
20140423,VIX,13.27,0.6065200909780133,%,0.006046881614892907,1.0
20140424,VIX,13.32,0.37678975131876236,%,0.003760816768126919,1.0
20140425,VIX,14.06,5.555555555555558,%,0.05406722127027579,1.0
20140428,VIX,13.97,-0.6401137980085347,%,-0.006421713113648395,3.0
20140429,VIX,13.71,-1.8611309949892574,%,-0.01878667969464737,1.0
20140430,VIX,13.41,-2.188183807439825,%,-0.02212479628063587,1.0
20140501,VIX,13.25,-1.1931394481730084,%,-0.012003144861355973,1.0
20140502,VIX,12.91,-2.5660377358490583,%,-0.025995347573680102,1.0
20140505,VIX,13.29,2.9434546862896926,%,0.02900966786660278,3.0
20140506,VIX,13.8,3.8374717832957206,%,0.03765671943800514,1.0
20140507,VIX,13.4,-2.898550724637683,%,-0.02941388520629334,1.0
20140508,VIX,13.43,0.2238805970149249,%,0.0022363035782805166,1.0
20140509,VIX,12.92,-3.797468354430378,%,-0.03871451218069039,1.0
20140512,VIX,12.23,-5.340557275541791,%,-0.05488454865537475,3.0
20140513,VIX,12.13,-0.8176614881439059,%,-0.0082102267431222,1.0
20140514,VIX,12.17,0.3297609233305687,%,0.0032921840434768767,1.0
20140515,VIX,13.17,8.216926869350871,%,0.07896760875575394,1.0
20140516,VIX,12.44,-5.542900531511008,%,-0.05702442844415627,1.0
20140519,VIX,12.42,-0.1607717041800627,%,-0.0016090108057006626,3.0
20140520,VIX,12.96,4.347826086956519,%,0.0425596144187959,1.0
20140521,VIX,11.91,-8.10185185185186,%,-0.08448930755691998,1.0
20140522,VIX,12.03,1.0075566750629594,%,0.010025146619378646,1.0
20140523,VIX,11.36,-5.56940980881131,%,-0.05730511669358227,1.0
20140527,VIX,11.51,1.3204225352112742,%,0.01311780944078605,4.0
20140528,VIX,11.68,1.476976542137276,%,0.014661754666289764,1.0
20140529,VIX,11.57,-0.9417808219178037,%,-0.009462436194495747,1.0
20140530,VIX,11.4,-1.4693171996542742,%,-0.014802185805135388,1.0
20140602,VIX,11.58,1.5789473684210575,%,0.015666116744399456,3.0
20140603,VIX,11.87,2.5043177892918767,%,0.024734736476727425,1.0
20140604,VIX,12.08,1.7691659646166924,%,0.017536983885092335,1.0
20140605,VIX,11.68,-3.311258278145701,%,-0.03367321510658795,1.0
20140606,VIX,10.73,-8.133561643835607,%,-0.0848344207574738,1.0
20140609,VIX,11.15,3.914259086672889,%,0.03839594126352075,3.0
20140610,VIX,10.99,-1.4349775784753382,%,-0.01445372949059779,1.0
20140611,VIX,11.6,5.55050045495904,%,0.05401932969678883,1.0
20140612,VIX,12.56,8.275862068965534,%,0.07951206292773381,1.0
20140613,VIX,12.18,-3.0254777070063743,%,-0.030721898758301704,1.0
20140616,VIX,12.65,3.8587848932676527,%,0.03786195289177829,3.0
20140617,VIX,12.06,-4.664031620553355,%,-0.04776302387448981,1.0
20140618,VIX,10.61,-12.02321724709785,%,-0.12809723867314768,1.0
20140619,VIX,10.62,0.09425070688029447,%,0.0009420631879009365,1.0
20140620,VIX,10.85,2.165725047080991,%,0.021426064172675896,1.0
20140623,VIX,10.98,1.1981566820276512,%,0.01191035609491603,3.0
20140624,VIX,12.13,10.47358834244081,%,0.09960628687457426,1.0
20140625,VIX,11.59,-4.451772464962911,%,-0.04553906560429852,1.0
20140626,VIX,11.63,0.3451251078516071,%,0.003445309178912825,1.0
20140627,VIX,11.26,-3.181427343078258,%,-0.03233134381902886,1.0
20140630,VIX,11.57,2.7531083481350027,%,0.027158918494040996,3.0
20140701,VIX,11.15,-3.6300777873811585,%,-0.036976043299457445,1.0
20140702,VIX,10.82,-2.959641255605383,%,-0.03004322448779232,1.0
20140703,VIX,10.32,-4.621072088724587,%,-0.04731251336491882,1.0
20140707,VIX,11.33,9.786821705426352,%,0.09337031498649823,4.0
20140708,VIX,11.98,5.7369814651368145,%,0.05578451764738843,1.0
20140709,VIX,11.65,-2.7545909849749584,%,-0.02793241267559372,1.0
20140710,VIX,12.59,8.068669527896999,%,0.07759666804454625,1.0
20140711,VIX,12.08,-4.050833995234315,%,-0.04135165554958693,1.0
20140714,VIX,11.82,-2.1523178807946963,%,-0.02175818052871669,3.0
20140715,VIX,11.96,1.1844331641285955,%,0.011774736544533537,1.0
20140716,VIX,11.0,-8.026755852842815,%,-0.0836724757241152,1.0
20140717,VIX,14.54,32.18181818181818,%,0.2790081993070027,1.0
20140718,VIX,12.06,-17.0563961485557,%,-0.18700928080633378,1.0
20140721,VIX,12.81,6.218905472636815,%,0.06033192460960349,3.0
20140722,VIX,12.24,-4.449648711943799,%,-0.045516838824462905,1.0
20140723,VIX,11.52,-5.882352941176472,%,-0.060624621816434854,1.0
20140724,VIX,11.84,2.77777777777779,%,0.02739897418811456,1.0
20140725,VIX,12.69,7.179054054054057,%,0.0693306522704367,1.0
20140728,VIX,12.56,-1.0244286840031425,%,-0.010297120686243577,3.0
20140729,VIX,13.28,5.73248407643312,%,0.055741983008235164,1.0
20140730,VIX,13.33,0.3765060240964013,%,0.0037579901423296655,1.0
20140731,VIX,16.95,27.156789197299315,%,0.24025069963584186,1.0
20140801,VIX,17.03,0.4719764011799521,%,0.004708660848137756,1.0
20140804,VIX,15.12,-11.215502055196724,%,-0.11895812392321012,3.0
20140805,VIX,16.87,11.574074074074092,%,0.10951852580649016,1.0
20140806,VIX,16.37,-2.9638411381149976,%,-0.030086505174833404,1.0
20140807,VIX,16.66,1.7715332926084182,%,0.01756024535565298,1.0
20140808,VIX,15.77,-5.342136854741897,%,-0.05490123576374962,1.0
20140811,VIX,14.23,-9.765377298668355,%,-0.10275698887318598,3.0
20140812,VIX,14.13,-0.7027406886858767,%,-0.007052215405324947,1.0
20140813,VIX,12.9,-8.704883227176218,%,-0.09107288532880962,1.0
20140814,VIX,12.42,-3.7209302325581395,%,-0.037919234862293726,1.0
20140815,VIX,13.15,5.8776167471819685,%,0.05711368211844089,1.0
20140818,VIX,12.32,-6.311787072243346,%,-0.06519780051839985,3.0
20140819,VIX,12.21,-0.8928571428571397,%,-0.008968669982760375,1.0
20140820,VIX,11.78,-3.521703521703534,%,-0.03585210989917279,1.0
20140821,VIX,11.76,-0.1697792869269965,%,-0.0016992357529598016,1.0
20140822,VIX,11.47,-2.4659863945578175,%,-0.02496901132920148,1.0
20140825,VIX,11.7,2.005231037489086,%,0.019853910662430953,3.0
20140826,VIX,11.63,-0.5982905982905851,%,-0.006000875273137245,1.0
20140827,VIX,11.78,1.2897678417884695,%,0.012815211692867506,1.0
20140828,VIX,12.05,2.292020373514436,%,0.022661481713223405,1.0
20140829,VIX,11.98,-0.5809128630705374,%,-0.005826067249360691,1.0
20140902,VIX,12.25,2.2537562604340478,%,0.022287344303432613,4.0
20140903,VIX,12.36,0.897959183673458,%,0.008939515038808608,1.0
20140904,VIX,12.64,2.265372168284796,%,0.022400936689166713,1.0
20140905,VIX,12.09,-4.351265822784811,%,-0.044487724092010066,1.0
20140908,VIX,12.66,4.714640198511177,%,0.04606875208932893,3.0
20140909,VIX,13.5,6.635071090047395,%,0.06424226872835366,1.0
20140910,VIX,12.88,-4.592592592592581,%,-0.04701396476817609,1.0
20140911,VIX,12.8,-0.6211180124223614,%,-0.006230549750636086,1.0
20140912,VIX,13.31,3.9843749999999956,%,0.03907046148144874,1.0
20140915,VIX,14.12,6.08564988730278,%,0.059076599658075754,3.0
20140916,VIX,12.73,-9.8441926345609,%,-0.10363081949578079,1.0
20140917,VIX,12.65,-0.628436763550666,%,-0.006304197395785893,1.0
20140918,VIX,12.03,-4.901185770750994,%,-0.05025368518694179,1.0
20140919,VIX,12.11,0.6650041562759723,%,0.006628027578413331,1.0
20140922,VIX,13.69,13.04706853839801,%,0.12263408173535656,3.0
20140923,VIX,14.93,9.057706355003647,%,0.08670697225074145,1.0
20140924,VIX,13.27,-11.118553248492969,%,-0.11786676320698289,1.0
20140925,VIX,15.64,17.85983421250943,%,0.16432588677304896,1.0
20140926,VIX,14.85,-5.051150895140665,%,-0.05183186986845641,1.0
20140929,VIX,15.98,7.609427609427621,%,0.0733380750894201,3.0
20140930,VIX,16.31,2.0650813516895905,%,0.02044047629479368,1.0
20141001,VIX,16.71,2.4524831391784296,%,0.024228925974379954,1.0
20141002,VIX,16.16,-3.291442250149612,%,-0.03346828951435304,1.0
20141003,VIX,14.55,-9.962871287128705,%,-0.10494805947544772,1.0
20141006,VIX,15.46,6.254295532646048,%,0.06066504954177438,3.0
20141007,VIX,17.2,11.254851228978001,%,0.10665334066013141,1.0
20141008,VIX,15.11,-12.15116279069768,%,-0.1295526075347592,1.0
20141009,VIX,18.76,24.1561879549967,%,0.21637016729343048,1.0
20141010,VIX,21.24,13.219616204690809,%,0.12415925279565927,1.0
20141013,VIX,24.64,16.00753295668551,%,0.14848494229158105,3.0
20141014,VIX,22.79,-7.508116883116889,%,-0.0780492954077262,1.0
20141015,VIX,26.25,15.182097411145246,%,0.14134414578003993,1.0
20141016,VIX,25.2,-4.0000000000000036,%,-0.040821994520255166,1.0
20141017,VIX,21.99,-12.738095238095237,%,-0.1362561899507078,1.0
20141020,VIX,18.57,-15.5525238744884,%,-0.16904042920205534,3.0
20141021,VIX,16.08,-13.408723747980622,%,-0.1439711116137942,1.0
20141022,VIX,17.87,11.13184079601992,%,0.10554706542051655,1.0
20141023,VIX,16.53,-7.498601007274763,%,-0.07794641733840388,1.0
20141024,VIX,16.11,-2.5408348457350405,%,-0.025736714644049936,1.0
20141027,VIX,16.04,-0.4345127250155234,%,-0.004354594750514625,3.0
20141028,VIX,14.39,-10.28678304239401,%,-0.10855208153909193,1.0
20141029,VIX,15.15,5.281445448227928,%,0.05146701105610162,1.0
20141030,VIX,14.52,-4.158415841584162,%,-0.042473522558728154,1.0
20141031,VIX,14.03,-3.374655647382918,%,-0.034329115282280435,1.0
20141103,VIX,14.73,4.989308624376343,%,0.04868833636016939,3.0
20141104,VIX,14.89,1.0862186014935604,%,0.010803616221378811,1.0
20141105,VIX,14.17,-4.835460040295503,%,-0.049562792993328574,1.0
20141106,VIX,13.67,-3.5285815102328866,%,-0.035923402966730876,1.0
20141107,VIX,13.12,-4.023408924652527,%,-0.041065867219915245,1.0
20141110,VIX,12.67,-3.429878048780488,%,-0.034900789182895305,3.0
20141111,VIX,12.92,1.9731649565903675,%,0.019539504021408072,1.0
20141112,VIX,13.02,0.7739938080495223,%,0.0077101384259672615,1.0
20141113,VIX,13.79,5.913978494623651,%,0.057457055024787214,1.0
20141114,VIX,13.31,-3.4807831762146413,%,-0.035428059398190104,1.0
20141117,VIX,13.99,5.108940646130722,%,0.049827156270369474,3.0
20141118,VIX,13.86,-0.9292351679771271,%,-0.00933579491563264,1.0
20141119,VIX,13.96,0.721500721500723,%,0.007189103572469256,1.0
20141120,VIX,13.58,-2.7220630372492893,%,-0.027597975203676402,1.0
20141121,VIX,12.9,-5.007363770250361,%,-0.05137081076292357,1.0
20141124,VIX,12.62,-2.170542635658923,%,-0.021944454254559417,3.0
20141125,VIX,12.25,-2.931854199683037,%,-0.02975692012233105,1.0
20141126,VIX,12.07,-1.4693877551020362,%,-0.014802901881295811,1.0
20141128,VIX,13.33,10.439105219552602,%,0.0992940990811771,2.0
20141201,VIX,14.29,7.201800450112517,%,0.06954285775115863,3.0
20141202,VIX,12.85,-10.076976906927914,%,-0.10621618060054716,1.0
20141203,VIX,12.47,-2.957198443579756,%,-0.030018051649283613,1.0
20141204,VIX,12.38,-0.7217321571772239,%,-0.007243492435495025,1.0
20141205,VIX,11.82,-4.523424878836835,%,-0.046289255278497914,1.0
20141208,VIX,14.21,20.21996615905246,%,0.18415293013105719,3.0
20141209,VIX,14.89,4.785362420830408,%,0.046743904586908414,1.0
20141210,VIX,18.53,24.445936870382813,%,0.21870119360135082,1.0
20141211,VIX,20.08,8.364813815434413,%,0.08033325452625988,1.0
20141212,VIX,21.08,4.980079681274896,%,0.04860042884963309,1.0
20141215,VIX,20.42,-3.1309297912713308,%,-0.03180991093664191,3.0
20141216,VIX,23.57,15.426052889324193,%,0.14345990421152027,1.0
20141217,VIX,19.44,-17.522274077216792,%,-0.19264191791574664,1.0
20141218,VIX,16.81,-13.528806584362151,%,-0.14535885161176892,1.0
20141219,VIX,16.49,-1.9036287923854922,%,-0.01921981084901678,1.0
20141222,VIX,15.25,-7.519708914493628,%,-0.07817463351808686,3.0
20141223,VIX,14.8,-2.950819672131144,%,-0.029952322283351217,1.0
20141224,VIX,14.37,-2.9054054054054146,%,-0.029484480679135915,1.0
20141226,VIX,14.5,0.9046624913013224,%,0.00900594933559516,2.0
20141229,VIX,15.06,3.86206896551724,%,0.03789357294521879,3.0
20141230,VIX,15.92,5.710491367861881,%,0.055533958044489386,1.0
20141231,VIX,19.2,20.603015075376874,%,0.1873340986174988,1.0
20150102,VIX,17.79,-7.343750000000004,%,-0.07627377735599214,2.0
20150105,VIX,19.92,11.97301854974706,%,0.1130877504787085,3.0
20150106,VIX,21.12,6.024096385542155,%,0.05849620668160842,1.0
20150107,VIX,19.31,-8.570075757575768,%,-0.08959736239763777,1.0
20150108,VIX,17.01,-11.910926980838932,%,-0.12682169003265253,1.0
20150109,VIX,17.55,3.1746031746031633,%,0.031252543504104315,1.0
20150112,VIX,19.6,11.680911680911677,%,0.11047561632459668,3.0
20150113,VIX,20.56,4.8979591836734615,%,0.047817874350492735,1.0
20150114,VIX,21.48,4.474708171206232,%,0.04377482905369964,1.0
20150115,VIX,22.39,4.236499068901312,%,0.041492160969999595,1.0
20150116,VIX,20.95,-6.431442608307281,%,-0.06647578424251673,1.0
20150120,VIX,19.89,-5.059665871121711,%,-0.05192155350226582,4.0
20150121,VIX,18.85,-5.228758169934633,%,-0.053704178971860986,1.0
20150122,VIX,16.4,-12.997347480106114,%,-0.13923157906386718,1.0
20150123,VIX,16.66,1.585365853658538,%,0.015729301908543908,1.0
20150126,VIX,15.52,-6.842737094837936,%,-0.07088112198362395,3.0
20150127,VIX,17.22,10.953608247422686,%,0.1039419842445121,1.0
20150128,VIX,20.44,18.699186991869944,%,0.17142226633591914,1.0
20150129,VIX,18.76,-8.21917808219178,%,-0.08576682175742506,1.0
20150130,VIX,20.97,11.780383795309145,%,0.11136590133574976,1.0
20150202,VIX,19.43,-7.343824511206487,%,-0.07627458152447988,3.0
20150203,VIX,17.33,-10.808028821410199,%,-0.1143791596618341,1.0
20150204,VIX,18.33,5.770340450086553,%,0.05609995812409892,1.0
20150205,VIX,16.85,-8.074195308237842,%,-0.0841884050532427,1.0
20150206,VIX,17.29,2.6112759643916794,%,0.025777642896828285,1.0
20150209,VIX,18.55,7.287449392712553,%,0.07034148935824504,3.0
20150210,VIX,17.23,-7.1159029649595755,%,-0.07381773851360596,1.0
20150211,VIX,16.96,-1.5670342426001183,%,-0.015794420176081264,1.0
20150212,VIX,15.34,-9.551886792452835,%,-0.10039383442464694,1.0
20150213,VIX,14.69,-4.23728813559322,%,-0.04329680575332419,1.0
20150217,VIX,15.8,7.556160653505795,%,0.07284294984713525,4.0
20150218,VIX,15.45,-2.2151898734177333,%,-0.022400936689166772,1.0
20150219,VIX,15.29,-1.035598705501617,%,-0.010409983402783523,1.0
20150220,VIX,14.3,-6.474820143884886,%,-0.06693948267510927,1.0
20150223,VIX,14.56,1.8181818181818077,%,0.018018505502678212,3.0
20150224,VIX,13.69,-5.975274725274737,%,-0.06161240346818252,1.0
20150225,VIX,13.84,1.0956902848794803,%,0.010897310889166048,1.0
20150226,VIX,13.91,0.5057803468208055,%,0.005045055745827997,1.0
20150227,VIX,13.34,-4.0977713874910116,%,-0.04184096544787386,1.0
20150302,VIX,13.04,-2.2488755622188994,%,-0.022745483988970857,3.0
20150303,VIX,13.86,6.288343558282206,%,0.06098543726325025,1.0
20150304,VIX,14.23,2.669552669552666,%,0.026345418340003795,1.0
20150305,VIX,14.04,-1.3352073085031724,%,-0.013442013504096042,1.0
20150306,VIX,15.2,8.26210826210827,%,0.07938502925456571,1.0
20150309,VIX,15.06,-0.9210526315789447,%,-0.009253205480483159,3.0
20150310,VIX,16.69,10.823373173970797,%,0.1027675153019963,1.0
20150311,VIX,16.87,1.0784901138406244,%,0.010727158884133238,1.0
20150312,VIX,15.42,-8.595139300533495,%,-0.08987152842269353,1.0
20150313,VIX,16.0,3.761348897535677,%,0.03692335410459789,1.0
20150316,VIX,15.61,-2.4375000000000036,%,-0.02467698771244058,3.0
20150317,VIX,15.66,0.32030749519538215,%,0.003197956035316293,1.0
20150318,VIX,13.97,-10.791826309067687,%,-0.11419751729378658,1.0
20150319,VIX,14.07,0.7158196134574135,%,0.007132697857427287,1.0
20150320,VIX,13.02,-7.462686567164189,%,-0.07755823434587461,1.0
20150323,VIX,13.41,2.995391705069128,%,0.029514060513164006,3.0
20150324,VIX,13.62,1.5659955257270708,%,0.015538603427779166,1.0
20150325,VIX,15.44,13.362701908957408,%,0.12542224387526374,1.0
20150326,VIX,15.8,2.3316062176165886,%,0.02304839543629109,1.0
20150327,VIX,15.07,-4.620253164556964,%,-0.047303927394517054,1.0
20150330,VIX,14.51,-3.715992037159921,%,-0.03786794574230762,3.0
20150331,VIX,15.29,5.3756030323914405,%,0.05236095304487433,1.0
20150401,VIX,15.11,-1.1772400261608862,%,-0.011842243656322698,1.0
20150402,VIX,14.67,-2.9119788219722054,%,-0.02955218412975787,1.0
20150406,VIX,14.74,0.47716428084525475,%,0.0047602946063001195,4.0
20150407,VIX,14.78,0.27137042062415073,%,0.002710028758865158,1.0
20150408,VIX,13.98,-5.412719891745599,%,-0.05564717871439148,1.0
20150409,VIX,13.09,-6.3662374821173096,%,-0.06577915688385563,1.0
20150410,VIX,12.58,-3.8961038961038974,%,-0.03974032864951411,1.0
20150413,VIX,13.94,10.81081081081081,%,0.10265415406008337,3.0
20150414,VIX,13.67,-1.9368723098995622,%,-0.019558754596519557,1.0
20150415,VIX,12.84,-6.07168983174835,%,-0.06263835247404304,1.0
20150416,VIX,12.6,-1.869158878504673,%,-0.018868484304382805,1.0
20150417,VIX,13.89,10.238095238095246,%,0.09747234280882015,1.0
20150420,VIX,13.3,-4.247660187185021,%,-0.04340512153854427,3.0
20150421,VIX,13.25,-0.3759398496240629,%,-0.0037664827954768934,1.0
20150422,VIX,12.71,-4.075471698113198,%,-0.04160846723086843,1.0
20150423,VIX,12.48,-1.8095987411487102,%,-0.018261722260081163,1.0
20150424,VIX,12.29,-1.5224358974359031,%,-0.015341439363338212,1.0
20150427,VIX,13.12,6.753458096013021,%,0.06535185993799955,3.0
20150428,VIX,12.41,-5.4115853658536555,%,-0.055635184299427105,1.0
20150429,VIX,13.39,7.89685737308623,%,0.07600556048656538,1.0
20150430,VIX,14.55,8.663181478715455,%,0.08308283391442033,1.0
20150501,VIX,12.7,-12.714776632302415,%,-0.13598900015295606,1.0
20150504,VIX,12.85,1.1811023622047223,%,0.011741817876683195,3.0
20150505,VIX,14.31,11.36186770428016,%,0.10761478222713078,1.0
20150506,VIX,15.15,5.870020964360578,%,0.05704193838701853,1.0
20150507,VIX,15.13,-0.13201320132012473,%,-0.0013210041551135253,1.0
20150508,VIX,12.86,-15.003304692663589,%,-0.16255780899079128,1.0
20150511,VIX,13.85,7.698289269051317,%,0.07416351382387414,3.0
20150512,VIX,13.86,0.07220216606498298,%,0.0007217611284096771,1.0
20150513,VIX,13.76,-0.721500721500723,%,-0.0072411612565595855,1.0
20150514,VIX,12.74,-7.412790697674421,%,-0.07701918236118034,1.0
20150515,VIX,12.38,-2.8257456828885363,%,-0.028664382887567206,1.0
20150518,VIX,12.73,2.8271405492730217,%,0.027879145312865113,3.0
20150519,VIX,12.85,0.9426551453259879,%,0.009382398771913518,1.0
20150520,VIX,12.88,0.23346303501945442,%,0.0023319093349787427,1.0
20150521,VIX,12.11,-5.978260869565233,%,-0.06164416311120684,1.0
20150522,VIX,12.13,0.16515276630884035,%,0.0016501653909579254,1.0
20150526,VIX,14.06,15.910964550700735,%,0.14765216342656,4.0
20150527,VIX,13.27,-5.618776671408254,%,-0.057828038038402745,1.0
20150528,VIX,13.31,0.30143180105501877,%,0.003009784062904197,1.0
20150529,VIX,13.84,3.981968444778361,%,0.039047317782503234,1.0
20150601,VIX,13.97,0.9393063583815087,%,0.009349223079347,3.0
20150602,VIX,14.24,1.932712956334992,%,0.019142732714959147,1.0
20150603,VIX,13.66,-4.07303370786517,%,-0.04158305184118572,1.0
20150604,VIX,14.71,7.686676427525629,%,0.07405568047070221,1.0
20150605,VIX,14.21,-3.3990482664853827,%,-0.034581592504336865,1.0
20150608,VIX,15.29,7.600281491907102,%,0.07325307783196161,3.0
20150609,VIX,14.47,-5.3629823413996025,%,-0.05512147929757839,1.0
20150610,VIX,13.22,-8.638562543192807,%,-0.0903467062198522,1.0
20150611,VIX,12.85,-2.7987897125567374,%,-0.028387023082311474,1.0
20150612,VIX,13.78,7.237354085603109,%,0.06987445424428368,1.0
20150615,VIX,15.39,11.683599419448477,%,0.11049968226527535,3.0
20150616,VIX,14.81,-3.7686809616634176,%,-0.03841531957108044,1.0
20150617,VIX,14.5,-2.0931802835921665,%,-0.021153978853178688,1.0
20150618,VIX,13.19,-9.034482758620687,%,-0.09468968269730546,1.0
20150619,VIX,13.96,5.837755875663397,%,0.056737130605003336,1.0
20150622,VIX,12.74,-8.739255014326652,%,-0.09144944719020918,3.0
20150623,VIX,12.11,-4.94505494505495,%,-0.05071509257901645,1.0
20150624,VIX,13.26,9.496284062758065,%,0.09072042719271568,1.0
20150625,VIX,14.01,5.65610859728507,%,0.0550193755911992,1.0
20150626,VIX,14.02,0.07137758743753775,%,0.0007135212575283284,1.0
20150629,VIX,18.85,34.45078459343796,%,0.2960280322875758,3.0
20150630,VIX,18.23,-3.2891246684350173,%,-0.033444325203448144,1.0
20150701,VIX,16.09,-11.738891936368622,%,-0.12487062768627982,1.0
20150702,VIX,16.79,4.350528278433807,%,0.04258551008515759,1.0
20150706,VIX,17.01,1.3103037522334882,%,0.013017935318321098,4.0
20150707,VIX,16.09,-5.408583186360971,%,-0.05560344540347863,1.0
20150708,VIX,19.66,22.187694220012432,%,0.20038815371472868,1.0
20150709,VIX,19.97,1.5768056968463728,%,0.0156450327087032,1.0
20150710,VIX,16.83,-15.723585378067106,%,-0.17106813922500927,1.0
20150713,VIX,13.9,-17.409387997623284,%,-0.19127416806606845,3.0
20150714,VIX,13.37,-3.812949640287777,%,-0.03887544902279434,1.0
20150715,VIX,13.23,-1.0471204188481575,%,-0.010526412986987392,1.0
20150716,VIX,12.11,-8.465608465608476,%,-0.08845542056186355,1.0
20150717,VIX,11.95,-1.3212221304706895,%,-0.013300279187481253,1.0
20150720,VIX,12.25,2.5104602510460206,%,0.024794658613216274,3.0
20150721,VIX,12.22,-0.2448979591836653,%,-0.002451983247286645,1.0
20150722,VIX,12.12,-0.8183306055646544,%,-0.008216973102280934,1.0
20150723,VIX,12.64,4.290429042904309,%,0.04200940807754315,1.0
20150724,VIX,13.74,8.702531645569621,%,0.08344489807549194,1.0
20150727,VIX,15.6,13.53711790393013,%,0.12695962746128805,3.0
20150728,VIX,13.44,-13.846153846153852,%,-0.14903557916048796,1.0
20150729,VIX,12.5,-6.994047619047617,%,-0.07250669078674801,1.0
20150730,VIX,12.13,-2.959999999999996,%,-0.030046921352296637,1.0
20150731,VIX,12.12,-0.08244023083265883,%,-0.0008247423147904947,1.0
20150803,VIX,12.56,3.630363036303641,%,0.03566018039888433,3.0
20150804,VIX,13.0,3.5031847133757843,%,0.034432196421484006,1.0
20150805,VIX,12.51,-3.769230769230769,%,-0.038421032982716964,1.0
20150806,VIX,13.77,10.07194244604317,%,0.09596398826174374,1.0
20150807,VIX,13.39,-2.7596223674654974,%,-0.027984153037482265,1.0
20150810,VIX,12.23,-8.663181478715465,%,-0.0906162100040002,3.0
20150811,VIX,13.71,12.101390024529856,%,0.11423354387514215,1.0
20150812,VIX,13.61,-0.7293946024799491,%,-0.007320676910848394,1.0
20150813,VIX,13.49,-0.881704628949298,%,-0.00885614644371015,1.0
20150814,VIX,12.83,-4.892512972572272,%,-0.05016249159211941,1.0
20150817,VIX,13.02,1.480904130943106,%,0.014700458152878161,3.0
20150818,VIX,13.79,5.913978494623651,%,0.057457055024787214,1.0
20150819,VIX,15.25,10.587382160986225,%,0.10063581124821022,1.0
20150820,VIX,19.14,25.50819672131148,%,0.22720088297138763,1.0
20150821,VIX,28.03,46.447230929989544,%,0.3814949791518887,1.0
20150824,VIX,40.74,45.344273992151265,%,0.37393504562196284,3.0
20150825,VIX,36.02,-11.58566519391261,%,-0.12313607105084966,1.0
20150826,VIX,30.32,-15.824541921154921,%,-0.1722667789736392,1.0
20150827,VIX,26.1,-13.91820580474934,%,-0.14987224644552316,1.0
20150828,VIX,26.05,-0.19157088122605526,%,-0.0019175461292718174,1.0
20150831,VIX,28.43,9.136276391554699,%,0.08742715746353245,3.0
20150901,VIX,31.4,10.446711220541683,%,0.09936296725129928,1.0
20150902,VIX,26.09,-16.91082802547771,%,-0.18525579376557064,1.0
20150903,VIX,25.61,-1.839785358374857,%,-0.018569198937203196,1.0
20150904,VIX,27.8,8.551347130027342,%,0.08205312048515759,1.0
20150908,VIX,24.9,-10.431654676259006,%,-0.1101682172259296,4.0
20150909,VIX,26.23,5.341365461847403,%,0.0520359904081205,1.0
20150910,VIX,24.37,-7.0911170415554725,%,-0.07355092624166747,1.0
20150911,VIX,23.2,-4.8009848173984455,%,-0.04920058896485064,1.0
20150914,VIX,24.25,4.525862068965525,%,0.04426433871122801,3.0
20150915,VIX,22.54,-7.051546391752583,%,-0.07312510877186203,1.0
20150916,VIX,21.35,-5.279503105590056,%,-0.05423976893699661,1.0
20150917,VIX,21.14,-0.983606557377048,%,-0.009884759232541973,1.0
20150918,VIX,22.28,5.392620624408706,%,0.05252243461699172,1.0
20150921,VIX,20.14,-9.605026929982053,%,-0.1009815277686671,3.0
20150922,VIX,22.44,11.420059582919562,%,0.10813719336407931,1.0
20150923,VIX,22.13,-1.3814616755793319,%,-0.01391092659153737,1.0
20150924,VIX,23.47,6.055128784455488,%,0.05878885579997383,1.0
20150925,VIX,23.62,0.639113762249699,%,0.006370800906284285,1.0
20150928,VIX,27.63,16.97713801862828,%,0.1568083281661089,3.0
20150929,VIX,26.83,-2.895403546869346,%,-0.02938147449779241,1.0
20150930,VIX,24.5,-8.684308609765178,%,-0.09084754688685137,1.0
20151001,VIX,22.55,-7.959183673469383,%,-0.0829380516019939,1.0
20151002,VIX,20.94,-7.13968957871397,%,-0.07407386050629657,1.0
20151005,VIX,19.54,-6.685768863419305,%,-0.06919755882775425,3.0
20151006,VIX,19.4,-0.7164790174002067,%,-0.007190580545354254,1.0
20151007,VIX,18.4,-5.154639175257736,%,-0.05292240145434255,1.0
20151008,VIX,17.42,-5.326086956521725,%,-0.05473169319058305,1.0
20151009,VIX,17.08,-1.9517795637198798,%,-0.01971078306393311,1.0
20151012,VIX,16.17,-5.3278688524589946,%,-0.0547505147714081,3.0
20151013,VIX,17.67,9.276437847866426,%,0.08871061274258961,1.0
20151014,VIX,18.03,2.037351443123936,%,0.020168750883620846,1.0
20151015,VIX,16.05,-10.981697171381033,%,-0.11632818763920105,1.0
20151016,VIX,15.05,-6.230529595015577,%,-0.06433085838114014,1.0
20151019,VIX,14.98,-0.46511627906976605,%,-0.004662013105811301,3.0
20151020,VIX,15.75,5.1401869158878455,%,0.0501243871825686,1.0
20151021,VIX,16.7,6.0317460317460325,%,0.05856835415106736,1.0
20151022,VIX,14.45,-13.47305389221557,%,-0.14471430486426826,1.0
20151023,VIX,14.46,0.06920415224913601,%,0.0006918021721774718,1.0
20151026,VIX,15.29,5.7399723374826905,%,0.05581280321035211,3.0
20151027,VIX,15.43,0.915631131458472,%,0.009114646434098561,1.0
20151028,VIX,14.33,-7.1289695398574215,%,-0.073958424534989,1.0
20151029,VIX,14.61,1.9539427773900941,%,0.019350983922527664,1.0
20151030,VIX,15.07,3.1485284052019225,%,0.030999786875796034,1.0
20151102,VIX,14.15,-6.104844061048443,%,-0.06299138854915748,3.0
20151103,VIX,14.54,2.7561837455830407,%,0.027188848016126695,1.0
20151104,VIX,15.51,6.671251719394777,%,0.06458150508307418,1.0
20151105,VIX,15.05,-2.9658284977433835,%,-0.030106985993562638,1.0
20151106,VIX,14.33,-4.784053156146184,%,-0.0490227493548043,1.0
20151109,VIX,16.52,15.282623866015355,%,0.14221652625275155,3.0
20151110,VIX,15.29,-7.445520581113807,%,-0.07737274815186114,1.0
20151111,VIX,16.06,5.035971223021574,%,0.04913268857764459,1.0
20151112,VIX,18.37,14.38356164383563,%,0.13438719070841879,1.0
20151113,VIX,20.08,9.308655416439837,%,0.08900539559649406,1.0
20151116,VIX,18.16,-9.5617529880478,%,-0.10050292165038112,3.0
20151117,VIX,18.84,3.7444933920704804,%,0.03676089597506972,1.0
20151118,VIX,16.85,-10.56263269639065,%,-0.11163161234984618,1.0
20151119,VIX,16.99,0.8308605341246222,%,0.008274278885469857,1.0
20151120,VIX,15.47,-8.946439081812818,%,-0.09372227109886576,1.0
20151123,VIX,15.62,0.9696186166774368,%,0.00964947982656512,3.0
20151124,VIX,15.93,1.984635083226638,%,0.019651979510417302,1.0
20151125,VIX,15.19,-4.64532328939109,%,-0.04756680731427571,1.0
20151127,VIX,15.12,-0.4608294930875556,%,-0.0046189458562945285,2.0
20151130,VIX,16.13,6.679894179894186,%,0.06466252138573061,3.0
20151201,VIX,14.67,-9.051456912585243,%,-0.09487629998222712,1.0
20151202,VIX,15.91,8.45262440354464,%,0.08114325019480506,1.0
20151203,VIX,18.11,13.827781269641726,%,0.12951642954562642,1.0
20151204,VIX,14.81,-18.221976808393148,%,-0.20116164361561453,1.0
20151207,VIX,15.84,6.954760297096563,%,0.06723575810657244,3.0
20151208,VIX,17.6,11.111111111111116,%,0.10536051565782635,1.0
20151209,VIX,19.61,11.420454545454529,%,0.10814073816414865,1.0
20151210,VIX,19.34,-1.37684854665987,%,-0.013864150183106671,1.0
20151211,VIX,24.39,26.11168562564634,%,0.23199772220268075,1.0
20151214,VIX,22.73,-6.806068060680603,%,-0.07048757436337705,3.0
20151215,VIX,20.95,-7.831060272767276,%,-0.08154699149630519,1.0
20151216,VIX,17.86,-14.74940334128878,%,-0.15957507091979373,1.0
20151217,VIX,18.94,6.047032474804048,%,0.05871251230957936,1.0
20151218,VIX,20.7,9.2925026399155,%,0.088857612513391,1.0
20151221,VIX,18.7,-9.661835748792269,%,-0.10161017641078243,3.0
20151222,VIX,16.6,-11.229946524064161,%,-0.11912082849804327,1.0
20151223,VIX,15.57,-6.204819277108442,%,-0.06405670951659068,1.0
20151224,VIX,15.74,1.0918432883750828,%,0.010859257143350232,1.0
20151228,VIX,16.91,7.4332909783989765,%,0.0716999199212317,4.0
20151229,VIX,16.08,-4.908338261383804,%,-0.050328899159668705,1.0
20151230,VIX,17.29,7.524875621890548,%,0.07255203594437883,1.0
20151231,VIX,18.21,5.320994794679024,%,0.051842594044317625,1.0
20160104,VIX,20.7,13.673805601317945,%,0.1281628065318067,4.0
20160105,VIX,19.34,-6.570048309178745,%,-0.06795821024617513,1.0
20160106,VIX,20.59,6.463288521199595,%,0.06263003101454989,1.0
20160107,VIX,24.99,21.369596891694997,%,0.19367022380716292,1.0
20160108,VIX,27.01,8.083233293317349,%,0.0777314229576634,1.0
20160111,VIX,24.3,-10.033320992225104,%,-0.10573081745802144,3.0
20160112,VIX,22.47,-7.530864197530873,%,-0.07829526414926506,1.0
20160113,VIX,25.22,12.238540275923459,%,0.11545624433953575,1.0
20160114,VIX,23.95,-5.035685963521008,%,-0.05166900667984919,1.0
20160115,VIX,27.02,12.818371607515665,%,0.12060900867512864,1.0
20160119,VIX,26.05,-3.589933382679489,%,-0.03655956433267679,4.0
20160120,VIX,27.59,5.911708253358916,%,0.0574356200298187,1.0
20160121,VIX,26.69,-3.262051467923155,%,-0.03316442481276189,1.0
20160122,VIX,22.34,-16.29823904083927,%,-0.17791016977537816,1.0
20160125,VIX,24.15,8.102059086839741,%,0.07790558645752697,3.0
20160126,VIX,22.5,-6.832298136645953,%,-0.07076907088820715,1.0
20160127,VIX,23.11,2.7111111111111086,%,0.026750115075914887,1.0
20160128,VIX,22.42,-2.985720467330155,%,-0.030312006642275457,1.0
20160129,VIX,20.2,-9.901873327386268,%,-0.10427081323685485,1.0
20160201,VIX,19.98,-1.089108910891079,%,-0.010950831186751515,3.0
20160202,VIX,21.98,10.010010010010006,%,0.09540117575506782,1.0
20160203,VIX,21.65,-1.50136487716106,%,-0.015127494526976495,1.0
20160204,VIX,21.84,0.877598152424941,%,0.008737696428205427,1.0
20160205,VIX,23.38,7.051282051282048,%,0.06813780516721804,1.0
20160208,VIX,26.0,11.206159110350722,%,0.10621558197755965,3.0
20160209,VIX,26.54,2.076923076923065,%,0.02055649088257929,1.0
20160210,VIX,26.29,-0.9419743782969059,%,-0.009464390162271564,1.0
20160211,VIX,28.14,7.036896158235084,%,0.06800341294445328,1.0
20160212,VIX,25.4,-9.737029140014219,%,-0.10244287766175215,1.0
20160216,VIX,24.11,-5.07874015748031,%,-0.05212248183141117,4.0
20160217,VIX,22.31,-7.465781833264207,%,-0.07759168374863855,1.0
20160218,VIX,21.64,-3.003137606454498,%,-0.030491554466160302,1.0
20160219,VIX,20.53,-5.1293900184842816,%,-0.05265622294743849,1.0
20160222,VIX,19.38,-5.601558694593289,%,-0.05764562456822215,3.0
20160223,VIX,20.98,8.255933952528395,%,0.07932799650553107,1.0
20160224,VIX,20.72,-1.2392755004766554,%,-0.012470185576868917,1.0
20160225,VIX,19.11,-7.770270270270263,%,-0.08088765913910057,1.0
20160226,VIX,19.81,3.66300366300365,%,0.035975102458277765,1.0
20160229,VIX,20.55,3.7354871277132773,%,0.03667408023178406,3.0
20160301,VIX,17.7,-13.868613138686136,%,-0.14929630136246022,1.0
20160302,VIX,17.09,-3.446327683615813,%,-0.03507114245228387,1.0
20160303,VIX,16.7,-2.2820362785254567,%,-0.02308477770479013,1.0
20160304,VIX,16.86,0.9580838323353325,%,0.009535233151000005,1.0
20160307,VIX,17.35,2.906287069988145,%,0.028648553819158873,3.0
20160308,VIX,18.67,7.60806916426513,%,0.07332545116076306,1.0
20160309,VIX,18.34,-1.7675415104445702,%,-0.017833490725312522,1.0
20160310,VIX,18.05,-1.5812431842966101,%,-0.01593878204942877,1.0
20160311,VIX,16.5,-8.58725761772854,%,-0.08978530387235507,1.0
20160314,VIX,16.92,2.545454545454562,%,0.025135973271542454,3.0
20160315,VIX,16.84,-0.47281323877069736,%,-0.0047393453638966705,1.0
20160316,VIX,14.99,-10.985748218527313,%,-0.1163736966996743,1.0
20160317,VIX,14.44,-3.6691127418278846,%,-0.03738117864982616,1.0
20160318,VIX,14.02,-2.908587257617723,%,-0.02951725185823608,1.0
20160321,VIX,13.79,-1.6405135520684788,%,-0.01654118980123364,3.0
20160322,VIX,14.17,2.7556200145032683,%,0.027183361897378674,1.0
20160323,VIX,14.94,5.43401552575864,%,0.05291512600208213,1.0
20160324,VIX,14.74,-1.338688085676032,%,-0.013477292943480646,1.0
20160328,VIX,15.24,3.3921302578018953,%,0.03335866349730963,4.0
20160329,VIX,13.82,-9.317585301837273,%,-0.0978067319189764,1.0
20160330,VIX,13.56,-1.881331403762665,%,-0.018992535827274348,1.0
20160331,VIX,13.95,2.8761061946902533,%,0.028355225755125005,1.0
20160401,VIX,13.1,-6.093189964157708,%,-0.0628672780602688,1.0
20160404,VIX,14.12,7.78625954198473,%,0.07498000185799013,3.0
20160405,VIX,15.42,9.206798866855536,%,0.08807313607008753,1.0
20160406,VIX,14.09,-8.625162127107656,%,-0.09020004222459461,1.0
20160407,VIX,16.16,14.691270404542234,%,0.13707372718236052,1.0
20160408,VIX,15.36,-4.950495049504955,%,-0.05077232537342326,1.0
20160411,VIX,16.26,5.859375000000022,%,0.05694137640013863,3.0
20160412,VIX,14.85,-8.671586715867175,%,-0.09070823887095608,1.0
20160413,VIX,13.84,-6.8013468013467975,%,-0.07043691505918508,1.0
20160414,VIX,13.72,-0.8670520231213841,%,-0.008708327891784308,1.0
20160415,VIX,13.62,-0.7288629737609464,%,-0.007315321576372994,1.0
20160418,VIX,13.35,-1.9823788546255439,%,-0.020022915875107704,3.0
20160419,VIX,13.24,-0.8239700374531811,%,-0.00827383433739636,1.0
20160420,VIX,13.28,0.302114803625364,%,0.0030165935394255057,1.0
20160421,VIX,13.95,5.0451807228915735,%,0.04922036421908691,1.0
20160422,VIX,13.22,-5.232974910394262,%,-0.05374867384383437,1.0
20160425,VIX,14.08,6.5052950075642935,%,0.06302451630635608,3.0
20160426,VIX,13.96,-0.8522727272727182,%,-0.008559253395669836,1.0
20160427,VIX,13.77,-1.3610315186246558,%,-0.013703784593663077,1.0
20160428,VIX,15.22,10.53013798111837,%,0.10011803969297628,1.0
20160429,VIX,15.7,3.1537450722733062,%,0.031050359920722418,1.0
20160502,VIX,14.68,-6.496815286624202,%,-0.06717468916789283,3.0
20160503,VIX,15.6,6.267029972752036,%,0.06078489106912177,1.0
20160504,VIX,16.05,2.8846153846153966,%,0.028437935320533625,1.0
20160505,VIX,15.91,-0.8722741433021874,%,-0.008761007226329439,1.0
20160506,VIX,14.72,-7.479572595851658,%,-0.07774072904896524,1.0
20160509,VIX,14.57,-1.0190217391304324,%,-0.010242493093616691,3.0
20160510,VIX,13.63,-6.451612903225801,%,-0.06669137449867216,1.0
20160511,VIX,14.69,7.776962582538505,%,0.07489374447734456,1.0
20160512,VIX,14.41,-1.9060585432266852,%,-0.019244580174355222,1.0
20160513,VIX,15.04,4.371963913948629,%,0.042790908510262876,1.0
20160516,VIX,14.68,-2.393617021276595,%,-0.024227295335324237,3.0
20160517,VIX,15.57,6.062670299727535,%,0.05885996265953758,1.0
20160518,VIX,15.95,2.440590879897231,%,0.024112843384946545,1.0
20160519,VIX,16.33,2.3824451410658254,%,0.023545077751520115,1.0
20160520,VIX,15.2,-6.919779546846295,%,-0.07170847913014303,1.0
20160523,VIX,15.82,4.078947368421049,%,0.03997953448727707,3.0
20160524,VIX,14.42,-8.849557522123897,%,-0.09265883048270483,1.0
20160525,VIX,13.9,-3.606102635228847,%,-0.03672729172015693,1.0
20160526,VIX,13.43,-3.3812949640287804,%,-0.0343978296014999,1.0
20160527,VIX,13.12,-2.3082650781831804,%,-0.02335322701920331,1.0
20160531,VIX,14.19,8.155487804878048,%,0.0783997076560083,4.0
20160601,VIX,14.2,0.07047216349542751,%,0.0007044734352638377,1.0
20160602,VIX,13.63,-4.014084507042249,%,-0.040968718898773744,1.0
20160603,VIX,13.47,-1.1738811445341168,%,-0.01180825528616864,1.0
20160606,VIX,13.65,1.3363028953229383,%,0.013274531208696108,3.0
20160607,VIX,14.05,2.930402930402942,%,0.028882874148786146,1.0
20160608,VIX,14.08,0.2135231316725994,%,0.0021329549501415855,1.0
20160609,VIX,14.64,3.9772727272727293,%,0.039002157803269176,1.0
20160610,VIX,17.03,16.32513661202186,%,0.15121898614143145,1.0
20160613,VIX,20.97,23.135642982971216,%,0.20811635023923158,3.0
20160614,VIX,20.5,-2.2412970910824948,%,-0.022667958769466045,1.0
20160615,VIX,20.14,-1.7560975609756113,%,-0.017716998853946276,1.0
20160616,VIX,19.37,-3.8232373386295926,%,-0.038982409871511726,1.0
20160617,VIX,19.41,0.20650490449147796,%,0.002062919762014342,1.0
20160620,VIX,18.37,-5.358062854198864,%,-0.05506949795388458,3.0
20160621,VIX,18.48,0.5988023952095745,%,0.005970166986503754,1.0
20160622,VIX,21.17,14.556277056277068,%,0.13589601893323577,1.0
20160623,VIX,17.25,-18.516769012753908,%,-0.20477294166940516,1.0
20160624,VIX,25.76,49.33333333333334,%,0.40101075775878414,1.0
20160627,VIX,23.85,-7.414596273291929,%,-0.07703868390180268,3.0
20160628,VIX,18.75,-21.383647798742146,%,-0.24059046491793049,1.0
20160629,VIX,16.64,-11.253333333333327,%,-0.11938431702335721,1.0
20160630,VIX,15.63,-6.069711538461542,%,-0.06261729095967733,1.0
20160701,VIX,14.77,-5.5022392834293115,%,-0.0565940478900969,1.0
20160705,VIX,15.58,5.484089370345302,%,0.05338994389931384,4.0
20160706,VIX,14.96,-3.979460847240046,%,-0.040608067896270965,1.0
20160707,VIX,14.76,-1.3368983957219305,%,-0.0134591533740048,1.0
20160708,VIX,13.2,-10.569105691056912,%,-0.11170398958000129,1.0
20160711,VIX,13.54,2.5757575757575646,%,0.025431437891803656,3.0
20160712,VIX,13.55,0.07385524372232055,%,0.0007382798415811346,1.0
20160713,VIX,13.04,-3.7638376383763994,%,-0.038364990827203176,1.0
20160714,VIX,12.82,-1.6871165644171682,%,-0.017015105005982814,1.0
20160715,VIX,12.67,-1.1700468018720822,%,-0.011769457159476372,1.0
20160718,VIX,12.44,-1.815311760063143,%,-0.018319907022014317,3.0
20160719,VIX,11.97,-3.7781350482315013,%,-0.0385135677411515,1.0
20160720,VIX,11.77,-1.670843776106945,%,-0.01684959829769654,1.0
20160721,VIX,12.74,8.241291418861518,%,0.079192728871832,1.0
20160722,VIX,12.02,-5.651491365777083,%,-0.058174721036955805,1.0
20160725,VIX,12.87,7.071547420965052,%,0.06832709250097371,3.0
20160726,VIX,13.05,1.3986013986014179,%,0.013889112160667311,1.0
20160727,VIX,12.83,-1.685823754789273,%,-0.017001955141157366,1.0
20160728,VIX,12.72,-0.8573655494933718,%,-0.008610620715568944,1.0
20160729,VIX,11.87,-6.682389937106925,%,-0.0691613492903995,1.0
20160801,VIX,12.44,4.802021903959575,%,0.046902878689456834,3.0
20160802,VIX,13.37,7.475884244372999,%,0.0720963038028185,1.0
20160803,VIX,12.86,-3.814510097232604,%,-0.038891672304378413,1.0
20160804,VIX,12.42,-3.4214618973561373,%,-0.03481364230414056,1.0
20160805,VIX,11.39,-8.293075684380025,%,-0.08657229904624185,1.0
20160808,VIX,11.5,0.9657594381035972,%,0.009611257910113585,3.0
20160809,VIX,11.66,1.3913043478260834,%,0.013817145553141903,1.0
20160810,VIX,12.05,3.34476843910807,%,0.032900479014317766,1.0
20160811,VIX,11.68,-3.0705394190871482,%,-0.03118668253658312,1.0
20160812,VIX,11.55,-1.1130136986301276,%,-0.011192540432278356,1.0
20160815,VIX,11.81,2.2510822510822592,%,0.02226119324146847,3.0
20160816,VIX,12.64,7.027942421676547,%,0.06791975850944044,1.0
20160817,VIX,12.19,-3.560126582278489,%,-0.03625044522553129,1.0
20160818,VIX,11.43,-6.234618539786707,%,-0.06437446568646084,1.0
20160819,VIX,11.34,-0.7874015748031482,%,-0.007905179507113261,1.0
20160822,VIX,12.27,8.20105820105821,%,0.07882096042321413,3.0
20160823,VIX,12.38,0.8964955175224221,%,0.00892500853363007,1.0
20160824,VIX,13.45,8.642972536348935,%,0.08289683879139795,1.0
20160825,VIX,13.63,1.3382899628253009,%,0.01329413966059335,1.0
20160826,VIX,13.65,0.14673514306675628,%,0.0014662759225274112,1.0
20160829,VIX,12.94,-5.201465201465205,%,-0.053416232558214274,3.0
20160830,VIX,13.12,1.391035548686248,%,0.013814494443188514,1.0
20160831,VIX,13.42,2.286585365853666,%,0.022608348027592824,1.0
20160901,VIX,13.48,0.44709388971684305,%,0.004460973940625266,1.0
20160902,VIX,11.98,-11.12759643916914,%,-0.1179685127968577,1.0
20160906,VIX,12.02,0.33388981636059967,%,0.003333336419758217,4.0
20160907,VIX,11.94,-0.6655574043261225,%,-0.006677821142605487,1.0
20160908,VIX,12.51,4.773869346733672,%,0.04663421651436378,1.0
20160909,VIX,17.5,39.8880895283773,%,0.33567255645064864,1.0
20160912,VIX,15.16,-13.371428571428567,%,-0.1435405007152427,3.0
20160913,VIX,17.85,17.74406332453826,%,0.1633431280114225,1.0
20160914,VIX,18.14,1.6246498599439718,%,0.016115936461342403,1.0
20160915,VIX,16.3,-10.143329658213895,%,-0.10695433687427393,1.0
20160916,VIX,15.37,-5.7055214723926495,%,-0.058747550262212275,1.0
20160919,VIX,15.53,1.0409889394925154,%,0.010356079610091183,3.0
20160920,VIX,15.92,2.5112685125563416,%,0.024802543255641244,1.0
20160921,VIX,13.3,-16.4572864321608,%,-0.17981214518852884,1.0
20160922,VIX,12.02,-9.624060150375946,%,-0.10119210612064662,1.0
20160923,VIX,12.29,2.2462562396006636,%,0.022213994470881914,1.0
20160926,VIX,14.5,17.982099267697315,%,0.16536272584858527,3.0
20160927,VIX,13.1,-9.6551724137931,%,-0.10153641921942283,1.0
20160928,VIX,12.39,-5.4198473282442645,%,-0.05572253456605468,1.0
20160929,VIX,14.02,13.155770782889409,%,0.12359518596539279,1.0
20160930,VIX,13.29,-5.206847360912981,%,-0.053473008881290064,1.0
20161003,VIX,13.57,2.106847253574129,%,0.02084960112162394,3.0
20161004,VIX,13.63,0.442151805453217,%,0.004411771861663586,1.0
20161005,VIX,12.99,-4.695524578136467,%,-0.04809341502593312,1.0
20161006,VIX,12.84,-1.1547344110854563,%,-0.011614532420693114,1.0
20161007,VIX,13.48,4.984423676012462,%,0.048641807222345866,1.0
20161010,VIX,13.38,-0.7418397626112738,%,-0.0074460507840785626,3.0
20161011,VIX,15.36,14.798206278026903,%,0.1380056730194437,1.0
20161012,VIX,15.91,3.580729166666674,%,0.035181114630169465,1.0
20161013,VIX,16.69,4.902576995600261,%,0.0478618953240483,1.0
20161014,VIX,16.12,-3.4152186938286366,%,-0.03474900059526144,1.0
20161017,VIX,16.21,0.5583126550868567,%,0.0055675986691025815,3.0
20161018,VIX,15.28,-5.73719925971623,%,-0.05908355200921036,1.0
20161019,VIX,14.41,-5.693717277486909,%,-0.0586223737269437,1.0
20161020,VIX,13.75,-4.580152671755721,%,-0.04688358589885038,1.0
20161021,VIX,13.34,-2.9818181818181855,%,-0.030271783625102678,1.0
20161024,VIX,13.02,-2.398800599700157,%,-0.02428040370705455,3.0
20161025,VIX,13.46,3.3794162826420893,%,0.03323568743615856,1.0
20161026,VIX,14.24,5.794947994056465,%,0.05633258176724798,1.0
20161027,VIX,15.36,7.86516853932584,%,0.07571182173569638,1.0
20161028,VIX,16.19,5.403645833333348,%,0.052627039970017796,1.0
20161031,VIX,17.06,5.373687461395904,%,0.05234277437398911,3.0
20161101,VIX,18.56,8.792497069167649,%,0.0842721852945215,1.0
20161102,VIX,19.32,4.094827586206895,%,0.04013210142631741,1.0
20161103,VIX,22.08,14.28571428571428,%,0.13353139262452257,1.0
20161104,VIX,22.51,1.9474637681159646,%,0.019287433509746533,1.0
20161107,VIX,18.71,-16.881386050644164,%,-0.1849015146326427,3.0
20161108,VIX,18.74,0.16034206306787535,%,0.0016021365242778537,1.0
20161109,VIX,14.38,-23.265741728922084,%,-0.2648219245173754,1.0
20161110,VIX,14.74,2.5034770514603677,%,0.024726534468289974,1.0
20161111,VIX,14.17,-3.8670284938941646,%,-0.03943783305860147,1.0
20161114,VIX,14.48,2.1877205363443952,%,0.021641333254981295,3.0
20161115,VIX,13.37,-7.665745856353601,%,-0.0797549958437186,1.0
20161116,VIX,13.72,2.6178010471204383,%,0.025841231183887547,1.0
20161117,VIX,13.35,-2.696793002915454,%,-0.027338237451480653,1.0
20161118,VIX,12.85,-3.745318352059923,%,-0.038172573505029714,1.0
20161121,VIX,12.42,-3.3463035019455245,%,-0.03403573483589609,3.0
20161122,VIX,12.41,-0.08051529790660261,%,-0.0008054772888168686,1.0
20161123,VIX,12.43,0.16116035455278066,%,0.0016103063061039097,1.0
20161125,VIX,12.34,-0.7240547063555924,%,-0.0072668870453780005,2.0
20161128,VIX,13.15,6.564019448946512,%,0.06357574014653176,3.0
20161129,VIX,12.9,-1.9011406844106515,%,-0.01919444725614718,1.0
20161130,VIX,13.33,3.3333333333333215,%,0.032789822822990755,1.0
20161201,VIX,14.07,5.551387846961742,%,0.0540277369356804,1.0
20161202,VIX,14.12,0.3553660270078085,%,0.0035473609387982347,1.0
20161205,VIX,12.14,-14.0226628895184,%,-0.15108644643374367,3.0
20161206,VIX,11.79,-2.883031301482708,%,-0.02925407108207271,1.0
20161207,VIX,12.22,3.647158608990675,%,0.035822239194169755,1.0
20161208,VIX,12.64,3.436988543371511,%,0.03379243497526199,1.0
20161209,VIX,11.75,-7.041139240506333,%,-0.07301314812854344,1.0
20161212,VIX,12.64,7.574468085106378,%,0.07301314812854336,3.0
20161213,VIX,12.72,0.6329113924050667,%,0.006309169193264756,1.0
20161214,VIX,13.19,3.6949685534591215,%,0.03628340881724716,1.0
20161215,VIX,12.79,-3.0326004548900665,%,-0.03079535113847189,1.0
20161216,VIX,12.2,-4.612978889757624,%,-0.04722766385154046,1.0
20161219,VIX,11.71,-4.016393442622935,%,-0.04099277412958473,3.0
20161220,VIX,11.45,-2.220324508966709,%,-0.02245344760937746,1.0
20161221,VIX,11.27,-1.5720524017467263,%,-0.015845401948563737,1.0
20161222,VIX,11.43,1.4196983141082642,%,0.014097149755034476,1.0
20161223,VIX,11.44,0.08748906386701893,%,0.0008745081449325757,1.0
20161227,VIX,11.99,4.807692307692313,%,0.04695698308777108,4.0
20161228,VIX,12.95,8.006672226855716,%,0.07702281910612391,1.0
20161229,VIX,13.37,3.2432432432432323,%,0.031917602968304946,1.0
20161230,VIX,14.04,5.011219147344792,%,0.048897007483813155,1.0
20170103,VIX,12.85,-8.475783475783471,%,-0.08856658725643621,4.0
20170104,VIX,11.85,-7.782101167315181,%,-0.08101594376008868,1.0
20170105,VIX,11.67,-1.518987341772149,%,-0.015306421282675545,1.0
20170106,VIX,11.32,-2.999143101970858,%,-0.030450373523427665,1.0
20170109,VIX,11.56,2.1201413427561766,%,0.020979790469194466,3.0
20170110,VIX,11.49,-0.6055363321799345,%,-0.006073771383567135,1.0
20170111,VIX,11.26,-2.0017406440382968,%,-0.020220469149120016,1.0
20170112,VIX,11.54,2.48667850799289,%,0.024562638368409127,1.0
20170113,VIX,11.23,-2.6863084922010283,%,-0.02723049232960157,1.0
20170117,VIX,11.87,5.699020480854844,%,0.05542543987122477,4.0
20170118,VIX,12.48,5.139005897219895,%,0.05011315431970506,1.0
20170119,VIX,12.78,2.4038461538461453,%,0.023754086008107057,1.0
20170120,VIX,11.54,-9.702660406885766,%,-0.10206218786943531,1.0
20170123,VIX,11.77,1.9930675909878737,%,0.019734660192231898,3.0
20170124,VIX,11.07,-5.947323704333041,%,-0.06131517455163974,1.0
20170125,VIX,10.81,-2.3486901535682003,%,-0.02376711506942858,1.0
20170126,VIX,10.63,-1.6651248843663202,%,-0.016791439297260277,1.0
20170127,VIX,10.58,-0.47036688617122513,%,-0.0047147659237033535,1.0
20170130,VIX,11.88,12.287334593572785,%,0.1158908875043456,3.0
20170131,VIX,11.99,0.92592592592593,%,0.009216655104924048,1.0
20170201,VIX,11.81,-1.5012510425354453,%,-0.01512633883015193,1.0
20170202,VIX,11.93,1.01608806096527,%,0.010109605900553674,1.0
20170203,VIX,10.97,-8.04694048616932,%,-0.08389196182268584,1.0
20170206,VIX,11.37,3.6463081130355457,%,0.035814033475305734,3.0
20170207,VIX,11.29,-0.7036059806508344,%,-0.00706092960087401,1.0
20170208,VIX,11.45,1.417183348095663,%,0.014072351838678037,1.0
20170209,VIX,10.88,-4.97816593886462,%,-0.051063488572452,1.0
20170210,VIX,10.85,-0.27573529411766273,%,-0.0027611614413281683,1.0
20170213,VIX,11.07,2.027649769585249,%,0.02007366673407691,3.0
20170214,VIX,10.74,-2.981029810298108,%,-0.030263657639826934,1.0
20170215,VIX,11.97,11.45251396648046,%,0.10842843048916327,1.0
20170216,VIX,11.76,-1.7543859649122862,%,-0.017699577099400975,1.0
20170217,VIX,11.49,-2.2959183673469385,%,-0.023226850609816545,1.0
20170221,VIX,11.57,0.6962576153176636,%,0.006938449344920854,4.0
20170222,VIX,11.74,1.4693171996542853,%,0.014586273194365252,1.0
20170223,VIX,11.71,-0.25553662691651935,%,-0.0025586367903243624,1.0
20170224,VIX,11.47,-2.0495303159692613,%,-0.020708246468346694,1.0
20170227,VIX,12.09,5.405405405405395,%,0.05264373348542188,3.0
20170228,VIX,12.92,6.865177832919778,%,0.06639783372775457,1.0
20170301,VIX,12.54,-2.941176470588236,%,-0.02985296314968116,1.0
20170302,VIX,11.81,-5.821371610845283,%,-0.05997690499550357,1.0
20170303,VIX,10.96,-7.197290431837422,%,-0.07469434868940142,1.0
20170306,VIX,11.24,2.5547445255474477,%,0.025226562945675563,3.0
20170307,VIX,11.45,1.868327402135228,%,0.01851088553470361,1.0
20170308,VIX,11.86,3.580786026200866,%,0.03518166356933067,1.0
20170309,VIX,12.3,3.7099494097807773,%,0.03642786880879243,1.0
20170310,VIX,11.66,-5.203252032520334,%,-0.05343508145602558,1.0
20170313,VIX,11.35,-2.6586620926243643,%,-0.026946436994934715,3.0
20170314,VIX,12.3,8.370044052863456,%,0.08038151845096032,1.0
20170315,VIX,11.63,-5.447154471544713,%,-0.05601129584779873,1.0
20170316,VIX,11.21,-3.6113499570077368,%,-0.03678172944650449,1.0
20170317,VIX,11.28,0.6244424620874156,%,0.006225008985844233,1.0
20170320,VIX,11.34,0.5319148936170359,%,0.005305052229693319,3.0
20170321,VIX,12.47,9.964726631393294,%,0.09498946139233903,1.0
20170322,VIX,12.81,2.7265437048917374,%,0.026900356216697768,1.0
20170323,VIX,13.12,2.4199843871974824,%,0.023911667607299916,1.0
20170324,VIX,12.96,-1.2195121951219412,%,-0.012270092591814247,1.0
20170327,VIX,12.5,-3.5493827160493874,%,-0.03613904661587324,3.0
20170328,VIX,11.53,-7.76,%,-0.08077631002728779,1.0
20170329,VIX,11.42,-0.95403295750216,%,-0.009586130053103416,1.0
20170330,VIX,11.54,1.0507880910682887,%,0.01045305685208922,1.0
20170331,VIX,12.37,7.192374350086661,%,0.06945492532444308,1.0
20170403,VIX,12.38,0.08084074373484462,%,0.0008080808520535348,3.0
20170404,VIX,11.79,-4.765751211631675,%,-0.0488305527071706,1.0
20170405,VIX,12.89,9.329940627650558,%,0.08920010240181651,1.0
20170406,VIX,12.39,-3.878975950349106,%,-0.039562121310044926,1.0
20170407,VIX,12.87,3.874092009685226,%,0.03800932596698418,1.0
20170410,VIX,14.05,9.168609168609176,%,0.08772337417171955,3.0
20170411,VIX,15.07,7.259786476868313,%,0.07008361685864918,1.0
20170412,VIX,15.77,4.644990046449893,%,0.04540338833654285,1.0
20170413,VIX,15.96,1.2048192771084487,%,0.01197619104671584,1.0
20170417,VIX,14.66,-8.14536340852131,%,-0.08496289556315736,4.0
20170418,VIX,14.42,-1.6371077762619368,%,-0.01650656460170241,1.0
20170419,VIX,14.93,3.5367545076282925,%,0.03475647969429598,1.0
20170420,VIX,14.15,-5.224380442062959,%,-0.05365798746185237,1.0
20170421,VIX,14.63,3.3922261484099048,%,0.03335959094278641,1.0
20170424,VIX,10.84,-25.905673274094333,%,-0.29983121902053284,3.0
20170425,VIX,10.76,-0.7380073800738018,%,-0.007407441277861805,1.0
20170426,VIX,10.85,0.8364312267657992,%,0.0083295252528302,1.0
20170427,VIX,10.36,-4.516129032258065,%,-0.046212843155131564,1.0
20170428,VIX,10.82,4.440154440154442,%,0.04344403658699848,1.0
20170501,VIX,10.11,-6.561922365988915,%,-0.06787124038595548,3.0
20170502,VIX,10.59,4.747774480712175,%,0.046385126580935125,1.0
20170503,VIX,10.68,0.8498583569405138,%,0.008462673918733728,1.0
20170504,VIX,10.46,-2.0599250936329527,%,-0.020814374895271878,1.0
20170505,VIX,10.57,1.0516252390057268,%,0.010461341245369331,1.0
20170508,VIX,9.77,-7.568590350047311,%,-0.07870333382745497,3.0
20170509,VIX,9.96,1.9447287615148579,%,0.019260605541815655,1.0
20170510,VIX,10.21,2.5100401606425793,%,0.02479056058006741,1.0
20170511,VIX,10.6,3.8197845249755114,%,0.037486368941447246,1.0
20170512,VIX,10.4,-1.8867924528301772,%,-0.019048194970694363,1.0
20170515,VIX,10.42,0.19230769230769162,%,0.0019212301778938723,3.0
20170516,VIX,10.65,2.207293666026877,%,0.021832855830213316,1.0
20170517,VIX,15.59,46.384976525821585,%,0.38106979091425097,1.0
20170518,VIX,14.66,-5.965362411802433,%,-0.06150698661117967,1.0
20170519,VIX,12.04,-17.871759890859483,%,-0.1968882565778305,1.0
20170522,VIX,10.93,-9.219269102990024,%,-0.09672313769222769,3.0
20170523,VIX,10.72,-1.9213174748398787,%,-0.019400146545791145,1.0
20170524,VIX,10.02,-6.529850746268662,%,-0.06752805998593724,1.0
20170525,VIX,9.99,-0.29940119760478723,%,-0.0029985029962565574,1.0
20170526,VIX,9.81,-1.8018018018017945,%,-0.01818231908319036,1.0
20170530,VIX,10.38,5.810397553516822,%,0.05647860416047089,4.0
20170531,VIX,10.41,0.28901734104045396,%,0.0028860048891348514,1.0
20170601,VIX,9.89,-4.995196926032652,%,-0.05124273699225668,1.0
20170602,VIX,9.75,-1.4155712841253831,%,-0.014256860624864977,1.0
20170605,VIX,10.07,3.2820512820512793,%,0.03229342172071509,3.0
20170606,VIX,10.45,3.7735849056603765,%,0.037041271680349076,1.0
20170607,VIX,10.39,-0.574162679425827,%,-0.005758173299683882,1.0
20170608,VIX,10.16,-2.213666987487972,%,-0.022385362960800223,1.0
20170609,VIX,10.7,5.31496062992125,%,0.05178529931752457,1.0
20170612,VIX,11.46,7.102803738317776,%,0.0686189698187332,3.0
20170613,VIX,10.42,-9.075043630017454,%,-0.09513567496137267,1.0
20170614,VIX,10.64,2.1113243761996303,%,0.020893447588277606,1.0
20170615,VIX,10.9,2.443609022556381,%,0.024142305321599593,1.0
20170616,VIX,10.38,-4.770642201834862,%,-0.04888191149735544,1.0
20170619,VIX,10.37,-0.09633911368016612,%,-0.0009638554963067387,3.0
20170620,VIX,10.86,4.725168756026998,%,0.046169292264353394,1.0
20170621,VIX,10.75,-1.012891344383049,%,-0.010180559932117493,1.0
20170622,VIX,10.48,-2.5116279069767433,%,-0.025437075680775693,1.0
20170623,VIX,10.02,-4.389312977099246,%,-0.04488558323617747,1.0
20170626,VIX,9.9,-1.197604790419149,%,-0.012048338516174368,3.0
20170627,VIX,11.06,11.717171717171727,%,0.11080023895364458,1.0
20170628,VIX,10.03,-9.312839059674516,%,-0.09775439412034473,1.0
20170629,VIX,11.44,14.057826520438677,%,0.13153538397780762,1.0
20170630,VIX,11.18,-2.2727272727272707,%,-0.02298951822469872,1.0
20170703,VIX,11.22,0.3577817531305927,%,0.0035714323675971795,3.0
20170705,VIX,11.07,-1.3368983957219305,%,-0.0134591533740048,2.0
20170706,VIX,12.54,13.279132791327907,%,0.12468478848422908,1.0
20170707,VIX,11.19,-10.765550239234445,%,-0.11390301288094072,1.0
20170710,VIX,11.11,-0.7149240393208189,%,-0.007174918672295205,3.0
20170711,VIX,10.89,-1.9801980198019709,%,-0.020000666706669428,1.0
20170712,VIX,10.3,-5.417814508723595,%,-0.05570104170927897,1.0
20170713,VIX,9.9,-3.8834951456310662,%,-0.03960913809504583,1.0
20170714,VIX,9.51,-3.9393939393939426,%,-0.04019088058324534,1.0
20170717,VIX,9.82,3.259726603575186,%,0.0320772458090756,3.0
20170718,VIX,9.89,0.7128309572301372,%,0.0071030232682461735,1.0
20170719,VIX,9.79,-1.011122345803861,%,-0.01016268909220192,1.0
20170720,VIX,9.58,-2.1450459652706755,%,-0.021683864559649747,1.0
20170721,VIX,9.36,-2.2964509394572064,%,-0.023232301493268537,1.0
20170724,VIX,9.43,0.7478632478632452,%,0.007450806155865421,3.0
20170725,VIX,9.43,0.0,%,0.0,1.0
20170726,VIX,9.6,1.8027571580063517,%,0.01786700182842432,1.0
20170727,VIX,10.11,5.312500000000009,%,0.05176193455858958,1.0
20170728,VIX,10.29,1.7804154302670572,%,0.01764751681357814,1.0
20170731,VIX,10.26,-0.2915451895043719,%,-0.0029197101033347503,3.0
20170801,VIX,10.09,-1.6569200779727122,%,-0.016708005377105914,1.0
20170802,VIX,10.28,1.8830525272546916,%,0.018655425661501305,1.0
20170803,VIX,10.44,1.5564202334630295,%,0.015444322427473556,1.0
20170804,VIX,10.03,-3.9272030651340994,%,-0.0400639804806485,1.0
20170807,VIX,9.93,-0.9970089730807596,%,-0.010020123916762958,3.0
20170808,VIX,10.96,10.37260825780464,%,0.0986918034627883,1.0
20170809,VIX,11.11,1.3686131386861256,%,0.013593322131669094,1.0
20170810,VIX,16.04,44.37443744374436,%,0.3672399987868297,1.0
20170811,VIX,15.51,-3.304239401496256,%,-0.03360062524992095,1.0
20170814,VIX,12.33,-20.502901353965186,%,-0.22944966001219455,3.0
20170815,VIX,12.04,-2.3519870235198748,%,-0.023800877295577998,1.0
20170816,VIX,11.74,-2.491694352159457,%,-0.025232625480724472,1.0
20170817,VIX,15.55,32.453151618398635,%,0.2810588242252927,1.0
20170818,VIX,14.26,-8.295819935691329,%,-0.08660222363909338,1.0
20170821,VIX,13.19,-7.503506311360453,%,-0.07799944825692669,3.0
20170822,VIX,11.35,-13.949962092494317,%,-0.1502412228018116,1.0
20170823,VIX,12.25,7.929515418502198,%,0.07630819306332426,1.0
20170824,VIX,12.23,-0.16326530612245094,%,-0.0016339872916550239,1.0
20170825,VIX,11.28,-7.76778413736714,%,-0.08086070362916825,1.0
20170828,VIX,11.32,0.35460992907803135,%,0.003539826705124208,3.0
20170829,VIX,11.7,3.3568904593639592,%,0.03301776902867357,1.0
20170830,VIX,11.22,-4.102564102564088,%,-0.04189094170916002,1.0
20170831,VIX,10.59,-5.6149732620320965,%,-0.057787740481235285,1.0
20170901,VIX,10.13,-4.343720491029268,%,-0.04440884135272303,1.0
20170905,VIX,12.23,20.730503455083916,%,0.18839063143848903,4.0
20170906,VIX,11.63,-4.905968928863446,%,-0.05030398316850789,1.0
20170907,VIX,11.55,-0.6878761822871837,%,-0.006902529562770463,1.0
20170908,VIX,12.12,4.935064935064926,%,0.048171543673365756,1.0
20170911,VIX,10.73,-11.46864686468646,%,-0.1218134239985612,3.0
20170912,VIX,10.58,-1.3979496738117492,%,-0.014078130212453846,1.0
20170913,VIX,10.5,-0.7561436672967825,%,-0.0075901692666755964,1.0
20170914,VIX,10.44,-0.5714285714285783,%,-0.005730674708985095,1.0
20170915,VIX,10.17,-2.5862068965517238,%,-0.026202372394024072,1.0
20170918,VIX,10.15,-0.1966568338249708,%,-0.001968504572672198,3.0
20170919,VIX,10.18,0.2955665024630516,%,0.0029513056345803197,1.0
20170920,VIX,9.78,-3.929273084479379,%,-0.040085527075650794,1.0
20170921,VIX,9.67,-1.1247443762781084,%,-0.011311174581522906,1.0
20170922,VIX,9.59,-0.8273009307135482,%,-0.008307420569856117,1.0
20170925,VIX,10.21,6.465067778936406,%,0.06264674328122746,3.0
20170926,VIX,10.17,-0.3917727717923647,%,-0.003925422116105647,1.0
20170927,VIX,9.87,-2.9498525073746396,%,-0.029942356615078453,1.0
20170928,VIX,9.55,-3.2421479229989725,%,-0.032958698952751185,1.0
20170929,VIX,9.51,-0.41884816753927634,%,-0.004197277935340036,1.0
20171002,VIX,9.45,-0.6309148264984299,%,-0.006329135051647624,3.0
20171003,VIX,9.51,0.6349206349206327,%,0.00632913505164753,1.0
20171004,VIX,9.63,1.2618296529968598,%,0.012539349252735392,1.0
20171005,VIX,9.19,-4.569055036344771,%,-0.046767289442438666,1.0
20171006,VIX,9.65,5.005440696409158,%,0.04884197898329905,1.0
20171009,VIX,10.33,7.0466321243523256,%,0.06809436778065256,3.0
20171010,VIX,10.08,-2.4201355275895398,%,-0.024499020488324568,1.0
20171011,VIX,9.85,-2.2817460317460347,%,-0.023081807459225074,1.0
20171012,VIX,9.91,0.6091370558375608,%,0.006072893157899082,1.0
20171013,VIX,9.61,-3.0272452068617617,%,-0.030740125359695558,1.0
20171016,VIX,9.91,3.1217481789802326,%,0.030740125359695534,3.0
20171017,VIX,10.31,4.036326942482349,%,0.039569949686972014,1.0
20171018,VIX,10.07,-2.3278370514064006,%,-0.02355359129839762,1.0
20171019,VIX,10.05,-0.19860973187685316,%,-0.00198807222538608,1.0
20171020,VIX,9.97,-0.7960199004975133,%,-0.007992050531337804,1.0
20171023,VIX,11.07,11.033099297893667,%,0.10465816274679843,3.0
20171024,VIX,11.16,0.8130081300812941,%,0.008097210232619303,1.0
20171025,VIX,11.23,0.6272401433691677,%,0.0062528117971868535,1.0
20171026,VIX,11.3,0.6233303650934996,%,0.0062139569679430726,1.0
20171027,VIX,9.8,-13.27433628318584,%,-0.14242034004176862,1.0
20171030,VIX,10.5,7.14285714285714,%,0.06899287148695142,3.0
20171031,VIX,10.18,-3.0476190476190546,%,-0.030950246041101075,1.0
20171101,VIX,10.2,0.19646365422396617,%,0.001962709167848689,1.0
20171102,VIX,9.93,-2.6470588235294024,%,-0.026827242233144075,1.0
20171103,VIX,9.14,-7.955689828801605,%,-0.0829000925910225,1.0
20171106,VIX,9.4,2.844638949671774,%,0.028049303809899586,3.0
20171107,VIX,9.89,5.212765957446819,%,0.050814456358662635,1.0
20171108,VIX,9.78,-1.1122345803842415,%,-0.011184661587894931,1.0
20171109,VIX,10.5,7.361963190184051,%,0.07103577311675174,1.0
20171110,VIX,11.29,7.52380952380951,%,0.07254212099809283,1.0
20171113,VIX,11.5,1.860053144375562,%,0.018429657207633815,3.0
20171114,VIX,11.59,0.782608695652165,%,0.00779562198245587,1.0
20171115,VIX,13.13,13.287316652286464,%,0.12475703096304455,1.0
20171116,VIX,11.76,-10.434120335110443,%,-0.11019574584422404,1.0
20171117,VIX,11.43,-2.8061224489795977,%,-0.028462464663761636,1.0
20171120,VIX,10.65,-6.824146981627289,%,-0.07068158565128507,3.0
20171121,VIX,9.73,-8.638497652582156,%,-0.09034599595752038,1.0
20171122,VIX,9.88,1.541623843782114,%,0.015298615561862721,1.0
20171124,VIX,9.67,-2.1255060728745057,%,-0.02148420229457361,2.0
20171127,VIX,9.87,2.0682523267838704,%,0.020471543980187284,3.0
20171128,VIX,10.03,1.6210739614994862,%,0.016080748528453877,1.0
20171129,VIX,10.7,6.679960119641071,%,0.06466313949401627,1.0
20171130,VIX,11.28,5.42056074766355,%,0.05278750460205233,1.0
20171201,VIX,11.43,1.3297872340425565,%,0.013210231736806482,1.0
20171204,VIX,11.68,2.1872265966754068,%,0.021636499593361624,3.0
20171205,VIX,11.33,-2.996575342465746,%,-0.030423902360165976,1.0
20171206,VIX,11.02,-2.7360988526037078,%,-0.027742271315146526,1.0
20171207,VIX,10.16,-7.803992740471866,%,-0.08125336157443255,1.0
20171208,VIX,9.58,-5.708661417322835,%,-0.058780850167566664,1.0
20171211,VIX,9.34,-2.5052192066805867,%,-0.025371339742017947,3.0
20171212,VIX,9.92,6.209850107066384,%,0.0602466690560302,1.0
20171213,VIX,10.18,2.620967741935476,%,0.025872089825595183,1.0
20171214,VIX,10.49,3.045186640471509,%,0.029997411285829084,1.0
20171215,VIX,9.42,-10.200190657769303,%,-0.10758733381993411,1.0
20171218,VIX,9.53,1.1677282377919207,%,0.011609629077838942,3.0
20171219,VIX,10.03,5.246589716684147,%,0.05113588430773334,1.0
20171220,VIX,9.72,-3.0907278165503316,%,-0.031394983501496276,1.0
20171221,VIX,9.62,-1.0288065843621519,%,-0.010341353794732708,1.0
20171222,VIX,9.9,2.910602910602922,%,0.02869049246292923,1.0
20171226,VIX,10.25,3.535353535353525,%,0.03474294844387284,4.0
20171227,VIX,10.47,2.146341463414636,%,0.02123631929802832,1.0
20171228,VIX,10.18,-2.769818529130863,%,-0.028089013760068934,1.0
20171229,VIX,11.04,8.447937131630635,%,0.08110002972657243,1.0
20180102,VIX,9.77,-11.503623188405799,%,-0.1222085747942579,4.0
20180103,VIX,9.15,-6.345957011258951,%,-0.06556258676726137,1.0
20180104,VIX,9.22,0.7650273224043769,%,0.007621158281072566,1.0
20180105,VIX,9.22,0.0,%,0.0,1.0
20180108,VIX,9.52,3.253796095444672,%,0.03201981123477136,3.0
20180109,VIX,10.08,5.882352941176472,%,0.05715841383994862,1.0
20180110,VIX,9.82,-2.5793650793650813,%,-0.026132140276848057,1.0
20180111,VIX,9.88,0.6109979633401208,%,0.006091389393401913,1.0
20180112,VIX,10.16,2.8340080971659853,%,0.027945930390559322,1.0
20180116,VIX,11.66,14.763779527559052,%,0.13770573877201045,4.0
20180117,VIX,11.91,2.1440823327615766,%,0.021214202444862402,1.0
20180118,VIX,12.22,2.602854743912686,%,0.025695570376240602,1.0
20180119,VIX,11.27,-7.774140752864167,%,-0.08092962569176444,1.0
20180122,VIX,11.03,-2.129547471162385,%,-0.021525494786273903,3.0
20180123,VIX,11.1,0.6346328195829587,%,0.0063262750528773806,1.0
20180124,VIX,11.47,3.3333333333333437,%,0.03278982282299097,1.0
20180125,VIX,11.58,0.9590235396687019,%,0.009544541003569872,1.0
20180126,VIX,11.08,-4.317789291882557,%,-0.04413779082571144,1.0
20180129,VIX,13.84,24.90974729241877,%,0.22242126887038574,3.0
20180130,VIX,14.79,6.86416184971097,%,0.06638832653318481,1.0
20180131,VIX,13.54,-8.45165652467884,%,-0.08830300923857955,1.0
20180201,VIX,13.47,-0.5169867060561217,%,-0.0051832770618562354,1.0
20180202,VIX,17.31,28.5077951002227,%,0.25081937876584515,1.0
20180205,VIX,37.32,115.59792027729637,%,0.7682450067910253,3.0
20180206,VIX,29.98,-19.667738478027864,%,-0.2189988833046914,1.0
20180207,VIX,27.73,-7.505003335557037,%,-0.07801563304676497,1.0
20180208,VIX,33.46,20.66354129102055,%,0.18783583593099118,1.0
20180209,VIX,29.06,-13.150029886431568,%,-0.14098803741654117,1.0
20180212,VIX,25.61,-11.871988988300064,%,-0.1263797579307029,3.0
20180213,VIX,24.97,-2.499023818820778,%,-0.025307795919752074,1.0
20180214,VIX,19.26,-22.867440929114924,%,-0.2596446979217022,1.0
20180215,VIX,19.13,-0.6749740394600301,%,-0.006772622917818084,1.0
20180216,VIX,19.46,1.725039205436496,%,0.017103293305697584,1.0
20180220,VIX,20.6,5.858170606372037,%,0.056929999037676315,4.0
20180221,VIX,20.02,-2.8155339805825297,%,-0.028559301908460927,1.0
20180222,VIX,18.72,-6.493506493506496,%,-0.06713930283762856,1.0
20180223,VIX,16.49,-11.912393162393165,%,-0.1268383344779385,1.0
20180226,VIX,15.8,-4.184354154032732,%,-0.04274419653858626,3.0
20180227,VIX,18.59,17.658227848101248,%,0.16261386170043138,1.0
20180228,VIX,19.85,6.777837547068333,%,0.06558020539984692,1.0
20180301,VIX,22.47,13.198992443324919,%,0.12397707906403822,1.0
20180302,VIX,19.59,-12.817089452603469,%,-0.1371618542407884,1.0
20180305,VIX,18.73,-4.389994895354765,%,-0.04489271550045216,3.0
20180306,VIX,18.36,-1.9754404698344996,%,-0.019952131263652837,1.0
20180307,VIX,17.76,-3.2679738562091387,%,-0.03322564762832028,1.0
20180308,VIX,16.54,-6.869369369369382,%,-0.07116704796847889,1.0
20180309,VIX,14.64,-11.487303506650537,%,-0.12202418106237968,1.0
20180312,VIX,15.78,7.786885245901631,%,0.0749858068845626,3.0
20180313,VIX,16.35,3.6121673003802313,%,0.03548458192553425,1.0
20180314,VIX,17.23,5.382262996941889,%,0.052424153196575785,1.0
20180315,VIX,16.59,-3.7144515380150955,%,-0.03785194633748519,1.0
20180316,VIX,15.8,-4.761904761904756,%,-0.048790164169431945,1.0
20180319,VIX,19.02,20.379746835443036,%,0.1854811170843231,3.0
20180320,VIX,18.2,-4.3112513144058955,%,-0.044069463034494646,1.0
20180321,VIX,17.86,-1.8681318681318726,%,-0.018858018634396723,1.0
20180322,VIX,23.34,30.683090705487114,%,0.26760505141005686,1.0
20180323,VIX,24.87,6.555269922879181,%,0.06349363095690341,1.0
20180326,VIX,21.03,-15.440289505428229,%,-0.16771226810070491,3.0
20180327,VIX,22.5,6.9900142653352315,%,0.067565319495766,1.0
20180328,VIX,22.87,1.6444444444444484,%,0.01631069882431536,1.0
20180329,VIX,19.97,-12.680367293397477,%,-0.13559486060696607,1.0
20180402,VIX,23.62,18.277416124186296,%,0.16786266334149255,4.0
20180403,VIX,21.1,-10.66892464013548,%,-0.11282077028719545,1.0
20180404,VIX,20.06,-4.928909952606652,%,-0.050545257948231524,1.0
20180405,VIX,18.94,-5.583250249252236,%,-0.05745169477585721,1.0
20180406,VIX,21.49,13.463569165786682,%,0.12631162289648679,1.0
20180409,VIX,21.77,1.3029315960912058,%,0.012945164592036986,3.0
20180410,VIX,20.47,-5.971520440973821,%,-0.06157247557325795,1.0
20180411,VIX,20.24,-1.1235955056179803,%,-0.011299555253933394,1.0
20180412,VIX,18.49,-8.646245059288537,%,-0.09043079902023132,1.0
20180413,VIX,17.41,-5.8409951325040455,%,-0.06018529161893569,1.0
20180416,VIX,16.56,-4.882251579551989,%,-0.05005460482298411,3.0
20180417,VIX,15.25,-7.910628019323662,%,-0.0824106459036929,1.0
20180418,VIX,15.6,2.2950819672131084,%,0.02269141120207067,1.0
20180419,VIX,15.96,2.3076923076923217,%,0.022814677766171482,1.0
20180420,VIX,16.88,5.764411027568905,%,0.056043897146148186,1.0
20180423,VIX,16.34,-3.1990521327014187,%,-0.0325133997359542,3.0
20180424,VIX,18.02,10.281517747858015,%,0.09786616274833501,1.0
20180425,VIX,17.84,-0.9988901220865709,%,-0.010039125028328542,1.0
20180426,VIX,16.24,-8.968609865470857,%,-0.09396579241833147,1.0
20180427,VIX,15.41,-5.110837438423632,%,-0.05246068540150737,1.0
20180430,VIX,15.93,3.3744321868916183,%,0.033187474589932674,3.0
20180501,VIX,15.49,-2.762084118016317,%,-0.028009469493179846,1.0
20180502,VIX,15.97,3.0987734021949764,%,0.03051730779814392,1.0
20180503,VIX,15.9,-0.4383218534752653,%,-0.004392853000735216,1.0
20180504,VIX,14.77,-7.10691823899372,%,-0.0737210126828975,1.0
20180507,VIX,14.75,-0.13540961408259333,%,-0.0013550137574595356,3.0
20180508,VIX,14.71,-0.2711864406779618,%,-0.0027155481724826388,1.0
20180509,VIX,13.42,-8.769544527532291,%,-0.09178140306981042,1.0
20180510,VIX,13.23,-1.4157973174366623,%,-0.014259153416671423,1.0
20180511,VIX,12.65,-4.383975812547236,%,-0.044829762953335024,1.0
20180514,VIX,12.93,2.213438735177853,%,0.021892977610236744,3.0
20180515,VIX,14.63,13.147718484145399,%,0.12352402224826683,1.0
20180516,VIX,13.42,-8.270676691729328,%,-0.08632808348849726,1.0
20180517,VIX,13.43,0.07451564828613311,%,0.0007448789916104024,1.0
20180518,VIX,13.42,-0.07446016381236209,%,-0.0007448789916104893,1.0
20180521,VIX,13.08,-2.533532041728759,%,-0.02566178551448305,3.0
20180522,VIX,13.22,1.070336391437321,%,0.010646488394487704,1.0
20180523,VIX,12.58,-4.841149773071107,%,-0.04962258315124579,1.0
20180524,VIX,12.53,-0.3974562798092274,%,-0.003982482364317597,1.0
20180525,VIX,13.22,5.506783719074226,%,0.053605065515563335,1.0
20180529,VIX,17.02,28.744326777609675,%,0.2526582887216878,4.0
20180530,VIX,14.94,-12.220916568742657,%,-0.13034694344055683,1.0
20180531,VIX,15.43,3.279785809906288,%,0.03227148667039819,1.0
20180601,VIX,13.46,-12.767336357744641,%,-0.1365913421584876,1.0
20180604,VIX,12.74,-5.349182763744431,%,-0.05497567407256449,3.0
20180605,VIX,12.4,-2.6687598116169498,%,-0.02705017753302606,1.0
20180606,VIX,11.64,-6.129032258064515,%,-0.0632490303076994,1.0
20180607,VIX,12.13,4.209621993127155,%,0.04123428065266707,1.0
20180608,VIX,12.18,0.41220115416322756,%,0.004113539325792162,1.0
20180611,VIX,12.35,1.3957307060755264,%,0.013860800792235166,3.0
20180612,VIX,12.34,-0.08097165991902688,%,-0.0008100445967444326,1.0
20180613,VIX,12.94,4.862236628849259,%,0.04747727059551264,1.0
20180614,VIX,12.12,-6.33693972179289,%,-0.0654663084315861,1.0
20180615,VIX,11.98,-1.1551155115511413,%,-0.011618387953864964,1.0
20180618,VIX,12.31,2.7545909849749695,%,0.027173347509058962,3.0
20180619,VIX,13.35,8.448415922014618,%,0.08110444464989636,1.0
20180620,VIX,12.79,-4.194756554307122,%,-0.042852769255507274,1.0
20180621,VIX,14.64,14.464425332290865,%,0.13509389294241428,1.0
20180622,VIX,13.77,-5.9426229508196755,%,-0.06126519579260206,1.0
20180625,VIX,17.33,25.853304284676824,%,0.22994679098695117,3.0
20180626,VIX,15.92,-8.136180034622031,%,-0.08486292331127764,1.0
20180627,VIX,17.91,12.5,%,0.11778303565638346,1.0
20180628,VIX,16.85,-5.918481295365707,%,-0.06100855927424957,1.0
20180629,VIX,16.09,-4.5103857566765715,%,-0.04615269579407903,1.0
20180702,VIX,15.6,-3.045369794903663,%,-0.030927046748800438,3.0
20180703,VIX,16.14,3.4615384615384714,%,0.03402974858631147,1.0
20180705,VIX,14.97,-7.249070631970255,%,-0.0752524644102657,2.0
20180706,VIX,13.37,-10.688042752171024,%,-0.11303480731768534,1.0
20180709,VIX,12.69,-5.086013462976813,%,-0.05219910938755551,3.0
20180710,VIX,12.64,-0.3940110323088941,%,-0.0039478930075848235,1.0
20180711,VIX,13.63,7.832278481012667,%,0.07540685698972996,1.0
20180712,VIX,12.58,-7.703595011005138,%,-0.0801649944361468,1.0
20180713,VIX,12.18,-3.1796502384737746,%,-0.03231298899054357,1.0
20180716,VIX,12.83,5.336617405582933,%,0.05199091634579419,3.0
20180717,VIX,12.06,-6.001558846453625,%,-0.06189198732850568,1.0
20180718,VIX,12.1,0.3316749585406287,%,0.003311261303656005,1.0
20180719,VIX,12.87,6.363636363636371,%,0.06169356900533996,1.0
20180720,VIX,12.86,-0.07770007770007137,%,-0.0007773027985619028,1.0
20180723,VIX,12.62,-1.8662519440124425,%,-0.01883886169640624,3.0
20180724,VIX,12.41,-1.6640253565768592,%,-0.01678025789655123,1.0
20180725,VIX,12.29,-0.966962127316684,%,-0.009716675638572427,1.0
20180726,VIX,12.14,-1.2205044751830596,%,-0.012280137946591087,1.0
20180727,VIX,13.03,7.33113673805601,%,0.07074860550540152,1.0
20180730,VIX,14.26,9.43975441289333,%,0.0902040238493962,3.0
20180731,VIX,12.83,-10.028050490883588,%,-0.1056722363586048,1.0
20180801,VIX,13.15,2.494154325798914,%,0.02463557999622855,1.0
20180802,VIX,12.19,-7.300380228136893,%,-0.07580581513059352,1.0
20180803,VIX,11.64,-4.511894995898269,%,-0.04616850118988831,1.0
20180806,VIX,11.27,-3.1786941580756123,%,-0.032303114251606944,3.0
20180807,VIX,10.93,-3.0168589174800364,%,-0.03063302586323775,1.0
20180808,VIX,10.85,-0.7319304666056681,%,-0.0073462222019785904,1.0
20180809,VIX,11.27,3.8709677419354938,%,0.03797924806521647,1.0
20180810,VIX,13.16,16.770186335403725,%,0.1550375978454862,1.0
20180813,VIX,14.78,12.310030395136762,%,0.11609298962288443,3.0
20180814,VIX,13.31,-9.945872801082533,%,-0.10475928311303534,1.0
20180815,VIX,14.64,9.99248685199099,%,0.09524187612614528,1.0
20180816,VIX,13.45,-8.128415300546454,%,-0.08477840248531746,1.0
20180817,VIX,12.64,-6.022304832713743,%,-0.062112717329136626,1.0
20180820,VIX,12.49,-1.1867088607595,%,-0.01193806458122512,3.0
20180821,VIX,12.86,2.9623698959167166,%,0.02919339467198686,1.0
20180822,VIX,12.25,-4.743390357698285,%,-0.04859578181873729,1.0
20180823,VIX,12.41,1.3061224489795853,%,0.012976662225779785,1.0
20180824,VIX,11.99,-3.3843674456083828,%,-0.03442963017709299,1.0
20180827,VIX,12.16,1.4178482068390341,%,0.014078907498598088,3.0
20180828,VIX,12.5,2.796052631578938,%,0.0275767677702344,1.0
20180829,VIX,12.25,-2.0000000000000018,%,-0.020202707317519466,1.0
20180830,VIX,13.53,10.448979591836727,%,0.09938350519196061,1.0
20180831,VIX,12.86,-4.9519586104952,%,-0.05078772337322338,1.0
20180904,VIX,13.16,2.3328149300155587,%,0.02306020708769788,4.0
20180905,VIX,13.91,5.699088145896658,%,0.05542608003818041,1.0
20180906,VIX,14.65,5.319913731128678,%,0.051832329527724715,1.0
20180907,VIX,14.88,1.5699658703071773,%,0.015577693941869593,1.0
20180910,VIX,14.16,-4.838709677419361,%,-0.04959694113937218,3.0
20180911,VIX,13.22,-6.638418079096042,%,-0.06869025384203345,1.0
20180912,VIX,13.14,-0.605143721633894,%,-0.006069821367075834,1.0
20180913,VIX,12.37,-5.859969558599709,%,-0.060386826652068064,1.0
20180914,VIX,12.07,-2.425222312045261,%,-0.024551151294956296,1.0
20180917,VIX,13.68,13.338856669428335,%,0.12521187708496426,3.0
20180918,VIX,12.79,-6.5058479532163815,%,-0.06727129660365316,1.0
20180919,VIX,11.75,-8.131352619233766,%,-0.08481037500058325,1.0
20180920,VIX,11.8,0.42553191489362874,%,0.004246290881451224,1.0
20180921,VIX,11.68,-1.016949152542379,%,-0.010221554071538139,1.0
20180924,VIX,12.2,4.452054794520555,%,0.04355797433912994,3.0
20180925,VIX,12.42,1.80327868852459,%,0.01787212476612183,1.0
20180926,VIX,12.89,3.7842190016103006,%,0.03714374044576326,1.0
20180927,VIX,12.41,-3.723816912335143,%,-0.03794921773458017,1.0
20180928,VIX,12.12,-2.3368251410153196,%,-0.023645618575347544,1.0
20181001,VIX,12.0,-0.9900990099009799,%,-0.00995033085316798,3.0
20181002,VIX,12.05,0.4166666666666652,%,0.004158010148663677,1.0
20181003,VIX,11.61,-3.6514522821576856,%,-0.03719786422686397,1.0
20181004,VIX,14.22,22.48062015503878,%,0.20278262866529484,1.0
20181005,VIX,14.82,4.219409282700415,%,0.04132819549284594,1.0
20181008,VIX,15.69,5.870445344129549,%,0.05704594687700034,3.0
20181009,VIX,15.95,1.6571064372211675,%,0.016435262485912427,1.0
20181010,VIX,22.96,43.94984326018809,%,0.3642947422205121,1.0
20181011,VIX,24.98,8.797909407665493,%,0.08432193324606585,1.0
20181012,VIX,21.31,-14.691753402722185,%,-0.15889905858690592,1.0
20181015,VIX,21.3,-0.0469263256686947,%,-0.00046937339514628774,3.0
20181016,VIX,17.62,-17.276995305164323,%,-0.18967245220734602,1.0
20181017,VIX,17.4,-1.2485811577752637,%,-0.01256441428755019,1.0
20181018,VIX,20.06,15.287356321839084,%,0.14225757631330616,1.0
20181019,VIX,19.89,-0.8474576271186307,%,-0.008510689667908506,1.0
20181022,VIX,19.64,-1.2569130216188995,%,-0.012648789939560956,3.0
20181023,VIX,20.71,5.44806517311609,%,0.053048372481172966,1.0
20181024,VIX,25.23,21.825205214872035,%,0.19741708724547352,1.0
20181025,VIX,24.22,-4.003170828378922,%,-0.04085502452802026,1.0
20181026,VIX,24.16,-0.24772914946324942,%,-0.002480365058331954,1.0
20181029,VIX,24.7,2.2350993377483475,%,0.022104870567317345,3.0
20181030,VIX,23.35,-5.465587044534404,%,-0.056206259519025095,1.0
20181031,VIX,21.23,-9.079229122055676,%,-0.0951817083997416,1.0
20181101,VIX,19.34,-8.90249646726331,%,-0.0932397856900165,1.0
20181102,VIX,19.51,0.8790072388831449,%,0.008751664609871588,1.0
20181105,VIX,19.96,2.3065094823167653,%,0.02280311624829812,3.0
20181106,VIX,19.91,-0.25050100200401104,%,-0.0025081528072130235,1.0
20181107,VIX,16.36,-17.83023606228027,%,-0.19638278690150401,1.0
20181108,VIX,16.72,2.2004889975550057,%,0.021766276481954505,1.0
20181109,VIX,17.36,3.8277511961722466,%,0.03756310157564852,1.0
20181112,VIX,20.45,17.799539170506918,%,0.1638141732566067,3.0
20181113,VIX,20.02,-2.102689486552567,%,-0.02125110860173622,1.0
20181114,VIX,21.25,6.143856143856152,%,0.05962512148335139,1.0
20181115,VIX,19.98,-5.976470588235294,%,-0.06162512215001838,1.0
20181116,VIX,18.14,-9.209209209209213,%,-0.09661232853341695,1.0
20181119,VIX,20.1,10.804851157662632,%,0.1026003703780396,3.0
20181120,VIX,22.48,11.840796019900491,%,0.11190620996046019,1.0
20181121,VIX,20.8,-7.473309608540923,%,-0.07767303831821802,1.0
20181123,VIX,21.52,3.4615384615384492,%,0.034029748586311255,2.0
20181126,VIX,18.9,-12.174721189591086,%,-0.12982081322798708,3.0
20181127,VIX,19.02,0.6349206349206327,%,0.00632913505164753,1.0
20181128,VIX,18.49,-2.786540483701372,%,-0.02826101171821082,1.0
20181129,VIX,18.79,1.6224986479177916,%,0.01609476802634045,1.0
20181130,VIX,18.07,-3.83182543906333,%,-0.039071708821236804,1.0
20181203,VIX,16.44,-9.020475926950745,%,-0.09453571497610323,3.0
20181204,VIX,20.74,26.155717761557163,%,0.2323468131733473,1.0
20181206,VIX,21.19,2.1697203471552795,%,0.021465169478826665,2.0
20181207,VIX,23.23,9.627182633317588,%,0.09191517450210994,1.0
20181210,VIX,22.64,-2.539819199311233,%,-0.02572629344733556,3.0
20181211,VIX,21.76,-3.886925795052998,%,-0.03964483134724025,1.0
20181212,VIX,21.46,-1.378676470588236,%,-0.013882684785189472,1.0
20181213,VIX,20.65,-3.7744641192917205,%,-0.03847541779551081,1.0
20181214,VIX,21.63,4.745762711864399,%,0.04636592055792556,1.0
20181217,VIX,24.52,13.361072584373556,%,0.12540787110304327,3.0
20181218,VIX,25.58,4.323001631321355,%,0.042321685082685835,1.0
20181219,VIX,25.58,0.0,%,0.0,1.0
20181220,VIX,28.38,10.946051602814698,%,0.10387387558119997,1.0
20181221,VIX,30.11,6.095842142353769,%,0.05917267076174585,1.0
20181224,VIX,36.07,19.794088342743276,%,0.1806041524218052,3.0
20181226,VIX,30.41,-15.691710562794569,%,-0.1706899932261744,2.0
20181227,VIX,29.96,-1.4797763893456106,%,-0.014908343040254556,1.0
20181228,VIX,28.34,-5.407209612817088,%,-0.055588924386484335,1.0
20181231,VIX,25.42,-10.303458009880018,%,-0.10873796850122627,3.0
20190102,VIX,23.22,-8.65460267505902,%,-0.09052228949156267,2.0
20190103,VIX,25.45,9.603789836347975,%,0.0917017667267863,1.0
20190104,VIX,21.38,-15.992141453831044,%,-0.1742598373996326,1.0
20190107,VIX,21.4,0.093545369504211,%,0.0009350164309066464,3.0
20190108,VIX,20.47,-4.345794392523361,%,-0.0444305223546076,1.0
20190109,VIX,19.98,-2.3937469467513406,%,-0.024228626452790673,1.0
20190110,VIX,19.5,-2.4024024024024038,%,-0.024317307650706357,1.0
20190111,VIX,18.19,-6.717948717948707,%,-0.06954247303967012,1.0
20190114,VIX,19.07,4.8378229796591565,%,0.04724442708229684,3.0
20190115,VIX,18.6,-2.4646040901940114,%,-0.024954838893172026,1.0
20190116,VIX,19.04,2.3655913978494425,%,0.0233804486440635,1.0
20190117,VIX,18.06,-5.147058823529416,%,-0.052842481374379933,1.0
20190118,VIX,17.8,-1.439645625692132,%,-0.014501090690799844,1.0
20190122,VIX,20.8,16.85393258426966,%,0.1557545294092328,4.0
20190123,VIX,19.52,-6.153846153846154,%,-0.06351340572232586,1.0
20190124,VIX,18.89,-3.2274590163934413,%,-0.032806899471528234,1.0
20190125,VIX,17.42,-7.781895182636312,%,-0.0810137100890614,1.0
20190128,VIX,18.87,8.323765786452352,%,0.0799543879561021,3.0
20190129,VIX,19.13,1.3778484366719468,%,0.01368442407170247,1.0
20190130,VIX,17.66,-7.6842655514897995,%,-0.07995558827634748,1.0
20190131,VIX,16.57,-6.172140430351069,%,-0.06370836373734234,1.0
20190201,VIX,16.14,-2.5950512975256523,%,-0.02629316859666884,1.0
20190204,VIX,15.73,-2.5402726146220633,%,-0.02573094577161635,3.0
20190205,VIX,15.57,-1.0171646535282908,%,-0.010223731224279503,1.0
20190206,VIX,15.38,-1.2202954399486154,%,-0.012278021768409008,1.0
20190207,VIX,16.37,6.436931079323793,%,0.062382427305545586,1.0
20190208,VIX,15.72,-3.9706780696395882,%,-0.04051660438198309,1.0
20190211,VIX,15.97,1.5903307888040619,%,0.01577817522586049,3.0
20190212,VIX,15.43,-3.3813400125234927,%,-0.03439829585185171,1.0
20190213,VIX,15.65,1.4257939079714843,%,0.014157250611092754,1.0
20190214,VIX,16.22,3.642172523961662,%,0.03577413170110465,1.0
20190215,VIX,14.91,-8.076448828606653,%,-0.08421291991061974,1.0
20190219,VIX,14.88,-0.2012072434607548,%,-0.002014099371701145,4.0
20190220,VIX,14.02,-5.779569892473124,%,-0.059533147798501836,1.0
20190221,VIX,14.46,3.1383737517831856,%,0.030901335124174777,1.0
20190222,VIX,13.51,-6.5698478561549205,%,-0.06795606475851125,1.0
20190225,VIX,14.85,9.918578830495939,%,0.09456971327660123,3.0
20190226,VIX,15.17,2.154882154882154,%,0.021319928111732247,1.0
20190227,VIX,14.7,-3.0982201713909086,%,-0.03147229957575032,1.0
20190228,VIX,14.78,0.5442176870748217,%,0.005427421735365015,1.0
20190301,VIX,13.57,-8.186738836265217,%,-0.08541344167327787,1.0
20190304,VIX,14.63,7.811348563006626,%,0.0752127411852551,3.0
20190305,VIX,14.74,0.7518796992481258,%,0.007490671729157659,1.0
20190306,VIX,15.74,6.7842605156037905,%,0.06564035622806655,1.0
20190307,VIX,16.59,5.400254129606097,%,0.05259486121309593,1.0
20190308,VIX,16.05,-3.2549728752260365,%,-0.03309125462632822,1.0
20190311,VIX,14.33,-10.71651090342679,%,-0.11335360773594438,3.0
20190312,VIX,13.77,-3.9078855547801883,%,-0.039862929099517073,1.0
20190313,VIX,13.41,-2.614379084967311,%,-0.026491615446976226,1.0
20190314,VIX,13.5,0.6711409395973034,%,0.006688988150796489,1.0
20190315,VIX,12.88,-4.592592592592581,%,-0.04701396476817609,1.0
20190318,VIX,13.1,1.7080745341614856,%,0.016936509530898255,3.0
20190319,VIX,13.56,3.511450381679393,%,0.03451205230514368,1.0
20190320,VIX,13.91,2.581120943952797,%,0.02548372342310198,1.0
20190321,VIX,13.63,-2.0129403306973326,%,-0.02033476022691022,1.0
20190322,VIX,16.48,20.909757887013946,%,0.18987427877288446,1.0
20190325,VIX,16.33,-0.910194174757295,%,-0.009143617498952032,3.0
20190326,VIX,14.68,-10.104102878138388,%,-0.10651788379600413,1.0
20190327,VIX,15.15,3.2016348773842074,%,0.031514508769008735,1.0
20190328,VIX,14.43,-4.752475247524757,%,-0.04869115916959869,1.0
20190329,VIX,13.71,-4.989604989604979,%,-0.051183879211556364,1.0
20190401,VIX,13.4,-2.2611232676878257,%,-0.022870786617357405,3.0
20190402,VIX,13.36,-0.29850746268657025,%,-0.0029895388483660483,1.0
20190403,VIX,13.74,2.844311377245523,%,0.02804611868570375,1.0
20190404,VIX,13.58,-1.1644832605531286,%,-0.011713164663653203,1.0
20190405,VIX,12.82,-5.596465390279826,%,-0.05759167063802611,1.0
20190408,VIX,13.18,2.808112324492984,%,0.027694077581837222,3.0
20190409,VIX,14.28,8.345978755690432,%,0.08015942783707708,1.0
20190410,VIX,13.3,-6.862745098039202,%,-0.0710959216837301,1.0
20190411,VIX,13.02,-2.1052631578947434,%,-0.021277398447284965,1.0
20190412,VIX,12.01,-7.757296466973884,%,-0.08074700068853098,1.0
20190415,VIX,12.32,2.5811823480432983,%,0.025484322013481556,3.0
20190416,VIX,12.18,-1.1363636363636465,%,-0.011428695823622857,1.0
20190417,VIX,12.6,3.4482758620689724,%,0.033901551675681416,1.0
20190418,VIX,12.09,-4.047619047619044,%,-0.041318149330730976,1.0
20190422,VIX,12.42,2.7295285359801413,%,0.026929411878631328,4.0
20190423,VIX,12.28,-1.1272141706924366,%,-0.011336153786336352,1.0
20190424,VIX,13.14,7.003257328990231,%,0.06768909033746807,1.0
20190425,VIX,13.25,0.8371385083713712,%,0.008336539375766623,1.0
20190426,VIX,12.73,-3.924528301886787,%,-0.04003613986291601,1.0
20190429,VIX,13.11,2.985074626865658,%,0.02941388520629319,3.0
20190430,VIX,13.12,0.07627765064834868,%,0.0007624857403343954,1.0
20190501,VIX,14.8,12.804878048780498,%,0.1204893972541265,1.0
20190502,VIX,14.42,-2.5675675675675746,%,-0.026011048913266433,1.0
20190503,VIX,12.87,-10.748959778085998,%,-0.1137171102487678,1.0
20190506,VIX,15.44,19.968919968919963,%,0.18206252298859477,3.0
20190507,VIX,19.32,25.129533678756477,%,0.22417928418774183,1.0
20190508,VIX,19.4,0.41407867494822614,%,0.00413223728491037,1.0
20190509,VIX,19.1,-1.546391752577303,%,-0.01558473101669809,1.0
20190510,VIX,16.04,-16.02094240837697,%,-0.17460273261421583,1.0
20190513,VIX,20.55,28.117206982543653,%,0.24777533850387526,3.0
20190514,VIX,18.06,-12.116788321167892,%,-0.12916139295340437,1.0
20190515,VIX,16.44,-8.970099667774068,%,-0.0939821583608053,1.0
20190516,VIX,15.29,-6.995133819951349,%,-0.07251836968706304,1.0
20190517,VIX,15.96,4.381948986265538,%,0.04288657208069182,1.0
20190520,VIX,16.31,2.1929824561403466,%,0.021692824611259754,3.0
20190521,VIX,14.95,-8.338442673206615,%,-0.08706711679622699,1.0
20190522,VIX,14.75,-1.3377926421404673,%,-0.013468217050866593,1.0
20190523,VIX,16.92,14.711864406779673,%,0.1372532713922485,1.0
20190524,VIX,15.85,-6.323877068557926,%,-0.06532685385478766,1.0
20190528,VIX,17.5,10.410094637223978,%,0.09903138060617876,4.0
20190529,VIX,17.9,2.2857142857142687,%,0.022599831917240777,1.0
20190530,VIX,17.3,-3.351955307262555,%,-0.0340942113429759,1.0
20190531,VIX,18.71,8.15028901734105,%,0.07835163878226507,1.0
20190603,VIX,18.86,0.8017103153393768,%,0.00798513691931305,3.0
20190604,VIX,16.97,-10.021208907741253,%,-0.1055961979591765,1.0
20190605,VIX,16.09,-5.185621685327046,%,-0.05324911824184309,1.0
20190606,VIX,15.93,-0.9944064636420169,%,-0.009993837082334717,1.0
20190607,VIX,16.3,2.322661644695545,%,0.022960983890759512,1.0
20190610,VIX,15.94,-2.208588957055224,%,-0.022333434450647765,3.0
20190611,VIX,15.99,0.31367628607277265,%,0.00313185348379388,1.0
20190612,VIX,15.91,-0.500312695434646,%,-0.005015684496167357,1.0
20190613,VIX,15.82,-0.565681961030795,%,-0.005672880010187653,1.0
20190614,VIX,15.28,-3.4134007585335024,%,-0.03473017860113339,1.0
20190617,VIX,15.35,0.45811518324607725,%,0.004570690294831766,3.0
20190618,VIX,15.15,-1.3029315960912058,%,-0.013114942077828018,1.0
20190619,VIX,14.33,-5.412541254125413,%,-0.05564529011529768,1.0
20190620,VIX,14.75,2.93091416608513,%,0.02888784094574829,1.0
20190621,VIX,15.4,4.406779661016946,%,0.04312442663375462,1.0
20190624,VIX,15.26,-0.909090909090915,%,-0.009132483563272587,3.0
20190625,VIX,16.28,6.684141546526878,%,0.0647023347180834,1.0
20190626,VIX,16.21,-0.4299754299754266,%,-0.0043090248268094706,1.0
20190627,VIX,15.82,-2.4059222702035865,%,-0.024353373408077007,1.0
20190628,VIX,15.08,-4.677623261694064,%,-0.04790559975969786,1.0
20190701,VIX,14.06,-6.763925729442965,%,-0.07003547619729111,3.0
20190702,VIX,12.93,-8.036984352773835,%,-0.08378369359875283,1.0
20190703,VIX,12.57,-2.78422273781902,%,-0.028237170181609997,1.0
20190705,VIX,13.28,5.6483691328560015,%,0.054946121446131695,2.0
20190708,VIX,13.96,5.120481927710863,%,0.04993695328593881,3.0
20190709,VIX,14.09,0.9312320916905481,%,0.00926922857636247,1.0
20190710,VIX,13.03,-7.523066004258339,%,-0.07821093477383509,1.0
20190711,VIX,12.93,-0.7674597083653034,%,-0.007704198352987564,1.0
20190712,VIX,12.39,-4.17633410672853,%,-0.04266049714271494,1.0
20190715,VIX,12.68,2.3405972558514954,%,0.023136253368028808,3.0
20190716,VIX,12.86,1.4195583596214423,%,0.014095769800393376,1.0
20190717,VIX,13.97,8.63141524105755,%,0.08279045445939719,1.0
20190718,VIX,13.53,-3.149606299212604,%,-0.03200273108617383,1.0
20190719,VIX,14.45,6.799704360679981,%,0.0657849723757446,1.0
20190722,VIX,13.53,-6.366782006920413,%,-0.06578497237574447,3.0
20190723,VIX,12.61,-6.79970436067997,%,-0.07041929220586848,1.0
20190724,VIX,12.07,-4.2823156225218035,%,-0.04376711486738801,1.0
20190725,VIX,12.74,5.550952775476392,%,0.05402361503457719,1.0
20190726,VIX,12.16,-4.552590266875978,%,-0.0465947736059963,1.0
20190729,VIX,12.83,5.509868421052633,%,0.05363430208952412,3.0
20190730,VIX,13.94,8.651597817614952,%,0.08297622670483266,1.0
20190731,VIX,16.12,15.63845050215209,%,0.1452983317461045,1.0
20190801,VIX,17.87,10.85607940446649,%,0.10306259209285434,1.0
20190802,VIX,17.61,-1.4549524342473474,%,-0.014656406663221957,1.0
20190805,VIX,24.59,39.636570130607616,%,0.3338729337199865,3.0
20190806,VIX,20.17,-17.974786498576645,%,-0.19814350426198063,1.0
20190807,VIX,19.49,-3.371343579573638,%,-0.034294838446651106,1.0
20190808,VIX,16.91,-13.237557721908665,%,-0.14199635060898044,1.0
20190809,VIX,17.97,6.268480189237136,%,0.06079853788497872,1.0
20190812,VIX,21.09,17.36227045075125,%,0.16009529369521552,3.0
20190813,VIX,17.52,-16.92745376955903,%,-0.18545590898243783,1.0
20190814,VIX,22.1,26.141552511415544,%,0.2322345230154619,1.0
20190815,VIX,21.18,-4.162895927601817,%,-0.04252026835044681,1.0
20190816,VIX,18.47,-12.795089707271012,%,-0.13690954596211183,1.0
20190819,VIX,16.88,-8.60855441256091,%,-0.09001830504333753,3.0
20190820,VIX,17.5,3.6729857819905343,%,0.03607139176165744,1.0
20190821,VIX,15.8,-9.714285714285708,%,-0.10219094089654719,1.0
20190822,VIX,16.68,5.569620253164542,%,0.05420045689767944,1.0
20190823,VIX,19.87,19.124700239808167,%,0.1750006596331249,1.0
20190826,VIX,19.32,-2.767991947659787,%,-0.028070227779353526,3.0
20190827,VIX,20.31,5.124223602484457,%,0.04997254680792123,1.0
20190828,VIX,19.35,-4.72673559822746,%,-0.048420956116502364,1.0
20190829,VIX,17.88,-7.596899224806208,%,-0.0790096497304228,1.0
20190830,VIX,18.98,6.152125279642062,%,0.05970302343641376,1.0
20190903,VIX,19.66,3.5827186512118026,%,0.03520032153723869,4.0
20190904,VIX,17.33,-11.851475076297058,%,-0.12614701099150588,1.0
20190905,VIX,16.27,-6.116560877091737,%,-0.06311618249656815,1.0
20190906,VIX,15.0,-7.805777504609712,%,-0.08127272012873638,1.0
20190909,VIX,15.27,1.8000000000000016,%,0.017839918128331016,3.0
20190910,VIX,15.2,-0.4584151931892655,%,-0.004594691378310417,1.0
20190911,VIX,14.61,-3.881578947368425,%,-0.039589202089622626,1.0
20190912,VIX,14.22,-2.6694045174537884,%,-0.02705680138751319,1.0
20190913,VIX,13.74,-3.3755274261603407,%,-0.03433813758089157,1.0
20190916,VIX,14.67,6.768558951965065,%,0.06549330536068707,3.0
20190917,VIX,14.44,-1.5678254942058656,%,-0.01580245869021021,1.0
20190918,VIX,13.95,-3.393351800554023,%,-0.034522625197305604,1.0
20190919,VIX,14.05,0.7168458781362075,%,0.007142887512380204,1.0
20190920,VIX,15.32,9.039145907473301,%,0.08653676853269039,1.0
20190923,VIX,14.91,-2.6762402088772896,%,-0.027127035535798243,3.0
20190924,VIX,17.05,14.352783366867872,%,0.13411807495287872,1.0
20190925,VIX,15.96,-6.392961876832848,%,-0.06606461170786312,1.0
20190926,VIX,16.07,0.6892230576441172,%,0.00686858772775858,1.0
20190927,VIX,17.22,7.156191661481004,%,0.06911731925016337,1.0
20190930,VIX,16.24,-5.691056910569103,%,-0.05859416426605282,3.0
20191001,VIX,18.56,14.28571428571428,%,0.13353139262452257,1.0
20191002,VIX,20.56,10.775862068965525,%,0.10233871322890992,1.0
20191003,VIX,19.12,-7.003891050583643,%,-0.07261253296370898,1.0
20191004,VIX,17.04,-10.878661087866115,%,-0.11517138622208563,1.0
20191007,VIX,17.86,4.81220657276995,%,0.04700005404718329,3.0
20191008,VIX,20.28,13.54983202687572,%,0.1270716032746296,1.0
20191009,VIX,18.64,-8.08678500986193,%,-0.08432536946553726,1.0
20191010,VIX,17.57,-5.740343347639487,%,-0.059116907058439326,1.0
20191011,VIX,15.58,-11.326124075128064,%,-0.12020486175640367,1.0
20191014,VIX,14.57,-6.482670089858789,%,-0.06702342023548868,3.0
20191015,VIX,13.54,-7.069320521619771,%,-0.07331635272298458,1.0
20191016,VIX,13.68,1.0339734121122657,%,0.010286644710275525,1.0
20191017,VIX,13.79,0.8040935672514626,%,0.008008779610806047,1.0
20191018,VIX,14.25,3.3357505438723845,%,0.03281321490944922,1.0
20191021,VIX,14.0,-1.7543859649122862,%,-0.017699577099400975,3.0
20191022,VIX,14.46,3.285714285714292,%,0.03232888711536007,1.0
20191023,VIX,14.01,-3.112033195020758,%,-0.03161485638170311,1.0
20191024,VIX,13.71,-2.1413276231263323,%,-0.02164586677469255,1.0
20191025,VIX,12.65,-7.731582786287383,%,-0.0804682784006938,1.0
20191028,VIX,13.11,3.6363636363636376,%,0.035718082602079246,3.0
20191029,VIX,13.2,0.6864988558352492,%,0.006841531816716784,1.0
20191030,VIX,12.33,-6.590909090909081,%,-0.06818151241607213,1.0
20191031,VIX,13.22,7.21816707218168,%,0.06969551724728738,1.0
20191101,VIX,12.3,-6.959152798789714,%,-0.07213157204516843,1.0
20191104,VIX,12.83,4.308943089430883,%,0.042186916249173145,3.0
20191105,VIX,13.1,2.104442712392829,%,0.020826051579560797,1.0
20191106,VIX,12.62,-3.6641221374045796,%,-0.037329373094038755,1.0
20191107,VIX,12.73,0.8716323296355188,%,0.008678555456248249,1.0
20191108,VIX,12.07,-5.184603299293011,%,-0.053238377459875044,1.0
20191111,VIX,12.69,5.136702568351281,%,0.050091246616856135,3.0
20191112,VIX,12.68,-0.07880220646178104,%,-0.0007883327172164291,1.0
20191113,VIX,13.0,2.5236593059936974,%,0.024923408452456934,1.0
20191114,VIX,13.05,0.38461538461538325,%,0.003838776307165667,1.0
20191115,VIX,12.05,-7.662835249042144,%,-0.0797234738320384,1.0
20191118,VIX,12.46,3.4024896265560267,%,0.03345885342264318,3.0
20191119,VIX,12.86,3.21027287319422,%,0.03159820545016623,1.0
20191120,VIX,12.78,-0.6220839813374845,%,-0.006240269860084623,1.0
20191121,VIX,13.13,2.7386541471048576,%,0.027018239365316134,1.0
20191122,VIX,12.34,-6.016755521706019,%,-0.062053669837463084,1.0
20191125,VIX,11.87,-3.8087520259319385,%,-0.038831809855665186,3.0
20191126,VIX,11.54,-2.780117944397642,%,-0.028194947541623175,1.0
20191127,VIX,11.75,1.8197573656845822,%,0.018033979510214532,1.0
20191129,VIX,12.62,7.404255319148922,%,0.071429616522899,2.0
20191202,VIX,14.91,18.145800316957228,%,0.16674927166358008,3.0
20191203,VIX,15.96,7.042253521126773,%,0.06805346324501578,1.0
20191204,VIX,14.8,-7.2681704260651685,%,-0.07545841125159339,1.0
20191205,VIX,14.52,-1.8918918918918948,%,-0.019100171373419378,1.0
20191206,VIX,13.62,-6.198347107438018,%,-0.06398770867528374,1.0
20191209,VIX,15.86,16.446402349486043,%,0.15226091548533557,3.0
20191210,VIX,15.68,-1.1349306431273631,%,-0.011414201284440123,1.0
20191211,VIX,14.99,-4.400510204081631,%,-0.04500270280775544,1.0
20191212,VIX,13.94,-7.004669779853245,%,-0.07262090678212861,1.0
20191213,VIX,12.63,-9.39741750358679,%,-0.09868746896997799,1.0
20191216,VIX,12.14,-3.879651623119562,%,-0.039569150731047595,3.0
20191217,VIX,12.29,1.2355848434925765,%,0.012280137946591151,1.0
20191218,VIX,12.58,2.359641985353944,%,0.02332232769435099,1.0
20191219,VIX,12.5,-0.6359300476947549,%,-0.00637960696403904,1.0
20191220,VIX,12.51,0.07999999999999119,%,0.0007996801705642441,1.0
20191223,VIX,12.61,0.7993605115907298,%,0.007961825498008442,3.0
20191224,VIX,12.67,0.4758128469468659,%,0.004746844356219477,1.0
20191226,VIX,12.65,-0.15785319652722452,%,-0.0015797791595183908,2.0
20191227,VIX,13.43,6.1660079051383265,%,0.059833795361616836,1.0
20191230,VIX,14.82,10.349962769918108,%,0.09848660933279475,3.0
20191231,VIX,13.78,-7.017543859649134,%,-0.07275935428242843,1.0
20200102,VIX,12.47,-9.506531204644409,%,-0.0998925058935674,2.0
20200103,VIX,14.02,12.429831595829977,%,0.11715912191449881,1.0
20200106,VIX,13.85,-1.2125534950071293,%,-0.012199648973096491,3.0
20200107,VIX,13.79,-0.43321299638989785,%,-0.0043415408281371245,1.0
20200108,VIX,13.45,-2.4655547498187103,%,-0.02496458575736234,1.0
20200109,VIX,12.54,-6.765799256505578,%,-0.0700555708430735,1.0
20200110,VIX,12.56,0.15948963317384823,%,0.001593625835278026,1.0
20200113,VIX,12.32,-1.9108280254777066,%,-0.019293202934678896,3.0
20200114,VIX,12.39,0.5681818181818121,%,0.0056657375356773,1.0
20200115,VIX,12.42,0.2421307506053294,%,0.0024183808642816527,1.0
20200116,VIX,12.32,-0.805152979066015,%,-0.008084118399958911,1.0
20200117,VIX,12.1,-1.7857142857142905,%,-0.018018505502678365,1.0
20200121,VIX,12.85,6.198347107438007,%,0.060138358738533314,4.0
20200122,VIX,12.91,0.46692607003890885,%,0.00465839351732231,1.0
20200123,VIX,12.98,0.5422153369481153,%,0.005407506417392934,1.0
20200124,VIX,14.56,12.172573189522339,%,0.11486833149259595,1.0
20200127,VIX,18.23,25.206043956043956,%,0.22479054592203176,3.0
20200128,VIX,16.28,-10.696653867251783,%,-0.11313122811617742,1.0
20200129,VIX,16.39,0.6756756756756799,%,0.0067340321813441194,1.0
20200130,VIX,15.49,-5.491153142159854,%,-0.05647673832696107,1.0
20200131,VIX,18.84,21.626856036152354,%,0.1957876147194397,1.0
20200203,VIX,17.97,-4.617834394904463,%,-0.04727856835274938,3.0
20200204,VIX,16.05,-10.684474123539223,%,-0.1129948512194427,1.0
20200205,VIX,15.15,-5.607476635514019,%,-0.05770831762064673,1.0
20200206,VIX,14.96,-1.2541254125412515,%,-0.012620559409046939,1.0
20200207,VIX,15.47,3.409090909090917,%,0.033522692038643644,1.0
20200210,VIX,15.04,-2.7795733678086743,%,-0.028189346063281114,3.0
20200211,VIX,15.18,0.9308510638297962,%,0.009265453445790191,1.0
20200212,VIX,13.74,-9.486166007905139,%,-0.0996674851732806,1.0
20200213,VIX,14.15,2.9839883551673996,%,0.0294033372950434,1.0
20200214,VIX,13.68,-3.321554770318025,%,-0.03377971189484227,1.0
20200218,VIX,14.83,8.406432748538005,%,0.08071724395543628,4.0
20200219,VIX,14.38,-3.0343897505057282,%,-0.03081380385694006,1.0
20200220,VIX,15.56,8.205841446453398,%,0.07886516645734483,1.0
20200221,VIX,17.08,9.768637532133662,%,0.09320466961017813,1.0
20200224,VIX,25.03,46.54566744730681,%,0.3821669170832592,3.0
20200225,VIX,27.85,11.266480223731513,%,0.1067578609296101,1.0
20200226,VIX,27.56,-1.041292639138247,%,-0.010467520227835274,1.0
20200227,VIX,39.16,42.0899854862119,%,0.35129037151685183,1.0
20200228,VIX,40.11,2.425944841675176,%,0.023969862119651842,1.0
20200302,VIX,33.42,-16.679132385938665,%,-0.18247115661471383,3.0
20200303,VIX,36.82,10.173548773189701,%,0.09688665263768408,1.0
20200304,VIX,31.99,-13.117870722433466,%,-0.14061782184350524,1.0
20200305,VIX,39.62,23.851203501094087,%,0.2139106873089782,1.0
20200306,VIX,41.94,5.855628470469454,%,0.05690598420336896,1.0
20200309,VIX,54.46,29.85216976633287,%,0.2612264617718398,3.0
20200310,VIX,47.3,-13.14726404700698,%,-0.14095619174772628,1.0
20200311,VIX,53.9,13.953488372093027,%,0.13062018241706422,1.0
20200312,VIX,75.47,40.01855287569573,%,0.3366047483818256,1.0
20200313,VIX,57.83,-23.373525904332848,%,-0.26622755412665017,1.0
20200316,VIX,82.69,42.98806847656926,%,0.3575910035639485,3.0
20200317,VIX,75.91,-8.199298585076797,%,-0.08555024770539854,1.0
20200318,VIX,76.45,0.7113687261230517,%,0.0070885043463945795,1.0
20200319,VIX,72.0,-5.820797907128849,%,-0.05997081335901607,1.0
20200320,VIX,66.04,-8.277777777777773,%,-0.086405499964128,1.0
20200323,VIX,61.59,-6.738340399757725,%,-0.06976109935297539,3.0
20200324,VIX,61.67,0.12989121610651466,%,0.0012980693044495892,1.0
20200325,VIX,63.95,3.697097454191667,%,0.036303939021450266,1.0
20200326,VIX,61.0,-4.612978889757624,%,-0.04722766385154046,1.0
20200327,VIX,65.54,7.442622950819677,%,0.07178677909735734,1.0
20200330,VIX,57.08,-12.908147696063487,%,-0.13820685066203303,3.0
20200331,VIX,53.54,-6.201822004204627,%,-0.06402475451642924,1.0
20200401,VIX,57.06,6.574523720582759,%,0.06367430769314765,1.0
20200402,VIX,50.91,-10.778128286014732,%,-0.11404397787110943,1.0
20200403,VIX,46.8,-8.073070123747794,%,-0.08417616499064363,1.0
20200406,VIX,45.24,-3.3333333333333215,%,-0.03390155167568123,3.0
20200407,VIX,46.7,3.2272325375773736,%,0.031762513426932,1.0
20200408,VIX,43.35,-7.173447537473232,%,-0.07443746144830075,1.0
20200409,VIX,41.67,-3.875432525951561,%,-0.03952525779218881,1.0
20200413,VIX,41.17,-1.1999040076793865,%,-0.01207160965254878,4.0
20200414,VIX,37.76,-8.282730143308248,%,-0.08645949450451353,1.0
20200415,VIX,40.84,8.156779661016955,%,0.07841165201916492,1.0
20200416,VIX,40.11,-1.7874632713026584,%,-0.018036313514503445,1.0
20200417,VIX,38.15,-4.88656195462478,%,-0.050099922051495466,1.0
20200420,VIX,43.83,14.88859764089121,%,0.1387927567002517,3.0
20200421,VIX,45.41,3.6048368697239264,%,0.03541383067914189,1.0
20200422,VIX,41.98,-7.553402334287607,%,-0.07853903071737288,1.0
20200423,VIX,41.38,-1.4292520247736862,%,-0.014395642075089799,1.0
20200424,VIX,35.93,-13.17061382310295,%,-0.14122507119196964,1.0
20200427,VIX,33.29,-7.347620372947395,%,-0.07631554953849375,3.0
20200428,VIX,33.57,0.8410934214478916,%,0.008375759405010074,1.0
20200429,VIX,31.23,-6.970509383378021,%,-0.0722536396969564,1.0
20200430,VIX,34.15,9.34998398975344,%,0.08938341472181185,1.0
20200501,VIX,37.19,8.901903367496345,%,0.08527732192017964,1.0
20200504,VIX,35.97,-3.2804517343371864,%,-0.0333546502294461,3.0
20200505,VIX,33.61,-6.561023074784544,%,-0.06786161597051829,1.0
20200506,VIX,34.12,1.5174055340672288,%,0.015060080886463946,1.0
20200507,VIX,31.44,-7.854630715123079,%,-0.0818027550624724,1.0
20200508,VIX,27.98,-11.005089058524176,%,-0.1165909983236707,1.0
20200511,VIX,27.57,-1.4653323802716223,%,-0.014761744201629741,3.0
20200512,VIX,33.04,19.84040623866521,%,0.18099072361707189,1.0
20200513,VIX,35.28,6.779661016949157,%,0.06559728248581327,1.0
20200514,VIX,32.61,-7.568027210884354,%,-0.07869724133736279,1.0
20200515,VIX,31.89,-2.2079116835326595,%,-0.022326508779261522,1.0
20200518,VIX,29.3,-8.121668234556289,%,-0.08470496499894466,3.0
20200519,VIX,30.53,4.1979522184300455,%,0.041122290723764963,1.0
20200520,VIX,27.99,-8.319685555191626,%,-0.08686250321942444,1.0
20200521,VIX,29.53,5.501964987495533,%,0.053559392228469144,1.0
20200522,VIX,28.16,-4.639349813748739,%,-0.04750416446598974,1.0
20200526,VIX,28.01,-0.5326704545454475,%,-0.005340942017824424,4.0
20200527,VIX,27.62,-1.39235987147448,%,-0.014021441290871163,1.0
20200528,VIX,28.59,3.511947863866749,%,0.03451685835307424,1.0
20200529,VIX,27.51,-3.777544596012583,%,-0.03850743139773717,1.0
20200601,VIX,28.23,2.617230098146117,%,0.025835667328914673,3.0
20200602,VIX,26.84,-4.923839886645409,%,-0.05049193016191688,1.0
20200603,VIX,25.66,-4.3964232488822645,%,-0.04495995291599066,1.0
20200604,VIX,25.81,0.5845674201091056,%,0.005828654543031993,1.0
20200605,VIX,24.52,-4.998062766369626,%,-0.051272902662511874,1.0
20200608,VIX,25.81,5.261011419249595,%,0.051272902662511874,3.0
20200609,VIX,27.57,6.819062378922913,%,0.06596621130518301,1.0
20200610,VIX,27.57,0.0,%,0.0,1.0
20200611,VIX,40.79,47.95067101922379,%,0.3917087282937617,1.0
20200612,VIX,36.09,-11.52243196861975,%,-0.12242113467476978,1.0
20200615,VIX,34.4,-4.682737600443354,%,-0.04795925427534472,3.0
20200616,VIX,33.67,-2.1220930232558,%,-0.021449331206369406,1.0
20200617,VIX,33.47,-0.5940005940005988,%,-0.005957717949747924,1.0
20200618,VIX,32.94,-1.5835076187630803,%,-0.015961790473741067,1.0
20200619,VIX,35.12,6.618093503339395,%,0.06408304401742156,1.0
20200622,VIX,31.77,-9.5387243735763,%,-0.10024832048549104,3.0
20200623,VIX,31.37,-1.2590494176896394,%,-0.012670426078837952,1.0
20200624,VIX,33.84,7.873764743385414,%,0.07579151253543588,1.0
20200625,VIX,32.22,-4.787234042553202,%,-0.04905615698919431,1.0
20200626,VIX,34.73,7.7901924270639356,%,0.07501648900715434,1.0
20200629,VIX,31.78,-8.494097322199812,%,-0.08876670564741256,3.0
20200630,VIX,30.43,-4.247954688483324,%,-0.043408197199690225,1.0
20200701,VIX,28.62,-5.948077555044362,%,-0.061323189780574834,1.0
20200702,VIX,27.68,-3.284416491963671,%,-0.033395643378836125,1.0
20200706,VIX,27.94,0.9393063583815087,%,0.009349223079347,4.0
20200707,VIX,29.43,5.33285612025769,%,0.0519552084165656,1.0
20200708,VIX,28.08,-4.587155963302758,%,-0.0469569830877711,1.0
20200709,VIX,29.26,4.202279202279224,%,0.04116381643436809,1.0
20200710,VIX,27.29,-6.7327409432672685,%,-0.06970106087173124,1.0
20200713,VIX,32.19,17.955294979846094,%,0.16513551059046966,3.0
20200714,VIX,29.52,-8.294501397949672,%,-0.08658784557844502,1.0
20200715,VIX,27.76,-5.962059620596194,%,-0.061471864093667866,1.0
20200716,VIX,28.0,0.8645533141210304,%,0.008608374536600101,1.0
20200717,VIX,25.68,-8.285714285714285,%,-0.0864920313534435,1.0
20200720,VIX,24.46,-4.750778816199375,%,-0.04867334856273411,3.0
20200721,VIX,24.84,1.5535568274734235,%,0.015416126806251694,1.0
20200722,VIX,24.32,-2.093397745571657,%,-0.021156199967311738,1.0
20200723,VIX,26.08,7.2368421052631415,%,0.06986967996048579,1.0
20200724,VIX,25.84,-0.9202453987730008,%,-0.00924505814405105,1.0
20200727,VIX,24.74,-4.256965944272451,%,-0.04350231195005931,3.0
20200728,VIX,25.44,2.829426030719495,%,0.027901371507579677,1.0
20200729,VIX,24.1,-5.267295597484278,%,-0.0541108979753121,1.0
20200730,VIX,24.76,2.7385892116182475,%,0.027017607319785947,1.0
20200731,VIX,24.46,-1.2116316639741553,%,-0.012190317557369091,1.0
20200803,VIX,24.28,-0.7358953393295176,%,-0.007386164067728783,3.0
20200804,VIX,23.76,-2.1416803953871466,%,-0.0216494716968533,1.0
20200805,VIX,22.99,-3.240740740740755,%,-0.03294415571935415,1.0
20200806,VIX,22.65,-1.4789038712483715,%,-0.01489948684604718,1.0
20200807,VIX,22.21,-1.9426048565121312,%,-0.01961721402270685,1.0
20200810,VIX,22.13,-0.36019810895994153,%,-0.0036084838433779205,3.0
20200811,VIX,24.03,8.585630366018982,%,0.08236889568541927,1.0
20200812,VIX,22.28,-7.282563462338743,%,-0.07561363468929426,1.0
20200813,VIX,22.13,-0.6732495511669767,%,-0.006755260996125091,1.0
20200814,VIX,22.05,-0.36150022593763875,%,-0.003621552170103266,1.0
20200817,VIX,21.35,-3.1746031746031744,%,-0.032260862218221435,3.0
20200818,VIX,21.51,0.7494145199063329,%,0.007466203605005218,1.0
20200819,VIX,22.54,4.788470478847029,%,0.04677356533199138,1.0
20200820,VIX,22.72,0.7985803016858917,%,0.007954085241320357,1.0
20200821,VIX,22.54,-0.7922535211267623,%,-0.007954085241320375,1.0
20200824,VIX,22.37,-0.7542147293699952,%,-0.007570733109591865,3.0
20200825,VIX,22.03,-1.5198927134555174,%,-0.01531561468778645,1.0
20200826,VIX,23.27,5.62868815251929,%,0.05475981649994859,1.0
20200827,VIX,24.47,5.156854318865478,%,0.050282900140379796,1.0
20200828,VIX,22.96,-6.170821413976291,%,-0.06369430600321455,1.0
20200831,VIX,26.41,15.02613240418118,%,0.13998915485767516,3.0
20200901,VIX,26.12,-1.0980689132904176,%,-0.011041421900810509,1.0
20200902,VIX,26.57,1.7228177641653852,%,0.017081455363491774,1.0
20200903,VIX,33.6,26.458411742566803,%,0.23474330719743638,1.0
20200904,VIX,30.75,-8.482142857142861,%,-0.08863607271663171,1.0
20200908,VIX,31.46,2.3089430894309038,%,0.02282690337760498,4.0
20200909,VIX,28.81,-8.423394787031157,%,-0.08799434853369473,1.0
20200910,VIX,29.71,3.12391530718501,%,0.030761140378079206,1.0
20200911,VIX,26.87,-9.559071019858633,%,-0.10047326684711642,1.0
20200914,VIX,25.85,-3.796055080014882,%,-0.03869982167296167,3.0
20200915,VIX,25.59,-1.00580270793037,%,-0.010108950782740721,1.0
20200916,VIX,26.04,1.7584994138335253,%,0.017432167168671017,1.0
20200917,VIX,26.46,1.6129032258064502,%,0.01600034134644112,1.0
20200918,VIX,25.83,-2.3809523809523947,%,-0.02409755157906064,1.0
20200921,VIX,27.78,7.549361207897798,%,0.07277973021844862,3.0
20200922,VIX,26.86,-3.311735061195109,%,-0.03367814623110624,1.0
20200923,VIX,28.58,6.403574087862984,%,0.062068981406629746,1.0
20200924,VIX,28.51,-0.24492652204337606,%,-0.002452269577140614,1.0
20200925,VIX,26.38,-7.471062784987737,%,-0.07764875563541222,1.0
20200928,VIX,26.19,-0.7202426080363811,%,-0.00722848876954791,3.0
20200929,VIX,26.27,0.3054600992745238,%,0.003049945177827885,1.0
20200930,VIX,26.37,0.3806623524933439,%,0.0037993966677468778,1.0
20201001,VIX,26.7,1.2514220705347023,%,0.012436565041008563,1.0
20201002,VIX,27.63,3.483146067415732,%,0.03423857352912134,1.0
20201005,VIX,27.96,1.1943539630836053,%,0.011872778430284345,3.0
20201006,VIX,29.48,5.436337625178833,%,0.052937149955526404,1.0
20201007,VIX,28.06,-4.816824966078704,%,-0.04936699264682103,1.0
20201008,VIX,26.36,-6.058446186742694,%,-0.06249736504000841,1.0
20201009,VIX,25.0,-5.159332321699539,%,-0.05297188476610566,1.0
20201012,VIX,25.07,0.27999999999999137,%,0.002796087302001188,3.0
20201013,VIX,26.07,3.9888312724371655,%,0.03911331577520824,1.0
20201014,VIX,26.4,1.2658227848101111,%,0.012578782206859965,1.0
20201015,VIX,26.97,2.1590909090908994,%,0.021361126999368023,1.0
20201016,VIX,27.41,1.6314423433444691,%,0.016182773163055948,1.0
20201019,VIX,29.18,6.457497263772338,%,0.06257563277994509,3.0
20201020,VIX,29.35,0.5825908156271487,%,0.005809003179465935,1.0
20201021,VIX,28.65,-2.385008517887577,%,-0.024139103113357017,1.0
20201022,VIX,28.11,-1.8848167539266991,%,-0.019028058242308035,1.0
20201023,VIX,27.55,-1.9921736036997428,%,-0.020122849319516935,1.0
20201026,VIX,32.46,17.822141560798556,%,0.16400602648752172,3.0
20201027,VIX,33.35,2.7418361059765806,%,0.027049210275187512,1.0
20201028,VIX,40.28,20.779610194902553,%,0.18879729548872887,1.0
20201029,VIX,37.59,-6.6782522343594835,%,-0.06911701027427491,1.0
20201030,VIX,38.02,1.143921255653102,%,0.011374279484196505,1.0
20201102,VIX,37.13,-2.3408732246186226,%,-0.023687068871294396,3.0
20201103,VIX,35.55,-4.255319148936188,%,-0.04348511193973901,1.0
20201104,VIX,29.57,-16.821378340365676,%,-0.184179822384864,1.0
20201105,VIX,27.58,-6.729793709841059,%,-0.06966946149923013,1.0
20201106,VIX,24.86,-9.86221899927483,%,-0.10383078628259063,1.0
20201109,VIX,25.75,3.5800482703137515,%,0.03517454102718005,3.0
20201110,VIX,24.8,-3.689320388349515,%,-0.03759097393880867,1.0
20201111,VIX,23.45,-5.443548387096775,%,-0.05597315827864813,1.0
20201112,VIX,25.35,8.102345415778256,%,0.07790823514490385,1.0
20201113,VIX,23.1,-8.875739644970416,%,-0.09294611250944432,1.0
20201116,VIX,22.45,-2.813852813852824,%,-0.028542003339484662,3.0
20201117,VIX,22.71,1.158129175946554,%,0.01151474192920386,1.0
20201118,VIX,23.84,4.975781594011441,%,0.04855948607968184,1.0
20201119,VIX,23.11,-3.062080536912748,%,-0.031099417910859614,1.0
20201120,VIX,23.7,2.553007356122894,%,0.025209623854796175,1.0
20201123,VIX,22.66,-4.388185654008437,%,-0.04487379254122522,3.0
20201124,VIX,21.64,-4.501323918799649,%,-0.046057801621579506,1.0
20201125,VIX,21.25,-1.802218114602594,%,-0.018186558607854997,1.0
20201127,VIX,20.84,-1.9294117647058795,%,-0.019482678485259638,2.0
20201130,VIX,20.57,-1.2955854126679434,%,-0.013040513220300339,3.0
20201201,VIX,20.77,0.9722897423432242,%,0.009675934223155196,1.0
20201202,VIX,21.17,1.9258545979778718,%,0.01907544725875304,1.0
20201203,VIX,21.28,0.5196032120925898,%,0.005182579326669905,1.0
20201204,VIX,20.79,-2.3026315789473784,%,-0.023295562603522182,1.0
20201207,VIX,21.3,2.4531024531024626,%,0.024234970845457966,3.0
20201208,VIX,20.68,-2.9107981220657275,%,-0.029540023075151044,1.0
20201209,VIX,22.27,7.688588007736952,%,0.07407343162904795,1.0
20201210,VIX,22.52,1.122586439155815,%,0.011163322002213375,1.0
20201211,VIX,23.31,3.5079928952042483,%,0.03447864977617599,1.0
20201214,VIX,24.72,6.048906048906044,%,0.05873017954182421,3.0
20201215,VIX,22.89,-7.4029126213592145,%,-0.07691249862501459,1.0
20201216,VIX,22.5,-1.7038007863695914,%,-0.017184824754100856,1.0
20201217,VIX,21.93,-2.533333333333332,%,-0.025659746780577607,1.0
20201218,VIX,21.57,-1.641586867305056,%,-0.01655210202873176,1.0
20201221,VIX,25.16,16.64348632359758,%,0.15395197143117467,3.0
20201222,VIX,24.23,-3.6963434022257546,%,-0.03766389700380541,1.0
20201223,VIX,23.31,-3.7969459347915846,%,-0.038709081780768644,1.0
20201224,VIX,21.53,-7.636207636207626,%,-0.079435141671394,1.0
20201228,VIX,21.7,0.7895959126799745,%,0.007864949170142136,4.0
20201229,VIX,23.08,6.359447004608287,%,0.061654181093484875,1.0
20201230,VIX,22.77,-1.3431542461005197,%,-0.01352256156425056,1.0
20201231,VIX,22.75,-0.08783487044355942,%,-0.0008787346786887605,1.0
20210104,VIX,26.97,18.54945054945054,%,0.1701599917546791,4.0
20210105,VIX,25.34,-6.043752317389684,%,-0.06234096225864551,1.0
20210106,VIX,25.07,-1.0655090765588016,%,-0.010712262722790983,1.0
20210107,VIX,22.37,-10.769844435580367,%,-0.1139511366681637,1.0
20210108,VIX,21.56,-3.6209208761734613,%,-0.036881029461241985,1.0
20210111,VIX,24.08,11.688311688311682,%,0.11054187439982383,3.0
20210112,VIX,23.33,-3.114617940199338,%,-0.031641534407281714,1.0
20210113,VIX,22.21,-4.800685812258887,%,-0.04919744812700245,1.0
20210114,VIX,23.25,4.682575416479051,%,0.045762494127029124,1.0
20210115,VIX,24.34,4.688172043010752,%,0.04581595552601579,1.0
20210119,VIX,23.24,-4.519309778142977,%,-0.04624615557567066,4.0
20210120,VIX,21.58,-7.14285714285714,%,-0.07410797215372185,1.0
20210121,VIX,21.32,-1.2048192771084265,%,-0.012121360532344737,1.0
20210122,VIX,21.91,2.767354596622895,%,0.02729755430973142,1.0
20210125,VIX,23.19,5.842081241442276,%,0.05677799766006525,3.0
20210126,VIX,23.02,-0.7330746011211753,%,-0.007357747973703723,1.0
20210127,VIX,37.21,61.64205039096438,%,0.48021413906479454,1.0
20210128,VIX,30.21,-18.812147272238644,%,-0.2084045469599505,1.0
20210129,VIX,33.09,9.533267130089374,%,0.09105812653494016,1.0
20210201,VIX,30.24,-8.612873980054413,%,-0.09006557062218873,3.0
20210202,VIX,25.56,-15.476190476190476,%,-0.1681369218019982,1.0
20210203,VIX,22.91,-10.36776212832551,%,-0.1094551330439299,1.0
20210204,VIX,21.77,-4.975993016150159,%,-0.05104062121894815,1.0
20210205,VIX,20.87,-4.134129536058795,%,-0.04222015415734667,1.0
20210208,VIX,21.24,1.772879731672239,%,0.017573475284628527,3.0
20210209,VIX,21.63,1.836158192090398,%,0.01819504359122934,1.0
20210210,VIX,21.99,1.664355062413314,%,0.016506564601702408,1.0
20210211,VIX,21.25,-3.3651659845384208,%,-0.03423090919624392,1.0
20210212,VIX,19.97,-6.0235294117647165,%,-0.0621257479427021,1.0
20210216,VIX,21.46,7.461191787681543,%,0.07195958977482875,4.0
20210217,VIX,21.5,0.18639328984155767,%,0.001862197931064621,1.0
20210218,VIX,22.49,4.604651162790696,%,0.04501783083760719,1.0
20210219,VIX,22.05,-1.9564250778123515,%,-0.01975816407836922,1.0
20210222,VIX,23.45,6.349206349206349,%,0.061557892999433365,3.0
20210223,VIX,23.11,-1.449893390191892,%,-0.014605070605998955,1.0
20210224,VIX,21.34,-7.659022068368671,%,-0.07968217841268203,1.0
20210225,VIX,28.89,35.37956888472353,%,0.3029122686045366,1.0
20210226,VIX,27.95,-3.2537210107303594,%,-0.03307831487703574,1.0
20210301,VIX,23.35,-16.45796064400715,%,-0.1798202154862018,3.0
20210302,VIX,24.1,3.2119914346895095,%,0.03161485638170301,1.0
20210303,VIX,26.67,10.663900414937766,%,0.10132749769731365,1.0
20210304,VIX,28.57,7.124109486314212,%,0.06881787804875882,1.0
20210305,VIX,24.66,-13.685684284214206,%,-0.1471747185064834,1.0
20210308,VIX,25.47,3.2846715328467058,%,0.03231879125516731,3.0
20210309,VIX,24.03,-5.653710247349819,%,-0.05819823924298805,1.0
20210310,VIX,22.56,-6.117353308364559,%,-0.06312462311851956,1.0
20210311,VIX,21.91,-2.8812056737588576,%,-0.029235273022482914,1.0
20210312,VIX,20.69,-5.568233683249657,%,-0.05729266184992349,1.0
20210315,VIX,20.03,-3.189946834219426,%,-0.03241934207972474,3.0
20210316,VIX,19.79,-1.1982026959560743,%,-0.012054390063252611,1.0
20210317,VIX,19.23,-2.8297119757453193,%,-0.028705200013785927,1.0
20210318,VIX,21.58,12.220488819552777,%,0.1152954002293002,1.0
20210319,VIX,20.95,-2.919369786839665,%,-0.02962831346184185,1.0
20210322,VIX,18.88,-9.880668257756565,%,-0.10403548565079211,3.0
20210323,VIX,20.3,7.521186440677985,%,0.0725177253303872,1.0
20210324,VIX,21.2,4.433497536945796,%,0.04338029563022496,1.0
20210325,VIX,19.81,-6.5566037735849125,%,-0.06781432096750728,1.0
20210326,VIX,18.86,-4.795557799091366,%,-0.0491435835051481,1.0
20210329,VIX,20.74,9.968186638388122,%,0.09502092559606982,3.0
20210330,VIX,19.61,-5.448408871745414,%,-0.0560245625931263,1.0
20210331,VIX,19.4,-1.0708822029576792,%,-0.01076657413897251,1.0
20210401,VIX,17.33,-10.670103092783512,%,-0.1128339623417678,1.0
20210405,VIX,17.91,3.3467974610502216,%,0.03292011234510589,4.0
20210406,VIX,18.12,1.1725293132328396,%,0.011657084542212948,1.0
20210407,VIX,17.16,-5.298013245033117,%,-0.0544352065550171,1.0
20210408,VIX,16.95,-1.2237762237762295,%,-0.012313260233357014,1.0
20210409,VIX,16.69,-1.5339233038347944,%,-0.015458096152715418,1.0
20210412,VIX,16.91,1.3181545835829755,%,0.01309542523674514,3.0
20210413,VIX,16.65,-1.5375517445298748,%,-0.015494946484036206,1.0
20210414,VIX,16.99,2.042042042042036,%,0.020214719257387763,1.0
20210415,VIX,16.57,-2.4720423778693212,%,-0.02503110424536897,1.0
20210416,VIX,16.25,-1.931200965600488,%,-0.019500922662725104,1.0
20210419,VIX,17.29,6.400000000000006,%,0.0620353909194527,3.0
20210420,VIX,18.68,8.039329091960678,%,0.0773251331054975,1.0
20210421,VIX,17.5,-6.316916488222701,%,-0.06525255187122822,1.0
20210422,VIX,18.71,6.914285714285717,%,0.0668572593565299,1.0
20210423,VIX,17.33,-7.37573490112241,%,-0.0766190365584837,1.0
20210426,VIX,17.64,1.7888055395268498,%,0.017729946851130707,3.0
20210427,VIX,17.56,-0.45351473922903285,%,-0.004545462371674722,1.0
20210428,VIX,17.28,-1.5945330296127436,%,-0.016073824831060908,1.0
20210429,VIX,17.61,1.9097222222222099,%,0.018917159132205087,1.0
20210430,VIX,18.61,5.678591709256109,%,0.05523214814604466,1.0
20210503,VIX,18.31,-1.6120365394948988,%,-0.01625171196774008,3.0
20210504,VIX,19.48,6.389950846531955,%,0.06194093952796975,1.0
20210505,VIX,19.15,-1.6940451745379947,%,-0.017085582587734117,1.0
20210506,VIX,18.39,-3.9686684073106937,%,-0.040495677010425155,1.0
20210507,VIX,16.69,-9.24415443175639,%,-0.09699730094248603,1.0
20210510,VIX,19.66,17.79508687837028,%,0.16377637704527678,3.0
20210511,VIX,21.84,11.088504577822999,%,0.10515703615768388,1.0
20210512,VIX,27.59,26.327838827838825,%,0.23371023735249039,1.0
20210513,VIX,23.13,-16.16527727437478,%,-0.17632291198584696,1.0
20210514,VIX,18.81,-18.67704280155642,%,-0.2067418329304088,1.0
20210517,VIX,19.72,4.837852206273263,%,0.04724470586155038,3.0
20210518,VIX,21.34,8.215010141987843,%,0.07894989669911809,1.0
20210519,VIX,22.18,3.936269915651369,%,0.03860773604861377,1.0
20210520,VIX,20.67,-6.807935076645622,%,-0.07050760822854403,1.0
20210521,VIX,20.15,-2.515723270440262,%,-0.025479085300985013,1.0
20210524,VIX,18.4,-8.684863523573206,%,-0.0908536237777521,3.0
20210525,VIX,18.84,2.3913043478260843,%,0.023631604533277038,1.0
20210526,VIX,17.36,-7.855626326963905,%,-0.08181355991601287,1.0
20210527,VIX,16.74,-3.571428571428581,%,-0.03636764417087495,1.0
20210528,VIX,16.76,0.11947431302272715,%,0.0011940299926079903,1.0
20210601,VIX,17.9,6.801909307875875,%,0.06580561779277215,4.0
20210602,VIX,17.48,-2.346368715083791,%,-0.02374334261931983,1.0
20210603,VIX,18.04,3.203661327231111,%,0.0315341444070881,1.0
20210604,VIX,16.42,-8.980044345897987,%,-0.09409141061019524,1.0
20210607,VIX,16.42,0.0,%,0.0,3.0
20210608,VIX,17.07,3.9585870889159436,%,0.038822432782066964,1.0
20210609,VIX,17.89,4.803749267721158,%,0.04691936071427864,1.0
20210610,VIX,16.1,-10.005589714924534,%,-0.10542262553021042,1.0
20210611,VIX,15.65,-2.795031055900632,%,-0.0283483550042552,1.0
20210614,VIX,16.39,4.728434504792323,%,0.046200475769576005,3.0
20210615,VIX,17.02,3.843807199511895,%,0.03771773038948974,1.0
20210616,VIX,18.15,6.639247943595761,%,0.06428143756563162,1.0
20210617,VIX,17.75,-2.2038567493112837,%,-0.022285044789434872,1.0
20210618,VIX,20.7,16.619718309859156,%,0.1537481843498986,1.0
20210621,VIX,17.89,-13.574879227053138,%,-0.14589180275069558,3.0
20210622,VIX,16.66,-6.875349357182781,%,-0.07123126078193112,1.0
20210623,VIX,16.32,-2.0408163265306145,%,-0.020619287202735703,1.0
20210624,VIX,15.97,-2.1446078431372473,%,-0.021679387309039806,1.0
20210625,VIX,15.62,-2.1916092673763377,%,-0.02215981781538123,1.0
20210628,VIX,15.76,0.8962868117797784,%,0.008922940018193248,3.0
20210629,VIX,16.02,1.6497461928933976,%,0.016362857210480062,1.0
20210630,VIX,15.83,-1.1860174781523014,%,-0.0119310677472923,1.0
20210701,VIX,15.48,-2.210991787744787,%,-0.02235800573133971,1.0
20210702,VIX,15.07,-2.6485788113695063,%,-0.026842855523176938,1.0
20210706,VIX,16.44,9.090909090909104,%,0.0870113769896299,4.0
20210707,VIX,16.2,-1.4598540145985495,%,-0.014706147389695562,1.0
20210708,VIX,19.0,17.28395061728396,%,0.15942773692810217,1.0
20210709,VIX,16.18,-14.842105263157901,%,-0.1606630675360949,1.0
20210712,VIX,16.17,-0.06180469715697523,%,-0.0006182380413300661,3.0
20210713,VIX,17.12,5.875077303648735,%,0.05708969712458059,1.0
20210714,VIX,16.33,-4.614485981308425,%,-0.04724346373122244,1.0
20210715,VIX,17.01,4.16411512553585,%,0.0407974994253969,1.0
20210716,VIX,18.45,8.465608465608444,%,0.08126296407876558,1.0
20210719,VIX,22.5,21.95121951219512,%,0.19845093872383823,3.0
20210720,VIX,19.73,-12.311111111111106,%,-0.13137498917585042,1.0
20210721,VIX,17.91,-9.224531170805882,%,-0.0967811039619036,1.0
20210722,VIX,17.69,-1.2283640424343933,%,-0.012359707900926494,1.0
20210723,VIX,17.2,-2.7699265121537753,%,-0.028090124352286715,1.0
20210726,VIX,17.58,2.209302325581386,%,0.02185250843762349,3.0
20210727,VIX,19.36,10.125142207053472,%,0.09644718959140004,1.0
20210728,VIX,18.31,-5.423553719008267,%,-0.055761723162011646,1.0
20210729,VIX,17.7,-3.331512834516659,%,-0.0338827191066359,1.0
20210730,VIX,18.24,3.050847457627115,%,0.030052345066401837,1.0
20210802,VIX,19.46,6.688596491228083,%,0.06474409211167378,3.0
20210803,VIX,18.04,-7.29701952723536,%,-0.07576956212338146,1.0
20210804,VIX,17.97,-0.388026607538805,%,-0.0038878138390099504,1.0
20210805,VIX,17.28,-3.839732888146896,%,-0.03915393741955795,1.0
20210806,VIX,16.15,-6.539351851851871,%,-0.06762971370724423,1.0
20210809,VIX,16.72,3.529411764705892,%,0.03468555798789011,3.0
20210810,VIX,16.79,0.4186602870813516,%,0.004177863432894006,1.0
20210811,VIX,16.06,-4.34782608695653,%,-0.04445176257083392,1.0
20210812,VIX,15.59,-2.926525529265245,%,-0.029702025448930355,1.0
20210813,VIX,15.45,-0.8980115458627314,%,-0.009020679725930672,1.0
20210816,VIX,16.12,4.33656957928803,%,0.042451733734727805,3.0
20210817,VIX,17.91,11.10421836228288,%,0.10529847899413819,1.0
20210818,VIX,21.57,20.435510887772203,%,0.18594424432844467,1.0
20210819,VIX,21.67,0.46360686138156026,%,0.004625355147202788,1.0
20210820,VIX,18.56,-14.351638209506245,%,-0.15492008819021336,1.0
20210823,VIX,17.15,-7.596982758620696,%,-0.07901055374610566,3.0
20210824,VIX,17.22,0.40816326530612734,%,0.004073325387635869,1.0
20210825,VIX,16.79,-2.4970963995354256,%,-0.02528802791013531,1.0
20210826,VIX,18.84,12.209648600357358,%,0.11519879805876758,1.0
20210827,VIX,16.39,-13.004246284501054,%,-0.13931087639247858,1.0
20210830,VIX,16.19,-1.220256253813301,%,-0.012277625066194557,3.0
20210831,VIX,16.48,1.7912291537986347,%,0.017753756791781816,1.0
20210901,VIX,16.11,-2.2451456310679685,%,-0.022707327292442705,1.0
20210902,VIX,16.41,1.862197392923659,%,0.018450707913116607,1.0
20210903,VIX,16.41,0.0,%,0.0,1.0
20210907,VIX,18.14,10.542352224253504,%,0.10022853958499102,4.0
20210908,VIX,17.96,-0.9922822491730932,%,-0.00997238181293695,1.0
20210909,VIX,18.8,4.677060133630295,%,0.045709806961850036,1.0
20210910,VIX,20.95,11.436170212765951,%,0.10828177653224315,1.0
20210913,VIX,19.37,-7.541766109785197,%,-0.07841316894924216,3.0
20210914,VIX,19.46,0.4646360351058254,%,0.004635599338954411,1.0
20210915,VIX,18.18,-6.57759506680371,%,-0.06803898800852634,1.0
20210916,VIX,18.69,2.8052805280528226,%,0.02766653271813886,1.0
20210917,VIX,20.81,11.342964151952906,%,0.1074450189380715,1.0
20210920,VIX,25.71,23.546371936568967,%,0.21144638087225512,3.0
20210921,VIX,24.36,-5.2508751458576475,%,-0.053937578436101884,1.0
20210922,VIX,20.87,-14.326765188834145,%,-0.1546297217525868,1.0
20210923,VIX,18.63,-10.733109726880697,%,-0.11353953647561237,1.0
20210924,VIX,17.75,-4.723564143853998,%,-0.048387668692072276,1.0
20210927,VIX,18.76,5.690140845070424,%,0.05534142765665383,3.0
20210928,VIX,23.25,23.93390191897653,%,0.2145781884552866,1.0
20210929,VIX,22.56,-2.9677419354838808,%,-0.030126705403507273,1.0
20210930,VIX,23.14,2.5709219858156107,%,0.025384295135672443,1.0
20211001,VIX,21.15,-8.599827139152993,%,-0.08992281627324367,1.0
20211004,VIX,22.96,8.55791962174941,%,0.08211366595907871,3.0
20211005,VIX,21.3,-7.229965156794426,%,-0.07504649873598626,1.0
20211006,VIX,21.0,-1.4084507042253502,%,-0.014184634991956413,1.0
20211007,VIX,19.54,-6.952380952380954,%,-0.07205879110878634,1.0
20211008,VIX,18.77,-3.94063459570112,%,-0.04020379601621917,1.0
20211011,VIX,20.0,6.553010122535974,%,0.06347242295557366,3.0
20211012,VIX,19.85,-0.7499999999999951,%,-0.0075282664207915245,1.0
20211013,VIX,18.64,-6.095717884130991,%,-0.06289419787575438,1.0
20211014,VIX,16.86,-9.549356223175975,%,-0.10036585668373584,1.0
20211015,VIX,16.3,-3.3214709371292894,%,-0.03377884476099264,1.0
20211018,VIX,16.31,0.061349693251511184,%,0.0006133088202056268,3.0
20211019,VIX,15.7,-3.7400367872470808,%,-0.038117704278660056,1.0
20211020,VIX,15.49,-1.3375796178343946,%,-0.013466057925485107,1.0
20211021,VIX,15.01,-3.0987734021949653,%,-0.03147800878340669,1.0
20211022,VIX,15.43,2.7981345769487076,%,0.02759702072969895,1.0
20211025,VIX,15.24,-1.2313674659753748,%,-0.012390116116569278,3.0
20211026,VIX,15.98,4.855643044619429,%,0.04741439007962845,1.0
20211027,VIX,16.98,6.2578222778473025,%,0.060698240545072585,1.0
20211028,VIX,16.53,-2.6501766784452263,%,-0.026859269050268413,1.0
20211029,VIX,16.26,-1.6333938294010864,%,-0.016468807713268252,1.0
20211101,VIX,16.41,0.9225092250922495,%,0.009182800982334982,3.0
20211102,VIX,16.03,-2.3156611822059636,%,-0.02342893848053786,1.0
20211103,VIX,15.1,-5.801621958827208,%,-0.05976722280058303,1.0
20211104,VIX,15.44,2.251655629139071,%,0.02226680077575145,1.0
20211105,VIX,16.48,6.735751295336789,%,0.06518597988469554,1.0
20211108,VIX,17.22,4.490291262135915,%,0.04392397451825903,3.0
20211109,VIX,17.78,3.252032520325221,%,0.03200273108617395,1.0
20211110,VIX,18.73,5.343082114735664,%,0.05205228637023868,1.0
20211111,VIX,17.66,-5.712760277629469,%,-0.05882432128018317,1.0
20211112,VIX,16.29,-7.757644394110996,%,-0.0807507725618603,1.0
20211115,VIX,16.49,1.2277470841006721,%,0.012202713957553742,3.0
20211116,VIX,16.37,-0.7277137659187249,%,-0.007303745188463861,1.0
20211117,VIX,17.11,4.520464263897361,%,0.04421269652105846,1.0
20211118,VIX,17.59,2.805376972530693,%,0.02766747084536478,1.0
20211119,VIX,17.91,1.8192154633314361,%,0.018028657323153587,1.0
20211122,VIX,19.17,7.035175879396993,%,0.0679873409849328,3.0
20211123,VIX,19.38,1.0954616588419341,%,0.010895049405066982,1.0
20211124,VIX,18.58,-4.127966976264197,%,-0.04215587307692779,1.0
20211126,VIX,28.62,54.03659849300324,%,0.43202004074261247,2.0
20211129,VIX,22.96,-19.77638015373865,%,-0.22035220267693922,3.0
20211130,VIX,27.19,18.42334494773519,%,0.16909568719301363,1.0
20211201,VIX,31.12,14.453843324751748,%,0.13500144066581152,1.0
20211202,VIX,27.95,-10.186375321336772,%,-0.10743349970908281,1.0
20211203,VIX,30.67,9.731663685152059,%,0.09286777852505201,1.0
20211206,VIX,27.18,-11.3791979132703,%,-0.12080356940316256,3.0
20211207,VIX,21.89,-19.462840323767473,%,-0.21645149718822604,1.0
20211208,VIX,19.9,-9.090909090909104,%,-0.09531017980432502,1.0
20211209,VIX,21.58,8.442211055276383,%,0.0810472280995419,1.0
20211210,VIX,18.69,-13.392029657089887,%,-0.14377833836251702,1.0
20211213,VIX,20.31,8.667736757624379,%,0.08312475412482166,3.0
20211214,VIX,21.89,7.779419005416055,%,0.0749165359424783,1.0
20211215,VIX,19.29,-11.877569666514399,%,-0.12644308461713394,1.0
20211216,VIX,20.57,6.635562467599798,%,0.06424687674722813,1.0
20211217,VIX,21.57,4.861448711716099,%,0.047469756736199284,1.0
20211220,VIX,22.87,6.026889197960128,%,0.058522547633624744,3.0
20211221,VIX,21.01,-8.132925229558374,%,-0.08482749317778074,1.0
20211222,VIX,18.63,-11.327939076630189,%,-0.1202253302434121,1.0
20211223,VIX,17.96,-3.596349973161561,%,-0.036626121739443476,1.0
20211227,VIX,17.68,-1.5590200445434355,%,-0.015713005664556225,4.0
20211228,VIX,17.54,-0.7918552036199178,%,-0.007950070265460478,1.0
20211229,VIX,16.95,-3.3637400228050174,%,-0.03421615311757772,1.0
20211230,VIX,17.33,2.2418879056047114,%,0.022171269901055363,1.0
20211231,VIX,17.22,-0.6347374495095148,%,-0.006367604727929907,1.0
20220103,VIX,16.6,-3.6004645760743137,%,-0.036668803637087,3.0
20220104,VIX,16.91,1.8674698795180689,%,0.01850246754799135,1.0
20220105,VIX,19.73,16.67652276759315,%,0.15423515712403513,1.0
20220106,VIX,19.61,-0.608210846426771,%,-0.006100679826269165,1.0
20220107,VIX,18.76,-4.334523202447715,%,-0.04431269663017613,1.0
20220110,VIX,19.4,3.4115138592750283,%,0.03354612249120359,3.0
20220111,VIX,18.41,-5.103092783505147,%,-0.05237907082429589,1.0
20220112,VIX,17.62,-4.2911461162411735,%,-0.04385937473695304,1.0
20220113,VIX,20.31,15.266742338251982,%,0.14207875508425982,1.0
20220114,VIX,19.19,-5.514524864598702,%,-0.056724065572684584,1.0
20220118,VIX,22.79,18.759770713913483,%,0.17193253323798421,4.0
20220119,VIX,23.85,4.651162790697683,%,0.04546237407675741,1.0
20220120,VIX,25.59,7.295597484276728,%,0.07041743283734721,1.0
20220121,VIX,28.85,12.739351309105128,%,0.11990834278241122,1.0
20220124,VIX,29.9,3.6395147313691423,%,0.03574848744253209,3.0
20220125,VIX,31.16,4.21404682274249,%,0.041276740605906914,1.0
20220126,VIX,31.96,2.5673940949935803,%,0.02534989989552639,1.0
20220127,VIX,30.49,-4.599499374217775,%,-0.04708635989791053,1.0
20220128,VIX,27.66,-9.281731715316488,%,-0.09741143476355116,1.0
20220131,VIX,24.83,-10.23138105567607,%,-0.10793472671653695,3.0
20220201,VIX,21.96,-11.558598469593228,%,-0.1228299828787453,1.0
20220202,VIX,22.09,0.5919854280509895,%,0.005902400790695801,1.0
20220203,VIX,24.35,10.230873698506127,%,0.09740683209657312,1.0
20220204,VIX,23.22,-4.640657084188926,%,-0.04751787325885351,1.0
20220207,VIX,22.86,-1.5503875968992276,%,-0.01562531790308087,3.0
20220208,VIX,21.44,-6.211723534558178,%,-0.06413032216406334,1.0
20220209,VIX,19.96,-6.902985074626866,%,-0.07152806531928332,1.0
20220210,VIX,23.91,19.789579158316627,%,0.1805665105869154,1.0
20220211,VIX,27.36,14.429109159347542,%,0.13478531128411625,1.0
20220214,VIX,28.33,3.5453216374268903,%,0.03483922108807537,3.0
20220215,VIX,25.7,-9.283445111189547,%,-0.09743032194125102,1.0
20220216,VIX,24.29,-5.486381322957201,%,-0.056426248887093015,1.0
20220217,VIX,28.11,15.726636475916012,%,0.14606064190435936,1.0
20220218,VIX,27.75,-1.2806830309498363,%,-0.012889544725996958,1.0
20220222,VIX,28.81,3.819819819819825,%,0.03748670890399365,4.0
20220223,VIX,31.02,7.670947587643173,%,0.07390960865195559,1.0
20220224,VIX,30.32,-2.2566086395873652,%,-0.02282459697422188,1.0
20220225,VIX,27.59,-9.003957783641159,%,-0.09435417254497618,1.0
20220228,VIX,30.15,9.278724175425879,%,0.08873153494399973,3.0
20220301,VIX,33.32,10.514096185737976,%,0.09997289412544748,1.0
20220302,VIX,30.74,-7.743097238895569,%,-0.08059307918819225,1.0
20220303,VIX,30.48,-0.8458035133376618,%,-0.008494007292004188,1.0
20220304,VIX,31.98,4.921259842519676,%,0.048039976587362566,1.0
20220307,VIX,36.45,13.977485928705446,%,0.13083075104885902,3.0
20220308,VIX,35.13,-3.6213991769547316,%,-0.03688599217693148,1.0
20220309,VIX,32.45,-7.628807287218898,%,-0.07935502312763662,1.0
20220310,VIX,30.23,-6.841294298921429,%,-0.07086563435873244,1.0
20220311,VIX,30.75,1.7201455507773744,%,0.0170551854611602,1.0
20220314,VIX,31.77,3.3170731707317103,%,0.03263245402889793,3.0
20220315,VIX,29.83,-6.106389675794777,%,-0.06300784975476766,1.0
20220316,VIX,26.67,-10.593362386858852,%,-0.11197526033273407,1.0
20220317,VIX,25.67,-3.749531308586429,%,-0.03821634331087388,1.0
20220318,VIX,23.87,-7.012076353720298,%,-0.07270055453231034,1.0
20220321,VIX,23.53,-1.4243820695433618,%,-0.014346237611467631,3.0
20220322,VIX,22.94,-2.5074373140671513,%,-0.025394091038046514,1.0
20220323,VIX,23.57,2.7462946817785383,%,0.027092605246814973,1.0
20220324,VIX,21.67,-8.061094611794651,%,-0.08404590139977201,1.0
20220325,VIX,20.81,-3.9686202122750536,%,-0.040495175142724826,1.0
20220328,VIX,19.63,-5.670350792888035,%,-0.058374632117173364,3.0
20220329,VIX,18.9,-3.7187977585328658,%,-0.03789708622277308,1.0
20220330,VIX,19.33,2.2751322751322745,%,0.022496371154642827,1.0
20220331,VIX,20.56,6.363166063114334,%,0.061689147366724865,1.0
20220401,VIX,19.63,-4.52334630350194,%,-0.04628843229859461,1.0
20220404,VIX,18.57,-5.399898115129897,%,-0.05551163292375521,3.0
20220405,VIX,21.03,13.247172859450739,%,0.1244026143499941,1.0
20220406,VIX,22.1,5.0879695672848335,%,0.04962761880909874,1.0
20220407,VIX,21.55,-2.488687782805432,%,-0.025201791973950362,1.0
20220408,VIX,21.16,-1.8097447795823673,%,-0.01826320955965817,1.0
20220411,VIX,24.37,15.170132325141772,%,0.14124026064701617,3.0
20220412,VIX,24.26,-0.45137464095198476,%,-0.004523964121210731,1.0
20220413,VIX,21.82,-10.057708161582857,%,-0.10600192311097936,1.0
20220414,VIX,22.7,4.032997250229142,%,0.03953794408243218,1.0
20220418,VIX,22.17,-2.3348017621145245,%,-0.023624900859136762,4.0
20220419,VIX,21.37,-3.608479927830399,%,-0.036751954297163825,1.0
20220420,VIX,20.32,-4.9134300421151185,%,-0.05038244662077515,1.0
20220421,VIX,22.68,11.61417322834646,%,0.10987785614927019,1.0
20220422,VIX,28.21,24.382716049382715,%,0.2181930461543536,1.0
20220425,VIX,27.02,-4.218362282878418,%,-0.04309919248185219,3.0
20220426,VIX,33.52,24.056254626202822,%,0.21556494308182958,1.0
20220427,VIX,31.6,-5.727923627684972,%,-0.05898515502101594,1.0
20220428,VIX,29.99,-5.094936708860764,%,-0.05229312783194876,1.0
20220429,VIX,33.4,11.370456818939644,%,0.107691907221737,1.0
20220502,VIX,32.34,-3.1736526946107624,%,-0.03225104583369378,3.0
20220503,VIX,29.25,-9.554730983302417,%,-0.10042528047109535,1.0
20220504,VIX,25.42,-13.094017094017085,%,-0.1403433079165574,1.0
20220505,VIX,31.2,22.738001573564116,%,0.2048818290541286,1.0
20220506,VIX,30.19,-3.2371794871794757,%,-0.032907351096689116,1.0
20220509,VIX,34.75,15.104339185160654,%,0.14066882829205374,3.0
20220510,VIX,32.99,-5.0647482014388405,%,-0.05197508677031099,1.0
20220511,VIX,32.56,-1.303425280387993,%,-0.013119944106150474,1.0
20220512,VIX,31.77,-2.4262899262899373,%,-0.024562092852914878,1.0
20220513,VIX,28.87,-9.128108278249913,%,-0.09571945460658098,1.0
20220516,VIX,27.47,-4.849324558365087,%,-0.04970849356766125,3.0
20220517,VIX,26.1,-4.987258827812147,%,-0.05115918577853464,1.0
20220518,VIX,30.96,18.620689655172406,%,0.1707607343928786,1.0
20220519,VIX,29.35,-5.200258397932811,%,-0.053403502447420856,1.0
20220520,VIX,29.43,0.2725724020442799,%,0.002722015971275821,1.0
20220523,VIX,28.48,-3.2279986408426775,%,-0.03281247570160639,3.0
20220524,VIX,29.45,3.4058988764045006,%,0.03349182355382076,1.0
20220525,VIX,28.37,-3.6672325976230824,%,-0.037361661276835656,1.0
20220526,VIX,27.5,-3.0666196686640834,%,-0.031146244148234387,1.0
20220527,VIX,25.72,-6.472727272727274,%,-0.06691710530310699,1.0
20220530,VIX,26.54,3.188180404354579,%,0.03138412953464273,3.0
20220531,VIX,26.19,-1.3187641296156682,%,-0.01327537038444086,1.0
20220601,VIX,25.69,-1.9091256204658236,%,-0.01927584739782829,1.0
20220602,VIX,24.72,-3.7757882444531043,%,-0.038489178532302284,1.0
20220603,VIX,24.79,0.28317152103560783,%,0.002827713457609205,1.0
20220606,VIX,25.07,1.1294876966518874,%,0.011231566123103002,3.0
20220607,VIX,24.02,-4.188272836059037,%,-0.04278509551836457,1.0
20220608,VIX,23.96,-0.24979184013321776,%,-0.002501043404588837,1.0
20220609,VIX,26.09,8.889816360601,%,0.08516632590138844,1.0
20220610,VIX,27.75,6.362591031046372,%,0.061683741043806396,1.0
20220613,VIX,34.02,22.594594594594607,%,0.2037127467752723,3.0
20220614,VIX,32.69,-3.9094650205761527,%,-0.03987936623159667,1.0
20220615,VIX,29.62,-9.39125114713979,%,-0.09861941189646643,1.0
20220616,VIX,32.95,11.242403781228916,%,0.10654145210886365,1.0
20220617,VIX,31.13,-5.523520485584232,%,-0.05681927649499957,1.0
20220620,VIX,31.03,-0.3212335367812291,%,-0.0032175059932278596,3.0
20220621,VIX,30.19,-2.7070576861102147,%,-0.027443734741541385,1.0
20220622,VIX,28.95,-4.107320304736673,%,-0.041940539699743234,1.0
20220623,VIX,29.05,0.3454231433505983,%,0.0034482792789159236,1.0
20220624,VIX,27.23,-6.2650602409638605,%,-0.06469917661225205,1.0
20220627,VIX,26.95,-1.0282776349614386,%,-0.01033600933066206,3.0
20220628,VIX,28.36,5.231910946196661,%,0.05099640430892059,1.0
20220629,VIX,28.16,-0.7052186177715081,%,-0.007077170374085087,1.0
20220630,VIX,28.71,1.953125,%,0.019342962843130935,1.0
20220701,VIX,26.7,-7.0010449320794255,%,-0.07258192872676886,1.0
20220704,VIX,27.53,3.1086142322097388,%,0.03061275374831211,3.0
20220705,VIX,27.54,0.03632401017070741,%,0.0003631741459926869,1.0
20220706,VIX,26.73,-2.941176470588236,%,-0.02985296314968116,1.0
20220707,VIX,26.08,-2.4317246539468873,%,-0.024617793092375544,1.0
20220708,VIX,24.64,-5.521472392638027,%,-0.05679759839313307,1.0
20220711,VIX,26.17,6.20941558441559,%,0.06024257787673551,3.0
20220712,VIX,27.29,4.279709591134884,%,0.04190661817819258,1.0
20220713,VIX,26.82,-1.7222425796995178,%,-0.01737245686671458,1.0
20220714,VIX,26.4,-1.5659955257270708,%,-0.015783867701262,1.0
20220715,VIX,24.23,-8.219696969696965,%,-0.08577247532383607,1.0
20220718,VIX,25.3,4.4160132067684765,%,0.043212860905040264,3.0
20220719,VIX,24.5,-3.1620553359683834,%,-0.032131278182793294,1.0
20220720,VIX,23.88,-2.5306122448979673,%,-0.025631829026280046,1.0
20220721,VIX,23.11,-3.2244556113902867,%,-0.032775864238112,1.0
20220722,VIX,23.03,-0.3461704889658135,%,-0.003467710453695508,1.0
20220725,VIX,23.36,1.4329135909682877,%,0.014227444127432336,3.0
20220726,VIX,24.69,5.693493150684947,%,0.05537314539706198,1.0
20220727,VIX,23.24,-5.872823005265304,%,-0.06052337137337781,1.0
20220728,VIX,22.33,-3.915662650602414,%,-0.03994386613164402,1.0
20220729,VIX,21.33,-4.478280340349306,%,-0.045816533368807304,1.0
20220801,VIX,22.84,7.079231129864039,%,0.06839885230455024,3.0
20220802,VIX,23.93,4.772329246935203,%,0.046619517132472504,1.0
20220803,VIX,21.95,-8.274132887588802,%,-0.08636576239910163,1.0
20220804,VIX,21.44,-2.323462414578581,%,-0.02350880331857905,1.0
20220805,VIX,21.15,-1.3526119402985204,%,-0.013618430710314393,1.0
20220808,VIX,21.29,0.6619385342789608,%,0.006597573413101136,3.0
20220809,VIX,21.77,2.2545796148426556,%,0.02229539634106803,1.0
20220810,VIX,19.74,-9.324758842443737,%,-0.09788584124112062,1.0
20220811,VIX,20.2,2.3302938196555267,%,0.0230355704018236,1.0
20220812,VIX,19.53,-3.3168316831683087,%,-0.033730859518571424,1.0
20220815,VIX,19.95,2.1505376344086002,%,0.02127739844728488,3.0
20220816,VIX,19.69,-1.3032581453633951,%,-0.013118250684838155,1.0
20220817,VIX,19.9,1.0665312341289868,%,0.010608839079412413,1.0
20220818,VIX,19.56,-1.70854271356784,%,-0.017233067123775443,1.0
20220819,VIX,20.6,5.316973415132931,%,0.05180441118886418,1.0
20220822,VIX,23.8,15.533980582524265,%,0.14439450488189357,3.0
20220823,VIX,24.11,1.3025210084033567,%,0.012941111515650625,1.0
20220824,VIX,22.82,-5.350476980506014,%,-0.0549893477591501,1.0
20220825,VIX,21.78,-4.5574057843996485,%,-0.04664522692911516,1.0
20220826,VIX,25.56,17.355371900826434,%,0.16003651200451952,1.0
20220829,VIX,26.21,2.543035993740217,%,0.025112387825980898,3.0
20220830,VIX,26.21,0.0,%,0.0,1.0
20220831,VIX,25.87,-1.297214803510105,%,-0.013057021137377153,1.0
20220901,VIX,25.56,-1.1982991882489413,%,-0.012055366688603752,1.0
20220902,VIX,25.47,-0.35211267605633756,%,-0.0035273405179684107,1.0
20220905,VIX,25.99,2.0416175893207766,%,0.02021055966203332,3.0
20220906,VIX,26.91,3.539823008849563,%,0.034786116085415604,1.0
20220907,VIX,24.64,-8.43552582683017,%,-0.08812682607349537,1.0
20220908,VIX,23.61,-4.180194805194814,%,-0.04270078756789757,1.0
20220909,VIX,22.79,-3.47310461668785,%,-0.03534850783982872,1.0
20220912,VIX,23.87,4.738920579201422,%,0.04630059709314601,3.0
20220913,VIX,27.27,14.243820695433595,%,0.1331647565067584,1.0
20220914,VIX,26.16,-4.0704070407040716,%,-0.04155567026849922,1.0
20220915,VIX,26.27,0.42048929663607293,%,0.004196077108450419,1.0
20220916,VIX,26.3,0.11419870574800317,%,0.0011413354862703858,1.0
20220919,VIX,25.76,-2.0532319391634912,%,-0.02074603794756593,3.0
20220920,VIX,27.16,5.434782608695654,%,0.05292240145434253,1.0
20220921,VIX,27.99,3.0559646539027874,%,0.030102000836866667,1.0
20220922,VIX,27.35,-2.286530903894235,%,-0.023130774659371803,1.0
20220923,VIX,29.92,9.396709323583185,%,0.08981062423828633,1.0
20220926,VIX,32.26,7.820855614973254,%,0.07530091959078623,3.0
20220927,VIX,32.6,1.0539367637941721,%,0.010484215675599155,1.0
20220928,VIX,30.18,-7.423312883435584,%,-0.07713283503295913,1.0
20220929,VIX,31.84,5.500331345261755,%,0.05354390763647936,1.0
20220930,VIX,31.62,-0.6909547738693456,%,-0.006933529194856294,1.0
20221003,VIX,30.1,-4.807084123972172,%,-0.04926466002649594,3.0
20221004,VIX,29.07,-3.4219269102990113,%,-0.034818457184045574,1.0
20221005,VIX,28.55,-1.7887856897144783,%,-0.01804977846876529,1.0
20221006,VIX,30.52,6.900175131348507,%,0.06672527031423699,1.0
20221007,VIX,31.36,2.752293577981657,%,0.027150989065950898,1.0
20221010,VIX,32.45,3.475765306122458,%,0.03416724766789199,3.0
20221011,VIX,33.63,3.6363636363636376,%,0.035718082602079246,1.0
20221012,VIX,33.57,-0.1784121320249854,%,-0.001785714760234755,1.0
20221013,VIX,31.94,-4.855525767053914,%,-0.04977366820507715,1.0
20221014,VIX,32.02,0.250469630557304,%,0.0025015647817023426,1.0
20221017,VIX,31.37,-2.0299812617114332,%,-0.020508685365981875,3.0
20221018,VIX,30.5,-2.773350334714697,%,-0.028125338589220856,1.0
20221019,VIX,30.76,0.8524590163934587,%,0.008488461024077446,1.0
20221020,VIX,29.98,-2.5357607282184724,%,-0.02568465196299165,1.0
20221021,VIX,29.69,-0.9673115410273492,%,-0.009720203898783187,1.0
20221024,VIX,29.85,0.5389019872010792,%,0.005374551062942673,3.0
20221025,VIX,28.46,-4.656616415410387,%,-0.04768524717690479,1.0
20221026,VIX,27.28,-4.146170063246657,%,-0.042345759686444905,1.0
20221027,VIX,27.39,0.40322580645160144,%,0.004024150299725327,1.0
20221028,VIX,25.75,-5.9875867104782765,%,-0.06174335616524164,1.0
20221031,VIX,25.88,0.5048543689320395,%,0.0050358425229546705,3.0
20221101,VIX,25.81,-0.2704791344667723,%,-0.002708455902177344,1.0
20221102,VIX,25.86,0.19372336303757898,%,0.0019353596131888896,1.0
20221103,VIX,25.3,-2.1655065738592327,%,-0.021892977610236775,1.0
20221104,VIX,24.55,-2.964426877470361,%,-0.03009254149294502,1.0
20221107,VIX,24.35,-0.8146639511201648,%,-0.008180004711930807,3.0
20221108,VIX,25.54,4.887063655030799,%,0.04771400107579442,1.0
20221109,VIX,26.09,2.153484729835564,%,0.02130624854424395,1.0
20221110,VIX,23.53,-9.812188577999226,%,-0.10327589640936587,1.0
20221111,VIX,22.52,-4.292392690182756,%,-0.04387239946778159,1.0
20221114,VIX,23.73,5.373001776198949,%,0.052336267176182706,3.0
20221115,VIX,24.54,3.4134007585334913,%,0.03356436883509308,1.0
20221116,VIX,24.11,-1.7522412387938058,%,-0.017677747089685693,1.0
20221117,VIX,23.93,-0.7465781833264185,%,-0.007493790272797706,1.0
20221118,VIX,23.12,-3.38487254492269,%,-0.03443485811610522,1.0
20221121,VIX,22.36,-3.287197231833916,%,-0.03342439551727837,3.0
20221122,VIX,21.29,-4.785330948121647,%,-0.049036169381510314,1.0
20221123,VIX,20.35,-4.415218412400179,%,-0.04515656701678402,1.0
20221124,VIX,20.42,0.3439803439803546,%,0.0034339008479156077,1.0
20221125,VIX,20.5,0.3917727717923425,%,0.0039100734078428186,1.0
20221128,VIX,22.21,8.341463414634154,%,0.08011775176197365,3.0
20221129,VIX,21.89,-1.4407924358397106,%,-0.014512726371564491,1.0
20221130,VIX,20.58,-5.984467793513026,%,-0.06171018112886809,1.0
20221201,VIX,19.84,-3.5957240038872573,%,-0.03661962854917669,1.0
20221202,VIX,19.06,-3.931451612903236,%,-0.04010820363067079,1.0
20221205,VIX,20.75,8.866736621196235,%,0.08495434845065138,3.0
20221206,VIX,22.17,6.843373493975902,%,0.06619377695151278,1.0
20221207,VIX,22.68,2.3004059539918797,%,0.022743455231331214,1.0
20221208,VIX,22.29,-1.7195767195767209,%,-0.017345331461773847,1.0
20221209,VIX,22.83,2.4226110363391617,%,0.023937313143926633,1.0
20221212,VIX,25.0,9.505037231712677,%,0.09080036432649675,3.0
20221213,VIX,22.55,-9.799999999999997,%,-0.10314075891951337,1.0
20221214,VIX,21.14,-6.252771618625275,%,-0.06456808550659575,1.0
20221215,VIX,22.83,7.994323557237459,%,0.07690848009961254,1.0
20221216,VIX,22.62,-0.9198423127463773,%,-0.009240989853729672,1.0
20221219,VIX,22.42,-0.8841732979663952,%,-0.008881053043960481,3.0
20221220,VIX,21.48,-4.19268510258698,%,-0.04283114800334995,1.0
20221221,VIX,20.07,-6.564245810055869,%,-0.06789610683241719,1.0
20221222,VIX,21.97,9.466865969108106,%,0.09045172358827193,1.0
20221223,VIX,20.87,-5.006827492034582,%,-0.05136516530740935,1.0
20221227,VIX,21.65,3.737422137038804,%,0.0366927333593894,4.0
20221228,VIX,22.14,2.263279445727484,%,0.02238047283199198,1.0
20221229,VIX,21.44,-3.1616982836494945,%,-0.03212759107788949,1.0
20221230,VIX,21.67,1.0727611940298587,%,0.010670479345666523,1.0
20230103,VIX,22.9,5.6760498384863745,%,0.05520809501192617,4.0
20230104,VIX,22.01,-3.8864628820960534,%,-0.039640015021823495,1.0
20230105,VIX,22.46,2.0445252158109994,%,0.020239053771926866,1.0
20230106,VIX,21.13,-5.921638468388258,%,-0.06104211768233191,1.0
20230109,VIX,21.97,3.975390440132509,%,0.03898405476855347,3.0
20230110,VIX,20.58,-6.326809285389167,%,-0.0653581559906153,1.0
20230111,VIX,21.09,2.478134110787189,%,0.024479264084779847,1.0
20230112,VIX,18.83,-10.715979137031773,%,-0.11334765182162222,1.0
20230113,VIX,18.35,-2.549123738714798,%,-0.025821768168481574,1.0
20230116,VIX,19.49,6.212534059945485,%,0.06027193901888998,3.0
20230117,VIX,19.36,-0.6670087224217469,%,-0.006692431671038407,1.0
20230118,VIX,20.34,5.061983471074383,%,0.04938030877198296,1.0
20230119,VIX,20.52,0.8849557522123908,%,0.008810629682154906,1.0
20230120,VIX,19.85,-3.2651072124756264,%,-0.03319601316936929,1.0
20230123,VIX,19.81,-0.2015113350126052,%,-0.0020171464227399655,3.0
20230124,VIX,19.2,-3.0792529025744586,%,-0.03127658167672371,1.0
20230125,VIX,19.08,-0.6250000000000089,%,-0.006269613013595485,1.0
20230126,VIX,18.73,-1.8343815513626738,%,-0.018514149564143222,1.0
20230127,VIX,18.51,-1.1745862253069839,%,-0.011815389870590904,1.0
20230130,VIX,19.94,7.725553754727166,%,0.07441663794828605,3.0
20230131,VIX,19.4,-2.7081243731193694,%,-0.02745469846440994,1.0
20230201,VIX,17.87,-7.8865979381443125,%,-0.0821497368979456,1.0
20230202,VIX,18.73,4.812534974818128,%,0.04700318728466044,1.0
20230203,VIX,18.33,-2.135611318740005,%,-0.02158745460438366,1.0
20230206,VIX,19.43,6.001091107474088,%,0.05827920153773509,3.0
20230207,VIX,18.66,-3.9629439011837353,%,-0.04043606797015094,1.0
20230208,VIX,19.63,5.1982851018220755,%,0.050676812869171896,1.0
20230209,VIX,20.71,5.5017829852267,%,0.05355766711912315,1.0
20230210,VIX,20.53,-0.869145340415256,%,-0.008729444376650566,1.0
20230213,VIX,20.34,-0.9254749147588948,%,-0.009297840410428365,3.0
20230214,VIX,18.91,-7.030481809242872,%,-0.07289850795004778,1.0
20230215,VIX,18.23,-3.5959809624537264,%,-0.03662229397979444,1.0
20230216,VIX,20.17,10.64179923203512,%,0.10112776327554886,1.0
20230217,VIX,20.02,-0.7436787307883108,%,-0.007464578079045992,1.0
20230220,VIX,21.23,6.043956043956045,%,0.05868350182809021,3.0
20230221,VIX,22.87,7.724917569477152,%,0.07441073231952501,1.0
20230222,VIX,22.29,-2.5360734586794997,%,-0.025687860636912356,1.0
20230223,VIX,21.14,-5.159264244055628,%,-0.05297116695568589,1.0
20230224,VIX,21.67,2.5070955534531647,%,0.024761835106176064,1.0
20230227,VIX,20.95,-3.3225657591139934,%,-0.03379016918012106,3.0
20230228,VIX,20.7,-1.1933174224343701,%,-0.012004946096823375,1.0
20230301,VIX,20.58,-0.5797101449275366,%,-0.005813969865419845,1.0
20230302,VIX,19.59,-4.810495626822153,%,-0.04930049844945412,1.0
20230303,VIX,18.49,-5.615109749872394,%,-0.05778918655741601,1.0
20230306,VIX,18.61,0.6489994591671211,%,0.006469025255125947,3.0
20230307,VIX,19.59,5.265986029016667,%,0.051320161302290085,1.0
20230308,VIX,19.11,-2.450229709035223,%,-0.024807473704267727,1.0
20230309,VIX,22.61,18.315018315018317,%,0.1681805280376968,1.0
20230310,VIX,24.8,9.685979655019917,%,0.09245136688105814,1.0
20230313,VIX,26.52,6.93548387096774,%,0.06705551214672525,3.0
20230314,VIX,23.73,-10.520361990950223,%,-0.11115909486998951,1.0
20230315,VIX,26.14,10.155920775389804,%,0.0967266377484037,1.0
20230316,VIX,22.99,-12.05049732211172,%,-0.12840736942098585,1.0
20230317,VIX,25.51,10.961287516311447,%,0.10401119337862991,1.0
20230320,VIX,24.15,-5.331242649941215,%,-0.054786152055138496,3.0
20230321,VIX,21.38,-11.469979296066246,%,-0.12182847450168245,1.0
20230322,VIX,22.26,4.115996258185239,%,0.040335440250499795,1.0
20230323,VIX,22.61,1.5723270440251458,%,0.015600940442479592,1.0
20230324,VIX,21.74,-3.8478549314462707,%,-0.03923840459681518,1.0
20230327,VIX,20.6,-5.243790248390045,%,-0.05386280589752779,3.0
20230328,VIX,19.97,-3.0582524271844824,%,-0.03105992836781172,1.0
20230329,VIX,19.12,-4.25638457686529,%,-0.043496239804468546,1.0
20230330,VIX,19.02,-0.5230125523012608,%,-0.005243850506011036,1.0
20230331,VIX,18.7,-1.6824395373291279,%,-0.016967533256703315,1.0
20230403,VIX,18.55,-0.8021390374331472,%,-0.008053734807096716,3.0
20230404,VIX,19.0,2.425876010781658,%,0.023969190112996187,1.0
20230405,VIX,19.08,0.42105263157894424,%,0.004201686853699977,1.0
20230406,VIX,18.4,-3.563941299790352,%,-0.03629000140520049,1.0
20230410,VIX,18.97,3.0978260869565233,%,0.030508119331982917,4.0
20230411,VIX,19.1,0.685292567211393,%,0.006829551105661417,1.0
20230412,VIX,19.09,-0.05235602094241232,%,-0.000523697314927982,1.0
20230413,VIX,17.8,-6.757464641173383,%,-0.06996618043961672,1.0
20230414,VIX,17.07,-4.101123595505618,%,-0.04187592049169022,1.0
20230417,VIX,16.95,-0.702987697715296,%,-0.007054702979890038,3.0
20230418,VIX,16.83,-0.707964601769917,%,-0.007104825623744683,1.0
20230419,VIX,16.46,-2.1984551396315943,%,-0.022229812953790725,1.0
20230420,VIX,17.17,4.313487241798297,%,0.042230479660460396,1.0
20230421,VIX,16.77,-2.3296447291788147,%,-0.023572099074266828,1.0
20230424,VIX,16.89,0.7155635062611854,%,0.007130154984591269,3.0
20230425,VIX,18.76,11.071640023682662,%,0.10500521275836998,1.0
20230426,VIX,18.84,0.4264392324093702,%,0.00425532557013827,1.0
20230427,VIX,17.03,-9.607218683651798,%,-0.10100577447362,1.0
20230428,VIX,15.78,-7.3399882560188034,%,-0.07623317925686887,1.0
20230501,VIX,16.08,1.9011406844106293,%,0.01883294833309196,3.0
20230502,VIX,17.78,10.572139303482597,%,0.1004979663349383,1.0
20230503,VIX,18.34,3.149606299212593,%,0.031010236742560218,1.0
20230504,VIX,20.09,9.541984732824439,%,0.09113771199852434,1.0
20230505,VIX,17.19,-14.43504230960676,%,-0.15589435943208504,1.0
20230508,VIX,16.98,-1.221640488656195,%,-0.012291638511556624,3.0
20230509,VIX,17.71,4.2991755005889365,%,0.042093270911541,1.0
20230510,VIX,16.94,-4.347826086956519,%,-0.04445176257083381,1.0
20230511,VIX,16.93,-0.05903187721369996,%,-0.0005904930788644328,1.0
20230512,VIX,17.03,0.5906674542232704,%,0.005889298529552945,1.0
20230515,VIX,17.12,0.5284791544333478,%,0.00527087603899908,3.0
20230516,VIX,17.99,5.081775700934554,%,0.04956867724884546,1.0
20230517,VIX,16.87,-6.225680933852129,%,-0.06427915140456468,1.0
20230518,VIX,16.05,-4.8606994665086,%,-0.049828046981852114,1.0
20230519,VIX,16.81,4.735202492211821,%,0.046265097844499205,1.0
20230522,VIX,17.21,2.3795359904818625,%,0.023516662802923874,3.0
20230523,VIX,18.53,7.669959325973275,%,0.0739004300738204,1.0
20230524,VIX,20.03,8.09498111171074,%,0.07784010938045849,1.0
20230525,VIX,19.14,-4.4433349975037455,%,-0.04545076365291869,1.0
20230526,VIX,17.95,-6.217345872518287,%,-0.06419027109052033,1.0
20230529,VIX,17.46,-2.7298050139275665,%,-0.02767756452283163,3.0
20230530,VIX,17.46,0.0,%,0.0,1.0
20230531,VIX,17.94,2.749140893470803,%,0.027120306219194035,1.0
20230601,VIX,15.65,-12.76477146042364,%,-0.1365619396444879,1.0
20230602,VIX,14.6,-6.709265175718859,%,-0.06944938827187157,1.0
20230605,VIX,14.73,0.8904109589041198,%,0.008864701760248249,3.0
20230606,VIX,13.96,-5.227427019687713,%,-0.053690133140312506,1.0
20230607,VIX,13.94,-0.14326647564470996,%,-0.0014336920018486968,1.0
20230608,VIX,13.65,-2.0803443328550886,%,-0.021022883701409038,1.0
20230609,VIX,13.83,1.318681318681314,%,0.013100624045698056,1.0
20230612,VIX,15.01,8.53217642805495,%,0.0818764999687037,3.0
20230613,VIX,14.61,-2.664890073284476,%,-0.02701041988276246,1.0
20230614,VIX,13.88,-4.99657768651608,%,-0.05125727068394961,1.0
20230615,VIX,14.5,4.466858789625361,%,0.04369969434787028,1.0
20230616,VIX,13.54,-6.620689655172418,%,-0.06850038194239982,1.0
20230619,VIX,14.19,4.800590841949792,%,0.04688922368782249,3.0
20230620,VIX,13.88,-2.1846370683579863,%,-0.022088536093292723,1.0
20230621,VIX,13.2,-4.899135446685888,%,-0.05023212548633336,1.0
20230622,VIX,12.91,-2.196969696969686,%,-0.02221462473377393,1.0
20230623,VIX,13.44,4.105344694035629,%,0.04023313023645233,1.0
20230626,VIX,14.25,6.026785714285721,%,0.058521571619656106,3.0
20230627,VIX,13.74,-3.578947368421048,%,-0.0364456199204562,1.0
20230628,VIX,13.43,-2.2561863173216956,%,-0.022820276259057148,1.0
20230629,VIX,13.54,0.8190618019359608,%,0.008157256948982694,1.0
20230630,VIX,13.59,0.36927621861153614,%,0.0036859606789235557,1.0
20230703,VIX,13.57,-0.14716703458425018,%,-0.0014727543162745406,3.0
20230704,VIX,13.7,0.9579955784819294,%,0.0095343589873013,1.0
20230705,VIX,14.18,3.50364963503651,%,0.03443668826990234,1.0
20230706,VIX,15.44,8.885754583921024,%,0.08512902349264875,1.0
20230707,VIX,14.83,-3.9507772020725307,%,-0.0403093884467893,1.0
20230710,VIX,15.07,1.618341200269735,%,0.016053856488563476,3.0
20230711,VIX,14.84,-1.5262110152621133,%,-0.015379774899169734,1.0
20230712,VIX,13.54,-8.760107816711592,%,-0.09167797025510549,1.0
20230713,VIX,13.61,0.5169867060561328,%,0.005156549179245798,1.0
20230714,VIX,13.34,-1.983835415135926,%,-0.02003777617589701,1.0
20230717,VIX,13.48,1.0494752623688264,%,0.010440064996683422,3.0
20230718,VIX,13.3,-1.3353115727002929,%,-0.013443070256452855,1.0
20230719,VIX,13.76,3.4586466165413388,%,0.03400179727748938,1.0
20230720,VIX,13.99,1.6715116279069742,%,0.01657695617219218,1.0
20230721,VIX,13.6,-2.7877055039313814,%,-0.028272995935383502,1.0
20230724,VIX,13.91,2.2794117647058965,%,0.022538213193345355,3.0
20230725,VIX,13.86,-0.35945363048167644,%,-0.003601012173594454,1.0
20230726,VIX,13.19,-4.834054834054835,%,-0.049548027032533956,1.0
20230727,VIX,14.41,9.24943138741472,%,0.0884634432822076,1.0
20230728,VIX,13.33,-7.494795281054822,%,-0.07790527582081341,1.0
20230731,VIX,13.63,2.2505626406601698,%,0.02225611151782399,3.0
20230801,VIX,13.93,2.201027146001455,%,0.021771542083272966,1.0
20230802,VIX,16.09,15.50610193826274,%,0.14415317321257748,1.0
20230803,VIX,15.92,-1.0565568676196402,%,-0.010621780588054892,1.0
20230804,VIX,17.1,7.412060301507539,%,0.07150228309237722,1.0
20230807,VIX,15.77,-7.777777777777784,%,-0.0809690625336672,3.0
20230808,VIX,15.99,1.3950538998097617,%,0.013854125870915812,1.0
20230809,VIX,15.96,-0.18761726078798668,%,-0.0018779348242000977,1.0
20230810,VIX,15.85,-0.6892230576441172,%,-0.006916091698373156,1.0
20230811,VIX,14.84,-6.372239747634067,%,-0.0658432625840552,1.0
20230814,VIX,14.82,-0.13477088948786742,%,-0.0013486178712935292,3.0
20230815,VIX,16.46,11.066126855600533,%,0.10495557538098287,1.0
20230816,VIX,16.78,1.9441069258809174,%,0.019254505790136305,1.0
20230817,VIX,17.89,6.615017878426688,%,0.06405419648156757,1.0
20230818,VIX,17.3,-3.297931805477916,%,-0.03353539601689448,1.0
20230821,VIX,17.13,-0.9826589595375856,%,-0.009875189167704858,3.0
20230822,VIX,16.97,-0.9340338587273789,%,-0.009384233089893593,1.0
20230823,VIX,15.98,-5.833824395992915,%,-0.06010913890800619,1.0
20230824,VIX,17.2,7.634543178973718,%,0.07357144348127877,1.0
20230825,VIX,15.68,-8.837209302325578,%,-0.09252336889714552,1.0
20230828,VIX,15.08,-3.826530612244894,%,-0.03901665234245173,3.0
20230829,VIX,14.45,-4.177718832891253,%,-0.04267494802136891,1.0
20230830,VIX,13.88,-3.944636678200686,%,-0.04024545947978266,1.0
20230831,VIX,13.57,-2.2334293948126804,%,-0.022587481231880674,1.0
20230901,VIX,13.09,-3.537214443625647,%,-0.03601289392496924,1.0
20230904,VIX,13.82,5.576776165011466,%,0.05426823841771534,3.0
20230905,VIX,14.01,1.374819102749636,%,0.013654542009391774,1.0
20230906,VIX,14.45,3.1406138472519496,%,0.030923054209525402,1.0
20230907,VIX,14.4,-0.34602076124566894,%,-0.0034662079764861725,1.0
20230908,VIX,13.84,-3.8888888888888973,%,-0.039665256392431514,1.0
20230911,VIX,13.8,-0.28901734104045396,%,-0.0028943580263644146,3.0
20230912,VIX,14.23,3.1159420289855078,%,0.030683819938602,1.0
20230913,VIX,13.48,-5.270555165144064,%,-0.05414530661760005,1.0
20230914,VIX,12.82,-4.896142433234418,%,-0.050200653991636965,1.0
20230915,VIX,13.79,7.566302652106072,%,0.07293724031268635,1.0
20230918,VIX,14.0,1.5228426395939243,%,0.015113637810048325,3.0
20230919,VIX,14.11,0.7857142857142785,%,0.007826436249463949,1.0
20230920,VIX,15.14,7.299787384833456,%,0.07045648214458013,1.0
20230921,VIX,17.54,15.852047556142669,%,0.14714373893473426,1.0
20230922,VIX,17.2,-1.9384264538198415,%,-0.019574603124629636,1.0
20230925,VIX,16.9,-1.744186046511631,%,-0.0175957618903796,3.0
20230926,VIX,18.94,12.071005917159772,%,0.11396246582890447,1.0
20230927,VIX,18.22,-3.801478352692722,%,-0.03875619592612001,1.0
20230928,VIX,17.34,-4.829857299670682,%,-0.04950392047941636,1.0
20230929,VIX,17.52,1.038062283737018,%,0.010327114155849524,1.0
20231002,VIX,17.61,0.5136986301369939,%,0.005123836999869466,3.0
20231003,VIX,19.78,12.322544009085767,%,0.11620440368645146,1.0
20231004,VIX,18.58,-6.066734074823065,%,-0.06258559280887373,1.0
20231005,VIX,18.49,-0.4843918191603902,%,-0.004855687986659007,1.0
20231006,VIX,17.45,-5.624661979448343,%,-0.05789039675059722,1.0
20231009,VIX,17.7,1.4326647564469885,%,0.01422499093134726,3.0
20231010,VIX,17.03,-3.7853107344632653,%,-0.038588144905186424,1.0
20231011,VIX,16.09,-5.519671168526141,%,-0.056778533670305185,1.0
20231012,VIX,16.69,3.7290242386575523,%,0.036611776669451875,1.0
20231013,VIX,19.32,15.757938885560208,%,0.14633109111062817,1.0
20231016,VIX,17.21,-10.921325051759833,%,-0.11565021856092388,3.0
20231017,VIX,17.88,3.893085415456121,%,0.03819215952191995,1.0
20231018,VIX,19.22,7.494407158836691,%,0.07226863379677836,1.0
20231019,VIX,21.4,11.342351716961495,%,0.10743951848565934,1.0
20231020,VIX,21.71,1.4485981308411278,%,0.014382061862394739,1.0
20231023,VIX,20.37,-6.172270842929528,%,-0.06370975365148605,3.0
20231024,VIX,18.97,-6.872852233676985,%,-0.0712044462917917,1.0
20231025,VIX,20.19,6.43120716921457,%,0.06232864837782349,1.0
20231026,VIX,20.68,2.426944031698852,%,0.02397961731548217,1.0
20231027,VIX,21.27,2.852998065764023,%,0.02813057957191744,1.0
20231030,VIX,19.75,-7.1462153267512925,%,-0.07414413786501495,3.0
20231031,VIX,18.14,-8.151898734177209,%,-0.08503404666014028,1.0
20231101,VIX,16.87,-7.001102535832415,%,-0.07258254812911362,1.0
20231102,VIX,15.66,-7.172495554238301,%,-0.07442720599521997,1.0
20231103,VIX,14.91,-4.789272030651337,%,-0.04907756178600995,1.0
20231106,VIX,14.89,-0.13413816230717357,%,-0.0013422820807294047,3.0
20231107,VIX,14.81,-0.5372733378106065,%,-0.005387218416210156,1.0
20231108,VIX,14.45,-2.4307900067522037,%,-0.024608213721266342,1.0
20231109,VIX,15.29,5.813148788927336,%,0.05650460538252977,1.0
20231110,VIX,14.17,-7.3250490516677536,%,-0.07607196623838183,1.0
20231113,VIX,14.76,4.163726182074812,%,0.040793765469737425,3.0
20231114,VIX,14.16,-4.0650406504065035,%,-0.041499730906752734,1.0
20231115,VIX,14.18,0.14124293785311437,%,0.0014114328384078085,1.0
20231116,VIX,14.32,0.9873060648801113,%,0.0098246404285181,1.0
20231117,VIX,13.8,-3.6312849162011163,%,-0.036988569369340536,1.0
20231120,VIX,13.41,-2.826086956521745,%,-0.028667894869571914,3.0
20231121,VIX,13.35,-0.4474272930648837,%,-0.004484312447328687,1.0
20231122,VIX,12.85,-3.745318352059923,%,-0.038172573505029714,1.0
20231123,VIX,12.8,-0.38910505836574627,%,-0.0038986404156571976,1.0
20231124,VIX,12.46,-2.6562499999999933,%,-0.02692165756626433,1.0
20231127,VIX,12.69,1.845906902086658,%,0.018290768366989018,3.0
20231128,VIX,12.69,0.0,%,0.0,1.0
20231129,VIX,12.98,2.2852639873916614,%,0.022595429549647782,1.0
20231130,VIX,12.92,-0.46224961479198745,%,-0.004633212921488143,1.0
20231201,VIX,12.63,-2.244582043343646,%,-0.022701561992055974,1.0
20231204,VIX,13.08,3.562945368171011,%,0.0350094096666528,3.0
20231205,VIX,12.85,-1.7584097859327241,%,-0.017740534687823863,1.0
20231206,VIX,12.97,0.9338521400778177,%,0.009295186987123677,1.0
20231207,VIX,13.06,0.6939090208172738,%,0.00691512551993252,1.0
20231208,VIX,12.35,-5.436447166921909,%,-0.05589806077429891,1.0
20231211,VIX,12.63,2.267206477732797,%,0.022418873288413573,3.0
20231212,VIX,12.07,-4.433887569279493,%,-0.045351901252959605,1.0
20231213,VIX,12.19,0.9942004971002394,%,0.009892908383739933,1.0
20231214,VIX,12.48,2.378999179655472,%,0.023511419448101614,1.0
20231215,VIX,12.28,-1.602564102564108,%,-0.016155440222285256,1.0
20231218,VIX,12.56,2.28013029315961,%,0.022545238321056222,3.0
20231219,VIX,12.53,-0.23885350318472165,%,-0.0023913921320757674,1.0
20231220,VIX,13.67,9.098164405426989,%,0.08707788182788138,1.0
20231221,VIX,13.65,-0.1463057790782707,%,-0.0014641291048894242,1.0
20231222,VIX,13.03,-4.542124542124548,%,-0.04648513049421505,1.0
20231226,VIX,12.99,-0.3069838833461125,%,-0.0030745604542454607,4.0
20231227,VIX,12.43,-4.311008468052346,%,-0.04406692515988841,1.0
20231228,VIX,12.47,0.32180209171359664,%,0.003212854169325343,1.0
20231229,VIX,12.45,-0.1603849238171695,%,-0.0016051367812285446,1.0
20240102,VIX,13.2,6.024096385542177,%,0.058496206681608626,4.0
20240103,VIX,14.04,6.363636363636371,%,0.06169356900533996,1.0
20240104,VIX,14.13,0.641025641025661,%,0.0063897980987712094,1.0
20240105,VIX,13.35,-5.520169851380052,%,-0.05678381185017764,1.0
20240108,VIX,13.08,-2.0224719101123556,%,-0.020432038817205855,3.0
20240109,VIX,12.76,-2.4464831804281384,%,-0.024769068112408858,1.0
20240110,VIX,12.69,-0.5485893416927956,%,-0.005500996190347586,1.0
20240111,VIX,12.44,-1.970055161544526,%,-0.01989719441526294,1.0
20240112,VIX,12.7,2.0900321543408262,%,0.02068490615351211,1.0
20240115,VIX,13.25,4.330708661417337,%,0.042395558967685765,3.0
20240116,VIX,13.84,4.452830188679235,%,0.0435653977572922,1.0
20240117,VIX,14.79,6.86416184971097,%,0.06638832653318481,1.0
20240118,VIX,14.13,-4.462474645030412,%,-0.04565108002627221,1.0
20240119,VIX,13.3,-5.874026893135175,%,-0.06053616146872802,1.0
20240122,VIX,13.19,-0.8270676691729428,%,-0.008305068498484957,3.0
20240123,VIX,12.55,-4.852160727824096,%,-0.04973830115143019,1.0
20240124,VIX,13.14,4.701195219123511,%,0.04594034747867161,1.0
20240125,VIX,13.45,2.3592085235920823,%,0.02331809299138363,1.0
20240126,VIX,13.26,-1.4126394052044522,%,-0.014227121290131574,1.0
20240129,VIX,13.6,2.564102564102555,%,0.025317807984289786,3.0
20240130,VIX,13.31,-2.132352941176463,%,-0.021554160334985983,1.0
20240131,VIX,14.35,7.813673929376397,%,0.07523430979860975,1.0
20240201,VIX,13.88,-3.2752613240418005,%,-0.033300987126971555,1.0
20240202,VIX,13.85,-0.2161383285302687,%,-0.0021637224453110305,1.0
20240205,VIX,13.67,-1.2996389891696714,%,-0.013081581897489276,3.0
20240206,VIX,13.06,-4.462326261887339,%,-0.045649526887573136,1.0
20240207,VIX,12.83,-1.761102603369069,%,-0.017767945220739975,1.0
20240208,VIX,12.79,-0.3117692907248726,%,-0.003122563036793828,1.0
20240209,VIX,12.93,1.094605160281481,%,0.010886577193014899,1.0
20240212,VIX,13.93,7.733952049497295,%,0.07449459500794824,3.0
20240213,VIX,15.85,13.783201722900218,%,0.12912471253157531,1.0
20240214,VIX,14.38,-9.27444794952681,%,-0.09733114803038895,1.0
20240215,VIX,14.01,-2.5730180806675995,%,-0.026066991943985054,1.0
20240216,VIX,14.24,1.6416845110635236,%,0.01628354563491405,1.0
20240219,VIX,14.71,3.300561797752821,%,0.03247262862951656,3.0
20240220,VIX,15.42,4.8266485384092395,%,0.04713783352183722,1.0
20240221,VIX,15.34,-0.5188067444876765,%,-0.005201572196073284,1.0
20240222,VIX,14.54,-5.215123859191662,%,-0.05356032383373688,1.0
20240223,VIX,13.75,-5.4332874828060485,%,-0.05586464799279297,1.0
20240226,VIX,13.74,-0.07272727272726875,%,-0.0007275373183769789,3.0
20240227,VIX,13.43,-2.2561863173216956,%,-0.022820276259057148,1.0
20240228,VIX,13.84,3.052866716306779,%,0.030071939654377332,1.0
20240229,VIX,13.4,-3.1791907514450823,%,-0.032308243232657775,1.0
20240301,VIX,13.11,-2.164179104477615,%,-0.02187940918125724,1.0
20240304,VIX,13.49,2.898550724637694,%,0.028573372444056163,3.0
20240305,VIX,14.46,7.19051148999259,%,0.06943754651095414,1.0
20240306,VIX,14.5,0.2766251728907321,%,0.0027624326959100796,1.0
20240307,VIX,14.44,-0.4137931034482789,%,-0.004146515961848577,1.0
20240308,VIX,14.74,2.0775623268698196,%,0.020562753296510507,1.0
20240311,VIX,15.22,3.256445047489831,%,0.0320454656723493,3.0
20240312,VIX,13.84,-9.06701708278581,%,-0.0950474022440163,1.0
20240313,VIX,13.75,-0.6502890173410436,%,-0.006524126076943239,1.0
20240314,VIX,14.4,4.7272727272727355,%,0.046189382469374714,1.0
20240315,VIX,14.41,0.0694444444444331,%,0.0006942034294756703,1.0
20240318,VIX,14.33,-0.5551700208188737,%,-0.005567168171350217,3.0
20240319,VIX,13.82,-3.558967201674812,%,-0.036238423500556685,1.0
20240320,VIX,13.04,-5.643994211287994,%,-0.05809526184101701,1.0
20240321,VIX,12.92,-0.9202453987730008,%,-0.00924505814405105,1.0
20240322,VIX,13.06,1.0835913312693624,%,0.010777625493829336,1.0
20240325,VIX,13.19,0.9954058192955584,%,0.009904842880938222,3.0
20240326,VIX,13.24,0.37907505686125553,%,0.0037835837796388913,1.0
20240327,VIX,12.78,-3.474320241691853,%,-0.03536110155947351,1.0
20240328,VIX,13.01,1.7996870109546093,%,0.017836843575025088,1.0
20240401,VIX,13.65,4.919292851652579,%,0.048021229106554875,4.0
20240402,VIX,14.61,7.03296703296703,%,0.06796670413163935,1.0
20240403,VIX,14.33,-1.9164955509924697,%,-0.01935098392252762,1.0
20240404,VIX,16.35,14.096301465457085,%,0.13187265550318192,1.0
20240405,VIX,16.03,-1.957186544342504,%,-0.019765930721800776,1.0
20240408,VIX,15.19,-5.240174672489095,%,-0.05382465001378023,3.0
20240409,VIX,14.98,-1.3824884792626668,%,-0.013921338518608007,1.0
20240410,VIX,15.8,5.473965287049398,%,0.05329396194384769,1.0
20240411,VIX,14.91,-5.632911392405071,%,-0.05797781125627415,1.0
20240412,VIX,17.31,16.096579476861162,%,0.14925224041147078,1.0
20240415,VIX,19.23,11.091854419410762,%,0.10518719041257063,3.0
20240416,VIX,18.4,-4.31617264690588,%,-0.04412089498574847,1.0
20240417,VIX,18.21,-1.0326086956521596,%,-0.010379770875423204,1.0
20240418,VIX,18.0,-1.1532125205930832,%,-0.011599135843351918,1.0
20240419,VIX,18.71,3.9444444444444393,%,0.038686382389833504,1.0
20240422,VIX,16.94,-9.460181721004812,%,-0.09938045106208994,3.0
20240423,VIX,15.69,-7.3789846517119395,%,-0.07665412247896727,1.0
20240424,VIX,15.97,1.7845761631612556,%,0.017688395481979903,1.0
20240425,VIX,15.37,-3.7570444583594376,%,-0.03829440467641671,1.0
20240426,VIX,15.03,-2.2121014964216035,%,-0.022369353785621403,1.0
20240429,VIX,14.67,-2.39520958083832,%,-0.02424361160999274,3.0
20240430,VIX,15.65,6.6802999318336775,%,0.06466632483127191,1.0
20240501,VIX,15.39,-1.6613418530351476,%,-0.016752969135374406,1.0
20240502,VIX,14.68,-4.613385315139706,%,-0.04723192466441839,1.0
20240503,VIX,13.49,-8.106267029972747,%,-0.08453735296670495,1.0
20240506,VIX,13.49,0.0,%,0.0,3.0
20240507,VIX,13.23,-1.927353595255743,%,-0.019461692092800176,1.0
20240508,VIX,13.0,-1.7384731670445963,%,-0.01753762066532759,1.0
20240509,VIX,12.69,-2.384615384615385,%,-0.024135075735240447,1.0
20240510,VIX,12.55,-1.1032308904649235,%,-0.011093616148503304,1.0
20240513,VIX,13.6,8.366533864541825,%,0.08034912716421336,3.0
20240514,VIX,13.42,-1.3235294117647012,%,-0.013323661198470543,1.0
20240515,VIX,12.45,-7.228017883755589,%,-0.07502550863281911,1.0
20240516,VIX,12.42,-0.24096385542168308,%,-0.002412546405383878,1.0
20240517,VIX,11.99,-3.46215780998389,%,-0.03523510746590976,1.0
20240520,VIX,12.15,1.334445371142623,%,0.013256200747134628,3.0
20240521,VIX,11.86,-2.3868312757201693,%,-0.02415777621697812,1.0
20240522,VIX,12.29,3.6256323777402955,%,0.03561453000836398,1.0
20240523,VIX,12.77,3.9056143205858485,%,0.03831274646650453,1.0
20240524,VIX,11.93,-6.577916992952226,%,-0.06804243393462311,1.0
20240527,VIX,12.36,3.6043587594300153,%,0.03540921591972004,3.0
20240528,VIX,12.92,4.530744336569592,%,0.0443110463249112,1.0
20240529,VIX,14.28,10.526315789473673,%,0.10008345855698243,1.0
20240530,VIX,14.47,1.3305322128851715,%,0.013217583731954339,1.0
20240531,VIX,12.92,-10.711817553559088,%,-0.11330104228893671,1.0
20240603,VIX,13.11,1.4705882352941124,%,0.014598799421152631,3.0
20240604,VIX,13.16,0.38138825324181,%,0.003806628121562767,1.0
20240605,VIX,12.63,-4.027355623100304,%,-0.0411069895347714,1.0
20240606,VIX,12.58,-0.39588281868567776,%,-0.003966685090105363,1.0
20240607,VIX,12.22,-2.861685214626386,%,-0.02903429752884515,1.0
20240610,VIX,12.74,4.255319148936176,%,0.04167269640056808,3.0
20240611,VIX,12.85,0.8634222919937207,%,0.008597161197211519,1.0
20240612,VIX,12.04,-6.303501945525292,%,-0.06510937146055383,1.0
20240613,VIX,11.94,-0.830564784053156,%,-0.00834033191621895,1.0
20240614,VIX,12.66,6.030150753768848,%,0.058553308751574135,1.0
20240617,VIX,12.75,0.7109004739336511,%,0.007083854888405042,3.0
20240618,VIX,12.3,-3.529411764705881,%,-0.03593200922606333,1.0
20240619,VIX,12.48,1.4634146341463428,%,0.014528100562909808,1.0
20240620,VIX,13.28,6.41025641025641,%,0.06213178110700618,1.0
20240621,VIX,13.2,-0.6024096385542133,%,-0.006042314455962586,1.0
20240624,VIX,13.33,0.9848484848484995,%,0.009800304598292276,3.0
20240625,VIX,12.84,-3.675918979744941,%,-0.03745183592880223,1.0
20240626,VIX,12.55,-2.258566978193144,%,-0.022844632684022197,1.0
20240627,VIX,12.24,-2.4701195219123506,%,-0.02501138849361287,1.0
20240628,VIX,12.44,1.6339869281045694,%,0.016207810226853303,1.0
20240701,VIX,12.22,-1.7684887459807008,%,-0.017843133567584053,3.0
20240702,VIX,12.03,-1.55482815057284,%,-0.015670423756861843,1.0
20240703,VIX,12.09,0.4987531172069959,%,0.004975134640113929,1.0
20240704,VIX,12.26,1.4061207609594728,%,0.013963265881364057,1.0
20240705,VIX,12.48,1.794453507340954,%,0.01778543243321634,1.0
20240708,VIX,12.37,-0.8814102564102644,%,-0.008853176536885155,3.0
20240709,VIX,12.51,1.1317704122878025,%,0.011254138074423334,1.0
20240710,VIX,12.85,2.7178257394084637,%,0.02681548686240894,1.0
20240711,VIX,12.92,0.5447470817120603,%,0.005432687013226967,1.0
20240712,VIX,12.46,-3.5603715170278605,%,-0.036252984995148674,1.0
20240715,VIX,13.12,5.296950240770459,%,0.05161427015663584,3.0
20240716,VIX,13.19,0.5335365853658569,%,0.00532118321328028,1.0
20240717,VIX,14.48,9.780136467020473,%,0.0933094202283471,1.0
20240718,VIX,15.93,10.013812154696122,%,0.09543573696438676,1.0
20240719,VIX,16.52,3.703703703703698,%,0.03636764417087479,1.0
20240722,VIX,14.91,-9.745762711864403,%,-0.10253963931618491,3.0
20240723,VIX,14.72,-1.2743125419181767,%,-0.012825015475916881,1.0
20240724,VIX,18.04,22.55434782608694,%,0.20338440133374727,1.0
20240725,VIX,18.46,2.32815964523283,%,0.023014714440228637,1.0
20240726,VIX,16.39,-11.213434452871073,%,-0.1189348363189678,1.0
20240729,VIX,16.6,1.281269066503965,%,0.012731302606759224,3.0
20240730,VIX,17.69,6.566265060240961,%,0.06359681280919634,1.0
20240731,VIX,16.36,-7.518371961560211,%,-0.07816017699709299,1.0
20240801,VIX,18.59,13.630806845965783,%,0.12778447055875175,1.0
20240802,VIX,23.39,25.820333512641213,%,0.22968477886273508,1.0
20240805,VIX,38.57,64.8995297135528,%,0.5001661916240487,3.0
20240806,VIX,27.71,-28.15659839253305,%,-0.3306814133452493,1.0
20240807,VIX,27.85,0.5052327679538005,%,0.005039607498405914,1.0
20240808,VIX,23.79,-14.578096947935371,%,-0.15756764205842674,1.0
20240809,VIX,20.37,-14.375788146279945,%,-0.1552020940761518,1.0
20240812,VIX,20.71,1.6691212567501168,%,0.016553445168778283,3.0
20240813,VIX,18.12,-12.506035731530663,%,-0.13360037479265954,1.0
20240814,VIX,16.19,-10.651214128035313,%,-0.11262253292528944,1.0
20240815,VIX,15.23,-5.92958616429895,%,-0.06112660078247332,1.0
20240816,VIX,14.8,-2.8233749179251477,%,-0.028639986137001062,1.0
20240819,VIX,14.65,-1.0135135135135198,%,-0.01018684530699313,3.0
20240820,VIX,15.88,8.395904436860068,%,0.08062012035591336,1.0
20240821,VIX,16.27,2.4559193954659886,%,0.024262465411956705,1.0
20240822,VIX,17.55,7.867240319606639,%,0.07573102868092839,1.0
20240823,VIX,15.86,-9.629629629629633,%,-0.10125373370517292,1.0
20240826,VIX,16.15,1.828499369482972,%,0.01811983346196358,3.0
20240827,VIX,15.43,-4.458204334365323,%,-0.04560638329359606,1.0
20240828,VIX,17.11,10.887880751782241,%,0.10334942152903263,1.0
20240829,VIX,15.65,-8.533021624780822,%,-0.08919217091793981,1.0
20240830,VIX,15.0,-4.153354632587858,%,-0.04242071588395214,1.0
20240902,VIX,15.55,3.6666666666666625,%,0.03601043752303303,3.0
20240903,VIX,20.72,33.24758842443729,%,0.2870387787660391,1.0
20240904,VIX,21.32,2.895752895752901,%,0.02854618190636153,1.0
20240905,VIX,19.9,-6.660412757973743,%,-0.0689258675671972,1.0
20240906,VIX,22.38,12.46231155778894,%,0.11744797115333243,1.0
20240909,VIX,19.45,-13.092046470062558,%,-0.1403206328193239,3.0
20240910,VIX,19.08,-1.9023136246786643,%,-0.019206404044314843,1.0
20240911,VIX,17.69,-7.285115303983214,%,-0.0756411578484464,1.0
20240912,VIX,17.07,-3.5048049745619037,%,-0.03567697136534471,1.0
20240913,VIX,16.56,-2.987697715289994,%,-0.030332387849235733,1.0
20240916,VIX,17.14,3.5024154589372136,%,0.03442476421252025,3.0
20240917,VIX,17.61,2.742123687281217,%,0.027052009338481075,1.0
20240918,VIX,18.23,3.5207268597387875,%,0.03460166618245693,1.0
20240919,VIX,16.33,-10.42238069116842,%,-0.11006468170819811,1.0
20240920,VIX,16.15,-1.102265768524191,%,-0.011083857313708222,1.0
20240923,VIX,15.89,-1.609907120743026,%,-0.016230069120040852,3.0
20240924,VIX,15.39,-3.146633102580243,%,-0.03197203269783679,1.0
20240925,VIX,15.41,0.1299545159194171,%,0.001298701481236414,1.0
20240926,VIX,15.37,-0.2595717066839809,%,-0.0025990917815199837,1.0
20240927,VIX,16.96,10.344827586206918,%,0.0984400728132527,1.0
20240930,VIX,16.73,-1.3561320754717054,%,-0.013654115365024484,3.0
20241001,VIX,19.26,15.122534369396302,%,0.14082689137124696,1.0
20241002,VIX,18.9,-1.8691588785046842,%,-0.018868484304382916,1.0
20241003,VIX,20.49,8.412698412698404,%,0.08077504018521162,1.0
20241004,VIX,19.21,-6.246949731576368,%,-0.06450598547034299,1.0
20241007,VIX,22.64,17.8552837064029,%,0.1642872765545168,3.0
20241008,VIX,21.42,-5.388692579505294,%,-0.05539318831537941,1.0
20241009,VIX,20.86,-2.614379084967333,%,-0.026491615446976455,1.0
20241010,VIX,20.93,0.3355704697986628,%,0.003350086885282027,1.0
20241011,VIX,20.46,-2.2455805064500622,%,-0.022711775934427844,1.0
20241014,VIX,19.7,-3.7145650048875933,%,-0.03785312477953768,3.0
20241015,VIX,20.64,4.77157360406093,%,0.04661230486941932,1.0
20241016,VIX,19.58,-5.135658914728691,%,-0.052722303510997756,1.0
20241017,VIX,19.11,-2.400408580183855,%,-0.02429687885018259,1.0
20241018,VIX,18.03,-5.651491365777073,%,-0.05817472103695569,1.0
20241021,VIX,18.37,1.8857459789240139,%,0.018681862011808364,3.0
20241022,VIX,18.2,-0.9254218835057282,%,-0.009297305144284741,1.0
20241023,VIX,19.24,5.714285714285716,%,0.055569851154810786,1.0
20241024,VIX,19.08,-0.8316008316008316,%,-0.008350779217419963,1.0
20241025,VIX,20.33,6.551362683438167,%,0.06345696162011491,1.0
20241028,VIX,19.8,-2.6069847515986067,%,-0.02641568993976555,3.0
20241029,VIX,19.34,-2.323232323232327,%,-0.023506447675341324,1.0
20241030,VIX,20.35,5.222337125129273,%,0.05090542186345579,1.0
20241031,VIX,23.16,13.80835380835379,%,0.12934574081619035,1.0
20241101,VIX,21.88,-5.5267702936096725,%,-0.05685367515101405,1.0
20241104,VIX,21.98,0.4570383912248621,%,0.00455997142169484,3.0
20241105,VIX,20.49,-6.778889899909013,%,-0.07019598672466697,1.0
20241106,VIX,16.27,-20.595412396290868,%,-0.23061404101986188,1.0
20241107,VIX,15.2,-6.57652120467117,%,-0.06802749337871569,1.0
20241108,VIX,14.94,-1.7105263157894735,%,-0.017253248147559453,1.0
20241111,VIX,14.97,0.20080321285140812,%,0.002006018726865766,3.0
20241112,VIX,14.71,-1.736806947227787,%,-0.01752066381819082,1.0
20241113,VIX,14.02,-4.690686607749839,%,-0.04804265300690221,1.0
20241114,VIX,14.31,2.0684736091298284,%,0.020473711961915643,1.0
20241115,VIX,16.14,12.788259958071269,%,0.12034206927344311,1.0
20241118,VIX,15.58,-3.4696406443618377,%,-0.03531262239920057,3.0
20241119,VIX,16.35,4.942233632862658,%,0.04823985690066032,1.0
20241120,VIX,17.16,4.954128440366956,%,0.048353196716553665,1.0
20241121,VIX,16.87,-1.68997668997668,%,-0.01704419750193919,1.0
20241122,VIX,15.24,-9.66212211025489,%,-0.10161334629937671,1.0
20241125,VIX,14.6,-4.199475065616798,%,-0.04290202154420946,3.0
20241126,VIX,14.1,-3.424657534246578,%,-0.03484673133016819,1.0
20241127,VIX,14.1,0.0,%,0.0,1.0
20241128,VIX,13.9,-1.4184397163120477,%,-0.014285957247476428,1.0
20241129,VIX,13.51,-2.8057553956834624,%,-0.02845868816453868,1.0
20241202,VIX,13.34,-1.2583271650629113,%,-0.012663111484629778,3.0
20241203,VIX,13.3,-0.2998500749625155,%,-0.0030030052597695457,1.0
20241204,VIX,13.45,1.1278195488721776,%,0.011215070820140003,1.0
20241205,VIX,13.54,0.6691449814126393,%,0.006669161436280821,1.0
20241206,VIX,12.77,-5.686853766617428,%,-0.05854959743968099,1.0
20241209,VIX,14.19,11.119812059514489,%,0.10543882112750338,3.0
20241210,VIX,14.18,-0.0704721634954164,%,-0.0007049700679698213,1.0
20241211,VIX,13.58,-4.231311706629048,%,-0.0432343989734313,1.0
20241212,VIX,13.92,2.503681885125175,%,0.024728532775723434,1.0
20241213,VIX,13.81,-0.7902298850574696,%,-0.00793368748507282,1.0
20241216,VIX,14.69,6.372194062273717,%,0.06177402276458521,3.0
20241217,VIX,15.87,8.032675289312463,%,0.07726354435253183,1.0
20241218,VIX,27.62,74.03906742281035,%,0.5541096134428284,1.0
20241219,VIX,24.09,-12.780593772628535,%,-0.13674333135436612,1.0
20241220,VIX,18.36,-23.78580323785804,%,-0.27162243143443565,1.0
20241223,VIX,16.78,-8.605664488017418,%,-0.08998668415328416,3.0
20241224,VIX,14.27,-14.958283671036954,%,-0.16202826955031513,1.0
20241226,VIX,14.73,3.223545900490543,%,0.031726798985793885,2.0
20241227,VIX,15.95,8.282416836388308,%,0.07957259875631452,1.0
20241230,VIX,17.4,9.090909090909083,%,0.0870113769896297,3.0
20241231,VIX,17.35,-0.2873563218390607,%,-0.0028776998276149467,1.0
20250102,VIX,17.93,3.3429394812680036,%,0.032882781224173235,2.0
20250103,VIX,16.13,-10.03904071388735,%,-0.10579439547992411,1.0
20250106,VIX,16.04,-0.5579665220086794,%,-0.005595289698749056,3.0
20250107,VIX,17.82,11.097256857855363,%,0.10523581960429484,1.0
20250108,VIX,17.7,-0.6734006734006814,%,-0.0067567824628798736,1.0
20250109,VIX,18.07,2.090395480226004,%,0.020688465024353817,1.0
20250110,VIX,19.54,8.135030437188707,%,0.07821054201049951,1.0
20250113,VIX,19.19,-1.7911975435005,%,-0.01807433659502802,3.0
20250114,VIX,18.71,-2.5013027618551398,%,-0.025331169733610368,1.0
20250115,VIX,16.12,-13.842864778193476,%,-0.14899740320751598,1.0
20250116,VIX,16.6,2.977667493796532,%,0.029341958284015375,1.0
20250117,VIX,15.97,-3.795180722891567,%,-0.038690733135576486,1.0
20250120,VIX,15.81,-1.0018785222291826,%,-0.010069311005540446,3.0
20250121,VIX,15.06,-4.743833017077803,%,-0.04860042884963318,1.0
20250122,VIX,15.1,0.26560424966799445,%,0.0026525214491311235,1.0
20250123,VIX,15.02,-0.5298013245033095,%,-0.0053120974848899416,1.0
20250124,VIX,14.85,-1.131824234354195,%,-0.011382781087280068,1.0
20250127,VIX,17.9,20.538720538720522,%,0.18680084759800056,3.0
20250128,VIX,16.41,-8.324022346368709,%,-0.08690980774470972,1.0
20250129,VIX,16.56,0.9140767824497242,%,0.009099243855114089,1.0
20250130,VIX,15.84,-4.347826086956519,%,-0.04445176257083381,1.0
20250131,VIX,16.43,3.7247474747474696,%,0.036570545662896865,1.0
20250203,VIX,18.62,13.329275715155209,%,0.12512733979974433,3.0
20250204,VIX,17.21,-7.572502685284643,%,-0.078745661625473,1.0
20250205,VIX,15.77,-8.367228355607214,%,-0.08738120924850114,1.0
20250206,VIX,15.5,-1.7121116043119833,%,-0.017269377049746064,1.0
20250207,VIX,16.54,6.7096774193548425,%,0.06494166567034436,1.0
20250210,VIX,15.81,-4.413542926239411,%,-0.04513903837416452,3.0
20250211,VIX,16.02,1.3282732447817747,%,0.013195290418832424,1.0
20250212,VIX,15.89,-0.811485642946308,%,-0.008147961091588458,1.0
20250213,VIX,15.1,-4.971680302076786,%,-0.05099523672774606,1.0
20250214,VIX,14.77,-2.1854304635761546,%,-0.022096647277590167,1.0
20250217,VIX,15.37,4.062288422478,%,0.039819461007216096,3.0
20250218,VIX,15.35,-0.13012361743656164,%,-0.0013020835172983022,1.0
20250219,VIX,15.27,-0.5211726384364845,%,-0.005225354802665119,1.0
20250220,VIX,15.66,2.5540275049116046,%,0.025219571332116105,1.0
20250221,VIX,18.21,16.283524904214563,%,0.15086120317685958,1.0
20250224,VIX,18.98,4.228445908841283,%,0.0414148994422651,3.0
20250225,VIX,19.43,2.3709167544784027,%,0.023432470207566954,1.0
20250226,VIX,19.1,-1.6984045290787342,%,-0.017129928336764428,1.0
20250227,VIX,21.13,10.62827225130889,%,0.10100549657538105,1.0
20250228,VIX,19.63,-7.0989115002366265,%,-0.07363482333959559,1.0
20250303,VIX,22.78,16.04686704024454,%,0.1488239497306665,3.0
20250304,VIX,23.51,3.2045654082528463,%,0.03154290453294199,1.0
20250305,VIX,21.93,-6.720544449170573,%,-0.0695703001221814,1.0
20250306,VIX,24.87,13.40629274965801,%,0.12580669538551653,1.0
20250307,VIX,23.37,-6.0313630880579066,%,-0.062209109264546765,1.0
20250310,VIX,27.86,19.21266581086862,%,0.17573881980089295,3.0
20250311,VIX,26.92,-3.3740129217516124,%,-0.03432246357513256,1.0
20250312,VIX,24.23,-9.992570579494808,%,-0.10527796994809278,1.0
20250313,VIX,24.66,1.7746595130004206,%,0.017590962907763952,1.0
20250314,VIX,21.77,-11.719383617193834,%,-0.12464962248974215,1.0
20250317,VIX,20.51,-5.787781350482302,%,-0.05962030316216668,3.0
20250318,VIX,21.7,5.802047781569963,%,0.0563996884621246,1.0
20250319,VIX,19.9,-8.294930875576046,%,-0.08659252881596725,1.0
20250320,VIX,19.8,-0.5025125628140614,%,-0.00503779402995707,1.0
20250321,VIX,19.28,-2.626262626262621,%,-0.026613648518089943,1.0
20250324,VIX,17.48,-9.336099585062241,%,-0.09801091895501016,3.0
20250325,VIX,17.15,-1.8878718535469186,%,-0.01905919661544056,1.0
20250326,VIX,18.33,6.880466472303204,%,0.0665408882396647,1.0
20250327,VIX,18.69,1.9639934533551617,%,0.01944955961585788,1.0
20250328,VIX,21.65,15.837346174424805,%,0.1470168329810272,1.0
20250331,VIX,22.28,2.9099307159353494,%,0.02868396061058456,3.0
20250401,VIX,21.77,-2.289048473967692,%,-0.02315653981262728,1.0
20250402,VIX,21.51,-1.194304088194753,%,-0.012014931966817285,1.0
20250403,VIX,30.02,39.56299395629939,%,0.33334588292567713,1.0
20250404,VIX,45.31,50.93271152564958,%,0.411663932473731,1.0
20250407,VIX,46.98,3.68572059148089,%,0.03619422055171972,3.0
20250408,VIX,52.33,11.387824606215414,%,0.10784784115334974,1.0
20250409,VIX,33.62,-35.7538696732276,%,-0.442448692403647,1.0
20250410,VIX,40.72,21.118381915526484,%,0.19159824426179786,1.0
20250411,VIX,37.56,-7.760314341846753,%,-0.08077971790220508,1.0
20250414,VIX,30.89,-17.75825346112886,%,-0.1955071474095718,3.0
20250415,VIX,30.12,-2.4927160893493006,%,-0.025243103998797475,1.0
20250416,VIX,32.64,8.366533864541825,%,0.08034912716421336,1.0
20250417,VIX,29.65,-9.160539215686281,%,-0.09607640465217188,1.0
20250421,VIX,33.82,14.064080944350765,%,0.13159021802669985,4.0
20250422,VIX,30.57,-9.60969840331165,%,-0.10103320756769112,1.0
20250423,VIX,28.45,-6.934903500163559,%,-0.07187097533040321,1.0
20250424,VIX,26.47,-6.959578207381368,%,-0.07213614433332999,1.0
20250425,VIX,24.84,-6.157914620324889,%,-0.06355675917373181,1.0
20250428,VIX,25.15,1.2479871175523405,%,0.012402639480470252,3.0
20250429,VIX,24.17,-3.8966202783300097,%,-0.039745701830356465,1.0
20250430,VIX,24.7,2.1928009929664816,%,0.02169104891853981,1.0
20250501,VIX,24.6,-0.4048582995951344,%,-0.004056800695614318,1.0
20250502,VIX,22.68,-7.804878048780495,%,-0.08126296407876588,1.0
20250505,VIX,23.64,4.232804232804233,%,0.04145671367834613,3.0
20250506,VIX,24.76,4.737732656514382,%,0.0462892552784979,1.0
20250507,VIX,23.55,-4.886914378029084,%,-0.050103627353968644,1.0
20250508,VIX,22.48,-4.54352441613588,%,-0.04649979543693642,1.0
20250509,VIX,21.9,-2.5800711743772298,%,-0.026139388203035244,1.0
20250512,VIX,18.39,-16.02739726027397,%,-0.17467959820622536,3.0
20250513,VIX,18.22,-0.9244154431756524,%,-0.009287146784417596,1.0
20250514,VIX,18.62,2.1953896816685026,%,0.02171638001710881,1.0
20250515,VIX,17.83,-4.242749731471552,%,-0.043353839973872134,1.0
20250516,VIX,17.24,-3.3090297251822776,%,-0.03365016663950201,1.0
20250519,VIX,18.14,5.220417633410679,%,0.05088717945144356,3.0
20250520,VIX,18.09,-0.2756339581036382,%,-0.002760145279786777,1.0
20250521,VIX,20.87,15.367606412382528,%,0.14295342168190558,1.0
20250522,VIX,20.28,-2.8270244369908992,%,-0.028677542366127,1.0
20250523,VIX,22.29,9.911242603550296,%,0.09450296867479507,1.0
20250526,VIX,20.57,-7.7164647824136345,%,-0.08030444373291165,3.0
20250527,VIX,18.96,-7.826932425862909,%,-0.08150220683799007,1.0
20250528,VIX,19.31,1.8459915611814148,%,0.018291599613547135,1.0
20250529,VIX,19.18,-0.6732263076126288,%,-0.00675502698513084,1.0
20250530,VIX,18.57,-3.1803962460896784,%,-0.032320694090677754,1.0
20250602,VIX,18.36,-1.1308562197092087,%,-0.011372990172270024,3.0
20250603,VIX,17.69,-3.6492374727668753,%,-0.0371748770206504,1.0
20250604,VIX,17.61,-0.45223289994348326,%,-0.0045325856635792606,1.0
20250605,VIX,18.48,4.940374787052826,%,0.04822214370542347,1.0
20250606,VIX,16.77,-9.253246753246758,%,-0.09709749037842066,1.0
20250609,VIX,17.16,2.3255813953488413,%,0.02298951822469878,3.0
20250610,VIX,16.95,-1.2237762237762295,%,-0.012313260233357014,1.0
20250611,VIX,17.26,1.828908554572295,%,0.01812385182882285,1.0
20250612,VIX,18.02,4.403244495944358,%,0.04309056652490976,1.0
20250613,VIX,20.82,15.53829078801332,%,0.144431811006631,1.0
20250616,VIX,19.11,-8.213256484149856,%,-0.08570230493464115,3.0
20250617,VIX,21.6,13.02982731554161,%,0.12248155643793772,1.0
20250618,VIX,20.14,-6.759259259259265,%,-0.06998542739970315,1.0
20250619,VIX,22.17,10.07944389275075,%,0.09603213633780391,1.0
20250620,VIX,20.62,-6.991429860171405,%,-0.07247854503940626,1.0
20250623,VIX,19.83,-3.8312318137730506,%,-0.03906553605710941,3.0
20250624,VIX,17.48,-11.8507312153303,%,-0.12613857230431513,1.0
20250625,VIX,16.76,-4.11899313501144,%,-0.042062275173452394,1.0
20250626,VIX,16.59,-1.0143198090692196,%,-0.010194990851583931,1.0
20250627,VIX,16.32,-1.6274864376130127,%,-0.0164087546663921,1.0
20250630,VIX,16.73,2.5122549019607865,%,0.024812165462771676,3.0
20250701,VIX,16.83,0.5977286312014218,%,0.005959493203981908,1.0
20250702,VIX,16.64,-1.128936423054061,%,-0.011353572809652013,1.0
20250703,VIX,16.38,-1.562500000000011,%,-0.015748356968139282,1.0
20250704,VIX,17.48,6.715506715506714,%,0.06499629180246602,1.0
20250707,VIX,17.79,1.7734553775743622,%,0.01757913145035429,3.0
20250708,VIX,16.81,-5.508712759977518,%,-0.05666255425721957,1.0
20250709,VIX,15.94,-5.1754907792980305,%,-0.053142274058455195,1.0
20250710,VIX,15.78,-1.0037641154328703,%,-0.010088357944340766,1.0
20250711,VIX,16.4,3.9290240811153287,%,0.03853801941242448,1.0
20250714,VIX,17.2,4.878048780487809,%,0.047628048989254664,3.0
20250715,VIX,17.38,1.0465116279069653,%,0.010410736017838509,1.0
20250716,VIX,17.16,-1.2658227848101222,%,-0.012739025777429714,1.0
20250717,VIX,16.52,-3.7296037296037365,%,-0.03800932596698429,1.0
20250718,VIX,16.41,-0.6658595641646503,%,-0.006680862990832492,1.0
20250721,VIX,16.65,1.4625228519195455,%,0.014519311324453148,3.0
20250722,VIX,16.5,-0.9009009009008917,%,-0.009049835519917815,1.0
20250723,VIX,15.37,-6.848484848484848,%,-0.07094282335603043,1.0
20250724,VIX,15.39,0.13012361743658385,%,0.0013003903002835552,1.0
20250725,VIX,14.93,-2.9889538661468595,%,-0.03034533629968895,1.0
20250728,VIX,15.03,0.6697923643670389,%,0.006675592213784032,3.0
20250729,VIX,15.98,6.320691949434476,%,0.061289736573245594,1.0
20250730,VIX,15.48,-3.1289111389236512,%,-0.031789072176547514,1.0
20250731,VIX,16.72,8.010335917312661,%,0.0770567394949745,1.0
20250801,VIX,20.38,21.88995215311005,%,0.1979484201380232,1.0
20250804,VIX,17.52,-14.033366045142293,%,-0.15121094228633333,3.0
20250805,VIX,17.85,1.8835616438356295,%,0.01866042271740283,1.0
20250806,VIX,16.77,-6.050420168067239,%,-0.06241193239053073,1.0
20250807,VIX,16.57,-1.1926058437686349,%,-0.011997744396645943,1.0
20250808,VIX,15.15,-8.569704284852142,%,-0.08959329948309339,1.0
20250811,VIX,16.25,7.26072607260726,%,0.07009237682036834,3.0
20250812,VIX,14.73,-9.353846153846145,%,-0.09820667830120751,1.0
20250813,VIX,14.49,-1.6293279022403295,%,-0.01642747414194793,1.0
20250814,VIX,14.83,2.346445824706689,%,0.023193399817249664,1.0
20250815,VIX,15.09,1.7532029669588667,%,0.017380116629916797,1.0
20250818,VIX,14.99,-0.6626905235255109,%,-0.006648960665251167,3.0
20250819,VIX,15.57,3.8692461641093967,%,0.03796267373140053,1.0
20250820,VIX,15.69,0.770712909441218,%,0.007677580899034112,1.0
20250821,VIX,16.6,5.799872530274075,%,0.056379128617556465,1.0
20250822,VIX,14.22,-14.33734939759036,%,-0.1547532709874027,1.0
20250825,VIX,14.79,4.008438818565385,%,0.039301852347613464,3.0
20250826,VIX,14.62,-1.1494252873563204,%,-0.011560822401075971,1.0
20250827,VIX,14.85,1.5731874145006763,%,0.015609410927076104,1.0
20250828,VIX,14.43,-2.8282828282828243,%,-0.02869049246292908,1.0
20250829,VIX,15.36,6.444906444906451,%,0.06245735493374666,1.0
20250901,VIX,16.12,4.947916666666674,%,0.0482940093589562,3.0
20250902,VIX,17.17,6.513647642679898,%,0.06310293783090191,1.0
20250903,VIX,16.35,-4.7757716948165445,%,-0.0489357775661218,1.0
20250904,VIX,15.3,-6.422018348623859,%,-0.06637506894487269,1.0
20250905,VIX,15.18,-0.7843137254902044,%,-0.007874056430905996,1.0
20250908,VIX,15.11,-0.46113306982872304,%,-0.004621995682835677,3.0
20250909,VIX,15.04,-0.46326935804102964,%,-0.004643457762954407,1.0
20250910,VIX,15.35,2.0611702127659504,%,0.020402155511512324,1.0
20250911,VIX,14.71,-4.169381107491854,%,-0.042587939419859985,1.0
20250912,VIX,14.76,0.3399048266485405,%,0.003393284558980308,1.0
20250915,VIX,15.69,6.3008130081300795,%,0.06110274757261477,3.0
20250916,VIX,16.36,4.270235818992996,%,0.041815764429659834,1.0
20250917,VIX,15.72,-3.9119804400977953,%,-0.03990554417354047,1.0
20250918,VIX,15.7,-0.12722646310433516,%,-0.0012730746467982078,1.0
20250919,VIX,15.45,-1.5923566878980888,%,-0.0160517090105079,1.0
20250922,VIX,16.1,4.207119741100329,%,0.0412102686466629,3.0
20250923,VIX,16.64,3.354037267080745,%,0.03299016340264522,1.0
20250924,VIX,16.18,-2.7644230769230838,%,-0.028033523762716974,1.0
20250925,VIX,16.74,3.4610630407911014,%,0.03402515343098364,1.0
20250926,VIX,15.29,-8.661887694145754,%,-0.09060204512035827,1.0
20250929,VIX,16.12,5.428384565075217,%,0.052861717137511345,3.0
20250930,VIX,16.28,0.992555831265518,%,0.009876623495912099,1.0
20251001,VIX,16.29,0.06142506142505777,%,0.0006140620395594859,1.0
20251002,VIX,16.63,2.0871700429711426,%,0.020656870590882493,1.0
20251003,VIX,16.65,0.12026458208056479,%,0.0012019232216164014,1.0
20251006,VIX,16.37,-1.6816816816816682,%,-0.016959825043409163,3.0
20251007,VIX,17.24,5.314599877825277,%,0.05178187385250338,1.0
20251008,VIX,16.3,-5.452436194895583,%,-0.05606715742283029,1.0
20251009,VIX,16.43,0.797546012269934,%,0.007943824236460017,1.0
20251010,VIX,21.66,31.832014607425442,%,0.27635830952366786,1.0
20251013,VIX,19.03,-12.142197599261307,%,-0.12945056026478638,3.0
20251014,VIX,20.81,9.353652128218592,%,0.08941695909748484,1.0
20251015,VIX,20.64,-0.8169149447381008,%,-0.008202699792181013,1.0
20251016,VIX,25.31,22.625968992248048,%,0.20396863394367057,1.0
20251017,VIX,20.78,-17.8980640063216,%,-0.19720858888595122,1.0
20251020,VIX,18.23,-12.271414821944182,%,-0.13092239698050973,3.0
20251021,VIX,17.87,-1.974766867800326,%,-0.019945259519234967,1.0
20251022,VIX,18.6,4.085058757694471,%,0.040038251547818995,1.0
20251023,VIX,17.3,-6.989247311827961,%,-0.07245507921542235,1.0
20251024,VIX,16.37,-5.375722543352602,%,-0.055256110120689726,1.0
20251027,VIX,15.79,-3.5430665852168697,%,-0.03607356311549291,3.0
20251028,VIX,16.42,3.9898670044332007,%,0.039123275756731586,1.0
20251029,VIX,16.92,3.0450669914738215,%,0.029996250153795145,1.0
20251030,VIX,16.91,-0.05910165484634966,%,-0.0005911912675884298,1.0
20251031,VIX,17.44,3.134240094618579,%,0.030861255570344737,1.0
20251103,VIX,17.17,-1.5481651376146766,%,-0.015602743571449383,3.0
20251104,VIX,19.0,10.658124635993005,%,0.10127530425705625,1.0
20251105,VIX,18.01,-5.2105263157894655,%,-0.05351181997857566,1.0
20251106,VIX,19.5,8.273181565796772,%,0.07948730638183633,1.0
20251107,VIX,19.08,-2.1538461538461617,%,-0.02177379954956073,1.0
20251110,VIX,17.6,-7.756813417190756,%,-0.08074176397603415,3.0
20251111,VIX,17.28,-1.8181818181818188,%,-0.01834913866819654,1.0
20251112,VIX,17.51,1.331018518518512,%,0.013222382921850856,1.0
20251113,VIX,20.0,14.220445459737284,%,0.13296012725623044,1.0
20251114,VIX,19.83,-0.8500000000000063,%,-0.008536331022286448,1.0
20251117,VIX,22.38,12.859304084720137,%,0.1209717603520747,3.0
20251118,VIX,24.69,10.321715817694388,%,0.09823060047330913,1.0
20251119,VIX,23.66,-4.171729445119487,%,-0.04261244480684748,1.0
20251120,VIX,26.42,11.665257819103969,%,0.11033544054393851,1.0
20251121,VIX,23.43,-11.317183951551858,%,-0.120104046574475,1.0
20251124,VIX,20.52,-12.419974391805377,%,-0.1326172322171355,3.0
20251125,VIX,18.56,-9.551656920077978,%,-0.10039129294451432,1.0
20251126,VIX,17.19,-7.38146551724137,%,-0.07668090796329653,1.0
20251127,VIX,17.21,0.11634671320535084,%,0.0011627908286901518,1.0
20251128,VIX,16.35,-4.997094712376526,%,-0.05126271288018566,1.0
20251201,VIX,17.24,5.44342507645259,%,0.053004367892284555,3.0
20251202,VIX,16.59,-3.7703016241299236,%,-0.03843216103319384,1.0
20251203,VIX,16.08,-3.074141048824608,%,-0.031223840451532963,1.0
20251204,VIX,15.78,-1.8656716417910335,%,-0.01883294833309201,1.0
20251205,VIX,15.41,-2.344740177439797,%,-0.0237266660857038,1.0
20251208,VIX,16.66,8.111615833874097,%,0.07799398740667216,3.0
20251209,VIX,16.93,1.6206482593037252,%,0.016076559406347352,1.0
20251210,VIX,15.77,-6.851742468989963,%,-0.07097779517009697,1.0
20251211,VIX,14.85,-5.833861762840842,%,-0.06010953572623844,1.0
20251212,VIX,15.74,5.993265993265995,%,0.058205377740548556,1.0
20251215,VIX,16.5,4.828462515883092,%,0.04715513791727768,3.0
20251216,VIX,16.48,-0.12121212121212199,%,-0.0012128564252092936,1.0
20251217,VIX,17.62,6.917475728155353,%,0.06688709602670793,1.0
20251218,VIX,16.87,-4.256526674233829,%,-0.04349772395015656,1.0
20251219,VIX,14.91,-11.618257261410792,%,-0.12350476778122992,1.0
20251222,VIX,14.08,-5.566733735747819,%,-0.0572767780467507,3.0
20251223,VIX,14.0,-0.5681818181818232,%,-0.005698021114637779,1.0
20251224,VIX,13.47,-3.785714285714281,%,-0.03859233919298595,1.0
20251226,VIX,13.6,0.9651076466221209,%,0.009604802319733685,2.0
20251229,VIX,14.2,4.4117647058823595,%,0.04317217186520878,3.0
20251230,VIX,14.33,0.9154929577464888,%,0.009113277232865534,1.0
20251231,VIX,14.95,4.326587578506613,%,0.04235605799661479,1.0
20260102,VIX,14.51,-2.943143812709026,%,-0.02987323294059891,2.0
20260105,VIX,14.9,2.6878015161957203,%,0.02652314605531691,3.0
20260106,VIX,14.75,-1.0067114093959773,%,-0.010118130165584667,1.0
20260107,VIX,15.38,4.271186440677965,%,0.04182488129166908,1.0
20260108,VIX,15.45,0.4551365409622754,%,0.004541039266256421,1.0
20260109,VIX,14.49,-6.2135922330097015,%,-0.06415024701116338,1.0
20260112,VIX,15.12,4.347826086956519,%,0.0425596144187959,3.0
20260113,VIX,15.98,5.687830687830697,%,0.05531956958674176,1.0
20260114,VIX,16.75,4.818523153942422,%,0.04706031793294678,1.0
20260115,VIX,15.84,-5.432835820895521,%,-0.055859871884795624,1.0
20260116,VIX,15.86,0.12626262626262985,%,0.0012618298204221654,1.0
20260119,VIX,18.84,18.789407313997476,%,0.17218205294151503,3.0
20260120,VIX,20.09,6.634819532908698,%,0.06423990967862599,1.0
20260121,VIX,16.9,-15.87854654056745,%,-0.1729085568978153,1.0
20260122,VIX,15.64,-7.455621301775139,%,-0.07748188681186267,1.0
20260123,VIX,16.09,2.8772378516624064,%,0.028366225887126843,1.0
20260126,VIX,16.15,0.3729024238657397,%,0.0037220886643735515,3.0
20260127,VIX,16.35,1.2383900928792713,%,0.012307847674596993,1.0
20260128,VIX,16.35,0.0,%,0.0,1.0
20260129,VIX,16.88,3.241590214067269,%,0.03190159182454857,1.0
20260130,VIX,17.44,3.31753554502372,%,0.032636929313022735,1.0
20260202,VIX,16.34,-6.307339449541294,%,-0.06515032904897684,3.0
20260203,VIX,18.0,10.159118727050176,%,0.0967556684643078,1.0
20260204,VIX,18.64,3.5555555555555562,%,0.03493805136128044,1.0
20260205,VIX,21.77,16.791845493562228,%,0.15522306598901092,1.0
20260206,VIX,17.76,-18.419843821773075,%,-0.20358413768243197,1.0
20260209,VIX,17.36,-2.2522522522522626,%,-0.02278002833182,3.0
20260210,VIX,17.79,2.4769585253456183,%,0.024467792445539628,1.0
20260211,VIX,17.65,-0.786958965711082,%,-0.007900718298438086,1.0
20260212,VIX,20.82,17.960339943342785,%,0.16517827980751712,1.0
20260213,VIX,20.6,-1.056676272814594,%,-0.010622987391287354,1.0
20260216,VIX,21.2,2.9126213592232997,%,0.02871010588243136,3.0
20260217,VIX,20.29,-4.292452830188676,%,-0.043873027840243356,1.0
20260218,VIX,19.62,-3.302119270576631,%,-0.033578699700506275,1.0
20260219,VIX,20.23,3.1090723751274085,%,0.030617197042436952,1.0
20260220,VIX,19.09,-5.635195254572423,%,-0.05800201344199791,1.0
20260223,VIX,21.01,10.057621791513881,%,0.09583387711925281,3.0
20260224,VIX,19.55,-6.949071870537837,%,-0.07202322842553426,1.0
20260225,VIX,17.93,-8.286445012787723,%,-0.08649999881433328,1.0
20260226,VIX,18.63,3.904071388733965,%,0.038297896996455576,1.0
20260227,VIX,19.86,6.602254428341392,%,0.06393447400352952,1.0
20260302,VIX,21.44,7.955689828801615,%,0.07655067758557474,3.0
20260303,VIX,23.57,9.9347014925373,%,0.0947163807454384,1.0
20260304,VIX,21.15,-10.267288926601614,%,-0.1083348114557528,1.0
20260305,VIX,23.75,12.293144208037843,%,0.1159426249883634,1.0
20260306,VIX,29.49,24.168421052631572,%,0.2164686923465346,1.0
20260309,VIX,25.5,-13.530010172939978,%,-0.14537277066280438,3.0
20260310,VIX,24.93,-2.2352941176470575,%,-0.022606554628913936,1.0
20260311,VIX,24.23,-2.807862013638185,%,-0.02848036270703213,1.0
20260312,VIX,27.29,12.628972348328515,%,0.11892879989181271,1.0
20260313,VIX,27.19,-0.3664345914254241,%,-0.0036710760758676933,1.0
20260316,VIX,23.51,-13.534387642515632,%,-0.14542339609240124,3.0
20260317,VIX,22.37,-4.849000425350914,%,-0.04970508704993989,1.0
20260318,VIX,25.09,12.15914170764416,%,0.11474858487629264,1.0
20260319,VIX,24.06,-4.105221203666809,%,-0.0419186498317982,1.0
20260320,VIX,26.78,11.305070656691619,%,0.10710462971649376,1.0
20260323,VIX,26.15,-2.352501867064982,%,-0.023806149752094625,3.0
20260324,VIX,26.95,3.0592734225621365,%,0.030134106844074204,1.0
20260325,VIX,25.33,-6.011131725417441,%,-0.06199383334142231,1.0
20260326,VIX,27.44,8.330043426766686,%,0.08001233884410068,1.0
20260327,VIX,31.05,13.155976676384839,%,0.12359700552180329,1.0
20260330,VIX,30.61,-1.4170692431561993,%,-0.01427205542216663,3.0
20260331,VIX,25.25,-17.51061744527932,%,-0.19250059723595228,1.0
20260401,VIX,24.54,-2.8118811881188144,%,-0.02852171643860348,1.0
20260402,VIX,23.87,-2.730236348818249,%,-0.02768199893202658,1.0
20260406,VIX,24.17,1.2568077084206042,%,0.012489754364652843,4.0
20260407,VIX,25.78,6.661150186181208,%,0.06448680279564961,1.0
20260408,VIX,21.04,-18.386346004654776,%,-0.20317360964153225,1.0
20260409,VIX,19.49,-7.366920152091261,%,-0.07652387435003974,1.0
20260410,VIX,19.23,-1.334017444843505,%,-0.013429953918781034,1.0
20260413,VIX,19.12,-0.572022880915235,%,-0.00573665197743312,3.0
20260414,VIX,18.36,-3.974895397489553,%,-0.04056052243091096,1.0
20260415,VIX,18.17,-1.0348583877995532,%,-0.010402502784264476,1.0
20260416,VIX,17.94,-1.2658227848101333,%,-0.012739025777429826,1.0
20260417,VIX,17.48,-2.564102564102566,%,-0.025975486403260677,1.0
20260420,VIX,18.87,7.951945080091538,%,0.0765159891530695,3.0
20260421,VIX,19.5,3.338632750397452,%,0.03284110618924223,1.0
20260422,VIX,18.92,-2.9743589743589705,%,-0.03019490194596886,1.0
20260423,VIX,19.31,2.061310782240988,%,0.020403532816690596,1.0
20260424,VIX,18.71,-3.107198342827544,%,-0.03156495615442476,1.0
20260427,VIX,18.02,-3.6878674505611997,%,-0.03757588810580642,3.0
20260428,VIX,17.83,-1.0543840177580588,%,-0.010599820305142938,1.0
20260429,VIX,18.81,5.496354458777342,%,0.05350621143788998,1.0
20260430,VIX,16.89,-10.207336523125987,%,-0.10766691249323021,1.0
20260501,VIX,16.99,0.5920663114268754,%,0.005903204864131906,1.0
20260504,VIX,18.29,7.651559741024139,%,0.07372952671893374,3.0
20260505,VIX,17.38,-4.975396391470754,%,-0.051034342565528405,1.0
20260506,VIX,17.39,0.05753739930955959,%,0.0005752085289457673,1.0
20260507,VIX,17.08,-1.782633697527325,%,-0.017987140005767965,1.0
20260508,VIX,17.19,0.6440281030445139,%,0.006419631034334255,1.0
20260511,VIX,18.38,6.922629435718419,%,0.0669352975327829,3.0
20260512,VIX,17.99,-2.121871599564751,%,-0.021447068965099323,1.0
20260513,VIX,17.87,-0.6670372429127158,%,-0.006692718791104927,1.0
20260514,VIX,17.26,-3.4135422495803036,%,-0.0347316435160548,1.0
20260515,VIX,18.43,6.778679026651213,%,0.06558808602645,1.0
20260518,VIX,17.82,-3.309820944112851,%,-0.03365834963906858,3.0
20260519,VIX,18.06,1.3468013468013407,%,0.01337812594617605,1.0
20260520,VIX,17.44,-3.4330011074196976,%,-0.03493312950800564,1.0
20260521,VIX,16.76,-3.8990825688073327,%,-0.039771323426896515,1.0
20260522,VIX,16.7,-0.35799522673032325,%,-0.0035863756312276888,1.0
20260525,VIX,16.59,-0.6586826347305341,%,-0.006608615220356252,3.0
20260526,VIX,17.01,2.5316455696202667,%,0.0250013022054174,1.0
20260527,VIX,16.29,-4.232804232804243,%,-0.04324998379381675,1.0
20260528,VIX,15.74,-3.3763044812768483,%,-0.0343461796246965,1.0
20260529,VIX,15.32,-2.668360864040664,%,-0.027046078676811962,1.0
20260601,VIX,16.05,4.7650130548302805,%,0.04654968526357957,3.0
20260602,VIX,15.77,-1.7445482866043638,%,-0.017599448601077882,1.0
20260603,VIX,16.06,1.8389346861128697,%,0.018222307543668572,1.0
20260604,VIX,15.4,-4.109589041095885,%,-0.04196419909903208,1.0
20260605,VIX,21.51,39.67532467532469,%,0.3341504338600553,1.0
20260608,VIX,18.92,-12.04091120409112,%,-0.12829837965590646,3.0
20260609,VIX,19.87,5.0211416490486105,%,0.048991492939993116,1.0
20260610,VIX,22.22,11.826874685455447,%,0.11178172764775833,1.0
20260611,VIX,19.44,-12.5112511251125,%,-0.13365998517919078,1.0
20260612,VIX,17.68,-9.053497942386834,%,-0.09489874182279567,1.0
20260615,VIX,16.2,-8.371040723981904,%,-0.08742281497115903,3.0
20260616,VIX,16.41,1.2962962962963065,%,0.012879662863661238,1.0
20260617,VIX,18.44,12.370505789152952,%,0.11663131302644822,1.0
20260618,VIX,16.4,-11.062906724511945,%,-0.1172408832982952,1.0
20260619,VIX,16.78,2.3170731707317316,%,0.022906366208907618,1.0
20260622,VIX,17.28,2.979737783075098,%,0.02936206233684953,3.0
20260623,VIX,19.49,12.789351851851837,%,0.12035175014355975,1.0
20260624,VIX,18.63,-4.412519240636225,%,-0.045128328905972376,1.0
20260625,VIX,18.89,1.3955984970477786,%,0.013859496899921157,1.0
20260626,VIX,18.41,-2.541026998411855,%,-0.025738686268431663,1.0
20260629,VIX,17.65,-4.12819120043455,%,-0.04215821186568075,3.0
20260630,VIX,16.45,-6.798866855524077,%,-0.07041030616792485,1.0
20260701,VIX,16.59,0.8510638297872353,%,0.008474626990972236,1.0
20260702,VIX,16.15,-2.65220012055456,%,-0.026880054533687667,1.0
20260703,VIX,15.81,-2.105263157894721,%,-0.021277398447284736,1.0
20260706,VIX,15.57,-1.5180265654648917,%,-0.015296665375473648,3.0
20260707,VIX,16.13,3.596660244059069,%,0.03533490629121035,1.0
20260708,VIX,16.9,4.773713577185368,%,0.046632729791910285,1.0
20260709,VIX,15.84,-6.2721893491124225,%,-0.06477523554274796,1.0
20260710,VIX,15.03,-5.113636363636365,%,-0.05249018262139669,1.0
20260713,VIX,17.16,14.171656686626743,%,0.13253289029493306,3.0
20260714,VIX,16.5,-3.8461538461538436,%,-0.03922071315328127,1.0
20260715,VIX,15.67,-5.030303030303029,%,-0.05161232453860545,1.0
20260716,VIX,16.73,6.76451818761965,%,0.0654554586308031,1.0
20260717,VIX,18.77,12.193664076509258,%,0.1150563355996848,1.0
20260720,VIX,18.65,-0.6393180607352167,%,-0.006413704508592912,3.0
20260721,VIX,17.05,-8.579088471849861,%,-0.0896959423602987,1.0
20260722,VIX,16.64,-2.404692082111437,%,-0.024340768336463262,1.0
20260723,VIX,18.7,12.379807692307686,%,0.11671408846747836,1.0
20260724,VIX,18.58,-0.6417112299465288,%,-0.00643779047484853,1.0
20260727,VIX,18.67,0.4843918191604013,%,0.0048322241679389245,3.0
20260728,VIX,18.21,-2.463845741831816,%,-0.024947063814114663,1.0
20260729,VIX,20.66,13.454146073585926,%,0.12622856995197576,1.0
20260730,VIX,17.09,-17.279767666989354,%,-0.189705966563993,1.0
20260731,VIX,15.99,-6.4365125804564105,%,-0.0665299702816367,1.0
20260803,VIX,15.86,-0.8130081300813052,%,-0.008163310639160981,3.0
20260804,VIX,16.5,4.035308953341743,%,0.03956016469983303,1.0
20260805,VIX,15.81,-4.181818181818175,%,-0.04271772968515421,1.0
20260806,VIX,15.15,-4.174573055028463,%,-0.042642119266002504,1.0
20260807,VIX,14.9,-1.650165016501648,%,-0.01663931900396467,1.0
20260810,VIX,15.46,3.7583892617449655,%,0.03689483020786244,3.0
20260811,VIX,15.28,-1.1642949547218673,%,-0.011711259420901515,1.0
20260812,VIX,14.55,-4.777486910994755,%,-0.048953790120872816,1.0
20260813,VIX,14.63,0.5498281786941561,%,0.005483221414531401,1.0
20260814,VIX,14.25,-2.5974025974025983,%,-0.026317308317373417,1.0
20260817,VIX,15.19,6.596491228070178,%,0.06388040989302197,3.0
20260818,VIX,15.84,4.279131007241599,%,0.04190106977859824,1.0
20260819,VIX,14.89,-5.99747474747474,%,-0.0618485396903621,1.0
20260820,VIX,16.01,7.5218267293485574,%,0.07252368031270572,1.0
20260821,VIX,15.13,-5.496564647095569,%,-0.05653399920835882,1.0
20260824,VIX,15.85,4.758757435558492,%,0.04648997252302506,3.0
20260825,VIX,15.45,-2.5236593059936974,%,-0.02556049697953522,1.0
20260826,VIX,15.21,-1.5533980582524198,%,-0.015655897072552907,1.0
20260827,VIX,14.51,-4.602235371466145,%,-0.04711503937510506,1.0
20260828,VIX,14.43,-0.5513439007580945,%,-0.00552869411031694,1.0
20260831,VIX,14.92,3.3957033957033866,%,0.0333932219898352,3.0
20260901,VIX,16.34,9.51742627345844,%,0.09091349465624199,1.0
20260902,VIX,15.2,-6.976744186046513,%,-0.07232066157962613,1.0
20260903,VIX,14.32,-5.789473684210522,%,-0.059638266319731105,1.0
20260904,VIX,14.53,1.4664804469273651,%,0.01455831604969189,1.0
20260907,VIX,15.3,5.299380591878888,%,0.051637350816198406,3.0
20260908,VIX,15.72,2.7450980392156765,%,0.027080958602670614,1.0
20260909,VIX,16.46,4.707379134860057,%,0.045999408247863326,1.0
20260910,VIX,17.84,8.383961117861482,%,0.08050993190293956,1.0
20260911,VIX,15.84,-11.210762331838565,%,-0.11890474076558351,1.0
20260914,VIX,17.1,7.954545454545459,%,0.0765400771223344,3.0
20260915,VIX,17.2,0.5847953216374213,%,0.005830920310793144,1.0
20260916,VIX,17.71,2.9651162790697683,%,0.029220067975334822,1.0
20260917,VIX,15.44,-12.817617165443263,%,-0.13716790719811217,1.0
20260918,VIX,14.81,-4.080310880829008,%,-0.04165891631692262,1.0
20260921,VIX,14.87,0.4051316677920136,%,0.004043132192356104,3.0
20260922,VIX,14.21,-4.438466711499656,%,-0.04539981836305435,1.0
20260923,VIX,15.18,6.826178747361,%,0.06603282985847447,1.0
20260924,VIX,15.67,3.22793148880105,%,0.031769284400445554,1.0
20260925,VIX,14.87,-5.105296745373334,%,-0.05240229589586584,1.0
20260928,VIX,16.07,8.069939475453936,%,0.07760841927735752,3.0
20130102,UST10Y,1.86,,pp,,
20130103,UST10Y,1.92,0.05999999999999983,pp,,1.0
20130104,UST10Y,1.93,0.010000000000000009,pp,,1.0
20130107,UST10Y,1.92,-0.010000000000000009,pp,,3.0
20130108,UST10Y,1.89,-0.030000000000000027,pp,,1.0
20130109,UST10Y,1.88,-0.010000000000000009,pp,,1.0
20130110,UST10Y,1.91,0.030000000000000027,pp,,1.0
20130111,UST10Y,1.89,-0.020000000000000018,pp,,1.0
20130114,UST10Y,1.89,0.0,pp,,3.0
20130115,UST10Y,1.86,-0.029999999999999805,pp,,1.0
20130116,UST10Y,1.84,-0.020000000000000018,pp,,1.0
20130117,UST10Y,1.89,0.04999999999999982,pp,,1.0
20130118,UST10Y,1.87,-0.019999999999999796,pp,,1.0
20130122,UST10Y,1.86,-0.010000000000000009,pp,,4.0
20130123,UST10Y,1.86,0.0,pp,,1.0
20130124,UST10Y,1.88,0.019999999999999796,pp,,1.0
20130125,UST10Y,1.98,0.10000000000000009,pp,,1.0
20130128,UST10Y,2.0,0.020000000000000018,pp,,3.0
20130129,UST10Y,2.03,0.029999999999999805,pp,,1.0
20130130,UST10Y,2.03,0.0,pp,,1.0
20130131,UST10Y,2.02,-0.009999999999999787,pp,,1.0
20130201,UST10Y,2.04,0.020000000000000018,pp,,1.0
20130204,UST10Y,2.0,-0.040000000000000036,pp,,3.0
20130205,UST10Y,2.04,0.040000000000000036,pp,,1.0
20130206,UST10Y,2.0,-0.040000000000000036,pp,,1.0
20130207,UST10Y,1.99,-0.010000000000000009,pp,,1.0
20130208,UST10Y,1.99,0.0,pp,,1.0
20130211,UST10Y,1.99,0.0,pp,,3.0
20130212,UST10Y,2.02,0.030000000000000027,pp,,1.0
20130213,UST10Y,2.05,0.029999999999999805,pp,,1.0
20130214,UST10Y,2.0,-0.04999999999999982,pp,,1.0
20130215,UST10Y,2.01,0.009999999999999787,pp,,1.0
20130219,UST10Y,2.03,0.020000000000000018,pp,,4.0
20130220,UST10Y,2.02,-0.009999999999999787,pp,,1.0
20130221,UST10Y,1.99,-0.030000000000000027,pp,,1.0
20130222,UST10Y,1.97,-0.020000000000000018,pp,,1.0
20130225,UST10Y,1.88,-0.09000000000000008,pp,,3.0
20130226,UST10Y,1.88,0.0,pp,,1.0
20130227,UST10Y,1.91,0.030000000000000027,pp,,1.0
20130228,UST10Y,1.89,-0.020000000000000018,pp,,1.0
20130301,UST10Y,1.86,-0.029999999999999805,pp,,1.0
20130304,UST10Y,1.88,0.019999999999999796,pp,,3.0
20130305,UST10Y,1.9,0.020000000000000018,pp,,1.0
20130306,UST10Y,1.95,0.050000000000000044,pp,,1.0
20130307,UST10Y,2.0,0.050000000000000044,pp,,1.0
20130308,UST10Y,2.06,0.06000000000000005,pp,,1.0
20130311,UST10Y,2.07,0.009999999999999787,pp,,3.0
20130312,UST10Y,2.03,-0.040000000000000036,pp,,1.0
20130313,UST10Y,2.04,0.010000000000000231,pp,,1.0
20130314,UST10Y,2.04,0.0,pp,,1.0
20130315,UST10Y,2.01,-0.03000000000000025,pp,,1.0
20130318,UST10Y,1.96,-0.04999999999999982,pp,,3.0
20130319,UST10Y,1.92,-0.040000000000000036,pp,,1.0
20130320,UST10Y,1.96,0.040000000000000036,pp,,1.0
20130321,UST10Y,1.95,-0.010000000000000009,pp,,1.0
20130322,UST10Y,1.93,-0.020000000000000018,pp,,1.0
20130325,UST10Y,1.93,0.0,pp,,3.0
20130326,UST10Y,1.92,-0.010000000000000009,pp,,1.0
20130327,UST10Y,1.87,-0.04999999999999982,pp,,1.0
20130328,UST10Y,1.87,0.0,pp,,1.0
20130401,UST10Y,1.86,-0.010000000000000009,pp,,4.0
20130402,UST10Y,1.88,0.019999999999999796,pp,,1.0
20130403,UST10Y,1.83,-0.04999999999999982,pp,,1.0
20130404,UST10Y,1.78,-0.050000000000000044,pp,,1.0
20130405,UST10Y,1.72,-0.06000000000000005,pp,,1.0
20130408,UST10Y,1.76,0.040000000000000036,pp,,3.0
20130409,UST10Y,1.78,0.020000000000000018,pp,,1.0
20130410,UST10Y,1.84,0.06000000000000005,pp,,1.0
20130411,UST10Y,1.82,-0.020000000000000018,pp,,1.0
20130412,UST10Y,1.75,-0.07000000000000006,pp,,1.0
20130415,UST10Y,1.72,-0.030000000000000027,pp,,3.0
20130416,UST10Y,1.75,0.030000000000000027,pp,,1.0
20130417,UST10Y,1.73,-0.020000000000000018,pp,,1.0
20130418,UST10Y,1.72,-0.010000000000000009,pp,,1.0
20130419,UST10Y,1.73,0.010000000000000009,pp,,1.0
20130422,UST10Y,1.72,-0.010000000000000009,pp,,3.0
20130423,UST10Y,1.74,0.020000000000000018,pp,,1.0
20130424,UST10Y,1.73,-0.010000000000000009,pp,,1.0
20130425,UST10Y,1.74,0.010000000000000009,pp,,1.0
20130426,UST10Y,1.7,-0.040000000000000036,pp,,1.0
20130429,UST10Y,1.7,0.0,pp,,3.0
20130430,UST10Y,1.7,0.0,pp,,1.0
20130501,UST10Y,1.66,-0.040000000000000036,pp,,1.0
20130502,UST10Y,1.66,0.0,pp,,1.0
20130503,UST10Y,1.78,0.1200000000000001,pp,,1.0
20130506,UST10Y,1.8,0.020000000000000018,pp,,3.0
20130507,UST10Y,1.82,0.020000000000000018,pp,,1.0
20130508,UST10Y,1.81,-0.010000000000000009,pp,,1.0
20130509,UST10Y,1.81,0.0,pp,,1.0
20130510,UST10Y,1.9,0.08999999999999986,pp,,1.0
20130513,UST10Y,1.92,0.020000000000000018,pp,,3.0
20130514,UST10Y,1.96,0.040000000000000036,pp,,1.0
20130515,UST10Y,1.94,-0.020000000000000018,pp,,1.0
20130516,UST10Y,1.87,-0.06999999999999984,pp,,1.0
20130517,UST10Y,1.95,0.07999999999999985,pp,,1.0
20130520,UST10Y,1.97,0.020000000000000018,pp,,3.0
20130521,UST10Y,1.94,-0.030000000000000027,pp,,1.0
20130522,UST10Y,2.03,0.08999999999999986,pp,,1.0
20130523,UST10Y,2.02,-0.009999999999999787,pp,,1.0
20130524,UST10Y,2.01,-0.010000000000000231,pp,,1.0
20130528,UST10Y,2.15,0.14000000000000012,pp,,4.0
20130529,UST10Y,2.13,-0.020000000000000018,pp,,1.0
20130530,UST10Y,2.13,0.0,pp,,1.0
20130531,UST10Y,2.16,0.03000000000000025,pp,,1.0
20130603,UST10Y,2.13,-0.03000000000000025,pp,,3.0
20130604,UST10Y,2.14,0.010000000000000231,pp,,1.0
20130605,UST10Y,2.1,-0.040000000000000036,pp,,1.0
20130606,UST10Y,2.08,-0.020000000000000018,pp,,1.0
20130607,UST10Y,2.17,0.08999999999999986,pp,,1.0
20130610,UST10Y,2.22,0.050000000000000266,pp,,3.0
20130611,UST10Y,2.2,-0.020000000000000018,pp,,1.0
20130612,UST10Y,2.25,0.04999999999999982,pp,,1.0
20130613,UST10Y,2.19,-0.06000000000000005,pp,,1.0
20130614,UST10Y,2.14,-0.04999999999999982,pp,,1.0
20130617,UST10Y,2.19,0.04999999999999982,pp,,3.0
20130618,UST10Y,2.2,0.010000000000000231,pp,,1.0
20130619,UST10Y,2.33,0.1299999999999999,pp,,1.0
20130620,UST10Y,2.41,0.08000000000000007,pp,,1.0
20130621,UST10Y,2.52,0.10999999999999988,pp,,1.0
20130624,UST10Y,2.57,0.04999999999999982,pp,,3.0
20130625,UST10Y,2.6,0.03000000000000025,pp,,1.0
20130626,UST10Y,2.55,-0.050000000000000266,pp,,1.0
20130627,UST10Y,2.49,-0.05999999999999961,pp,,1.0
20130628,UST10Y,2.52,0.029999999999999805,pp,,1.0
20130701,UST10Y,2.5,-0.020000000000000018,pp,,3.0
20130702,UST10Y,2.48,-0.020000000000000018,pp,,1.0
20130703,UST10Y,2.52,0.040000000000000036,pp,,1.0
20130705,UST10Y,2.73,0.20999999999999996,pp,,2.0
20130708,UST10Y,2.65,-0.08000000000000007,pp,,3.0
20130709,UST10Y,2.65,0.0,pp,,1.0
20130710,UST10Y,2.7,0.050000000000000266,pp,,1.0
20130711,UST10Y,2.6,-0.10000000000000009,pp,,1.0
20130712,UST10Y,2.61,0.009999999999999787,pp,,1.0
20130715,UST10Y,2.57,-0.040000000000000036,pp,,3.0
20130716,UST10Y,2.55,-0.020000000000000018,pp,,1.0
20130717,UST10Y,2.52,-0.029999999999999805,pp,,1.0
20130718,UST10Y,2.56,0.040000000000000036,pp,,1.0
20130719,UST10Y,2.5,-0.06000000000000005,pp,,1.0
20130722,UST10Y,2.5,0.0,pp,,3.0
20130723,UST10Y,2.53,0.029999999999999805,pp,,1.0
20130724,UST10Y,2.61,0.08000000000000007,pp,,1.0
20130725,UST10Y,2.61,0.0,pp,,1.0
20130726,UST10Y,2.58,-0.029999999999999805,pp,,1.0
20130729,UST10Y,2.61,0.029999999999999805,pp,,3.0
20130730,UST10Y,2.63,0.020000000000000018,pp,,1.0
20130731,UST10Y,2.6,-0.029999999999999805,pp,,1.0
20130801,UST10Y,2.74,0.14000000000000012,pp,,1.0
20130802,UST10Y,2.63,-0.11000000000000032,pp,,1.0
20130805,UST10Y,2.67,0.040000000000000036,pp,,3.0
20130806,UST10Y,2.67,0.0,pp,,1.0
20130807,UST10Y,2.61,-0.06000000000000005,pp,,1.0
20130808,UST10Y,2.58,-0.029999999999999805,pp,,1.0
20130809,UST10Y,2.57,-0.010000000000000231,pp,,1.0
20130812,UST10Y,2.61,0.040000000000000036,pp,,3.0
20130813,UST10Y,2.71,0.10000000000000009,pp,,1.0
20130814,UST10Y,2.71,0.0,pp,,1.0
20130815,UST10Y,2.77,0.06000000000000005,pp,,1.0
20130816,UST10Y,2.84,0.06999999999999984,pp,,1.0
20130819,UST10Y,2.88,0.040000000000000036,pp,,3.0
20130820,UST10Y,2.82,-0.06000000000000005,pp,,1.0
20130821,UST10Y,2.87,0.050000000000000266,pp,,1.0
20130822,UST10Y,2.9,0.029999999999999805,pp,,1.0
20130823,UST10Y,2.82,-0.08000000000000007,pp,,1.0
20130826,UST10Y,2.79,-0.029999999999999805,pp,,3.0
20130827,UST10Y,2.72,-0.06999999999999984,pp,,1.0
20130828,UST10Y,2.78,0.05999999999999961,pp,,1.0
20130829,UST10Y,2.75,-0.029999999999999805,pp,,1.0
20130830,UST10Y,2.78,0.029999999999999805,pp,,1.0
20130903,UST10Y,2.86,0.08000000000000007,pp,,4.0
20130904,UST10Y,2.9,0.040000000000000036,pp,,1.0
20130905,UST10Y,2.98,0.08000000000000007,pp,,1.0
20130906,UST10Y,2.94,-0.040000000000000036,pp,,1.0
20130909,UST10Y,2.9,-0.040000000000000036,pp,,3.0
20130910,UST10Y,2.96,0.06000000000000005,pp,,1.0
20130911,UST10Y,2.93,-0.029999999999999805,pp,,1.0
20130912,UST10Y,2.92,-0.010000000000000231,pp,,1.0
20130913,UST10Y,2.9,-0.020000000000000018,pp,,1.0
20130916,UST10Y,2.88,-0.020000000000000018,pp,,3.0
20130917,UST10Y,2.86,-0.020000000000000018,pp,,1.0
20130918,UST10Y,2.69,-0.16999999999999993,pp,,1.0
20130919,UST10Y,2.76,0.06999999999999984,pp,,1.0
20130920,UST10Y,2.75,-0.009999999999999787,pp,,1.0
20130923,UST10Y,2.72,-0.029999999999999805,pp,,3.0
20130924,UST10Y,2.67,-0.050000000000000266,pp,,1.0
20130925,UST10Y,2.63,-0.040000000000000036,pp,,1.0
20130926,UST10Y,2.66,0.03000000000000025,pp,,1.0
20130927,UST10Y,2.64,-0.020000000000000018,pp,,1.0
20130930,UST10Y,2.64,0.0,pp,,3.0
20131001,UST10Y,2.66,0.020000000000000018,pp,,1.0
20131002,UST10Y,2.63,-0.03000000000000025,pp,,1.0
20131003,UST10Y,2.62,-0.009999999999999787,pp,,1.0
20131004,UST10Y,2.66,0.040000000000000036,pp,,1.0
20131007,UST10Y,2.65,-0.010000000000000231,pp,,3.0
20131008,UST10Y,2.66,0.010000000000000231,pp,,1.0
20131009,UST10Y,2.68,0.020000000000000018,pp,,1.0
20131010,UST10Y,2.71,0.029999999999999805,pp,,1.0
20131011,UST10Y,2.7,-0.009999999999999787,pp,,1.0
20131015,UST10Y,2.75,0.04999999999999982,pp,,4.0
20131016,UST10Y,2.69,-0.06000000000000005,pp,,1.0
20131017,UST10Y,2.61,-0.08000000000000007,pp,,1.0
20131018,UST10Y,2.6,-0.009999999999999787,pp,,1.0
20131021,UST10Y,2.63,0.029999999999999805,pp,,3.0
20131022,UST10Y,2.54,-0.08999999999999986,pp,,1.0
20131023,UST10Y,2.51,-0.03000000000000025,pp,,1.0
20131024,UST10Y,2.53,0.020000000000000018,pp,,1.0
20131025,UST10Y,2.53,0.0,pp,,1.0
20131028,UST10Y,2.54,0.010000000000000231,pp,,3.0
20131029,UST10Y,2.53,-0.010000000000000231,pp,,1.0
20131030,UST10Y,2.55,0.020000000000000018,pp,,1.0
20131031,UST10Y,2.57,0.020000000000000018,pp,,1.0
20131101,UST10Y,2.65,0.08000000000000007,pp,,1.0
20131104,UST10Y,2.63,-0.020000000000000018,pp,,3.0
20131105,UST10Y,2.69,0.06000000000000005,pp,,1.0
20131106,UST10Y,2.67,-0.020000000000000018,pp,,1.0
20131107,UST10Y,2.63,-0.040000000000000036,pp,,1.0
20131108,UST10Y,2.77,0.14000000000000012,pp,,1.0
20131112,UST10Y,2.8,0.029999999999999805,pp,,4.0
20131113,UST10Y,2.75,-0.04999999999999982,pp,,1.0
20131114,UST10Y,2.69,-0.06000000000000005,pp,,1.0
20131115,UST10Y,2.71,0.020000000000000018,pp,,1.0
20131118,UST10Y,2.67,-0.040000000000000036,pp,,3.0
20131119,UST10Y,2.71,0.040000000000000036,pp,,1.0
20131120,UST10Y,2.8,0.08999999999999986,pp,,1.0
20131121,UST10Y,2.79,-0.009999999999999787,pp,,1.0
20131122,UST10Y,2.75,-0.040000000000000036,pp,,1.0
20131125,UST10Y,2.74,-0.009999999999999787,pp,,3.0
20131126,UST10Y,2.71,-0.03000000000000025,pp,,1.0
20131127,UST10Y,2.74,0.03000000000000025,pp,,1.0
20131129,UST10Y,2.75,0.009999999999999787,pp,,2.0
20131202,UST10Y,2.81,0.06000000000000005,pp,,3.0
20131203,UST10Y,2.79,-0.020000000000000018,pp,,1.0
20131204,UST10Y,2.84,0.04999999999999982,pp,,1.0
20131205,UST10Y,2.88,0.040000000000000036,pp,,1.0
20131206,UST10Y,2.88,0.0,pp,,1.0
20131209,UST10Y,2.86,-0.020000000000000018,pp,,3.0
20131210,UST10Y,2.81,-0.04999999999999982,pp,,1.0
20131211,UST10Y,2.86,0.04999999999999982,pp,,1.0
20131212,UST10Y,2.89,0.03000000000000025,pp,,1.0
20131213,UST10Y,2.88,-0.010000000000000231,pp,,1.0
20131216,UST10Y,2.89,0.010000000000000231,pp,,3.0
20131217,UST10Y,2.85,-0.040000000000000036,pp,,1.0
20131218,UST10Y,2.89,0.040000000000000036,pp,,1.0
20131219,UST10Y,2.94,0.04999999999999982,pp,,1.0
20131220,UST10Y,2.89,-0.04999999999999982,pp,,1.0
20131223,UST10Y,2.94,0.04999999999999982,pp,,3.0
20131224,UST10Y,2.99,0.050000000000000266,pp,,1.0
20131226,UST10Y,3.0,0.009999999999999787,pp,,2.0
20131227,UST10Y,3.02,0.020000000000000018,pp,,1.0
20131230,UST10Y,2.99,-0.029999999999999805,pp,,3.0
20131231,UST10Y,3.04,0.04999999999999982,pp,,1.0
20140102,UST10Y,3.0,-0.040000000000000036,pp,,2.0
20140103,UST10Y,3.01,0.009999999999999787,pp,,1.0
20140106,UST10Y,2.98,-0.029999999999999805,pp,,3.0
20140107,UST10Y,2.96,-0.020000000000000018,pp,,1.0
20140108,UST10Y,3.01,0.04999999999999982,pp,,1.0
20140109,UST10Y,2.97,-0.03999999999999959,pp,,1.0
20140110,UST10Y,2.88,-0.0900000000000003,pp,,1.0
20140113,UST10Y,2.84,-0.040000000000000036,pp,,3.0
20140114,UST10Y,2.88,0.040000000000000036,pp,,1.0
20140115,UST10Y,2.9,0.020000000000000018,pp,,1.0
20140116,UST10Y,2.86,-0.040000000000000036,pp,,1.0
20140117,UST10Y,2.84,-0.020000000000000018,pp,,1.0
20140121,UST10Y,2.85,0.010000000000000231,pp,,4.0
20140122,UST10Y,2.87,0.020000000000000018,pp,,1.0
20140123,UST10Y,2.79,-0.08000000000000007,pp,,1.0
20140124,UST10Y,2.75,-0.040000000000000036,pp,,1.0
20140127,UST10Y,2.78,0.029999999999999805,pp,,3.0
20140128,UST10Y,2.77,-0.009999999999999787,pp,,1.0
20140129,UST10Y,2.69,-0.08000000000000007,pp,,1.0
20140130,UST10Y,2.72,0.03000000000000025,pp,,1.0
20140131,UST10Y,2.67,-0.050000000000000266,pp,,1.0
20140203,UST10Y,2.61,-0.06000000000000005,pp,,3.0
20140204,UST10Y,2.64,0.03000000000000025,pp,,1.0
20140205,UST10Y,2.7,0.06000000000000005,pp,,1.0
20140206,UST10Y,2.73,0.029999999999999805,pp,,1.0
20140207,UST10Y,2.71,-0.020000000000000018,pp,,1.0
20140210,UST10Y,2.7,-0.009999999999999787,pp,,3.0
20140211,UST10Y,2.75,0.04999999999999982,pp,,1.0
20140212,UST10Y,2.8,0.04999999999999982,pp,,1.0
20140213,UST10Y,2.73,-0.06999999999999984,pp,,1.0
20140214,UST10Y,2.75,0.020000000000000018,pp,,1.0
20140218,UST10Y,2.71,-0.040000000000000036,pp,,4.0
20140219,UST10Y,2.73,0.020000000000000018,pp,,1.0
20140220,UST10Y,2.76,0.029999999999999805,pp,,1.0
20140221,UST10Y,2.73,-0.029999999999999805,pp,,1.0
20140224,UST10Y,2.75,0.020000000000000018,pp,,3.0
20140225,UST10Y,2.7,-0.04999999999999982,pp,,1.0
20140226,UST10Y,2.67,-0.03000000000000025,pp,,1.0
20140227,UST10Y,2.65,-0.020000000000000018,pp,,1.0
20140228,UST10Y,2.66,0.010000000000000231,pp,,1.0
20140303,UST10Y,2.6,-0.06000000000000005,pp,,3.0
20140304,UST10Y,2.7,0.10000000000000009,pp,,1.0
20140305,UST10Y,2.7,0.0,pp,,1.0
20140306,UST10Y,2.74,0.040000000000000036,pp,,1.0
20140307,UST10Y,2.8,0.05999999999999961,pp,,1.0
20140310,UST10Y,2.79,-0.009999999999999787,pp,,3.0
20140311,UST10Y,2.77,-0.020000000000000018,pp,,1.0
20140312,UST10Y,2.73,-0.040000000000000036,pp,,1.0
20140313,UST10Y,2.66,-0.06999999999999984,pp,,1.0
20140314,UST10Y,2.65,-0.010000000000000231,pp,,1.0
20140317,UST10Y,2.7,0.050000000000000266,pp,,3.0
20140318,UST10Y,2.68,-0.020000000000000018,pp,,1.0
20140319,UST10Y,2.78,0.09999999999999964,pp,,1.0
20140320,UST10Y,2.79,0.010000000000000231,pp,,1.0
20140321,UST10Y,2.75,-0.040000000000000036,pp,,1.0
20140324,UST10Y,2.74,-0.009999999999999787,pp,,3.0
20140325,UST10Y,2.75,0.009999999999999787,pp,,1.0
20140326,UST10Y,2.71,-0.040000000000000036,pp,,1.0
20140327,UST10Y,2.69,-0.020000000000000018,pp,,1.0
20140328,UST10Y,2.73,0.040000000000000036,pp,,1.0
20140331,UST10Y,2.73,0.0,pp,,3.0
20140401,UST10Y,2.77,0.040000000000000036,pp,,1.0
20140402,UST10Y,2.82,0.04999999999999982,pp,,1.0
20140403,UST10Y,2.8,-0.020000000000000018,pp,,1.0
20140404,UST10Y,2.74,-0.05999999999999961,pp,,1.0
20140407,UST10Y,2.71,-0.03000000000000025,pp,,3.0
20140408,UST10Y,2.69,-0.020000000000000018,pp,,1.0
20140409,UST10Y,2.71,0.020000000000000018,pp,,1.0
20140410,UST10Y,2.65,-0.06000000000000005,pp,,1.0
20140411,UST10Y,2.63,-0.020000000000000018,pp,,1.0
20140414,UST10Y,2.65,0.020000000000000018,pp,,3.0
20140415,UST10Y,2.64,-0.009999999999999787,pp,,1.0
20140416,UST10Y,2.65,0.009999999999999787,pp,,1.0
20140417,UST10Y,2.73,0.08000000000000007,pp,,1.0
20140421,UST10Y,2.73,0.0,pp,,4.0
20140422,UST10Y,2.73,0.0,pp,,1.0
20140423,UST10Y,2.7,-0.029999999999999805,pp,,1.0
20140424,UST10Y,2.7,0.0,pp,,1.0
20140425,UST10Y,2.68,-0.020000000000000018,pp,,1.0
20140428,UST10Y,2.7,0.020000000000000018,pp,,3.0
20140429,UST10Y,2.71,0.009999999999999787,pp,,1.0
20140430,UST10Y,2.67,-0.040000000000000036,pp,,1.0
20140501,UST10Y,2.63,-0.040000000000000036,pp,,1.0
20140502,UST10Y,2.6,-0.029999999999999805,pp,,1.0
20140505,UST10Y,2.63,0.029999999999999805,pp,,3.0
20140506,UST10Y,2.61,-0.020000000000000018,pp,,1.0
20140507,UST10Y,2.62,0.010000000000000231,pp,,1.0
20140508,UST10Y,2.61,-0.010000000000000231,pp,,1.0
20140509,UST10Y,2.62,0.010000000000000231,pp,,1.0
20140512,UST10Y,2.66,0.040000000000000036,pp,,3.0
20140513,UST10Y,2.61,-0.050000000000000266,pp,,1.0
20140514,UST10Y,2.54,-0.06999999999999984,pp,,1.0
20140515,UST10Y,2.5,-0.040000000000000036,pp,,1.0
20140516,UST10Y,2.52,0.020000000000000018,pp,,1.0
20140519,UST10Y,2.54,0.020000000000000018,pp,,3.0
20140520,UST10Y,2.52,-0.020000000000000018,pp,,1.0
20140521,UST10Y,2.54,0.020000000000000018,pp,,1.0
20140522,UST10Y,2.56,0.020000000000000018,pp,,1.0
20140523,UST10Y,2.54,-0.020000000000000018,pp,,1.0
20140527,UST10Y,2.52,-0.020000000000000018,pp,,4.0
20140528,UST10Y,2.44,-0.08000000000000007,pp,,1.0
20140529,UST10Y,2.45,0.010000000000000231,pp,,1.0
20140530,UST10Y,2.48,0.029999999999999805,pp,,1.0
20140602,UST10Y,2.54,0.06000000000000005,pp,,3.0
20140603,UST10Y,2.6,0.06000000000000005,pp,,1.0
20140604,UST10Y,2.61,0.009999999999999787,pp,,1.0
20140605,UST10Y,2.59,-0.020000000000000018,pp,,1.0
20140606,UST10Y,2.6,0.010000000000000231,pp,,1.0
20140609,UST10Y,2.62,0.020000000000000018,pp,,3.0
20140610,UST10Y,2.64,0.020000000000000018,pp,,1.0
20140611,UST10Y,2.65,0.009999999999999787,pp,,1.0
20140612,UST10Y,2.58,-0.06999999999999984,pp,,1.0
20140613,UST10Y,2.6,0.020000000000000018,pp,,1.0
20140616,UST10Y,2.61,0.009999999999999787,pp,,3.0
20140617,UST10Y,2.66,0.050000000000000266,pp,,1.0
20140618,UST10Y,2.61,-0.050000000000000266,pp,,1.0
20140619,UST10Y,2.64,0.03000000000000025,pp,,1.0
20140620,UST10Y,2.63,-0.010000000000000231,pp,,1.0
20140623,UST10Y,2.63,0.0,pp,,3.0
20140624,UST10Y,2.59,-0.040000000000000036,pp,,1.0
20140625,UST10Y,2.57,-0.020000000000000018,pp,,1.0
20140626,UST10Y,2.53,-0.040000000000000036,pp,,1.0
20140627,UST10Y,2.54,0.010000000000000231,pp,,1.0
20140630,UST10Y,2.53,-0.010000000000000231,pp,,3.0
20140701,UST10Y,2.58,0.050000000000000266,pp,,1.0
20140702,UST10Y,2.64,0.06000000000000005,pp,,1.0
20140703,UST10Y,2.65,0.009999999999999787,pp,,1.0
20140707,UST10Y,2.63,-0.020000000000000018,pp,,4.0
20140708,UST10Y,2.58,-0.04999999999999982,pp,,1.0
20140709,UST10Y,2.57,-0.010000000000000231,pp,,1.0
20140710,UST10Y,2.55,-0.020000000000000018,pp,,1.0
20140711,UST10Y,2.53,-0.020000000000000018,pp,,1.0
20140714,UST10Y,2.55,0.020000000000000018,pp,,3.0
20140715,UST10Y,2.56,0.010000000000000231,pp,,1.0
20140716,UST10Y,2.55,-0.010000000000000231,pp,,1.0
20140717,UST10Y,2.47,-0.07999999999999963,pp,,1.0
20140718,UST10Y,2.5,0.029999999999999805,pp,,1.0
20140721,UST10Y,2.49,-0.009999999999999787,pp,,3.0
20140722,UST10Y,2.48,-0.010000000000000231,pp,,1.0
20140723,UST10Y,2.48,0.0,pp,,1.0
20140724,UST10Y,2.52,0.040000000000000036,pp,,1.0
20140725,UST10Y,2.48,-0.040000000000000036,pp,,1.0
20140728,UST10Y,2.5,0.020000000000000018,pp,,3.0
20140729,UST10Y,2.47,-0.029999999999999805,pp,,1.0
20140730,UST10Y,2.57,0.09999999999999964,pp,,1.0
20140731,UST10Y,2.58,0.010000000000000231,pp,,1.0
20140801,UST10Y,2.52,-0.06000000000000005,pp,,1.0
20140804,UST10Y,2.51,-0.010000000000000231,pp,,3.0
20140805,UST10Y,2.49,-0.019999999999999574,pp,,1.0
20140806,UST10Y,2.49,0.0,pp,,1.0
20140807,UST10Y,2.43,-0.06000000000000005,pp,,1.0
20140808,UST10Y,2.44,0.009999999999999787,pp,,1.0
20140811,UST10Y,2.44,0.0,pp,,3.0
20140812,UST10Y,2.46,0.020000000000000018,pp,,1.0
20140813,UST10Y,2.43,-0.029999999999999805,pp,,1.0
20140814,UST10Y,2.4,-0.03000000000000025,pp,,1.0
20140815,UST10Y,2.34,-0.06000000000000005,pp,,1.0
20140818,UST10Y,2.39,0.050000000000000266,pp,,3.0
20140819,UST10Y,2.4,0.009999999999999787,pp,,1.0
20140820,UST10Y,2.43,0.03000000000000025,pp,,1.0
20140821,UST10Y,2.41,-0.020000000000000018,pp,,1.0
20140822,UST10Y,2.4,-0.010000000000000231,pp,,1.0
20140825,UST10Y,2.39,-0.009999999999999787,pp,,3.0
20140826,UST10Y,2.39,0.0,pp,,1.0
20140827,UST10Y,2.37,-0.020000000000000018,pp,,1.0
20140828,UST10Y,2.34,-0.03000000000000025,pp,,1.0
20140829,UST10Y,2.35,0.010000000000000231,pp,,1.0
20140902,UST10Y,2.42,0.06999999999999984,pp,,4.0
20140903,UST10Y,2.41,-0.009999999999999787,pp,,1.0
20140904,UST10Y,2.45,0.040000000000000036,pp,,1.0
20140905,UST10Y,2.46,0.009999999999999787,pp,,1.0
20140908,UST10Y,2.48,0.020000000000000018,pp,,3.0
20140909,UST10Y,2.5,0.020000000000000018,pp,,1.0
20140910,UST10Y,2.54,0.040000000000000036,pp,,1.0
20140911,UST10Y,2.54,0.0,pp,,1.0
20140912,UST10Y,2.62,0.08000000000000007,pp,,1.0
20140915,UST10Y,2.6,-0.020000000000000018,pp,,3.0
20140916,UST10Y,2.6,0.0,pp,,1.0
20140917,UST10Y,2.62,0.020000000000000018,pp,,1.0
20140918,UST10Y,2.63,0.009999999999999787,pp,,1.0
20140919,UST10Y,2.59,-0.040000000000000036,pp,,1.0
20140922,UST10Y,2.57,-0.020000000000000018,pp,,3.0
20140923,UST10Y,2.54,-0.029999999999999805,pp,,1.0
20140924,UST10Y,2.57,0.029999999999999805,pp,,1.0
20140925,UST10Y,2.52,-0.04999999999999982,pp,,1.0
20140926,UST10Y,2.54,0.020000000000000018,pp,,1.0
20140929,UST10Y,2.5,-0.040000000000000036,pp,,3.0
20140930,UST10Y,2.52,0.020000000000000018,pp,,1.0
20141001,UST10Y,2.42,-0.10000000000000009,pp,,1.0
20141002,UST10Y,2.44,0.020000000000000018,pp,,1.0
20141003,UST10Y,2.45,0.010000000000000231,pp,,1.0
20141006,UST10Y,2.43,-0.020000000000000018,pp,,3.0
20141007,UST10Y,2.36,-0.07000000000000028,pp,,1.0
20141008,UST10Y,2.35,-0.009999999999999787,pp,,1.0
20141009,UST10Y,2.34,-0.010000000000000231,pp,,1.0
20141010,UST10Y,2.31,-0.029999999999999805,pp,,1.0
20141014,UST10Y,2.21,-0.10000000000000009,pp,,4.0
20141015,UST10Y,2.15,-0.06000000000000005,pp,,1.0
20141016,UST10Y,2.17,0.020000000000000018,pp,,1.0
20141017,UST10Y,2.22,0.050000000000000266,pp,,1.0
20141020,UST10Y,2.2,-0.020000000000000018,pp,,3.0
20141021,UST10Y,2.23,0.029999999999999805,pp,,1.0
20141022,UST10Y,2.25,0.020000000000000018,pp,,1.0
20141023,UST10Y,2.29,0.040000000000000036,pp,,1.0
20141024,UST10Y,2.29,0.0,pp,,1.0
20141027,UST10Y,2.27,-0.020000000000000018,pp,,3.0
20141028,UST10Y,2.3,0.029999999999999805,pp,,1.0
20141029,UST10Y,2.34,0.040000000000000036,pp,,1.0
20141030,UST10Y,2.32,-0.020000000000000018,pp,,1.0
20141031,UST10Y,2.35,0.03000000000000025,pp,,1.0
20141103,UST10Y,2.36,0.009999999999999787,pp,,3.0
20141104,UST10Y,2.35,-0.009999999999999787,pp,,1.0
20141105,UST10Y,2.36,0.009999999999999787,pp,,1.0
20141106,UST10Y,2.39,0.03000000000000025,pp,,1.0
20141107,UST10Y,2.32,-0.07000000000000028,pp,,1.0
20141110,UST10Y,2.38,0.06000000000000005,pp,,3.0
20141112,UST10Y,2.37,-0.009999999999999787,pp,,2.0
20141113,UST10Y,2.35,-0.020000000000000018,pp,,1.0
20141114,UST10Y,2.32,-0.03000000000000025,pp,,1.0
20141117,UST10Y,2.34,0.020000000000000018,pp,,3.0
20141118,UST10Y,2.32,-0.020000000000000018,pp,,1.0
20141119,UST10Y,2.36,0.040000000000000036,pp,,1.0
20141120,UST10Y,2.34,-0.020000000000000018,pp,,1.0
20141121,UST10Y,2.31,-0.029999999999999805,pp,,1.0
20141124,UST10Y,2.3,-0.010000000000000231,pp,,3.0
20141125,UST10Y,2.27,-0.029999999999999805,pp,,1.0
20141126,UST10Y,2.24,-0.029999999999999805,pp,,1.0
20141128,UST10Y,2.18,-0.06000000000000005,pp,,2.0
20141201,UST10Y,2.22,0.040000000000000036,pp,,3.0
20141202,UST10Y,2.28,0.05999999999999961,pp,,1.0
20141203,UST10Y,2.29,0.010000000000000231,pp,,1.0
20141204,UST10Y,2.25,-0.040000000000000036,pp,,1.0
20141205,UST10Y,2.31,0.06000000000000005,pp,,1.0
20141208,UST10Y,2.26,-0.050000000000000266,pp,,3.0
20141209,UST10Y,2.22,-0.03999999999999959,pp,,1.0
20141210,UST10Y,2.18,-0.040000000000000036,pp,,1.0
20141211,UST10Y,2.19,0.009999999999999787,pp,,1.0
20141212,UST10Y,2.1,-0.08999999999999986,pp,,1.0
20141215,UST10Y,2.12,0.020000000000000018,pp,,3.0
20141216,UST10Y,2.07,-0.050000000000000266,pp,,1.0
20141217,UST10Y,2.14,0.07000000000000028,pp,,1.0
20141218,UST10Y,2.22,0.08000000000000007,pp,,1.0
20141219,UST10Y,2.17,-0.050000000000000266,pp,,1.0
20141222,UST10Y,2.17,0.0,pp,,3.0
20141223,UST10Y,2.26,0.08999999999999986,pp,,1.0
20141224,UST10Y,2.27,0.010000000000000231,pp,,1.0
20141226,UST10Y,2.25,-0.020000000000000018,pp,,2.0
20141229,UST10Y,2.22,-0.029999999999999805,pp,,3.0
20141230,UST10Y,2.2,-0.020000000000000018,pp,,1.0
20141231,UST10Y,2.17,-0.03000000000000025,pp,,1.0
20150102,UST10Y,2.12,-0.04999999999999982,pp,,2.0
20150105,UST10Y,2.04,-0.08000000000000007,pp,,3.0
20150106,UST10Y,1.97,-0.07000000000000006,pp,,1.0
20150107,UST10Y,1.96,-0.010000000000000009,pp,,1.0
20150108,UST10Y,2.03,0.06999999999999984,pp,,1.0
20150109,UST10Y,1.98,-0.04999999999999982,pp,,1.0
20150112,UST10Y,1.92,-0.06000000000000005,pp,,3.0
20150113,UST10Y,1.91,-0.010000000000000009,pp,,1.0
20150114,UST10Y,1.86,-0.04999999999999982,pp,,1.0
20150115,UST10Y,1.77,-0.09000000000000008,pp,,1.0
20150116,UST10Y,1.83,0.06000000000000005,pp,,1.0
20150120,UST10Y,1.82,-0.010000000000000009,pp,,4.0
20150121,UST10Y,1.87,0.050000000000000044,pp,,1.0
20150122,UST10Y,1.9,0.029999999999999805,pp,,1.0
20150123,UST10Y,1.81,-0.08999999999999986,pp,,1.0
20150126,UST10Y,1.83,0.020000000000000018,pp,,3.0
20150127,UST10Y,1.83,0.0,pp,,1.0
20150128,UST10Y,1.73,-0.10000000000000009,pp,,1.0
20150129,UST10Y,1.77,0.040000000000000036,pp,,1.0
20150130,UST10Y,1.68,-0.09000000000000008,pp,,1.0
20150202,UST10Y,1.68,0.0,pp,,3.0
20150203,UST10Y,1.79,0.1100000000000001,pp,,1.0
20150204,UST10Y,1.81,0.020000000000000018,pp,,1.0
20150205,UST10Y,1.83,0.020000000000000018,pp,,1.0
20150206,UST10Y,1.95,0.11999999999999988,pp,,1.0
20150209,UST10Y,1.96,0.010000000000000009,pp,,3.0
20150210,UST10Y,2.01,0.04999999999999982,pp,,1.0
20150211,UST10Y,2.0,-0.009999999999999787,pp,,1.0
20150212,UST10Y,1.99,-0.010000000000000009,pp,,1.0
20150213,UST10Y,2.02,0.030000000000000027,pp,,1.0
20150217,UST10Y,2.14,0.1200000000000001,pp,,4.0
20150218,UST10Y,2.07,-0.07000000000000028,pp,,1.0
20150219,UST10Y,2.11,0.040000000000000036,pp,,1.0
20150220,UST10Y,2.13,0.020000000000000018,pp,,1.0
20150223,UST10Y,2.06,-0.06999999999999984,pp,,3.0
20150224,UST10Y,1.99,-0.07000000000000006,pp,,1.0
20150225,UST10Y,1.96,-0.030000000000000027,pp,,1.0
20150226,UST10Y,2.03,0.06999999999999984,pp,,1.0
20150227,UST10Y,2.0,-0.029999999999999805,pp,,1.0
20150302,UST10Y,2.08,0.08000000000000007,pp,,3.0
20150303,UST10Y,2.12,0.040000000000000036,pp,,1.0
20150304,UST10Y,2.12,0.0,pp,,1.0
20150305,UST10Y,2.11,-0.010000000000000231,pp,,1.0
20150306,UST10Y,2.24,0.13000000000000034,pp,,1.0
20150309,UST10Y,2.2,-0.040000000000000036,pp,,3.0
20150310,UST10Y,2.14,-0.06000000000000005,pp,,1.0
20150311,UST10Y,2.11,-0.03000000000000025,pp,,1.0
20150312,UST10Y,2.1,-0.009999999999999787,pp,,1.0
20150313,UST10Y,2.13,0.029999999999999805,pp,,1.0
20150316,UST10Y,2.1,-0.029999999999999805,pp,,3.0
20150317,UST10Y,2.06,-0.040000000000000036,pp,,1.0
20150318,UST10Y,1.93,-0.13000000000000012,pp,,1.0
20150319,UST10Y,1.98,0.050000000000000044,pp,,1.0
20150320,UST10Y,1.93,-0.050000000000000044,pp,,1.0
20150323,UST10Y,1.92,-0.010000000000000009,pp,,3.0
20150324,UST10Y,1.88,-0.040000000000000036,pp,,1.0
20150325,UST10Y,1.93,0.050000000000000044,pp,,1.0
20150326,UST10Y,2.01,0.07999999999999985,pp,,1.0
20150327,UST10Y,1.95,-0.05999999999999983,pp,,1.0
20150330,UST10Y,1.96,0.010000000000000009,pp,,3.0
20150331,UST10Y,1.94,-0.020000000000000018,pp,,1.0
20150401,UST10Y,1.87,-0.06999999999999984,pp,,1.0
20150402,UST10Y,1.92,0.04999999999999982,pp,,1.0
20150403,UST10Y,1.85,-0.06999999999999984,pp,,1.0
20150406,UST10Y,1.92,0.06999999999999984,pp,,3.0
20150407,UST10Y,1.89,-0.030000000000000027,pp,,1.0
20150408,UST10Y,1.92,0.030000000000000027,pp,,1.0
20150409,UST10Y,1.97,0.050000000000000044,pp,,1.0
20150410,UST10Y,1.96,-0.010000000000000009,pp,,1.0
20150413,UST10Y,1.94,-0.020000000000000018,pp,,3.0
20150414,UST10Y,1.9,-0.040000000000000036,pp,,1.0
20150415,UST10Y,1.91,0.010000000000000009,pp,,1.0
20150416,UST10Y,1.9,-0.010000000000000009,pp,,1.0
20150417,UST10Y,1.87,-0.029999999999999805,pp,,1.0
20150420,UST10Y,1.9,0.029999999999999805,pp,,3.0
20150421,UST10Y,1.92,0.020000000000000018,pp,,1.0
20150422,UST10Y,1.99,0.07000000000000006,pp,,1.0
20150423,UST10Y,1.96,-0.030000000000000027,pp,,1.0
20150424,UST10Y,1.93,-0.030000000000000027,pp,,1.0
20150427,UST10Y,1.94,0.010000000000000009,pp,,3.0
20150428,UST10Y,2.0,0.06000000000000005,pp,,1.0
20150429,UST10Y,2.06,0.06000000000000005,pp,,1.0
20150430,UST10Y,2.05,-0.010000000000000231,pp,,1.0
20150501,UST10Y,2.12,0.07000000000000028,pp,,1.0
20150504,UST10Y,2.16,0.040000000000000036,pp,,3.0
20150505,UST10Y,2.19,0.029999999999999805,pp,,1.0
20150506,UST10Y,2.25,0.06000000000000005,pp,,1.0
20150507,UST10Y,2.18,-0.06999999999999984,pp,,1.0
20150508,UST10Y,2.16,-0.020000000000000018,pp,,1.0
20150511,UST10Y,2.28,0.11999999999999966,pp,,3.0
20150512,UST10Y,2.28,0.0,pp,,1.0
20150513,UST10Y,2.27,-0.009999999999999787,pp,,1.0
20150514,UST10Y,2.23,-0.040000000000000036,pp,,1.0
20150515,UST10Y,2.14,-0.08999999999999986,pp,,1.0
20150518,UST10Y,2.23,0.08999999999999986,pp,,3.0
20150519,UST10Y,2.27,0.040000000000000036,pp,,1.0
20150520,UST10Y,2.26,-0.010000000000000231,pp,,1.0
20150521,UST10Y,2.19,-0.06999999999999984,pp,,1.0
20150522,UST10Y,2.21,0.020000000000000018,pp,,1.0
20150526,UST10Y,2.14,-0.06999999999999984,pp,,4.0
20150527,UST10Y,2.14,0.0,pp,,1.0
20150528,UST10Y,2.13,-0.010000000000000231,pp,,1.0
20150529,UST10Y,2.12,-0.009999999999999787,pp,,1.0
20150601,UST10Y,2.19,0.06999999999999984,pp,,3.0
20150602,UST10Y,2.27,0.08000000000000007,pp,,1.0
20150603,UST10Y,2.38,0.10999999999999988,pp,,1.0
20150604,UST10Y,2.31,-0.06999999999999984,pp,,1.0
20150605,UST10Y,2.41,0.10000000000000009,pp,,1.0
20150608,UST10Y,2.39,-0.020000000000000018,pp,,3.0
20150609,UST10Y,2.42,0.029999999999999805,pp,,1.0
20150610,UST10Y,2.5,0.08000000000000007,pp,,1.0
20150611,UST10Y,2.39,-0.10999999999999988,pp,,1.0
20150612,UST10Y,2.39,0.0,pp,,1.0
20150615,UST10Y,2.36,-0.03000000000000025,pp,,3.0
20150616,UST10Y,2.32,-0.040000000000000036,pp,,1.0
20150617,UST10Y,2.32,0.0,pp,,1.0
20150618,UST10Y,2.35,0.03000000000000025,pp,,1.0
20150619,UST10Y,2.26,-0.0900000000000003,pp,,1.0
20150622,UST10Y,2.37,0.11000000000000032,pp,,3.0
20150623,UST10Y,2.42,0.04999999999999982,pp,,1.0
20150624,UST10Y,2.38,-0.040000000000000036,pp,,1.0
20150625,UST10Y,2.4,0.020000000000000018,pp,,1.0
20150626,UST10Y,2.49,0.0900000000000003,pp,,1.0
20150629,UST10Y,2.33,-0.16000000000000014,pp,,3.0
20150630,UST10Y,2.35,0.020000000000000018,pp,,1.0
20150701,UST10Y,2.43,0.08000000000000007,pp,,1.0
20150702,UST10Y,2.4,-0.03000000000000025,pp,,1.0
20150706,UST10Y,2.3,-0.10000000000000009,pp,,4.0
20150707,UST10Y,2.27,-0.029999999999999805,pp,,1.0
20150708,UST10Y,2.22,-0.04999999999999982,pp,,1.0
20150709,UST10Y,2.32,0.09999999999999964,pp,,1.0
20150710,UST10Y,2.42,0.10000000000000009,pp,,1.0
20150713,UST10Y,2.44,0.020000000000000018,pp,,3.0
20150714,UST10Y,2.41,-0.029999999999999805,pp,,1.0
20150715,UST10Y,2.36,-0.050000000000000266,pp,,1.0
20150716,UST10Y,2.36,0.0,pp,,1.0
20150717,UST10Y,2.34,-0.020000000000000018,pp,,1.0
20150720,UST10Y,2.38,0.040000000000000036,pp,,3.0
20150721,UST10Y,2.35,-0.029999999999999805,pp,,1.0
20150722,UST10Y,2.33,-0.020000000000000018,pp,,1.0
20150723,UST10Y,2.28,-0.050000000000000266,pp,,1.0
20150724,UST10Y,2.27,-0.009999999999999787,pp,,1.0
20150727,UST10Y,2.23,-0.040000000000000036,pp,,3.0
20150728,UST10Y,2.26,0.029999999999999805,pp,,1.0
20150729,UST10Y,2.29,0.03000000000000025,pp,,1.0
20150730,UST10Y,2.28,-0.010000000000000231,pp,,1.0
20150731,UST10Y,2.2,-0.07999999999999963,pp,,1.0
20150803,UST10Y,2.16,-0.040000000000000036,pp,,3.0
20150804,UST10Y,2.23,0.06999999999999984,pp,,1.0
20150805,UST10Y,2.28,0.04999999999999982,pp,,1.0
20150806,UST10Y,2.23,-0.04999999999999982,pp,,1.0
20150807,UST10Y,2.18,-0.04999999999999982,pp,,1.0
20150810,UST10Y,2.24,0.06000000000000005,pp,,3.0
20150811,UST10Y,2.15,-0.0900000000000003,pp,,1.0
20150812,UST10Y,2.14,-0.009999999999999787,pp,,1.0
20150813,UST10Y,2.19,0.04999999999999982,pp,,1.0
20150814,UST10Y,2.2,0.010000000000000231,pp,,1.0
20150817,UST10Y,2.16,-0.040000000000000036,pp,,3.0
20150818,UST10Y,2.2,0.040000000000000036,pp,,1.0
20150819,UST10Y,2.12,-0.08000000000000007,pp,,1.0
20150820,UST10Y,2.09,-0.03000000000000025,pp,,1.0
20150821,UST10Y,2.05,-0.040000000000000036,pp,,1.0
20150824,UST10Y,2.01,-0.040000000000000036,pp,,3.0
20150825,UST10Y,2.12,0.11000000000000032,pp,,1.0
20150826,UST10Y,2.18,0.06000000000000005,pp,,1.0
20150827,UST10Y,2.18,0.0,pp,,1.0
20150828,UST10Y,2.19,0.009999999999999787,pp,,1.0
20150831,UST10Y,2.21,0.020000000000000018,pp,,3.0
20150901,UST10Y,2.17,-0.040000000000000036,pp,,1.0
20150902,UST10Y,2.2,0.03000000000000025,pp,,1.0
20150903,UST10Y,2.18,-0.020000000000000018,pp,,1.0
20150904,UST10Y,2.13,-0.050000000000000266,pp,,1.0
20150908,UST10Y,2.2,0.07000000000000028,pp,,4.0
20150909,UST10Y,2.21,0.009999999999999787,pp,,1.0
20150910,UST10Y,2.23,0.020000000000000018,pp,,1.0
20150911,UST10Y,2.2,-0.029999999999999805,pp,,1.0
20150914,UST10Y,2.18,-0.020000000000000018,pp,,3.0
20150915,UST10Y,2.28,0.09999999999999964,pp,,1.0
20150916,UST10Y,2.3,0.020000000000000018,pp,,1.0
20150917,UST10Y,2.21,-0.08999999999999986,pp,,1.0
20150918,UST10Y,2.13,-0.08000000000000007,pp,,1.0
20150921,UST10Y,2.2,0.07000000000000028,pp,,3.0
20150922,UST10Y,2.14,-0.06000000000000005,pp,,1.0
20150923,UST10Y,2.16,0.020000000000000018,pp,,1.0
20150924,UST10Y,2.13,-0.03000000000000025,pp,,1.0
20150925,UST10Y,2.17,0.040000000000000036,pp,,1.0
20150928,UST10Y,2.1,-0.06999999999999984,pp,,3.0
20150929,UST10Y,2.05,-0.050000000000000266,pp,,1.0
20150930,UST10Y,2.06,0.010000000000000231,pp,,1.0
20151001,UST10Y,2.05,-0.010000000000000231,pp,,1.0
20151002,UST10Y,1.99,-0.05999999999999983,pp,,1.0
20151005,UST10Y,2.07,0.07999999999999985,pp,,3.0
20151006,UST10Y,2.05,-0.020000000000000018,pp,,1.0
20151007,UST10Y,2.08,0.03000000000000025,pp,,1.0
20151008,UST10Y,2.12,0.040000000000000036,pp,,1.0
20151009,UST10Y,2.12,0.0,pp,,1.0
20151013,UST10Y,2.06,-0.06000000000000005,pp,,4.0
20151014,UST10Y,1.99,-0.07000000000000006,pp,,1.0
20151015,UST10Y,2.04,0.050000000000000044,pp,,1.0
20151016,UST10Y,2.04,0.0,pp,,1.0
20151019,UST10Y,2.04,0.0,pp,,3.0
20151020,UST10Y,2.08,0.040000000000000036,pp,,1.0
20151021,UST10Y,2.04,-0.040000000000000036,pp,,1.0
20151022,UST10Y,2.04,0.0,pp,,1.0
20151023,UST10Y,2.09,0.04999999999999982,pp,,1.0
20151026,UST10Y,2.07,-0.020000000000000018,pp,,3.0
20151027,UST10Y,2.05,-0.020000000000000018,pp,,1.0
20151028,UST10Y,2.1,0.050000000000000266,pp,,1.0
20151029,UST10Y,2.19,0.08999999999999986,pp,,1.0
20151030,UST10Y,2.16,-0.029999999999999805,pp,,1.0
20151102,UST10Y,2.2,0.040000000000000036,pp,,3.0
20151103,UST10Y,2.23,0.029999999999999805,pp,,1.0
20151104,UST10Y,2.25,0.020000000000000018,pp,,1.0
20151105,UST10Y,2.26,0.009999999999999787,pp,,1.0
20151106,UST10Y,2.34,0.08000000000000007,pp,,1.0
20151109,UST10Y,2.36,0.020000000000000018,pp,,3.0
20151110,UST10Y,2.32,-0.040000000000000036,pp,,1.0
20151112,UST10Y,2.32,0.0,pp,,2.0
20151113,UST10Y,2.28,-0.040000000000000036,pp,,1.0
20151116,UST10Y,2.27,-0.009999999999999787,pp,,3.0
20151117,UST10Y,2.25,-0.020000000000000018,pp,,1.0
20151118,UST10Y,2.27,0.020000000000000018,pp,,1.0
20151119,UST10Y,2.24,-0.029999999999999805,pp,,1.0
20151120,UST10Y,2.26,0.019999999999999574,pp,,1.0
20151123,UST10Y,2.25,-0.009999999999999787,pp,,3.0
20151124,UST10Y,2.24,-0.009999999999999787,pp,,1.0
20151125,UST10Y,2.23,-0.010000000000000231,pp,,1.0
20151127,UST10Y,2.22,-0.009999999999999787,pp,,2.0
20151130,UST10Y,2.21,-0.010000000000000231,pp,,3.0
20151201,UST10Y,2.15,-0.06000000000000005,pp,,1.0
20151202,UST10Y,2.18,0.03000000000000025,pp,,1.0
20151203,UST10Y,2.33,0.1499999999999999,pp,,1.0
20151204,UST10Y,2.28,-0.050000000000000266,pp,,1.0
20151207,UST10Y,2.23,-0.04999999999999982,pp,,3.0
20151208,UST10Y,2.24,0.010000000000000231,pp,,1.0
20151209,UST10Y,2.22,-0.020000000000000018,pp,,1.0
20151210,UST10Y,2.24,0.020000000000000018,pp,,1.0
20151211,UST10Y,2.13,-0.11000000000000032,pp,,1.0
20151214,UST10Y,2.23,0.10000000000000009,pp,,3.0
20151215,UST10Y,2.28,0.04999999999999982,pp,,1.0
20151216,UST10Y,2.3,0.020000000000000018,pp,,1.0
20151217,UST10Y,2.24,-0.05999999999999961,pp,,1.0
20151218,UST10Y,2.19,-0.050000000000000266,pp,,1.0
20151221,UST10Y,2.2,0.010000000000000231,pp,,3.0
20151222,UST10Y,2.24,0.040000000000000036,pp,,1.0
20151223,UST10Y,2.27,0.029999999999999805,pp,,1.0
20151224,UST10Y,2.25,-0.020000000000000018,pp,,1.0
20151228,UST10Y,2.24,-0.009999999999999787,pp,,4.0
20151229,UST10Y,2.32,0.07999999999999963,pp,,1.0
20151230,UST10Y,2.31,-0.009999999999999787,pp,,1.0
20151231,UST10Y,2.27,-0.040000000000000036,pp,,1.0
20160104,UST10Y,2.24,-0.029999999999999805,pp,,4.0
20160105,UST10Y,2.25,0.009999999999999787,pp,,1.0
20160106,UST10Y,2.18,-0.06999999999999984,pp,,1.0
20160107,UST10Y,2.16,-0.020000000000000018,pp,,1.0
20160108,UST10Y,2.13,-0.03000000000000025,pp,,1.0
20160111,UST10Y,2.17,0.040000000000000036,pp,,3.0
20160112,UST10Y,2.12,-0.04999999999999982,pp,,1.0
20160113,UST10Y,2.08,-0.040000000000000036,pp,,1.0
20160114,UST10Y,2.1,0.020000000000000018,pp,,1.0
20160115,UST10Y,2.03,-0.07000000000000028,pp,,1.0
20160119,UST10Y,2.06,0.03000000000000025,pp,,4.0
20160120,UST10Y,2.01,-0.050000000000000266,pp,,1.0
20160121,UST10Y,2.02,0.010000000000000231,pp,,1.0
20160122,UST10Y,2.07,0.04999999999999982,pp,,1.0
20160125,UST10Y,2.03,-0.040000000000000036,pp,,3.0
20160126,UST10Y,2.01,-0.020000000000000018,pp,,1.0
20160127,UST10Y,2.02,0.010000000000000231,pp,,1.0
20160128,UST10Y,2.0,-0.020000000000000018,pp,,1.0
20160129,UST10Y,1.94,-0.06000000000000005,pp,,1.0
20160201,UST10Y,1.97,0.030000000000000027,pp,,3.0
20160202,UST10Y,1.87,-0.09999999999999987,pp,,1.0
20160203,UST10Y,1.88,0.009999999999999787,pp,,1.0
20160204,UST10Y,1.87,-0.009999999999999787,pp,,1.0
20160205,UST10Y,1.86,-0.010000000000000009,pp,,1.0
20160208,UST10Y,1.75,-0.1100000000000001,pp,,3.0
20160209,UST10Y,1.74,-0.010000000000000009,pp,,1.0
20160210,UST10Y,1.71,-0.030000000000000027,pp,,1.0
20160211,UST10Y,1.63,-0.08000000000000007,pp,,1.0
20160212,UST10Y,1.74,0.1100000000000001,pp,,1.0
20160216,UST10Y,1.78,0.040000000000000036,pp,,4.0
20160217,UST10Y,1.81,0.030000000000000027,pp,,1.0
20160218,UST10Y,1.75,-0.06000000000000005,pp,,1.0
20160219,UST10Y,1.76,0.010000000000000009,pp,,1.0
20160222,UST10Y,1.77,0.010000000000000009,pp,,3.0
20160223,UST10Y,1.74,-0.030000000000000027,pp,,1.0
20160224,UST10Y,1.75,0.010000000000000009,pp,,1.0
20160225,UST10Y,1.71,-0.040000000000000036,pp,,1.0
20160226,UST10Y,1.76,0.050000000000000044,pp,,1.0
20160229,UST10Y,1.74,-0.020000000000000018,pp,,3.0
20160301,UST10Y,1.83,0.09000000000000008,pp,,1.0
20160302,UST10Y,1.84,0.010000000000000009,pp,,1.0
20160303,UST10Y,1.83,-0.010000000000000009,pp,,1.0
20160304,UST10Y,1.88,0.04999999999999982,pp,,1.0
20160307,UST10Y,1.91,0.030000000000000027,pp,,3.0
20160308,UST10Y,1.83,-0.07999999999999985,pp,,1.0
20160309,UST10Y,1.9,0.06999999999999984,pp,,1.0
20160310,UST10Y,1.93,0.030000000000000027,pp,,1.0
20160311,UST10Y,1.98,0.050000000000000044,pp,,1.0
20160314,UST10Y,1.97,-0.010000000000000009,pp,,3.0
20160315,UST10Y,1.97,0.0,pp,,1.0
20160316,UST10Y,1.94,-0.030000000000000027,pp,,1.0
20160317,UST10Y,1.91,-0.030000000000000027,pp,,1.0
20160318,UST10Y,1.88,-0.030000000000000027,pp,,1.0
20160321,UST10Y,1.92,0.040000000000000036,pp,,3.0
20160322,UST10Y,1.94,0.020000000000000018,pp,,1.0
20160323,UST10Y,1.88,-0.06000000000000005,pp,,1.0
20160324,UST10Y,1.91,0.030000000000000027,pp,,1.0
20160328,UST10Y,1.89,-0.020000000000000018,pp,,4.0
20160329,UST10Y,1.81,-0.07999999999999985,pp,,1.0
20160330,UST10Y,1.83,0.020000000000000018,pp,,1.0
20160331,UST10Y,1.78,-0.050000000000000044,pp,,1.0
20160401,UST10Y,1.79,0.010000000000000009,pp,,1.0
20160404,UST10Y,1.78,-0.010000000000000009,pp,,3.0
20160405,UST10Y,1.73,-0.050000000000000044,pp,,1.0
20160406,UST10Y,1.76,0.030000000000000027,pp,,1.0
20160407,UST10Y,1.7,-0.06000000000000005,pp,,1.0
20160408,UST10Y,1.72,0.020000000000000018,pp,,1.0
20160411,UST10Y,1.73,0.010000000000000009,pp,,3.0
20160412,UST10Y,1.79,0.06000000000000005,pp,,1.0
20160413,UST10Y,1.77,-0.020000000000000018,pp,,1.0
20160414,UST10Y,1.8,0.030000000000000027,pp,,1.0
20160415,UST10Y,1.76,-0.040000000000000036,pp,,1.0
20160418,UST10Y,1.78,0.020000000000000018,pp,,3.0
20160419,UST10Y,1.79,0.010000000000000009,pp,,1.0
20160420,UST10Y,1.85,0.06000000000000005,pp,,1.0
20160421,UST10Y,1.88,0.029999999999999805,pp,,1.0
20160422,UST10Y,1.89,0.010000000000000009,pp,,1.0
20160425,UST10Y,1.91,0.020000000000000018,pp,,3.0
20160426,UST10Y,1.94,0.030000000000000027,pp,,1.0
20160427,UST10Y,1.87,-0.06999999999999984,pp,,1.0
20160428,UST10Y,1.84,-0.030000000000000027,pp,,1.0
20160429,UST10Y,1.83,-0.010000000000000009,pp,,1.0
20160502,UST10Y,1.88,0.04999999999999982,pp,,3.0
20160503,UST10Y,1.81,-0.06999999999999984,pp,,1.0
20160504,UST10Y,1.79,-0.020000000000000018,pp,,1.0
20160505,UST10Y,1.76,-0.030000000000000027,pp,,1.0
20160506,UST10Y,1.79,0.030000000000000027,pp,,1.0
20160509,UST10Y,1.77,-0.020000000000000018,pp,,3.0
20160510,UST10Y,1.77,0.0,pp,,1.0
20160511,UST10Y,1.73,-0.040000000000000036,pp,,1.0
20160512,UST10Y,1.75,0.020000000000000018,pp,,1.0
20160513,UST10Y,1.71,-0.040000000000000036,pp,,1.0
20160516,UST10Y,1.75,0.040000000000000036,pp,,3.0
20160517,UST10Y,1.76,0.010000000000000009,pp,,1.0
20160518,UST10Y,1.87,0.1100000000000001,pp,,1.0
20160519,UST10Y,1.85,-0.020000000000000018,pp,,1.0
20160520,UST10Y,1.85,0.0,pp,,1.0
20160523,UST10Y,1.84,-0.010000000000000009,pp,,3.0
20160524,UST10Y,1.86,0.020000000000000018,pp,,1.0
20160525,UST10Y,1.87,0.010000000000000009,pp,,1.0
20160526,UST10Y,1.83,-0.040000000000000036,pp,,1.0
20160527,UST10Y,1.85,0.020000000000000018,pp,,1.0
20160531,UST10Y,1.84,-0.010000000000000009,pp,,4.0
20160601,UST10Y,1.85,0.010000000000000009,pp,,1.0
20160602,UST10Y,1.81,-0.040000000000000036,pp,,1.0
20160603,UST10Y,1.71,-0.10000000000000009,pp,,1.0
20160606,UST10Y,1.73,0.020000000000000018,pp,,3.0
20160607,UST10Y,1.72,-0.010000000000000009,pp,,1.0
20160608,UST10Y,1.71,-0.010000000000000009,pp,,1.0
20160609,UST10Y,1.68,-0.030000000000000027,pp,,1.0
20160610,UST10Y,1.64,-0.040000000000000036,pp,,1.0
20160613,UST10Y,1.62,-0.019999999999999796,pp,,3.0
20160614,UST10Y,1.62,0.0,pp,,1.0
20160615,UST10Y,1.6,-0.020000000000000018,pp,,1.0
20160616,UST10Y,1.57,-0.030000000000000027,pp,,1.0
20160617,UST10Y,1.62,0.050000000000000044,pp,,1.0
20160620,UST10Y,1.67,0.04999999999999982,pp,,3.0
20160621,UST10Y,1.71,0.040000000000000036,pp,,1.0
20160622,UST10Y,1.69,-0.020000000000000018,pp,,1.0
20160623,UST10Y,1.74,0.050000000000000044,pp,,1.0
20160624,UST10Y,1.57,-0.16999999999999993,pp,,1.0
20160627,UST10Y,1.46,-0.1100000000000001,pp,,3.0
20160628,UST10Y,1.46,0.0,pp,,1.0
20160629,UST10Y,1.5,0.040000000000000036,pp,,1.0
20160630,UST10Y,1.49,-0.010000000000000009,pp,,1.0
20160701,UST10Y,1.46,-0.030000000000000027,pp,,1.0
20160705,UST10Y,1.37,-0.08999999999999986,pp,,4.0
20160706,UST10Y,1.38,0.009999999999999787,pp,,1.0
20160707,UST10Y,1.4,0.020000000000000018,pp,,1.0
20160708,UST10Y,1.37,-0.029999999999999805,pp,,1.0
20160711,UST10Y,1.43,0.05999999999999983,pp,,3.0
20160712,UST10Y,1.53,0.10000000000000009,pp,,1.0
20160713,UST10Y,1.48,-0.050000000000000044,pp,,1.0
20160714,UST10Y,1.53,0.050000000000000044,pp,,1.0
20160715,UST10Y,1.6,0.07000000000000006,pp,,1.0
20160718,UST10Y,1.59,-0.010000000000000009,pp,,3.0
20160719,UST10Y,1.56,-0.030000000000000027,pp,,1.0
20160720,UST10Y,1.59,0.030000000000000027,pp,,1.0
20160721,UST10Y,1.57,-0.020000000000000018,pp,,1.0
20160722,UST10Y,1.57,0.0,pp,,1.0
20160725,UST10Y,1.58,0.010000000000000009,pp,,3.0
20160726,UST10Y,1.57,-0.010000000000000009,pp,,1.0
20160727,UST10Y,1.52,-0.050000000000000044,pp,,1.0
20160728,UST10Y,1.52,0.0,pp,,1.0
20160729,UST10Y,1.46,-0.06000000000000005,pp,,1.0
20160801,UST10Y,1.51,0.050000000000000044,pp,,3.0
20160802,UST10Y,1.55,0.040000000000000036,pp,,1.0
20160803,UST10Y,1.55,0.0,pp,,1.0
20160804,UST10Y,1.51,-0.040000000000000036,pp,,1.0
20160805,UST10Y,1.59,0.08000000000000007,pp,,1.0
20160808,UST10Y,1.59,0.0,pp,,3.0
20160809,UST10Y,1.55,-0.040000000000000036,pp,,1.0
20160810,UST10Y,1.5,-0.050000000000000044,pp,,1.0
20160811,UST10Y,1.57,0.07000000000000006,pp,,1.0
20160812,UST10Y,1.51,-0.06000000000000005,pp,,1.0
20160815,UST10Y,1.55,0.040000000000000036,pp,,3.0
20160816,UST10Y,1.57,0.020000000000000018,pp,,1.0
20160817,UST10Y,1.56,-0.010000000000000009,pp,,1.0
20160818,UST10Y,1.53,-0.030000000000000027,pp,,1.0
20160819,UST10Y,1.58,0.050000000000000044,pp,,1.0
20160822,UST10Y,1.55,-0.030000000000000027,pp,,3.0
20160823,UST10Y,1.55,0.0,pp,,1.0
20160824,UST10Y,1.56,0.010000000000000009,pp,,1.0
20160825,UST10Y,1.58,0.020000000000000018,pp,,1.0
20160826,UST10Y,1.62,0.040000000000000036,pp,,1.0
20160829,UST10Y,1.57,-0.050000000000000044,pp,,3.0
20160830,UST10Y,1.57,0.0,pp,,1.0
20160831,UST10Y,1.58,0.010000000000000009,pp,,1.0
20160901,UST10Y,1.57,-0.010000000000000009,pp,,1.0
20160902,UST10Y,1.6,0.030000000000000027,pp,,1.0
20160906,UST10Y,1.55,-0.050000000000000044,pp,,4.0
20160907,UST10Y,1.54,-0.010000000000000009,pp,,1.0
20160908,UST10Y,1.61,0.07000000000000006,pp,,1.0
20160909,UST10Y,1.67,0.05999999999999983,pp,,1.0
20160912,UST10Y,1.68,0.010000000000000009,pp,,3.0
20160913,UST10Y,1.73,0.050000000000000044,pp,,1.0
20160914,UST10Y,1.7,-0.030000000000000027,pp,,1.0
20160915,UST10Y,1.71,0.010000000000000009,pp,,1.0
20160916,UST10Y,1.7,-0.010000000000000009,pp,,1.0
20160919,UST10Y,1.7,0.0,pp,,3.0
20160920,UST10Y,1.69,-0.010000000000000009,pp,,1.0
20160921,UST10Y,1.66,-0.030000000000000027,pp,,1.0
20160922,UST10Y,1.63,-0.030000000000000027,pp,,1.0
20160923,UST10Y,1.62,-0.009999999999999787,pp,,1.0
20160926,UST10Y,1.59,-0.030000000000000027,pp,,3.0
20160927,UST10Y,1.56,-0.030000000000000027,pp,,1.0
20160928,UST10Y,1.57,0.010000000000000009,pp,,1.0
20160929,UST10Y,1.56,-0.010000000000000009,pp,,1.0
20160930,UST10Y,1.6,0.040000000000000036,pp,,1.0
20161003,UST10Y,1.63,0.029999999999999805,pp,,3.0
20161004,UST10Y,1.69,0.06000000000000005,pp,,1.0
20161005,UST10Y,1.72,0.030000000000000027,pp,,1.0
20161006,UST10Y,1.75,0.030000000000000027,pp,,1.0
20161007,UST10Y,1.73,-0.020000000000000018,pp,,1.0
20161011,UST10Y,1.77,0.040000000000000036,pp,,4.0
20161012,UST10Y,1.79,0.020000000000000018,pp,,1.0
20161013,UST10Y,1.75,-0.040000000000000036,pp,,1.0
20161014,UST10Y,1.8,0.050000000000000044,pp,,1.0
20161017,UST10Y,1.77,-0.030000000000000027,pp,,3.0
20161018,UST10Y,1.75,-0.020000000000000018,pp,,1.0
20161019,UST10Y,1.76,0.010000000000000009,pp,,1.0
20161020,UST10Y,1.76,0.0,pp,,1.0
20161021,UST10Y,1.74,-0.020000000000000018,pp,,1.0
20161024,UST10Y,1.77,0.030000000000000027,pp,,3.0
20161025,UST10Y,1.77,0.0,pp,,1.0
20161026,UST10Y,1.79,0.020000000000000018,pp,,1.0
20161027,UST10Y,1.85,0.06000000000000005,pp,,1.0
20161028,UST10Y,1.86,0.010000000000000009,pp,,1.0
20161031,UST10Y,1.84,-0.020000000000000018,pp,,3.0
20161101,UST10Y,1.83,-0.010000000000000009,pp,,1.0
20161102,UST10Y,1.81,-0.020000000000000018,pp,,1.0
20161103,UST10Y,1.82,0.010000000000000009,pp,,1.0
20161104,UST10Y,1.79,-0.030000000000000027,pp,,1.0
20161107,UST10Y,1.83,0.040000000000000036,pp,,3.0
20161108,UST10Y,1.88,0.04999999999999982,pp,,1.0
20161109,UST10Y,2.07,0.18999999999999995,pp,,1.0
20161110,UST10Y,2.15,0.08000000000000007,pp,,1.0
20161114,UST10Y,2.23,0.08000000000000007,pp,,4.0
20161115,UST10Y,2.23,0.0,pp,,1.0
20161116,UST10Y,2.22,-0.009999999999999787,pp,,1.0
20161117,UST10Y,2.29,0.06999999999999984,pp,,1.0
20161118,UST10Y,2.34,0.04999999999999982,pp,,1.0
20161121,UST10Y,2.33,-0.009999999999999787,pp,,3.0
20161122,UST10Y,2.31,-0.020000000000000018,pp,,1.0
20161123,UST10Y,2.36,0.04999999999999982,pp,,1.0
20161125,UST10Y,2.36,0.0,pp,,2.0
20161128,UST10Y,2.32,-0.040000000000000036,pp,,3.0
20161129,UST10Y,2.3,-0.020000000000000018,pp,,1.0
20161130,UST10Y,2.37,0.07000000000000028,pp,,1.0
20161201,UST10Y,2.45,0.08000000000000007,pp,,1.0
20161202,UST10Y,2.4,-0.050000000000000266,pp,,1.0
20161205,UST10Y,2.39,-0.009999999999999787,pp,,3.0
20161206,UST10Y,2.39,0.0,pp,,1.0
20161207,UST10Y,2.34,-0.050000000000000266,pp,,1.0
20161208,UST10Y,2.4,0.06000000000000005,pp,,1.0
20161209,UST10Y,2.47,0.07000000000000028,pp,,1.0
20161212,UST10Y,2.49,0.020000000000000018,pp,,3.0
20161213,UST10Y,2.48,-0.010000000000000231,pp,,1.0
20161214,UST10Y,2.54,0.06000000000000005,pp,,1.0
20161215,UST10Y,2.6,0.06000000000000005,pp,,1.0
20161216,UST10Y,2.6,0.0,pp,,1.0
20161219,UST10Y,2.54,-0.06000000000000005,pp,,3.0
20161220,UST10Y,2.57,0.029999999999999805,pp,,1.0
20161221,UST10Y,2.55,-0.020000000000000018,pp,,1.0
20161222,UST10Y,2.55,0.0,pp,,1.0
20161223,UST10Y,2.55,0.0,pp,,1.0
20161227,UST10Y,2.57,0.020000000000000018,pp,,4.0
20161228,UST10Y,2.51,-0.06000000000000005,pp,,1.0
20161229,UST10Y,2.49,-0.019999999999999574,pp,,1.0
20161230,UST10Y,2.45,-0.040000000000000036,pp,,1.0
20170103,UST10Y,2.45,0.0,pp,,4.0
20170104,UST10Y,2.46,0.009999999999999787,pp,,1.0
20170105,UST10Y,2.37,-0.08999999999999986,pp,,1.0
20170106,UST10Y,2.42,0.04999999999999982,pp,,1.0
20170109,UST10Y,2.38,-0.040000000000000036,pp,,3.0
20170110,UST10Y,2.38,0.0,pp,,1.0
20170111,UST10Y,2.38,0.0,pp,,1.0
20170112,UST10Y,2.36,-0.020000000000000018,pp,,1.0
20170113,UST10Y,2.4,0.040000000000000036,pp,,1.0
20170117,UST10Y,2.33,-0.06999999999999984,pp,,4.0
20170118,UST10Y,2.42,0.08999999999999986,pp,,1.0
20170119,UST10Y,2.47,0.050000000000000266,pp,,1.0
20170120,UST10Y,2.48,0.009999999999999787,pp,,1.0
20170123,UST10Y,2.41,-0.06999999999999984,pp,,3.0
20170124,UST10Y,2.47,0.06000000000000005,pp,,1.0
20170125,UST10Y,2.53,0.05999999999999961,pp,,1.0
20170126,UST10Y,2.51,-0.020000000000000018,pp,,1.0
20170127,UST10Y,2.49,-0.019999999999999574,pp,,1.0
20170130,UST10Y,2.49,0.0,pp,,3.0
20170131,UST10Y,2.45,-0.040000000000000036,pp,,1.0
20170201,UST10Y,2.48,0.029999999999999805,pp,,1.0
20170202,UST10Y,2.48,0.0,pp,,1.0
20170203,UST10Y,2.49,0.010000000000000231,pp,,1.0
20170206,UST10Y,2.42,-0.07000000000000028,pp,,3.0
20170207,UST10Y,2.4,-0.020000000000000018,pp,,1.0
20170208,UST10Y,2.34,-0.06000000000000005,pp,,1.0
20170209,UST10Y,2.4,0.06000000000000005,pp,,1.0
20170210,UST10Y,2.41,0.010000000000000231,pp,,1.0
20170213,UST10Y,2.43,0.020000000000000018,pp,,3.0
20170214,UST10Y,2.47,0.040000000000000036,pp,,1.0
20170215,UST10Y,2.51,0.03999999999999959,pp,,1.0
20170216,UST10Y,2.45,-0.05999999999999961,pp,,1.0
20170217,UST10Y,2.42,-0.03000000000000025,pp,,1.0
20170221,UST10Y,2.43,0.010000000000000231,pp,,4.0
20170222,UST10Y,2.42,-0.010000000000000231,pp,,1.0
20170223,UST10Y,2.38,-0.040000000000000036,pp,,1.0
20170224,UST10Y,2.31,-0.06999999999999984,pp,,1.0
20170227,UST10Y,2.36,0.04999999999999982,pp,,3.0
20170228,UST10Y,2.36,0.0,pp,,1.0
20170301,UST10Y,2.46,0.10000000000000009,pp,,1.0
20170302,UST10Y,2.49,0.03000000000000025,pp,,1.0
20170303,UST10Y,2.49,0.0,pp,,1.0
20170306,UST10Y,2.49,0.0,pp,,3.0
20170307,UST10Y,2.52,0.029999999999999805,pp,,1.0
20170308,UST10Y,2.57,0.04999999999999982,pp,,1.0
20170309,UST10Y,2.6,0.03000000000000025,pp,,1.0
20170310,UST10Y,2.58,-0.020000000000000018,pp,,1.0
20170313,UST10Y,2.62,0.040000000000000036,pp,,3.0
20170314,UST10Y,2.6,-0.020000000000000018,pp,,1.0
20170315,UST10Y,2.51,-0.0900000000000003,pp,,1.0
20170316,UST10Y,2.53,0.020000000000000018,pp,,1.0
20170317,UST10Y,2.5,-0.029999999999999805,pp,,1.0
20170320,UST10Y,2.47,-0.029999999999999805,pp,,3.0
20170321,UST10Y,2.43,-0.040000000000000036,pp,,1.0
20170322,UST10Y,2.4,-0.03000000000000025,pp,,1.0
20170323,UST10Y,2.41,0.010000000000000231,pp,,1.0
20170324,UST10Y,2.4,-0.010000000000000231,pp,,1.0
20170327,UST10Y,2.38,-0.020000000000000018,pp,,3.0
20170328,UST10Y,2.42,0.040000000000000036,pp,,1.0
20170329,UST10Y,2.39,-0.029999999999999805,pp,,1.0
20170330,UST10Y,2.42,0.029999999999999805,pp,,1.0
20170331,UST10Y,2.4,-0.020000000000000018,pp,,1.0
20170403,UST10Y,2.35,-0.04999999999999982,pp,,3.0
20170404,UST10Y,2.36,0.009999999999999787,pp,,1.0
20170405,UST10Y,2.34,-0.020000000000000018,pp,,1.0
20170406,UST10Y,2.34,0.0,pp,,1.0
20170407,UST10Y,2.38,0.040000000000000036,pp,,1.0
20170410,UST10Y,2.37,-0.009999999999999787,pp,,3.0
20170411,UST10Y,2.32,-0.050000000000000266,pp,,1.0
20170412,UST10Y,2.28,-0.040000000000000036,pp,,1.0
20170413,UST10Y,2.24,-0.03999999999999959,pp,,1.0
20170417,UST10Y,2.26,0.019999999999999574,pp,,4.0
20170418,UST10Y,2.18,-0.07999999999999963,pp,,1.0
20170419,UST10Y,2.21,0.029999999999999805,pp,,1.0
20170420,UST10Y,2.24,0.03000000000000025,pp,,1.0
20170421,UST10Y,2.24,0.0,pp,,1.0
20170424,UST10Y,2.28,0.03999999999999959,pp,,3.0
20170425,UST10Y,2.35,0.07000000000000028,pp,,1.0
20170426,UST10Y,2.32,-0.03000000000000025,pp,,1.0
20170427,UST10Y,2.3,-0.020000000000000018,pp,,1.0
20170428,UST10Y,2.29,-0.009999999999999787,pp,,1.0
20170501,UST10Y,2.33,0.040000000000000036,pp,,3.0
20170502,UST10Y,2.29,-0.040000000000000036,pp,,1.0
20170503,UST10Y,2.33,0.040000000000000036,pp,,1.0
20170504,UST10Y,2.36,0.029999999999999805,pp,,1.0
20170505,UST10Y,2.36,0.0,pp,,1.0
20170508,UST10Y,2.39,0.03000000000000025,pp,,3.0
20170509,UST10Y,2.42,0.029999999999999805,pp,,1.0
20170510,UST10Y,2.41,-0.009999999999999787,pp,,1.0
20170511,UST10Y,2.39,-0.020000000000000018,pp,,1.0
20170512,UST10Y,2.33,-0.06000000000000005,pp,,1.0
20170515,UST10Y,2.34,0.009999999999999787,pp,,3.0
20170516,UST10Y,2.33,-0.009999999999999787,pp,,1.0
20170517,UST10Y,2.22,-0.10999999999999988,pp,,1.0
20170518,UST10Y,2.23,0.009999999999999787,pp,,1.0
20170519,UST10Y,2.23,0.0,pp,,1.0
20170522,UST10Y,2.25,0.020000000000000018,pp,,3.0
20170523,UST10Y,2.29,0.040000000000000036,pp,,1.0
20170524,UST10Y,2.26,-0.03000000000000025,pp,,1.0
20170525,UST10Y,2.25,-0.009999999999999787,pp,,1.0
20170526,UST10Y,2.25,0.0,pp,,1.0
20170530,UST10Y,2.21,-0.040000000000000036,pp,,4.0
20170531,UST10Y,2.21,0.0,pp,,1.0
20170601,UST10Y,2.21,0.0,pp,,1.0
20170602,UST10Y,2.15,-0.06000000000000005,pp,,1.0
20170605,UST10Y,2.18,0.03000000000000025,pp,,3.0
20170606,UST10Y,2.14,-0.040000000000000036,pp,,1.0
20170607,UST10Y,2.18,0.040000000000000036,pp,,1.0
20170608,UST10Y,2.19,0.009999999999999787,pp,,1.0
20170609,UST10Y,2.21,0.020000000000000018,pp,,1.0
20170612,UST10Y,2.21,0.0,pp,,3.0
20170613,UST10Y,2.21,0.0,pp,,1.0
20170614,UST10Y,2.15,-0.06000000000000005,pp,,1.0
20170615,UST10Y,2.16,0.010000000000000231,pp,,1.0
20170616,UST10Y,2.16,0.0,pp,,1.0
20170619,UST10Y,2.19,0.029999999999999805,pp,,3.0
20170620,UST10Y,2.16,-0.029999999999999805,pp,,1.0
20170621,UST10Y,2.16,0.0,pp,,1.0
20170622,UST10Y,2.15,-0.010000000000000231,pp,,1.0
20170623,UST10Y,2.15,0.0,pp,,1.0
20170626,UST10Y,2.14,-0.009999999999999787,pp,,3.0
20170627,UST10Y,2.21,0.06999999999999984,pp,,1.0
20170628,UST10Y,2.22,0.010000000000000231,pp,,1.0
20170629,UST10Y,2.27,0.04999999999999982,pp,,1.0
20170630,UST10Y,2.31,0.040000000000000036,pp,,1.0
20170703,UST10Y,2.35,0.040000000000000036,pp,,3.0
20170705,UST10Y,2.33,-0.020000000000000018,pp,,2.0
20170706,UST10Y,2.37,0.040000000000000036,pp,,1.0
20170707,UST10Y,2.39,0.020000000000000018,pp,,1.0
20170710,UST10Y,2.38,-0.010000000000000231,pp,,3.0
20170711,UST10Y,2.37,-0.009999999999999787,pp,,1.0
20170712,UST10Y,2.33,-0.040000000000000036,pp,,1.0
20170713,UST10Y,2.35,0.020000000000000018,pp,,1.0
20170714,UST10Y,2.33,-0.020000000000000018,pp,,1.0
20170717,UST10Y,2.31,-0.020000000000000018,pp,,3.0
20170718,UST10Y,2.27,-0.040000000000000036,pp,,1.0
20170719,UST10Y,2.27,0.0,pp,,1.0
20170720,UST10Y,2.27,0.0,pp,,1.0
20170721,UST10Y,2.24,-0.029999999999999805,pp,,1.0
20170724,UST10Y,2.26,0.019999999999999574,pp,,3.0
20170725,UST10Y,2.33,0.07000000000000028,pp,,1.0
20170726,UST10Y,2.29,-0.040000000000000036,pp,,1.0
20170727,UST10Y,2.32,0.029999999999999805,pp,,1.0
20170728,UST10Y,2.3,-0.020000000000000018,pp,,1.0
20170731,UST10Y,2.3,0.0,pp,,3.0
20170801,UST10Y,2.26,-0.040000000000000036,pp,,1.0
20170802,UST10Y,2.27,0.010000000000000231,pp,,1.0
20170803,UST10Y,2.24,-0.029999999999999805,pp,,1.0
20170804,UST10Y,2.27,0.029999999999999805,pp,,1.0
20170807,UST10Y,2.26,-0.010000000000000231,pp,,3.0
20170808,UST10Y,2.29,0.03000000000000025,pp,,1.0
20170809,UST10Y,2.24,-0.04999999999999982,pp,,1.0
20170810,UST10Y,2.2,-0.040000000000000036,pp,,1.0
20170811,UST10Y,2.19,-0.010000000000000231,pp,,1.0
20170814,UST10Y,2.22,0.03000000000000025,pp,,3.0
20170815,UST10Y,2.27,0.04999999999999982,pp,,1.0
20170816,UST10Y,2.23,-0.040000000000000036,pp,,1.0
20170817,UST10Y,2.19,-0.040000000000000036,pp,,1.0
20170818,UST10Y,2.19,0.0,pp,,1.0
20170821,UST10Y,2.18,-0.009999999999999787,pp,,3.0
20170822,UST10Y,2.22,0.040000000000000036,pp,,1.0
20170823,UST10Y,2.17,-0.050000000000000266,pp,,1.0
20170824,UST10Y,2.19,0.020000000000000018,pp,,1.0
20170825,UST10Y,2.17,-0.020000000000000018,pp,,1.0
20170828,UST10Y,2.16,-0.009999999999999787,pp,,3.0
20170829,UST10Y,2.13,-0.03000000000000025,pp,,1.0
20170830,UST10Y,2.15,0.020000000000000018,pp,,1.0
20170831,UST10Y,2.12,-0.029999999999999805,pp,,1.0
20170901,UST10Y,2.16,0.040000000000000036,pp,,1.0
20170905,UST10Y,2.07,-0.0900000000000003,pp,,4.0
20170906,UST10Y,2.1,0.03000000000000025,pp,,1.0
20170907,UST10Y,2.05,-0.050000000000000266,pp,,1.0
20170908,UST10Y,2.06,0.010000000000000231,pp,,1.0
20170911,UST10Y,2.14,0.08000000000000007,pp,,3.0
20170912,UST10Y,2.17,0.029999999999999805,pp,,1.0
20170913,UST10Y,2.2,0.03000000000000025,pp,,1.0
20170914,UST10Y,2.2,0.0,pp,,1.0
20170915,UST10Y,2.2,0.0,pp,,1.0
20170918,UST10Y,2.23,0.029999999999999805,pp,,3.0
20170919,UST10Y,2.24,0.010000000000000231,pp,,1.0
20170920,UST10Y,2.28,0.03999999999999959,pp,,1.0
20170921,UST10Y,2.27,-0.009999999999999787,pp,,1.0
20170922,UST10Y,2.26,-0.010000000000000231,pp,,1.0
20170925,UST10Y,2.22,-0.03999999999999959,pp,,3.0
20170926,UST10Y,2.24,0.020000000000000018,pp,,1.0
20170927,UST10Y,2.31,0.06999999999999984,pp,,1.0
20170928,UST10Y,2.31,0.0,pp,,1.0
20170929,UST10Y,2.33,0.020000000000000018,pp,,1.0
20171002,UST10Y,2.34,0.009999999999999787,pp,,3.0
20171003,UST10Y,2.33,-0.009999999999999787,pp,,1.0
20171004,UST10Y,2.33,0.0,pp,,1.0
20171005,UST10Y,2.35,0.020000000000000018,pp,,1.0
20171006,UST10Y,2.37,0.020000000000000018,pp,,1.0
20171010,UST10Y,2.35,-0.020000000000000018,pp,,4.0
20171011,UST10Y,2.35,0.0,pp,,1.0
20171012,UST10Y,2.33,-0.020000000000000018,pp,,1.0
20171013,UST10Y,2.28,-0.050000000000000266,pp,,1.0
20171016,UST10Y,2.3,0.020000000000000018,pp,,3.0
20171017,UST10Y,2.3,0.0,pp,,1.0
20171018,UST10Y,2.34,0.040000000000000036,pp,,1.0
20171019,UST10Y,2.33,-0.009999999999999787,pp,,1.0
20171020,UST10Y,2.39,0.06000000000000005,pp,,1.0
20171023,UST10Y,2.38,-0.010000000000000231,pp,,3.0
20171024,UST10Y,2.42,0.040000000000000036,pp,,1.0
20171025,UST10Y,2.44,0.020000000000000018,pp,,1.0
20171026,UST10Y,2.46,0.020000000000000018,pp,,1.0
20171027,UST10Y,2.42,-0.040000000000000036,pp,,1.0
20171030,UST10Y,2.37,-0.04999999999999982,pp,,3.0
20171031,UST10Y,2.38,0.009999999999999787,pp,,1.0
20171101,UST10Y,2.37,-0.009999999999999787,pp,,1.0
20171102,UST10Y,2.35,-0.020000000000000018,pp,,1.0
20171103,UST10Y,2.34,-0.010000000000000231,pp,,1.0
20171106,UST10Y,2.32,-0.020000000000000018,pp,,3.0
20171107,UST10Y,2.32,0.0,pp,,1.0
20171108,UST10Y,2.32,0.0,pp,,1.0
20171109,UST10Y,2.33,0.010000000000000231,pp,,1.0
20171110,UST10Y,2.4,0.06999999999999984,pp,,1.0
20171113,UST10Y,2.4,0.0,pp,,3.0
20171114,UST10Y,2.38,-0.020000000000000018,pp,,1.0
20171115,UST10Y,2.33,-0.04999999999999982,pp,,1.0
20171116,UST10Y,2.37,0.040000000000000036,pp,,1.0
20171117,UST10Y,2.35,-0.020000000000000018,pp,,1.0
20171120,UST10Y,2.37,0.020000000000000018,pp,,3.0
20171121,UST10Y,2.36,-0.010000000000000231,pp,,1.0
20171122,UST10Y,2.32,-0.040000000000000036,pp,,1.0
20171124,UST10Y,2.34,0.020000000000000018,pp,,2.0
20171127,UST10Y,2.32,-0.020000000000000018,pp,,3.0
20171128,UST10Y,2.34,0.020000000000000018,pp,,1.0
20171129,UST10Y,2.37,0.03000000000000025,pp,,1.0
20171130,UST10Y,2.42,0.04999999999999982,pp,,1.0
20171201,UST10Y,2.37,-0.04999999999999982,pp,,1.0
20171204,UST10Y,2.37,0.0,pp,,3.0
20171205,UST10Y,2.36,-0.010000000000000231,pp,,1.0
20171206,UST10Y,2.33,-0.029999999999999805,pp,,1.0
20171207,UST10Y,2.37,0.040000000000000036,pp,,1.0
20171208,UST10Y,2.38,0.009999999999999787,pp,,1.0
20171211,UST10Y,2.39,0.010000000000000231,pp,,3.0
20171212,UST10Y,2.4,0.009999999999999787,pp,,1.0
20171213,UST10Y,2.36,-0.040000000000000036,pp,,1.0
20171214,UST10Y,2.35,-0.009999999999999787,pp,,1.0
20171215,UST10Y,2.35,0.0,pp,,1.0
20171218,UST10Y,2.39,0.040000000000000036,pp,,3.0
20171219,UST10Y,2.46,0.06999999999999984,pp,,1.0
20171220,UST10Y,2.49,0.03000000000000025,pp,,1.0
20171221,UST10Y,2.48,-0.010000000000000231,pp,,1.0
20171222,UST10Y,2.48,0.0,pp,,1.0
20171226,UST10Y,2.47,-0.009999999999999787,pp,,4.0
20171227,UST10Y,2.42,-0.050000000000000266,pp,,1.0
20171228,UST10Y,2.43,0.010000000000000231,pp,,1.0
20171229,UST10Y,2.4,-0.03000000000000025,pp,,1.0
20180102,UST10Y,2.46,0.06000000000000005,pp,,4.0
20180103,UST10Y,2.44,-0.020000000000000018,pp,,1.0
20180104,UST10Y,2.46,0.020000000000000018,pp,,1.0
20180105,UST10Y,2.47,0.010000000000000231,pp,,1.0
20180108,UST10Y,2.49,0.020000000000000018,pp,,3.0
20180109,UST10Y,2.55,0.05999999999999961,pp,,1.0
20180110,UST10Y,2.55,0.0,pp,,1.0
20180111,UST10Y,2.54,-0.009999999999999787,pp,,1.0
20180112,UST10Y,2.55,0.009999999999999787,pp,,1.0
20180116,UST10Y,2.54,-0.009999999999999787,pp,,4.0
20180117,UST10Y,2.57,0.029999999999999805,pp,,1.0
20180118,UST10Y,2.62,0.050000000000000266,pp,,1.0
20180119,UST10Y,2.64,0.020000000000000018,pp,,1.0
20180122,UST10Y,2.66,0.020000000000000018,pp,,3.0
20180123,UST10Y,2.63,-0.03000000000000025,pp,,1.0
20180124,UST10Y,2.65,0.020000000000000018,pp,,1.0
20180125,UST10Y,2.63,-0.020000000000000018,pp,,1.0
20180126,UST10Y,2.66,0.03000000000000025,pp,,1.0
20180129,UST10Y,2.7,0.040000000000000036,pp,,3.0
20180130,UST10Y,2.73,0.029999999999999805,pp,,1.0
20180131,UST10Y,2.72,-0.009999999999999787,pp,,1.0
20180201,UST10Y,2.78,0.05999999999999961,pp,,1.0
20180202,UST10Y,2.84,0.06000000000000005,pp,,1.0
20180205,UST10Y,2.77,-0.06999999999999984,pp,,3.0
20180206,UST10Y,2.79,0.020000000000000018,pp,,1.0
20180207,UST10Y,2.84,0.04999999999999982,pp,,1.0
20180208,UST10Y,2.85,0.010000000000000231,pp,,1.0
20180209,UST10Y,2.83,-0.020000000000000018,pp,,1.0
20180212,UST10Y,2.86,0.029999999999999805,pp,,3.0
20180213,UST10Y,2.83,-0.029999999999999805,pp,,1.0
20180214,UST10Y,2.91,0.08000000000000007,pp,,1.0
20180215,UST10Y,2.9,-0.010000000000000231,pp,,1.0
20180216,UST10Y,2.87,-0.029999999999999805,pp,,1.0
20180220,UST10Y,2.88,0.009999999999999787,pp,,4.0
20180221,UST10Y,2.94,0.06000000000000005,pp,,1.0
20180222,UST10Y,2.92,-0.020000000000000018,pp,,1.0
20180223,UST10Y,2.88,-0.040000000000000036,pp,,1.0
20180226,UST10Y,2.86,-0.020000000000000018,pp,,3.0
20180227,UST10Y,2.9,0.040000000000000036,pp,,1.0
20180228,UST10Y,2.87,-0.029999999999999805,pp,,1.0
20180301,UST10Y,2.81,-0.06000000000000005,pp,,1.0
20180302,UST10Y,2.86,0.04999999999999982,pp,,1.0
20180305,UST10Y,2.88,0.020000000000000018,pp,,3.0
20180306,UST10Y,2.88,0.0,pp,,1.0
20180307,UST10Y,2.89,0.010000000000000231,pp,,1.0
20180308,UST10Y,2.86,-0.03000000000000025,pp,,1.0
20180309,UST10Y,2.9,0.040000000000000036,pp,,1.0
20180312,UST10Y,2.87,-0.029999999999999805,pp,,3.0
20180313,UST10Y,2.84,-0.03000000000000025,pp,,1.0
20180314,UST10Y,2.81,-0.029999999999999805,pp,,1.0
20180315,UST10Y,2.82,0.009999999999999787,pp,,1.0
20180316,UST10Y,2.85,0.03000000000000025,pp,,1.0
20180319,UST10Y,2.85,0.0,pp,,3.0
20180320,UST10Y,2.89,0.040000000000000036,pp,,1.0
20180321,UST10Y,2.89,0.0,pp,,1.0
20180322,UST10Y,2.83,-0.06000000000000005,pp,,1.0
20180323,UST10Y,2.82,-0.010000000000000231,pp,,1.0
20180326,UST10Y,2.85,0.03000000000000025,pp,,3.0
20180327,UST10Y,2.78,-0.07000000000000028,pp,,1.0
20180328,UST10Y,2.77,-0.009999999999999787,pp,,1.0
20180329,UST10Y,2.74,-0.029999999999999805,pp,,1.0
20180402,UST10Y,2.73,-0.010000000000000231,pp,,4.0
20180403,UST10Y,2.79,0.06000000000000005,pp,,1.0
20180404,UST10Y,2.79,0.0,pp,,1.0
20180405,UST10Y,2.83,0.040000000000000036,pp,,1.0
20180406,UST10Y,2.77,-0.06000000000000005,pp,,1.0
20180409,UST10Y,2.78,0.009999999999999787,pp,,3.0
20180410,UST10Y,2.8,0.020000000000000018,pp,,1.0
20180411,UST10Y,2.79,-0.009999999999999787,pp,,1.0
20180412,UST10Y,2.83,0.040000000000000036,pp,,1.0
20180413,UST10Y,2.82,-0.010000000000000231,pp,,1.0
20180416,UST10Y,2.83,0.010000000000000231,pp,,3.0
20180417,UST10Y,2.82,-0.010000000000000231,pp,,1.0
20180418,UST10Y,2.87,0.050000000000000266,pp,,1.0
20180419,UST10Y,2.92,0.04999999999999982,pp,,1.0
20180420,UST10Y,2.96,0.040000000000000036,pp,,1.0
20180423,UST10Y,2.98,0.020000000000000018,pp,,3.0
20180424,UST10Y,3.0,0.020000000000000018,pp,,1.0
20180425,UST10Y,3.03,0.029999999999999805,pp,,1.0
20180426,UST10Y,3.0,-0.029999999999999805,pp,,1.0
20180427,UST10Y,2.96,-0.040000000000000036,pp,,1.0
20180430,UST10Y,2.95,-0.009999999999999787,pp,,3.0
20180501,UST10Y,2.97,0.020000000000000018,pp,,1.0
20180502,UST10Y,2.97,0.0,pp,,1.0
20180503,UST10Y,2.94,-0.03000000000000025,pp,,1.0
20180504,UST10Y,2.95,0.010000000000000231,pp,,1.0
20180507,UST10Y,2.95,0.0,pp,,3.0
20180508,UST10Y,2.97,0.020000000000000018,pp,,1.0
20180509,UST10Y,3.0,0.029999999999999805,pp,,1.0
20180510,UST10Y,2.97,-0.029999999999999805,pp,,1.0
20180511,UST10Y,2.97,0.0,pp,,1.0
20180514,UST10Y,3.0,0.029999999999999805,pp,,3.0
20180515,UST10Y,3.08,0.08000000000000007,pp,,1.0
20180516,UST10Y,3.09,0.009999999999999787,pp,,1.0
20180517,UST10Y,3.11,0.020000000000000018,pp,,1.0
20180518,UST10Y,3.06,-0.04999999999999982,pp,,1.0
20180521,UST10Y,3.06,0.0,pp,,3.0
20180522,UST10Y,3.06,0.0,pp,,1.0
20180523,UST10Y,3.01,-0.050000000000000266,pp,,1.0
20180524,UST10Y,2.98,-0.029999999999999805,pp,,1.0
20180525,UST10Y,2.93,-0.04999999999999982,pp,,1.0
20180529,UST10Y,2.77,-0.16000000000000014,pp,,4.0
20180530,UST10Y,2.84,0.06999999999999984,pp,,1.0
20180531,UST10Y,2.83,-0.009999999999999787,pp,,1.0
20180601,UST10Y,2.89,0.06000000000000005,pp,,1.0
20180604,UST10Y,2.94,0.04999999999999982,pp,,3.0
20180605,UST10Y,2.92,-0.020000000000000018,pp,,1.0
20180606,UST10Y,2.97,0.050000000000000266,pp,,1.0
20180607,UST10Y,2.93,-0.040000000000000036,pp,,1.0
20180608,UST10Y,2.93,0.0,pp,,1.0
20180611,UST10Y,2.96,0.029999999999999805,pp,,3.0
20180612,UST10Y,2.96,0.0,pp,,1.0
20180613,UST10Y,2.98,0.020000000000000018,pp,,1.0
20180614,UST10Y,2.94,-0.040000000000000036,pp,,1.0
20180615,UST10Y,2.93,-0.009999999999999787,pp,,1.0
20180618,UST10Y,2.92,-0.010000000000000231,pp,,3.0
20180619,UST10Y,2.89,-0.029999999999999805,pp,,1.0
20180620,UST10Y,2.93,0.040000000000000036,pp,,1.0
20180621,UST10Y,2.9,-0.03000000000000025,pp,,1.0
20180622,UST10Y,2.9,0.0,pp,,1.0
20180625,UST10Y,2.87,-0.029999999999999805,pp,,3.0
20180626,UST10Y,2.88,0.009999999999999787,pp,,1.0
20180627,UST10Y,2.83,-0.04999999999999982,pp,,1.0
20180628,UST10Y,2.84,0.009999999999999787,pp,,1.0
20180629,UST10Y,2.85,0.010000000000000231,pp,,1.0
20180702,UST10Y,2.87,0.020000000000000018,pp,,3.0
20180703,UST10Y,2.83,-0.040000000000000036,pp,,1.0
20180705,UST10Y,2.84,0.009999999999999787,pp,,2.0
20180706,UST10Y,2.82,-0.020000000000000018,pp,,1.0
20180709,UST10Y,2.86,0.040000000000000036,pp,,3.0
20180710,UST10Y,2.87,0.010000000000000231,pp,,1.0
20180711,UST10Y,2.85,-0.020000000000000018,pp,,1.0
20180712,UST10Y,2.85,0.0,pp,,1.0
20180713,UST10Y,2.83,-0.020000000000000018,pp,,1.0
20180716,UST10Y,2.85,0.020000000000000018,pp,,3.0
20180717,UST10Y,2.86,0.009999999999999787,pp,,1.0
20180718,UST10Y,2.88,0.020000000000000018,pp,,1.0
20180719,UST10Y,2.84,-0.040000000000000036,pp,,1.0
20180720,UST10Y,2.89,0.050000000000000266,pp,,1.0
20180723,UST10Y,2.96,0.06999999999999984,pp,,3.0
20180724,UST10Y,2.95,-0.009999999999999787,pp,,1.0
20180725,UST10Y,2.94,-0.010000000000000231,pp,,1.0
20180726,UST10Y,2.98,0.040000000000000036,pp,,1.0
20180727,UST10Y,2.96,-0.020000000000000018,pp,,1.0
20180730,UST10Y,2.98,0.020000000000000018,pp,,3.0
20180731,UST10Y,2.96,-0.020000000000000018,pp,,1.0
20180801,UST10Y,3.0,0.040000000000000036,pp,,1.0
20180802,UST10Y,2.98,-0.020000000000000018,pp,,1.0
20180803,UST10Y,2.95,-0.029999999999999805,pp,,1.0
20180806,UST10Y,2.94,-0.010000000000000231,pp,,3.0
20180807,UST10Y,2.98,0.040000000000000036,pp,,1.0
20180808,UST10Y,2.96,-0.020000000000000018,pp,,1.0
20180809,UST10Y,2.93,-0.029999999999999805,pp,,1.0
20180810,UST10Y,2.87,-0.06000000000000005,pp,,1.0
20180813,UST10Y,2.88,0.009999999999999787,pp,,3.0
20180814,UST10Y,2.89,0.010000000000000231,pp,,1.0
20180815,UST10Y,2.86,-0.03000000000000025,pp,,1.0
20180816,UST10Y,2.87,0.010000000000000231,pp,,1.0
20180817,UST10Y,2.87,0.0,pp,,1.0
20180820,UST10Y,2.82,-0.050000000000000266,pp,,3.0
20180821,UST10Y,2.85,0.03000000000000025,pp,,1.0
20180822,UST10Y,2.82,-0.03000000000000025,pp,,1.0
20180823,UST10Y,2.82,0.0,pp,,1.0
20180824,UST10Y,2.82,0.0,pp,,1.0
20180827,UST10Y,2.85,0.03000000000000025,pp,,3.0
20180828,UST10Y,2.88,0.029999999999999805,pp,,1.0
20180829,UST10Y,2.89,0.010000000000000231,pp,,1.0
20180830,UST10Y,2.86,-0.03000000000000025,pp,,1.0
20180831,UST10Y,2.86,0.0,pp,,1.0
20180904,UST10Y,2.9,0.040000000000000036,pp,,4.0
20180905,UST10Y,2.9,0.0,pp,,1.0
20180906,UST10Y,2.88,-0.020000000000000018,pp,,1.0
20180907,UST10Y,2.94,0.06000000000000005,pp,,1.0
20180910,UST10Y,2.94,0.0,pp,,3.0
20180911,UST10Y,2.98,0.040000000000000036,pp,,1.0
20180912,UST10Y,2.97,-0.009999999999999787,pp,,1.0
20180913,UST10Y,2.97,0.0,pp,,1.0
20180914,UST10Y,2.99,0.020000000000000018,pp,,1.0
20180917,UST10Y,2.99,0.0,pp,,3.0
20180918,UST10Y,3.05,0.05999999999999961,pp,,1.0
20180919,UST10Y,3.08,0.03000000000000025,pp,,1.0
20180920,UST10Y,3.07,-0.010000000000000231,pp,,1.0
20180921,UST10Y,3.07,0.0,pp,,1.0
20180924,UST10Y,3.08,0.010000000000000231,pp,,3.0
20180925,UST10Y,3.1,0.020000000000000018,pp,,1.0
20180926,UST10Y,3.06,-0.040000000000000036,pp,,1.0
20180927,UST10Y,3.06,0.0,pp,,1.0
20180928,UST10Y,3.05,-0.010000000000000231,pp,,1.0
20181001,UST10Y,3.09,0.040000000000000036,pp,,3.0
20181002,UST10Y,3.05,-0.040000000000000036,pp,,1.0
20181003,UST10Y,3.15,0.10000000000000009,pp,,1.0
20181004,UST10Y,3.19,0.040000000000000036,pp,,1.0
20181005,UST10Y,3.23,0.040000000000000036,pp,,1.0
20181009,UST10Y,3.21,-0.020000000000000018,pp,,4.0
20181010,UST10Y,3.22,0.010000000000000231,pp,,1.0
20181011,UST10Y,3.14,-0.08000000000000007,pp,,1.0
20181012,UST10Y,3.15,0.009999999999999787,pp,,1.0
20181015,UST10Y,3.16,0.010000000000000231,pp,,3.0
20181016,UST10Y,3.16,0.0,pp,,1.0
20181017,UST10Y,3.19,0.029999999999999805,pp,,1.0
20181018,UST10Y,3.17,-0.020000000000000018,pp,,1.0
20181019,UST10Y,3.2,0.03000000000000025,pp,,1.0
20181022,UST10Y,3.2,0.0,pp,,3.0
20181023,UST10Y,3.17,-0.03000000000000025,pp,,1.0
20181024,UST10Y,3.1,-0.06999999999999984,pp,,1.0
20181025,UST10Y,3.14,0.040000000000000036,pp,,1.0
20181026,UST10Y,3.08,-0.06000000000000005,pp,,1.0
20181029,UST10Y,3.08,0.0,pp,,3.0
20181030,UST10Y,3.12,0.040000000000000036,pp,,1.0
20181031,UST10Y,3.15,0.029999999999999805,pp,,1.0
20181101,UST10Y,3.14,-0.009999999999999787,pp,,1.0
20181102,UST10Y,3.22,0.08000000000000007,pp,,1.0
20181105,UST10Y,3.2,-0.020000000000000018,pp,,3.0
20181106,UST10Y,3.22,0.020000000000000018,pp,,1.0
20181107,UST10Y,3.22,0.0,pp,,1.0
20181108,UST10Y,3.24,0.020000000000000018,pp,,1.0
20181109,UST10Y,3.19,-0.050000000000000266,pp,,1.0
20181113,UST10Y,3.14,-0.04999999999999982,pp,,4.0
20181114,UST10Y,3.12,-0.020000000000000018,pp,,1.0
20181115,UST10Y,3.11,-0.010000000000000231,pp,,1.0
20181116,UST10Y,3.08,-0.029999999999999805,pp,,1.0
20181119,UST10Y,3.06,-0.020000000000000018,pp,,3.0
20181120,UST10Y,3.06,0.0,pp,,1.0
20181121,UST10Y,3.06,0.0,pp,,1.0
20181123,UST10Y,3.05,-0.010000000000000231,pp,,2.0
20181126,UST10Y,3.07,0.020000000000000018,pp,,3.0
20181127,UST10Y,3.06,-0.009999999999999787,pp,,1.0
20181128,UST10Y,3.06,0.0,pp,,1.0
20181129,UST10Y,3.03,-0.03000000000000025,pp,,1.0
20181130,UST10Y,3.01,-0.020000000000000018,pp,,1.0
20181203,UST10Y,2.98,-0.029999999999999805,pp,,3.0
20181204,UST10Y,2.91,-0.06999999999999984,pp,,1.0
20181206,UST10Y,2.87,-0.040000000000000036,pp,,2.0
20181207,UST10Y,2.85,-0.020000000000000018,pp,,1.0
20181210,UST10Y,2.85,0.0,pp,,3.0
20181211,UST10Y,2.89,0.040000000000000036,pp,,1.0
20181212,UST10Y,2.91,0.020000000000000018,pp,,1.0
20181213,UST10Y,2.91,0.0,pp,,1.0
20181214,UST10Y,2.89,-0.020000000000000018,pp,,1.0
20181217,UST10Y,2.86,-0.03000000000000025,pp,,3.0
20181218,UST10Y,2.82,-0.040000000000000036,pp,,1.0
20181219,UST10Y,2.77,-0.04999999999999982,pp,,1.0
20181220,UST10Y,2.79,0.020000000000000018,pp,,1.0
20181221,UST10Y,2.79,0.0,pp,,1.0
20181224,UST10Y,2.74,-0.04999999999999982,pp,,3.0
20181226,UST10Y,2.81,0.06999999999999984,pp,,2.0
20181227,UST10Y,2.77,-0.040000000000000036,pp,,1.0
20181228,UST10Y,2.72,-0.04999999999999982,pp,,1.0
20181231,UST10Y,2.69,-0.03000000000000025,pp,,3.0
20190102,UST10Y,2.66,-0.029999999999999805,pp,,2.0
20190103,UST10Y,2.56,-0.10000000000000009,pp,,1.0
20190104,UST10Y,2.67,0.10999999999999988,pp,,1.0
20190107,UST10Y,2.7,0.03000000000000025,pp,,3.0
20190108,UST10Y,2.73,0.029999999999999805,pp,,1.0
20190109,UST10Y,2.74,0.010000000000000231,pp,,1.0
20190110,UST10Y,2.74,0.0,pp,,1.0
20190111,UST10Y,2.71,-0.03000000000000025,pp,,1.0
20190114,UST10Y,2.71,0.0,pp,,3.0
20190115,UST10Y,2.72,0.010000000000000231,pp,,1.0
20190116,UST10Y,2.73,0.009999999999999787,pp,,1.0
20190117,UST10Y,2.75,0.020000000000000018,pp,,1.0
20190118,UST10Y,2.79,0.040000000000000036,pp,,1.0
20190122,UST10Y,2.74,-0.04999999999999982,pp,,4.0
20190123,UST10Y,2.76,0.019999999999999574,pp,,1.0
20190124,UST10Y,2.72,-0.03999999999999959,pp,,1.0
20190125,UST10Y,2.76,0.03999999999999959,pp,,1.0
20190128,UST10Y,2.75,-0.009999999999999787,pp,,3.0
20190129,UST10Y,2.72,-0.029999999999999805,pp,,1.0
20190130,UST10Y,2.7,-0.020000000000000018,pp,,1.0
20190131,UST10Y,2.63,-0.07000000000000028,pp,,1.0
20190201,UST10Y,2.7,0.07000000000000028,pp,,1.0
20190204,UST10Y,2.73,0.029999999999999805,pp,,3.0
20190205,UST10Y,2.71,-0.020000000000000018,pp,,1.0
20190206,UST10Y,2.7,-0.009999999999999787,pp,,1.0
20190207,UST10Y,2.65,-0.050000000000000266,pp,,1.0
20190208,UST10Y,2.63,-0.020000000000000018,pp,,1.0
20190211,UST10Y,2.65,0.020000000000000018,pp,,3.0
20190212,UST10Y,2.68,0.03000000000000025,pp,,1.0
20190213,UST10Y,2.71,0.029999999999999805,pp,,1.0
20190214,UST10Y,2.66,-0.04999999999999982,pp,,1.0
20190215,UST10Y,2.66,0.0,pp,,1.0
20190219,UST10Y,2.65,-0.010000000000000231,pp,,4.0
20190220,UST10Y,2.65,0.0,pp,,1.0
20190221,UST10Y,2.69,0.040000000000000036,pp,,1.0
20190222,UST10Y,2.65,-0.040000000000000036,pp,,1.0
20190225,UST10Y,2.67,0.020000000000000018,pp,,3.0
20190226,UST10Y,2.64,-0.029999999999999805,pp,,1.0
20190227,UST10Y,2.69,0.04999999999999982,pp,,1.0
20190228,UST10Y,2.73,0.040000000000000036,pp,,1.0
20190301,UST10Y,2.76,0.029999999999999805,pp,,1.0
20190304,UST10Y,2.72,-0.03999999999999959,pp,,3.0
20190305,UST10Y,2.72,0.0,pp,,1.0
20190306,UST10Y,2.69,-0.03000000000000025,pp,,1.0
20190307,UST10Y,2.64,-0.04999999999999982,pp,,1.0
20190308,UST10Y,2.62,-0.020000000000000018,pp,,1.0
20190311,UST10Y,2.64,0.020000000000000018,pp,,3.0
20190312,UST10Y,2.61,-0.03000000000000025,pp,,1.0
20190313,UST10Y,2.61,0.0,pp,,1.0
20190314,UST10Y,2.63,0.020000000000000018,pp,,1.0
20190315,UST10Y,2.59,-0.040000000000000036,pp,,1.0
20190318,UST10Y,2.6,0.010000000000000231,pp,,3.0
20190319,UST10Y,2.61,0.009999999999999787,pp,,1.0
20190320,UST10Y,2.54,-0.06999999999999984,pp,,1.0
20190321,UST10Y,2.54,0.0,pp,,1.0
20190322,UST10Y,2.44,-0.10000000000000009,pp,,1.0
20190325,UST10Y,2.43,-0.009999999999999787,pp,,3.0
20190326,UST10Y,2.41,-0.020000000000000018,pp,,1.0
20190327,UST10Y,2.39,-0.020000000000000018,pp,,1.0
20190328,UST10Y,2.39,0.0,pp,,1.0
20190329,UST10Y,2.41,0.020000000000000018,pp,,1.0
20190401,UST10Y,2.49,0.08000000000000007,pp,,3.0
20190402,UST10Y,2.48,-0.010000000000000231,pp,,1.0
20190403,UST10Y,2.52,0.040000000000000036,pp,,1.0
20190404,UST10Y,2.51,-0.010000000000000231,pp,,1.0
20190405,UST10Y,2.5,-0.009999999999999787,pp,,1.0
20190408,UST10Y,2.52,0.020000000000000018,pp,,3.0
20190409,UST10Y,2.51,-0.010000000000000231,pp,,1.0
20190410,UST10Y,2.48,-0.029999999999999805,pp,,1.0
20190411,UST10Y,2.51,0.029999999999999805,pp,,1.0
20190412,UST10Y,2.56,0.050000000000000266,pp,,1.0
20190415,UST10Y,2.55,-0.010000000000000231,pp,,3.0
20190416,UST10Y,2.6,0.050000000000000266,pp,,1.0
20190417,UST10Y,2.59,-0.010000000000000231,pp,,1.0
20190418,UST10Y,2.57,-0.020000000000000018,pp,,1.0
20190422,UST10Y,2.59,0.020000000000000018,pp,,4.0
20190423,UST10Y,2.57,-0.020000000000000018,pp,,1.0
20190424,UST10Y,2.53,-0.040000000000000036,pp,,1.0
20190425,UST10Y,2.54,0.010000000000000231,pp,,1.0
20190426,UST10Y,2.51,-0.03000000000000025,pp,,1.0
20190429,UST10Y,2.54,0.03000000000000025,pp,,3.0
20190430,UST10Y,2.51,-0.03000000000000025,pp,,1.0
20190501,UST10Y,2.52,0.010000000000000231,pp,,1.0
20190502,UST10Y,2.55,0.029999999999999805,pp,,1.0
20190503,UST10Y,2.54,-0.009999999999999787,pp,,1.0
20190506,UST10Y,2.51,-0.03000000000000025,pp,,3.0
20190507,UST10Y,2.45,-0.05999999999999961,pp,,1.0
20190508,UST10Y,2.49,0.040000000000000036,pp,,1.0
20190509,UST10Y,2.45,-0.040000000000000036,pp,,1.0
20190510,UST10Y,2.47,0.020000000000000018,pp,,1.0
20190513,UST10Y,2.4,-0.07000000000000028,pp,,3.0
20190514,UST10Y,2.42,0.020000000000000018,pp,,1.0
20190515,UST10Y,2.37,-0.04999999999999982,pp,,1.0
20190516,UST10Y,2.4,0.029999999999999805,pp,,1.0
20190517,UST10Y,2.39,-0.009999999999999787,pp,,1.0
20190520,UST10Y,2.41,0.020000000000000018,pp,,3.0
20190521,UST10Y,2.43,0.020000000000000018,pp,,1.0
20190522,UST10Y,2.39,-0.040000000000000036,pp,,1.0
20190523,UST10Y,2.31,-0.08000000000000007,pp,,1.0
20190524,UST10Y,2.32,0.009999999999999787,pp,,1.0
20190528,UST10Y,2.26,-0.06000000000000005,pp,,4.0
20190529,UST10Y,2.25,-0.009999999999999787,pp,,1.0
20190530,UST10Y,2.22,-0.029999999999999805,pp,,1.0
20190531,UST10Y,2.14,-0.08000000000000007,pp,,1.0
20190603,UST10Y,2.07,-0.07000000000000028,pp,,3.0
20190604,UST10Y,2.12,0.050000000000000266,pp,,1.0
20190605,UST10Y,2.12,0.0,pp,,1.0
20190606,UST10Y,2.12,0.0,pp,,1.0
20190607,UST10Y,2.09,-0.03000000000000025,pp,,1.0
20190610,UST10Y,2.15,0.06000000000000005,pp,,3.0
20190611,UST10Y,2.15,0.0,pp,,1.0
20190612,UST10Y,2.13,-0.020000000000000018,pp,,1.0
20190613,UST10Y,2.1,-0.029999999999999805,pp,,1.0
20190614,UST10Y,2.09,-0.010000000000000231,pp,,1.0
20190617,UST10Y,2.09,0.0,pp,,3.0
20190618,UST10Y,2.06,-0.029999999999999805,pp,,1.0
20190619,UST10Y,2.03,-0.03000000000000025,pp,,1.0
20190620,UST10Y,2.01,-0.020000000000000018,pp,,1.0
20190621,UST10Y,2.07,0.06000000000000005,pp,,1.0
20190624,UST10Y,2.02,-0.04999999999999982,pp,,3.0
20190625,UST10Y,2.0,-0.020000000000000018,pp,,1.0
20190626,UST10Y,2.05,0.04999999999999982,pp,,1.0
20190627,UST10Y,2.01,-0.040000000000000036,pp,,1.0
20190628,UST10Y,2.0,-0.009999999999999787,pp,,1.0
20190701,UST10Y,2.03,0.029999999999999805,pp,,3.0
20190702,UST10Y,1.98,-0.04999999999999982,pp,,1.0
20190703,UST10Y,1.96,-0.020000000000000018,pp,,1.0
20190705,UST10Y,2.04,0.08000000000000007,pp,,2.0
20190708,UST10Y,2.05,0.009999999999999787,pp,,3.0
20190709,UST10Y,2.07,0.020000000000000018,pp,,1.0
20190710,UST10Y,2.07,0.0,pp,,1.0
20190711,UST10Y,2.13,0.06000000000000005,pp,,1.0
20190712,UST10Y,2.12,-0.009999999999999787,pp,,1.0
20190715,UST10Y,2.09,-0.03000000000000025,pp,,3.0
20190716,UST10Y,2.13,0.040000000000000036,pp,,1.0
20190717,UST10Y,2.06,-0.06999999999999984,pp,,1.0
20190718,UST10Y,2.04,-0.020000000000000018,pp,,1.0
20190719,UST10Y,2.05,0.009999999999999787,pp,,1.0
20190722,UST10Y,2.05,0.0,pp,,3.0
20190723,UST10Y,2.08,0.03000000000000025,pp,,1.0
20190724,UST10Y,2.05,-0.03000000000000025,pp,,1.0
20190725,UST10Y,2.08,0.03000000000000025,pp,,1.0
20190726,UST10Y,2.08,0.0,pp,,1.0
20190729,UST10Y,2.06,-0.020000000000000018,pp,,3.0
20190730,UST10Y,2.06,0.0,pp,,1.0
20190731,UST10Y,2.02,-0.040000000000000036,pp,,1.0
20190801,UST10Y,1.9,-0.1200000000000001,pp,,1.0
20190802,UST10Y,1.86,-0.039999999999999813,pp,,1.0
20190805,UST10Y,1.75,-0.1100000000000001,pp,,3.0
20190806,UST10Y,1.73,-0.020000000000000018,pp,,1.0
20190807,UST10Y,1.71,-0.020000000000000018,pp,,1.0
20190808,UST10Y,1.72,0.010000000000000009,pp,,1.0
20190809,UST10Y,1.74,0.020000000000000018,pp,,1.0
20190812,UST10Y,1.65,-0.09000000000000008,pp,,3.0
20190813,UST10Y,1.68,0.030000000000000027,pp,,1.0
20190814,UST10Y,1.59,-0.08999999999999986,pp,,1.0
20190815,UST10Y,1.52,-0.07000000000000006,pp,,1.0
20190816,UST10Y,1.55,0.030000000000000027,pp,,1.0
20190819,UST10Y,1.6,0.050000000000000044,pp,,3.0
20190820,UST10Y,1.55,-0.050000000000000044,pp,,1.0
20190821,UST10Y,1.59,0.040000000000000036,pp,,1.0
20190822,UST10Y,1.62,0.030000000000000027,pp,,1.0
20190823,UST10Y,1.52,-0.10000000000000009,pp,,1.0
20190826,UST10Y,1.54,0.020000000000000018,pp,,3.0
20190827,UST10Y,1.49,-0.050000000000000044,pp,,1.0
20190828,UST10Y,1.47,-0.020000000000000018,pp,,1.0
20190829,UST10Y,1.5,0.030000000000000027,pp,,1.0
20190830,UST10Y,1.5,0.0,pp,,1.0
20190903,UST10Y,1.47,-0.030000000000000027,pp,,4.0
20190904,UST10Y,1.47,0.0,pp,,1.0
20190905,UST10Y,1.57,0.10000000000000009,pp,,1.0
20190906,UST10Y,1.55,-0.020000000000000018,pp,,1.0
20190909,UST10Y,1.63,0.07999999999999985,pp,,3.0
20190910,UST10Y,1.72,0.09000000000000008,pp,,1.0
20190911,UST10Y,1.75,0.030000000000000027,pp,,1.0
20190912,UST10Y,1.79,0.040000000000000036,pp,,1.0
20190913,UST10Y,1.9,0.10999999999999988,pp,,1.0
20190916,UST10Y,1.84,-0.05999999999999983,pp,,3.0
20190917,UST10Y,1.81,-0.030000000000000027,pp,,1.0
20190918,UST10Y,1.8,-0.010000000000000009,pp,,1.0
20190919,UST10Y,1.79,-0.010000000000000009,pp,,1.0
20190920,UST10Y,1.74,-0.050000000000000044,pp,,1.0
20190923,UST10Y,1.72,-0.020000000000000018,pp,,3.0
20190924,UST10Y,1.64,-0.08000000000000007,pp,,1.0
20190925,UST10Y,1.73,0.09000000000000008,pp,,1.0
20190926,UST10Y,1.7,-0.030000000000000027,pp,,1.0
20190927,UST10Y,1.69,-0.010000000000000009,pp,,1.0
20190930,UST10Y,1.68,-0.010000000000000009,pp,,3.0
20191001,UST10Y,1.65,-0.030000000000000027,pp,,1.0
20191002,UST10Y,1.6,-0.04999999999999982,pp,,1.0
20191003,UST10Y,1.54,-0.06000000000000005,pp,,1.0
20191004,UST10Y,1.52,-0.020000000000000018,pp,,1.0
20191007,UST10Y,1.56,0.040000000000000036,pp,,3.0
20191008,UST10Y,1.54,-0.020000000000000018,pp,,1.0
20191009,UST10Y,1.59,0.050000000000000044,pp,,1.0
20191010,UST10Y,1.67,0.07999999999999985,pp,,1.0
20191011,UST10Y,1.76,0.09000000000000008,pp,,1.0
20191015,UST10Y,1.77,0.010000000000000009,pp,,4.0
20191016,UST10Y,1.75,-0.020000000000000018,pp,,1.0
20191017,UST10Y,1.76,0.010000000000000009,pp,,1.0
20191018,UST10Y,1.76,0.0,pp,,1.0
20191021,UST10Y,1.8,0.040000000000000036,pp,,3.0
20191022,UST10Y,1.78,-0.020000000000000018,pp,,1.0
20191023,UST10Y,1.77,-0.010000000000000009,pp,,1.0
20191024,UST10Y,1.77,0.0,pp,,1.0
20191025,UST10Y,1.8,0.030000000000000027,pp,,1.0
20191028,UST10Y,1.85,0.050000000000000044,pp,,3.0
20191029,UST10Y,1.84,-0.010000000000000009,pp,,1.0
20191030,UST10Y,1.78,-0.06000000000000005,pp,,1.0
20191031,UST10Y,1.69,-0.09000000000000008,pp,,1.0
20191101,UST10Y,1.73,0.040000000000000036,pp,,1.0
20191104,UST10Y,1.79,0.06000000000000005,pp,,3.0
20191105,UST10Y,1.86,0.07000000000000006,pp,,1.0
20191106,UST10Y,1.81,-0.050000000000000044,pp,,1.0
20191107,UST10Y,1.92,0.10999999999999988,pp,,1.0
20191108,UST10Y,1.94,0.020000000000000018,pp,,1.0
20191112,UST10Y,1.92,-0.020000000000000018,pp,,4.0
20191113,UST10Y,1.88,-0.040000000000000036,pp,,1.0
20191114,UST10Y,1.82,-0.05999999999999983,pp,,1.0
20191115,UST10Y,1.84,0.020000000000000018,pp,,1.0
20191118,UST10Y,1.81,-0.030000000000000027,pp,,3.0
20191119,UST10Y,1.79,-0.020000000000000018,pp,,1.0
20191120,UST10Y,1.73,-0.06000000000000005,pp,,1.0
20191121,UST10Y,1.77,0.040000000000000036,pp,,1.0
20191122,UST10Y,1.77,0.0,pp,,1.0
20191125,UST10Y,1.76,-0.010000000000000009,pp,,3.0
20191126,UST10Y,1.74,-0.020000000000000018,pp,,1.0
20191127,UST10Y,1.77,0.030000000000000027,pp,,1.0
20191129,UST10Y,1.78,0.010000000000000009,pp,,2.0
20191202,UST10Y,1.83,0.050000000000000044,pp,,3.0
20191203,UST10Y,1.72,-0.1100000000000001,pp,,1.0
20191204,UST10Y,1.77,0.050000000000000044,pp,,1.0
20191205,UST10Y,1.8,0.030000000000000027,pp,,1.0
20191206,UST10Y,1.84,0.040000000000000036,pp,,1.0
20191209,UST10Y,1.83,-0.010000000000000009,pp,,3.0
20191210,UST10Y,1.85,0.020000000000000018,pp,,1.0
20191211,UST10Y,1.79,-0.06000000000000005,pp,,1.0
20191212,UST10Y,1.9,0.10999999999999988,pp,,1.0
20191213,UST10Y,1.82,-0.07999999999999985,pp,,1.0
20191216,UST10Y,1.89,0.06999999999999984,pp,,3.0
20191217,UST10Y,1.89,0.0,pp,,1.0
20191218,UST10Y,1.92,0.030000000000000027,pp,,1.0
20191219,UST10Y,1.92,0.0,pp,,1.0
20191220,UST10Y,1.92,0.0,pp,,1.0
20191223,UST10Y,1.93,0.010000000000000009,pp,,3.0
20191224,UST10Y,1.9,-0.030000000000000027,pp,,1.0
20191226,UST10Y,1.9,0.0,pp,,2.0
20191227,UST10Y,1.88,-0.020000000000000018,pp,,1.0
20191230,UST10Y,1.9,0.020000000000000018,pp,,3.0
20191231,UST10Y,1.92,0.020000000000000018,pp,,1.0
20200102,UST10Y,1.88,-0.040000000000000036,pp,,2.0
20200103,UST10Y,1.8,-0.07999999999999985,pp,,1.0
20200106,UST10Y,1.81,0.010000000000000009,pp,,3.0
20200107,UST10Y,1.83,0.020000000000000018,pp,,1.0
20200108,UST10Y,1.87,0.040000000000000036,pp,,1.0
20200109,UST10Y,1.85,-0.020000000000000018,pp,,1.0
20200110,UST10Y,1.83,-0.020000000000000018,pp,,1.0
20200113,UST10Y,1.85,0.020000000000000018,pp,,3.0
20200114,UST10Y,1.82,-0.030000000000000027,pp,,1.0
20200115,UST10Y,1.79,-0.030000000000000027,pp,,1.0
20200116,UST10Y,1.81,0.020000000000000018,pp,,1.0
20200117,UST10Y,1.84,0.030000000000000027,pp,,1.0
20200121,UST10Y,1.78,-0.06000000000000005,pp,,4.0
20200122,UST10Y,1.77,-0.010000000000000009,pp,,1.0
20200123,UST10Y,1.74,-0.030000000000000027,pp,,1.0
20200124,UST10Y,1.7,-0.040000000000000036,pp,,1.0
20200127,UST10Y,1.61,-0.08999999999999986,pp,,3.0
20200128,UST10Y,1.65,0.039999999999999813,pp,,1.0
20200129,UST10Y,1.6,-0.04999999999999982,pp,,1.0
20200130,UST10Y,1.57,-0.030000000000000027,pp,,1.0
20200131,UST10Y,1.51,-0.06000000000000005,pp,,1.0
20200203,UST10Y,1.54,0.030000000000000027,pp,,3.0
20200204,UST10Y,1.61,0.07000000000000006,pp,,1.0
20200205,UST10Y,1.66,0.04999999999999982,pp,,1.0
20200206,UST10Y,1.65,-0.010000000000000009,pp,,1.0
20200207,UST10Y,1.59,-0.05999999999999983,pp,,1.0
20200210,UST10Y,1.56,-0.030000000000000027,pp,,3.0
20200211,UST10Y,1.59,0.030000000000000027,pp,,1.0
20200212,UST10Y,1.62,0.030000000000000027,pp,,1.0
20200213,UST10Y,1.61,-0.010000000000000009,pp,,1.0
20200214,UST10Y,1.59,-0.020000000000000018,pp,,1.0
20200218,UST10Y,1.55,-0.040000000000000036,pp,,4.0
20200219,UST10Y,1.56,0.010000000000000009,pp,,1.0
20200220,UST10Y,1.52,-0.040000000000000036,pp,,1.0
20200221,UST10Y,1.46,-0.06000000000000005,pp,,1.0
20200224,UST10Y,1.38,-0.08000000000000007,pp,,3.0
20200225,UST10Y,1.33,-0.04999999999999982,pp,,1.0
20200226,UST10Y,1.33,0.0,pp,,1.0
20200227,UST10Y,1.3,-0.030000000000000027,pp,,1.0
20200228,UST10Y,1.13,-0.17000000000000015,pp,,1.0
20200302,UST10Y,1.1,-0.029999999999999805,pp,,3.0
20200303,UST10Y,1.02,-0.08000000000000007,pp,,1.0
20200304,UST10Y,1.02,0.0,pp,,1.0
20200305,UST10Y,0.92,-0.09999999999999998,pp,,1.0
20200306,UST10Y,0.74,-0.18000000000000005,pp,,1.0
20200309,UST10Y,0.54,-0.19999999999999996,pp,,3.0
20200310,UST10Y,0.76,0.21999999999999997,pp,,1.0
20200311,UST10Y,0.82,0.05999999999999994,pp,,1.0
20200312,UST10Y,0.88,0.06000000000000005,pp,,1.0
20200313,UST10Y,0.94,0.05999999999999994,pp,,1.0
20200316,UST10Y,0.73,-0.20999999999999996,pp,,3.0
20200317,UST10Y,1.02,0.29000000000000004,pp,,1.0
20200318,UST10Y,1.18,0.15999999999999992,pp,,1.0
20200319,UST10Y,1.12,-0.05999999999999983,pp,,1.0
20200320,UST10Y,0.92,-0.20000000000000007,pp,,1.0
20200323,UST10Y,0.76,-0.16000000000000003,pp,,3.0
20200324,UST10Y,0.84,0.07999999999999996,pp,,1.0
20200325,UST10Y,0.88,0.040000000000000036,pp,,1.0
20200326,UST10Y,0.83,-0.050000000000000044,pp,,1.0
20200327,UST10Y,0.72,-0.10999999999999999,pp,,1.0
20200330,UST10Y,0.7,-0.020000000000000018,pp,,3.0
20200331,UST10Y,0.7,0.0,pp,,1.0
20200401,UST10Y,0.62,-0.07999999999999996,pp,,1.0
20200402,UST10Y,0.63,0.010000000000000009,pp,,1.0
20200403,UST10Y,0.62,-0.010000000000000009,pp,,1.0
20200406,UST10Y,0.67,0.050000000000000044,pp,,3.0
20200407,UST10Y,0.75,0.07999999999999996,pp,,1.0
20200408,UST10Y,0.77,0.020000000000000018,pp,,1.0
20200409,UST10Y,0.73,-0.040000000000000036,pp,,1.0
20200413,UST10Y,0.76,0.030000000000000027,pp,,4.0
20200414,UST10Y,0.76,0.0,pp,,1.0
20200415,UST10Y,0.63,-0.13,pp,,1.0
20200416,UST10Y,0.61,-0.020000000000000018,pp,,1.0
20200417,UST10Y,0.65,0.040000000000000036,pp,,1.0
20200420,UST10Y,0.63,-0.020000000000000018,pp,,3.0
20200421,UST10Y,0.58,-0.050000000000000044,pp,,1.0
20200422,UST10Y,0.63,0.050000000000000044,pp,,1.0
20200423,UST10Y,0.61,-0.020000000000000018,pp,,1.0
20200424,UST10Y,0.6,-0.010000000000000009,pp,,1.0
20200427,UST10Y,0.67,0.07000000000000006,pp,,3.0
20200428,UST10Y,0.62,-0.050000000000000044,pp,,1.0
20200429,UST10Y,0.63,0.010000000000000009,pp,,1.0
20200430,UST10Y,0.64,0.010000000000000009,pp,,1.0
20200501,UST10Y,0.64,0.0,pp,,1.0
20200504,UST10Y,0.64,0.0,pp,,3.0
20200505,UST10Y,0.66,0.020000000000000018,pp,,1.0
20200506,UST10Y,0.72,0.05999999999999994,pp,,1.0
20200507,UST10Y,0.63,-0.08999999999999997,pp,,1.0
20200508,UST10Y,0.69,0.05999999999999994,pp,,1.0
20200511,UST10Y,0.73,0.040000000000000036,pp,,3.0
20200512,UST10Y,0.69,-0.040000000000000036,pp,,1.0
20200513,UST10Y,0.64,-0.04999999999999993,pp,,1.0
20200514,UST10Y,0.63,-0.010000000000000009,pp,,1.0
20200515,UST10Y,0.64,0.010000000000000009,pp,,1.0
20200518,UST10Y,0.73,0.08999999999999997,pp,,3.0
20200519,UST10Y,0.7,-0.030000000000000027,pp,,1.0
20200520,UST10Y,0.68,-0.019999999999999907,pp,,1.0
20200521,UST10Y,0.68,0.0,pp,,1.0
20200522,UST10Y,0.66,-0.020000000000000018,pp,,1.0
20200526,UST10Y,0.69,0.029999999999999916,pp,,4.0
20200527,UST10Y,0.68,-0.009999999999999898,pp,,1.0
20200528,UST10Y,0.7,0.019999999999999907,pp,,1.0
20200529,UST10Y,0.65,-0.04999999999999993,pp,,1.0
20200601,UST10Y,0.66,0.010000000000000009,pp,,3.0
20200602,UST10Y,0.68,0.020000000000000018,pp,,1.0
20200603,UST10Y,0.77,0.08999999999999997,pp,,1.0
20200604,UST10Y,0.82,0.04999999999999993,pp,,1.0
20200605,UST10Y,0.91,0.09000000000000008,pp,,1.0
20200608,UST10Y,0.88,-0.030000000000000027,pp,,3.0
20200609,UST10Y,0.84,-0.040000000000000036,pp,,1.0
20200610,UST10Y,0.75,-0.08999999999999997,pp,,1.0
20200611,UST10Y,0.66,-0.08999999999999997,pp,,1.0
20200612,UST10Y,0.71,0.04999999999999993,pp,,1.0
20200615,UST10Y,0.71,0.0,pp,,3.0
20200616,UST10Y,0.75,0.040000000000000036,pp,,1.0
20200617,UST10Y,0.74,-0.010000000000000009,pp,,1.0
20200618,UST10Y,0.71,-0.030000000000000027,pp,,1.0
20200619,UST10Y,0.7,-0.010000000000000009,pp,,1.0
20200622,UST10Y,0.71,0.010000000000000009,pp,,3.0
20200623,UST10Y,0.72,0.010000000000000009,pp,,1.0
20200624,UST10Y,0.69,-0.030000000000000027,pp,,1.0
20200625,UST10Y,0.68,-0.009999999999999898,pp,,1.0
20200626,UST10Y,0.64,-0.040000000000000036,pp,,1.0
20200629,UST10Y,0.64,0.0,pp,,3.0
20200630,UST10Y,0.66,0.020000000000000018,pp,,1.0
20200701,UST10Y,0.69,0.029999999999999916,pp,,1.0
20200702,UST10Y,0.68,-0.009999999999999898,pp,,1.0
20200706,UST10Y,0.69,0.009999999999999898,pp,,4.0
20200707,UST10Y,0.65,-0.039999999999999925,pp,,1.0
20200708,UST10Y,0.67,0.020000000000000018,pp,,1.0
20200709,UST10Y,0.62,-0.050000000000000044,pp,,1.0
20200710,UST10Y,0.65,0.030000000000000027,pp,,1.0
20200713,UST10Y,0.64,-0.010000000000000009,pp,,3.0
20200714,UST10Y,0.63,-0.010000000000000009,pp,,1.0
20200715,UST10Y,0.64,0.010000000000000009,pp,,1.0
20200716,UST10Y,0.62,-0.020000000000000018,pp,,1.0
20200717,UST10Y,0.64,0.020000000000000018,pp,,1.0
20200720,UST10Y,0.62,-0.020000000000000018,pp,,3.0
20200721,UST10Y,0.61,-0.010000000000000009,pp,,1.0
20200722,UST10Y,0.6,-0.010000000000000009,pp,,1.0
20200723,UST10Y,0.59,-0.010000000000000009,pp,,1.0
20200724,UST10Y,0.59,0.0,pp,,1.0
20200727,UST10Y,0.62,0.030000000000000027,pp,,3.0
20200728,UST10Y,0.59,-0.030000000000000027,pp,,1.0
20200729,UST10Y,0.58,-0.010000000000000009,pp,,1.0
20200730,UST10Y,0.55,-0.029999999999999916,pp,,1.0
20200731,UST10Y,0.55,0.0,pp,,1.0
20200803,UST10Y,0.56,0.010000000000000009,pp,,3.0
20200804,UST10Y,0.52,-0.040000000000000036,pp,,1.0
20200805,UST10Y,0.55,0.030000000000000027,pp,,1.0
20200806,UST10Y,0.55,0.0,pp,,1.0
20200807,UST10Y,0.57,0.019999999999999907,pp,,1.0
20200810,UST10Y,0.59,0.020000000000000018,pp,,3.0
20200811,UST10Y,0.64,0.050000000000000044,pp,,1.0
20200812,UST10Y,0.69,0.04999999999999993,pp,,1.0
20200813,UST10Y,0.71,0.020000000000000018,pp,,1.0
20200814,UST10Y,0.71,0.0,pp,,1.0
20200817,UST10Y,0.69,-0.020000000000000018,pp,,3.0
20200818,UST10Y,0.67,-0.019999999999999907,pp,,1.0
20200819,UST10Y,0.68,0.010000000000000009,pp,,1.0
20200820,UST10Y,0.65,-0.030000000000000027,pp,,1.0
20200821,UST10Y,0.64,-0.010000000000000009,pp,,1.0
20200824,UST10Y,0.65,0.010000000000000009,pp,,3.0
20200825,UST10Y,0.69,0.039999999999999925,pp,,1.0
20200826,UST10Y,0.69,0.0,pp,,1.0
20200827,UST10Y,0.74,0.050000000000000044,pp,,1.0
20200828,UST10Y,0.74,0.0,pp,,1.0
20200831,UST10Y,0.72,-0.020000000000000018,pp,,3.0
20200901,UST10Y,0.68,-0.039999999999999925,pp,,1.0
20200902,UST10Y,0.66,-0.020000000000000018,pp,,1.0
20200903,UST10Y,0.63,-0.030000000000000027,pp,,1.0
20200904,UST10Y,0.72,0.08999999999999997,pp,,1.0
20200908,UST10Y,0.69,-0.030000000000000027,pp,,4.0
20200909,UST10Y,0.71,0.020000000000000018,pp,,1.0
20200910,UST10Y,0.68,-0.029999999999999916,pp,,1.0
20200911,UST10Y,0.67,-0.010000000000000009,pp,,1.0
20200914,UST10Y,0.68,0.010000000000000009,pp,,3.0
20200915,UST10Y,0.68,0.0,pp,,1.0
20200916,UST10Y,0.69,0.009999999999999898,pp,,1.0
20200917,UST10Y,0.69,0.0,pp,,1.0
20200918,UST10Y,0.7,0.010000000000000009,pp,,1.0
20200921,UST10Y,0.68,-0.019999999999999907,pp,,3.0
20200922,UST10Y,0.68,0.0,pp,,1.0
20200923,UST10Y,0.68,0.0,pp,,1.0
20200924,UST10Y,0.67,-0.010000000000000009,pp,,1.0
20200925,UST10Y,0.66,-0.010000000000000009,pp,,1.0
20200928,UST10Y,0.67,0.010000000000000009,pp,,3.0
20200929,UST10Y,0.66,-0.010000000000000009,pp,,1.0
20200930,UST10Y,0.69,0.029999999999999916,pp,,1.0
20201001,UST10Y,0.68,-0.009999999999999898,pp,,1.0
20201002,UST10Y,0.7,0.019999999999999907,pp,,1.0
20201005,UST10Y,0.78,0.08000000000000007,pp,,3.0
20201006,UST10Y,0.76,-0.020000000000000018,pp,,1.0
20201007,UST10Y,0.81,0.050000000000000044,pp,,1.0
20201008,UST10Y,0.78,-0.030000000000000027,pp,,1.0
20201009,UST10Y,0.79,0.010000000000000009,pp,,1.0
20201013,UST10Y,0.74,-0.050000000000000044,pp,,4.0
20201014,UST10Y,0.73,-0.010000000000000009,pp,,1.0
20201015,UST10Y,0.74,0.010000000000000009,pp,,1.0
20201016,UST10Y,0.76,0.020000000000000018,pp,,1.0
20201019,UST10Y,0.78,0.020000000000000018,pp,,3.0
20201020,UST10Y,0.81,0.030000000000000027,pp,,1.0
20201021,UST10Y,0.83,0.019999999999999907,pp,,1.0
20201022,UST10Y,0.87,0.040000000000000036,pp,,1.0
20201023,UST10Y,0.85,-0.020000000000000018,pp,,1.0
20201026,UST10Y,0.81,-0.039999999999999925,pp,,3.0
20201027,UST10Y,0.79,-0.020000000000000018,pp,,1.0
20201028,UST10Y,0.79,0.0,pp,,1.0
20201029,UST10Y,0.85,0.05999999999999994,pp,,1.0
20201030,UST10Y,0.88,0.030000000000000027,pp,,1.0
20201102,UST10Y,0.87,-0.010000000000000009,pp,,3.0
20201103,UST10Y,0.9,0.030000000000000027,pp,,1.0
20201104,UST10Y,0.78,-0.12,pp,,1.0
20201105,UST10Y,0.79,0.010000000000000009,pp,,1.0
20201106,UST10Y,0.83,0.039999999999999925,pp,,1.0
20201109,UST10Y,0.96,0.13,pp,,3.0
20201110,UST10Y,0.98,0.020000000000000018,pp,,1.0
20201112,UST10Y,0.88,-0.09999999999999998,pp,,2.0
20201113,UST10Y,0.89,0.010000000000000009,pp,,1.0
20201116,UST10Y,0.91,0.020000000000000018,pp,,3.0
20201117,UST10Y,0.87,-0.040000000000000036,pp,,1.0
20201118,UST10Y,0.88,0.010000000000000009,pp,,1.0
20201119,UST10Y,0.86,-0.020000000000000018,pp,,1.0
20201120,UST10Y,0.83,-0.030000000000000027,pp,,1.0
20201123,UST10Y,0.86,0.030000000000000027,pp,,3.0
20201124,UST10Y,0.88,0.020000000000000018,pp,,1.0
20201125,UST10Y,0.88,0.0,pp,,1.0
20201127,UST10Y,0.84,-0.040000000000000036,pp,,2.0
20201130,UST10Y,0.84,0.0,pp,,3.0
20201201,UST10Y,0.92,0.08000000000000007,pp,,1.0
20201202,UST10Y,0.95,0.029999999999999916,pp,,1.0
20201203,UST10Y,0.92,-0.029999999999999916,pp,,1.0
20201204,UST10Y,0.97,0.04999999999999993,pp,,1.0
20201207,UST10Y,0.94,-0.030000000000000027,pp,,3.0
20201208,UST10Y,0.92,-0.019999999999999907,pp,,1.0
20201209,UST10Y,0.95,0.029999999999999916,pp,,1.0
20201210,UST10Y,0.92,-0.029999999999999916,pp,,1.0
20201211,UST10Y,0.9,-0.020000000000000018,pp,,1.0
20201214,UST10Y,0.9,0.0,pp,,3.0
20201215,UST10Y,0.92,0.020000000000000018,pp,,1.0
20201216,UST10Y,0.92,0.0,pp,,1.0
20201217,UST10Y,0.94,0.019999999999999907,pp,,1.0
20201218,UST10Y,0.95,0.010000000000000009,pp,,1.0
20201221,UST10Y,0.95,0.0,pp,,3.0
20201222,UST10Y,0.93,-0.019999999999999907,pp,,1.0
20201223,UST10Y,0.96,0.029999999999999916,pp,,1.0
20201224,UST10Y,0.94,-0.020000000000000018,pp,,1.0
20201228,UST10Y,0.94,0.0,pp,,4.0
20201229,UST10Y,0.94,0.0,pp,,1.0
20201230,UST10Y,0.93,-0.009999999999999898,pp,,1.0
20201231,UST10Y,0.93,0.0,pp,,1.0
20210104,UST10Y,0.93,0.0,pp,,4.0
20210105,UST10Y,0.96,0.029999999999999916,pp,,1.0
20210106,UST10Y,1.04,0.08000000000000007,pp,,1.0
20210107,UST10Y,1.08,0.040000000000000036,pp,,1.0
20210108,UST10Y,1.13,0.04999999999999982,pp,,1.0
20210111,UST10Y,1.15,0.020000000000000018,pp,,3.0
20210112,UST10Y,1.15,0.0,pp,,1.0
20210113,UST10Y,1.1,-0.04999999999999982,pp,,1.0
20210114,UST10Y,1.15,0.04999999999999982,pp,,1.0
20210115,UST10Y,1.11,-0.039999999999999813,pp,,1.0
20210119,UST10Y,1.1,-0.010000000000000009,pp,,4.0
20210120,UST10Y,1.1,0.0,pp,,1.0
20210121,UST10Y,1.12,0.020000000000000018,pp,,1.0
20210122,UST10Y,1.1,-0.020000000000000018,pp,,1.0
20210125,UST10Y,1.05,-0.050000000000000044,pp,,3.0
20210126,UST10Y,1.05,0.0,pp,,1.0
20210127,UST10Y,1.04,-0.010000000000000009,pp,,1.0
20210128,UST10Y,1.07,0.030000000000000027,pp,,1.0
20210129,UST10Y,1.11,0.040000000000000036,pp,,1.0
20210201,UST10Y,1.09,-0.020000000000000018,pp,,3.0
20210202,UST10Y,1.12,0.030000000000000027,pp,,1.0
20210203,UST10Y,1.15,0.029999999999999805,pp,,1.0
20210204,UST10Y,1.15,0.0,pp,,1.0
20210205,UST10Y,1.19,0.040000000000000036,pp,,1.0
20210208,UST10Y,1.19,0.0,pp,,3.0
20210209,UST10Y,1.18,-0.010000000000000009,pp,,1.0
20210210,UST10Y,1.15,-0.030000000000000027,pp,,1.0
20210211,UST10Y,1.16,0.010000000000000009,pp,,1.0
20210212,UST10Y,1.2,0.040000000000000036,pp,,1.0
20210216,UST10Y,1.3,0.10000000000000009,pp,,4.0
20210217,UST10Y,1.29,-0.010000000000000009,pp,,1.0
20210218,UST10Y,1.29,0.0,pp,,1.0
20210219,UST10Y,1.34,0.050000000000000044,pp,,1.0
20210222,UST10Y,1.37,0.030000000000000027,pp,,3.0
20210223,UST10Y,1.37,0.0,pp,,1.0
20210224,UST10Y,1.38,0.009999999999999787,pp,,1.0
20210225,UST10Y,1.54,0.16000000000000014,pp,,1.0
20210226,UST10Y,1.44,-0.10000000000000009,pp,,1.0
20210301,UST10Y,1.45,0.010000000000000009,pp,,3.0
20210302,UST10Y,1.42,-0.030000000000000027,pp,,1.0
20210303,UST10Y,1.47,0.050000000000000044,pp,,1.0
20210304,UST10Y,1.54,0.07000000000000006,pp,,1.0
20210305,UST10Y,1.56,0.020000000000000018,pp,,1.0
20210308,UST10Y,1.59,0.030000000000000027,pp,,3.0
20210309,UST10Y,1.55,-0.040000000000000036,pp,,1.0
20210310,UST10Y,1.53,-0.020000000000000018,pp,,1.0
20210311,UST10Y,1.54,0.010000000000000009,pp,,1.0
20210312,UST10Y,1.64,0.09999999999999987,pp,,1.0
20210315,UST10Y,1.62,-0.019999999999999796,pp,,3.0
20210316,UST10Y,1.62,0.0,pp,,1.0
20210317,UST10Y,1.63,0.009999999999999787,pp,,1.0
20210318,UST10Y,1.71,0.08000000000000007,pp,,1.0
20210319,UST10Y,1.74,0.030000000000000027,pp,,1.0
20210322,UST10Y,1.69,-0.050000000000000044,pp,,3.0
20210323,UST10Y,1.63,-0.06000000000000005,pp,,1.0
20210324,UST10Y,1.62,-0.009999999999999787,pp,,1.0
20210325,UST10Y,1.63,0.009999999999999787,pp,,1.0
20210326,UST10Y,1.67,0.040000000000000036,pp,,1.0
20210329,UST10Y,1.73,0.06000000000000005,pp,,3.0
20210330,UST10Y,1.73,0.0,pp,,1.0
20210331,UST10Y,1.74,0.010000000000000009,pp,,1.0
20210401,UST10Y,1.69,-0.050000000000000044,pp,,1.0
20210402,UST10Y,1.72,0.030000000000000027,pp,,1.0
20210405,UST10Y,1.73,0.010000000000000009,pp,,3.0
20210406,UST10Y,1.67,-0.06000000000000005,pp,,1.0
20210407,UST10Y,1.68,0.010000000000000009,pp,,1.0
20210408,UST10Y,1.64,-0.040000000000000036,pp,,1.0
20210409,UST10Y,1.67,0.030000000000000027,pp,,1.0
20210412,UST10Y,1.69,0.020000000000000018,pp,,3.0
20210413,UST10Y,1.64,-0.050000000000000044,pp,,1.0
20210414,UST10Y,1.64,0.0,pp,,1.0
20210415,UST10Y,1.56,-0.07999999999999985,pp,,1.0
20210416,UST10Y,1.59,0.030000000000000027,pp,,1.0
20210419,UST10Y,1.61,0.020000000000000018,pp,,3.0
20210420,UST10Y,1.58,-0.030000000000000027,pp,,1.0
20210421,UST10Y,1.57,-0.010000000000000009,pp,,1.0
20210422,UST10Y,1.57,0.0,pp,,1.0
20210423,UST10Y,1.58,0.010000000000000009,pp,,1.0
20210426,UST10Y,1.58,0.0,pp,,3.0
20210427,UST10Y,1.63,0.04999999999999982,pp,,1.0
20210428,UST10Y,1.63,0.0,pp,,1.0
20210429,UST10Y,1.65,0.020000000000000018,pp,,1.0
20210430,UST10Y,1.65,0.0,pp,,1.0
20210503,UST10Y,1.63,-0.020000000000000018,pp,,3.0
20210504,UST10Y,1.61,-0.019999999999999796,pp,,1.0
20210505,UST10Y,1.59,-0.020000000000000018,pp,,1.0
20210506,UST10Y,1.58,-0.010000000000000009,pp,,1.0
20210507,UST10Y,1.6,0.020000000000000018,pp,,1.0
20210510,UST10Y,1.63,0.029999999999999805,pp,,3.0
20210511,UST10Y,1.64,0.010000000000000009,pp,,1.0
20210512,UST10Y,1.69,0.050000000000000044,pp,,1.0
20210513,UST10Y,1.66,-0.030000000000000027,pp,,1.0
20210514,UST10Y,1.63,-0.030000000000000027,pp,,1.0
20210517,UST10Y,1.64,0.010000000000000009,pp,,3.0
20210518,UST10Y,1.64,0.0,pp,,1.0
20210519,UST10Y,1.68,0.040000000000000036,pp,,1.0
20210520,UST10Y,1.63,-0.050000000000000044,pp,,1.0
20210521,UST10Y,1.63,0.0,pp,,1.0
20210524,UST10Y,1.61,-0.019999999999999796,pp,,3.0
20210525,UST10Y,1.56,-0.050000000000000044,pp,,1.0
20210526,UST10Y,1.58,0.020000000000000018,pp,,1.0
20210527,UST10Y,1.61,0.030000000000000027,pp,,1.0
20210528,UST10Y,1.58,-0.030000000000000027,pp,,1.0
20210601,UST10Y,1.62,0.040000000000000036,pp,,4.0
20210602,UST10Y,1.59,-0.030000000000000027,pp,,1.0
20210603,UST10Y,1.63,0.039999999999999813,pp,,1.0
20210604,UST10Y,1.56,-0.06999999999999984,pp,,1.0
20210607,UST10Y,1.57,0.010000000000000009,pp,,3.0
20210608,UST10Y,1.53,-0.040000000000000036,pp,,1.0
20210609,UST10Y,1.5,-0.030000000000000027,pp,,1.0
20210610,UST10Y,1.45,-0.050000000000000044,pp,,1.0
20210611,UST10Y,1.47,0.020000000000000018,pp,,1.0
20210614,UST10Y,1.51,0.040000000000000036,pp,,3.0
20210615,UST10Y,1.51,0.0,pp,,1.0
20210616,UST10Y,1.57,0.06000000000000005,pp,,1.0
20210617,UST10Y,1.52,-0.050000000000000044,pp,,1.0
20210618,UST10Y,1.45,-0.07000000000000006,pp,,1.0
20210621,UST10Y,1.5,0.050000000000000044,pp,,3.0
20210622,UST10Y,1.48,-0.020000000000000018,pp,,1.0
20210623,UST10Y,1.5,0.020000000000000018,pp,,1.0
20210624,UST10Y,1.49,-0.010000000000000009,pp,,1.0
20210625,UST10Y,1.54,0.050000000000000044,pp,,1.0
20210628,UST10Y,1.49,-0.050000000000000044,pp,,3.0
20210629,UST10Y,1.49,0.0,pp,,1.0
20210630,UST10Y,1.45,-0.040000000000000036,pp,,1.0
20210701,UST10Y,1.48,0.030000000000000027,pp,,1.0
20210702,UST10Y,1.44,-0.040000000000000036,pp,,1.0
20210706,UST10Y,1.37,-0.06999999999999984,pp,,4.0
20210707,UST10Y,1.33,-0.040000000000000036,pp,,1.0
20210708,UST10Y,1.3,-0.030000000000000027,pp,,1.0
20210709,UST10Y,1.37,0.07000000000000006,pp,,1.0
20210712,UST10Y,1.38,0.009999999999999787,pp,,3.0
20210713,UST10Y,1.42,0.040000000000000036,pp,,1.0
20210714,UST10Y,1.37,-0.04999999999999982,pp,,1.0
20210715,UST10Y,1.31,-0.06000000000000005,pp,,1.0
20210716,UST10Y,1.31,0.0,pp,,1.0
20210719,UST10Y,1.19,-0.1200000000000001,pp,,3.0
20210720,UST10Y,1.23,0.040000000000000036,pp,,1.0
20210721,UST10Y,1.3,0.07000000000000006,pp,,1.0
20210722,UST10Y,1.27,-0.030000000000000027,pp,,1.0
20210723,UST10Y,1.3,0.030000000000000027,pp,,1.0
20210726,UST10Y,1.29,-0.010000000000000009,pp,,3.0
20210727,UST10Y,1.25,-0.040000000000000036,pp,,1.0
20210728,UST10Y,1.26,0.010000000000000009,pp,,1.0
20210729,UST10Y,1.28,0.020000000000000018,pp,,1.0
20210730,UST10Y,1.24,-0.040000000000000036,pp,,1.0
20210802,UST10Y,1.2,-0.040000000000000036,pp,,3.0
20210803,UST10Y,1.19,-0.010000000000000009,pp,,1.0
20210804,UST10Y,1.19,0.0,pp,,1.0
20210805,UST10Y,1.23,0.040000000000000036,pp,,1.0
20210806,UST10Y,1.31,0.08000000000000007,pp,,1.0
20210809,UST10Y,1.33,0.020000000000000018,pp,,3.0
20210810,UST10Y,1.36,0.030000000000000027,pp,,1.0
20210811,UST10Y,1.35,-0.010000000000000009,pp,,1.0
20210812,UST10Y,1.36,0.010000000000000009,pp,,1.0
20210813,UST10Y,1.29,-0.07000000000000006,pp,,1.0
20210816,UST10Y,1.26,-0.030000000000000027,pp,,3.0
20210817,UST10Y,1.26,0.0,pp,,1.0
20210818,UST10Y,1.27,0.010000000000000009,pp,,1.0
20210819,UST10Y,1.24,-0.030000000000000027,pp,,1.0
20210820,UST10Y,1.26,0.020000000000000018,pp,,1.0
20210823,UST10Y,1.25,-0.010000000000000009,pp,,3.0
20210824,UST10Y,1.29,0.040000000000000036,pp,,1.0
20210825,UST10Y,1.35,0.06000000000000005,pp,,1.0
20210826,UST10Y,1.34,-0.010000000000000009,pp,,1.0
20210827,UST10Y,1.31,-0.030000000000000027,pp,,1.0
20210830,UST10Y,1.29,-0.020000000000000018,pp,,3.0
20210831,UST10Y,1.3,0.010000000000000009,pp,,1.0
20210901,UST10Y,1.31,0.010000000000000009,pp,,1.0
20210902,UST10Y,1.29,-0.020000000000000018,pp,,1.0
20210903,UST10Y,1.33,0.040000000000000036,pp,,1.0
20210907,UST10Y,1.38,0.04999999999999982,pp,,4.0
20210908,UST10Y,1.35,-0.029999999999999805,pp,,1.0
20210909,UST10Y,1.3,-0.050000000000000044,pp,,1.0
20210910,UST10Y,1.35,0.050000000000000044,pp,,1.0
20210913,UST10Y,1.33,-0.020000000000000018,pp,,3.0
20210914,UST10Y,1.28,-0.050000000000000044,pp,,1.0
20210915,UST10Y,1.31,0.030000000000000027,pp,,1.0
20210916,UST10Y,1.34,0.030000000000000027,pp,,1.0
20210917,UST10Y,1.37,0.030000000000000027,pp,,1.0
20210920,UST10Y,1.31,-0.06000000000000005,pp,,3.0
20210921,UST10Y,1.33,0.020000000000000018,pp,,1.0
20210922,UST10Y,1.32,-0.010000000000000009,pp,,1.0
20210923,UST10Y,1.41,0.08999999999999986,pp,,1.0
20210924,UST10Y,1.47,0.06000000000000005,pp,,1.0
20210927,UST10Y,1.48,0.010000000000000009,pp,,3.0
20210928,UST10Y,1.54,0.06000000000000005,pp,,1.0
20210929,UST10Y,1.55,0.010000000000000009,pp,,1.0
20210930,UST10Y,1.52,-0.030000000000000027,pp,,1.0
20211001,UST10Y,1.48,-0.040000000000000036,pp,,1.0
20211004,UST10Y,1.49,0.010000000000000009,pp,,3.0
20211005,UST10Y,1.54,0.050000000000000044,pp,,1.0
20211006,UST10Y,1.53,-0.010000000000000009,pp,,1.0
20211007,UST10Y,1.58,0.050000000000000044,pp,,1.0
20211008,UST10Y,1.61,0.030000000000000027,pp,,1.0
20211012,UST10Y,1.59,-0.020000000000000018,pp,,4.0
20211013,UST10Y,1.56,-0.030000000000000027,pp,,1.0
20211014,UST10Y,1.52,-0.040000000000000036,pp,,1.0
20211015,UST10Y,1.59,0.07000000000000006,pp,,1.0
20211018,UST10Y,1.59,0.0,pp,,3.0
20211019,UST10Y,1.65,0.05999999999999983,pp,,1.0
20211020,UST10Y,1.65,0.0,pp,,1.0
20211021,UST10Y,1.68,0.030000000000000027,pp,,1.0
20211022,UST10Y,1.66,-0.020000000000000018,pp,,1.0
20211025,UST10Y,1.64,-0.020000000000000018,pp,,3.0
20211026,UST10Y,1.63,-0.010000000000000009,pp,,1.0
20211027,UST10Y,1.54,-0.08999999999999986,pp,,1.0
20211028,UST10Y,1.57,0.030000000000000027,pp,,1.0
20211029,UST10Y,1.55,-0.020000000000000018,pp,,1.0
20211101,UST10Y,1.58,0.030000000000000027,pp,,3.0
20211102,UST10Y,1.56,-0.020000000000000018,pp,,1.0
20211103,UST10Y,1.6,0.040000000000000036,pp,,1.0
20211104,UST10Y,1.53,-0.07000000000000006,pp,,1.0
20211105,UST10Y,1.45,-0.08000000000000007,pp,,1.0
20211108,UST10Y,1.51,0.06000000000000005,pp,,3.0
20211109,UST10Y,1.46,-0.050000000000000044,pp,,1.0
20211110,UST10Y,1.56,0.10000000000000009,pp,,1.0
20211112,UST10Y,1.58,0.020000000000000018,pp,,2.0
20211115,UST10Y,1.63,0.04999999999999982,pp,,3.0
20211116,UST10Y,1.63,0.0,pp,,1.0
20211117,UST10Y,1.6,-0.029999999999999805,pp,,1.0
20211118,UST10Y,1.59,-0.010000000000000009,pp,,1.0
20211119,UST10Y,1.54,-0.050000000000000044,pp,,1.0
20211122,UST10Y,1.63,0.08999999999999986,pp,,3.0
20211123,UST10Y,1.67,0.040000000000000036,pp,,1.0
20211124,UST10Y,1.64,-0.030000000000000027,pp,,1.0
20211126,UST10Y,1.48,-0.15999999999999992,pp,,2.0
20211129,UST10Y,1.52,0.040000000000000036,pp,,3.0
20211130,UST10Y,1.43,-0.09000000000000008,pp,,1.0
20211201,UST10Y,1.43,0.0,pp,,1.0
20211202,UST10Y,1.44,0.010000000000000009,pp,,1.0
20211203,UST10Y,1.35,-0.08999999999999986,pp,,1.0
20211206,UST10Y,1.43,0.07999999999999985,pp,,3.0
20211207,UST10Y,1.48,0.050000000000000044,pp,,1.0
20211208,UST10Y,1.52,0.040000000000000036,pp,,1.0
20211209,UST10Y,1.49,-0.030000000000000027,pp,,1.0
20211210,UST10Y,1.48,-0.010000000000000009,pp,,1.0
20211213,UST10Y,1.42,-0.06000000000000005,pp,,3.0
20211214,UST10Y,1.44,0.020000000000000018,pp,,1.0
20211215,UST10Y,1.47,0.030000000000000027,pp,,1.0
20211216,UST10Y,1.44,-0.030000000000000027,pp,,1.0
20211217,UST10Y,1.41,-0.030000000000000027,pp,,1.0
20211220,UST10Y,1.43,0.020000000000000018,pp,,3.0
20211221,UST10Y,1.48,0.050000000000000044,pp,,1.0
20211222,UST10Y,1.46,-0.020000000000000018,pp,,1.0
20211223,UST10Y,1.5,0.040000000000000036,pp,,1.0
20211227,UST10Y,1.48,-0.020000000000000018,pp,,4.0
20211228,UST10Y,1.49,0.010000000000000009,pp,,1.0
20211229,UST10Y,1.55,0.06000000000000005,pp,,1.0
20211230,UST10Y,1.52,-0.030000000000000027,pp,,1.0
20211231,UST10Y,1.52,0.0,pp,,1.0
20220103,UST10Y,1.63,0.10999999999999988,pp,,3.0
20220104,UST10Y,1.66,0.030000000000000027,pp,,1.0
20220105,UST10Y,1.71,0.050000000000000044,pp,,1.0
20220106,UST10Y,1.73,0.020000000000000018,pp,,1.0
20220107,UST10Y,1.76,0.030000000000000027,pp,,1.0
20220110,UST10Y,1.78,0.020000000000000018,pp,,3.0
20220111,UST10Y,1.75,-0.030000000000000027,pp,,1.0
20220112,UST10Y,1.74,-0.010000000000000009,pp,,1.0
20220113,UST10Y,1.7,-0.040000000000000036,pp,,1.0
20220114,UST10Y,1.78,0.08000000000000007,pp,,1.0
20220118,UST10Y,1.87,0.09000000000000008,pp,,4.0
20220119,UST10Y,1.83,-0.040000000000000036,pp,,1.0
20220120,UST10Y,1.83,0.0,pp,,1.0
20220121,UST10Y,1.75,-0.08000000000000007,pp,,1.0
20220124,UST10Y,1.75,0.0,pp,,3.0
20220125,UST10Y,1.78,0.030000000000000027,pp,,1.0
20220126,UST10Y,1.85,0.07000000000000006,pp,,1.0
20220127,UST10Y,1.81,-0.040000000000000036,pp,,1.0
20220128,UST10Y,1.78,-0.030000000000000027,pp,,1.0
20220131,UST10Y,1.79,0.010000000000000009,pp,,3.0
20220201,UST10Y,1.81,0.020000000000000018,pp,,1.0
20220202,UST10Y,1.78,-0.030000000000000027,pp,,1.0
20220203,UST10Y,1.82,0.040000000000000036,pp,,1.0
20220204,UST10Y,1.93,0.10999999999999988,pp,,1.0
20220207,UST10Y,1.92,-0.010000000000000009,pp,,3.0
20220208,UST10Y,1.96,0.040000000000000036,pp,,1.0
20220209,UST10Y,1.94,-0.020000000000000018,pp,,1.0
20220210,UST10Y,2.03,0.08999999999999986,pp,,1.0
20220211,UST10Y,1.92,-0.10999999999999988,pp,,1.0
20220214,UST10Y,1.98,0.06000000000000005,pp,,3.0
20220215,UST10Y,2.05,0.06999999999999984,pp,,1.0
20220216,UST10Y,2.03,-0.020000000000000018,pp,,1.0
20220217,UST10Y,1.97,-0.05999999999999983,pp,,1.0
20220218,UST10Y,1.92,-0.050000000000000044,pp,,1.0
20220222,UST10Y,1.94,0.020000000000000018,pp,,4.0
20220223,UST10Y,1.99,0.050000000000000044,pp,,1.0
20220224,UST10Y,1.96,-0.030000000000000027,pp,,1.0
20220225,UST10Y,1.97,0.010000000000000009,pp,,1.0
20220228,UST10Y,1.83,-0.1399999999999999,pp,,3.0
20220301,UST10Y,1.72,-0.1100000000000001,pp,,1.0
20220302,UST10Y,1.86,0.14000000000000012,pp,,1.0
20220303,UST10Y,1.86,0.0,pp,,1.0
20220304,UST10Y,1.74,-0.1200000000000001,pp,,1.0
20220307,UST10Y,1.78,0.040000000000000036,pp,,3.0
20220308,UST10Y,1.86,0.08000000000000007,pp,,1.0
20220309,UST10Y,1.94,0.07999999999999985,pp,,1.0
20220310,UST10Y,1.98,0.040000000000000036,pp,,1.0
20220311,UST10Y,2.0,0.020000000000000018,pp,,1.0
20220314,UST10Y,2.14,0.14000000000000012,pp,,3.0
20220315,UST10Y,2.15,0.009999999999999787,pp,,1.0
20220316,UST10Y,2.19,0.040000000000000036,pp,,1.0
20220317,UST10Y,2.2,0.010000000000000231,pp,,1.0
20220318,UST10Y,2.14,-0.06000000000000005,pp,,1.0
20220321,UST10Y,2.32,0.17999999999999972,pp,,3.0
20220322,UST10Y,2.38,0.06000000000000005,pp,,1.0
20220323,UST10Y,2.32,-0.06000000000000005,pp,,1.0
20220324,UST10Y,2.34,0.020000000000000018,pp,,1.0
20220325,UST10Y,2.48,0.14000000000000012,pp,,1.0
20220328,UST10Y,2.46,-0.020000000000000018,pp,,3.0
20220329,UST10Y,2.41,-0.04999999999999982,pp,,1.0
20220330,UST10Y,2.35,-0.06000000000000005,pp,,1.0
20220331,UST10Y,2.32,-0.03000000000000025,pp,,1.0
20220401,UST10Y,2.39,0.07000000000000028,pp,,1.0
20220404,UST10Y,2.42,0.029999999999999805,pp,,3.0
20220405,UST10Y,2.54,0.1200000000000001,pp,,1.0
20220406,UST10Y,2.61,0.06999999999999984,pp,,1.0
20220407,UST10Y,2.66,0.050000000000000266,pp,,1.0
20220408,UST10Y,2.72,0.06000000000000005,pp,,1.0
20220411,UST10Y,2.79,0.06999999999999984,pp,,3.0
20220412,UST10Y,2.72,-0.06999999999999984,pp,,1.0
20220413,UST10Y,2.7,-0.020000000000000018,pp,,1.0
20220414,UST10Y,2.83,0.1299999999999999,pp,,1.0
20220418,UST10Y,2.85,0.020000000000000018,pp,,4.0
20220419,UST10Y,2.93,0.08000000000000007,pp,,1.0
20220420,UST10Y,2.85,-0.08000000000000007,pp,,1.0
20220421,UST10Y,2.9,0.04999999999999982,pp,,1.0
20220422,UST10Y,2.9,0.0,pp,,1.0
20220425,UST10Y,2.81,-0.08999999999999986,pp,,3.0
20220426,UST10Y,2.77,-0.040000000000000036,pp,,1.0
20220427,UST10Y,2.82,0.04999999999999982,pp,,1.0
20220428,UST10Y,2.85,0.03000000000000025,pp,,1.0
20220429,UST10Y,2.89,0.040000000000000036,pp,,1.0
20220502,UST10Y,2.99,0.10000000000000009,pp,,3.0
20220503,UST10Y,2.97,-0.020000000000000018,pp,,1.0
20220504,UST10Y,2.93,-0.040000000000000036,pp,,1.0
20220505,UST10Y,3.05,0.11999999999999966,pp,,1.0
20220506,UST10Y,3.12,0.07000000000000028,pp,,1.0
20220509,UST10Y,3.05,-0.07000000000000028,pp,,3.0
20220510,UST10Y,2.99,-0.05999999999999961,pp,,1.0
20220511,UST10Y,2.91,-0.08000000000000007,pp,,1.0
20220512,UST10Y,2.84,-0.07000000000000028,pp,,1.0
20220513,UST10Y,2.93,0.0900000000000003,pp,,1.0
20220516,UST10Y,2.88,-0.050000000000000266,pp,,3.0
20220517,UST10Y,2.98,0.10000000000000009,pp,,1.0
20220518,UST10Y,2.89,-0.08999999999999986,pp,,1.0
20220519,UST10Y,2.84,-0.050000000000000266,pp,,1.0
20220520,UST10Y,2.78,-0.06000000000000005,pp,,1.0
20220523,UST10Y,2.86,0.08000000000000007,pp,,3.0
20220524,UST10Y,2.76,-0.10000000000000009,pp,,1.0
20220525,UST10Y,2.75,-0.009999999999999787,pp,,1.0
20220526,UST10Y,2.75,0.0,pp,,1.0
20220527,UST10Y,2.74,-0.009999999999999787,pp,,1.0
20220531,UST10Y,2.85,0.10999999999999988,pp,,4.0
20220601,UST10Y,2.94,0.08999999999999986,pp,,1.0
20220602,UST10Y,2.92,-0.020000000000000018,pp,,1.0
20220603,UST10Y,2.96,0.040000000000000036,pp,,1.0
20220606,UST10Y,3.04,0.08000000000000007,pp,,3.0
20220607,UST10Y,2.98,-0.06000000000000005,pp,,1.0
20220608,UST10Y,3.03,0.04999999999999982,pp,,1.0
20220609,UST10Y,3.04,0.010000000000000231,pp,,1.0
20220610,UST10Y,3.15,0.10999999999999988,pp,,1.0
20220613,UST10Y,3.43,0.28000000000000025,pp,,3.0
20220614,UST10Y,3.49,0.06000000000000005,pp,,1.0
20220615,UST10Y,3.33,-0.16000000000000014,pp,,1.0
20220616,UST10Y,3.28,-0.050000000000000266,pp,,1.0
20220617,UST10Y,3.25,-0.029999999999999805,pp,,1.0
20220621,UST10Y,3.31,0.06000000000000005,pp,,4.0
20220622,UST10Y,3.16,-0.1499999999999999,pp,,1.0
20220623,UST10Y,3.09,-0.07000000000000028,pp,,1.0
20220624,UST10Y,3.13,0.040000000000000036,pp,,1.0
20220627,UST10Y,3.2,0.07000000000000028,pp,,3.0
20220628,UST10Y,3.2,0.0,pp,,1.0
20220629,UST10Y,3.1,-0.10000000000000009,pp,,1.0
20220630,UST10Y,2.98,-0.1200000000000001,pp,,1.0
20220701,UST10Y,2.88,-0.10000000000000009,pp,,1.0
20220705,UST10Y,2.82,-0.06000000000000005,pp,,4.0
20220706,UST10Y,2.93,0.11000000000000032,pp,,1.0
20220707,UST10Y,3.01,0.07999999999999963,pp,,1.0
20220708,UST10Y,3.09,0.08000000000000007,pp,,1.0
20220711,UST10Y,2.99,-0.09999999999999964,pp,,3.0
20220712,UST10Y,2.96,-0.03000000000000025,pp,,1.0
20220713,UST10Y,2.91,-0.04999999999999982,pp,,1.0
20220714,UST10Y,2.96,0.04999999999999982,pp,,1.0
20220715,UST10Y,2.93,-0.029999999999999805,pp,,1.0
20220718,UST10Y,2.96,0.029999999999999805,pp,,3.0
20220719,UST10Y,3.01,0.04999999999999982,pp,,1.0
20220720,UST10Y,3.04,0.03000000000000025,pp,,1.0
20220721,UST10Y,2.91,-0.1299999999999999,pp,,1.0
20220722,UST10Y,2.77,-0.14000000000000012,pp,,1.0
20220725,UST10Y,2.81,0.040000000000000036,pp,,3.0
20220726,UST10Y,2.81,0.0,pp,,1.0
20220727,UST10Y,2.78,-0.03000000000000025,pp,,1.0
20220728,UST10Y,2.68,-0.09999999999999964,pp,,1.0
20220729,UST10Y,2.67,-0.010000000000000231,pp,,1.0
20220801,UST10Y,2.6,-0.06999999999999984,pp,,3.0
20220802,UST10Y,2.75,0.1499999999999999,pp,,1.0
20220803,UST10Y,2.73,-0.020000000000000018,pp,,1.0
20220804,UST10Y,2.68,-0.04999999999999982,pp,,1.0
20220805,UST10Y,2.83,0.1499999999999999,pp,,1.0
20220808,UST10Y,2.77,-0.06000000000000005,pp,,3.0
20220809,UST10Y,2.8,0.029999999999999805,pp,,1.0
20220810,UST10Y,2.78,-0.020000000000000018,pp,,1.0
20220811,UST10Y,2.87,0.0900000000000003,pp,,1.0
20220812,UST10Y,2.84,-0.03000000000000025,pp,,1.0
20220815,UST10Y,2.79,-0.04999999999999982,pp,,3.0
20220816,UST10Y,2.82,0.029999999999999805,pp,,1.0
20220817,UST10Y,2.89,0.07000000000000028,pp,,1.0
20220818,UST10Y,2.88,-0.010000000000000231,pp,,1.0
20220819,UST10Y,2.98,0.10000000000000009,pp,,1.0
20220822,UST10Y,3.03,0.04999999999999982,pp,,3.0
20220823,UST10Y,3.05,0.020000000000000018,pp,,1.0
20220824,UST10Y,3.11,0.06000000000000005,pp,,1.0
20220825,UST10Y,3.03,-0.08000000000000007,pp,,1.0
20220826,UST10Y,3.04,0.010000000000000231,pp,,1.0
20220829,UST10Y,3.12,0.08000000000000007,pp,,3.0
20220830,UST10Y,3.11,-0.010000000000000231,pp,,1.0
20220831,UST10Y,3.15,0.040000000000000036,pp,,1.0
20220901,UST10Y,3.26,0.10999999999999988,pp,,1.0
20220902,UST10Y,3.2,-0.05999999999999961,pp,,1.0
20220906,UST10Y,3.33,0.1299999999999999,pp,,4.0
20220907,UST10Y,3.27,-0.06000000000000005,pp,,1.0
20220908,UST10Y,3.29,0.020000000000000018,pp,,1.0
20220909,UST10Y,3.33,0.040000000000000036,pp,,1.0
20220912,UST10Y,3.37,0.040000000000000036,pp,,3.0
20220913,UST10Y,3.42,0.04999999999999982,pp,,1.0
20220914,UST10Y,3.41,-0.009999999999999787,pp,,1.0
20220915,UST10Y,3.45,0.040000000000000036,pp,,1.0
20220916,UST10Y,3.45,0.0,pp,,1.0
20220919,UST10Y,3.49,0.040000000000000036,pp,,3.0
20220920,UST10Y,3.57,0.07999999999999963,pp,,1.0
20220921,UST10Y,3.51,-0.06000000000000005,pp,,1.0
20220922,UST10Y,3.7,0.1900000000000004,pp,,1.0
20220923,UST10Y,3.69,-0.010000000000000231,pp,,1.0
20220926,UST10Y,3.88,0.18999999999999995,pp,,3.0
20220927,UST10Y,3.97,0.0900000000000003,pp,,1.0
20220928,UST10Y,3.72,-0.25,pp,,1.0
20220929,UST10Y,3.76,0.03999999999999959,pp,,1.0
20220930,UST10Y,3.83,0.07000000000000028,pp,,1.0
20221003,UST10Y,3.67,-0.16000000000000014,pp,,3.0
20221004,UST10Y,3.62,-0.04999999999999982,pp,,1.0
20221005,UST10Y,3.76,0.13999999999999968,pp,,1.0
20221006,UST10Y,3.83,0.07000000000000028,pp,,1.0
20221007,UST10Y,3.89,0.06000000000000005,pp,,1.0
20221011,UST10Y,3.93,0.040000000000000036,pp,,4.0
20221012,UST10Y,3.91,-0.020000000000000018,pp,,1.0
20221013,UST10Y,3.97,0.06000000000000005,pp,,1.0
20221014,UST10Y,4.0,0.029999999999999805,pp,,1.0
20221017,UST10Y,4.02,0.019999999999999574,pp,,3.0
20221018,UST10Y,4.01,-0.009999999999999787,pp,,1.0
20221019,UST10Y,4.14,0.1299999999999999,pp,,1.0
20221020,UST10Y,4.24,0.10000000000000053,pp,,1.0
20221021,UST10Y,4.21,-0.03000000000000025,pp,,1.0
20221024,UST10Y,4.25,0.040000000000000036,pp,,3.0
20221025,UST10Y,4.1,-0.15000000000000036,pp,,1.0
20221026,UST10Y,4.04,-0.05999999999999961,pp,,1.0
20221027,UST10Y,3.96,-0.08000000000000007,pp,,1.0
20221028,UST10Y,4.02,0.05999999999999961,pp,,1.0
20221031,UST10Y,4.1,0.08000000000000007,pp,,3.0
20221101,UST10Y,4.07,-0.02999999999999936,pp,,1.0
20221102,UST10Y,4.1,0.02999999999999936,pp,,1.0
20221103,UST10Y,4.14,0.040000000000000036,pp,,1.0
20221104,UST10Y,4.17,0.03000000000000025,pp,,1.0
20221107,UST10Y,4.22,0.04999999999999982,pp,,3.0
20221108,UST10Y,4.14,-0.08000000000000007,pp,,1.0
20221109,UST10Y,4.12,-0.019999999999999574,pp,,1.0
20221110,UST10Y,3.82,-0.30000000000000027,pp,,1.0
20221114,UST10Y,3.88,0.06000000000000005,pp,,4.0
20221115,UST10Y,3.8,-0.08000000000000007,pp,,1.0
20221116,UST10Y,3.67,-0.1299999999999999,pp,,1.0
20221117,UST10Y,3.77,0.10000000000000009,pp,,1.0
20221118,UST10Y,3.82,0.04999999999999982,pp,,1.0
20221121,UST10Y,3.83,0.010000000000000231,pp,,3.0
20221122,UST10Y,3.76,-0.07000000000000028,pp,,1.0
20221123,UST10Y,3.71,-0.04999999999999982,pp,,1.0
20221125,UST10Y,3.68,-0.029999999999999805,pp,,2.0
20221128,UST10Y,3.69,0.009999999999999787,pp,,3.0
20221129,UST10Y,3.75,0.06000000000000005,pp,,1.0
20221130,UST10Y,3.68,-0.06999999999999984,pp,,1.0
20221201,UST10Y,3.53,-0.15000000000000036,pp,,1.0
20221202,UST10Y,3.51,-0.020000000000000018,pp,,1.0
20221205,UST10Y,3.6,0.0900000000000003,pp,,3.0
20221206,UST10Y,3.51,-0.0900000000000003,pp,,1.0
20221207,UST10Y,3.42,-0.08999999999999986,pp,,1.0
20221208,UST10Y,3.48,0.06000000000000005,pp,,1.0
20221209,UST10Y,3.57,0.08999999999999986,pp,,1.0
20221212,UST10Y,3.61,0.040000000000000036,pp,,3.0
20221213,UST10Y,3.51,-0.10000000000000009,pp,,1.0
20221214,UST10Y,3.49,-0.019999999999999574,pp,,1.0
20221215,UST10Y,3.44,-0.050000000000000266,pp,,1.0
20221216,UST10Y,3.48,0.040000000000000036,pp,,1.0
20221219,UST10Y,3.57,0.08999999999999986,pp,,3.0
20221220,UST10Y,3.69,0.1200000000000001,pp,,1.0
20221221,UST10Y,3.68,-0.009999999999999787,pp,,1.0
20221222,UST10Y,3.67,-0.010000000000000231,pp,,1.0
20221223,UST10Y,3.75,0.08000000000000007,pp,,1.0
20221227,UST10Y,3.84,0.08999999999999986,pp,,4.0
20221228,UST10Y,3.88,0.040000000000000036,pp,,1.0
20221229,UST10Y,3.83,-0.04999999999999982,pp,,1.0
20221230,UST10Y,3.88,0.04999999999999982,pp,,1.0
20230103,UST10Y,3.79,-0.08999999999999986,pp,,4.0
20230104,UST10Y,3.69,-0.10000000000000009,pp,,1.0
20230105,UST10Y,3.71,0.020000000000000018,pp,,1.0
20230106,UST10Y,3.55,-0.16000000000000014,pp,,1.0
20230109,UST10Y,3.53,-0.020000000000000018,pp,,3.0
20230110,UST10Y,3.61,0.08000000000000007,pp,,1.0
20230111,UST10Y,3.54,-0.06999999999999984,pp,,1.0
20230112,UST10Y,3.43,-0.10999999999999988,pp,,1.0
20230113,UST10Y,3.49,0.06000000000000005,pp,,1.0
20230117,UST10Y,3.53,0.03999999999999959,pp,,4.0
20230118,UST10Y,3.37,-0.1599999999999997,pp,,1.0
20230119,UST10Y,3.39,0.020000000000000018,pp,,1.0
20230120,UST10Y,3.48,0.08999999999999986,pp,,1.0
20230123,UST10Y,3.52,0.040000000000000036,pp,,3.0
20230124,UST10Y,3.46,-0.06000000000000005,pp,,1.0
20230125,UST10Y,3.46,0.0,pp,,1.0
20230126,UST10Y,3.49,0.03000000000000025,pp,,1.0
20230127,UST10Y,3.52,0.029999999999999805,pp,,1.0
20230130,UST10Y,3.55,0.029999999999999805,pp,,3.0
20230131,UST10Y,3.52,-0.029999999999999805,pp,,1.0
20230201,UST10Y,3.39,-0.1299999999999999,pp,,1.0
20230202,UST10Y,3.4,0.009999999999999787,pp,,1.0
20230203,UST10Y,3.53,0.1299999999999999,pp,,1.0
20230206,UST10Y,3.63,0.10000000000000009,pp,,3.0
20230207,UST10Y,3.67,0.040000000000000036,pp,,1.0
20230208,UST10Y,3.63,-0.040000000000000036,pp,,1.0
20230209,UST10Y,3.67,0.040000000000000036,pp,,1.0
20230210,UST10Y,3.74,0.07000000000000028,pp,,1.0
20230213,UST10Y,3.72,-0.020000000000000018,pp,,3.0
20230214,UST10Y,3.77,0.04999999999999982,pp,,1.0
20230215,UST10Y,3.81,0.040000000000000036,pp,,1.0
20230216,UST10Y,3.86,0.04999999999999982,pp,,1.0
20230217,UST10Y,3.82,-0.040000000000000036,pp,,1.0
20230221,UST10Y,3.95,0.13000000000000034,pp,,4.0
20230222,UST10Y,3.93,-0.020000000000000018,pp,,1.0
20230223,UST10Y,3.88,-0.050000000000000266,pp,,1.0
20230224,UST10Y,3.95,0.07000000000000028,pp,,1.0
20230227,UST10Y,3.92,-0.03000000000000025,pp,,3.0
20230228,UST10Y,3.92,0.0,pp,,1.0
20230301,UST10Y,4.01,0.08999999999999986,pp,,1.0
20230302,UST10Y,4.08,0.07000000000000028,pp,,1.0
20230303,UST10Y,3.97,-0.10999999999999988,pp,,1.0
20230306,UST10Y,3.98,0.009999999999999787,pp,,3.0
20230307,UST10Y,3.97,-0.009999999999999787,pp,,1.0
20230308,UST10Y,3.98,0.009999999999999787,pp,,1.0
20230309,UST10Y,3.93,-0.04999999999999982,pp,,1.0
20230310,UST10Y,3.7,-0.22999999999999998,pp,,1.0
20230313,UST10Y,3.55,-0.15000000000000036,pp,,3.0
20230314,UST10Y,3.64,0.0900000000000003,pp,,1.0
20230315,UST10Y,3.51,-0.13000000000000034,pp,,1.0
20230316,UST10Y,3.56,0.050000000000000266,pp,,1.0
20230317,UST10Y,3.39,-0.16999999999999993,pp,,1.0
20230320,UST10Y,3.47,0.08000000000000007,pp,,3.0
20230321,UST10Y,3.59,0.11999999999999966,pp,,1.0
20230322,UST10Y,3.48,-0.10999999999999988,pp,,1.0
20230323,UST10Y,3.38,-0.10000000000000009,pp,,1.0
20230324,UST10Y,3.38,0.0,pp,,1.0
20230327,UST10Y,3.53,0.1499999999999999,pp,,3.0
20230328,UST10Y,3.55,0.020000000000000018,pp,,1.0
20230329,UST10Y,3.57,0.020000000000000018,pp,,1.0
20230330,UST10Y,3.55,-0.020000000000000018,pp,,1.0
20230331,UST10Y,3.48,-0.06999999999999984,pp,,1.0
20230403,UST10Y,3.43,-0.04999999999999982,pp,,3.0
20230404,UST10Y,3.35,-0.08000000000000007,pp,,1.0
20230405,UST10Y,3.3,-0.050000000000000266,pp,,1.0
20230406,UST10Y,3.3,0.0,pp,,1.0
20230407,UST10Y,3.39,0.0900000000000003,pp,,1.0
20230410,UST10Y,3.41,0.020000000000000018,pp,,3.0
20230411,UST10Y,3.43,0.020000000000000018,pp,,1.0
20230412,UST10Y,3.41,-0.020000000000000018,pp,,1.0
20230413,UST10Y,3.45,0.040000000000000036,pp,,1.0
20230414,UST10Y,3.52,0.06999999999999984,pp,,1.0
20230417,UST10Y,3.6,0.08000000000000007,pp,,3.0
20230418,UST10Y,3.58,-0.020000000000000018,pp,,1.0
20230419,UST10Y,3.6,0.020000000000000018,pp,,1.0
20230420,UST10Y,3.54,-0.06000000000000005,pp,,1.0
20230421,UST10Y,3.57,0.029999999999999805,pp,,1.0
20230424,UST10Y,3.52,-0.04999999999999982,pp,,3.0
20230425,UST10Y,3.4,-0.1200000000000001,pp,,1.0
20230426,UST10Y,3.43,0.03000000000000025,pp,,1.0
20230427,UST10Y,3.53,0.09999999999999964,pp,,1.0
20230428,UST10Y,3.44,-0.08999999999999986,pp,,1.0
20230501,UST10Y,3.59,0.1499999999999999,pp,,3.0
20230502,UST10Y,3.44,-0.1499999999999999,pp,,1.0
20230503,UST10Y,3.38,-0.06000000000000005,pp,,1.0
20230504,UST10Y,3.37,-0.009999999999999787,pp,,1.0
20230505,UST10Y,3.44,0.06999999999999984,pp,,1.0
20230508,UST10Y,3.52,0.08000000000000007,pp,,3.0
20230509,UST10Y,3.53,0.009999999999999787,pp,,1.0
20230510,UST10Y,3.43,-0.09999999999999964,pp,,1.0
20230511,UST10Y,3.39,-0.040000000000000036,pp,,1.0
20230512,UST10Y,3.46,0.06999999999999984,pp,,1.0
20230515,UST10Y,3.5,0.040000000000000036,pp,,3.0
20230516,UST10Y,3.54,0.040000000000000036,pp,,1.0
20230517,UST10Y,3.57,0.029999999999999805,pp,,1.0
20230518,UST10Y,3.65,0.08000000000000007,pp,,1.0
20230519,UST10Y,3.7,0.050000000000000266,pp,,1.0
20230522,UST10Y,3.72,0.020000000000000018,pp,,3.0
20230523,UST10Y,3.7,-0.020000000000000018,pp,,1.0
20230524,UST10Y,3.73,0.029999999999999805,pp,,1.0
20230525,UST10Y,3.83,0.10000000000000009,pp,,1.0
20230526,UST10Y,3.8,-0.03000000000000025,pp,,1.0
20230530,UST10Y,3.69,-0.10999999999999988,pp,,4.0
20230531,UST10Y,3.64,-0.04999999999999982,pp,,1.0
20230601,UST10Y,3.61,-0.03000000000000025,pp,,1.0
20230602,UST10Y,3.69,0.08000000000000007,pp,,1.0
20230605,UST10Y,3.69,0.0,pp,,3.0
20230606,UST10Y,3.7,0.010000000000000231,pp,,1.0
20230607,UST10Y,3.79,0.08999999999999986,pp,,1.0
20230608,UST10Y,3.73,-0.06000000000000005,pp,,1.0
20230609,UST10Y,3.75,0.020000000000000018,pp,,1.0
20230612,UST10Y,3.73,-0.020000000000000018,pp,,3.0
20230613,UST10Y,3.84,0.10999999999999988,pp,,1.0
20230614,UST10Y,3.83,-0.009999999999999787,pp,,1.0
20230615,UST10Y,3.72,-0.10999999999999988,pp,,1.0
20230616,UST10Y,3.77,0.04999999999999982,pp,,1.0
20230620,UST10Y,3.74,-0.029999999999999805,pp,,4.0
20230621,UST10Y,3.72,-0.020000000000000018,pp,,1.0
20230622,UST10Y,3.8,0.07999999999999963,pp,,1.0
20230623,UST10Y,3.74,-0.05999999999999961,pp,,1.0
20230626,UST10Y,3.72,-0.020000000000000018,pp,,3.0
20230627,UST10Y,3.77,0.04999999999999982,pp,,1.0
20230628,UST10Y,3.71,-0.06000000000000005,pp,,1.0
20230629,UST10Y,3.85,0.14000000000000012,pp,,1.0
20230630,UST10Y,3.81,-0.040000000000000036,pp,,1.0
20230703,UST10Y,3.86,0.04999999999999982,pp,,3.0
20230705,UST10Y,3.95,0.0900000000000003,pp,,2.0
20230706,UST10Y,4.05,0.09999999999999964,pp,,1.0
20230707,UST10Y,4.06,0.009999999999999787,pp,,1.0
20230710,UST10Y,4.01,-0.04999999999999982,pp,,3.0
20230711,UST10Y,3.99,-0.019999999999999574,pp,,1.0
20230712,UST10Y,3.86,-0.13000000000000034,pp,,1.0
20230713,UST10Y,3.76,-0.10000000000000009,pp,,1.0
20230714,UST10Y,3.83,0.07000000000000028,pp,,1.0
20230717,UST10Y,3.81,-0.020000000000000018,pp,,3.0
20230718,UST10Y,3.8,-0.010000000000000231,pp,,1.0
20230719,UST10Y,3.75,-0.04999999999999982,pp,,1.0
20230720,UST10Y,3.85,0.10000000000000009,pp,,1.0
20230721,UST10Y,3.84,-0.010000000000000231,pp,,1.0
20230724,UST10Y,3.86,0.020000000000000018,pp,,3.0
20230725,UST10Y,3.91,0.050000000000000266,pp,,1.0
20230726,UST10Y,3.86,-0.050000000000000266,pp,,1.0
20230727,UST10Y,4.01,0.1499999999999999,pp,,1.0
20230728,UST10Y,3.96,-0.04999999999999982,pp,,1.0
20230731,UST10Y,3.97,0.010000000000000231,pp,,3.0
20230801,UST10Y,4.05,0.07999999999999963,pp,,1.0
20230802,UST10Y,4.08,0.03000000000000025,pp,,1.0
20230803,UST10Y,4.2,0.1200000000000001,pp,,1.0
20230804,UST10Y,4.05,-0.15000000000000036,pp,,1.0
20230807,UST10Y,4.09,0.040000000000000036,pp,,3.0
20230808,UST10Y,4.02,-0.07000000000000028,pp,,1.0
20230809,UST10Y,4.0,-0.019999999999999574,pp,,1.0
20230810,UST10Y,4.09,0.08999999999999986,pp,,1.0
20230811,UST10Y,4.16,0.07000000000000028,pp,,1.0
20230814,UST10Y,4.19,0.03000000000000025,pp,,3.0
20230815,UST10Y,4.21,0.019999999999999574,pp,,1.0
20230816,UST10Y,4.28,0.07000000000000028,pp,,1.0
20230817,UST10Y,4.3,0.019999999999999574,pp,,1.0
20230818,UST10Y,4.26,-0.040000000000000036,pp,,1.0
20230821,UST10Y,4.34,0.08000000000000007,pp,,3.0
20230822,UST10Y,4.34,0.0,pp,,1.0
20230823,UST10Y,4.19,-0.14999999999999947,pp,,1.0
20230824,UST10Y,4.23,0.040000000000000036,pp,,1.0
20230825,UST10Y,4.25,0.019999999999999574,pp,,1.0
20230828,UST10Y,4.2,-0.04999999999999982,pp,,3.0
20230829,UST10Y,4.12,-0.08000000000000007,pp,,1.0
20230830,UST10Y,4.12,0.0,pp,,1.0
20230831,UST10Y,4.09,-0.03000000000000025,pp,,1.0
20230901,UST10Y,4.18,0.08999999999999986,pp,,1.0
20230905,UST10Y,4.27,0.08999999999999986,pp,,4.0
20230906,UST10Y,4.3,0.03000000000000025,pp,,1.0
20230907,UST10Y,4.27,-0.03000000000000025,pp,,1.0
20230908,UST10Y,4.26,-0.009999999999999787,pp,,1.0
20230911,UST10Y,4.29,0.03000000000000025,pp,,3.0
20230912,UST10Y,4.27,-0.020000000000000462,pp,,1.0
20230913,UST10Y,4.25,-0.019999999999999574,pp,,1.0
20230914,UST10Y,4.29,0.040000000000000036,pp,,1.0
20230915,UST10Y,4.33,0.040000000000000036,pp,,1.0
20230918,UST10Y,4.32,-0.009999999999999787,pp,,3.0
20230919,UST10Y,4.37,0.04999999999999982,pp,,1.0
20230920,UST10Y,4.35,-0.020000000000000462,pp,,1.0
20230921,UST10Y,4.49,0.14000000000000057,pp,,1.0
20230922,UST10Y,4.44,-0.04999999999999982,pp,,1.0
20230925,UST10Y,4.55,0.10999999999999943,pp,,3.0
20230926,UST10Y,4.56,0.009999999999999787,pp,,1.0
20230927,UST10Y,4.61,0.05000000000000071,pp,,1.0
20230928,UST10Y,4.59,-0.020000000000000462,pp,,1.0
20230929,UST10Y,4.59,0.0,pp,,1.0
20231002,UST10Y,4.69,0.10000000000000053,pp,,3.0
20231003,UST10Y,4.81,0.11999999999999922,pp,,1.0
20231004,UST10Y,4.73,-0.07999999999999918,pp,,1.0
20231005,UST10Y,4.72,-0.010000000000000675,pp,,1.0
20231006,UST10Y,4.78,0.0600000000000005,pp,,1.0
20231010,UST10Y,4.66,-0.1200000000000001,pp,,4.0
20231011,UST10Y,4.58,-0.08000000000000007,pp,,1.0
20231012,UST10Y,4.7,0.1200000000000001,pp,,1.0
20231013,UST10Y,4.63,-0.07000000000000028,pp,,1.0
20231016,UST10Y,4.71,0.08000000000000007,pp,,3.0
20231017,UST10Y,4.83,0.1200000000000001,pp,,1.0
20231018,UST10Y,4.91,0.08000000000000007,pp,,1.0
20231019,UST10Y,4.98,0.07000000000000028,pp,,1.0
20231020,UST10Y,4.93,-0.05000000000000071,pp,,1.0
20231023,UST10Y,4.86,-0.0699999999999994,pp,,3.0
20231024,UST10Y,4.83,-0.03000000000000025,pp,,1.0
20231025,UST10Y,4.95,0.1200000000000001,pp,,1.0
20231026,UST10Y,4.86,-0.08999999999999986,pp,,1.0
20231027,UST10Y,4.84,-0.020000000000000462,pp,,1.0
20231030,UST10Y,4.88,0.040000000000000036,pp,,3.0
20231031,UST10Y,4.88,0.0,pp,,1.0
20231101,UST10Y,4.77,-0.11000000000000032,pp,,1.0
20231102,UST10Y,4.67,-0.09999999999999964,pp,,1.0
20231103,UST10Y,4.57,-0.09999999999999964,pp,,1.0
20231106,UST10Y,4.67,0.09999999999999964,pp,,3.0
20231107,UST10Y,4.58,-0.08999999999999986,pp,,1.0
20231108,UST10Y,4.49,-0.08999999999999986,pp,,1.0
20231109,UST10Y,4.62,0.1299999999999999,pp,,1.0
20231110,UST10Y,4.61,-0.009999999999999787,pp,,1.0
20231113,UST10Y,4.63,0.019999999999999574,pp,,3.0
20231114,UST10Y,4.44,-0.1899999999999995,pp,,1.0
20231115,UST10Y,4.53,0.08999999999999986,pp,,1.0
20231116,UST10Y,4.45,-0.08000000000000007,pp,,1.0
20231117,UST10Y,4.44,-0.009999999999999787,pp,,1.0
20231120,UST10Y,4.42,-0.020000000000000462,pp,,3.0
20231121,UST10Y,4.41,-0.009999999999999787,pp,,1.0
20231122,UST10Y,4.42,0.009999999999999787,pp,,1.0
20231124,UST10Y,4.47,0.04999999999999982,pp,,2.0
20231127,UST10Y,4.39,-0.08000000000000007,pp,,3.0
20231128,UST10Y,4.34,-0.04999999999999982,pp,,1.0
20231129,UST10Y,4.27,-0.07000000000000028,pp,,1.0
20231130,UST10Y,4.37,0.10000000000000053,pp,,1.0
20231201,UST10Y,4.22,-0.15000000000000036,pp,,1.0
20231204,UST10Y,4.28,0.0600000000000005,pp,,3.0
20231205,UST10Y,4.18,-0.10000000000000053,pp,,1.0
20231206,UST10Y,4.12,-0.05999999999999961,pp,,1.0
20231207,UST10Y,4.14,0.019999999999999574,pp,,1.0
20231208,UST10Y,4.23,0.09000000000000075,pp,,1.0
20231211,UST10Y,4.23,0.0,pp,,3.0
20231212,UST10Y,4.2,-0.03000000000000025,pp,,1.0
20231213,UST10Y,4.04,-0.16000000000000014,pp,,1.0
20231214,UST10Y,3.92,-0.1200000000000001,pp,,1.0
20231215,UST10Y,3.91,-0.009999999999999787,pp,,1.0
20231218,UST10Y,3.95,0.040000000000000036,pp,,3.0
20231219,UST10Y,3.93,-0.020000000000000018,pp,,1.0
20231220,UST10Y,3.86,-0.07000000000000028,pp,,1.0
20231221,UST10Y,3.89,0.03000000000000025,pp,,1.0
20231222,UST10Y,3.9,0.009999999999999787,pp,,1.0
20231226,UST10Y,3.89,-0.009999999999999787,pp,,4.0
20231227,UST10Y,3.79,-0.10000000000000009,pp,,1.0
20231228,UST10Y,3.84,0.04999999999999982,pp,,1.0
20231229,UST10Y,3.88,0.040000000000000036,pp,,1.0
20240102,UST10Y,3.95,0.07000000000000028,pp,,4.0
20240103,UST10Y,3.91,-0.040000000000000036,pp,,1.0
20240104,UST10Y,3.99,0.08000000000000007,pp,,1.0
20240105,UST10Y,4.05,0.05999999999999961,pp,,1.0
20240108,UST10Y,4.01,-0.040000000000000036,pp,,3.0
20240109,UST10Y,4.02,0.009999999999999787,pp,,1.0
20240110,UST10Y,4.04,0.020000000000000462,pp,,1.0
20240111,UST10Y,3.98,-0.06000000000000005,pp,,1.0
20240112,UST10Y,3.96,-0.020000000000000018,pp,,1.0
20240116,UST10Y,4.07,0.11000000000000032,pp,,4.0
20240117,UST10Y,4.1,0.02999999999999936,pp,,1.0
20240118,UST10Y,4.14,0.040000000000000036,pp,,1.0
20240119,UST10Y,4.15,0.010000000000000675,pp,,1.0
20240122,UST10Y,4.11,-0.040000000000000036,pp,,3.0
20240123,UST10Y,4.14,0.02999999999999936,pp,,1.0
20240124,UST10Y,4.18,0.040000000000000036,pp,,1.0
20240125,UST10Y,4.14,-0.040000000000000036,pp,,1.0
20240126,UST10Y,4.15,0.010000000000000675,pp,,1.0
20240129,UST10Y,4.08,-0.07000000000000028,pp,,3.0
20240130,UST10Y,4.06,-0.020000000000000462,pp,,1.0
20240131,UST10Y,3.99,-0.0699999999999994,pp,,1.0
20240201,UST10Y,3.87,-0.1200000000000001,pp,,1.0
20240202,UST10Y,4.03,0.16000000000000014,pp,,1.0
20240205,UST10Y,4.17,0.13999999999999968,pp,,3.0
20240206,UST10Y,4.09,-0.08000000000000007,pp,,1.0
20240207,UST10Y,4.09,0.0,pp,,1.0
20240208,UST10Y,4.15,0.0600000000000005,pp,,1.0
20240209,UST10Y,4.17,0.019999999999999574,pp,,1.0
20240212,UST10Y,4.17,0.0,pp,,3.0
20240213,UST10Y,4.31,0.13999999999999968,pp,,1.0
20240214,UST10Y,4.27,-0.040000000000000036,pp,,1.0
20240215,UST10Y,4.24,-0.02999999999999936,pp,,1.0
20240216,UST10Y,4.3,0.05999999999999961,pp,,1.0
20240220,UST10Y,4.27,-0.03000000000000025,pp,,4.0
20240221,UST10Y,4.32,0.05000000000000071,pp,,1.0
20240222,UST10Y,4.33,0.009999999999999787,pp,,1.0
20240223,UST10Y,4.26,-0.07000000000000028,pp,,1.0
20240226,UST10Y,4.28,0.020000000000000462,pp,,3.0
20240227,UST10Y,4.31,0.02999999999999936,pp,,1.0
20240228,UST10Y,4.27,-0.040000000000000036,pp,,1.0
20240229,UST10Y,4.25,-0.019999999999999574,pp,,1.0
20240301,UST10Y,4.19,-0.05999999999999961,pp,,1.0
20240304,UST10Y,4.22,0.02999999999999936,pp,,3.0
20240305,UST10Y,4.13,-0.08999999999999986,pp,,1.0
20240306,UST10Y,4.11,-0.019999999999999574,pp,,1.0
20240307,UST10Y,4.09,-0.020000000000000462,pp,,1.0
20240308,UST10Y,4.09,0.0,pp,,1.0
20240311,UST10Y,4.1,0.009999999999999787,pp,,3.0
20240312,UST10Y,4.16,0.0600000000000005,pp,,1.0
20240313,UST10Y,4.19,0.03000000000000025,pp,,1.0
20240314,UST10Y,4.29,0.09999999999999964,pp,,1.0
20240315,UST10Y,4.31,0.019999999999999574,pp,,1.0
20240318,UST10Y,4.34,0.03000000000000025,pp,,3.0
20240319,UST10Y,4.3,-0.040000000000000036,pp,,1.0
20240320,UST10Y,4.27,-0.03000000000000025,pp,,1.0
20240321,UST10Y,4.27,0.0,pp,,1.0
20240322,UST10Y,4.22,-0.04999999999999982,pp,,1.0
20240325,UST10Y,4.25,0.03000000000000025,pp,,3.0
20240326,UST10Y,4.24,-0.009999999999999787,pp,,1.0
20240327,UST10Y,4.2,-0.040000000000000036,pp,,1.0
20240328,UST10Y,4.2,0.0,pp,,1.0
20240401,UST10Y,4.33,0.1299999999999999,pp,,4.0
20240402,UST10Y,4.36,0.03000000000000025,pp,,1.0
20240403,UST10Y,4.36,0.0,pp,,1.0
20240404,UST10Y,4.31,-0.05000000000000071,pp,,1.0
20240405,UST10Y,4.39,0.08000000000000007,pp,,1.0
20240408,UST10Y,4.42,0.03000000000000025,pp,,3.0
20240409,UST10Y,4.36,-0.05999999999999961,pp,,1.0
20240410,UST10Y,4.55,0.1899999999999995,pp,,1.0
20240411,UST10Y,4.56,0.009999999999999787,pp,,1.0
20240412,UST10Y,4.5,-0.05999999999999961,pp,,1.0
20240415,UST10Y,4.63,0.1299999999999999,pp,,3.0
20240416,UST10Y,4.67,0.040000000000000036,pp,,1.0
20240417,UST10Y,4.59,-0.08000000000000007,pp,,1.0
20240418,UST10Y,4.64,0.04999999999999982,pp,,1.0
20240419,UST10Y,4.62,-0.019999999999999574,pp,,1.0
20240422,UST10Y,4.62,0.0,pp,,3.0
20240423,UST10Y,4.61,-0.009999999999999787,pp,,1.0
20240424,UST10Y,4.65,0.040000000000000036,pp,,1.0
20240425,UST10Y,4.7,0.04999999999999982,pp,,1.0
20240426,UST10Y,4.67,-0.03000000000000025,pp,,1.0
20240429,UST10Y,4.63,-0.040000000000000036,pp,,3.0
20240430,UST10Y,4.69,0.0600000000000005,pp,,1.0
20240501,UST10Y,4.63,-0.0600000000000005,pp,,1.0
20240502,UST10Y,4.58,-0.04999999999999982,pp,,1.0
20240503,UST10Y,4.5,-0.08000000000000007,pp,,1.0
20240506,UST10Y,4.49,-0.009999999999999787,pp,,3.0
20240507,UST10Y,4.47,-0.020000000000000462,pp,,1.0
20240508,UST10Y,4.48,0.010000000000000675,pp,,1.0
20240509,UST10Y,4.45,-0.03000000000000025,pp,,1.0
20240510,UST10Y,4.5,0.04999999999999982,pp,,1.0
20240513,UST10Y,4.48,-0.019999999999999574,pp,,3.0
20240514,UST10Y,4.45,-0.03000000000000025,pp,,1.0
20240515,UST10Y,4.36,-0.08999999999999986,pp,,1.0
20240516,UST10Y,4.38,0.019999999999999574,pp,,1.0
20240517,UST10Y,4.42,0.040000000000000036,pp,,1.0
20240520,UST10Y,4.44,0.020000000000000462,pp,,3.0
20240521,UST10Y,4.41,-0.03000000000000025,pp,,1.0
20240522,UST10Y,4.43,0.019999999999999574,pp,,1.0
20240523,UST10Y,4.47,0.040000000000000036,pp,,1.0
20240524,UST10Y,4.46,-0.009999999999999787,pp,,1.0
20240528,UST10Y,4.54,0.08000000000000007,pp,,4.0
20240529,UST10Y,4.61,0.07000000000000028,pp,,1.0
20240530,UST10Y,4.55,-0.0600000000000005,pp,,1.0
20240531,UST10Y,4.51,-0.040000000000000036,pp,,1.0
20240603,UST10Y,4.41,-0.09999999999999964,pp,,3.0
20240604,UST10Y,4.33,-0.08000000000000007,pp,,1.0
20240605,UST10Y,4.29,-0.040000000000000036,pp,,1.0
20240606,UST10Y,4.28,-0.009999999999999787,pp,,1.0
20240607,UST10Y,4.43,0.14999999999999947,pp,,1.0
20240610,UST10Y,4.47,0.040000000000000036,pp,,3.0
20240611,UST10Y,4.39,-0.08000000000000007,pp,,1.0
20240612,UST10Y,4.31,-0.08000000000000007,pp,,1.0
20240613,UST10Y,4.24,-0.0699999999999994,pp,,1.0
20240614,UST10Y,4.2,-0.040000000000000036,pp,,1.0
20240617,UST10Y,4.28,0.08000000000000007,pp,,3.0
20240618,UST10Y,4.22,-0.0600000000000005,pp,,1.0
20240620,UST10Y,4.25,0.03000000000000025,pp,,2.0
20240621,UST10Y,4.25,0.0,pp,,1.0
20240624,UST10Y,4.25,0.0,pp,,3.0
20240625,UST10Y,4.23,-0.019999999999999574,pp,,1.0
20240626,UST10Y,4.32,0.08999999999999986,pp,,1.0
20240627,UST10Y,4.29,-0.03000000000000025,pp,,1.0
20240628,UST10Y,4.36,0.07000000000000028,pp,,1.0
20240701,UST10Y,4.48,0.1200000000000001,pp,,3.0
20240702,UST10Y,4.43,-0.05000000000000071,pp,,1.0
20240703,UST10Y,4.36,-0.0699999999999994,pp,,1.0
20240705,UST10Y,4.28,-0.08000000000000007,pp,,2.0
20240708,UST10Y,4.28,0.0,pp,,3.0
20240709,UST10Y,4.3,0.019999999999999574,pp,,1.0
20240710,UST10Y,4.28,-0.019999999999999574,pp,,1.0
20240711,UST10Y,4.2,-0.08000000000000007,pp,,1.0
20240712,UST10Y,4.18,-0.020000000000000462,pp,,1.0
20240715,UST10Y,4.23,0.05000000000000071,pp,,3.0
20240716,UST10Y,4.17,-0.0600000000000005,pp,,1.0
20240717,UST10Y,4.16,-0.009999999999999787,pp,,1.0
20240718,UST10Y,4.2,0.040000000000000036,pp,,1.0
20240719,UST10Y,4.25,0.04999999999999982,pp,,1.0
20240722,UST10Y,4.26,0.009999999999999787,pp,,3.0
20240723,UST10Y,4.25,-0.009999999999999787,pp,,1.0
20240724,UST10Y,4.28,0.03000000000000025,pp,,1.0
20240725,UST10Y,4.27,-0.010000000000000675,pp,,1.0
20240726,UST10Y,4.2,-0.0699999999999994,pp,,1.0
20240729,UST10Y,4.17,-0.03000000000000025,pp,,3.0
20240730,UST10Y,4.15,-0.019999999999999574,pp,,1.0
20240731,UST10Y,4.09,-0.0600000000000005,pp,,1.0
20240801,UST10Y,3.99,-0.09999999999999964,pp,,1.0
20240802,UST10Y,3.8,-0.1900000000000004,pp,,1.0
20240805,UST10Y,3.78,-0.020000000000000018,pp,,3.0
20240806,UST10Y,3.9,0.1200000000000001,pp,,1.0
20240807,UST10Y,3.96,0.06000000000000005,pp,,1.0
20240808,UST10Y,3.99,0.03000000000000025,pp,,1.0
20240809,UST10Y,3.94,-0.050000000000000266,pp,,1.0
20240812,UST10Y,3.9,-0.040000000000000036,pp,,3.0
20240813,UST10Y,3.85,-0.04999999999999982,pp,,1.0
20240814,UST10Y,3.83,-0.020000000000000018,pp,,1.0
20240815,UST10Y,3.92,0.08999999999999986,pp,,1.0
20240816,UST10Y,3.89,-0.029999999999999805,pp,,1.0
20240819,UST10Y,3.86,-0.03000000000000025,pp,,3.0
20240820,UST10Y,3.82,-0.040000000000000036,pp,,1.0
20240821,UST10Y,3.79,-0.029999999999999805,pp,,1.0
20240822,UST10Y,3.86,0.06999999999999984,pp,,1.0
20240823,UST10Y,3.81,-0.04999999999999982,pp,,1.0
20240826,UST10Y,3.82,0.009999999999999787,pp,,3.0
20240827,UST10Y,3.83,0.010000000000000231,pp,,1.0
20240828,UST10Y,3.84,0.009999999999999787,pp,,1.0
20240829,UST10Y,3.87,0.03000000000000025,pp,,1.0
20240830,UST10Y,3.91,0.040000000000000036,pp,,1.0
20240903,UST10Y,3.84,-0.07000000000000028,pp,,4.0
20240904,UST10Y,3.77,-0.06999999999999984,pp,,1.0
20240905,UST10Y,3.73,-0.040000000000000036,pp,,1.0
20240906,UST10Y,3.72,-0.009999999999999787,pp,,1.0
20240909,UST10Y,3.7,-0.020000000000000018,pp,,3.0
20240910,UST10Y,3.65,-0.050000000000000266,pp,,1.0
20240911,UST10Y,3.65,0.0,pp,,1.0
20240912,UST10Y,3.68,0.03000000000000025,pp,,1.0
20240913,UST10Y,3.66,-0.020000000000000018,pp,,1.0
20240916,UST10Y,3.63,-0.03000000000000025,pp,,3.0
20240917,UST10Y,3.65,0.020000000000000018,pp,,1.0
20240918,UST10Y,3.7,0.050000000000000266,pp,,1.0
20240919,UST10Y,3.73,0.029999999999999805,pp,,1.0
20240920,UST10Y,3.73,0.0,pp,,1.0
20240923,UST10Y,3.75,0.020000000000000018,pp,,3.0
20240924,UST10Y,3.74,-0.009999999999999787,pp,,1.0
20240925,UST10Y,3.79,0.04999999999999982,pp,,1.0
20240926,UST10Y,3.79,0.0,pp,,1.0
20240927,UST10Y,3.75,-0.040000000000000036,pp,,1.0
20240930,UST10Y,3.81,0.06000000000000005,pp,,3.0
20241001,UST10Y,3.74,-0.06999999999999984,pp,,1.0
20241002,UST10Y,3.79,0.04999999999999982,pp,,1.0
20241003,UST10Y,3.85,0.06000000000000005,pp,,1.0
20241004,UST10Y,3.98,0.1299999999999999,pp,,1.0
20241007,UST10Y,4.03,0.050000000000000266,pp,,3.0
20241008,UST10Y,4.04,0.009999999999999787,pp,,1.0
20241009,UST10Y,4.06,0.019999999999999574,pp,,1.0
20241010,UST10Y,4.09,0.03000000000000025,pp,,1.0
20241011,UST10Y,4.08,-0.009999999999999787,pp,,1.0
20241015,UST10Y,4.03,-0.04999999999999982,pp,,4.0
20241016,UST10Y,4.02,-0.010000000000000675,pp,,1.0
20241017,UST10Y,4.09,0.07000000000000028,pp,,1.0
20241018,UST10Y,4.08,-0.009999999999999787,pp,,1.0
20241021,UST10Y,4.19,0.11000000000000032,pp,,3.0
20241022,UST10Y,4.2,0.009999999999999787,pp,,1.0
20241023,UST10Y,4.24,0.040000000000000036,pp,,1.0
20241024,UST10Y,4.21,-0.03000000000000025,pp,,1.0
20241025,UST10Y,4.25,0.040000000000000036,pp,,1.0
20241028,UST10Y,4.28,0.03000000000000025,pp,,3.0
20241029,UST10Y,4.28,0.0,pp,,1.0
20241030,UST10Y,4.29,0.009999999999999787,pp,,1.0
20241031,UST10Y,4.28,-0.009999999999999787,pp,,1.0
20241101,UST10Y,4.37,0.08999999999999986,pp,,1.0
20241104,UST10Y,4.31,-0.0600000000000005,pp,,3.0
20241105,UST10Y,4.26,-0.04999999999999982,pp,,1.0
20241106,UST10Y,4.42,0.16000000000000014,pp,,1.0
20241107,UST10Y,4.31,-0.11000000000000032,pp,,1.0
20241108,UST10Y,4.3,-0.009999999999999787,pp,,1.0
20241112,UST10Y,4.43,0.1299999999999999,pp,,4.0
20241113,UST10Y,4.44,0.010000000000000675,pp,,1.0
20241114,UST10Y,4.43,-0.010000000000000675,pp,,1.0
20241115,UST10Y,4.43,0.0,pp,,1.0
20241118,UST10Y,4.42,-0.009999999999999787,pp,,3.0
20241119,UST10Y,4.39,-0.03000000000000025,pp,,1.0
20241120,UST10Y,4.41,0.020000000000000462,pp,,1.0
20241121,UST10Y,4.43,0.019999999999999574,pp,,1.0
20241122,UST10Y,4.41,-0.019999999999999574,pp,,1.0
20241125,UST10Y,4.27,-0.14000000000000057,pp,,3.0
20241126,UST10Y,4.3,0.03000000000000025,pp,,1.0
20241127,UST10Y,4.25,-0.04999999999999982,pp,,1.0
20241129,UST10Y,4.18,-0.07000000000000028,pp,,2.0
20241202,UST10Y,4.19,0.010000000000000675,pp,,3.0
20241203,UST10Y,4.23,0.040000000000000036,pp,,1.0
20241204,UST10Y,4.19,-0.040000000000000036,pp,,1.0
20241205,UST10Y,4.17,-0.020000000000000462,pp,,1.0
20241206,UST10Y,4.15,-0.019999999999999574,pp,,1.0
20241209,UST10Y,4.2,0.04999999999999982,pp,,3.0
20241210,UST10Y,4.22,0.019999999999999574,pp,,1.0
20241211,UST10Y,4.26,0.040000000000000036,pp,,1.0
20241212,UST10Y,4.32,0.0600000000000005,pp,,1.0
20241213,UST10Y,4.4,0.08000000000000007,pp,,1.0
20241216,UST10Y,4.39,-0.010000000000000675,pp,,3.0
20241217,UST10Y,4.4,0.010000000000000675,pp,,1.0
20241218,UST10Y,4.5,0.09999999999999964,pp,,1.0
20241219,UST10Y,4.57,0.07000000000000028,pp,,1.0
20241220,UST10Y,4.52,-0.05000000000000071,pp,,1.0
20241223,UST10Y,4.59,0.07000000000000028,pp,,3.0
20241224,UST10Y,4.59,0.0,pp,,1.0
20241226,UST10Y,4.58,-0.009999999999999787,pp,,2.0
20241227,UST10Y,4.62,0.040000000000000036,pp,,1.0
20241230,UST10Y,4.55,-0.07000000000000028,pp,,3.0
20241231,UST10Y,4.58,0.03000000000000025,pp,,1.0
20250102,UST10Y,4.57,-0.009999999999999787,pp,,2.0
20250103,UST10Y,4.6,0.02999999999999936,pp,,1.0
20250106,UST10Y,4.62,0.020000000000000462,pp,,3.0
20250107,UST10Y,4.67,0.04999999999999982,pp,,1.0
20250108,UST10Y,4.67,0.0,pp,,1.0
20250109,UST10Y,4.68,0.009999999999999787,pp,,1.0
20250110,UST10Y,4.77,0.08999999999999986,pp,,1.0
20250113,UST10Y,4.79,0.020000000000000462,pp,,3.0
20250114,UST10Y,4.78,-0.009999999999999787,pp,,1.0
20250115,UST10Y,4.66,-0.1200000000000001,pp,,1.0
20250116,UST10Y,4.61,-0.04999999999999982,pp,,1.0
20250117,UST10Y,4.61,0.0,pp,,1.0
20250121,UST10Y,4.57,-0.040000000000000036,pp,,4.0
20250122,UST10Y,4.6,0.02999999999999936,pp,,1.0
20250123,UST10Y,4.65,0.05000000000000071,pp,,1.0
20250124,UST10Y,4.63,-0.020000000000000462,pp,,1.0
20250127,UST10Y,4.53,-0.09999999999999964,pp,,3.0
20250128,UST10Y,4.55,0.019999999999999574,pp,,1.0
20250129,UST10Y,4.55,0.0,pp,,1.0
20250130,UST10Y,4.52,-0.03000000000000025,pp,,1.0
20250131,UST10Y,4.58,0.0600000000000005,pp,,1.0
20250203,UST10Y,4.54,-0.040000000000000036,pp,,3.0
20250204,UST10Y,4.52,-0.020000000000000462,pp,,1.0
20250205,UST10Y,4.43,-0.08999999999999986,pp,,1.0
20250206,UST10Y,4.45,0.020000000000000462,pp,,1.0
20250207,UST10Y,4.49,0.040000000000000036,pp,,1.0
20250210,UST10Y,4.51,0.019999999999999574,pp,,3.0
20250211,UST10Y,4.54,0.03000000000000025,pp,,1.0
20250212,UST10Y,4.62,0.08000000000000007,pp,,1.0
20250213,UST10Y,4.52,-0.10000000000000053,pp,,1.0
20250214,UST10Y,4.47,-0.04999999999999982,pp,,1.0
20250218,UST10Y,4.55,0.08000000000000007,pp,,4.0
20250219,UST10Y,4.53,-0.019999999999999574,pp,,1.0
20250220,UST10Y,4.5,-0.03000000000000025,pp,,1.0
20250221,UST10Y,4.42,-0.08000000000000007,pp,,1.0
20250224,UST10Y,4.4,-0.019999999999999574,pp,,3.0
20250225,UST10Y,4.3,-0.10000000000000053,pp,,1.0
20250226,UST10Y,4.25,-0.04999999999999982,pp,,1.0
20250227,UST10Y,4.29,0.040000000000000036,pp,,1.0
20250228,UST10Y,4.24,-0.04999999999999982,pp,,1.0
20250303,UST10Y,4.16,-0.08000000000000007,pp,,3.0
20250304,UST10Y,4.22,0.05999999999999961,pp,,1.0
20250305,UST10Y,4.28,0.0600000000000005,pp,,1.0
20250306,UST10Y,4.29,0.009999999999999787,pp,,1.0
20250307,UST10Y,4.32,0.03000000000000025,pp,,1.0
20250310,UST10Y,4.22,-0.10000000000000053,pp,,3.0
20250311,UST10Y,4.28,0.0600000000000005,pp,,1.0
20250312,UST10Y,4.32,0.040000000000000036,pp,,1.0
20250313,UST10Y,4.27,-0.05000000000000071,pp,,1.0
20250314,UST10Y,4.31,0.040000000000000036,pp,,1.0
20250317,UST10Y,4.31,0.0,pp,,3.0
20250318,UST10Y,4.29,-0.019999999999999574,pp,,1.0
20250319,UST10Y,4.25,-0.040000000000000036,pp,,1.0
20250320,UST10Y,4.24,-0.009999999999999787,pp,,1.0
20250321,UST10Y,4.25,0.009999999999999787,pp,,1.0
20250324,UST10Y,4.34,0.08999999999999986,pp,,3.0
20250325,UST10Y,4.31,-0.03000000000000025,pp,,1.0
20250326,UST10Y,4.35,0.040000000000000036,pp,,1.0
20250327,UST10Y,4.38,0.03000000000000025,pp,,1.0
20250328,UST10Y,4.27,-0.11000000000000032,pp,,1.0
20250331,UST10Y,4.23,-0.03999999999999915,pp,,3.0
20250401,UST10Y,4.17,-0.0600000000000005,pp,,1.0
20250402,UST10Y,4.2,0.03000000000000025,pp,,1.0
20250403,UST10Y,4.06,-0.14000000000000057,pp,,1.0
20250404,UST10Y,4.01,-0.04999999999999982,pp,,1.0
20250407,UST10Y,4.15,0.14000000000000057,pp,,3.0
20250408,UST10Y,4.26,0.10999999999999943,pp,,1.0
20250409,UST10Y,4.34,0.08000000000000007,pp,,1.0
20250410,UST10Y,4.4,0.0600000000000005,pp,,1.0
20250411,UST10Y,4.48,0.08000000000000007,pp,,1.0
20250414,UST10Y,4.38,-0.10000000000000053,pp,,3.0
20250415,UST10Y,4.35,-0.03000000000000025,pp,,1.0
20250416,UST10Y,4.29,-0.05999999999999961,pp,,1.0
20250417,UST10Y,4.34,0.04999999999999982,pp,,1.0
20250421,UST10Y,4.42,0.08000000000000007,pp,,4.0
20250422,UST10Y,4.41,-0.009999999999999787,pp,,1.0
20250423,UST10Y,4.4,-0.009999999999999787,pp,,1.0
20250424,UST10Y,4.32,-0.08000000000000007,pp,,1.0
20250425,UST10Y,4.29,-0.03000000000000025,pp,,1.0
20250428,UST10Y,4.23,-0.05999999999999961,pp,,3.0
20250429,UST10Y,4.19,-0.040000000000000036,pp,,1.0
20250430,UST10Y,4.17,-0.020000000000000462,pp,,1.0
20250501,UST10Y,4.25,0.08000000000000007,pp,,1.0
20250502,UST10Y,4.33,0.08000000000000007,pp,,1.0
20250505,UST10Y,4.36,0.03000000000000025,pp,,3.0
20250506,UST10Y,4.3,-0.0600000000000005,pp,,1.0
20250507,UST10Y,4.26,-0.040000000000000036,pp,,1.0
20250508,UST10Y,4.37,0.11000000000000032,pp,,1.0
20250509,UST10Y,4.37,0.0,pp,,1.0
20250512,UST10Y,4.45,0.08000000000000007,pp,,3.0
20250513,UST10Y,4.49,0.040000000000000036,pp,,1.0
20250514,UST10Y,4.53,0.040000000000000036,pp,,1.0
20250515,UST10Y,4.45,-0.08000000000000007,pp,,1.0
20250516,UST10Y,4.43,-0.020000000000000462,pp,,1.0
20250519,UST10Y,4.46,0.03000000000000025,pp,,3.0
20250520,UST10Y,4.48,0.020000000000000462,pp,,1.0
20250521,UST10Y,4.58,0.09999999999999964,pp,,1.0
20250522,UST10Y,4.54,-0.040000000000000036,pp,,1.0
20250523,UST10Y,4.51,-0.03000000000000025,pp,,1.0
20250527,UST10Y,4.43,-0.08000000000000007,pp,,4.0
20250528,UST10Y,4.47,0.040000000000000036,pp,,1.0
20250529,UST10Y,4.43,-0.040000000000000036,pp,,1.0
20250530,UST10Y,4.41,-0.019999999999999574,pp,,1.0
20250602,UST10Y,4.46,0.04999999999999982,pp,,3.0
20250603,UST10Y,4.46,0.0,pp,,1.0
20250604,UST10Y,4.37,-0.08999999999999986,pp,,1.0
20250605,UST10Y,4.4,0.03000000000000025,pp,,1.0
20250606,UST10Y,4.51,0.10999999999999943,pp,,1.0
20250609,UST10Y,4.49,-0.019999999999999574,pp,,3.0
20250610,UST10Y,4.47,-0.020000000000000462,pp,,1.0
20250611,UST10Y,4.41,-0.05999999999999961,pp,,1.0
20250612,UST10Y,4.36,-0.04999999999999982,pp,,1.0
20250613,UST10Y,4.41,0.04999999999999982,pp,,1.0
20250616,UST10Y,4.46,0.04999999999999982,pp,,3.0
20250617,UST10Y,4.39,-0.07000000000000028,pp,,1.0
20250618,UST10Y,4.38,-0.009999999999999787,pp,,1.0
20250620,UST10Y,4.38,0.0,pp,,2.0
20250623,UST10Y,4.34,-0.040000000000000036,pp,,3.0
20250624,UST10Y,4.3,-0.040000000000000036,pp,,1.0
20250625,UST10Y,4.29,-0.009999999999999787,pp,,1.0
20250626,UST10Y,4.26,-0.03000000000000025,pp,,1.0
20250627,UST10Y,4.29,0.03000000000000025,pp,,1.0
20250630,UST10Y,4.24,-0.04999999999999982,pp,,3.0
20250701,UST10Y,4.26,0.019999999999999574,pp,,1.0
20250702,UST10Y,4.3,0.040000000000000036,pp,,1.0
20250703,UST10Y,4.35,0.04999999999999982,pp,,1.0
20250707,UST10Y,4.4,0.05000000000000071,pp,,4.0
20250708,UST10Y,4.42,0.019999999999999574,pp,,1.0
20250709,UST10Y,4.34,-0.08000000000000007,pp,,1.0
20250710,UST10Y,4.35,0.009999999999999787,pp,,1.0
20250711,UST10Y,4.43,0.08000000000000007,pp,,1.0
20250714,UST10Y,4.43,0.0,pp,,3.0
20250715,UST10Y,4.5,0.07000000000000028,pp,,1.0
20250716,UST10Y,4.46,-0.040000000000000036,pp,,1.0
20250717,UST10Y,4.47,0.009999999999999787,pp,,1.0
20250718,UST10Y,4.44,-0.02999999999999936,pp,,1.0
20250721,UST10Y,4.38,-0.0600000000000005,pp,,3.0
20250722,UST10Y,4.35,-0.03000000000000025,pp,,1.0
20250723,UST10Y,4.4,0.05000000000000071,pp,,1.0
20250724,UST10Y,4.43,0.02999999999999936,pp,,1.0
20250725,UST10Y,4.4,-0.02999999999999936,pp,,1.0
20250728,UST10Y,4.42,0.019999999999999574,pp,,3.0
20250729,UST10Y,4.34,-0.08000000000000007,pp,,1.0
20250730,UST10Y,4.38,0.040000000000000036,pp,,1.0
20250731,UST10Y,4.37,-0.009999999999999787,pp,,1.0
20250801,UST10Y,4.23,-0.13999999999999968,pp,,1.0
20250804,UST10Y,4.22,-0.010000000000000675,pp,,3.0
20250805,UST10Y,4.22,0.0,pp,,1.0
20250806,UST10Y,4.22,0.0,pp,,1.0
20250807,UST10Y,4.23,0.010000000000000675,pp,,1.0
20250808,UST10Y,4.27,0.03999999999999915,pp,,1.0
20250811,UST10Y,4.27,0.0,pp,,3.0
20250812,UST10Y,4.29,0.020000000000000462,pp,,1.0
20250813,UST10Y,4.24,-0.04999999999999982,pp,,1.0
20250814,UST10Y,4.29,0.04999999999999982,pp,,1.0
20250815,UST10Y,4.33,0.040000000000000036,pp,,1.0
20250818,UST10Y,4.34,0.009999999999999787,pp,,3.0
20250819,UST10Y,4.3,-0.040000000000000036,pp,,1.0
20250820,UST10Y,4.29,-0.009999999999999787,pp,,1.0
20250821,UST10Y,4.33,0.040000000000000036,pp,,1.0
20250822,UST10Y,4.26,-0.07000000000000028,pp,,1.0
20250825,UST10Y,4.28,0.020000000000000462,pp,,3.0
20250826,UST10Y,4.26,-0.020000000000000462,pp,,1.0
20250827,UST10Y,4.24,-0.019999999999999574,pp,,1.0
20250828,UST10Y,4.22,-0.020000000000000462,pp,,1.0
20250829,UST10Y,4.23,0.010000000000000675,pp,,1.0
20250902,UST10Y,4.28,0.04999999999999982,pp,,4.0
20250903,UST10Y,4.22,-0.0600000000000005,pp,,1.0
20250904,UST10Y,4.17,-0.04999999999999982,pp,,1.0
20250905,UST10Y,4.1,-0.07000000000000028,pp,,1.0
20250908,UST10Y,4.05,-0.04999999999999982,pp,,3.0
20250909,UST10Y,4.08,0.03000000000000025,pp,,1.0
20250910,UST10Y,4.04,-0.040000000000000036,pp,,1.0
20250911,UST10Y,4.01,-0.03000000000000025,pp,,1.0
20250912,UST10Y,4.06,0.04999999999999982,pp,,1.0
20250915,UST10Y,4.05,-0.009999999999999787,pp,,3.0
20250916,UST10Y,4.04,-0.009999999999999787,pp,,1.0
20250917,UST10Y,4.06,0.019999999999999574,pp,,1.0
20250918,UST10Y,4.11,0.05000000000000071,pp,,1.0
20250919,UST10Y,4.14,0.02999999999999936,pp,,1.0
20250922,UST10Y,4.15,0.010000000000000675,pp,,3.0
20250923,UST10Y,4.12,-0.03000000000000025,pp,,1.0
20250924,UST10Y,4.16,0.040000000000000036,pp,,1.0
20250925,UST10Y,4.18,0.019999999999999574,pp,,1.0
20250926,UST10Y,4.2,0.020000000000000462,pp,,1.0
20250929,UST10Y,4.15,-0.04999999999999982,pp,,3.0
20250930,UST10Y,4.16,0.009999999999999787,pp,,1.0
20251001,UST10Y,4.12,-0.040000000000000036,pp,,1.0
20251002,UST10Y,4.1,-0.020000000000000462,pp,,1.0
20251003,UST10Y,4.13,0.03000000000000025,pp,,1.0
20251006,UST10Y,4.18,0.04999999999999982,pp,,3.0
20251007,UST10Y,4.14,-0.040000000000000036,pp,,1.0
20251008,UST10Y,4.13,-0.009999999999999787,pp,,1.0
20251009,UST10Y,4.14,0.009999999999999787,pp,,1.0
20251010,UST10Y,4.05,-0.08999999999999986,pp,,1.0
20251014,UST10Y,4.03,-0.019999999999999574,pp,,4.0
20251015,UST10Y,4.05,0.019999999999999574,pp,,1.0
20251016,UST10Y,3.99,-0.05999999999999961,pp,,1.0
20251017,UST10Y,4.02,0.02999999999999936,pp,,1.0
20251020,UST10Y,4.0,-0.019999999999999574,pp,,3.0
20251021,UST10Y,3.98,-0.020000000000000018,pp,,1.0
20251022,UST10Y,3.97,-0.009999999999999787,pp,,1.0
20251023,UST10Y,4.01,0.03999999999999959,pp,,1.0
20251024,UST10Y,4.02,0.009999999999999787,pp,,1.0
20251027,UST10Y,4.01,-0.009999999999999787,pp,,3.0
20251028,UST10Y,3.99,-0.019999999999999574,pp,,1.0
20251029,UST10Y,4.08,0.08999999999999986,pp,,1.0
20251030,UST10Y,4.11,0.03000000000000025,pp,,1.0
20251031,UST10Y,4.11,0.0,pp,,1.0
20251103,UST10Y,4.13,0.019999999999999574,pp,,3.0
20251104,UST10Y,4.1,-0.03000000000000025,pp,,1.0
20251105,UST10Y,4.17,0.07000000000000028,pp,,1.0
20251106,UST10Y,4.11,-0.05999999999999961,pp,,1.0
20251107,UST10Y,4.11,0.0,pp,,1.0
20251110,UST10Y,4.13,0.019999999999999574,pp,,3.0
20251112,UST10Y,4.08,-0.04999999999999982,pp,,2.0
20251113,UST10Y,4.11,0.03000000000000025,pp,,1.0
20251114,UST10Y,4.14,0.02999999999999936,pp,,1.0
20251117,UST10Y,4.13,-0.009999999999999787,pp,,3.0
20251118,UST10Y,4.12,-0.009999999999999787,pp,,1.0
20251119,UST10Y,4.13,0.009999999999999787,pp,,1.0
20251120,UST10Y,4.1,-0.03000000000000025,pp,,1.0
20251121,UST10Y,4.06,-0.040000000000000036,pp,,1.0
20251124,UST10Y,4.04,-0.019999999999999574,pp,,3.0
20251125,UST10Y,4.01,-0.03000000000000025,pp,,1.0
20251126,UST10Y,4.0,-0.009999999999999787,pp,,1.0
20251128,UST10Y,4.02,0.019999999999999574,pp,,2.0
20251201,UST10Y,4.09,0.07000000000000028,pp,,3.0
20251202,UST10Y,4.09,0.0,pp,,1.0
20251203,UST10Y,4.06,-0.03000000000000025,pp,,1.0
20251204,UST10Y,4.11,0.05000000000000071,pp,,1.0
20251205,UST10Y,4.14,0.02999999999999936,pp,,1.0
20251208,UST10Y,4.17,0.03000000000000025,pp,,3.0
20251209,UST10Y,4.18,0.009999999999999787,pp,,1.0
20251210,UST10Y,4.13,-0.04999999999999982,pp,,1.0
20251211,UST10Y,4.14,0.009999999999999787,pp,,1.0
20251212,UST10Y,4.19,0.05000000000000071,pp,,1.0
20251215,UST10Y,4.18,-0.010000000000000675,pp,,3.0
20251216,UST10Y,4.15,-0.02999999999999936,pp,,1.0
20251217,UST10Y,4.16,0.009999999999999787,pp,,1.0
20251218,UST10Y,4.12,-0.040000000000000036,pp,,1.0
20251219,UST10Y,4.16,0.040000000000000036,pp,,1.0
20251222,UST10Y,4.17,0.009999999999999787,pp,,3.0
20251223,UST10Y,4.18,0.009999999999999787,pp,,1.0
20251224,UST10Y,4.15,-0.02999999999999936,pp,,1.0
20251226,UST10Y,4.14,-0.010000000000000675,pp,,2.0
20251229,UST10Y,4.12,-0.019999999999999574,pp,,3.0
20251230,UST10Y,4.14,0.019999999999999574,pp,,1.0
20251231,UST10Y,4.18,0.040000000000000036,pp,,1.0
20260102,UST10Y,4.19,0.010000000000000675,pp,,2.0
20260105,UST10Y,4.17,-0.020000000000000462,pp,,3.0
20260106,UST10Y,4.18,0.009999999999999787,pp,,1.0
20260107,UST10Y,4.15,-0.02999999999999936,pp,,1.0
20260108,UST10Y,4.19,0.040000000000000036,pp,,1.0
20260109,UST10Y,4.18,-0.010000000000000675,pp,,1.0
20260112,UST10Y,4.19,0.010000000000000675,pp,,3.0
20260113,UST10Y,4.18,-0.010000000000000675,pp,,1.0
20260114,UST10Y,4.15,-0.02999999999999936,pp,,1.0
20260115,UST10Y,4.17,0.019999999999999574,pp,,1.0
20260116,UST10Y,4.24,0.07000000000000028,pp,,1.0
20260120,UST10Y,4.3,0.05999999999999961,pp,,4.0
20260121,UST10Y,4.26,-0.040000000000000036,pp,,1.0
20260122,UST10Y,4.26,0.0,pp,,1.0
20260123,UST10Y,4.24,-0.019999999999999574,pp,,1.0
20260126,UST10Y,4.22,-0.020000000000000462,pp,,3.0
20260127,UST10Y,4.24,0.020000000000000462,pp,,1.0
20260128,UST10Y,4.26,0.019999999999999574,pp,,1.0
20260129,UST10Y,4.24,-0.019999999999999574,pp,,1.0
20260130,UST10Y,4.26,0.019999999999999574,pp,,1.0
20260202,UST10Y,4.29,0.03000000000000025,pp,,3.0
20260203,UST10Y,4.28,-0.009999999999999787,pp,,1.0
20260204,UST10Y,4.29,0.009999999999999787,pp,,1.0
20260205,UST10Y,4.21,-0.08000000000000007,pp,,1.0
20260206,UST10Y,4.22,0.009999999999999787,pp,,1.0
20260209,UST10Y,4.22,0.0,pp,,3.0
20260210,UST10Y,4.16,-0.05999999999999961,pp,,1.0
20260211,UST10Y,4.18,0.019999999999999574,pp,,1.0
20260212,UST10Y,4.09,-0.08999999999999986,pp,,1.0
20260213,UST10Y,4.04,-0.04999999999999982,pp,,1.0
20260217,UST10Y,4.05,0.009999999999999787,pp,,4.0
20260218,UST10Y,4.09,0.040000000000000036,pp,,1.0
20260219,UST10Y,4.08,-0.009999999999999787,pp,,1.0
20260220,UST10Y,4.08,0.0,pp,,1.0
20260223,UST10Y,4.03,-0.04999999999999982,pp,,3.0
20260224,UST10Y,4.04,0.009999999999999787,pp,,1.0
20260225,UST10Y,4.05,0.009999999999999787,pp,,1.0
20260226,UST10Y,4.02,-0.03000000000000025,pp,,1.0
20260227,UST10Y,3.97,-0.04999999999999938,pp,,1.0
20260302,UST10Y,4.05,0.07999999999999963,pp,,3.0
20260303,UST10Y,4.06,0.009999999999999787,pp,,1.0
20260304,UST10Y,4.09,0.03000000000000025,pp,,1.0
20260305,UST10Y,4.13,0.040000000000000036,pp,,1.0
20260306,UST10Y,4.15,0.020000000000000462,pp,,1.0
20260309,UST10Y,4.12,-0.03000000000000025,pp,,3.0
20260310,UST10Y,4.15,0.03000000000000025,pp,,1.0
20260311,UST10Y,4.21,0.05999999999999961,pp,,1.0
20260312,UST10Y,4.27,0.05999999999999961,pp,,1.0
20260313,UST10Y,4.28,0.010000000000000675,pp,,1.0
20260316,UST10Y,4.23,-0.04999999999999982,pp,,3.0
20260317,UST10Y,4.2,-0.03000000000000025,pp,,1.0
20260318,UST10Y,4.26,0.05999999999999961,pp,,1.0
20260319,UST10Y,4.25,-0.009999999999999787,pp,,1.0
20260320,UST10Y,4.39,0.13999999999999968,pp,,1.0
20260323,UST10Y,4.34,-0.04999999999999982,pp,,3.0
20260324,UST10Y,4.39,0.04999999999999982,pp,,1.0
20260325,UST10Y,4.33,-0.05999999999999961,pp,,1.0
20260326,UST10Y,4.42,0.08999999999999986,pp,,1.0
20260327,UST10Y,4.44,0.020000000000000462,pp,,1.0
20260330,UST10Y,4.35,-0.09000000000000075,pp,,3.0
20260331,UST10Y,4.3,-0.04999999999999982,pp,,1.0
20260401,UST10Y,4.33,0.03000000000000025,pp,,1.0
20260402,UST10Y,4.31,-0.020000000000000462,pp,,1.0
20260403,UST10Y,4.35,0.040000000000000036,pp,,1.0
20260406,UST10Y,4.34,-0.009999999999999787,pp,,3.0
20260407,UST10Y,4.33,-0.009999999999999787,pp,,1.0
20260408,UST10Y,4.29,-0.040000000000000036,pp,,1.0
20260409,UST10Y,4.29,0.0,pp,,1.0
20260410,UST10Y,4.31,0.019999999999999574,pp,,1.0
20260413,UST10Y,4.3,-0.009999999999999787,pp,,3.0
20260414,UST10Y,4.26,-0.040000000000000036,pp,,1.0
20260415,UST10Y,4.29,0.03000000000000025,pp,,1.0
20260416,UST10Y,4.32,0.03000000000000025,pp,,1.0
20260417,UST10Y,4.26,-0.0600000000000005,pp,,1.0
20260420,UST10Y,4.26,0.0,pp,,3.0
20260421,UST10Y,4.3,0.040000000000000036,pp,,1.0
20260422,UST10Y,4.3,0.0,pp,,1.0
20260423,UST10Y,4.34,0.040000000000000036,pp,,1.0
20260424,UST10Y,4.31,-0.03000000000000025,pp,,1.0
20260427,UST10Y,4.35,0.040000000000000036,pp,,3.0
20260428,UST10Y,4.36,0.010000000000000675,pp,,1.0
20260429,UST10Y,4.42,0.05999999999999961,pp,,1.0
20260430,UST10Y,4.4,-0.019999999999999574,pp,,1.0
20260501,UST10Y,4.39,-0.010000000000000675,pp,,1.0
20260504,UST10Y,4.45,0.0600000000000005,pp,,3.0
20260505,UST10Y,4.43,-0.020000000000000462,pp,,1.0
20260506,UST10Y,4.36,-0.0699999999999994,pp,,1.0
20260507,UST10Y,4.41,0.04999999999999982,pp,,1.0
20260508,UST10Y,4.38,-0.03000000000000025,pp,,1.0
20260511,UST10Y,4.42,0.040000000000000036,pp,,3.0
20260512,UST10Y,4.46,0.040000000000000036,pp,,1.0
20260513,UST10Y,4.46,0.0,pp,,1.0
20260514,UST10Y,4.47,0.009999999999999787,pp,,1.0
20260515,UST10Y,4.59,0.1200000000000001,pp,,1.0
20260518,UST10Y,4.61,0.020000000000000462,pp,,3.0
20260519,UST10Y,4.67,0.05999999999999961,pp,,1.0
20260520,UST10Y,4.57,-0.09999999999999964,pp,,1.0
20260521,UST10Y,4.57,0.0,pp,,1.0
20260522,UST10Y,4.56,-0.010000000000000675,pp,,1.0
20260526,UST10Y,4.5,-0.05999999999999961,pp,,4.0
20260527,UST10Y,4.48,-0.019999999999999574,pp,,1.0
20260528,UST10Y,4.45,-0.03000000000000025,pp,,1.0
20260529,UST10Y,4.45,0.0,pp,,1.0
20260601,UST10Y,4.47,0.019999999999999574,pp,,3.0
20260602,UST10Y,4.46,-0.009999999999999787,pp,,1.0
20260603,UST10Y,4.49,0.03000000000000025,pp,,1.0
20260604,UST10Y,4.47,-0.020000000000000462,pp,,1.0
20260605,UST10Y,4.55,0.08000000000000007,pp,,1.0
20260608,UST10Y,4.56,0.009999999999999787,pp,,3.0
20260609,UST10Y,4.53,-0.02999999999999936,pp,,1.0
20260610,UST10Y,4.55,0.019999999999999574,pp,,1.0
20260611,UST10Y,4.45,-0.09999999999999964,pp,,1.0
20260612,UST10Y,4.48,0.03000000000000025,pp,,1.0
20260615,UST10Y,4.47,-0.010000000000000675,pp,,3.0
20260616,UST10Y,4.43,-0.040000000000000036,pp,,1.0
20260617,UST10Y,4.49,0.0600000000000005,pp,,1.0
20260618,UST10Y,4.46,-0.03000000000000025,pp,,1.0
20260622,UST10Y,4.51,0.04999999999999982,pp,,4.0
20260623,UST10Y,4.5,-0.009999999999999787,pp,,1.0
20260624,UST10Y,4.41,-0.08999999999999986,pp,,1.0
20260625,UST10Y,4.4,-0.009999999999999787,pp,,1.0
20260626,UST10Y,4.38,-0.020000000000000462,pp,,1.0
20260629,UST10Y,4.38,0.0,pp,,3.0
20260630,UST10Y,4.44,0.0600000000000005,pp,,1.0
20260701,UST10Y,4.48,0.040000000000000036,pp,,1.0
20260702,UST10Y,4.49,0.009999999999999787,pp,,1.0
20260706,UST10Y,4.48,-0.009999999999999787,pp,,4.0
20260707,UST10Y,4.55,0.0699999999999994,pp,,1.0
20260708,UST10Y,4.56,0.009999999999999787,pp,,1.0
20260709,UST10Y,4.54,-0.019999999999999574,pp,,1.0
20260710,UST10Y,4.56,0.019999999999999574,pp,,1.0
20260713,UST10Y,4.62,0.0600000000000005,pp,,3.0
20260714,UST10Y,4.58,-0.040000000000000036,pp,,1.0
20260715,UST10Y,4.55,-0.03000000000000025,pp,,1.0
20260716,UST10Y,4.57,0.020000000000000462,pp,,1.0
20260717,UST10Y,4.55,-0.020000000000000462,pp,,1.0
20260720,UST10Y,4.6,0.04999999999999982,pp,,3.0
20260721,UST10Y,4.63,0.03000000000000025,pp,,1.0
20260722,UST10Y,4.67,0.040000000000000036,pp,,1.0
20260723,UST10Y,4.71,0.040000000000000036,pp,,1.0
20260724,UST10Y,4.69,-0.019999999999999574,pp,,1.0
20260727,UST10Y,4.65,-0.040000000000000036,pp,,3.0
20260728,UST10Y,4.61,-0.040000000000000036,pp,,1.0
20260729,UST10Y,4.67,0.05999999999999961,pp,,1.0
20260730,UST10Y,4.68,0.009999999999999787,pp,,1.0
20260731,UST10Y,4.75,0.07000000000000028,pp,,1.0
20260803,UST10Y,4.7,-0.04999999999999982,pp,,3.0
20260804,UST10Y,4.63,-0.07000000000000028,pp,,1.0
20260805,UST10Y,4.63,0.0,pp,,1.0
20260806,UST10Y,4.69,0.0600000000000005,pp,,1.0
20260807,UST10Y,4.65,-0.040000000000000036,pp,,1.0
20260810,UST10Y,4.72,0.0699999999999994,pp,,3.0
20260811,UST10Y,4.7,-0.019999999999999574,pp,,1.0
20260812,UST10Y,4.68,-0.020000000000000462,pp,,1.0
20260813,UST10Y,4.63,-0.04999999999999982,pp,,1.0
20260814,UST10Y,4.68,0.04999999999999982,pp,,1.0
20260817,UST10Y,4.72,0.040000000000000036,pp,,3.0
20260818,UST10Y,4.71,-0.009999999999999787,pp,,1.0
20260819,UST10Y,4.65,-0.05999999999999961,pp,,1.0
20260820,UST10Y,4.69,0.040000000000000036,pp,,1.0
20260821,UST10Y,4.74,0.04999999999999982,pp,,1.0
20260824,UST10Y,4.7,-0.040000000000000036,pp,,3.0
20260825,UST10Y,4.64,-0.0600000000000005,pp,,1.0
20260826,UST10Y,4.66,0.020000000000000462,pp,,1.0
20260827,UST10Y,4.67,0.009999999999999787,pp,,1.0
20260828,UST10Y,4.73,0.0600000000000005,pp,,1.0
20260831,UST10Y,4.75,0.019999999999999574,pp,,3.0
20260901,UST10Y,4.79,0.040000000000000036,pp,,1.0
20260902,UST10Y,4.79,0.0,pp,,1.0
20260903,UST10Y,4.77,-0.020000000000000462,pp,,1.0
20260904,UST10Y,4.78,0.010000000000000675,pp,,1.0
20260908,UST10Y,4.8,0.019999999999999574,pp,,4.0
20260909,UST10Y,4.83,0.03000000000000025,pp,,1.0
20260910,UST10Y,4.95,0.1200000000000001,pp,,1.0
20260911,UST10Y,4.96,0.009999999999999787,pp,,1.0
20260914,UST10Y,4.97,0.009999999999999787,pp,,3.0
20260915,UST10Y,5.0,0.03000000000000025,pp,,1.0
20260916,UST10Y,5.01,0.009999999999999787,pp,,1.0
20260917,UST10Y,4.94,-0.0699999999999994,pp,,1.0
20260918,UST10Y,5.01,0.0699999999999994,pp,,1.0
20260921,UST10Y,4.96,-0.04999999999999982,pp,,3.0
20260922,UST10Y,4.96,0.0,pp,,1.0
20260923,UST10Y,5.11,0.15000000000000036,pp,,1.0
20260924,UST10Y,5.18,0.0699999999999994,pp,,1.0
20260925,UST10Y,5.17,-0.009999999999999787,pp,,1.0
20260928,UST10Y,5.24,0.07000000000000028,pp,,3.0
