basis,event_id,window_id,series_id,status,start_date,end_date,trading_days,start_value,end_value,change,log_change,change_unit,n_returns,window_vol_ann_pct,start_staleness_days,end_staleness_days,inr_pct_change,usdinr_minus_dxy_pp,baseline_n,baseline_mean_pct,baseline_sd_pct,z_score,percentile
RBI,E01,PRE_30,USDINR,complete,2014-01-16,2014-02-28,29,61.5325,62.072,0.8767724373298647,0.008729511077943449,%,29,7.119505046627479,0.0,0.0,-0.8691519525712121,1.0489551921904927,227.0,1.743915075741187,4.079735261061916,-0.2098009362198366,43.61233480176212
RBI,E01,PRE_30,BRENT,complete,2014-01-16,2014-02-28,29,107.46,108.98,1.4144798064396058,0.014045693854276878,%,29,12.114799019916894,0.0,0.0,,,227.0,-0.5080984230225849,5.077453436347732,0.3769533372656088,59.91189427312775
RBI,E01,PRE_30,GOLD_USD,complete,2014-01-16,2014-02-28,29,1237.25,1327.75,7.314609011921602,0.07059460547051312,%,29,11.142958073431368,0.0,0.0,,,227.0,-3.9012122860497933,5.623412168375106,1.963009060974631,94.7136563876652
RBI,E01,PRE_30,NIFTY50,complete,2014-01-16,2014-02-28,29,6318.9,6276.95,-0.6638813717577352,-0.006660948662273203,%,29,12.280351482435153,0.0,0.0,,,227.0,0.5059621797183222,5.336132384116557,-0.21940635543112974,39.20704845814978
RBI,E01,PRE_30,DXY_BROAD,complete,2014-01-16,2014-02-28,29,94.5507,94.3879,-0.17218275486062806,-0.0017233115974219283,%,29,3.0408794774487165,0.0,0.0,,,227.0,0.38702488970006055,1.1208484921768267,-0.49838050264242983,27.75330396475771
RBI,E01,PRE_30,VIX,complete,2014-01-16,2014-02-28,29,12.53,14.0,11.73184357541901,0.11093156070728181,%,29,132.25951673235247,0.0,0.0,,,,,,,
RBI,E01,PRE_30,UST10Y,complete,2014-01-16,2014-02-28,29,2.86,2.66,-0.19999999999999973,,pp,29,,0.0,0.0,,,,,,,
RBI,E01,PRE_30,FFR_UPPER,complete,2014-01-16,2014-02-28,29,0.25,0.25,0.0,,pp,29,,0.0,0.0,,,,,,,
RBI,E01,PRE_30,IN_REPO,complete,2014-01-16,2014-02-28,29,7.75,8.0,0.25,,pp,29,,79.0,31.0,,,,,,,
RBI,E01,PRE_14,USDINR,complete,2014-02-07,2014-02-28,13,62.3155,62.072,-0.3907535043448207,-0.0039151894048027654,%,13,4.725153770996428,0.0,0.0,0.3922863771104401,-0.01311103613782505,259.0,0.6639226470688708,2.7622554813717715,-0.3812997512415532,34.74903474903475
RBI,E01,PRE_14,BRENT,complete,2014-02-07,2014-02-28,13,110.12,108.98,-1.0352342898656053,-0.010406301119454321,%,13,9.788111327738727,0.0,0.0,,,259.0,-0.1571736497799514,3.843297366607781,-0.2298372284386922,40.15444015444015
RBI,E01,PRE_14,GOLD_USD,complete,2014-02-07,2014-02-28,13,1260.0,1327.75,5.37698412698413,0.05237405935698489,%,13,11.734342959750519,0.0,0.0,,,259.0,-1.4217529461262202,4.471310535940882,1.49159012005591,94.98069498069498
RBI,E01,PRE_14,NIFTY50,complete,2014-02-07,2014-02-28,13,6063.2,6276.95,3.5253661432906647,0.03464648019932983,%,13,10.433473572795876,0.0,0.0,,,259.0,0.10425982862565242,3.9857122477839706,0.8431222063226875,81.08108108108108
RBI,E01,PRE_14,DXY_BROAD,complete,2014-02-07,2014-02-28,13,94.7457,94.3879,-0.37764246820699565,-0.003783573377107226,%,13,3.9131951912828677,0.0,0.0,,,259.0,0.22572261854676423,0.9621087720036311,-0.6276063611883098,27.7992277992278
RBI,E01,PRE_14,VIX,complete,2014-02-07,2014-02-28,13,15.29,14.0,-8.436886854153036,-0.08814169032571226,%,13,54.57773058267479,0.0,0.0,,,,,,,
RBI,E01,PRE_14,UST10Y,complete,2014-02-07,2014-02-28,13,2.71,2.66,-0.04999999999999982,,pp,13,,0.0,0.0,,,,,,,
RBI,E01,PRE_14,FFR_UPPER,complete,2014-02-07,2014-02-28,13,0.25,0.25,0.0,,pp,13,,0.0,0.0,,,,,,,
RBI,E01,PRE_14,IN_REPO,complete,2014-02-07,2014-02-28,13,8.0,8.0,0.0,,pp,13,,10.0,31.0,,,,,,,
RBI,E01,PRE_7,USDINR,complete,2014-02-18,2014-02-28,6,62.122,62.072,-0.08048678407005516,-0.0008051919207271112,%,6,3.2807177001986614,0.0,0.0,0.08055161747646533,-0.28697683538999597,273.0,0.27879631130940385,1.7030125004287868,-0.21076039500922722,43.956043956043956
RBI,E01,PRE_7,BRENT,complete,2014-02-18,2014-02-28,6,110.14,108.98,-1.05320501180316,-0.010587904679383153,%,6,7.974307572762901,0.0,0.0,,,273.0,-0.06841338617701309,2.605778581069604,-0.38006056090878176,36.26373626373626
RBI,E01,PRE_7,GOLD_USD,complete,2014-02-18,2014-02-28,6,1314.0,1327.75,1.0464231354642362,0.010409860257952763,%,6,10.269722341819685,0.0,0.0,,,273.0,-0.5357530542176914,3.1499865167911394,0.5010114725545138,68.86446886446886
RBI,E01,PRE_7,NIFTY50,complete,2014-02-18,2014-02-28,6,6127.1,6276.95,2.445692089242857,0.02416263890344349,%,6,8.744360904571352,0.0,0.0,,,273.0,0.02650372513501864,2.6411656651199875,0.9048140025391198,82.05128205128204
RBI,E01,PRE_7,DXY_BROAD,complete,2014-02-18,2014-02-28,6,94.1934,94.3879,0.2064900513199408,0.0020627715363811644,%,6,5.409787884344333,0.0,0.0,,,273.0,0.0825653388882408,0.6766443082249604,0.18288172925054091,58.60805860805861
RBI,E01,PRE_7,VIX,complete,2014-02-18,2014-02-28,6,13.87,14.0,0.9372746935832899,0.009329095288518559,%,6,69.96865115226036,0.0,0.0,,,,,,,
RBI,E01,PRE_7,UST10Y,complete,2014-02-18,2014-02-28,6,2.71,2.66,-0.04999999999999982,,pp,6,,0.0,0.0,,,,,,,
RBI,E01,PRE_7,FFR_UPPER,complete,2014-02-18,2014-02-28,6,0.25,0.25,0.0,,pp,6,,0.0,0.0,,,,,,,
RBI,E01,PRE_7,IN_REPO,complete,2014-02-18,2014-02-28,6,8.0,8.0,0.0,,pp,6,,21.0,31.0,,,,,,,
RBI,E01,EVENT,USDINR,complete,2014-02-28,2014-03-03,1,62.072,61.8605,-0.3407333419255032,-0.0034131515998503414,%,1,,0.0,0.0,0.34189830344080185,-0.3407333419255032,284.0,0.043678915496436765,0.7431016680837828,-0.5180778829534622,26.056338028169012
RBI,E01,EVENT,BRENT,complete,2014-02-28,2014-03-03,1,108.98,111.26,2.0921269957790534,0.02070542549219498,%,1,,0.0,0.0,,,284.0,-0.005831659233213049,1.1047225741858548,1.8795437216721915,97.1830985915493
RBI,E01,EVENT,GOLD_USD,complete,2014-02-28,2014-03-03,1,1327.75,1344.25,1.2427038222556863,0.012350456387278837,%,1,,0.0,0.0,,,284.0,-0.07945382789931177,1.2738787650662968,1.0319122070003992,90.84507042253522
RBI,E01,EVENT,NIFTY50,complete,2014-02-28,2014-03-03,1,6276.95,6221.45,-0.8841873840001901,-0.00888119516086819,%,1,,0.0,0.0,,,284.0,0.018787020602295534,1.099455714557222,-0.82486703206107,16.549295774647888
RBI,E01,EVENT,DXY_BROAD,complete,2014-02-28,2014-03-03,1,94.3879,94.3879,0.0,0.0,%,1,,0.0,3.0,,,284.0,0.012549138271977789,0.26254073402323164,-0.04779582482763318,45.774647887323944
RBI,E01,EVENT,VIX,complete,2014-02-28,2014-03-03,1,14.0,16.0,14.28571428571428,0.13353139262452257,%,1,,0.0,0.0,,,,,,,
RBI,E01,EVENT,UST10Y,complete,2014-02-28,2014-03-03,1,2.66,2.6,-0.06000000000000005,,pp,1,,0.0,0.0,,,,,,,
RBI,E01,EVENT,FFR_UPPER,complete,2014-02-28,2014-03-03,1,0.25,0.25,0.0,,pp,1,,0.0,0.0,,,,,,,
RBI,E01,EVENT,IN_REPO,complete,2014-02-28,2014-03-03,1,8.0,8.0,0.0,,pp,1,,31.0,34.0,,,,,,,
RBI,E01,POST_7,USDINR,complete,2014-02-28,2014-03-12,8,62.072,61.09,-1.5820337672380447,-0.01594681492997255,%,8,8.604394722600311,0.0,0.0,1.6074643967916247,-1.660539592666943,277.0,0.36095270927301026,2.0425021245981756,-0.9571516757719817,10.830324909747292
RBI,E01,POST_7,BRENT,complete,2014-02-28,2014-03-12,8,108.98,107.88,-1.0093595155074353,-0.010144880883423099,%,8,19.548222245136966,0.0,0.0,,,277.0,-0.08585329254139351,2.9974886274669945,-0.3097919746035141,38.628158844765345
RBI,E01,POST_7,GOLD_USD,complete,2014-02-28,2014-03-12,8,1327.75,1355.75,2.1088307286763364,0.02086902641866154,%,8,13.240654774292482,0.0,0.0,,,277.0,-0.6501576215286353,3.6656619285564913,0.7472546697367901,77.25631768953069
RBI,E01,POST_7,NIFTY50,complete,2014-02-28,2014-03-12,8,6276.95,6516.9,3.8227164466819064,0.03751460903384519,%,8,14.709353515992873,0.0,0.0,,,277.0,0.08597159485896899,3.0930638852387187,1.1850793837227998,88.4476534296029
RBI,E01,POST_7,DXY_BROAD,complete,2014-02-28,2014-03-12,8,94.3879,94.462,0.07850582542889839,0.0007847502572442105,%,8,4.179570463160288,0.0,0.0,,,277.0,0.11081698730597278,0.764161944907192,-0.04224314636214107,50.18050541516246
RBI,E01,POST_7,VIX,complete,2014-02-28,2014-03-12,8,14.0,14.47,3.3571428571428585,0.03302021102813389,%,8,114.9908977795784,0.0,0.0,,,,,,,
RBI,E01,POST_7,UST10Y,complete,2014-02-28,2014-03-12,8,2.66,2.73,0.06999999999999984,,pp,8,,0.0,0.0,,,,,,,
RBI,E01,POST_7,FFR_UPPER,complete,2014-02-28,2014-03-12,8,0.25,0.25,0.0,,pp,8,,0.0,0.0,,,,,,,
RBI,E01,POST_7,IN_REPO,complete,2014-02-28,2014-03-12,8,8.0,8.0,0.0,,pp,8,,31.0,43.0,,,,,,,
RBI,E01,POST_14,USDINR,complete,2014-02-28,2014-03-24,15,62.072,60.703,-2.2055032865059943,-0.02230188135375156,%,15,8.487374145392558,0.0,0.0,2.255242739238583,-2.5986680883502977,270.0,0.7225934171772863,2.9608207693077375,-0.9964072751931007,11.481481481481481
RBI,E01,POST_14,BRENT,complete,2014-02-28,2014-03-24,15,108.98,106.59,-2.1930629473297825,-0.02217468045390685,%,15,16.543191061572845,0.0,0.0,,,270.0,-0.13796829245189546,3.8746148237910583,-0.5366738588541569,27.77777777777778
RBI,E01,POST_14,GOLD_USD,complete,2014-02-28,2014-03-24,15,1327.75,1322.0,-0.4330634532103139,-0.004340038890876898,%,15,15.148215451288912,0.0,0.0,,,270.0,-1.3648225620937926,4.777871134592676,0.19678596813565302,54.074074074074076
RBI,E01,POST_14,NIFTY50,complete,2014-02-28,2014-03-24,15,6276.95,6583.5,4.883741307482148,0.04768232509924923,%,15,12.58157410741044,0.0,0.0,,,270.0,0.09618190803986071,4.212835396391466,1.1090148053366564,86.66666666666667
RBI,E01,POST_14,DXY_BROAD,complete,2014-02-28,2014-03-24,15,94.3879,94.759,0.39316480184430347,0.003923939289106674,%,15,4.337777386439741,0.0,0.0,,,270.0,0.22549741822810443,1.0021315563832607,0.16679484193467764,57.77777777777777
RBI,E01,POST_14,VIX,complete,2014-02-28,2014-03-24,15,14.0,15.09,7.785714285714285,0.0749749431644989,%,15,137.27405860545778,0.0,0.0,,,,,,,
RBI,E01,POST_14,UST10Y,complete,2014-02-28,2014-03-24,15,2.66,2.74,0.08000000000000007,,pp,15,,0.0,0.0,,,,,,,
RBI,E01,POST_14,FFR_UPPER,complete,2014-02-28,2014-03-24,15,0.25,0.25,0.0,,pp,15,,0.0,0.0,,,,,,,
RBI,E01,POST_14,IN_REPO,complete,2014-02-28,2014-03-24,15,8.0,8.0,0.0,,pp,15,,31.0,55.0,,,,,,,
RBI,E01,POST_30,USDINR,complete,2014-02-28,2014-04-22,31,62.072,60.7147,-2.186654208016503,-0.022109158216413086,%,31,7.59150150240129,0.0,0.0,2.235537686919309,-1.8606590327874817,254.0,1.7222456510795014,3.9318850500866365,-0.9965954962924287,8.267716535433072
RBI,E01,POST_30,BRENT,complete,2014-02-28,2014-04-22,31,108.98,108.54,-0.4037438062029719,-0.004045610519693508,%,31,18.983899673322792,0.0,0.0,,,254.0,-0.5754411420490824,5.029591855526431,0.034305394292494476,49.60629921259843
RBI,E01,POST_30,GOLD_USD,complete,2014-02-28,2014-04-22,31,1327.75,1290.75,-2.786669177179435,-0.028262335542750004,%,31,12.789158772400159,0.0,0.0,,,254.0,-3.227487471992063,6.2280512259965315,0.07297399796677685,58.661417322834644
RBI,E01,POST_30,NIFTY50,complete,2014-02-28,2014-04-22,31,6276.95,6815.35,8.577414190012679,0.08229322741481623,%,31,11.791767757188602,0.0,0.0,,,254.0,0.3089358270681686,5.157847271222121,1.5356916798920337,91.73228346456693
RBI,E01,POST_30,DXY_BROAD,complete,2014-02-28,2014-04-22,31,94.3879,94.0802,-0.32599517522902133,-0.0032652769714583947,%,31,3.7484036667141964,0.0,0.0,,,254.0,0.4991240614669046,1.1305789913623365,-0.7291929799863868,22.440944881889763
RBI,E01,POST_30,VIX,complete,2014-02-28,2014-04-22,31,14.0,13.19,-5.785714285714294,-0.05959836288603547,%,31,128.75841120773862,0.0,0.0,,,,,,,
RBI,E01,POST_30,UST10Y,complete,2014-02-28,2014-04-22,31,2.66,2.73,0.06999999999999984,,pp,31,,0.0,0.0,,,,,,,
RBI,E01,POST_30,FFR_UPPER,complete,2014-02-28,2014-04-22,31,0.25,0.25,0.0,,pp,31,,0.0,0.0,,,,,,,
RBI,E01,POST_30,IN_REPO,complete,2014-02-28,2014-04-22,31,8.0,8.0,0.0,,pp,31,,31.0,84.0,,,,,,,
RBI,E01,POST_90,USDINR,complete,2014-02-28,2014-07-18,91,62.072,60.33,-2.8064183528805353,-0.02846550913897787,%,91,6.618352484030794,0.0,0.0,2.887452345433461,-2.036086562470951,194.0,6.558471487431228,6.621140549689845,-1.3893253737819327,7.216494845360824
RBI,E01,POST_90,BRENT,complete,2014-02-28,2014-07-18,91,108.98,106.03,-2.7069187006790285,-0.027442306217245496,%,91,14.25715050795846,0.0,0.0,,,194.0,-0.022451667254463903,6.954171743034368,-0.39138757774169464,30.412371134020617
RBI,E01,POST_90,GOLD_USD,complete,2014-02-28,2014-07-18,91,1327.75,1310.25,-1.3180192054227047,-0.01326782162023287,%,91,12.227364548547152,0.0,0.0,,,194.0,-9.746073075582363,8.81459361565869,1.0128119385445329,85.56701030927834
RBI,E01,POST_90,NIFTY50,complete,2014-02-28,2014-07-18,91,6276.95,7663.9,22.09592238268585,0.1996367988517196,%,91,13.678393832814795,0.0,0.0,,,194.0,2.2857870730448093,5.7204192639961455,3.094812585521548,100.0
RBI,E01,POST_90,DXY_BROAD,complete,2014-02-28,2014-07-18,91,94.3879,93.6608,-0.7703317904095841,-0.007733141717733638,%,91,2.7066226385510155,0.0,0.0,,,194.0,1.045014221203755,1.4295767755563333,-1.2681416592040007,9.793814432989691
RBI,E01,POST_90,VIX,complete,2014-02-28,2014-07-18,91,14.0,12.06,-13.857142857142858,-0.14916313831621922,%,91,110.3455924533008,0.0,0.0,,,,,,,
RBI,E01,POST_90,UST10Y,complete,2014-02-28,2014-07-18,91,2.66,2.5,-0.16000000000000014,,pp,91,,0.0,0.0,,,,,,,
RBI,E01,POST_90,FFR_UPPER,complete,2014-02-28,2014-07-18,91,0.25,0.25,0.0,,pp,91,,0.0,0.0,,,,,,,
RBI,E01,POST_90,IN_REPO,complete,2014-02-28,2014-07-18,91,8.0,8.0,0.0,,pp,91,,31.0,171.0,,,,,,,
RBI,E02,PRE_30,USDINR,complete,2016-08-12,2016-09-28,29,66.8252,66.4482,-0.5641584312504833,-0.0056575581561362775,%,29,3.59080215201951,0.0,0.0,0.5673592362170687,-1.8680053011994824,751.0,0.5802655740174245,2.542182100187426,-0.4501425501044611,26.764314247669773
RBI,E02,PRE_30,BRENT,complete,2016-08-12,2016-09-28,29,45.12,45.49,0.8200354609929184,0.008166914392109367,%,29,44.21837017882776,0.0,0.0,,,751.0,-3.224039629884168,14.13010124714602,0.28972531412091057,62.982689747003995
RBI,E02,PRE_30,GOLD_USD,complete,2016-08-12,2016-09-28,29,1336.7,1324.8,-0.8902521134136365,-0.008942385346432172,%,29,9.962754551680291,0.0,0.0,,,751.0,-0.036001910428640205,5.200597244983502,-0.16502530412228827,44.87350199733689
RBI,E02,PRE_30,NIFTY50,complete,2016-08-12,2016-09-28,29,8672.15,8745.15,0.8417751076722713,0.00838251938645375,%,29,11.159421732846189,0.0,0.0,,,751.0,1.4764040171852066,5.090674486137205,-0.12323697697257956,42.07723035952064
RBI,E02,PRE_30,DXY_BROAD,complete,2016-08-12,2016-09-28,29,111.1787,112.6283,1.3038468699489991,0.01295419956968906,%,29,5.958782360123114,0.0,0.0,,,751.0,0.7133980576766064,1.6840379950364248,0.34711481977343733,61.65113182423435
RBI,E02,PRE_30,VIX,complete,2016-08-12,2016-09-28,29,11.55,12.39,7.272727272727275,0.07020425867324856,%,29,168.67884770006043,0.0,0.0,,,,,,,
RBI,E02,PRE_30,UST10Y,complete,2016-08-12,2016-09-28,29,1.51,1.57,0.06000000000000005,,pp,29,,0.0,0.0,,,,,,,
RBI,E02,PRE_30,FFR_UPPER,complete,2016-08-12,2016-09-28,29,0.5,0.5,0.0,,pp,29,,0.0,0.0,,,,,,,
RBI,E02,PRE_30,IN_REPO,complete,2016-08-12,2016-09-28,29,6.5,6.5,0.0,,pp,29,,129.0,176.0,,,,,,,
RBI,E02,PRE_14,USDINR,complete,2016-09-08,2016-09-28,13,66.4483,66.4482,-0.00015049293963231847,-1.5049305287305648e-06,%,13,3.9846278089916995,0.0,0.0,0.00015049316610671326,-1.2291536737515707,751.0,0.19070498407440795,1.792291506161809,-0.10638552120266817,44.34087882822903
RBI,E02,PRE_14,BRENT,complete,2016-09-08,2016-09-28,13,49.23,45.49,-7.5969937030266,-0.07901067218819639,%,13,33.73943719866713,0.0,0.0,,,751.0,-1.4075714373367965,8.862599081215002,-0.7315569038019152,18.10918774966711
RBI,E02,PRE_14,GOLD_USD,complete,2016-09-08,2016-09-28,13,1348.0,1324.8,-1.721068249258162,-0.017360507841257113,%,13,8.135089167078979,0.0,0.0,,,751.0,0.07850927873778168,3.499269043256622,-0.5185452270229932,30.758988015978694
RBI,E02,PRE_14,NIFTY50,complete,2016-09-08,2016-09-28,13,8952.5,8745.15,-2.316112817648708,-0.023433561908328463,%,13,12.042760537019742,0.0,0.0,,,751.0,0.6712050699349215,3.6528358269225008,-0.824652092626922,19.307589880159785
RBI,E02,PRE_14,DXY_BROAD,complete,2016-09-08,2016-09-28,13,111.2609,112.6283,1.2290031808119384,0.012215122501202089,%,13,5.710761797776966,0.0,0.0,,,751.0,0.29375539955800445,1.128123803610832,0.8227709278556647,79.49400798934754
RBI,E02,PRE_14,VIX,complete,2016-09-08,2016-09-28,13,12.51,12.39,-0.9592326139088669,-0.009638628837768632,%,13,235.86533445614543,0.0,0.0,,,,,,,
RBI,E02,PRE_14,UST10Y,complete,2016-09-08,2016-09-28,13,1.61,1.57,-0.040000000000000036,,pp,13,,0.0,0.0,,,,,,,
RBI,E02,PRE_14,FFR_UPPER,complete,2016-09-08,2016-09-28,13,0.5,0.5,0.0,,pp,13,,0.0,0.0,,,,,,,
RBI,E02,PRE_14,IN_REPO,complete,2016-09-08,2016-09-28,13,6.5,6.5,0.0,,pp,13,,156.0,176.0,,,,,,,
RBI,E02,PRE_7,USDINR,complete,2016-09-20,2016-09-28,6,67.02,66.4482,-0.8531781557743923,-0.008568385552914828,%,6,3.3061724074213967,0.0,0.0,0.8605199237902594,-0.36150436212012416,751.0,0.09307513209280138,1.1464433478813787,-0.8285367097264413,13.182423435419441
RBI,E02,PRE_7,BRENT,complete,2016-09-20,2016-09-28,6,45.24,45.49,0.5526083112290081,0.005510870333993085,%,6,35.683711923656844,0.0,0.0,,,751.0,-0.6793775207431074,5.876366304271995,0.2097865866842435,62.31691078561917
RBI,E02,PRE_7,GOLD_USD,complete,2016-09-20,2016-09-28,6,1315.4,1324.8,0.7146115250113994,0.007120702763744563,%,6,9.297243960761602,0.0,0.0,,,751.0,-0.004893631797575626,2.281084972526106,0.3143083385973649,63.115845539280954
RBI,E02,PRE_7,NIFTY50,complete,2016-09-20,2016-09-28,6,8775.9,8745.15,-0.3503914128465402,-0.00351006721303328,%,6,12.20108946191789,0.0,0.0,,,751.0,0.3227131028188168,2.511771653603471,-0.2680180827756556,38.8814913448735
RBI,E02,PRE_7,DXY_BROAD,complete,2016-09-20,2016-09-28,6,113.1848,112.6283,-0.4916737936542681,-0.004928864858772899,%,6,5.478493535434863,0.0,0.0,,,751.0,0.15107822282840466,0.7616876426613852,-0.8452949270942232,18.508655126498002
RBI,E02,PRE_7,VIX,complete,2016-09-20,2016-09-28,6,15.92,12.39,-22.17336683417085,-0.2506864847751858,%,6,192.2733021572249,0.0,0.0,,,,,,,
RBI,E02,PRE_7,UST10Y,complete,2016-09-20,2016-09-28,6,1.69,1.57,-0.11999999999999988,,pp,6,,0.0,0.0,,,,,,,
RBI,E02,PRE_7,FFR_UPPER,complete,2016-09-20,2016-09-28,6,0.5,0.5,0.0,,pp,6,,0.0,0.0,,,,,,,
RBI,E02,PRE_7,IN_REPO,complete,2016-09-20,2016-09-28,6,6.5,6.5,0.0,,pp,6,,168.0,176.0,,,,,,,
RBI,E02,EVENT,USDINR,complete,2016-09-28,2016-09-29,1,66.4482,66.5521,0.1563623995834318,0.001562402808653462,%,1,,0.0,0.0,-0.15611828928012716,0.45859549730399296,751.0,0.011141148080073826,0.4623841016732463,0.31380783387663846,67.24367509986683
RBI,E02,EVENT,BRENT,complete,2016-09-28,2016-09-29,1,45.49,48.43,6.462958892064186,0.06262693483322501,%,1,,0.0,0.0,,,751.0,-0.11422532619946857,2.274297072935681,2.803936289702491,98.40213049267643
RBI,E02,EVENT,GOLD_USD,complete,2016-09-28,2016-09-29,1,1324.8,1320.85,-0.29815821256039543,-0.002986035896649039,%,1,,0.0,0.0,,,751.0,0.0037770347349974642,0.925062518801153,-0.3268758023658866,36.75099866844207
RBI,E02,EVENT,NIFTY50,complete,2016-09-28,2016-09-29,1,8745.15,8591.25,-1.7598325929229275,-0.01775501752844433,%,1,,0.0,0.0,,,751.0,0.060189275805466735,1.0082056465936873,-1.8207326336371537,3.5952063914780292
RBI,E02,EVENT,DXY_BROAD,complete,2016-09-28,2016-09-29,1,112.6283,112.2879,-0.3022330977205612,-0.0030269074428622895,%,1,,0.0,0.0,,,751.0,0.025719157373660373,0.3308955113647165,-0.9924782403276627,12.383488681757656
RBI,E02,EVENT,VIX,complete,2016-09-28,2016-09-29,1,12.39,14.02,13.155770782889409,0.12359518596539279,%,1,,0.0,0.0,,,,,,,
RBI,E02,EVENT,UST10Y,complete,2016-09-28,2016-09-29,1,1.57,1.56,-0.010000000000000009,,pp,1,,0.0,0.0,,,,,,,
RBI,E02,EVENT,FFR_UPPER,complete,2016-09-28,2016-09-29,1,0.5,0.5,0.0,,pp,1,,0.0,0.0,,,,,,,
RBI,E02,EVENT,IN_REPO,complete,2016-09-28,2016-09-29,1,6.5,6.5,0.0,,pp,1,,176.0,177.0,,,,,,,
RBI,E02,POST_7,USDINR,complete,2016-09-28,2016-10-10,8,66.4482,66.5856,0.20677761022871444,0.0020656411957817532,%,8,2.92404226576097,0.0,0.0,-0.2063509227220317,-0.38206196206351795,751.0,0.09759076855078153,1.351247687758578,0.0806816846730356,55.52596537949401
RBI,E02,POST_7,BRENT,complete,2016-09-28,2016-10-10,8,45.49,51.54,13.29962629149264,0.12486568364230631,%,8,32.3409479922911,0.0,0.0,,,751.0,-0.9108159462058341,6.8563527831899185,1.954619025980094,96.40479360852197
RBI,E02,POST_7,GOLD_USD,complete,2016-09-28,2016-10-10,8,1324.8,1262.1,-4.732789855072472,-0.04848450436641044,%,8,16.22606879254481,0.0,0.0,,,751.0,0.018914500238720322,2.6807530091101857,-1.8156701239437574,3.462050599201065
RBI,E02,POST_7,NIFTY50,complete,2016-09-28,2016-10-10,8,8745.15,8708.8,-0.415658965255028,-0.004165252284323799,%,8,14.356797165032692,0.0,0.0,,,751.0,0.4703669058094828,2.8663160864744417,-0.30903408384643494,35.685752330226364
RBI,E02,POST_7,DXY_BROAD,complete,2016-09-28,2016-10-10,8,112.6283,113.2915,0.5888395722922324,0.005871126878194367,%,8,2.8204947508311315,0.0,3.0,,,751.0,0.20057591704849553,0.8724055382530717,0.4433003216197496,67.24367509986683
RBI,E02,POST_7,VIX,complete,2016-09-28,2016-10-10,8,12.39,13.38,7.9903147699757815,0.07687135905903127,%,8,90.4389188325058,0.0,0.0,,,,,,,
RBI,E02,POST_7,UST10Y,complete,2016-09-28,2016-10-10,8,1.57,1.73,0.15999999999999992,,pp,8,,0.0,3.0,,,,,,,
RBI,E02,POST_7,FFR_UPPER,complete,2016-09-28,2016-10-10,8,0.5,0.5,0.0,,pp,8,,0.0,0.0,,,,,,,
RBI,E02,POST_7,IN_REPO,complete,2016-09-28,2016-10-10,8,6.5,6.25,-0.25,,pp,8,,176.0,6.0,,,,,,,
RBI,E02,POST_14,USDINR,complete,2016-09-28,2016-10-21,15,66.4482,66.8943,0.671350013995875,0.006691064954332409,%,15,2.8086572157913348,0.0,0.0,-0.6668729622703262,-0.45909411061579863,751.0,0.2069543839496646,1.911432250902179,0.2418950328193413,64.4474034620506
RBI,E02,POST_14,BRENT,complete,2016-09-28,2016-10-21,15,45.49,50.28,10.529786766322257,0.10011486214013386,%,15,39.87848549613363,0.0,0.0,,,751.0,-1.6803585009829813,9.514372310325612,1.2303620809243345,88.81491344873503
RBI,E02,POST_14,GOLD_USD,complete,2016-09-28,2016-10-21,15,1324.8,1263.95,-4.593146135265691,-0.04701976666861499,%,15,13.464120406915292,0.0,0.0,,,751.0,0.027030491634305598,3.6858265489123463,-1.2830238870877115,10.51930758988016
RBI,E02,POST_14,NIFTY50,complete,2016-09-28,2016-10-21,15,8745.15,8693.05,-0.5957587920161544,-0.005975405147451339,%,15,14.915656680425208,0.0,0.0,,,751.0,0.8367726199286718,3.818767114572412,-0.3746841736761497,32.090545938748335
RBI,E02,POST_14,DXY_BROAD,complete,2016-09-28,2016-10-21,15,112.6283,113.9015,1.1304441246116737,0.011241023537146221,%,15,3.588185341595973,0.0,0.0,,,751.0,0.37233658547508597,1.1964923725780499,0.6288859355197111,71.77097203728363
RBI,E02,POST_14,VIX,complete,2016-09-28,2016-10-21,15,12.39,13.34,7.667473769168676,0.0738773448464265,%,15,122.40419079917868,0.0,0.0,,,,,,,
RBI,E02,POST_14,UST10Y,complete,2016-09-28,2016-10-21,15,1.57,1.74,0.16999999999999993,,pp,15,,0.0,0.0,,,,,,,
RBI,E02,POST_14,FFR_UPPER,complete,2016-09-28,2016-10-21,15,0.5,0.5,0.0,,pp,15,,0.0,0.0,,,,,,,
RBI,E02,POST_14,IN_REPO,complete,2016-09-28,2016-10-21,15,6.5,6.25,-0.25,,pp,15,,176.0,17.0,,,,,,,
RBI,E02,POST_30,USDINR,complete,2016-09-28,2016-11-16,31,66.4482,67.7791,2.002913547695795,0.019831191081326947,%,31,4.780067385460329,0.0,0.0,-1.9635846448241456,-1.7065449099032293,751.0,0.4438964018668612,2.4364755089522787,0.6321446756948378,80.29294274300932
RBI,E02,POST_30,BRENT,complete,2016-09-28,2016-11-16,31,45.49,45.07,-0.9232798417234567,-0.009275684879355822,%,31,41.609192096159106,0.0,0.0,,,751.0,-3.359816759629275,14.768388125210954,0.16860249473274874,55.25965379494008
RBI,E02,POST_30,GOLD_USD,complete,2016-09-28,2016-11-16,31,1324.8,1225.7,-7.480374396135259,-0.0777493952838757,%,31,15.69374847669098,0.0,0.0,,,751.0,0.15153284442230852,5.128904802994248,-1.545428894102382,6.125166444740346
RBI,E02,POST_30,NIFTY50,complete,2016-09-28,2016-11-16,31,8745.15,8111.6,-7.244586999651226,-0.07520412501375062,%,31,15.92456093741506,0.0,0.0,,,751.0,1.6763746909322474,5.1965314629264805,-1.7671193145774386,5.0599201065246335
RBI,E02,POST_30,DXY_BROAD,complete,2016-09-28,2016-11-16,31,112.6283,116.8062,3.709458457599024,0.036423134900940686,%,31,5.656143788626944,0.0,0.0,,,751.0,0.7284442484495779,1.7689929262647472,1.6486835752356166,97.07057256990679
RBI,E02,POST_30,VIX,complete,2016-09-28,2016-11-16,31,12.39,13.72,10.73446327683616,0.10196492665668809,%,31,143.64629794000118,0.0,0.0,,,,,,,
RBI,E02,POST_30,UST10Y,complete,2016-09-28,2016-11-16,31,1.57,2.22,0.6500000000000001,,pp,31,,0.0,0.0,,,,,,,
RBI,E02,POST_30,FFR_UPPER,complete,2016-09-28,2016-11-16,31,0.5,0.5,0.0,,pp,31,,0.0,0.0,,,,,,,
RBI,E02,POST_30,IN_REPO,complete,2016-09-28,2016-11-16,31,6.5,6.25,-0.25,,pp,31,,176.0,43.0,,,,,,,
RBI,E02,POST_90,USDINR,complete,2016-09-28,2017-02-10,91,66.4482,66.9367,0.7351591164245219,0.00732469993305336,%,91,4.201610687573648,0.0,0.0,-0.7297939695264377,-2.389899150458663,751.0,1.9450396402843628,4.276390662661844,-0.2791829846572854,35.81890812250333
RBI,E02,POST_90,BRENT,complete,2016-09-28,2017-02-10,91,45.49,55.2,21.345350626511326,0.19347043170113695,%,91,36.9470265181462,0.0,0.0,,,751.0,-9.323105660342978,25.790102347709105,1.129650581756782,89.88015978695073
RBI,E02,POST_90,GOLD_USD,complete,2016-09-28,2017-02-10,91,1324.8,1225.75,-7.476600241545894,-0.07770860309965262,%,91,14.575884286411167,0.0,0.0,,,751.0,-0.5591702939752086,7.128646849562509,-1.0114290914702713,14.247669773635153
RBI,E02,POST_90,NIFTY50,complete,2016-09-28,2017-02-10,91,8745.15,8793.55,0.5534496263643218,0.00551923721407563,%,91,13.674794868009549,0.0,0.0,,,751.0,4.557682151957931,8.732327585535531,-0.4471829285993225,36.21837549933422
RBI,E02,POST_90,DXY_BROAD,complete,2016-09-28,2017-02-10,91,112.6283,116.148,3.125058266883185,0.03077222367879465,%,91,6.23639827214433,0.0,0.0,,,751.0,2.2674737798888733,3.149917834911114,0.265109665371863,64.4474034620506
RBI,E02,POST_90,VIX,complete,2016-09-28,2017-02-10,91,12.39,10.85,-12.429378531073453,-0.1327246156545826,%,91,102.96060164872965,0.0,0.0,,,,,,,
RBI,E02,POST_90,UST10Y,complete,2016-09-28,2017-02-10,91,1.57,2.41,0.8400000000000001,,pp,91,,0.0,0.0,,,,,,,
RBI,E02,POST_90,FFR_UPPER,complete,2016-09-28,2017-02-10,91,0.5,0.75,0.25,,pp,91,,0.0,0.0,,,,,,,
RBI,E02,POST_90,IN_REPO,complete,2016-09-28,2017-02-10,91,6.5,6.25,-0.25,,pp,91,,176.0,129.0,,,,,,,
RBI,E03,PRE_30,USDINR,complete,2017-05-18,2017-06-29,29,64.3441,64.4715,0.19799795163815137,0.001978021940486416,%,29,4.798706421857437,0.0,0.0,-0.1976066944308852,2.184813192610491,751.0,0.17448317410073688,1.7941351876074885,0.013082105052007213,47.93608521970706
RBI,E03,PRE_30,BRENT,complete,2017-05-18,2017-06-29,29,51.71,47.02,-9.06981241539354,-0.09507814329620666,%,29,32.98737778673392,0.0,0.0,,,751.0,-2.8689375861680078,14.703870152028834,-0.4486518313961907,27.430093209054597
RBI,E03,PRE_30,GOLD_USD,complete,2017-05-18,2017-06-29,29,1261.35,1246.6,-1.1693820113370612,-0.01176273057226647,%,29,8.639800763266086,0.0,0.0,,,751.0,-0.2190010435355605,4.9095703460865066,-0.19493189591879725,43.00932090545938
RBI,E03,PRE_30,NIFTY50,complete,2017-05-18,2017-06-29,29,9429.45,9504.1,0.7916686551177499,0.007885514002318305,%,29,7.431828241395102,0.0,0.0,,,751.0,1.489619017083954,4.911210444809962,-0.14051154282047607,39.14780292942743
RBI,E03,PRE_30,DXY_BROAD,complete,2017-05-18,2017-06-29,29,114.2683,111.998,-1.9868152409723394,-0.02006817800956749,%,29,4.113672351258092,0.0,0.0,,,751.0,0.7522831793796092,1.8355986247625862,-1.5015730590410898,8.388814913448735
RBI,E03,PRE_30,VIX,complete,2017-05-18,2017-06-29,29,14.66,11.44,-21.964529331514328,-0.2480067105068536,%,29,104.61748011360264,0.0,0.0,,,,,,,
RBI,E03,PRE_30,UST10Y,complete,2017-05-18,2017-06-29,29,2.23,2.27,0.040000000000000036,,pp,29,,0.0,0.0,,,,,,,
RBI,E03,PRE_30,FFR_UPPER,complete,2017-05-18,2017-06-29,29,1.0,1.25,0.25,,pp,29,,0.0,0.0,,,,,,,
RBI,E03,PRE_30,IN_REPO,complete,2017-05-18,2017-06-29,29,6.25,6.25,0.0,,pp,29,,226.0,268.0,,,,,,,
RBI,E03,PRE_14,USDINR,complete,2017-06-09,2017-06-29,13,64.2584,64.4715,0.33162979470389153,0.0033108111582067145,%,13,3.376826307545152,0.0,0.0,-0.33053364665008855,1.1799232040076713,751.0,0.1138117471194855,1.2063912700954713,0.18015223630908297,57.65645805592543
RBI,E03,PRE_14,BRENT,complete,2017-06-09,2017-06-29,13,46.64,47.02,0.8147512864494111,0.008114501069686628,%,13,34.227927764149925,0.0,0.0,,,751.0,-1.340312450691794,9.558717940919314,0.2260581213372378,62.050599201065246
RBI,E03,PRE_14,GOLD_USD,complete,2017-06-09,2017-06-29,13,1274.25,1246.6,-2.169903865018641,-0.021937924845400907,%,13,6.416766356354247,0.0,0.0,,,751.0,-0.04075606660884912,3.409741273228749,-0.6314344514328424,27.430093209054597
RBI,E03,PRE_14,NIFTY50,complete,2017-06-09,2017-06-29,13,9668.25,9504.1,-1.6978253561916512,-0.017124036558730397,%,13,5.931341406268241,0.0,0.0,,,751.0,0.6088871551785058,3.3004836399281063,-0.7027590004254856,20.63914780292943
RBI,E03,PRE_14,DXY_BROAD,complete,2017-06-09,2017-06-29,13,112.9562,111.998,-0.8482934093037797,-0.008519118959661176,%,13,5.461368666876013,0.0,0.0,,,751.0,0.3225167258471995,1.1959671896429434,-0.9815567369492495,16.644474034620508
RBI,E03,PRE_14,VIX,complete,2017-06-09,2017-06-29,13,10.7,11.44,6.915887850467284,0.0668722444837913,%,13,110.67802564059504,0.0,0.0,,,,,,,
RBI,E03,PRE_14,UST10Y,complete,2017-06-09,2017-06-29,13,2.21,2.27,0.06000000000000005,,pp,13,,0.0,0.0,,,,,,,
RBI,E03,PRE_14,FFR_UPPER,complete,2017-06-09,2017-06-29,13,1.0,1.25,0.25,,pp,13,,0.0,0.0,,,,,,,
RBI,E03,PRE_14,IN_REPO,complete,2017-06-09,2017-06-29,13,6.25,6.25,0.0,,pp,13,,248.0,268.0,,,,,,,
RBI,E03,PRE_7,USDINR,complete,2017-06-20,2017-06-29,6,64.4672,64.4715,0.0066700585724221995,6.669836133906534e-05,%,6,2.366906011614433,0.0,0.0,-0.006669613705279076,1.1294759609400407,751.0,0.053658383466093085,0.7773059963984639,-0.06043200050815692,47.802929427430094
RBI,E03,PRE_7,BRENT,complete,2017-06-20,2017-06-29,6,43.98,47.02,6.91223283310598,0.06683805798530854,%,6,29.582100244637825,0.0,0.0,,,751.0,-0.6937614766576616,6.307231456700613,1.1700831084737775,89.61384820239681
RBI,E03,PRE_7,GOLD_USD,complete,2017-06-20,2017-06-29,6,1246.5,1246.6,0.008022462896106752,8.022141113761953e-05,%,6,5.797738262207201,0.0,0.0,,,751.0,-0.023694315636135777,2.222992528111716,0.014268722856800703,51.398135818908116
RBI,E03,PRE_7,NIFTY50,complete,2017-06-20,2017-06-29,6,9653.5,9504.1,-1.54762521365307,-0.015597259443277911,%,6,4.887287281135374,0.0,0.0,,,751.0,0.28970033189765765,2.324621214663973,-0.7954016085899991,19.44074567243675
RBI,E03,PRE_7,DXY_BROAD,complete,2017-06-20,2017-06-29,6,113.2698,111.998,-1.1228059023676185,-0.011291569525673702,%,6,2.7032496101187053,0.0,0.0,,,751.0,0.1474375563429442,0.8074152887604522,-1.5809533758263634,5.725699067909454
RBI,E03,PRE_7,VIX,complete,2017-06-20,2017-06-29,6,10.86,11.44,5.340699815837935,0.05202967144586244,%,6,140.0625375494871,0.0,0.0,,,,,,,
RBI,E03,PRE_7,UST10Y,complete,2017-06-20,2017-06-29,6,2.16,2.27,0.10999999999999988,,pp,6,,0.0,0.0,,,,,,,
RBI,E03,PRE_7,FFR_UPPER,complete,2017-06-20,2017-06-29,6,1.25,1.25,0.0,,pp,6,,0.0,0.0,,,,,,,
RBI,E03,PRE_7,IN_REPO,complete,2017-06-20,2017-06-29,6,6.25,6.25,0.0,,pp,6,,259.0,268.0,,,,,,,
RBI,E03,EVENT,USDINR,complete,2017-06-29,2017-06-30,1,64.4715,64.7379,0.41320583513644316,0.004123544842407671,%,1,,0.0,0.0,-0.4115054705203458,0.4207059690674142,751.0,0.012123841876987562,0.3019410951345338,1.3255280042743907,92.54327563249002
RBI,E03,EVENT,BRENT,complete,2017-06-29,2017-06-30,1,47.02,47.08,0.12760527435133895,0.0012752392801525072,%,1,,0.0,0.0,,,751.0,-0.11418986039475332,2.448808279297117,0.09873334582770249,58.72170439414115
RBI,E03,EVENT,GOLD_USD,complete,2017-06-29,2017-06-30,1,1246.6,1243.25,-0.2687309481790412,-0.002690926779902232,%,1,,0.0,0.0,,,751.0,-0.0049433042646152,0.8609367198011675,-0.30681610560332967,37.150466045272964
RBI,E03,EVENT,NIFTY50,complete,2017-06-29,2017-06-30,1,9504.1,9520.9,0.1767658168579711,0.001766097699525858,%,1,,0.0,0.0,,,751.0,0.03692101899697153,0.9068594934119666,0.15404322952065339,57.25699067909454
RBI,E03,EVENT,DXY_BROAD,complete,2017-06-29,2017-06-30,1,111.998,111.9896,-0.007500133930971042,-7.50041520508e-05,%,1,,0.0,0.0,,,751.0,0.023887358846597095,0.35074884402964385,-0.08947975741218325,43.40878828229028
RBI,E03,EVENT,VIX,complete,2017-06-29,2017-06-30,1,11.44,11.18,-2.2727272727272707,-0.02298951822469872,%,1,,0.0,0.0,,,,,,,
RBI,E03,EVENT,UST10Y,complete,2017-06-29,2017-06-30,1,2.27,2.31,0.040000000000000036,,pp,1,,0.0,0.0,,,,,,,
RBI,E03,EVENT,FFR_UPPER,complete,2017-06-29,2017-06-30,1,1.25,1.25,0.0,,pp,1,,0.0,0.0,,,,,,,
RBI,E03,EVENT,IN_REPO,complete,2017-06-29,2017-06-30,1,6.25,6.25,0.0,,pp,1,,268.0,269.0,,,,,,,
RBI,E03,POST_7,USDINR,complete,2017-06-29,2017-07-11,8,64.4715,64.5025,0.04808326159619902,0.00048071705300251327,%,8,3.327733125840589,0.0,0.0,-0.048060152707241066,-0.08174048525642075,751.0,0.08090473688482369,0.9044813420108415,-0.036264232129940344,49.2676431424767
RBI,E03,POST_7,BRENT,complete,2017-06-29,2017-07-11,8,47.02,46.68,-0.7230965546575985,-0.007257235693568277,%,8,43.05047319453239,0.0,0.0,,,751.0,-0.9286021960144497,7.3971252964535354,0.02801318174475988,52.729693741677764
RBI,E03,POST_7,GOLD_USD,complete,2017-06-29,2017-07-11,8,1246.6,1211.9,-2.783571313973998,-0.028230469400308388,%,8,7.864510982826293,0.0,0.0,,,751.0,-0.03988536414469834,2.6403497375649136,-1.0540852145314237,14.647137150466044
RBI,E03,POST_7,NIFTY50,complete,2017-06-29,2017-07-11,8,9504.1,9786.05,2.96661440851842,0.029234617743296037,%,8,6.959038169870342,0.0,0.0,,,751.0,0.34824807929993984,2.6197730409806748,0.9832220708489486,87.61651131824235
RBI,E03,POST_7,DXY_BROAD,complete,2017-06-29,2017-07-11,8,111.998,112.1434,0.12982374685261977,0.0012973954869131231,%,8,3.0685195537759564,0.0,0.0,,,751.0,0.1988649841707657,0.931593703593592,-0.07398929443796848,45.67243675099867
RBI,E03,POST_7,VIX,complete,2017-06-29,2017-07-11,8,11.44,10.89,-4.807692307692301,-0.049271049006782676,%,8,102.86223733179054,0.0,0.0,,,,,,,
RBI,E03,POST_7,UST10Y,complete,2017-06-29,2017-07-11,8,2.27,2.37,0.10000000000000009,,pp,8,,0.0,0.0,,,,,,,
RBI,E03,POST_7,FFR_UPPER,complete,2017-06-29,2017-07-11,8,1.25,1.25,0.0,,pp,8,,0.0,0.0,,,,,,,
RBI,E03,POST_7,IN_REPO,complete,2017-06-29,2017-07-11,8,6.25,6.25,0.0,,pp,8,,268.0,280.0,,,,,,,
RBI,E03,POST_14,USDINR,complete,2017-06-29,2017-07-20,15,64.4715,64.4273,-0.06855742459846992,-0.0006858093594727209,%,15,2.5648470779614367,0.0,0.0,0.06860445804806048,1.491113283807044,751.0,0.1380489043693034,1.2884549043813798,-0.16029636715971016,41.944074567243675
RBI,E03,POST_14,BRENT,complete,2017-06-29,2017-07-20,15,47.02,48.54,3.2326669502339422,0.03181515718653186,%,15,31.861481337151798,0.0,0.0,,,751.0,-1.7188218514120224,10.277735178691112,0.4782455187358287,71.37150466045273
RBI,E03,POST_14,GOLD_USD,complete,2017-06-29,2017-07-20,15,1246.6,1236.55,-0.8061928445371347,-0.008094601514282623,%,15,8.875875560325976,0.0,0.0,,,751.0,-0.05621482004654066,3.66863463104541,-0.20531603734905735,40.74567243675099
RBI,E03,POST_14,NIFTY50,complete,2017-06-29,2017-07-20,15,9504.1,9873.3,3.8846392609505287,0.038110859618155975,%,15,8.094118685858534,0.0,0.0,,,751.0,0.6811545329484803,3.5037755896928453,0.8939615923328275,81.89081225033289
RBI,E03,POST_14,DXY_BROAD,complete,2017-06-29,2017-07-20,15,111.998,110.2512,-1.559670708405514,-0.01571961537133407,%,15,4.009565241385114,0.0,0.0,,,751.0,0.36864428755687406,1.2895464383403128,-1.5043490791004885,7.456724367509987
RBI,E03,POST_14,VIX,complete,2017-06-29,2017-07-20,15,11.44,9.58,-16.25874125874125,-0.17743839396888256,%,15,79.97668209126016,0.0,0.0,,,,,,,
RBI,E03,POST_14,UST10Y,complete,2017-06-29,2017-07-20,15,2.27,2.27,0.0,,pp,15,,0.0,0.0,,,,,,,
RBI,E03,POST_14,FFR_UPPER,complete,2017-06-29,2017-07-20,15,1.25,1.25,0.0,,pp,15,,0.0,0.0,,,,,,,
RBI,E03,POST_14,IN_REPO,complete,2017-06-29,2017-07-20,15,6.25,6.25,0.0,,pp,15,,268.0,289.0,,,,,,,
RBI,E03,POST_30,USDINR,complete,2017-06-29,2017-08-11,31,64.4715,64.1693,-0.4687342469153033,-0.004698362508816234,%,31,3.4206423630247373,0.0,0.0,0.4709417120024595,1.2775469366772652,751.0,0.2857992841812429,1.7673716055064768,-0.4273169847469695,29.294274300932088
RBI,E03,POST_30,BRENT,complete,2017-06-29,2017-08-11,31,47.02,51.47,9.464057847724373,0.0904260705527397,%,31,29.840292451755197,0.0,0.0,,,751.0,-3.2679356600375797,15.281498069955306,0.8091570783784546,80.0266311584554
RBI,E03,POST_30,GOLD_USD,complete,2017-06-29,2017-08-11,31,1246.6,1288.3,3.3450986683779993,0.032903674422728936,%,31,9.50244268102693,0.0,0.0,,,751.0,-0.11904603909724809,5.012984357433107,0.6801306675531968,78.29560585885486
RBI,E03,POST_30,NIFTY50,complete,2017-06-29,2017-08-11,31,9504.1,9710.8,2.174850853842014,0.02151538374835836,%,31,9.057990626925285,0.0,0.0,,,751.0,1.4358699611157766,4.942041463737118,0.14687845165521043,49.2676431424767
RBI,E03,POST_30,DXY_BROAD,complete,2017-06-29,2017-08-11,31,111.998,110.0422,-1.7462811835925685,-0.017617085406358545,%,31,3.3169877038260824,0.0,0.0,,,751.0,0.7686906695949292,1.953726248303426,-1.293661197014347,10.652463382157123
RBI,E03,POST_30,VIX,complete,2017-06-29,2017-08-11,31,11.44,15.51,35.57692307692308,0.30436899123679567,%,31,125.34812485014342,0.0,0.0,,,,,,,
RBI,E03,POST_30,UST10Y,complete,2017-06-29,2017-08-11,31,2.27,2.19,-0.08000000000000007,,pp,31,,0.0,0.0,,,,,,,
RBI,E03,POST_30,FFR_UPPER,complete,2017-06-29,2017-08-11,31,1.25,1.25,0.0,,pp,31,,0.0,0.0,,,,,,,
RBI,E03,POST_30,IN_REPO,complete,2017-06-29,2017-08-11,31,6.25,6.0,-0.25,,pp,31,,268.0,9.0,,,,,,,
RBI,E03,POST_90,USDINR,complete,2017-06-29,2017-11-13,91,64.4715,65.4272,1.4823604228224818,0.014714808452993828,%,91,4.1879462174611115,0.0,0.0,-1.4607074733444136,1.67406027460556,751.0,0.723841717282725,2.838621205664605,0.26429954341699197,54.19440745672437
RBI,E03,POST_90,BRENT,complete,2017-06-29,2017-11-13,91,47.02,62.94,33.85793279455549,0.2916088485243372,%,91,24.67055855726053,0.0,0.0,,,751.0,-8.811133906604073,26.663078373217537,1.439617068296265,94.14114513981359
RBI,E03,POST_90,GOLD_USD,complete,2017-06-29,2017-11-13,91,1246.6,1278.4,2.550938552863813,0.025189450637260233,%,91,11.296347764491037,0.0,0.0,,,751.0,-0.34067363698221387,7.541119848166512,0.3792805806356374,66.44474034620505
RBI,E03,POST_90,NIFTY50,complete,2017-06-29,2017-11-13,91,9504.1,10224.95,7.5846213739333646,0.07310752749090309,%,91,9.539895163998596,0.0,0.0,,,751.0,4.5383313875033915,9.034534285105966,0.31793450430535214,57.65645805592543
RBI,E03,POST_90,DXY_BROAD,complete,2017-06-29,2017-11-13,91,111.998,111.7833,-0.19169985178307813,-0.001918838311119466,%,91,3.850598925072471,0.0,0.0,,,751.0,2.391126158572998,3.5003934150410405,-0.729880888699372,25.166444740346204
RBI,E03,POST_90,VIX,complete,2017-06-29,2017-11-13,91,11.44,11.5,0.5244755244755206,0.005231049417552503,%,91,114.33484736664758,0.0,0.0,,,,,,,
RBI,E03,POST_90,UST10Y,complete,2017-06-29,2017-11-13,91,2.27,2.4,0.1299999999999999,,pp,91,,0.0,0.0,,,,,,,
RBI,E03,POST_90,FFR_UPPER,complete,2017-06-29,2017-11-13,91,1.25,1.25,0.0,,pp,91,,0.0,0.0,,,,,,,
RBI,E03,POST_90,IN_REPO,complete,2017-06-29,2017-11-13,91,6.25,6.0,-0.25,,pp,91,,268.0,103.0,,,,,,,
RBI,E04,PRE_30,USDINR,complete,2019-01-04,2019-02-14,29,69.8653,70.9408,1.5393907991520628,0.0152766238987418,%,29,5.6583440319523195,0.0,0.0,-1.5160528215074964,1.4362443093940858,751.0,0.28691250315682204,2.008222077537478,0.6180395629230232,73.90146471371504
RBI,E04,PRE_30,BRENT,complete,2019-01-04,2019-02-14,29,55.64,64.0,15.025161754133709,0.13998071630442963,%,29,26.617588444534952,0.0,0.0,,,751.0,0.7904059936702845,12.989000678010786,1.017073854210327,88.1491344873502
RBI,E04,PRE_30,GOLD_USD,complete,2019-01-04,2019-02-14,29,1290.35,1305.65,1.185724803347954,0.011787501660026341,%,29,7.832235905834225,0.0,0.0,,,751.0,0.3940110154303067,4.551413596305227,0.17258667541894449,58.988015978695074
RBI,E04,PRE_30,NIFTY50,complete,2019-01-04,2019-02-14,29,10727.35,10746.05,0.17432077819776737,0.0017416901587245749,%,29,10.528110469695761,0.0,0.0,,,751.0,1.1400708960341843,4.413268381529305,-0.21740169970679443,30.62583222370173
RBI,E04,PRE_30,DXY_BROAD,complete,2019-01-04,2019-02-14,29,114.9821,115.1007,0.10314648975797702,0.001030933303178207,%,29,3.7983401615736225,0.0,0.0,,,751.0,0.1868007288372997,1.8579693898501886,-0.04495937521239047,47.93608521970706
RBI,E04,PRE_30,VIX,complete,2019-01-04,2019-02-14,29,21.38,16.22,-24.13470533208606,-0.27621085690963226,%,29,82.03863998386238,0.0,0.0,,,,,,,
RBI,E04,PRE_30,UST10Y,complete,2019-01-04,2019-02-14,29,2.67,2.66,-0.009999999999999787,,pp,29,,0.0,0.0,,,,,,,
RBI,E04,PRE_30,FFR_UPPER,complete,2019-01-04,2019-02-14,29,2.5,2.5,0.0,,pp,29,,0.0,0.0,,,,,,,
RBI,E04,PRE_30,IN_REPO,complete,2019-01-04,2019-02-14,29,6.5,6.25,-0.25,,pp,29,,156.0,7.0,,,,,,,
RBI,E04,PRE_14,USDINR,complete,2019-01-28,2019-02-14,13,71.134,70.9408,-0.2716000787246653,-0.0027196958093565924,%,13,5.811188934909269,0.0,0.0,0.27233975371014907,-1.1909159709214023,751.0,0.10825292959630861,1.2598149529452203,-0.3017617455731861,36.61784287616511
RBI,E04,PRE_14,BRENT,complete,2019-01-28,2019-02-14,13,59.71,64.0,7.18472617651984,0.06938357280077075,%,13,19.338422962143724,0.0,0.0,,,751.0,0.7538987044615864,8.614790038694954,0.7182167135168861,76.83089214380826
RBI,E04,PRE_14,GOLD_USD,complete,2019-01-28,2019-02-14,13,1301.0,1305.65,0.3574173712528994,0.0035678015326700463,%,13,7.079356851882233,0.0,0.0,,,751.0,0.3245605193299195,2.859800547486303,0.011450167303180778,52.86284953395472
RBI,E04,PRE_14,NIFTY50,complete,2019-01-28,2019-02-14,13,10661.55,10746.05,0.7925676848113072,0.007894433645142434,%,13,11.826578247349467,0.0,0.0,,,751.0,0.581288653032086,2.8618116788049512,0.07332336951392658,47.003994673768304
RBI,E04,PRE_14,DXY_BROAD,complete,2019-01-28,2019-02-14,13,114.0522,115.1007,0.919315892196737,0.009151159047924974,%,13,3.5837671300084204,0.0,0.0,,,751.0,0.028248217094284378,1.1786112647164222,0.75247174645767,77.3635153129161
RBI,E04,PRE_14,VIX,complete,2019-01-28,2019-02-14,13,18.87,16.22,-14.043455219925816,-0.15132831069319208,%,13,63.052671242826804,0.0,0.0,,,,,,,
RBI,E04,PRE_14,UST10Y,complete,2019-01-28,2019-02-14,13,2.75,2.66,-0.08999999999999986,,pp,13,,0.0,0.0,,,,,,,
RBI,E04,PRE_14,FFR_UPPER,complete,2019-01-28,2019-02-14,13,2.5,2.5,0.0,,pp,13,,0.0,0.0,,,,,,,
RBI,E04,PRE_14,IN_REPO,complete,2019-01-28,2019-02-14,13,6.5,6.25,-0.25,,pp,13,,180.0,7.0,,,,,,,
RBI,E04,PRE_7,USDINR,complete,2019-02-06,2019-02-14,6,71.5731,70.9408,-0.8834324627548629,-0.008873578632783855,%,6,5.825371952523295,0.0,0.0,0.8913065541973131,-1.645225504017911,751.0,0.059240770668567144,0.8190672273094403,-1.1556818072661577,9.187749667110518
RBI,E04,PRE_7,BRENT,complete,2019-02-06,2019-02-14,6,62.22,64.0,2.8608164577306416,0.028206591890180977,%,6,22.086883547423614,0.0,0.0,,,751.0,0.4362933818530257,5.698660770527728,0.41857462718157584,66.57789613848203
RBI,E04,PRE_7,GOLD_USD,complete,2019-02-06,2019-02-14,6,1313.35,1305.65,-0.5862869760535849,-0.005880123853502543,%,6,6.154981872749274,0.0,0.0,,,751.0,0.16449695300120304,1.901465247176914,-0.3956812733864536,33.15579227696405
RBI,E04,PRE_7,NIFTY50,complete,2019-02-06,2019-02-14,6,11062.45,10746.05,-2.8601259214731,-0.029018245359917306,%,6,6.170692446632723,0.0,0.0,,,751.0,0.25883032983102794,2.0075687092014927,-1.5742028965260557,6.524633821571238
RBI,E04,PRE_7,DXY_BROAD,complete,2019-02-06,2019-02-14,6,114.2305,115.1007,0.761793041263048,0.007589060507329398,%,6,3.721253928847222,0.0,0.0,,,751.0,0.004729719286422629,0.7857078409624357,0.959868801067827,83.75499334221038
RBI,E04,PRE_7,VIX,complete,2019-02-06,2019-02-14,6,15.38,16.22,5.46163849154746,0.05317708460976891,%,6,63.39584398523495,0.0,0.0,,,,,,,
RBI,E04,PRE_7,UST10Y,complete,2019-02-06,2019-02-14,6,2.7,2.66,-0.040000000000000036,,pp,6,,0.0,0.0,,,,,,,
RBI,E04,PRE_7,FFR_UPPER,complete,2019-02-06,2019-02-14,6,2.5,2.5,0.0,,pp,6,,0.0,0.0,,,,,,,
RBI,E04,PRE_7,IN_REPO,complete,2019-02-06,2019-02-14,6,6.5,6.25,-0.25,,pp,6,,189.0,7.0,,,,,,,
RBI,E04,EVENT,USDINR,complete,2019-02-14,2019-02-15,1,70.9408,71.2515,0.4379708151021733,0.00437014514123844,%,1,,0.0,0.0,-0.4360609952071104,0.532149217144906,751.0,0.0077865715399250135,0.3344288581840936,1.283466528732947,91.34487350199734
RBI,E04,EVENT,BRENT,complete,2019-02-14,2019-02-15,1,64.0,65.65,2.578125000000009,0.025454517389133423,%,1,,0.0,0.0,,,751.0,0.08595573201788387,2.2448998326989082,1.095609207971806,90.14647137150466
RBI,E04,EVENT,GOLD_USD,complete,2019-02-14,2019-02-15,1,1305.65,1318.0,0.9458890207942439,0.009414435017277411,%,1,,0.0,0.0,,,751.0,0.02330948222137863,0.7589926850192015,1.209677976963458,90.14647137150466
RBI,E04,EVENT,NIFTY50,complete,2019-02-14,2019-02-15,1,10746.05,10724.4,-0.20146937711996715,-0.0020167259966956514,%,1,,0.0,0.0,,,751.0,0.04669129294894159,0.7935934199126249,-0.3129473977411558,33.55525965379494
RBI,E04,EVENT,DXY_BROAD,complete,2019-02-14,2019-02-15,1,115.1007,114.9923,-0.09417840204273276,-0.0009422277776354027,%,1,,0.0,0.0,,,751.0,0.0005205649573403193,0.32872154094868916,-0.28821762362309944,37.017310252996005
RBI,E04,EVENT,VIX,complete,2019-02-14,2019-02-15,1,16.22,14.91,-8.076448828606653,-0.08421291991061974,%,1,,0.0,0.0,,,,,,,
RBI,E04,EVENT,UST10Y,complete,2019-02-14,2019-02-15,1,2.66,2.66,0.0,,pp,1,,0.0,0.0,,,,,,,
RBI,E04,EVENT,FFR_UPPER,complete,2019-02-14,2019-02-15,1,2.5,2.5,0.0,,pp,1,,0.0,0.0,,,,,,,
RBI,E04,EVENT,IN_REPO,complete,2019-02-14,2019-02-15,1,6.25,6.25,0.0,,pp,1,,7.0,8.0,,,,,,,
RBI,E04,POST_7,USDINR,complete,2019-02-14,2019-02-27,8,70.9408,71.1663,0.3178706752672733,0.003173665344975611,%,8,4.356728598744137,0.0,0.0,-0.3168634592496833,1.2426261285355955,751.0,0.07304555897418297,0.9702949869026251,0.25182820081077467,64.58055925432757
RBI,E04,POST_7,BRENT,complete,2019-02-14,2019-02-27,8,64.0,65.55,2.4218749999999956,0.02393012685003695,%,8,32.92854924367498,0.0,0.0,,,751.0,0.5954360848232865,6.672828825651278,0.26965210140710005,60.45272969374168
RBI,E04,POST_7,GOLD_USD,complete,2019-02-14,2019-02-27,8,1305.65,1326.45,1.5930762455481862,0.015805199644678577,%,8,13.81546007901046,0.0,0.0,,,751.0,0.2121302807048142,2.216340263136406,0.6175109414027709,72.83621837549934
RBI,E04,POST_7,NIFTY50,complete,2019-02-14,2019-02-27,8,10746.05,10806.65,0.5639281410378727,0.005623440190460407,%,8,9.591608645003976,0.0,0.0,,,751.0,0.35428419381935417,2.244608443611945,0.09297208780667046,48.33555259653795
RBI,E04,POST_7,DXY_BROAD,complete,2019-02-14,2019-02-27,8,115.1007,114.0363,-0.9247554532683222,-0.009290578615555607,%,8,1.8954194874807422,0.0,0.0,,,751.0,0.006993353425821525,0.8975695486920338,-1.042872913660959,14.513981358189081
RBI,E04,POST_7,VIX,complete,2019-02-14,2019-02-27,8,16.22,14.7,-9.371146732429104,-0.09839755490257628,%,8,96.05813469238012,0.0,0.0,,,,,,,
RBI,E04,POST_7,UST10Y,complete,2019-02-14,2019-02-27,8,2.66,2.69,0.029999999999999805,,pp,8,,0.0,0.0,,,,,,,
RBI,E04,POST_7,FFR_UPPER,complete,2019-02-14,2019-02-27,8,2.5,2.5,0.0,,pp,8,,0.0,0.0,,,,,,,
RBI,E04,POST_7,IN_REPO,complete,2019-02-14,2019-02-27,8,6.25,6.25,0.0,,pp,8,,7.0,20.0,,,,,,,
RBI,E04,POST_14,USDINR,complete,2019-02-14,2019-03-11,15,70.9408,69.9308,-1.4237223149442757,-0.014339544755717715,%,15,4.923601345308652,0.0,0.0,1.4442849216653952,-1.5940079865344625,751.0,0.13796929727460938,1.350935790863842,-1.1635110219855793,9.587217043941411
RBI,E04,POST_14,BRENT,complete,2019-02-14,2019-03-11,15,64.0,65.06,1.6562500000000036,0.016426837685533574,%,15,26.524977773343927,0.0,0.0,,,751.0,1.0937090760305246,8.922007351508023,0.062195917710798826,48.60186418109188
RBI,E04,POST_14,GOLD_USD,complete,2019-02-14,2019-03-11,15,1305.65,1296.35,-0.7122888982499243,-0.007148377864664592,%,15,14.109562427089669,0.0,0.0,,,751.0,0.4016874215682309,3.0970464868362346,-0.360253100110717,37.949400798934754
RBI,E04,POST_14,NIFTY50,complete,2019-02-14,2019-03-11,15,10746.05,11168.05,3.9270243484815337,0.03851877789745328,%,15,9.643510582925261,0.0,0.0,,,751.0,0.6535293571565459,3.0764034664324313,1.0403299540801194,87.0838881491345
RBI,E04,POST_14,DXY_BROAD,complete,2019-02-14,2019-03-11,15,115.1007,115.2967,0.17028567159018682,0.001701408499241643,%,15,3.310783055864291,0.0,0.0,,,751.0,0.012163182783186954,1.2674823141410339,0.12463953542669166,56.3249001331558
RBI,E04,POST_14,VIX,complete,2019-02-14,2019-03-11,15,16.22,14.33,-11.652281134401965,-0.12388980684718628,%,15,104.78699268797061,0.0,0.0,,,,,,,
RBI,E04,POST_14,UST10Y,complete,2019-02-14,2019-03-11,15,2.66,2.64,-0.020000000000000018,,pp,15,,0.0,0.0,,,,,,,
RBI,E04,POST_14,FFR_UPPER,complete,2019-02-14,2019-03-11,15,2.5,2.5,0.0,,pp,15,,0.0,0.0,,,,,,,
RBI,E04,POST_14,IN_REPO,complete,2019-02-14,2019-03-11,15,6.25,6.25,0.0,,pp,15,,7.0,32.0,,,,,,,
RBI,E04,POST_30,USDINR,complete,2019-02-14,2019-04-04,31,70.9408,68.8446,-2.9548581352338843,-0.029993935691283002,%,31,6.039478497462283,0.0,0.0,3.0448284978051854,-2.8410447526914684,751.0,0.2632951590872956,2.0829663841209345,-1.5662003662699049,7.456724367509987
RBI,E04,POST_30,BRENT,complete,2019-02-14,2019-04-04,31,64.0,69.8,9.062499999999996,0.0867509264086549,%,31,24.819948159329716,0.0,0.0,,,751.0,1.8929132850691088,13.03024130888429,0.5218531165621819,67.7762982689747
RBI,E04,POST_30,GOLD_USD,complete,2019-02-14,2019-04-04,31,1305.65,1291.6,-1.0760923677861745,-0.010819241161055145,%,31,11.604368256323292,0.0,0.0,,,751.0,0.8020452499636566,4.541443446749005,-0.41413486709965636,33.422103861517975
RBI,E04,POST_30,NIFTY50,complete,2019-02-14,2019-04-04,31,10746.05,11598.0,7.928029368930911,0.07629442426434369,%,31,9.966730846037576,0.0,0.0,,,751.0,1.3624452557270406,4.492195110384178,1.3971332171416235,96.40479360852197
RBI,E04,POST_30,DXY_BROAD,complete,2019-02-14,2019-04-04,31,115.1007,114.9697,-0.11381338254241591,-0.0011387819915729981,%,31,3.555640213734026,0.0,0.0,,,751.0,0.05476130798494072,1.9255524659576837,-0.08757201976618602,48.60186418109188
RBI,E04,POST_30,VIX,complete,2019-02-14,2019-04-04,31,16.22,13.58,-16.276202219482116,-0.17764692655671674,%,31,98.46882399708986,0.0,0.0,,,,,,,
RBI,E04,POST_30,UST10Y,complete,2019-02-14,2019-04-04,31,2.66,2.51,-0.15000000000000036,,pp,31,,0.0,0.0,,,,,,,
RBI,E04,POST_30,FFR_UPPER,complete,2019-02-14,2019-04-04,31,2.5,2.5,0.0,,pp,31,,0.0,0.0,,,,,,,
RBI,E04,POST_30,IN_REPO,complete,2019-02-14,2019-04-04,31,6.25,6.0,-0.25,,pp,31,,7.0,0.0,,,,,,,
RBI,E04,POST_90,USDINR,complete,2019-02-14,2019-07-04,91,70.9408,68.8545,-2.9409028372953117,-0.029850143901546326,%,91,5.24131015741562,0.0,0.0,3.030012562722839,-2.691382200148884,751.0,0.9904450406825749,3.412231085903768,-1.163633579388744,10.918774966711052
RBI,E04,POST_90,BRENT,complete,2019-02-14,2019-07-04,91,64.0,63.62,-0.593750000000004,-0.005955197038673846,%,91,30.493418391194528,0.0,0.0,,,751.0,4.729429855660161,20.074633552319007,-0.2598561848715967,31.158455392809586
RBI,E04,POST_90,GOLD_USD,complete,2019-02-14,2019-07-04,91,1305.65,1415.25,8.394286370773173,0.0806051928715941,%,91,12.891146176697285,0.0,0.0,,,751.0,1.4831412484311413,7.380303373524355,0.8926826840782396,83.88814913448735
RBI,E04,POST_90,NIFTY50,complete,2019-02-14,2019-07-04,91,10746.05,11946.75,11.17340790336916,0.10592102967081524,%,91,12.764006965959338,0.0,0.0,,,751.0,3.695431907335278,6.9037765669409765,1.008624073458204,82.02396804260985
RBI,E04,POST_90,DXY_BROAD,complete,2019-02-14,2019-07-04,91,115.1007,114.8135,-0.24952063714642758,-0.002498324587023264,%,91,3.354495576351032,0.0,1.0,,,751.0,0.4200818634983783,3.247235087667967,-0.20603203142464901,43.275632490013315
RBI,E04,POST_90,VIX,complete,2019-02-14,2019-07-04,91,16.22,12.57,-22.503082614056712,-0.25493202608511073,%,91,114.65483104402487,0.0,1.0,,,,,,,
RBI,E04,POST_90,UST10Y,complete,2019-02-14,2019-07-04,91,2.66,1.96,-0.7000000000000002,,pp,91,,0.0,1.0,,,,,,,
RBI,E04,POST_90,FFR_UPPER,complete,2019-02-14,2019-07-04,91,2.5,2.5,0.0,,pp,91,,0.0,0.0,,,,,,,
RBI,E04,POST_90,IN_REPO,complete,2019-02-14,2019-07-04,91,6.25,5.75,-0.5,,pp,91,,7.0,28.0,,,,,,,
RBI,E05,PRE_30,USDINR,complete,2019-11-21,2020-01-02,29,71.7996,71.3429,-0.6360759669970295,-0.006381075496975425,%,29,3.0584732720151506,0.0,0.0,0.640147793263246,0.8792118220447565,751.0,0.25043931724899604,2.1208191370758973,-0.4188163784279576,33.82157123834887
RBI,E05,PRE_30,BRENT,complete,2019-11-21,2020-01-02,29,64.99,67.05,3.1697184182181815,0.03120519782142996,%,29,20.388116659541886,0.0,0.0,,,751.0,0.9962539698885164,10.25592349407769,0.20760643422730748,53.66178428761651
RBI,E05,PRE_30,GOLD_USD,complete,2019-11-21,2020-01-02,29,1468.9,1520.55,3.516236639662318,0.034558290159149026,%,29,6.915090375840732,0.0,0.0,,,751.0,0.47143876188648903,4.031238178065742,0.7405908344637941,76.96404793608522
RBI,E05,PRE_30,NIFTY50,complete,2019-11-21,2020-01-02,29,11968.4,12282.2,2.6219043481167104,0.02588121663396327,%,29,9.43643807380203,0.0,0.0,,,751.0,1.1309142694941654,4.296141480846689,0.340667184198079,59.78695073235686
RBI,E05,PRE_30,DXY_BROAD,complete,2019-11-21,2020-01-02,29,116.7435,114.9745,-1.515287789041786,-0.01526885583586235,%,29,2.3227831972111503,0.0,0.0,,,751.0,0.1347522843193394,1.673380733827481,-0.9929283425500199,16.644474034620508
RBI,E05,PRE_30,VIX,complete,2019-11-21,2020-01-02,29,13.13,12.47,-5.026656511805028,-0.051573928622759745,%,29,106.2242735722543,0.0,0.0,,,,,,,
RBI,E05,PRE_30,UST10Y,complete,2019-11-21,2020-01-02,29,1.77,1.88,0.10999999999999988,,pp,29,,0.0,0.0,,,,,,,
RBI,E05,PRE_30,FFR_UPPER,complete,2019-11-21,2020-01-02,29,1.75,1.75,0.0,,pp,29,,0.0,0.0,,,,,,,
RBI,E05,PRE_30,IN_REPO,complete,2019-11-21,2020-01-02,29,5.15,5.15,0.0,,pp,29,,48.0,90.0,,,,,,,
RBI,E05,PRE_14,USDINR,complete,2019-12-13,2020-01-02,13,70.7178,71.3429,0.8839358690457155,0.00880052026282382,%,13,1.761027530659231,0.0,0.0,-0.8761909033695114,1.5081541916080687,751.0,0.11324780476287266,1.345529886006303,0.569937766859633,75.36617842876166
RBI,E05,PRE_14,BRENT,complete,2019-12-13,2020-01-02,13,67.44,67.05,-0.5782918149466187,-0.005799703965912482,%,13,19.51014960007534,0.0,0.0,,,751.0,0.5393880198755419,7.06845064985865,-0.15815473355728485,37.68308921438083
RBI,E05,PRE_14,GOLD_USD,complete,2019-12-13,2020-01-02,13,1470.6,1520.55,3.396572827417388,0.03340163073439651,%,13,6.888880835494109,0.0,0.0,,,751.0,0.24189659944244823,2.5410882636631547,1.219382505194006,87.48335552596538
RBI,E05,PRE_14,NIFTY50,complete,2019-12-13,2020-01-02,13,12086.7,12282.2,1.6174803709863017,0.016045385252766723,%,13,9.022347741843069,0.0,0.0,,,751.0,0.5754675082997096,2.8061427684334896,0.36730864789918205,60.31957390146472
RBI,E05,PRE_14,DXY_BROAD,complete,2019-12-13,2020-01-02,13,115.6967,114.9745,-0.6242183225623532,-0.0062617471080522475,%,13,2.7273258592584173,0.0,0.0,,,751.0,0.042496183082385564,1.0487977515706255,-0.6375508202756097,26.498002663115845
RBI,E05,PRE_14,VIX,complete,2019-12-13,2020-01-02,13,12.63,12.47,-1.2668250197941378,-0.012749176670454627,%,13,80.59321127074006,0.0,0.0,,,,,,,
RBI,E05,PRE_14,UST10Y,complete,2019-12-13,2020-01-02,13,1.82,1.88,0.05999999999999983,,pp,13,,0.0,0.0,,,,,,,
RBI,E05,PRE_14,FFR_UPPER,complete,2019-12-13,2020-01-02,13,1.75,1.75,0.0,,pp,13,,0.0,0.0,,,,,,,
RBI,E05,PRE_14,IN_REPO,complete,2019-12-13,2020-01-02,13,5.15,5.15,0.0,,pp,13,,70.0,90.0,,,,,,,
RBI,E05,PRE_7,USDINR,complete,2019-12-24,2020-01-02,6,71.1959,71.3429,0.20647256372909872,0.0020625970208147672,%,6,1.8598374337542543,0.0,0.0,-0.20604713293124188,0.9243979889449028,751.0,0.04664125989657375,0.869602650799919,0.18356581099741648,60.45272969374168
RBI,E05,PRE_7,BRENT,complete,2019-12-24,2020-01-02,6,69.26,67.05,-3.1908749639041445,-0.03242892924658853,%,6,7.2476810305510995,0.0,0.0,,,751.0,0.36533663077680245,4.602940606217292,-0.7837519817758106,20.239680426098534
RBI,E05,PRE_7,GOLD_USD,complete,2019-12-24,2020-01-02,6,1490.85,1520.55,1.9921521279806953,0.019725684414394214,%,6,9.222101342938455,0.0,0.0,,,751.0,0.1270877508644963,1.6997710799327597,1.0857705490401168,86.28495339547271
RBI,E05,PRE_7,NIFTY50,complete,2019-12-24,2020-01-02,6,12214.55,12282.2,0.5538476652844571,0.005523195687243896,%,6,11.504692186131717,0.0,0.0,,,751.0,0.3070315421514591,1.960761058770637,0.12533827349867488,49.80026631158455
RBI,E05,PRE_7,DXY_BROAD,complete,2019-12-24,2020-01-02,6,115.8059,114.9745,-0.717925425215804,-0.007205149109576699,%,6,3.552580600903509,1.0,0.0,,,751.0,0.0008937914417250781,0.6904999701688347,-1.0447628234201343,13.981358189081226
RBI,E05,PRE_7,VIX,complete,2019-12-24,2020-01-02,6,12.67,12.47,-1.5785319652722896,-0.01591123464110253,%,6,119.87604484306753,0.0,0.0,,,,,,,
RBI,E05,PRE_7,UST10Y,complete,2019-12-24,2020-01-02,6,1.9,1.88,-0.020000000000000018,,pp,6,,0.0,0.0,,,,,,,
RBI,E05,PRE_7,FFR_UPPER,complete,2019-12-24,2020-01-02,6,1.75,1.75,0.0,,pp,6,,0.0,0.0,,,,,,,
RBI,E05,PRE_7,IN_REPO,complete,2019-12-24,2020-01-02,6,5.15,5.15,0.0,,pp,6,,81.0,90.0,,,,,,,
RBI,E05,EVENT,USDINR,complete,2020-01-02,2020-01-03,1,71.3429,71.6949,0.49339177409384316,0.004921785857579927,%,1,,0.0,0.0,-0.4909693716010577,0.48278072555700824,751.0,0.005111888477049575,0.34242861081528353,1.4223894048276458,93.20905459387482
RBI,E05,EVENT,BRENT,complete,2020-01-02,2020-01-03,1,67.05,69.08,3.0275913497390006,0.02982664355079032,%,1,,0.0,0.0,,,751.0,0.04579838676292969,1.925921143151351,1.5249204065389323,95.60585885486019
RBI,E05,EVENT,GOLD_USD,complete,2020-01-02,2020-01-03,1,1520.55,1547.4,1.7658084245832262,0.017503991618835917,%,1,,0.0,0.0,,,751.0,0.032952485804593756,0.6899031613487623,2.489410399077678,98.66844207723035
RBI,E05,EVENT,NIFTY50,complete,2020-01-02,2020-01-03,1,12282.2,12226.65,-0.45228053606032326,-0.004533064188910619,%,1,,0.0,0.0,,,751.0,0.05767725859380235,0.7702499469821764,-0.6633782352715921,23.03595206391478
RBI,E05,EVENT,DXY_BROAD,complete,2020-01-02,2020-01-03,1,114.9745,114.9867,0.010611048536834922,0.00010610485604901302,%,1,,0.0,0.0,,,751.0,-0.003498728305073584,0.2665117400563207,0.05294053880672181,55.792276964047936
RBI,E05,EVENT,VIX,complete,2020-01-02,2020-01-03,1,12.47,14.02,12.429831595829977,0.11715912191449881,%,1,,0.0,0.0,,,,,,,
RBI,E05,EVENT,UST10Y,complete,2020-01-02,2020-01-03,1,1.88,1.8,-0.07999999999999985,,pp,1,,0.0,0.0,,,,,,,
RBI,E05,EVENT,FFR_UPPER,complete,2020-01-02,2020-01-03,1,1.75,1.75,0.0,,pp,1,,0.0,0.0,,,,,,,
RBI,E05,EVENT,IN_REPO,complete,2020-01-02,2020-01-03,1,5.15,5.15,0.0,,pp,1,,90.0,91.0,,,,,,,
RBI,E05,POST_7,USDINR,complete,2020-01-02,2020-01-14,8,71.3429,70.9242,-0.586883908559932,-0.005886128400363796,%,8,8.254661970113778,0.0,0.0,0.590348569317678,-0.6298499575534078,751.0,0.047914403245297166,1.0085257008908832,-0.6311349006124597,23.56857523302264
RBI,E05,POST_7,BRENT,complete,2020-01-02,2020-01-14,8,67.05,64.45,-3.877703206562255,-0.039548880342491016,%,8,36.27618956161835,0.0,0.0,,,751.0,0.4317282064975947,5.383574768441575,-0.8146421581985308,20.905459387483354
RBI,E05,POST_7,GOLD_USD,complete,2020-01-02,2020-01-14,8,1520.55,1544.95,1.6046825161948108,0.01591943585210501,%,8,21.590455540519603,0.0,0.0,,,751.0,0.22892976616988303,1.9237802561745276,0.7086440666018097,76.83089214380826
RBI,E05,POST_7,NIFTY50,complete,2020-01-02,2020-01-14,8,12282.2,12362.3,0.6521632932210641,0.006500459092973126,%,8,16.07585410204756,0.0,0.0,,,751.0,0.4470071904844719,2.146067652802697,0.0950738101552003,48.8681757656458
RBI,E05,POST_7,DXY_BROAD,complete,2020-01-02,2020-01-14,8,114.9745,115.0239,0.04296604899347578,0.0004295682122975427,%,8,1.4421051735256536,0.0,0.0,,,751.0,-0.019832617955106713,0.7738991054886651,0.08113642419699324,52.86284953395472
RBI,E05,POST_7,VIX,complete,2020-01-02,2020-01-14,8,12.47,12.39,-0.6415396952686447,-0.0064360640508940034,%,8,84.48426945320348,0.0,0.0,,,,,,,
RBI,E05,POST_7,UST10Y,complete,2020-01-02,2020-01-14,8,1.88,1.82,-0.05999999999999983,,pp,8,,0.0,0.0,,,,,,,
RBI,E05,POST_7,FFR_UPPER,complete,2020-01-02,2020-01-14,8,1.75,1.75,0.0,,pp,8,,0.0,0.0,,,,,,,
RBI,E05,POST_7,IN_REPO,complete,2020-01-02,2020-01-14,8,5.15,5.15,0.0,,pp,8,,90.0,102.0,,,,,,,
RBI,E05,POST_14,USDINR,complete,2020-01-02,2020-01-23,15,71.3429,71.2437,-0.13904677269916954,-0.001391435324287481,%,15,6.021256532978439,0.0,0.0,0.1392403819565846,-0.6435064572379079,751.0,0.10517086008619003,1.4452798448183959,-0.1690047277606525,44.87350199733689
RBI,E05,POST_14,BRENT,complete,2020-01-02,2020-01-23,15,67.05,61.26,-8.63534675615213,-0.09031150832305838,%,15,30.783984342133714,0.0,0.0,,,751.0,0.8626409583808448,7.41572564279341,-1.3336648064217211,10.785619174434089
RBI,E05,POST_14,GOLD_USD,complete,2020-01-02,2020-01-23,15,1520.55,1554.05,2.2031501759231853,0.0217923149456442,%,15,15.503005801758057,0.0,0.0,,,751.0,0.3572695077584509,2.7293547082083482,0.6677764062001282,73.90146471371504
RBI,E05,POST_14,NIFTY50,complete,2020-01-02,2020-01-23,15,12282.2,12180.35,-0.8292488316425373,-0.00832706226638522,%,15,12.824351622964365,0.0,0.0,,,751.0,0.7863811533007414,2.907544353548854,-0.5557994381698571,24.900133155792275
RBI,E05,POST_14,DXY_BROAD,complete,2020-01-02,2020-01-23,15,114.9745,115.5545,0.5044596845387384,0.005031915497033904,%,15,1.6026061284526043,0.0,0.0,,,751.0,-0.009451341215982456,1.0971270527948633,0.46725977295049087,69.6404793608522
RBI,E05,POST_14,VIX,complete,2020-01-02,2020-01-23,15,12.47,12.98,4.089815557337606,0.040083951583998814,%,15,65.43596101942293,0.0,0.0,,,,,,,
RBI,E05,POST_14,UST10Y,complete,2020-01-02,2020-01-23,15,1.88,1.74,-0.1399999999999999,,pp,15,,0.0,0.0,,,,,,,
RBI,E05,POST_14,FFR_UPPER,complete,2020-01-02,2020-01-23,15,1.75,1.75,0.0,,pp,15,,0.0,0.0,,,,,,,
RBI,E05,POST_14,IN_REPO,complete,2020-01-02,2020-01-23,15,5.15,5.15,0.0,,pp,15,,90.0,111.0,,,,,,,
RBI,E05,POST_30,USDINR,complete,2020-01-02,2020-02-14,31,71.3429,71.3865,0.06111329929117115,0.000610946327192047,%,31,4.876582227479328,0.0,0.0,-0.06107597374853668,-1.1981224442867644,751.0,0.25056283419926384,2.1988728016494403,-0.0860235371706458,48.33555259653795
RBI,E05,POST_30,BRENT,complete,2020-01-02,2020-02-14,31,67.05,57.37,-14.43698732289337,-0.1559170911139079,%,31,35.0533726248089,0.0,0.0,,,751.0,1.4641758683758388,10.657172684046728,-1.5994175871122895,5.193075898801598
RBI,E05,POST_30,GOLD_USD,complete,2020-01-02,2020-02-14,31,1520.55,1576.35,3.669724770642202,0.03603993648319687,%,31,12.662694490361917,0.0,0.0,,,751.0,0.6694965268975617,4.057750962831641,0.723733004669179,76.2982689747004
RBI,E05,POST_30,NIFTY50,complete,2020-01-02,2020-02-14,31,12282.2,12113.45,-1.3739395222354345,-0.01383465425360544,%,31,14.4197082295371,0.0,0.0,,,751.0,1.494880159262446,4.327128810599489,-0.6626293080119523,19.44074567243675
RBI,E05,POST_30,DXY_BROAD,complete,2020-01-02,2020-02-14,31,114.9745,116.4223,1.2592357435779356,0.01251373305904229,%,31,1.9919554110053612,0.0,0.0,,,751.0,0.047889566857395316,1.6667027038081241,0.7220815084120388,78.42876165113182
RBI,E05,POST_30,VIX,complete,2020-01-02,2020-02-14,31,12.47,13.68,9.703287890938238,0.0926091525024592,%,31,120.94759325782614,0.0,0.0,,,,,,,
RBI,E05,POST_30,UST10Y,complete,2020-01-02,2020-02-14,31,1.88,1.59,-0.2899999999999998,,pp,31,,0.0,0.0,,,,,,,
RBI,E05,POST_30,FFR_UPPER,complete,2020-01-02,2020-02-14,31,1.75,1.75,0.0,,pp,31,,0.0,0.0,,,,,,,
RBI,E05,POST_30,IN_REPO,complete,2020-01-02,2020-02-14,31,5.15,5.15,0.0,,pp,31,,90.0,133.0,,,,,,,
RBI,E05,POST_90,USDINR,complete,2020-01-02,2020-05-26,91,71.3429,75.6404,6.023724855591794,0.05849270247252779,%,91,6.906022962591731,0.0,0.0,-5.6814876706098865,0.44692304301596764,751.0,0.76278656520119,3.709076617194311,1.3721415635430199,88.28229027962716
RBI,E05,POST_90,BRENT,complete,2020-01-02,2020-05-26,91,67.05,33.95,-49.366144668158086,-0.6805497557229823,%,91,192.64138942510766,0.0,0.0,,,751.0,3.850084709636059,15.774404742221842,-4.553756211327647,0.0
RBI,E05,POST_90,GOLD_USD,complete,2020-01-02,2020-05-26,91,1520.55,1722.75,13.297819867811,0.12484973974079909,%,91,23.554728715751143,0.0,0.0,,,751.0,1.6388547661093877,7.197081253592002,1.5088621493230554,94.00798934753661
RBI,E05,POST_90,NIFTY50,complete,2020-01-02,2020-05-26,91,12282.2,9029.05,-26.48670433635669,-0.3077039027456334,%,91,49.508502342475154,0.0,0.0,,,751.0,3.708802504071018,5.980644687728114,-5.753906655205675,0.0
RBI,E05,POST_90,DXY_BROAD,complete,2020-01-02,2020-05-26,91,114.9745,121.3864,5.576801812575827,0.054268481345773736,%,91,8.734745383313854,0.0,0.0,,,751.0,0.38851112013607025,3.010347808898999,1.673922778934404,94.14114513981359
RBI,E05,POST_90,VIX,complete,2020-01-02,2020-05-26,91,12.47,28.01,124.61908580593426,0.8092358295800721,%,91,189.88748343933244,0.0,0.0,,,,,,,
RBI,E05,POST_90,UST10Y,complete,2020-01-02,2020-05-26,91,1.88,0.69,-1.19,,pp,91,,0.0,0.0,,,,,,,
RBI,E05,POST_90,FFR_UPPER,complete,2020-01-02,2020-05-26,91,1.75,0.25,-1.5,,pp,91,,0.0,0.0,,,,,,,
RBI,E05,POST_90,IN_REPO,complete,2020-01-02,2020-05-26,91,5.15,4.0,-1.1500000000000004,,pp,91,,90.0,4.0,,,,,,,
RBI,E06,PRE_30,USDINR,complete,2020-04-30,2020-06-15,29,75.115,76.1056,1.3187778739266465,0.013101577030854081,%,29,4.726833585082069,0.0,0.0,-1.301612496320903,3.2587420682582247,751.0,0.4862540235716972,2.2760985769161026,0.36249839277730617,68.97470039946738
RBI,E06,PRE_30,BRENT,complete,2020-04-30,2020-06-15,29,18.11,39.44,117.78023191606847,0.7783162578391127,%,29,89.92325921004675,0.0,0.0,,,751.0,-3.755522282157675,22.077443563476614,3.6987744723138123,100.0
RBI,E06,PRE_30,GOLD_USD,complete,2020-04-30,2020-06-15,29,1716.75,1710.4,-0.3698849570409113,-0.0037057072300048996,%,29,12.999815654545637,0.0,0.0,,,751.0,1.1002996694136291,3.552868754286615,-0.4123037569408705,38.8814913448735
RBI,E06,PRE_30,NIFTY50,complete,2020-04-30,2020-06-15,29,9859.9,9813.7,-0.4685645899045521,-0.004696657950305173,%,29,29.964627344121215,0.0,0.0,,,751.0,-0.001978893941612103,7.117060676814944,-0.0657134880178998,28.22902796271638
RBI,E06,PRE_30,DXY_BROAD,complete,2020-04-30,2020-06-15,29,122.327,119.9539,-1.9399641943315782,-0.019590284624662703,%,29,6.751606471105795,0.0,0.0,,,751.0,0.22897340430494406,1.8456531396976044,-1.1853473846686635,7.723035952063914
RBI,E06,PRE_30,VIX,complete,2020-04-30,2020-06-15,29,34.15,34.4,0.7320644216691097,0.007293978362553626,%,29,164.56212406390088,0.0,0.0,,,,,,,
RBI,E06,PRE_30,UST10Y,complete,2020-04-30,2020-06-15,29,0.64,0.71,0.06999999999999995,,pp,29,,0.0,0.0,,,,,,,
RBI,E06,PRE_30,FFR_UPPER,complete,2020-04-30,2020-06-15,29,0.25,0.25,0.0,,pp,29,,0.0,0.0,,,,,,,
RBI,E06,PRE_30,IN_REPO,complete,2020-04-30,2020-06-15,29,4.4,4.0,-0.40000000000000036,,pp,29,,34.0,24.0,,,,,,,
RBI,E06,PRE_14,USDINR,complete,2020-05-27,2020-06-15,13,75.6476,76.1056,0.605438903547495,0.006036134863696492,%,13,3.626845699216467,0.0,0.0,-0.6017954000756776,1.9329296761787074,751.0,0.2656636266354262,1.3671746968105996,0.2474461548958093,65.77896138482025
RBI,E06,PRE_14,BRENT,complete,2020-05-27,2020-06-15,13,32.73,39.44,20.501069355331513,0.18648844122134564,%,13,64.00019076753462,0.0,0.0,,,751.0,-0.9279944367610038,15.698206490844763,1.2473508527419035,97.86950732356857
RBI,E06,PRE_14,GOLD_USD,complete,2020-05-27,2020-06-15,13,1705.15,1710.4,0.3078908013957715,0.003074177883282969,%,13,13.63073716118869,0.0,0.0,,,751.0,0.5507345407028019,2.7263296262416725,-0.08869278041809822,50.33288948069241
RBI,E06,PRE_14,NIFTY50,complete,2020-05-27,2020-06-15,13,9314.95,9813.7,5.3542960509718185,0.052158732272360196,%,13,21.861683525557147,0.0,0.0,,,751.0,-0.01049411972815495,4.881246969130383,1.0707034351442664,96.271637816245
RBI,E06,PRE_14,DXY_BROAD,complete,2020-05-27,2020-06-15,13,121.5677,119.9539,-1.3274907726312124,-0.013363806943036788,%,13,5.600986631708445,0.0,0.0,,,751.0,0.11426301955932416,1.1767545720883597,-1.2326941554051751,8.255659121171771
RBI,E06,PRE_14,VIX,complete,2020-05-27,2020-06-15,13,27.62,34.4,24.547429398986242,0.21951641639820663,%,13,196.87585191841333,0.0,0.0,,,,,,,
RBI,E06,PRE_14,UST10Y,complete,2020-05-27,2020-06-15,13,0.68,0.71,0.029999999999999916,,pp,13,,0.0,0.0,,,,,,,
RBI,E06,PRE_14,FFR_UPPER,complete,2020-05-27,2020-06-15,13,0.25,0.25,0.0,,pp,13,,0.0,0.0,,,,,,,
RBI,E06,PRE_14,IN_REPO,complete,2020-05-27,2020-06-15,13,4.0,4.0,0.0,,pp,13,,5.0,24.0,,,,,,,
RBI,E06,PRE_7,USDINR,complete,2020-06-05,2020-06-15,6,75.4665,76.1056,0.8468658278838914,0.008433000367326917,%,6,3.4209042300434005,0.0,0.0,-0.8397542362191479,-0.11270284174875744,751.0,0.12552069296427604,0.8827128309347232,0.8132407618578787,81.75765645805593
RBI,E06,PRE_7,BRENT,complete,2020-06-05,2020-06-15,6,41.0,39.44,-3.804878048780491,-0.03879153696987317,%,6,71.10117489641019,0.0,0.0,,,751.0,-0.25249756491296793,9.831880356423907,-0.36883451464965683,23.302263648468706
RBI,E06,PRE_7,GOLD_USD,complete,2020-06-05,2020-06-15,6,1709.55,1710.4,0.049720686730436725,0.0004970833009269243,%,6,16.131565958220325,0.0,0.0,,,751.0,0.23676695416308124,2.0360069470794704,-0.09173778754960517,45.27296937416778
RBI,E06,PRE_7,NIFTY50,complete,2020-06-05,2020-06-15,6,10142.15,9813.7,-3.2384652169411665,-0.032920638620729636,%,6,19.873252574392257,0.0,0.0,,,751.0,0.06690053869977675,3.165613342798019,-1.0610714792379834,7.8561917443408795
RBI,E06,PRE_7,DXY_BROAD,complete,2020-06-05,2020-06-15,6,118.8138,119.9539,0.9595686696326489,0.00954994050599294,%,6,4.586248974414036,0.0,0.0,,,751.0,0.03534987026720948,0.8325851630946164,1.1045722019696351,91.34487350199734
RBI,E06,PRE_7,VIX,complete,2020-06-05,2020-06-15,6,24.52,34.4,40.293637846655784,0.33856745331134197,%,6,282.72543101383667,0.0,0.0,,,,,,,
RBI,E06,PRE_7,UST10Y,complete,2020-06-05,2020-06-15,6,0.91,0.71,-0.20000000000000007,,pp,6,,0.0,0.0,,,,,,,
RBI,E06,PRE_7,FFR_UPPER,complete,2020-06-05,2020-06-15,6,0.25,0.25,0.0,,pp,6,,0.0,0.0,,,,,,,
RBI,E06,PRE_7,IN_REPO,complete,2020-06-05,2020-06-15,6,4.0,4.0,0.0,,pp,6,,14.0,24.0,,,,,,,
RBI,E06,EVENT,USDINR,complete,2020-06-15,2020-06-16,1,76.1056,75.841,-0.3476748097380522,-0.003482806031396275,%,1,,0.0,0.0,0.3488878047494204,-0.025134233733425937,751.0,0.022771281029476675,0.3618970963946819,-1.025289496939626,10.652463382157123
RBI,E06,EVENT,BRENT,complete,2020-06-15,2020-06-16,1,39.44,40.75,3.321501014198791,0.03267530995243713,%,1,,0.0,0.0,,,751.0,-0.028406022678628684,4.605266155213076,0.7156895914617691,93.60852197070572
RBI,E06,EVENT,GOLD_USD,complete,2020-06-15,2020-06-16,1,1710.4,1728.35,1.0494621141253324,0.010439934879784594,%,1,,0.0,0.0,,,751.0,0.041343922710979086,0.8245041345702725,1.2160740831637475,92.14380825565912
RBI,E06,EVENT,NIFTY50,complete,2020-06-15,2020-06-16,1,9813.7,9914.0,1.0220406166889129,0.010168530973403287,%,1,,0.0,0.0,,,751.0,0.006988372945859744,1.3281298541427895,0.7603661384614137,90.41278295605859
RBI,E06,EVENT,DXY_BROAD,complete,2020-06-15,2020-06-16,1,119.9539,119.567,-0.32254057600462627,-0.0032306185932241627,%,1,,0.0,0.0,,,751.0,0.006006040012729308,0.3060300776582032,-1.075279010147878,9.986684420772303
RBI,E06,EVENT,VIX,complete,2020-06-15,2020-06-16,1,34.4,33.67,-2.1220930232558,-0.021449331206369406,%,1,,0.0,0.0,,,,,,,
RBI,E06,EVENT,UST10Y,complete,2020-06-15,2020-06-16,1,0.71,0.75,0.040000000000000036,,pp,1,,0.0,0.0,,,,,,,
RBI,E06,EVENT,FFR_UPPER,complete,2020-06-15,2020-06-16,1,0.25,0.25,0.0,,pp,1,,0.0,0.0,,,,,,,
RBI,E06,EVENT,IN_REPO,complete,2020-06-15,2020-06-16,1,4.0,4.0,0.0,,pp,1,,24.0,25.0,,,,,,,
RBI,E06,POST_7,USDINR,complete,2020-06-15,2020-06-25,8,76.1056,75.6349,-0.6184827397720971,-0.006204032671173661,%,8,4.363187069831298,0.0,0.0,0.6223317542563,-0.9067601530116765,751.0,0.1745826807290518,1.0360831985278027,-0.7671524164784188,18.908122503328894
RBI,E06,POST_7,BRENT,complete,2020-06-15,2020-06-25,8,39.44,41.18,4.4117647058823595,0.04317217186520878,%,8,46.72466572980371,0.0,0.0,,,751.0,-0.23851212383885212,11.908535554062597,0.382583919150747,75.09986684420772
RBI,E06,POST_7,GOLD_USD,complete,2020-06-15,2020-06-25,8,1710.4,1758.55,2.815130963517287,0.027762344562892453,%,8,13.212847267976239,0.0,0.0,,,751.0,0.3231552646480784,2.240640143089843,1.0950442995750937,90.14647137150466
RBI,E06,POST_7,NIFTY50,complete,2020-06-15,2020-06-25,8,9813.7,10288.9,4.842210379367606,0.047286275603959156,%,8,19.35569710577024,0.0,0.0,,,751.0,0.08172520962603791,3.774093423252478,1.2312720450971226,96.40479360852197
RBI,E06,POST_7,DXY_BROAD,complete,2020-06-15,2020-06-25,8,119.9539,120.2997,0.28827741323957934,0.0028786269074766143,%,8,5.638085987782114,0.0,0.0,,,751.0,0.03984677785651147,0.972823909836435,0.2549524606699757,61.38482023968043
RBI,E06,POST_7,VIX,complete,2020-06-15,2020-06-25,8,34.4,32.22,-6.337209302325586,-0.0654691866305244,%,8,90.36392833376563,0.0,0.0,,,,,,,
RBI,E06,POST_7,UST10Y,complete,2020-06-15,2020-06-25,8,0.71,0.68,-0.029999999999999916,,pp,8,,0.0,0.0,,,,,,,
RBI,E06,POST_7,FFR_UPPER,complete,2020-06-15,2020-06-25,8,0.25,0.25,0.0,,pp,8,,0.0,0.0,,,,,,,
RBI,E06,POST_7,IN_REPO,complete,2020-06-15,2020-06-25,8,4.0,4.0,0.0,,pp,8,,24.0,34.0,,,,,,,
RBI,E06,POST_14,USDINR,complete,2020-06-15,2020-07-06,15,76.1056,74.6822,-1.8702960097548682,-0.0188800722804537,%,15,4.868818133868122,0.0,0.0,1.9059427815463437,-1.3128318506070658,751.0,0.3223018441810943,1.4781984643445094,-1.4949215862765226,4.660452729693742
RBI,E06,POST_14,BRENT,complete,2020-06-15,2020-07-06,15,39.44,42.73,8.341784989858002,0.08012071992149883,%,15,35.24471720991473,0.0,0.0,,,751.0,-0.6261015850829277,17.510453700650178,0.4934276381784244,86.15179760319573
RBI,E06,POST_14,GOLD_USD,complete,2020-06-15,2020-07-06,15,1710.4,1774.4,3.741814780168373,0.036735076325321726,%,15,11.046558123310104,0.0,0.0,,,751.0,0.603478424016135,2.918161988870693,1.052663580130471,86.28495339547271
RBI,E06,POST_14,NIFTY50,complete,2020-06-15,2020-07-06,15,9813.7,10763.65,9.679835332239616,0.09239534791764524,%,15,15.930766127495033,0.0,0.0,,,751.0,0.12668558403146069,5.405004385485617,1.6860170198346809,98.66844207723035
RBI,E06,POST_14,DXY_BROAD,complete,2020-06-15,2020-07-06,15,119.9539,119.2852,-0.5574641591478025,-0.005590237895458348,%,15,4.864629070483171,0.0,0.0,,,751.0,0.08707256777946704,1.325814563679397,-0.48729172906562485,29.69374167776298
RBI,E06,POST_14,VIX,complete,2020-06-15,2020-07-06,15,34.4,27.94,-18.779069767441857,-0.20799721055053688,%,15,85.57986098941366,0.0,0.0,,,,,,,
RBI,E06,POST_14,UST10Y,complete,2020-06-15,2020-07-06,15,0.71,0.69,-0.020000000000000018,,pp,15,,0.0,0.0,,,,,,,
RBI,E06,POST_14,FFR_UPPER,complete,2020-06-15,2020-07-06,15,0.25,0.25,0.0,,pp,15,,0.0,0.0,,,,,,,
RBI,E06,POST_14,IN_REPO,complete,2020-06-15,2020-07-06,15,4.0,4.0,0.0,,pp,15,,24.0,45.0,,,,,,,
RBI,E06,POST_30,USDINR,complete,2020-06-15,2020-07-28,31,76.1056,74.7458,-1.7867279148971904,-0.01802882614398007,%,31,4.149705408472844,0.0,0.0,1.819232652536984,0.4099493086028416,751.0,0.6432313797075873,2.2545048831815877,-1.084075757777845,10.119840213049267
RBI,E06,POST_30,BRENT,complete,2020-06-15,2020-07-28,31,39.44,43.11,9.305273833671412,0.0889744590246087,%,31,29.930907061003275,0.0,0.0,,,751.0,-1.9903913094682202,26.341128658255787,0.4141019342834771,74.56724367509987
RBI,E06,POST_30,GOLD_USD,complete,2020-06-15,2020-07-28,31,1710.4,1931.65,12.935570626753968,0.12164729867004274,%,31,12.439569831730605,0.0,0.0,,,751.0,1.2935622753320386,3.8707759292364674,2.810667124485764,99.33422103861518
RBI,E06,POST_30,NIFTY50,complete,2020-06-15,2020-07-28,31,9813.7,11300.55,15.150758633339102,0.14107202847521674,%,31,15.455462167071632,0.0,0.0,,,751.0,0.14026180393993393,7.477443877031023,1.8678895553424837,99.86684420772303
RBI,E06,POST_30,DXY_BROAD,complete,2020-06-15,2020-07-28,31,119.9539,117.3189,-2.196677223500032,-0.02221163430462835,%,31,4.28716906654806,0.0,0.0,,,751.0,0.23086828422200778,1.947611217559964,-1.2588578260508985,6.92410119840213
RBI,E06,POST_30,VIX,complete,2020-06-15,2020-07-28,31,34.4,25.44,-26.046511627906966,-0.30173382590743114,%,31,95.63702046341041,0.0,0.0,,,,,,,
RBI,E06,POST_30,UST10Y,complete,2020-06-15,2020-07-28,31,0.71,0.59,-0.12,,pp,31,,0.0,0.0,,,,,,,
RBI,E06,POST_30,FFR_UPPER,complete,2020-06-15,2020-07-28,31,0.25,0.25,0.0,,pp,31,,0.0,0.0,,,,,,,
RBI,E06,POST_30,IN_REPO,complete,2020-06-15,2020-07-28,31,4.0,4.0,0.0,,pp,31,,24.0,67.0,,,,,,,
RBI,E06,POST_90,USDINR,complete,2020-06-15,2020-10-23,91,76.1056,73.578,-3.3211747887146204,-0.033775781537296996,%,91,4.776561283644479,0.0,0.0,3.435265976242885,0.7981577215247282,751.0,1.3430359689896365,3.792174279307338,-1.2424733128613237,12.250332889480692
RBI,E06,POST_90,BRENT,complete,2020-06-15,2020-10-23,91,39.44,40.71,3.2200811359026416,0.03169323278045284,%,91,33.053954334142375,0.0,0.0,,,751.0,-5.535744748554672,31.368541995456145,0.28258217147680725,51.664447403462056
RBI,E06,POST_90,GOLD_USD,complete,2020-06-15,2020-10-23,91,1710.4,1910.6,11.704864359214206,0.1106900675651271,%,91,17.136213153638533,0.0,0.0,,,751.0,3.7294534908139276,6.40143680614155,1.1571488548686866,87.88282290279628
RBI,E06,POST_90,NIFTY50,complete,2020-06-15,2020-10-23,91,9813.7,11930.35,21.568317759866297,0.19530620485835667,%,91,16.318013031723545,0.0,0.0,,,751.0,1.6468484406320094,10.236758640572566,1.7483254374154846,100.0
RBI,E06,POST_90,DXY_BROAD,complete,2020-06-15,2020-10-23,91,119.9539,115.0126,-4.1193325102393485,-0.04206581472564969,%,91,4.77730016461327,0.0,0.0,,,751.0,0.3897544978187728,3.0563403727931204,-1.5036212708070318,7.057256990679095
RBI,E06,POST_90,VIX,complete,2020-06-15,2020-10-23,91,34.4,27.55,-19.91279069767441,-0.22205402878042907,%,91,89.48255607392407,0.0,0.0,,,,,,,
RBI,E06,POST_90,UST10Y,complete,2020-06-15,2020-10-23,91,0.71,0.85,0.14,,pp,91,,0.0,0.0,,,,,,,
RBI,E06,POST_90,FFR_UPPER,complete,2020-06-15,2020-10-23,91,0.25,0.25,0.0,,pp,91,,0.0,0.0,,,,,,,
RBI,E06,POST_90,IN_REPO,complete,2020-06-15,2020-10-23,91,4.0,4.0,0.0,,pp,91,,24.0,154.0,,,,,,,
RBI,E07,PRE_30,USDINR,complete,2022-01-11,2022-02-23,29,73.9319,74.6224,0.9339676107336548,0.00929633100954369,%,29,5.409951936013157,0.0,0.0,-0.9253253714702314,1.0788734393616162,751.0,0.14600948116119117,1.906816772963355,0.41101490248250405,71.63781624500666
RBI,E07,PRE_30,BRENT,complete,2022-01-11,2022-02-23,29,84.98,99.29,16.83925629559897,0.15562892635883727,%,29,27.774367021172775,0.0,0.0,,,751.0,0.3908903883047765,26.68311084256154,0.5686280107490417,85.48601864181093
RBI,E07,PRE_30,GOLD_USD,complete,2022-01-11,2022-02-23,29,1805.2,1895.7,5.013294925770007,0.04891677449467323,%,29,10.323538692431729,0.0,0.0,,,751.0,1.4873168630363143,4.434523206252148,0.7701645754152204,75.09986684420772
RBI,E07,PRE_30,NIFTY50,complete,2022-01-11,2022-02-23,29,18055.75,17063.25,-5.496863879927449,-0.05653716558325835,%,29,19.89723780479676,0.0,0.0,,,751.0,1.955924966078304,7.991997839080354,-0.949794942972975,8.921438082556591
RBI,E07,PRE_30,DXY_BROAD,complete,2022-01-11,2022-02-23,29,114.8332,114.6668,-0.14490582862796142,-0.0014501091865713356,%,29,4.065363685688053,0.0,0.0,,,751.0,-0.010974284427456293,1.8081399718238165,-0.0741292345170731,45.67243675099867
RBI,E07,PRE_30,VIX,complete,2022-01-11,2022-02-23,29,18.41,31.02,68.49538294405215,0.5217381625034063,%,29,141.62832840104204,0.0,0.0,,,,,,,
RBI,E07,PRE_30,UST10Y,complete,2022-01-11,2022-02-23,29,1.75,1.99,0.24,,pp,29,,0.0,0.0,,,,,,,
RBI,E07,PRE_30,FFR_UPPER,complete,2022-01-11,2022-02-23,29,0.25,0.25,0.0,,pp,29,,0.0,0.0,,,,,,,
RBI,E07,PRE_30,IN_REPO,complete,2022-01-11,2022-02-23,29,4.0,4.0,0.0,,pp,29,,599.0,642.0,,,,,,,
RBI,E07,PRE_14,USDINR,complete,2022-02-03,2022-02-23,13,74.857,74.6224,-0.3133975446518056,-0.003138896632174191,%,13,6.278265733159577,0.0,0.0,0.314382812667513,-0.10479315760668628,751.0,0.08830353521558365,1.2726309823895043,-0.31600223423971396,37.68308921438083
RBI,E07,PRE_14,BRENT,complete,2022-02-03,2022-02-23,13,92.99,99.29,6.774922034627395,0.06555290055539696,%,13,36.133553529448406,0.0,0.0,,,751.0,0.8110798848000256,16.058857636503603,0.3579010335343798,77.09720372836219
RBI,E07,PRE_14,GOLD_USD,complete,2022-02-03,2022-02-23,13,1803.75,1895.7,5.097713097713097,0.04972033235943863,%,13,9.862902290265126,0.0,0.0,,,751.0,0.6495994199424482,3.2085943173870604,1.347797257083296,91.87749667110519
RBI,E07,PRE_14,NIFTY50,complete,2022-02-03,2022-02-23,13,17560.2,17063.25,-2.8299791574127875,-0.028707949640654654,%,13,22.653798753785434,0.0,0.0,,,751.0,0.8532563657168257,5.234505848684179,-0.7107512687148524,10.785619174434089
RBI,E07,PRE_14,DXY_BROAD,complete,2022-02-03,2022-02-23,13,114.9065,114.6668,-0.2086043870451193,-0.0020882226905694777,%,13,2.976318582518287,0.0,0.0,,,751.0,-0.018705366626159403,1.1753350677916583,-0.1617540035762744,46.60452729693741
RBI,E07,PRE_14,VIX,complete,2022-02-03,2022-02-23,13,24.35,31.02,27.39219712525667,0.24210030821979392,%,13,146.53924691763217,0.0,0.0,,,,,,,
RBI,E07,PRE_14,UST10Y,complete,2022-02-03,2022-02-23,13,1.82,1.99,0.16999999999999993,,pp,13,,0.0,0.0,,,,,,,
RBI,E07,PRE_14,FFR_UPPER,complete,2022-02-03,2022-02-23,13,0.25,0.25,0.0,,pp,13,,0.0,0.0,,,,,,,
RBI,E07,PRE_14,IN_REPO,complete,2022-02-03,2022-02-23,13,4.0,4.0,0.0,,pp,13,,622.0,642.0,,,,,,,
RBI,E07,PRE_7,USDINR,complete,2022-02-15,2022-02-23,6,75.6611,74.6224,-1.3728322744448684,-0.013823427590288819,%,6,7.374316148535626,0.0,0.0,1.3919412937670295,-1.1438233124680064,751.0,0.058222590113166106,0.8015244929224915,-1.7972606190929936,3.5952063914780292
RBI,E07,PRE_7,BRENT,complete,2022-02-15,2022-02-23,6,98.43,99.29,0.8737173625926964,0.008699225404382692,%,6,27.710918246795984,0.0,0.0,,,751.0,0.49707150880666795,9.894450071646645,0.03780729102340504,46.737683089214386
RBI,E07,PRE_7,GOLD_USD,complete,2022-02-15,2022-02-23,6,1855.1,1895.7,2.1885612635437424,0.021649560503191778,%,6,10.950200114746051,0.0,0.0,,,751.0,0.2860693276015569,2.3635841990573847,0.7951039455597843,84.28761651131825
RBI,E07,PRE_7,NIFTY50,complete,2022-02-15,2022-02-23,6,17352.45,17063.25,-1.6666234451042983,-0.01680667877516561,%,6,3.4349453448188285,0.0,0.0,,,751.0,0.3776001983732513,3.395957680950106,-0.6058841567571942,18.64181091877497
RBI,E07,PRE_7,DXY_BROAD,complete,2022-02-15,2022-02-23,6,114.93,114.6668,-0.22900896197686205,-0.0022927158853570774,%,6,1.6673192096027265,0.0,0.0,,,751.0,-0.00420647267219687,0.8244255186792082,-0.2729961922449189,38.08255659121172
RBI,E07,PRE_7,VIX,complete,2022-02-15,2022-02-23,6,25.7,31.02,20.70038910505836,0.1881411658472186,%,6,113.70434771094354,0.0,0.0,,,,,,,
RBI,E07,PRE_7,UST10Y,complete,2022-02-15,2022-02-23,6,2.05,1.99,-0.05999999999999983,,pp,6,,0.0,0.0,,,,,,,
RBI,E07,PRE_7,FFR_UPPER,complete,2022-02-15,2022-02-23,6,0.25,0.25,0.0,,pp,6,,0.0,0.0,,,,,,,
RBI,E07,PRE_7,IN_REPO,complete,2022-02-15,2022-02-23,6,4.0,4.0,0.0,,pp,6,,634.0,642.0,,,,,,,
RBI,E07,EVENT,USDINR,complete,2022-02-23,2022-02-24,1,74.6224,75.2578,0.8514869529792746,0.008478822507492953,%,1,,0.0,0.0,-0.8442978667991929,-0.26051756794571723,751.0,0.006955921825002598,0.31391162241893655,2.678864083965134,98.80159786950732
RBI,E07,EVENT,BRENT,complete,2022-02-23,2022-02-24,1,99.29,101.29,2.0143015409406884,0.019942828653203154,%,1,,0.0,0.0,,,751.0,0.06978505830839143,4.67763999655639,0.41143015428253193,82.82290279627163
RBI,E07,EVENT,GOLD_USD,complete,2022-02-23,2022-02-24,1,1895.7,1968.35,3.832357440523282,0.037607464880493456,%,1,,0.0,0.0,,,751.0,0.05088935349766288,0.9550062057116899,3.8846554677905965,99.73368841544608
RBI,E07,EVENT,NIFTY50,complete,2022-02-23,2022-02-24,1,17063.25,16247.95,-4.7781049917219764,-0.04896028105156906,%,1,,0.0,0.0,,,751.0,0.06169351365017395,1.430739117280155,-3.465133885209626,0.9320905459387484
RBI,E07,EVENT,DXY_BROAD,complete,2022-02-23,2022-02-24,1,114.6668,115.9419,1.1120045209249918,0.011058672068784635,%,1,,0.0,0.0,,,751.0,0.0007293981215905632,0.3057511374901986,3.6145010628207466,99.33422103861518
RBI,E07,EVENT,VIX,complete,2022-02-23,2022-02-24,1,31.02,30.32,-2.2566086395873652,-0.02282459697422188,%,1,,0.0,0.0,,,,,,,
RBI,E07,EVENT,UST10Y,complete,2022-02-23,2022-02-24,1,1.99,1.96,-0.030000000000000027,,pp,1,,0.0,0.0,,,,,,,
RBI,E07,EVENT,FFR_UPPER,complete,2022-02-23,2022-02-24,1,0.25,0.25,0.0,,pp,1,,0.0,0.0,,,,,,,
RBI,E07,EVENT,IN_REPO,complete,2022-02-23,2022-02-24,1,4.0,4.0,0.0,,pp,1,,642.0,643.0,,,,,,,
RBI,E07,POST_7,USDINR,complete,2022-02-23,2022-03-08,8,74.6224,76.8816,3.027509166148512,0.029825845865217065,%,8,6.479521212092794,0.0,0.0,-2.9385444631745528,0.4541400654149097,751.0,0.07026346680156781,0.9352124810791779,3.1141006475624464,99.33422103861518
RBI,E07,POST_7,BRENT,complete,2022-02-23,2022-03-08,8,99.29,133.18,34.1323396112398,0.2936567356369736,%,8,88.01503252791193,0.0,0.0,,,751.0,0.5709066325752854,11.855661466865444,2.4289147009935212,98.40213049267643
RBI,E07,POST_7,GOLD_USD,complete,2022-02-23,2022-03-08,8,1895.7,2007.0,5.871182149074228,0.05705290634881894,%,8,32.071733909794126,0.0,0.0,,,751.0,0.4015264209738634,2.607659447803083,2.0342258205299064,97.60319573901465
RBI,E07,POST_7,NIFTY50,complete,2022-02-23,2022-03-08,8,17063.25,16013.45,-6.152403557352781,-0.06349803391062535,%,8,36.22079414276408,0.0,0.0,,,751.0,0.4985308268752098,4.026548495033571,-1.7004875704640576,2.6631158455392807
RBI,E07,POST_7,DXY_BROAD,complete,2022-02-23,2022-03-08,8,114.6668,117.6176,2.5733691007336024,0.025408152635241616,%,8,7.985201065982441,0.0,0.0,,,751.0,0.002849475763211373,0.9411538969949139,2.696653370358902,98.93475366178428
RBI,E07,POST_7,VIX,complete,2022-02-23,2022-03-08,8,31.02,35.13,13.249516441005804,0.12442330852934291,%,8,114.7783518077783,0.0,0.0,,,,,,,
RBI,E07,POST_7,UST10Y,complete,2022-02-23,2022-03-08,8,1.99,1.86,-0.1299999999999999,,pp,8,,0.0,0.0,,,,,,,
RBI,E07,POST_7,FFR_UPPER,complete,2022-02-23,2022-03-08,8,0.25,0.25,0.0,,pp,8,,0.0,0.0,,,,,,,
RBI,E07,POST_7,IN_REPO,complete,2022-02-23,2022-03-08,8,4.0,4.0,0.0,,pp,8,,642.0,655.0,,,,,,,
RBI,E07,POST_14,USDINR,complete,2022-02-23,2022-03-17,15,74.6224,75.8935,1.7033759300156603,0.016890311500886285,%,15,8.126425979907095,0.0,0.0,-1.6748469895313867,0.4999761665270164,751.0,0.13402608650552317,1.3598190071648617,1.1436042518739131,87.7496671105193
RBI,E07,POST_14,BRENT,complete,2022-02-23,2022-03-17,15,99.29,113.5,14.311612448383526,0.13375797587595464,%,15,107.08145541721355,0.0,0.0,,,751.0,1.1465729252719825,17.615778418806855,0.6945902532930515,90.67909454061251
RBI,E07,POST_14,GOLD_USD,complete,2022-02-23,2022-03-17,15,1895.7,1941.4,2.4107189956216635,0.023821198830606592,%,15,26.945878756927616,0.0,0.0,,,751.0,0.7346378208153759,3.421532951112775,0.4822889055570452,73.10252996005326
RBI,E07,POST_14,NIFTY50,complete,2022-02-23,2022-03-17,15,17063.25,17287.05,1.3115906993099058,0.013030638260221019,%,15,32.39176673449448,0.0,0.0,,,751.0,0.952201168925515,5.651278444148977,0.06288267718950219,51.398135818908116
RBI,E07,POST_14,DXY_BROAD,complete,2022-02-23,2022-03-17,15,114.6668,116.0467,1.203399763488644,0.011962164801867124,%,15,8.381177239929745,0.0,0.0,,,751.0,-0.0045942277207000615,1.2517897141968886,0.9592751880180573,87.7496671105193
RBI,E07,POST_14,VIX,complete,2022-02-23,2022-03-17,15,31.02,25.67,-17.246937459703414,-0.1893091628653437,%,15,109.64122773629543,0.0,0.0,,,,,,,
RBI,E07,POST_14,UST10Y,complete,2022-02-23,2022-03-17,15,1.99,2.2,0.2100000000000002,,pp,15,,0.0,0.0,,,,,,,
RBI,E07,POST_14,FFR_UPPER,complete,2022-02-23,2022-03-17,15,0.25,0.5,0.25,,pp,15,,0.0,0.0,,,,,,,
RBI,E07,POST_14,IN_REPO,complete,2022-02-23,2022-03-17,15,4.0,4.0,0.0,,pp,15,,642.0,664.0,,,,,,,
RBI,E07,POST_30,USDINR,complete,2022-02-23,2022-04-12,31,74.6224,76.1127,1.9971215077510207,0.01977440638572867,%,31,6.2952434949708325,0.0,0.0,-1.9580175187583704,0.49729767033688255,751.0,0.23923781376535835,1.8597566746373382,0.9347935493754077,85.88548601864181
RBI,E07,POST_30,BRENT,complete,2022-02-23,2022-04-12,31,99.29,104.42,5.1666834525128325,0.050376366936903484,%,31,88.72279915968439,0.0,0.0,,,751.0,2.0519468941133434,27.471503122165146,0.10943917364885221,50.33288948069241
RBI,E07,POST_30,GOLD_USD,complete,2022-02-23,2022-04-12,31,1895.7,1951.4,2.9382286226723675,0.02895890022633043,%,31,19.91830343301208,0.0,0.0,,,751.0,1.5532343313672037,4.544199155331963,0.2980932082418939,62.849533954727036
RBI,E07,POST_30,NIFTY50,complete,2022-02-23,2022-04-12,31,17063.25,17530.3,2.7371690621657674,0.027003784283293142,%,31,25.423384873155,0.0,0.0,,,751.0,2.0297151947292313,8.279995158916408,0.08345263303887711,47.4034620505992
RBI,E07,POST_30,DXY_BROAD,complete,2022-02-23,2022-04-12,31,114.6668,116.3866,1.4998238374141382,0.01488687690026558,%,31,6.387659362923194,0.0,0.0,,,751.0,-0.029629632165262265,1.8584721260155697,0.8169730884744427,84.4207723035952
RBI,E07,POST_30,VIX,complete,2022-02-23,2022-04-12,31,31.02,24.26,-21.792392005157957,-0.2458032542324886,%,31,109.70642365762558,0.0,0.0,,,,,,,
RBI,E07,POST_30,UST10Y,complete,2022-02-23,2022-04-12,31,1.99,2.72,0.7300000000000002,,pp,31,,0.0,0.0,,,,,,,
RBI,E07,POST_30,FFR_UPPER,complete,2022-02-23,2022-04-12,31,0.25,0.5,0.25,,pp,31,,0.0,0.0,,,,,,,
RBI,E07,POST_30,IN_REPO,complete,2022-02-23,2022-04-12,31,4.0,4.0,0.0,,pp,31,,642.0,690.0,,,,,,,
RBI,E07,POST_90,USDINR,complete,2022-02-23,2022-07-11,91,74.6224,79.4098,6.4154999035142435,0.06218105609467416,%,91,4.85805707725228,0.0,0.0,-6.0287269329478255,-1.1111773910470468,751.0,0.5023730812040217,2.8521365592722505,2.0044587952233397,96.00532623169109
RBI,E07,POST_90,BRENT,complete,2022-02-23,2022-07-11,91,99.29,114.85,15.671265988518467,0.14558206808960442,%,91,62.25673187227348,0.0,0.0,,,751.0,2.454318945913525,37.8438238043954,0.32062094012117537,63.24900133155792
RBI,E07,POST_90,GOLD_USD,complete,2022-02-23,2022-07-11,91,1895.7,1737.4,-8.350477396212474,-0.08719842062169905,%,91,15.730349313386885,0.0,0.0,,,751.0,4.816914233462577,7.317967943036255,-1.8344353227583183,2.5299600532623168
RBI,E07,POST_90,NIFTY50,complete,2022-02-23,2022-07-11,91,17063.25,16216.0,-4.965349508446515,-0.05092861887339703,%,91,21.564299410248143,0.0,0.0,,,751.0,6.087477626409776,13.678529633771147,-0.8043441088282361,16.644474034620508
RBI,E07,POST_90,DXY_BROAD,complete,2022-02-23,2022-07-11,91,114.6668,123.2974,7.52667729456129,0.07256879167244822,%,91,6.540894874600922,0.0,0.0,,,751.0,-0.019185109136621303,2.9008918511512767,2.508216951994011,99.46737683089214
RBI,E07,POST_90,VIX,complete,2022-02-23,2022-07-11,91,31.02,26.17,-15.635074145712435,-0.1700184412063382,%,91,127.40187520591437,0.0,0.0,,,,,,,
RBI,E07,POST_90,UST10Y,complete,2022-02-23,2022-07-11,91,1.99,2.99,1.0000000000000002,,pp,91,,0.0,0.0,,,,,,,
RBI,E07,POST_90,FFR_UPPER,complete,2022-02-23,2022-07-11,91,0.25,1.75,1.5,,pp,91,,0.0,0.0,,,,,,,
RBI,E07,POST_90,IN_REPO,complete,2022-02-23,2022-07-11,91,4.0,4.9,0.9000000000000004,,pp,91,,642.0,33.0,,,,,,,
RBI,E08,PRE_30,USDINR,complete,2023-08-24,2023-10-06,29,82.5517,83.2388,0.8323268933286609,0.00828882154169552,%,29,2.1272251300512033,0.0,0.0,-0.8254563977375895,-1.7633312905340093,751.0,0.34041918318521436,1.3949991237725434,0.3505673065416468,65.64580559254327
RBI,E08,PRE_30,BRENT,complete,2023-08-24,2023-10-06,29,84.07,87.86,4.508147971928156,0.044094853400428034,%,29,24.525298245425237,0.0,0.0,,,751.0,2.742764689889765,11.865869177386562,0.14357654614480236,54.061251664447404
RBI,E08,PRE_30,GOLD_USD,complete,2023-08-24,2023-10-06,29,1920.7,1821.9,-5.143957932003951,-0.05280979033916686,%,29,9.26089408578264,0.0,0.0,,,751.0,0.37609185102251974,4.7156670027934675,-1.1994836413197079,9.054593874833555
RBI,E08,PRE_30,NIFTY50,complete,2023-08-24,2023-10-06,29,19386.7,19653.5,1.3762012101079524,0.013668175552209021,%,29,8.641684337769542,0.0,0.0,,,751.0,2.4865433004168658,5.2147851066496935,-0.2088895960770613,41.41145139813582
RBI,E08,PRE_30,DXY_BROAD,complete,2023-08-24,2023-10-06,29,120.2354,123.3563,2.59565818386267,0.025625427957075026,%,29,5.807613371080127,0.0,0.0,,,751.0,-0.029138104825110478,1.8270313072581645,1.4185225705806588,92.80958721704394
RBI,E08,PRE_30,VIX,complete,2023-08-24,2023-10-06,29,17.2,17.45,1.4534883720930258,0.014430264829028837,%,29,95.09484703597337,0.0,0.0,,,,,,,
RBI,E08,PRE_30,UST10Y,complete,2023-08-24,2023-10-06,29,4.23,4.78,0.5499999999999998,,pp,29,,0.0,0.0,,,,,,,
RBI,E08,PRE_30,FFR_UPPER,complete,2023-08-24,2023-10-06,29,5.5,5.5,0.0,,pp,29,,0.0,0.0,,,,,,,
RBI,E08,PRE_30,IN_REPO,complete,2023-08-24,2023-10-06,29,6.5,6.5,0.0,,pp,29,,197.0,240.0,,,,,,,
RBI,E08,PRE_14,USDINR,complete,2023-09-15,2023-10-06,13,83.0557,83.2388,0.22045446609926245,0.002202118217891885,%,13,2.148214049322379,0.0,0.0,-0.21996953343872416,-1.5595107151316068,751.0,0.17768211636435272,1.0669972098800324,0.040007014980371236,54.460719041278296
RBI,E08,PRE_14,BRENT,complete,2023-09-15,2023-10-06,13,95.55,87.86,-8.048142333856623,-0.08390503213864857,%,13,27.95270296335262,0.0,0.0,,,751.0,1.2871597932223144,7.877089966534453,-1.2275408243352772,12.78295605858855
RBI,E08,PRE_14,GOLD_USD,complete,2023-09-15,2023-10-06,13,1918.7,1821.9,-5.045082608015838,-0.051767960792414004,%,13,11.454337829921984,0.0,0.0,,,751.0,-0.02788322253328701,3.102015389217063,-1.6598592600517112,4.660452729693742
RBI,E08,PRE_14,NIFTY50,complete,2023-09-15,2023-10-06,13,20192.35,19653.5,-2.6685848848697624,-0.027048380303383683,%,13,9.355473824730979,0.0,0.0,,,751.0,0.9949092059199582,3.356387439283913,-1.100835545741788,13.315579227696405
RBI,E08,PRE_14,DXY_BROAD,complete,2023-09-15,2023-10-06,13,121.199,123.3563,1.7799651812308692,0.017643093074195888,%,13,7.120497801621249,0.0,0.0,,,751.0,0.052308184900895505,1.2227196125919828,1.4001695735064115,91.4780292942743
RBI,E08,PRE_14,VIX,complete,2023-09-15,2023-10-06,13,13.79,17.45,26.540971718636698,0.23539595684322576,%,13,115.47493980218475,0.0,0.0,,,,,,,
RBI,E08,PRE_14,UST10Y,complete,2023-09-15,2023-10-06,13,4.33,4.78,0.4500000000000002,,pp,13,,0.0,0.0,,,,,,,
RBI,E08,PRE_14,FFR_UPPER,complete,2023-09-15,2023-10-06,13,5.5,5.5,0.0,,pp,13,,0.0,0.0,,,,,,,
RBI,E08,PRE_14,IN_REPO,complete,2023-09-15,2023-10-06,13,6.5,6.5,0.0,,pp,13,,219.0,240.0,,,,,,,
RBI,E08,PRE_7,USDINR,complete,2023-09-27,2023-10-06,6,83.2188,83.2388,0.024033030997805405,0.00024030143527532517,%,6,1.6027318055681936,0.0,0.0,-0.024027256519787432,-0.2742038103585642,751.0,0.08432793918060622,0.7151329292291916,-0.08426721405188999,46.870838881491345
RBI,E08,PRE_7,BRENT,complete,2023-09-27,2023-10-06,6,97.1,87.86,-9.515962924819766,-0.09999673674964563,%,6,27.400179047349894,0.0,0.0,,,751.0,0.5994089132316915,5.890077008911553,-1.7991773729884664,5.326231691078561
RBI,E08,PRE_7,GOLD_USD,complete,2023-09-27,2023-10-06,6,1895.55,1821.9,-3.8854158423676455,-0.03962912130116004,%,6,14.64226569652188,0.0,0.0,,,751.0,-0.017255928190484937,2.103129779104755,-1.87608713077064,3.9946737683089215
RBI,E08,PRE_7,NIFTY50,complete,2023-09-27,2023-10-06,6,19716.45,19653.5,-0.3192765431910938,-0.0031978731822592597,%,6,11.114083683636848,0.0,0.0,,,751.0,0.4469171277484696,2.3739651223346185,-0.3225442234747564,32.889480692410125
RBI,E08,PRE_7,DXY_BROAD,complete,2023-09-27,2023-10-06,6,122.9895,123.3563,0.29823684135636963,0.002977929975402043,%,6,9.721869076311682,0.0,0.0,,,751.0,0.03301955731527251,0.848294202955999,0.31213096772129,64.0479360852197
RBI,E08,PRE_7,VIX,complete,2023-09-27,2023-10-06,6,18.22,17.45,-4.226125137211856,-0.0431802431833761,%,6,110.57345356803272,0.0,0.0,,,,,,,
RBI,E08,PRE_7,UST10Y,complete,2023-09-27,2023-10-06,6,4.61,4.78,0.16999999999999993,,pp,6,,0.0,0.0,,,,,,,
RBI,E08,PRE_7,FFR_UPPER,complete,2023-09-27,2023-10-06,6,5.5,5.5,0.0,,pp,6,,0.0,0.0,,,,,,,
RBI,E08,PRE_7,IN_REPO,complete,2023-09-27,2023-10-06,6,6.5,6.5,0.0,,pp,6,,231.0,240.0,,,,,,,
RBI,E08,EVENT,USDINR,complete,2023-10-06,2023-10-09,1,83.2388,83.2542,0.01850098752025353,0.00018499276298616088,%,1,,0.0,0.0,-0.018497565288000395,0.01850098752025353,751.0,0.015031058885117687,0.2850906397572155,0.012169276995256712,50.86551264980027
RBI,E08,EVENT,BRENT,complete,2023-10-06,2023-10-09,1,87.86,91.37,3.994992032779421,0.0391725584628957,%,1,,0.0,0.0,,,751.0,0.08681248206230396,2.5088257695963216,1.5268023275623952,95.73901464713715
RBI,E08,EVENT,GOLD_USD,complete,2023-10-06,2023-10-09,1,1821.9,1852.3,1.668587738075633,0.01654819755703797,%,1,,0.0,0.0,,,751.0,-0.006879086697608727,0.8741627861038631,1.9009034763737798,96.80426098535287
RBI,E08,EVENT,NIFTY50,complete,2023-10-06,2023-10-09,1,19653.5,19512.35,-0.7181926883252476,-0.007207841070540643,%,1,,0.0,0.0,,,751.0,0.07081129574286749,0.9679395567302995,-0.817789021973696,15.978695073235686
RBI,E08,EVENT,DXY_BROAD,complete,2023-10-06,2023-10-09,1,123.3563,123.3563,0.0,0.0,%,1,,0.0,3.0,,,751.0,0.007472883579451306,0.34094674872132175,-0.02191721845551956,51.398135818908116
RBI,E08,EVENT,VIX,complete,2023-10-06,2023-10-09,1,17.45,17.7,1.4326647564469885,0.01422499093134726,%,1,,0.0,0.0,,,,,,,
RBI,E08,EVENT,UST10Y,complete,2023-10-06,2023-10-09,1,4.78,4.78,0.0,,pp,1,,0.0,3.0,,,,,,,
RBI,E08,EVENT,FFR_UPPER,complete,2023-10-06,2023-10-09,1,5.5,5.5,0.0,,pp,1,,0.0,0.0,,,,,,,
RBI,E08,EVENT,IN_REPO,complete,2023-10-06,2023-10-09,1,6.5,6.5,0.0,,pp,1,,240.0,243.0,,,,,,,
RBI,E08,POST_7,USDINR,complete,2023-10-06,2023-10-18,8,83.2388,83.2571,0.02198493971561355,0.00021982523381888574,%,8,0.6829911360897513,0.0,0.0,-0.021980107402241877,-0.34970260279336696,751.0,0.11434173152276017,0.8305206189488532,-0.1111277500700699,46.60452729693741
RBI,E08,POST_7,BRENT,complete,2023-10-06,2023-10-18,8,87.86,91.99,4.700660141133617,0.04593523694143234,%,8,55.19765105625301,0.0,0.0,,,751.0,0.7757610029529349,6.519736587047703,0.5860292350667697,73.23568575233023
RBI,E08,POST_7,GOLD_USD,complete,2023-10-06,2023-10-18,8,1821.9,1943.85,6.6935616663922115,0.06479062997789367,%,8,8.148409500467054,0.0,0.0,,,751.0,-0.05258223373291182,2.419010939543737,2.700136222640986,99.06790945406125
RBI,E08,POST_7,NIFTY50,complete,2023-10-06,2023-10-18,8,19653.5,19671.1,0.08955147938025654,0.0008951140596539994,%,8,9.391376180650557,0.0,0.0,,,751.0,0.5781788996435999,2.731095637670898,-0.17831761276153302,40.21304926764314
RBI,E08,POST_7,DXY_BROAD,complete,2023-10-06,2023-10-18,8,123.3563,123.8148,0.3716875425089805,0.0037099849124669374,%,8,5.156884079034931,0.0,0.0,,,751.0,0.056458287949667785,0.9744999240176284,0.32278723398495535,64.71371504660452
RBI,E08,POST_7,VIX,complete,2023-10-06,2023-10-18,8,17.45,19.22,10.143266475644698,0.09661175489371024,%,8,129.4638843977323,0.0,0.0,,,,,,,
RBI,E08,POST_7,UST10Y,complete,2023-10-06,2023-10-18,8,4.78,4.91,0.1299999999999999,,pp,8,,0.0,0.0,,,,,,,
RBI,E08,POST_7,FFR_UPPER,complete,2023-10-06,2023-10-18,8,5.5,5.5,0.0,,pp,8,,0.0,0.0,,,,,,,
RBI,E08,POST_7,IN_REPO,complete,2023-10-06,2023-10-18,8,6.5,6.5,0.0,,pp,8,,240.0,252.0,,,,,,,
RBI,E08,POST_14,USDINR,complete,2023-10-06,2023-10-30,15,83.2388,83.2676,0.034599249388511666,0.00034593265228496933,%,15,0.8081558918548932,0.0,0.0,-0.03458728244839504,-0.00698760106014884,751.0,0.21190408817541861,1.1380430798084593,-0.15560625607772216,46.33821571238349
RBI,E08,POST_14,BRENT,complete,2023-10-06,2023-10-30,15,87.86,90.73,3.266560437058952,0.03214342463390399,%,15,43.70770019927331,0.0,0.0,,,751.0,1.4868665520309188,8.488957507890113,0.20478620692960858,54.32756324900133
RBI,E08,POST_14,GOLD_USD,complete,2023-10-06,2023-10-30,15,1821.9,1996.15,9.564191228936814,0.09134041277672866,%,15,10.868684580485441,0.0,0.0,,,751.0,-0.08590753202419865,3.3133090762205173,2.782712243037026,99.73368841544608
RBI,E08,POST_14,NIFTY50,complete,2023-10-06,2023-10-30,15,19653.5,19140.9,-2.608186836950155,-0.02642803263977321,%,15,11.928896246653004,0.0,0.0,,,751.0,1.1145473333486366,3.576731640959105,-1.0487745973128522,15.179760319573901
RBI,E08,POST_14,DXY_BROAD,complete,2023-10-06,2023-10-30,15,123.3563,123.4076,0.041586850448660506,0.00041578205514696773,%,15,4.594373242884328,0.0,0.0,,,751.0,0.08867767106592872,1.330818385478945,-0.03536182746429621,49.66711051930759
RBI,E08,POST_14,VIX,complete,2023-10-06,2023-10-30,15,17.45,19.75,13.180515759312318,0.12381384269869466,%,15,111.8113297651611,0.0,0.0,,,,,,,
RBI,E08,POST_14,UST10Y,complete,2023-10-06,2023-10-30,15,4.78,4.88,0.09999999999999964,,pp,15,,0.0,0.0,,,,,,,
RBI,E08,POST_14,FFR_UPPER,complete,2023-10-06,2023-10-30,15,5.5,5.5,0.0,,pp,15,,0.0,0.0,,,,,,,
RBI,E08,POST_14,IN_REPO,complete,2023-10-06,2023-10-30,15,6.5,6.5,0.0,,pp,15,,240.0,264.0,,,,,,,
RBI,E08,POST_30,USDINR,complete,2023-10-06,2023-11-22,31,83.2388,83.3375,0.11857451092520677,0.0011850426687421095,%,31,1.059725376397398,0.0,0.0,-0.11843407829609243,2.2879813430043194,751.0,0.4269383242960112,1.3778966492109253,-0.2231845629941288,43.54194407456725
RBI,E08,POST_30,BRENT,complete,2023-10-06,2023-11-22,31,87.86,81.76,-6.9428636467106735,-0.07195651209223917,%,31,43.99812418906224,0.0,0.0,,,751.0,3.039778095328227,12.355348238708043,-0.824755667838462,24.101198402130493
RBI,E08,POST_30,GOLD_USD,complete,2023-10-06,2023-11-22,31,1821.9,1999.9,9.770020308469185,0.09321726672040138,%,31,12.596915020225904,0.0,0.0,,,751.0,-0.0564656307942113,4.408072773595217,2.1275075826451144,97.7363515312916
RBI,E08,POST_30,NIFTY50,complete,2023-10-06,2023-11-22,31,19653.5,19811.85,0.8057089068104872,0.008024804025683067,%,31,10.2149648478772,0.0,0.0,,,751.0,2.3522716102945207,5.285899158053157,-0.288040235415555,39.94673768308921
RBI,E08,POST_30,DXY_BROAD,complete,2023-10-06,2023-11-22,31,123.3563,120.6802,-2.1694068320791127,-0.021932844285363014,%,31,6.095077362253338,0.0,0.0,,,751.0,0.13995273694802357,1.9040076493783216,-1.2253833768375266,13.049267643142477
RBI,E08,POST_30,VIX,complete,2023-10-06,2023-11-22,31,17.45,12.85,-26.361031518624646,-0.3059958373072074,%,31,93.71517280202009,0.0,0.0,,,,,,,
RBI,E08,POST_30,UST10Y,complete,2023-10-06,2023-11-22,31,4.78,4.42,-0.3600000000000003,,pp,31,,0.0,0.0,,,,,,,
RBI,E08,POST_30,FFR_UPPER,complete,2023-10-06,2023-11-22,31,5.5,5.5,0.0,,pp,31,,0.0,0.0,,,,,,,
RBI,E08,POST_30,IN_REPO,complete,2023-10-06,2023-11-22,31,6.5,6.5,0.0,,pp,31,,240.0,287.0,,,,,,,
RBI,E08,POST_90,USDINR,complete,2023-10-06,2024-02-21,91,83.2388,82.8851,-0.4249220315525992,-0.004258273908413817,%,91,1.451173085316996,0.0,0.0,0.4267353239605143,1.4545117711798228,751.0,1.107976548330547,2.309443286937518,-0.6615061097410098,27.030625832223702
RBI,E08,POST_90,BRENT,complete,2023-10-06,2024-02-21,91,87.86,84.77,-3.516958798087866,-0.0358029319273193,%,91,33.945802193603214,0.0,0.0,,,751.0,10.880615957440497,23.642022872950736,-0.5883034513778623,30.22636484687084
RBI,E08,POST_90,GOLD_USD,complete,2023-10-06,2024-02-21,91,1821.9,2028.8,11.35627641473187,0.1075645726712674,%,91,12.691842271942605,0.0,0.0,,,751.0,0.8527714785909302,7.243339473088299,1.36778089455957,89.74700399467378
RBI,E08,POST_90,NIFTY50,complete,2023-10-06,2024-02-21,91,19653.5,22055.05,12.219452006004005,0.11528616111129861,%,91,11.728434168122297,0.0,0.0,,,751.0,8.011462796439407,9.352011126702577,0.40867133374241976,65.64580559254327
RBI,E08,POST_90,DXY_BROAD,complete,2023-10-06,2024-02-21,91,123.3563,121.0379,-1.879433802732422,-0.018973196157179337,%,91,5.569895652696221,0.0,0.0,,,751.0,-0.00018287938386984948,3.4444191567100555,-0.5507856767289887,30.62583222370173
RBI,E08,POST_90,VIX,complete,2023-10-06,2024-02-21,91,17.45,15.34,-12.091690544412604,-0.128875852709326,%,91,76.92297658086672,0.0,0.0,,,,,,,
RBI,E08,POST_90,UST10Y,complete,2023-10-06,2024-02-21,91,4.78,4.32,-0.45999999999999996,,pp,91,,0.0,0.0,,,,,,,
RBI,E08,POST_90,FFR_UPPER,complete,2023-10-06,2024-02-21,91,5.5,5.5,0.0,,pp,91,,0.0,0.0,,,,,,,
RBI,E08,POST_90,IN_REPO,complete,2023-10-06,2024-02-21,91,6.5,6.5,0.0,,pp,91,,240.0,378.0,,,,,,,
RBI,E09,PRE_30,USDINR,complete,2024-02-23,2024-04-12,29,82.8865,83.3931,0.6111972395987264,0.006093370052229381,%,29,1.5640987535130773,0.0,0.0,-0.6074843122512608,-0.4228675786509095,751.0,0.4729147213674789,1.2716858239271593,0.10815329528774868,58.45539280958722
RBI,E09,PRE_30,BRENT,complete,2024-02-23,2024-04-12,29,84.18,93.12,10.620099786172489,0.10093162064070312,%,29,22.25916632797091,0.0,0.0,,,751.0,1.8446088882033251,11.61644503801214,0.7115223027757275,75.63249001331558
RBI,E09,PRE_30,GOLD_USD,complete,2024-02-23,2024-04-12,29,2019.3,2394.8,18.59555291437629,0.17054880336642003,%,29,16.932793649640058,0.0,0.0,,,751.0,0.31110826416882453,4.2981369582973,3.8957006664303373,100.0
RBI,E09,PRE_30,NIFTY50,complete,2024-02-23,2024-04-12,29,22212.7,22519.4,1.380741647796091,0.013712962553087009,%,29,11.029145153266592,0.0,0.0,,,751.0,1.777848320821307,4.836179118007459,-0.0808351347129019,46.870838881491345
RBI,E09,PRE_30,DXY_BROAD,complete,2024-02-23,2024-04-12,29,121.0369,122.2885,1.034064818249636,0.010287549416810718,%,29,3.766892049312548,0.0,0.0,,,751.0,0.3045376156615154,1.8137001633858416,0.3995589332413195,62.849533954727036
RBI,E09,PRE_30,VIX,complete,2024-02-23,2024-04-12,29,13.75,17.31,25.890909090909076,0.23024554507553746,%,29,80.40055530805303,0.0,0.0,,,,,,,
RBI,E09,PRE_30,UST10Y,complete,2024-02-23,2024-04-12,29,4.26,4.5,0.2400000000000002,,pp,29,,0.0,0.0,,,,,,,
RBI,E09,PRE_30,FFR_UPPER,complete,2024-02-23,2024-04-12,29,5.5,5.5,0.0,,pp,29,,0.0,0.0,,,,,,,
RBI,E09,PRE_30,IN_REPO,complete,2024-02-23,2024-04-12,29,6.5,6.5,0.0,,pp,29,,380.0,429.0,,,,,,,
RBI,E09,PRE_14,USDINR,complete,2024-03-19,2024-04-12,13,82.9401,83.3931,0.5461773014500793,0.005446911620751451,%,13,1.873446921995249,0.0,0.0,-0.5432104094943102,-0.5745240444168909,751.0,0.2205255858679367,1.0042583973252197,0.32303277507893297,66.57789613848203
RBI,E09,PRE_14,BRENT,complete,2024-03-19,2024-04-12,13,87.36,93.12,6.593406593406592,0.06385147198653277,%,13,25.807242297542825,0.0,0.0,,,751.0,0.7081781268944987,7.570579251311125,0.7502021560419176,78.02929427430094
RBI,E09,PRE_14,GOLD_USD,complete,2024-03-19,2024-04-12,13,2154.3,2394.8,11.163719073480948,0.10583387526681548,%,13,20.85535288366221,0.0,0.0,,,751.0,0.2550372895499642,3.174972720243416,3.253153905692625,100.0
RBI,E09,PRE_14,NIFTY50,complete,2024-03-19,2024-04-12,13,21817.45,22519.4,3.217378749578903,0.031667051618125115,%,13,8.497426912281911,0.0,0.0,,,751.0,0.7471017926950152,3.192291872170563,0.7588217020494384,76.83089214380826
RBI,E09,PRE_14,DXY_BROAD,complete,2024-03-19,2024-04-12,13,120.9332,122.2885,1.1207013458669701,0.011144680164360115,%,13,4.694628554062834,0.0,0.0,,,751.0,0.12706800347361824,1.234724111628422,0.7997581538466227,78.29560585885486
RBI,E09,PRE_14,VIX,complete,2024-03-19,2024-04-12,13,13.82,17.31,25.25325615050651,0.22516755084859402,%,13,98.09244590576913,0.0,0.0,,,,,,,
RBI,E09,PRE_14,UST10Y,complete,2024-03-19,2024-04-12,13,4.3,4.5,0.20000000000000018,,pp,13,,0.0,0.0,,,,,,,
RBI,E09,PRE_14,FFR_UPPER,complete,2024-03-19,2024-04-12,13,5.5,5.5,0.0,,pp,13,,0.0,0.0,,,,,,,
RBI,E09,PRE_14,IN_REPO,complete,2024-03-19,2024-04-12,13,6.5,6.5,0.0,,pp,13,,405.0,429.0,,,,,,,
RBI,E09,PRE_7,USDINR,complete,2024-04-02,2024-04-12,6,83.3585,83.3931,0.04150746474564926,0.0004149885278049106,%,6,1.9185654016007323,0.0,0.0,-0.041490243197572774,-0.7705053790717065,751.0,0.10827844489769145,0.6703680865429874,-0.0995289224384273,49.00133155792277
RBI,E09,PRE_7,BRENT,complete,2024-04-02,2024-04-12,6,87.63,93.12,6.2649777473468005,0.06076557891536842,%,6,28.981359161173387,0.0,0.0,,,751.0,0.24818735726388486,5.720359773390869,1.0189355637328779,88.81491344873503
RBI,E09,PRE_7,GOLD_USD,complete,2024-04-02,2024-04-12,6,2264.55,2394.8,5.751694597160584,0.055923656369342246,%,6,14.997652572105563,0.0,0.0,,,751.0,0.15268696903951717,2.1459788154255572,2.53487829275222,98.26897470039947
RBI,E09,PRE_7,NIFTY50,complete,2024-04-02,2024-04-12,6,22453.3,22519.4,0.294388798083145,0.0029395632282553812,%,6,9.514827637140318,0.0,0.0,,,751.0,0.3012762532065505,2.1581421830602583,-0.0031819047936991135,46.870838881491345
RBI,E09,PRE_7,DXY_BROAD,complete,2024-04-02,2024-04-12,6,121.3035,122.2885,0.8120128438173557,0.008087337586266792,%,6,6.649653274957402,0.0,0.0,,,751.0,0.06476430957513823,0.843660414334823,0.8818600463393373,83.62183754993342
RBI,E09,PRE_7,VIX,complete,2024-04-02,2024-04-12,6,14.61,17.31,18.48049281314168,0.16957814342550975,%,6,114.78284976216078,0.0,0.0,,,,,,,
RBI,E09,PRE_7,UST10Y,complete,2024-04-02,2024-04-12,6,4.36,4.5,0.13999999999999968,,pp,6,,0.0,0.0,,,,,,,
RBI,E09,PRE_7,FFR_UPPER,complete,2024-04-02,2024-04-12,6,5.5,5.5,0.0,,pp,6,,0.0,0.0,,,,,,,
RBI,E09,PRE_7,IN_REPO,complete,2024-04-02,2024-04-12,6,6.5,6.5,0.0,,pp,6,,419.0,429.0,,,,,,,
RBI,E09,EVENT,USDINR,complete,2024-04-12,2024-04-15,1,83.3931,83.4422,0.0588777728612877,0.0005886044670110676,%,1,,0.0,0.0,-0.05884312733843711,-0.052743516139730495,751.0,0.017651009404962004,0.26430485843367396,0.15592219964379644,62.18375499334221
RBI,E09,EVENT,BRENT,complete,2024-04-12,2024-04-15,1,93.12,90.84,-2.448453608247425,-0.02478926674577,%,1,,0.0,0.0,,,751.0,0.046130171584102264,2.484231237902657,-1.01642961852467,11.984021304926765
RBI,E09,EVENT,GOLD_USD,complete,2024-04-12,2024-04-15,1,2394.8,2347.15,-1.9897277434441363,-0.020097893866193563,%,1,,0.0,0.0,,,751.0,0.04063306978252523,0.8594687431467888,-2.3856762910288247,1.5978695073235687
RBI,E09,EVENT,NIFTY50,complete,2024-04-12,2024-04-15,1,22519.4,22272.5,-1.0963880032327733,-0.011024426319883079,%,1,,0.0,0.0,,,751.0,0.05836858358678754,0.8914629188521394,-1.3021227952337173,7.989347536617843
RBI,E09,EVENT,DXY_BROAD,complete,2024-04-12,2024-04-15,1,122.2885,122.425,0.1116212890010182,0.0011155903875893574,%,1,,0.0,0.0,,,751.0,0.010719006978443524,0.34462985542437524,0.2926055437095423,65.9121171770972
RBI,E09,EVENT,VIX,complete,2024-04-12,2024-04-15,1,17.31,19.23,11.091854419410762,0.10518719041257063,%,1,,0.0,0.0,,,,,,,
RBI,E09,EVENT,UST10Y,complete,2024-04-12,2024-04-15,1,4.5,4.63,0.1299999999999999,,pp,1,,0.0,0.0,,,,,,,
RBI,E09,EVENT,FFR_UPPER,complete,2024-04-12,2024-04-15,1,5.5,5.5,0.0,,pp,1,,0.0,0.0,,,,,,,
RBI,E09,EVENT,IN_REPO,complete,2024-04-12,2024-04-15,1,6.5,6.5,0.0,,pp,1,,429.0,432.0,,,,,,,
RBI,E09,POST_7,USDINR,complete,2024-04-12,2024-04-25,8,83.3931,83.3758,-0.02074512159879749,-0.00020747273696790277,%,8,1.2708418295482165,0.0,0.0,0.020749426092470102,-0.4704194572885845,751.0,0.14733416776437913,0.7796167319507489,-0.21545588272087013,39.81358189081225
RBI,E09,POST_7,BRENT,complete,2024-04-12,2024-04-25,8,93.12,88.1,-5.390893470790392,-0.05541645104099402,%,8,24.827617038280756,0.0,0.0,,,751.0,0.3480484798829675,6.272524675103535,-0.9388706465150122,16.910785619174433
RBI,E09,POST_7,GOLD_USD,complete,2024-04-12,2024-04-25,8,2394.8,2325.65,-2.8875062635710713,-0.029300150209647435,%,8,21.522835166833104,0.0,0.0,,,751.0,0.26369946401509914,2.5403585760367235,-1.2570538025980287,9.85352862849534
RBI,E09,POST_7,NIFTY50,complete,2024-04-12,2024-04-25,8,22519.4,22570.35,0.22624936721225009,0.002259938087251483,%,8,11.686744016878045,0.0,0.0,,,751.0,0.4373660889822828,2.479437358761371,-0.0848654690538748,42.876165113182424
RBI,E09,POST_7,DXY_BROAD,complete,2024-04-12,2024-04-25,8,122.2885,122.8384,0.449674335689787,0.0044866632137368235,%,8,3.9139955377330606,0.0,0.0,,,751.0,0.08393474581800398,0.9688688295683038,0.376487270446698,65.37949400798935
RBI,E09,POST_7,VIX,complete,2024-04-12,2024-04-25,8,17.31,15.37,-11.207394569612939,-0.11886681163761337,%,8,105.2246933643323,0.0,0.0,,,,,,,
RBI,E09,POST_7,UST10Y,complete,2024-04-12,2024-04-25,8,4.5,4.7,0.20000000000000018,,pp,8,,0.0,0.0,,,,,,,
RBI,E09,POST_7,FFR_UPPER,complete,2024-04-12,2024-04-25,8,5.5,5.5,0.0,,pp,8,,0.0,0.0,,,,,,,
RBI,E09,POST_7,IN_REPO,complete,2024-04-12,2024-04-25,8,6.5,6.5,0.0,,pp,8,,429.0,442.0,,,,,,,
RBI,E09,POST_14,USDINR,complete,2024-04-12,2024-05-07,15,83.3931,83.5015,0.12998677348603493,0.0012990236381931189,%,15,1.318861598113989,0.0,0.0,-0.1298180272210514,0.28985462696367037,751.0,0.2714879946703608,1.0641775576910228,-0.13270132115299807,50.06657789613848
RBI,E09,POST_14,BRENT,complete,2024-04-12,2024-05-07,15,93.12,82.69,-11.200601374570452,-0.11879030824905241,%,15,26.04546593885319,0.0,0.0,,,751.0,0.663506961420679,7.975663749408158,-1.5723263494397273,5.9920106524633825
RBI,E09,POST_14,GOLD_USD,complete,2024-04-12,2024-05-07,15,2394.8,2315.0,-3.3322198095874445,-0.033890032530862584,%,15,17.08602673815659,0.0,0.0,,,751.0,0.4269053786441601,3.463739340435902,-1.1014108167238652,13.981358189081226
RBI,E09,POST_14,NIFTY50,complete,2024-04-12,2024-05-07,15,22519.4,22302.5,-0.9631695338241708,-0.009678380126743356,%,15,10.591423347571768,0.0,0.0,,,751.0,0.7881720977260143,3.349805409026089,-0.523290175108049,30.492676431424766
RBI,E09,POST_14,DXY_BROAD,complete,2024-04-12,2024-05-07,15,122.2885,122.093,-0.15986785347763544,-0.0015999577848933926,%,15,4.285069355419513,0.0,0.0,,,751.0,0.15775062935017292,1.3323146050045354,-0.23839873183258742,40.47936085219707
RBI,E09,POST_14,VIX,complete,2024-04-12,2024-05-07,15,17.31,13.23,-23.570190641247823,-0.26879739106125344,%,15,89.59392002247321,0.0,0.0,,,,,,,
RBI,E09,POST_14,UST10Y,complete,2024-04-12,2024-05-07,15,4.5,4.47,-0.03000000000000025,,pp,15,,0.0,0.0,,,,,,,
RBI,E09,POST_14,FFR_UPPER,complete,2024-04-12,2024-05-07,15,5.5,5.5,0.0,,pp,15,,0.0,0.0,,,,,,,
RBI,E09,POST_14,IN_REPO,complete,2024-04-12,2024-05-07,15,6.5,6.5,0.0,,pp,15,,429.0,454.0,,,,,,,
RBI,E09,POST_30,USDINR,complete,2024-04-12,2024-05-31,31,83.3931,83.2988,-0.11307889981305719,-0.0011314288223926885,%,31,1.4425132214670873,0.0,0.0,0.11320691294471885,0.04270026175977604,751.0,0.5416027088511521,1.244126153083257,-0.5250948195693295,31.82423435419441
RBI,E09,POST_30,BRENT,complete,2024-04-12,2024-05-31,31,93.12,79.41,-14.7229381443299,-0.15926467907600814,%,31,25.053586672281575,0.0,0.0,,,751.0,1.5586275598864496,11.752615127312318,-1.4867392010300529,7.1904127829560585
RBI,E09,POST_30,GOLD_USD,complete,2024-04-12,2024-05-31,31,2394.8,2342.9,-2.1671955904459694,-0.021910241778602783,%,31,18.163392338763447,0.0,0.0,,,751.0,0.6982060591643524,4.611105922477512,-0.6260545980998647,28.362183754993342
RBI,E09,POST_30,NIFTY50,complete,2024-04-12,2024-05-31,31,22519.4,22530.7,0.050178956810564834,0.0005016637138201369,%,31,11.01874431349349,0.0,0.0,,,751.0,1.7233673156550333,4.854053150151601,-0.3416772244294247,36.484687083888154
RBI,E09,POST_30,DXY_BROAD,complete,2024-04-12,2024-05-31,31,122.2885,122.098,-0.15577916157283322,-0.0015590062346667027,%,31,3.830190524365001,0.0,0.0,,,751.0,0.3207357222403173,1.8672931968864233,-0.25498035694781584,36.35153129161118
RBI,E09,POST_30,VIX,complete,2024-04-12,2024-05-31,31,17.31,12.92,-25.361062969381855,-0.292507870833662,%,31,86.79902382085135,0.0,0.0,,,,,,,
RBI,E09,POST_30,UST10Y,complete,2024-04-12,2024-05-31,31,4.5,4.51,0.009999999999999787,,pp,31,,0.0,0.0,,,,,,,
RBI,E09,POST_30,FFR_UPPER,complete,2024-04-12,2024-05-31,31,5.5,5.5,0.0,,pp,31,,0.0,0.0,,,,,,,
RBI,E09,POST_30,IN_REPO,complete,2024-04-12,2024-05-31,31,6.5,6.5,0.0,,pp,31,,429.0,478.0,,,,,,,
RBI,E09,POST_90,USDINR,complete,2024-04-12,2024-08-28,91,83.3931,83.9671,0.68830634668815,0.006859483326103787,%,91,1.557960846277896,0.0,0.0,-0.6836010770885248,1.0106588164624952,751.0,1.512635144340524,1.8974242236236432,-0.42971969574930274,40.612516644474034
RBI,E09,POST_90,BRENT,complete,2024-04-12,2024-08-28,91,93.12,80.04,-14.046391752577314,-0.15136247426759497,%,91,24.913230852923892,0.0,0.0,,,751.0,6.188091405180618,20.260863826983737,-1.0434118650812017,14.513981358189081
RBI,E09,POST_90,GOLD_USD,complete,2024-04-12,2024-08-28,91,2394.8,2509.55,4.791631869049606,0.046803734133012094,%,91,14.793733375633058,0.0,0.0,,,751.0,1.3391557203632276,7.006617854414007,0.47813441467738177,67.90945406125167
RBI,E09,POST_90,NIFTY50,complete,2024-04-12,2024-08-28,91,22519.4,25052.35,11.247857402950334,0.1065904755734727,%,91,16.921661155773666,0.0,0.0,,,751.0,5.879224503424796,7.505044934786601,0.6590448019479604,73.36884154460719
RBI,E09,POST_90,DXY_BROAD,complete,2024-04-12,2024-08-28,91,122.2885,121.8943,-0.3223524697743452,-0.0032287314458803594,%,91,4.110418183392382,0.0,0.0,,,751.0,0.8034786428128937,2.874143449806538,-0.3907741920714116,34.22103861517976
RBI,E09,POST_90,VIX,complete,2024-04-12,2024-08-28,91,17.31,17.11,-1.1554015020219466,-0.011621281284015714,%,91,148.28865131902512,0.0,0.0,,,,,,,
RBI,E09,POST_90,UST10Y,complete,2024-04-12,2024-08-28,91,4.5,3.84,-0.6600000000000001,,pp,91,,0.0,0.0,,,,,,,
RBI,E09,POST_90,FFR_UPPER,complete,2024-04-12,2024-08-28,91,5.5,5.5,0.0,,pp,91,,0.0,0.0,,,,,,,
RBI,E09,POST_90,IN_REPO,complete,2024-04-12,2024-08-28,91,6.5,6.5,0.0,,pp,91,,429.0,567.0,,,,,,,
RBI,E10,PRE_30,USDINR,complete,2025-03-04,2025-04-22,29,87.3786,85.1003,-2.607388994559312,-0.026419840584435594,%,29,4.945845657755486,0.0,0.0,2.677193852430615,1.7513986607377796,751.0,0.5795225040865715,1.0089250414135313,-3.191350851963035,0.0
RBI,E10,PRE_30,BRENT,complete,2025-03-04,2025-04-22,29,72.31,68.93,-4.674318904715802,-0.04787093528929998,%,29,36.64138211681393,0.0,0.0,,,751.0,-0.18503975094654734,10.636239111521748,-0.4326606726025483,35.15312916111851
RBI,E10,PRE_30,GOLD_USD,complete,2025-03-04,2025-04-22,29,2911.6,3454.7,18.65297430965791,0.17103286450749194,%,29,23.152119244116808,0.0,0.0,,,751.0,1.7810405613441604,4.654016966268483,3.2956305674441198,100.0
RBI,E10,PRE_30,NIFTY50,complete,2025-03-04,2025-04-22,29,22082.65,24167.25,9.439990218565253,0.09020617850899998,%,29,18.162296284738904,0.0,0.0,,,751.0,1.0534409469972639,4.609569261785418,1.7295947793519404,95.47270306258322
RBI,E10,PRE_30,DXY_BROAD,complete,2025-03-04,2025-04-22,29,127.9966,122.4175,-4.358787655297092,-0.044566367352180516,%,29,9.25790012095602,0.0,0.0,,,751.0,0.40551885314432656,1.86744950793104,-2.6031951900895973,0.3994673768308922
RBI,E10,PRE_30,VIX,complete,2025-03-04,2025-04-22,29,23.51,30.57,30.029774564015298,0.2625932733507649,%,29,258.23095751672633,0.0,0.0,,,,,,,
RBI,E10,PRE_30,UST10Y,complete,2025-03-04,2025-04-22,29,4.22,4.41,0.1900000000000004,,pp,29,,0.0,0.0,,,,,,,
RBI,E10,PRE_30,FFR_UPPER,complete,2025-03-04,2025-04-22,29,4.5,4.5,0.0,,pp,29,,0.0,0.0,,,,,,,
RBI,E10,PRE_30,IN_REPO,complete,2025-03-04,2025-04-22,29,6.25,6.0,-0.25,,pp,29,,25.0,13.0,,,,,,,
RBI,E10,PRE_14,USDINR,complete,2025-03-27,2025-04-22,13,85.761,85.1003,-0.7703968004104333,-0.0077337968647609116,%,13,6.817988954593582,0.0,0.0,0.7763779916169389,2.3516503876024775,751.0,0.24743642577853553,0.7575448425512171,-1.3471288233357497,7.057256990679095
RBI,E10,PRE_14,BRENT,complete,2025-03-27,2025-04-22,13,74.72,68.93,-7.748929336188426,-0.08065629702302661,%,13,50.03413720426645,0.0,0.0,,,751.0,-0.46738854789193374,7.1305217839167865,-1.065440329471849,14.780292942743008
RBI,E10,PRE_14,GOLD_USD,complete,2025-03-27,2025-04-22,13,3051.7,3454.7,13.205754169807005,0.12403681037784897,%,13,32.56277463440879,0.0,0.0,,,751.0,0.8631190951244427,3.258741072312385,3.542553784960122,100.0
RBI,E10,PRE_14,NIFTY50,complete,2025-03-27,2025-04-22,13,23591.95,24167.25,2.4385436557808893,0.024092858684005188,%,13,24.940664427480673,0.0,0.0,,,751.0,0.48480557704961846,3.1042501237407976,0.6203274904898974,72.96937416777631
RBI,E10,PRE_14,DXY_BROAD,complete,2025-03-27,2025-04-22,13,126.3626,122.4175,-3.122047188012911,-0.031718218139238835,%,13,12.458762754246843,0.0,0.0,,,751.0,0.1567015664960092,1.2935026796369713,-2.573168795105234,0.3994673768308922
RBI,E10,PRE_14,VIX,complete,2025-03-27,2025-04-22,13,18.69,30.57,63.56340288924558,0.4920305144352716,%,13,353.94097818110134,0.0,0.0,,,,,,,
RBI,E10,PRE_14,UST10Y,complete,2025-03-27,2025-04-22,13,4.38,4.41,0.03000000000000025,,pp,13,,0.0,0.0,,,,,,,
RBI,E10,PRE_14,FFR_UPPER,complete,2025-03-27,2025-04-22,13,4.5,4.5,0.0,,pp,13,,0.0,0.0,,,,,,,
RBI,E10,PRE_14,IN_REPO,complete,2025-03-27,2025-04-22,13,6.25,6.0,-0.25,,pp,13,,48.0,13.0,,,,,,,
RBI,E10,PRE_7,USDINR,complete,2025-04-09,2025-04-22,6,86.6171,85.1003,-1.7511553723225437,-0.017666694822597657,%,6,3.906328041572274,0.0,0.0,1.7823673947095164,1.5739386037333047,751.0,0.10853767212934962,0.5400709614145205,-3.4720405813571054,0.2663115845539281
RBI,E10,PRE_7,BRENT,complete,2025-04-09,2025-04-22,6,67.3,68.93,2.4219910846954074,0.02393126024687846,%,6,20.33228727883643,0.0,0.0,,,751.0,-0.28330995459828756,5.66741350498277,0.4723209377946652,70.43941411451398
RBI,E10,PRE_7,GOLD_USD,complete,2025-04-09,2025-04-22,6,3044.7,3454.7,13.466022925082921,0.1263332486287126,%,6,34.414300171043635,0.0,0.0,,,751.0,0.3802162658919306,2.1841577719563636,5.61032254600605,100.0
RBI,E10,PRE_7,NIFTY50,complete,2025-04-09,2025-04-22,6,22399.15,24167.25,7.893603105474978,0.07597539911979985,%,6,12.899598277153004,0.0,0.0,,,751.0,0.23715303569198376,2.1540159196215427,3.4171834911911785,100.0
RBI,E10,PRE_7,DXY_BROAD,complete,2025-04-09,2025-04-22,6,126.628,122.4175,-3.3250939760558484,-0.03381632057749785,%,6,12.505833669143595,0.0,0.0,,,751.0,0.07413175702171149,0.8660153010409806,-3.9903871751489763,0.13315579227696406
RBI,E10,PRE_7,VIX,complete,2025-04-09,2025-04-22,6,33.62,30.57,-9.071980963712068,-0.09510199207772632,%,6,227.52591983969447,0.0,0.0,,,,,,,
RBI,E10,PRE_7,UST10Y,complete,2025-04-09,2025-04-22,6,4.34,4.41,0.07000000000000028,,pp,6,,0.0,0.0,,,,,,,
RBI,E10,PRE_7,FFR_UPPER,complete,2025-04-09,2025-04-22,6,4.5,4.5,0.0,,pp,6,,0.0,0.0,,,,,,,
RBI,E10,PRE_7,IN_REPO,complete,2025-04-09,2025-04-22,6,6.0,6.0,0.0,,pp,6,,0.0,13.0,,,,,,,
RBI,E10,EVENT,USDINR,complete,2025-04-22,2025-04-23,1,85.1003,85.4372,0.39588579593725637,0.0039510423017960474,%,1,,0.0,0.0,-0.39432472037941313,-0.10053015766413598,751.0,0.013524747366022716,0.2234420911450056,1.7077373173948915,96.13848202396804
RBI,E10,EVENT,BRENT,complete,2025-04-22,2025-04-23,1,68.93,68.26,-0.9720005802988596,-0.009767553418999524,%,1,,0.0,0.0,,,751.0,-0.08765930640078912,2.2881297167318673,-0.38855209377347777,29.82689747003995
RBI,E10,EVENT,GOLD_USD,complete,2025-04-22,2025-04-23,1,3454.7,3332.85,-3.5270790517266337,-0.035907828957038146,%,1,,0.0,0.0,,,751.0,0.07234233993773653,0.9150813096256409,-4.003031252689935,0.0
RBI,E10,EVENT,NIFTY50,complete,2025-04-22,2025-04-23,1,24167.25,24328.95,0.669087297892812,0.006668588435125756,%,1,,0.0,0.0,,,751.0,0.05481787126666582,0.8653400808965108,0.7073011007628166,79.09454061251664
RBI,E10,EVENT,DXY_BROAD,complete,2025-04-22,2025-04-23,1,122.4175,123.0252,0.49641595360139235,0.004951878721909392,%,1,,0.0,0.0,,,751.0,0.005326193712029692,0.3617593025699407,1.3541098095766395,93.47536617842877
RBI,E10,EVENT,VIX,complete,2025-04-22,2025-04-23,1,30.57,28.45,-6.934903500163559,-0.07187097533040321,%,1,,0.0,0.0,,,,,,,
RBI,E10,EVENT,UST10Y,complete,2025-04-22,2025-04-23,1,4.41,4.4,-0.009999999999999787,,pp,1,,0.0,0.0,,,,,,,
RBI,E10,EVENT,FFR_UPPER,complete,2025-04-22,2025-04-23,1,4.5,4.5,0.0,,pp,1,,0.0,0.0,,,,,,,
RBI,E10,EVENT,IN_REPO,complete,2025-04-22,2025-04-23,1,6.0,6.0,0.0,,pp,1,,13.0,14.0,,,,,,,
RBI,E10,POST_7,USDINR,complete,2025-04-22,2025-05-05,8,85.1003,84.2369,-1.0145675162132162,-0.010197493309045022,%,8,9.450581988886029,0.0,0.0,1.0249664933063674,-0.8869713800398804,751.0,0.12949911662556435,0.600957032504017,-1.9122243481462362,3.9946737683089215
RBI,E10,POST_7,BRENT,complete,2025-04-22,2025-05-05,8,68.93,61.57,-10.677498911939654,-0.11291675797444174,%,8,17.2208615352806,0.0,3.0,,,751.0,-0.5616970822676426,5.857257783219825,-1.8316413007472627,3.9946737683089215
RBI,E10,POST_7,GOLD_USD,complete,2025-04-22,2025-05-05,8,3454.7,3263.05,-5.5475149795930045,-0.05707328195357877,%,8,21.3248923272971,0.0,3.0,,,751.0,0.5408344243809982,2.6040602523913563,-2.398832882803556,0.5326231691078562
RBI,E10,POST_7,NIFTY50,complete,2025-04-22,2025-05-05,8,24167.25,24461.15,1.2161085766895452,0.012087733857160374,%,8,9.981465820226791,0.0,0.0,,,751.0,0.37836154756552,2.4485492891360376,0.33943601982622484,58.854860186418115
RBI,E10,POST_7,DXY_BROAD,complete,2025-04-22,2025-05-05,8,122.4175,122.2613,-0.12759613617333576,-0.0012767760935496293,%,8,3.4080927692992846,0.0,0.0,,,751.0,0.06946990656517826,1.0182211690734269,-0.19359585396330964,42.07723035952064
RBI,E10,POST_7,VIX,complete,2025-04-22,2025-05-05,8,30.57,23.64,-22.669283611383705,-0.25707894336484566,%,8,79.03048544125558,0.0,0.0,,,,,,,
RBI,E10,POST_7,UST10Y,complete,2025-04-22,2025-05-05,8,4.41,4.36,-0.04999999999999982,,pp,8,,0.0,0.0,,,,,,,
RBI,E10,POST_7,FFR_UPPER,complete,2025-04-22,2025-05-05,8,4.5,4.5,0.0,,pp,8,,0.0,0.0,,,,,,,
RBI,E10,POST_7,IN_REPO,complete,2025-04-22,2025-05-05,8,6.0,6.0,0.0,,pp,8,,13.0,26.0,,,,,,,
RBI,E10,POST_14,USDINR,complete,2025-04-22,2025-05-15,15,85.1003,85.5871,0.5720308859075818,0.005704010019080726,%,15,9.302747989223175,0.0,0.0,-0.5687773040563338,0.24536190475701325,751.0,0.25389853889543623,0.8157193742985955,0.38839857283149926,72.43675099866844
RBI,E10,POST_14,BRENT,complete,2025-04-22,2025-05-15,15,68.93,64.36,-6.629914405919058,-0.06859917477337808,%,15,37.6398458889279,0.0,0.0,,,751.0,-0.837989791068583,7.297153530116231,-0.8247595158261577,22.103861517976032
RBI,E10,POST_14,GOLD_USD,complete,2025-04-22,2025-05-15,15,3454.7,3171.35,-8.20186991634585,-0.08557825802821195,%,15,24.57151361865655,0.0,0.0,,,751.0,1.0018383908569017,3.5174699305400647,-2.7163498904660104,0.0
RBI,E10,POST_14,NIFTY50,complete,2025-04-22,2025-05-15,15,24167.25,25062.1,3.7027382097673422,0.03635833400743478,%,15,14.644692326624575,0.0,0.0,,,751.0,0.6559729841066897,3.2444903587576444,0.9190973702738126,81.35818908122504
RBI,E10,POST_14,DXY_BROAD,complete,2025-04-22,2025-05-15,15,122.4175,122.8174,0.3266689811505685,0.003261365771849929,%,15,3.9328222704940137,0.0,0.0,,,751.0,0.1575394698515531,1.404992425554764,0.12008681862657199,54.061251664447404
RBI,E10,POST_14,VIX,complete,2025-04-22,2025-05-15,15,30.57,17.83,-41.674844618907436,-0.5391367040276943,%,15,94.79837278274668,0.0,0.0,,,,,,,
RBI,E10,POST_14,UST10Y,complete,2025-04-22,2025-05-15,15,4.41,4.45,0.040000000000000036,,pp,15,,0.0,0.0,,,,,,,
RBI,E10,POST_14,FFR_UPPER,complete,2025-04-22,2025-05-15,15,4.5,4.5,0.0,,pp,15,,0.0,0.0,,,,,,,
RBI,E10,POST_14,IN_REPO,complete,2025-04-22,2025-05-15,15,6.0,6.0,0.0,,pp,15,,13.0,36.0,,,,,,,
RBI,E10,POST_30,USDINR,complete,2025-04-22,2025-06-06,31,85.1003,85.7883,0.8084577845201446,0.008052072721677394,%,31,7.421175677977495,0.0,0.0,-0.8019741619778031,1.8348633229439804,751.0,0.5709742892343606,1.0442456909212117,0.22586338140543494,67.64314247669773
RBI,E10,POST_30,BRENT,complete,2025-04-22,2025-06-06,31,68.93,68.02,-1.320179892644724,-0.013289717318511172,%,31,31.791976005345273,0.0,0.0,,,751.0,-1.3736195259354433,10.035490853935519,0.005397766857750803,47.802929427430094
RBI,E10,POST_30,GOLD_USD,complete,2025-04-22,2025-06-06,31,3454.7,3356.05,-2.8555301473355055,-0.02897093558656697,%,31,21.13077431858702,0.0,0.0,,,751.0,2.052318255431529,4.951215340563367,-0.9954395449382575,16.511318242343542
RBI,E10,POST_30,NIFTY50,complete,2025-04-22,2025-06-06,31,24167.25,25003.05,3.4583992800173657,0.033999406594567134,%,31,12.517580840869588,0.0,0.0,,,751.0,1.2302603952393465,4.621438183184246,0.47110582895130376,70.43941411451398
RBI,E10,POST_30,DXY_BROAD,complete,2025-04-22,2025-06-06,31,122.4175,121.161,-1.0264055384238358,-0.010317094040644882,%,31,4.529396112366822,0.0,0.0,,,751.0,0.3541119017222538,1.986910039764422,-0.6971608065194198,25.299600532623167
RBI,E10,POST_30,VIX,complete,2025-04-22,2025-06-06,31,30.57,16.77,-45.14229636898921,-0.6004275600676258,%,31,100.14557613080788,0.0,0.0,,,,,,,
RBI,E10,POST_30,UST10Y,complete,2025-04-22,2025-06-06,31,4.41,4.51,0.09999999999999964,,pp,31,,0.0,0.0,,,,,,,
RBI,E10,POST_30,FFR_UPPER,complete,2025-04-22,2025-06-06,31,4.5,4.5,0.0,,pp,31,,0.0,0.0,,,,,,,
RBI,E10,POST_30,IN_REPO,complete,2025-04-22,2025-06-06,31,6.0,5.5,-0.5,,pp,31,,13.0,0.0,,,,,,,
RBI,E10,POST_90,USDINR,complete,2025-04-22,2025-09-02,91,85.1003,88.0265,3.438530768986703,0.033807344671879035,%,91,5.444279158497099,0.0,0.0,-3.3242262273292633,4.854831542977356,751.0,1.7059663725771612,1.77594604089657,0.9511304138898342,78.56191744340879
RBI,E10,POST_90,BRENT,complete,2025-04-22,2025-09-02,91,68.93,68.09,-1.2186275932105084,-0.012261137402685222,%,91,35.621417222474996,0.0,0.0,,,751.0,-1.668665471652686,16.803802367737543,0.027174254080863616,59.6537949400799
RBI,E10,POST_90,GOLD_USD,complete,2025-04-22,2025-09-02,91,3454.7,3478.0,0.6744435117376435,0.006721793162633583,%,91,16.194460439288996,0.0,0.0,,,751.0,5.51092588921529,7.968892933006562,-0.5888212042569575,21.837549933422103
RBI,E10,POST_90,NIFTY50,complete,2025-04-22,2025-09-02,91,24167.25,24579.6,1.7062346770939874,0.016918419780234374,%,91,10.446484421600278,0.0,0.0,,,751.0,3.611836801943147,7.264971879754406,-0.2555133410386703,38.348868175765645
RBI,E10,POST_90,DXY_BROAD,complete,2025-04-22,2025-09-02,91,122.4175,120.6837,-1.416300773990653,-0.014264260298157897,%,91,4.286438796096796,0.0,0.0,,,751.0,1.2155901362503885,3.0272892015378243,-0.8703123578312764,17.842876165113182
RBI,E10,POST_90,VIX,complete,2025-04-22,2025-09-02,91,30.57,17.17,-43.83382401046777,-0.5768554609933588,%,91,102.7746500098437,0.0,0.0,,,,,,,
RBI,E10,POST_90,UST10Y,complete,2025-04-22,2025-09-02,91,4.41,4.28,-0.1299999999999999,,pp,91,,0.0,0.0,,,,,,,
RBI,E10,POST_90,FFR_UPPER,complete,2025-04-22,2025-09-02,91,4.5,4.5,0.0,,pp,91,,0.0,0.0,,,,,,,
RBI,E10,POST_90,IN_REPO,complete,2025-04-22,2025-09-02,91,6.0,5.5,-0.5,,pp,91,,13.0,88.0,,,,,,,
RBI,E11,PRE_30,USDINR,complete,2025-04-30,2025-06-12,29,85.0535,85.5353,0.5664669884249296,0.005648685975768565,%,29,7.548539156078346,0.0,0.0,-0.5632762146154935,2.540329904550842,751.0,0.49335051411860675,1.0450805987977032,0.06959374168112566,60.18641810918774
RBI,E11,PRE_30,BRENT,complete,2025-04-30,2025-06-12,29,63.37,70.84,11.787912261322408,0.11143324957920733,%,29,32.716526550936905,0.0,0.0,,,751.0,-1.5467969557467542,9.450424280372385,1.3440888209046746,92.54327563249002
RBI,E11,PRE_30,GOLD_USD,complete,2025-04-30,2025-06-12,29,3284.3,3360.45,2.318606704625026,0.022921354151325644,%,29,18.713030990942517,0.0,0.0,,,751.0,1.9654924299785659,4.848490323715851,0.07130247507811768,54.860186418109194
RBI,E11,PRE_30,NIFTY50,complete,2025-04-30,2025-06-12,29,24334.2,24888.2,2.276631243270777,0.022511027279945747,%,29,12.488940611975952,0.0,0.0,,,751.0,1.259858328891439,4.506589341893712,0.22170082632154517,61.65113182423435
RBI,E11,PRE_30,DXY_BROAD,complete,2025-04-30,2025-06-12,29,122.5921,120.1723,-1.9738629161259125,-0.019936037939468156,%,29,4.626642170098349,0.0,0.0,,,751.0,0.29371218450380265,1.941428715907643,-1.1779394567552697,13.581890812250332
RBI,E11,PRE_30,VIX,complete,2025-04-30,2025-06-12,29,24.7,18.02,-27.044534412955468,-0.3153209914537397,%,29,101.22421795704994,0.0,0.0,,,,,,,
RBI,E11,PRE_30,UST10Y,complete,2025-04-30,2025-06-12,29,4.17,4.36,0.1900000000000004,,pp,29,,0.0,0.0,,,,,,,
RBI,E11,PRE_30,FFR_UPPER,complete,2025-04-30,2025-06-12,29,4.5,4.5,0.0,,pp,29,,0.0,0.0,,,,,,,
RBI,E11,PRE_30,IN_REPO,complete,2025-04-30,2025-06-12,29,6.0,5.5,-0.5,,pp,29,,21.0,6.0,,,,,,,
RBI,E11,PRE_14,USDINR,complete,2025-05-26,2025-06-12,13,84.9004,85.5353,0.7478174425562312,0.0074503515028737834,%,13,4.5568616987634165,0.0,0.0,-0.7422666431286307,1.745809759481809,751.0,0.20290248291248147,0.7681488216193194,0.7060327649746264,81.35818908122504
RBI,E11,PRE_14,BRENT,complete,2025-05-26,2025-06-12,13,65.41,70.84,8.301482953676809,0.07974866094151142,%,13,29.517841094729707,3.0,0.0,,,751.0,-0.9139574787209503,6.642934932559166,1.3387193881055288,90.81225033288948
RBI,E11,PRE_14,GOLD_USD,complete,2025-05-26,2025-06-12,13,3330.1,3360.45,0.911384042521246,0.009072560007420828,%,13,13.934201233449684,3.0,0.0,,,751.0,0.9211595548765272,3.3445765236064116,-0.0028962576538534342,53.26231691078562
RBI,E11,PRE_14,NIFTY50,complete,2025-05-26,2025-06-12,13,25001.15,24888.2,-0.45177921815596767,-0.00452802824590005,%,13,9.069984779940778,0.0,0.0,,,751.0,0.5932850185307315,3.009817188842358,-0.3469761690360107,37.416777629826896
RBI,E11,PRE_14,DXY_BROAD,complete,2025-05-26,2025-06-12,13,121.3837,120.1723,-0.9979923169255778,-0.01003005643211593,%,13,4.46419069064008,3.0,0.0,,,751.0,0.09391924172263977,1.3275528541698949,-0.8262426651899065,20.505992010652463
RBI,E11,PRE_14,VIX,complete,2025-05-26,2025-06-12,13,20.57,18.02,-12.396694214876035,-0.13235145148467398,%,13,69.302362664364,0.0,0.0,,,,,,,
RBI,E11,PRE_14,UST10Y,complete,2025-05-26,2025-06-12,13,4.51,4.36,-0.14999999999999947,,pp,13,,3.0,0.0,,,,,,,
RBI,E11,PRE_14,FFR_UPPER,complete,2025-05-26,2025-06-12,13,4.5,4.5,0.0,,pp,13,,0.0,0.0,,,,,,,
RBI,E11,PRE_14,IN_REPO,complete,2025-05-26,2025-06-12,13,6.0,5.5,-0.5,,pp,13,,47.0,6.0,,,,,,,
RBI,E11,PRE_7,USDINR,complete,2025-06-04,2025-06-12,6,85.9579,85.5353,-0.49163602181997446,-0.004928485274183701,%,6,2.9234377334810633,0.0,0.0,0.4940650234464439,0.23663460803994285,751.0,0.0917348940650431,0.5302278000893337,-1.102434407712732,8.921438082556591
RBI,E11,PRE_7,BRENT,complete,2025-06-04,2025-06-12,6,66.69,70.84,6.2228220122957145,0.06036879627041806,%,6,27.289307732673663,0.0,0.0,,,751.0,-0.38679516478631326,5.020896883434445,1.2795372874692963,89.61384820239681
RBI,E11,PRE_7,GOLD_USD,complete,2025-06-04,2025-06-12,6,3363.1,3360.45,-0.07879634860694651,-0.0007882740924722089,%,6,12.615061431266023,0.0,0.0,,,751.0,0.4237417773605978,2.3044802674296916,-0.2176950423011113,43.275632490013315
RBI,E11,PRE_7,NIFTY50,complete,2025-06-04,2025-06-12,6,24620.2,24888.2,1.088537054938632,0.010826551364172932,%,6,10.810067900921986,0.0,0.0,,,751.0,0.28882188631258465,2.1204600847807566,0.3745647205774232,61.51797603195739
RBI,E11,PRE_7,DXY_BROAD,complete,2025-06-04,2025-06-12,6,121.0539,120.1723,-0.7282706298599173,-0.007309354664423126,%,6,3.6562585059129806,0.0,0.0,,,751.0,0.030013937544093316,0.886884885469245,-0.857997371668597,18.242343541944077
RBI,E11,PRE_7,VIX,complete,2025-06-04,2025-06-12,6,17.61,18.02,2.3282226007949935,0.023015329672076992,%,6,85.57646333181394,0.0,0.0,,,,,,,
RBI,E11,PRE_7,UST10Y,complete,2025-06-04,2025-06-12,6,4.37,4.36,-0.009999999999999787,,pp,6,,0.0,0.0,,,,,,,
RBI,E11,PRE_7,FFR_UPPER,complete,2025-06-04,2025-06-12,6,4.5,4.5,0.0,,pp,6,,0.0,0.0,,,,,,,
RBI,E11,PRE_7,IN_REPO,complete,2025-06-04,2025-06-12,6,6.0,5.5,-0.5,,pp,6,,56.0,6.0,,,,,,,
RBI,E11,EVENT,USDINR,complete,2025-06-12,2025-06-13,1,85.5353,86.0979,0.6577401376975267,0.0065558646580530676,%,1,,0.0,0.0,-0.6534421861624784,0.5310886547850835,751.0,0.014980307421974537,0.23371839943254533,2.740936451193788,98.40213049267643
RBI,E11,EVENT,BRENT,complete,2025-06-12,2025-06-13,1,70.84,76.0,7.284020327498575,0.07030952737169817,%,1,,0.0,0.0,,,751.0,-0.0565798869162748,2.111887758088933,3.356025247742274,99.86684420772303
RBI,E11,EVENT,GOLD_USD,complete,2025-06-12,2025-06-13,1,3360.45,3420.2,1.7780356797452823,0.017624135317905458,%,1,,0.0,0.0,,,751.0,0.07487786124296125,0.9383496732210254,1.7984379791376108,96.53794940079894
RBI,E11,EVENT,NIFTY50,complete,2025-06-12,2025-06-13,1,24888.2,24718.6,-0.6814474329200237,-0.006837798882833083,%,1,,0.0,0.0,,,751.0,0.05022885337215843,0.8406837086163524,-0.8730942727527395,15.179760319573901
RBI,E11,EVENT,DXY_BROAD,complete,2025-06-12,2025-06-13,1,120.1723,120.3245,0.12665148291244321,0.0012657134757641483,%,1,,0.0,0.0,,,751.0,0.00032149850266449675,0.3585334534435262,0.35212850677667773,66.97736351531292
RBI,E11,EVENT,VIX,complete,2025-06-12,2025-06-13,1,18.02,20.82,15.53829078801332,0.144431811006631,%,1,,0.0,0.0,,,,,,,
RBI,E11,EVENT,UST10Y,complete,2025-06-12,2025-06-13,1,4.36,4.41,0.04999999999999982,,pp,1,,0.0,0.0,,,,,,,
RBI,E11,EVENT,FFR_UPPER,complete,2025-06-12,2025-06-13,1,4.5,4.5,0.0,,pp,1,,0.0,0.0,,,,,,,
RBI,E11,EVENT,IN_REPO,complete,2025-06-12,2025-06-13,1,5.5,5.5,0.0,,pp,1,,6.0,7.0,,,,,,,
RBI,E11,POST_7,USDINR,complete,2025-06-12,2025-06-24,8,85.5353,86.1043,0.6652224286347153,0.00663019588033645,%,8,7.045736672404431,0.0,0.0,-0.6608264627898874,0.5052854048779976,751.0,0.12028826976440143,0.601012767726793,0.9031482121381111,85.61917443408788
RBI,E11,POST_7,BRENT,complete,2025-06-12,2025-06-24,8,70.84,69.13,-2.413890457368728,-0.024435022957459255,%,8,78.0550993305074,0.0,0.0,,,751.0,-0.45305212289658003,5.571555759347171,-0.35706737352219653,35.15312916111851
RBI,E11,POST_7,GOLD_USD,complete,2025-06-12,2025-06-24,8,3360.45,3319.5,-1.2185867964111918,-0.012260724401833968,%,8,14.886651545458921,0.0,0.0,,,751.0,0.5973219352392922,2.630938232318909,-0.692383218244846,25.03328894806924
RBI,E11,POST_7,NIFTY50,complete,2025-06-12,2025-06-24,8,24888.2,25044.35,0.6274057585522463,0.006254457624366013,%,8,11.174881756250613,0.0,0.0,,,751.0,0.3979273773813796,2.398338366793544,0.09519424994830737,49.134487350199734
RBI,E11,POST_7,DXY_BROAD,complete,2025-06-12,2025-06-24,8,120.1723,120.3645,0.1599370237567177,0.0015980926070768135,%,8,4.9204548564056,0.0,0.0,,,751.0,0.01744481744261339,1.0024126556239739,0.14202331135552285,56.59121171770972
RBI,E11,POST_7,VIX,complete,2025-06-12,2025-06-24,8,18.02,17.48,-2.9966703662597016,-0.030424881952802352,%,8,169.60141942980476,0.0,0.0,,,,,,,
RBI,E11,POST_7,UST10Y,complete,2025-06-12,2025-06-24,8,4.36,4.3,-0.0600000000000005,,pp,8,,0.0,0.0,,,,,,,
RBI,E11,POST_7,FFR_UPPER,complete,2025-06-12,2025-06-24,8,4.5,4.5,0.0,,pp,8,,0.0,0.0,,,,,,,
RBI,E11,POST_7,IN_REPO,complete,2025-06-12,2025-06-24,8,5.5,5.5,0.0,,pp,8,,6.0,18.0,,,,,,,
RBI,E11,POST_14,USDINR,complete,2025-06-12,2025-07-03,15,85.5353,85.5121,-0.027123304647325153,-0.0002712698368086547,%,15,5.4278652782688575,0.0,0.0,0.027130663379804076,0.7501772879185187,751.0,0.22746540595821596,0.805515099595684,-0.3157409201267798,33.15579227696405
RBI,E11,POST_14,BRENT,complete,2025-06-12,2025-07-03,15,70.84,70.42,-0.5928853754940788,-0.005946499187726415,%,15,59.62432646074994,0.0,0.0,,,751.0,-0.8918000577845975,6.93914597577913,0.043398781043271877,51.398135818908116
RBI,E11,POST_14,GOLD_USD,complete,2025-06-12,2025-07-03,15,3360.45,3350.0,-0.31097025695963065,-0.003114547741935894,%,15,15.56445958384188,0.0,0.0,,,751.0,1.0916592276416948,3.5886996616500433,-0.3893327799229987,37.28362183754994
RBI,E11,POST_14,NIFTY50,complete,2025-06-12,2025-07-03,15,24888.2,25405.3,2.077691436102236,0.02056401811071476,%,15,10.23070119105639,0.0,0.0,,,751.0,0.7314486373372509,3.1805400128755905,0.4174181995715013,63.64846870838882
RBI,E11,POST_14,DXY_BROAD,complete,2025-06-12,2025-07-03,15,120.1723,119.2382,-0.7773005925658438,-0.007803373201921044,%,15,4.276645201468357,0.0,0.0,,,751.0,0.05609962982850991,1.4109425620726916,-0.5928102550342367,31.025299600532623
RBI,E11,POST_14,VIX,complete,2025-06-12,2025-07-03,15,18.02,16.38,-9.100998890122092,-0.09542117375526855,%,15,121.92036261736965,0.0,0.0,,,,,,,
RBI,E11,POST_14,UST10Y,complete,2025-06-12,2025-07-03,15,4.36,4.35,-0.010000000000000675,,pp,15,,0.0,0.0,,,,,,,
RBI,E11,POST_14,FFR_UPPER,complete,2025-06-12,2025-07-03,15,4.5,4.5,0.0,,pp,15,,0.0,0.0,,,,,,,
RBI,E11,POST_14,IN_REPO,complete,2025-06-12,2025-07-03,15,5.5,5.5,0.0,,pp,15,,6.0,27.0,,,,,,,
RBI,E11,POST_30,USDINR,complete,2025-06-12,2025-07-25,31,85.5353,86.5247,1.1567154145715186,0.011500766075104574,%,31,4.408863422520977,0.0,0.0,-1.1434885067500788,1.3119924626100565,751.0,0.46885124670512646,1.0980556242326955,0.6213902372408305,79.76031957390146
RBI,E11,POST_30,BRENT,complete,2025-06-12,2025-07-25,31,70.84,69.23,-2.2727272727272707,-0.02298951822469872,%,31,44.8233650398753,0.0,0.0,,,751.0,-2.0746230387208797,9.388367320924544,-0.021569898168366183,47.802929427430094
RBI,E11,POST_30,GOLD_USD,complete,2025-06-12,2025-07-25,31,3360.45,3346.6,-0.4121471826689871,-0.004129988500574819,%,31,14.56711378713131,0.0,0.0,,,751.0,2.2417443738482756,5.075409044603861,-0.5181819696615815,34.88681757656458
RBI,E11,POST_30,NIFTY50,complete,2025-06-12,2025-07-25,31,24888.2,24837.0,-0.20571997974944134,-0.0020593187395546797,%,31,9.0494929971135,0.0,0.0,,,751.0,1.4774659742751606,4.711159022256097,-0.35502721094183337,36.21837549933422
RBI,E11,POST_30,DXY_BROAD,complete,2025-06-12,2025-07-25,31,120.1723,119.9857,-0.15527704803853792,-0.0015539772778825612,%,31,3.796812657964562,0.0,0.0,,,751.0,0.1724363669462603,2.0814214543866134,-0.15743356215970283,42.47669773635153
RBI,E11,POST_30,VIX,complete,2025-06-12,2025-07-25,31,18.02,14.93,-17.147613762486124,-0.18810964062909283,%,31,93.68126843681058,0.0,0.0,,,,,,,
RBI,E11,POST_30,UST10Y,complete,2025-06-12,2025-07-25,31,4.36,4.4,0.040000000000000036,,pp,31,,0.0,0.0,,,,,,,
RBI,E11,POST_30,FFR_UPPER,complete,2025-06-12,2025-07-25,31,4.5,4.5,0.0,,pp,31,,0.0,0.0,,,,,,,
RBI,E11,POST_30,IN_REPO,complete,2025-06-12,2025-07-25,31,5.5,5.5,0.0,,pp,31,,6.0,49.0,,,,,,,
RBI,E11,POST_90,USDINR,complete,2025-06-12,2025-10-27,91,85.5353,88.0637,2.9559725633744094,0.029131260017366375,%,91,4.016910653658418,0.0,0.0,-2.8711035307396715,2.4346377799010277,751.0,1.6092823976891824,1.8238213311844467,0.7219212006811662,73.23568575233023
RBI,E11,POST_90,BRENT,complete,2025-06-12,2025-10-27,91,70.84,65.52,-7.509881422924913,-0.07806837336981894,%,91,37.27607857514061,0.0,0.0,,,751.0,-3.841314638755833,15.13215728282143,-0.2570551308717646,43.94141145139814
RBI,E11,POST_90,GOLD_USD,complete,2025-06-12,2025-10-27,91,3360.45,4029.7,19.915487509113362,0.18161703792141579,%,91,17.151763922377526,0.0,0.0,,,751.0,6.234663689723763,8.684682369745609,1.3948324545411968,93.87483355525966
RBI,E11,POST_90,NIFTY50,complete,2025-06-12,2025-10-27,91,24888.2,25966.05,4.3307671908775935,0.04239611996688331,%,91,8.701517628790624,0.0,0.0,,,751.0,3.875164980806134,7.145419757295982,0.06124852935728765,49.533954727030626
RBI,E11,POST_90,DXY_BROAD,complete,2025-06-12,2025-10-27,91,120.1723,120.7988,0.5213347834733817,0.005199805384189324,%,91,3.9014052902956515,0.0,0.0,,,751.0,0.9056956171961117,3.3073586239656234,-0.11539064754589588,43.275632490013315
RBI,E11,POST_90,VIX,complete,2025-06-12,2025-10-27,91,18.02,15.79,-12.375138734739178,-0.13210542391264113,%,91,117.34090885915931,0.0,0.0,,,,,,,
RBI,E11,POST_90,UST10Y,complete,2025-06-12,2025-10-27,91,4.36,4.01,-0.35000000000000053,,pp,91,,0.0,0.0,,,,,,,
RBI,E11,POST_90,FFR_UPPER,complete,2025-06-12,2025-10-27,91,4.5,4.25,-0.25,,pp,91,,0.0,0.0,,,,,,,
RBI,E11,POST_90,IN_REPO,complete,2025-06-12,2025-10-27,91,5.5,5.5,0.0,,pp,91,,6.0,143.0,,,,,,,
RBI,E12,PRE_30,USDINR,complete,2026-01-14,2026-02-27,29,90.2016,90.9542,0.8343532708954271,0.008308917846798419,%,29,5.142932662012526,0.0,0.0,-0.827449419597992,2.611205506382952,751.0,0.3713298285095368,0.9111909307370232,0.5051078406153544,75.63249001331558
RBI,E12,PRE_30,BRENT,complete,2026-01-14,2026-02-27,29,68.87,71.32,3.5574270364454597,0.03495612343833262,%,29,34.15557599403482,0.0,0.0,,,751.0,-1.3868721912111748,8.037345977467988,0.6086824523995426,71.77097203728363
RBI,E12,PRE_30,GOLD_USD,complete,2026-01-14,2026-02-27,29,4633.0,5174.1,11.67925750053962,0.11046080454881635,%,29,47.79891829201253,0.0,0.0,,,751.0,3.6597407828264483,4.778814122978807,1.5593236419926424,94.4074567243675
RBI,E12,PRE_30,NIFTY50,complete,2026-01-14,2026-02-27,29,25665.6,25178.65,-1.897286640483753,-0.019155160680868026,%,29,13.174235793104963,0.0,0.0,,,751.0,1.36434413108395,3.7662799426804137,-0.8683998194806368,19.70705725699068
RBI,E12,PRE_30,DXY_BROAD,complete,2026-01-14,2026-02-27,29,119.9537,117.8223,-1.776852235487525,-0.017928277789193862,%,29,4.937860580678663,0.0,0.0,,,751.0,-0.1498242616217893,1.6946935128420042,-0.9694326177979191,16.77762982689747
RBI,E12,PRE_30,VIX,complete,2026-01-14,2026-02-27,29,16.75,19.86,18.567164179104466,0.17030940034595102,%,29,139.3558790244779,0.0,0.0,,,,,,,
RBI,E12,PRE_30,UST10Y,complete,2026-01-14,2026-02-27,29,4.15,3.97,-0.18000000000000016,,pp,29,,0.0,0.0,,,,,,,
RBI,E12,PRE_30,FFR_UPPER,complete,2026-01-14,2026-02-27,29,3.75,3.75,0.0,,pp,29,,0.0,0.0,,,,,,,
RBI,E12,PRE_30,IN_REPO,complete,2026-01-14,2026-02-27,29,5.25,5.25,0.0,,pp,29,,40.0,84.0,,,,,,,
RBI,E12,PRE_14,USDINR,complete,2026-02-09,2026-02-27,13,90.4006,90.9542,0.6123853160266757,0.0061051785730088445,%,13,2.380957157193915,0.0,0.0,-0.6086579839083894,0.4567399189141508,751.0,0.16948237241067865,0.6846266329470976,0.6444080948101288,77.62982689747004
RBI,E12,PRE_14,BRENT,complete,2026-02-09,2026-02-27,13,71.19,71.32,0.18260991712317765,0.0018244338791576326,%,13,22.912832694220768,0.0,0.0,,,751.0,-0.2635444185787761,6.144523852807681,0.07263959044719748,53.39547270306259
RBI,E12,PRE_14,GOLD_USD,complete,2026-02-09,2026-02-27,13,4992.5,5174.1,3.637456184276422,0.0357286246754944,%,13,19.426296967494373,0.0,0.0,,,751.0,1.783365632396472,3.56311926912998,0.5066381719929854,71.23834886817576
RBI,E12,PRE_14,NIFTY50,complete,2026-02-09,2026-02-27,13,25867.3,25178.65,-2.6622415172824265,-0.02698320955783272,%,13,11.716616275467121,0.0,0.0,,,751.0,0.5727877499907219,2.490583315935836,-1.3127344478508811,9.587217043941411
RBI,E12,PRE_14,DXY_BROAD,complete,2026-02-09,2026-02-27,13,117.6392,117.8223,0.1556453971125249,0.0015552439520397571,%,13,1.549203260813663,0.0,0.0,,,751.0,-0.05741354379656949,1.102147810796678,0.1932176653627071,56.3249001331558
RBI,E12,PRE_14,VIX,complete,2026-02-09,2026-02-27,13,17.36,19.86,14.400921658986165,0.13453894938482233,%,13,111.0271046365734,0.0,0.0,,,,,,,
RBI,E12,PRE_14,UST10Y,complete,2026-02-09,2026-02-27,13,4.22,3.97,-0.24999999999999956,,pp,13,,0.0,0.0,,,,,,,
RBI,E12,PRE_14,FFR_UPPER,complete,2026-02-09,2026-02-27,13,3.75,3.75,0.0,,pp,13,,0.0,0.0,,,,,,,
RBI,E12,PRE_14,IN_REPO,complete,2026-02-09,2026-02-27,13,5.25,5.25,0.0,,pp,13,,66.0,84.0,,,,,,,
RBI,E12,PRE_7,USDINR,complete,2026-02-18,2026-02-27,6,90.6669,90.9542,0.3168741845149592,0.0031637319632672857,%,6,3.1498735076160735,0.0,0.0,-0.3158732636865613,0.3341005525686169,751.0,0.07321315919528448,0.5110272748604313,0.4758783666826495,75.23302263648469
RBI,E12,PRE_7,BRENT,complete,2026-02-18,2026-02-27,6,71.78,71.32,-0.640847032599623,-0.00642909272452168,%,6,18.327657937976426,0.0,0.0,,,751.0,-0.08991028083417119,4.80495379475478,-0.11508092932857603,45.27296937416778
RBI,E12,PRE_7,GOLD_USD,complete,2026-02-18,2026-02-27,6,4916.85,5174.1,5.232008297995661,0.050997329425200376,%,6,17.870562208840056,0.0,0.0,,,751.0,0.8032055020070761,2.5861983798675574,1.6625700488105888,95.33954727030626
RBI,E12,PRE_7,NIFTY50,complete,2026-02-18,2026-02-27,6,25819.35,25178.65,-2.481472229161452,-0.025127797618545927,%,6,12.471879627685743,0.0,0.0,,,751.0,0.2830927034148889,1.868355387984371,-1.4962209708606662,7.589880159786951
RBI,E12,PRE_7,DXY_BROAD,complete,2026-02-18,2026-02-27,6,117.8426,117.8223,-0.017226368053657737,-0.00017227851962857557,%,6,1.7178781936250842,0.0,0.0,,,751.0,-0.02671486711894877,0.7589351848728815,0.012505131401922064,49.2676431424767
RBI,E12,PRE_7,VIX,complete,2026-02-18,2026-02-27,6,19.62,19.86,1.2232415902140525,0.012158204479809363,%,6,119.0765115505427,0.0,0.0,,,,,,,
RBI,E12,PRE_7,UST10Y,complete,2026-02-18,2026-02-27,6,4.09,3.97,-0.11999999999999966,,pp,6,,0.0,0.0,,,,,,,
RBI,E12,PRE_7,FFR_UPPER,complete,2026-02-18,2026-02-27,6,3.75,3.75,0.0,,pp,6,,0.0,0.0,,,,,,,
RBI,E12,PRE_7,IN_REPO,complete,2026-02-18,2026-02-27,6,5.25,5.25,0.0,,pp,6,,75.0,84.0,,,,,,,
RBI,E12,EVENT,USDINR,complete,2026-02-27,2026-03-02,1,90.9542,91.4514,0.5466487528888342,0.005451600514413211,%,1,,0.0,0.0,-0.5436767507113194,-0.17027834834753008,751.0,0.014824810957225765,0.2093533262804889,2.533211908656611,98.5352862849534
RBI,E12,EVENT,BRENT,complete,2026-02-27,2026-03-02,1,71.32,77.24,8.300616937745374,0.07974066456537406,%,1,,0.0,0.0,,,751.0,-0.019630300870043804,1.9519136174269127,4.095313754171559,99.73368841544608
RBI,E12,EVENT,GOLD_USD,complete,2026-02-27,2026-03-02,1,5174.1,5390.45,4.181403529116157,0.0409634583932847,%,1,,0.0,0.0,,,751.0,0.13243056404625975,1.132591458942499,3.4999406501912187,99.6005326231691
RBI,E12,EVENT,NIFTY50,complete,2026-02-27,2026-03-02,1,25178.65,24865.7,-1.2429181072059148,-0.012507069408217645,%,1,,0.0,0.0,,,751.0,0.04548083889888144,0.7550905393443039,-1.7165854593377736,3.861517976031957
RBI,E12,EVENT,DXY_BROAD,complete,2026-02-27,2026-03-02,1,117.8223,118.667,0.7169271012363643,0.007143693962053021,%,1,,0.0,0.0,,,751.0,-0.0015114174635177946,0.31323102060379837,2.28547231277057,98.26897470039947
RBI,E12,EVENT,VIX,complete,2026-02-27,2026-03-02,1,19.86,21.44,7.955689828801615,0.07655067758557474,%,1,,0.0,0.0,,,,,,,
RBI,E12,EVENT,UST10Y,complete,2026-02-27,2026-03-02,1,3.97,4.05,0.07999999999999963,,pp,1,,0.0,0.0,,,,,,,
RBI,E12,EVENT,FFR_UPPER,complete,2026-02-27,2026-03-02,1,3.75,3.75,0.0,,pp,1,,0.0,0.0,,,,,,,
RBI,E12,EVENT,IN_REPO,complete,2026-02-27,2026-03-02,1,5.25,5.25,0.0,,pp,1,,84.0,87.0,,,,,,,
RBI,E12,POST_7,USDINR,complete,2026-02-27,2026-03-12,8,90.9542,92.353,1.5379168856413328,0.015262108111354627,%,8,8.553332661504667,0.0,0.0,-1.514623239093471,-0.1598941399455045,751.0,0.10920725206629012,0.5664998722704403,2.5014359511336117,98.40213049267643
RBI,E12,POST_7,BRENT,complete,2026-02-27,2026-03-12,8,71.32,102.38,43.550196298373535,0.3615145880344976,%,8,90.10455733540181,0.0,0.0,,,751.0,-0.11879274064188206,5.313877609633012,6.825584784422896,100.0
RBI,E12,POST_7,GOLD_USD,complete,2026-02-27,2026-03-12,8,5174.1,5181.65,0.14591909704102513,0.0014581273857891901,%,8,36.25698660129067,0.0,0.0,,,751.0,1.0675584947772432,2.904816008489893,-0.3153685402891689,40.612516644474034
RBI,E12,POST_7,NIFTY50,complete,2026-02-27,2026-03-12,8,25178.65,23639.15,-6.114307161027299,-0.06309217731487511,%,8,18.58577398698003,0.0,0.0,,,751.0,0.37778073162304526,2.0977788224584275,-3.187317267317667,0.13315579227696406
RBI,E12,POST_7,DXY_BROAD,complete,2026-02-27,2026-03-12,8,117.8223,119.8227,1.6978110255868373,0.016835592995910934,%,8,6.874494998036557,0.0,0.0,,,751.0,-0.020718430415078704,0.854586266362351,1.9942748247335282,98.80159786950732
RBI,E12,POST_7,VIX,complete,2026-02-27,2026-03-12,8,19.86,27.29,37.41188318227593,0.31781267610322056,%,8,180.32044683936795,0.0,0.0,,,,,,,
RBI,E12,POST_7,UST10Y,complete,2026-02-27,2026-03-12,8,3.97,4.27,0.2999999999999994,,pp,8,,0.0,0.0,,,,,,,
RBI,E12,POST_7,FFR_UPPER,complete,2026-02-27,2026-03-12,8,3.75,3.75,0.0,,pp,8,,0.0,0.0,,,,,,,
RBI,E12,POST_7,IN_REPO,complete,2026-02-27,2026-03-12,8,5.25,5.25,0.0,,pp,8,,84.0,97.0,,,,,,,
RBI,E12,POST_14,USDINR,complete,2026-02-27,2026-03-24,15,90.9542,93.8792,3.215904268302072,0.03165276631242925,%,15,7.284770563163328,0.0,0.0,-3.115706141509511,1.2577011098168,751.0,0.19288932118564084,0.713569097287445,4.165781721673033,100.0
RBI,E12,POST_14,BRENT,complete,2026-02-27,2026-03-24,15,71.32,108.42,52.019068984857,0.4188357808372526,%,15,103.31593499750433,0.0,0.0,,,751.0,-0.24427138958131867,6.373954720601743,6.609420704925205,100.0
RBI,E12,POST_14,GOLD_USD,complete,2026-02-27,2026-03-24,15,5174.1,4419.4,-14.586111594286944,-0.15766147071446027,%,15,54.2934463520988,0.0,0.0,,,751.0,2.0258600310958164,3.8217869236482516,-4.650117841326176,0.0
RBI,E12,POST_14,NIFTY50,complete,2026-02-27,2026-03-24,15,25178.65,22912.4,-9.000681132626253,-0.09431816447316876,%,15,24.559276644952273,0.0,0.0,,,751.0,0.7065756362073738,2.6179553036628156,-3.871688535059407,0.0
RBI,E12,POST_14,DXY_BROAD,complete,2026-02-27,2026-03-24,15,117.8223,120.1295,1.9582031584852722,0.019392770360272652,%,15,6.251422960450325,0.0,0.0,,,751.0,-0.05232378963472284,1.1731045934378383,1.697729708394698,96.00532623169109
RBI,E12,POST_14,VIX,complete,2026-02-27,2026-03-24,15,19.86,26.95,35.69989929506545,0.3052756387379796,%,15,158.32313285491293,0.0,0.0,,,,,,,
RBI,E12,POST_14,UST10Y,complete,2026-02-27,2026-03-24,15,3.97,4.39,0.4199999999999995,,pp,15,,0.0,0.0,,,,,,,
RBI,E12,POST_14,FFR_UPPER,complete,2026-02-27,2026-03-24,15,3.75,3.75,0.0,,pp,15,,0.0,0.0,,,,,,,
RBI,E12,POST_14,IN_REPO,complete,2026-02-27,2026-03-24,15,5.25,5.25,0.0,,pp,15,,84.0,109.0,,,,,,,
RBI,E12,POST_30,USDINR,complete,2026-02-27,2026-04-22,31,90.9542,93.8351,3.167418327026117,0.03118290332584432,%,31,8.147848635742431,0.0,0.0,-3.070173101536633,2.507017027781422,751.0,0.40475631401375445,0.9326393599116806,2.91039716953589,100.0
RBI,E12,POST_30,BRENT,complete,2026-02-27,2026-04-22,31,71.32,113.44,59.05776780706675,0.4640972697888778,%,31,109.14258536509263,0.0,0.0,,,751.0,-0.567181763404212,8.259080414794848,5.688105814041763,100.0
RBI,E12,POST_30,GOLD_USD,complete,2026-02-27,2026-04-22,31,5174.1,4756.15,-8.077733325602532,-0.08422689354364497,%,31,42.80819645913905,0.0,0.0,,,751.0,4.228947368375335,5.3166437500208685,-2.3632691983916567,0.0
RBI,E12,POST_30,NIFTY50,complete,2026-02-27,2026-04-22,31,25178.65,24378.1,-3.179479439922328,-0.03231122491510678,%,31,25.412644302256908,0.0,0.0,,,751.0,1.4033261085690363,3.881932254944738,-1.191337930920243,10.652463382157123
RBI,E12,POST_30,DXY_BROAD,complete,2026-02-27,2026-04-22,31,117.8223,118.6004,0.660401299244695,0.006582302032532375,%,31,6.4070032158655605,0.0,0.0,,,751.0,-0.11581900762931419,1.7058740002588273,0.45379455505474764,66.57789613848203
RBI,E12,POST_30,VIX,complete,2026-02-27,2026-04-22,31,19.86,18.92,-4.73313192346424,-0.04848809499329421,%,31,162.84432806264587,0.0,0.0,,,,,,,
RBI,E12,POST_30,UST10Y,complete,2026-02-27,2026-04-22,31,3.97,4.3,0.3299999999999996,,pp,31,,0.0,0.0,,,,,,,
RBI,E12,POST_30,FFR_UPPER,complete,2026-02-27,2026-04-22,31,3.75,3.75,0.0,,pp,31,,0.0,0.0,,,,,,,
RBI,E12,POST_30,IN_REPO,complete,2026-02-27,2026-04-22,31,5.25,5.25,0.0,,pp,31,,84.0,138.0,,,,,,,
RBI,E12,POST_90,USDINR,complete,2026-02-27,2026-07-20,91,90.9542,96.512,6.110547946109146,0.05931126982818101,%,91,6.498103388526644,0.0,0.0,-5.758662135278514,3.803853882251973,751.0,1.146329453508943,1.4440466561822192,3.3179801225255483,100.0
RBI,E12,POST_90,BRENT,complete,2026-02-27,2026-07-20,91,71.32,86.99,21.971396522714535,0.1986163765245098,%,91,78.85013190627848,0.0,0.0,,,751.0,-3.413299638979883,9.97689696252805,2.3388585556321075,97.33688415446072
RBI,E12,POST_90,GOLD_USD,complete,2026-02-27,2026-07-20,91,5174.1,4014.8,-22.405829033068557,-0.2536778780258194,%,91,31.475761026756956,0.0,0.0,,,751.0,12.101449270435571,8.053401795202609,-4.56840425648265,0.0
RBI,E12,POST_90,NIFTY50,complete,2026-02-27,2026-07-20,91,25178.65,24238.5,-3.7339174260732855,-0.03805413510129653,%,91,17.895736909028628,0.0,0.0,,,751.0,4.499935927897414,6.13069923087406,-1.338679395237821,10.652463382157123
RBI,E12,POST_90,DXY_BROAD,complete,2026-02-27,2026-07-20,91,117.8223,120.5401,2.306694063857173,0.022804920447999887,%,91,4.906639552709658,0.0,0.0,,,751.0,-0.4492528071924573,3.023841535827144,0.9030754398590402,80.55925432756325
RBI,E12,POST_90,VIX,complete,2026-02-27,2026-07-20,91,19.86,18.65,-6.092648539778455,-0.06286151252720205,%,91,135.09617664269066,0.0,0.0,,,,,,,
RBI,E12,POST_90,UST10Y,complete,2026-02-27,2026-07-20,91,3.97,4.6,0.6299999999999994,,pp,91,,0.0,0.0,,,,,,,
RBI,E12,POST_90,FFR_UPPER,complete,2026-02-27,2026-07-20,91,3.75,3.75,0.0,,pp,91,,0.0,0.0,,,,,,,
RBI,E12,POST_90,IN_REPO,complete,2026-02-27,2026-07-20,91,5.25,5.25,0.0,,pp,91,,84.0,227.0,,,,,,,
RBI,E13,PRE_30,USDINR,complete,2026-05-25,2026-07-07,29,95.2047,95.3138,0.11459518280083625,0.0011452957264050218,%,29,5.443730989833631,0.0,0.0,-0.11446401255641447,-1.1660997474009838,751.0,0.5472825231912726,1.0318683267156594,-0.4179416988479547,33.68841544607191
RBI,E13,PRE_30,BRENT,complete,2026-05-25,2026-07-07,29,106.9,71.78,-32.8531337698784,-0.3982879323115384,%,29,46.78975591535168,3.0,0.0,,,751.0,1.281177325687266,12.109490581780756,-3.3941834822835655,0.0
RBI,E13,PRE_30,GOLD_USD,complete,2026-05-25,2026-07-07,29,4515.1,4124.15,-8.658722951872623,-0.09056739707073823,%,29,28.985365404478408,3.0,0.0,,,751.0,3.498802935054024,5.659571328355488,-2.207892623426058,1.5978695073235687
RBI,E13,PRE_30,NIFTY50,complete,2026-05-25,2026-07-07,29,24031.7,24398.7,1.5271495566272941,0.01515606004299137,%,29,11.436063284586997,0.0,0.0,,,751.0,1.2660233288558587,4.063799406701117,0.06337166793700275,53.26231691078562
RBI,E13,PRE_30,DXY_BROAD,complete,2026-05-25,2026-07-07,29,119.2868,120.8145,1.28069493020182,0.01272563385937133,%,29,4.394241455533948,3.0,0.0,,,751.0,-0.06274368016698784,1.6172891514631107,0.8256574014489311,77.762982689747
RBI,E13,PRE_30,VIX,complete,2026-05-25,2026-07-07,29,16.59,16.13,-2.772754671488853,-0.028119212065235672,%,29,148.86902001181284,0.0,0.0,,,,,,,
RBI,E13,PRE_30,UST10Y,complete,2026-05-25,2026-07-07,29,4.56,4.55,-0.009999999999999787,,pp,29,,3.0,0.0,,,,,,,
RBI,E13,PRE_30,FFR_UPPER,complete,2026-05-25,2026-07-07,29,3.75,3.75,0.0,,pp,29,,0.0,0.0,,,,,,,
RBI,E13,PRE_30,IN_REPO,complete,2026-05-25,2026-07-07,29,5.25,5.25,0.0,,pp,29,,171.0,214.0,,,,,,,
RBI,E13,PRE_14,USDINR,complete,2026-06-17,2026-07-07,13,94.3758,95.3138,0.9938988596652987,0.009889921698525294,%,13,3.460818246805523,0.0,0.0,-0.9841177248205435,-0.20170770084249057,751.0,0.26139664586808387,0.7506741443762766,0.9697104612915525,85.35286284953395
RBI,E13,PRE_14,BRENT,complete,2026-06-17,2026-07-07,13,80.33,71.78,-10.643595169924058,-0.11253726446625989,%,13,40.005217607542264,0.0,0.0,,,751.0,0.25316183098644807,8.122727912168317,-1.4165891665080284,3.9946737683089215
RBI,E13,PRE_14,GOLD_USD,complete,2026-06-17,2026-07-07,13,4331.85,4124.15,-4.794718191996505,-0.04913476455328799,%,13,25.897383337734787,0.0,0.0,,,751.0,1.3521378477264756,4.08279780208217,-1.5324184048737293,3.861517976031957
RBI,E13,PRE_14,NIFTY50,complete,2026-06-17,2026-07-07,13,24085.7,24398.7,1.2995262749266212,0.012911548798816223,%,13,9.567776783649867,0.0,0.0,,,751.0,0.4722533886717617,2.774503744369867,0.29555307351608984,60.852197070572565
RBI,E13,PRE_14,DXY_BROAD,complete,2026-06-17,2026-07-07,13,119.3871,120.8145,1.1956065605077892,0.011885156489165915,%,13,4.941330805686007,0.0,0.0,,,751.0,0.005051253710530723,1.085556656304183,1.090191392503389,84.8202396804261
RBI,E13,PRE_14,VIX,complete,2026-06-17,2026-07-07,13,18.44,16.13,-12.52711496746205,-0.1338413259913304,%,13,94.76597993593089,0.0,0.0,,,,,,,
RBI,E13,PRE_14,UST10Y,complete,2026-06-17,2026-07-07,13,4.49,4.55,0.05999999999999961,,pp,13,,0.0,0.0,,,,,,,
RBI,E13,PRE_14,FFR_UPPER,complete,2026-06-17,2026-07-07,13,3.75,3.75,0.0,,pp,13,,0.0,0.0,,,,,,,
RBI,E13,PRE_14,IN_REPO,complete,2026-06-17,2026-07-07,13,5.25,5.25,0.0,,pp,13,,194.0,214.0,,,,,,,
RBI,E13,PRE_7,USDINR,complete,2026-06-29,2026-07-07,6,94.3519,95.3138,1.0194813247003998,0.010143196656337585,%,6,3.8815815976998547,0.0,0.0,-1.0091927926491273,1.1335757005917713,751.0,0.11183042200486604,0.569884064637333,1.5837462095737531,93.87483355525966
RBI,E13,PRE_7,BRENT,complete,2026-06-29,2026-07-07,6,71.59,71.78,0.26540019555802985,0.0026504863113674722,%,6,30.262747789593234,0.0,0.0,,,751.0,-0.007807341415888569,6.011419958892605,0.04538965489139864,53.39547270306259
RBI,E13,PRE_7,GOLD_USD,complete,2026-06-29,2026-07-07,6,4042.85,4124.15,2.0109576165328935,0.0199100491393145,%,6,25.33014980044192,0.0,0.0,,,751.0,0.5699179970431345,3.01036247962788,0.47260249054791037,71.90412782956058
RBI,E13,PRE_7,NIFTY50,complete,2026-06-29,2026-07-07,6,23946.25,24398.7,1.8894398914234944,0.018718116794098055,%,6,6.98938921575452,0.0,0.0,,,751.0,0.21671104533440566,1.9920253574085314,0.8309809448979933,80.42609853528629
RBI,E13,PRE_7,DXY_BROAD,complete,2026-06-29,2026-07-07,6,120.9525,120.8145,-0.1140943758913715,-0.001141595130743769,%,6,3.0785657153933634,0.0,0.0,,,751.0,0.011639745590108497,0.760143835774444,-0.1654931282452615,41.54460719041278
RBI,E13,PRE_7,VIX,complete,2026-06-29,2026-07-07,6,17.65,16.13,-8.611898016997166,-0.09005489124218827,%,6,56.50786053037638,0.0,0.0,,,,,,,
RBI,E13,PRE_7,UST10Y,complete,2026-06-29,2026-07-07,6,4.38,4.55,0.16999999999999993,,pp,6,,0.0,0.0,,,,,,,
RBI,E13,PRE_7,FFR_UPPER,complete,2026-06-29,2026-07-07,6,3.75,3.75,0.0,,pp,6,,0.0,0.0,,,,,,,
RBI,E13,PRE_7,IN_REPO,complete,2026-06-29,2026-07-07,6,5.25,5.25,0.0,,pp,6,,206.0,214.0,,,,,,,
RBI,E13,EVENT,USDINR,complete,2026-07-07,2026-07-08,1,95.3138,95.2236,-0.0946347748174925,-0.0009467958179139931,%,1,,0.0,0.0,0.09472441705626888,-0.3563583262124026,751.0,0.018827123178155603,0.24203880114235196,-0.4689534585092468,20.77230359520639
RBI,E13,EVENT,BRENT,complete,2026-07-07,2026-07-08,1,71.78,76.5,6.5756478127612095,0.06368485511302889,%,1,,0.0,0.0,,,751.0,-0.00700957235866273,2.4461595811544705,2.606328458070028,98.40213049267643
RBI,E13,EVENT,GOLD_USD,complete,2026-07-07,2026-07-08,1,4124.15,4055.4,-1.6670101717929597,-0.016810611594953503,%,1,,0.0,0.0,,,751.0,0.09894941311392458,1.2876766831284474,-1.3823047922424274,5.9920106524633825
RBI,E13,EVENT,NIFTY50,complete,2026-07-07,2026-07-08,1,24398.7,23882.05,-2.117530852053595,-0.02140272145527121,%,1,,0.0,0.0,,,751.0,0.038152911790745314,0.814733207815585,-2.673780521093317,0.9320905459387484
RBI,E13,EVENT,DXY_BROAD,complete,2026-07-07,2026-07-08,1,120.8145,121.1307,0.2617235513949101,0.0026138165173283244,%,1,,0.0,0.0,,,751.0,-2.9534360201921572e-05,0.31015936988564424,0.8428285954855241,83.62183754993342
RBI,E13,EVENT,VIX,complete,2026-07-07,2026-07-08,1,16.13,16.9,4.773713577185368,0.046632729791910285,%,1,,0.0,0.0,,,,,,,
RBI,E13,EVENT,UST10Y,complete,2026-07-07,2026-07-08,1,4.55,4.56,0.009999999999999787,,pp,1,,0.0,0.0,,,,,,,
RBI,E13,EVENT,FFR_UPPER,complete,2026-07-07,2026-07-08,1,3.75,3.75,0.0,,pp,1,,0.0,0.0,,,,,,,
RBI,E13,EVENT,IN_REPO,complete,2026-07-07,2026-07-08,1,5.25,5.25,0.0,,pp,1,,214.0,215.0,,,,,,,
RBI,E13,POST_7,USDINR,complete,2026-07-07,2026-07-17,8,95.3138,96.3665,1.1044570670773801,0.010984024794355576,%,8,3.2564374567314855,0.0,0.0,-1.0923920657074815,1.3387004732910435,751.0,0.14815523710332013,0.6383962603148801,1.4886629872409864,92.80958721704394
RBI,E13,POST_7,BRENT,complete,2026-07-07,2026-07-17,8,71.78,85.01,18.431317915853995,0.16916301090980626,%,8,68.92658792188351,0.0,0.0,,,751.0,-0.08342796465193869,6.890906385437512,2.466985172234015,98.00266311584554
RBI,E13,POST_7,GOLD_USD,complete,2026-07-07,2026-07-17,8,4124.15,3998.8,-3.0394141823163467,-0.030865621836291365,%,8,15.201975909300142,0.0,0.0,,,751.0,0.7708880633587434,3.390186375222765,-1.1369563974005532,8.255659121171771
RBI,E13,POST_7,NIFTY50,complete,2026-07-07,2026-07-17,8,24398.7,24334.3,-0.2639484890588517,-0.002642974472650969,%,8,16.241895369899286,0.0,0.0,,,751.0,0.2980192099392376,2.2793323754207018,-0.2465079100963255,40.3462050599201
RBI,E13,POST_7,DXY_BROAD,complete,2026-07-07,2026-07-17,8,120.8145,120.5315,-0.23424340621366335,-0.002345181852655099,%,8,3.478252871774871,0.0,0.0,,,751.0,0.0074573575921776936,0.8598135617095203,-0.2814275973148103,38.74833555259654
RBI,E13,POST_7,VIX,complete,2026-07-07,2026-07-17,8,16.13,18.77,16.36701797892126,0.15157895846129993,%,8,128.0449485529951,0.0,0.0,,,,,,,
RBI,E13,POST_7,UST10Y,complete,2026-07-07,2026-07-17,8,4.55,4.55,0.0,,pp,8,,0.0,0.0,,,,,,,
RBI,E13,POST_7,FFR_UPPER,complete,2026-07-07,2026-07-17,8,3.75,3.75,0.0,,pp,8,,0.0,0.0,,,,,,,
RBI,E13,POST_7,IN_REPO,complete,2026-07-07,2026-07-17,8,5.25,5.25,0.0,,pp,8,,214.0,224.0,,,,,,,
RBI,E13,POST_14,USDINR,complete,2026-07-07,2026-07-28,15,95.3138,95.7954,0.505278354236216,0.005040061069536708,%,15,3.980714047423824,0.0,0.0,-0.5027381273004727,0.6623787022904559,751.0,0.28095476108358497,0.7982892562430745,0.27990516510336017,68.57523302263648
RBI,E13,POST_14,BRENT,complete,2026-07-07,2026-07-28,15,71.78,85.51,19.127890777375313,0.17502744244840268,%,15,93.85518518512099,0.0,0.0,,,751.0,-0.055708244584773414,9.482716229410723,1.8516285405414892,96.6711051930759
RBI,E13,POST_14,GOLD_USD,complete,2026-07-07,2026-07-28,15,4124.15,4037.7,-2.0961895178400303,-0.021184715021537362,%,15,16.303071661335707,0.0,0.0,,,751.0,1.4610465574373732,4.420247978325538,-0.8074089116610803,16.378162450066576
RBI,E13,POST_14,NIFTY50,complete,2026-07-07,2026-07-28,15,24398.7,23985.35,-1.6941476390135657,-0.0170866248900967,%,15,12.976075819446725,0.0,0.0,,,751.0,0.552880187087279,2.9555223214042967,-0.7646769870024541,21.171770972037287
RBI,E13,POST_14,DXY_BROAD,complete,2026-07-07,2026-07-28,15,120.8145,120.6247,-0.1571003480542399,-0.0015722388004744674,%,15,2.8882398232094815,0.0,0.0,,,751.0,0.018414276144262942,1.1676195779540544,-0.15042267557704245,44.207723035952064
RBI,E13,POST_14,VIX,complete,2026-07-07,2026-07-28,15,16.13,18.21,12.895226286422833,0.12129000160239926,%,15,112.58808744563795,0.0,0.0,,,,,,,
RBI,E13,POST_14,UST10Y,complete,2026-07-07,2026-07-28,15,4.55,4.61,0.0600000000000005,,pp,15,,0.0,0.0,,,,,,,
RBI,E13,POST_14,FFR_UPPER,complete,2026-07-07,2026-07-28,15,3.75,3.75,0.0,,pp,15,,0.0,0.0,,,,,,,
RBI,E13,POST_14,IN_REPO,complete,2026-07-07,2026-07-28,15,5.25,5.25,0.0,,pp,15,,214.0,235.0,,,,,,,
RBI,E13,POST_30,USDINR,complete,2026-07-07,2026-08-19,31,95.3138,95.7477,0.4552331351808325,0.004542000831542601,%,31,3.1863701306711514,0.0,0.0,-0.4531701544788991,2.50937398747918,751.0,0.6066112406778457,1.0883849564049357,-0.1383505694371461,48.60186418109188
RBI,E13,POST_30,BRENT,complete,2026-07-07,2026-08-19,31,71.78,92.37,28.684870437447763,0.25219636488505753,%,31,77.92296457439616,0.0,0.0,,,751.0,0.2782621838019139,14.107633461301425,1.7679620615065168,95.20639147802929
RBI,E13,POST_30,GOLD_USD,complete,2026-07-07,2026-08-19,31,4124.15,4355.75,5.615702629632779,0.054636873373697645,%,31,17.24000939711984,0.0,0.0,,,751.0,3.1792194917410255,6.381957077461764,0.3657120820639891,63.914780292942744
RBI,E13,POST_30,NIFTY50,complete,2026-07-07,2026-08-19,31,24398.7,24078.3,-1.3131847188579737,-0.013218832249452667,%,31,11.092065823826845,0.0,0.0,,,751.0,1.1522338583594083,4.149261539533931,-0.5946912241304165,25.699067909454058
RBI,E13,POST_30,DXY_BROAD,complete,2026-07-07,2026-08-19,31,120.8145,118.3328,-2.0541408522983473,-0.020755317655003772,%,31,3.871526253868524,0.0,0.0,,,751.0,0.022118600967724333,1.6788845896104991,-1.2494294924422689,11.051930758988016
RBI,E13,POST_30,VIX,complete,2026-07-07,2026-08-19,31,16.13,14.89,-7.687538747675127,-0.07999104544119974,%,31,111.26360872868695,0.0,0.0,,,,,,,
RBI,E13,POST_30,UST10Y,complete,2026-07-07,2026-08-19,31,4.55,4.65,0.10000000000000053,,pp,31,,0.0,0.0,,,,,,,
RBI,E13,POST_30,FFR_UPPER,complete,2026-07-07,2026-08-19,31,3.75,3.75,0.0,,pp,31,,0.0,0.0,,,,,,,
RBI,E13,POST_30,IN_REPO,complete,2026-07-07,2026-08-19,31,5.25,5.25,0.0,,pp,31,,214.0,257.0,,,,,,,
RBI,E13,POST_90,USDINR,partial,2026-07-07,2026-09-29,58,95.3138,96.0321,0.7536159506807971,0.007507904523996471,%,58,3.4116167877803494,0.0,0.0,-0.7479790611680914,1.154643972979441,,,,,
RBI,E13,POST_90,BRENT,no_data,2026-07-07,2026-09-29,58,71.78,,,,%,56,70.92700371751766,0.0,,,,,,,,
RBI,E13,POST_90,GOLD_USD,partial,2026-07-07,2026-09-29,58,4124.15,4139.0,0.36007419710728517,0.0035942748194153227,%,58,22.85727169230347,0.0,0.0,,,,,,,
RBI,E13,POST_90,NIFTY50,partial,2026-07-07,2026-09-29,58,24398.7,22716.2,-6.895859205613409,-0.07145152584787788,%,58,10.580232813579824,0.0,0.0,,,,,,,
RBI,E13,POST_90,DXY_BROAD,partial,2026-07-07,2026-09-29,58,120.8145,120.33,-0.401028022298644,-0.004018342959828489,%,58,3.7614913671110854,0.0,4.0,,,,,,,
RBI,E13,POST_90,VIX,partial,2026-07-07,2026-09-29,58,16.13,16.07,-0.37197768133910847,-0.003726712387696163,%,58,105.4975897576015,0.0,1.0,,,,,,,
RBI,E13,POST_90,UST10Y,partial,2026-07-07,2026-09-29,58,4.55,5.24,0.6900000000000004,,pp,58,,0.0,1.0,,,,,,,
RBI,E13,POST_90,FFR_UPPER,partial,2026-07-07,2026-09-29,58,3.75,4.0,0.25,,pp,58,,0.0,0.0,,,,,,,
RBI,E13,POST_90,IN_REPO,partial,2026-07-07,2026-09-29,58,5.25,5.25,0.0,,pp,58,,214.0,298.0,,,,,,,
FRED,E01,PRE_30,USDINR,complete,2014-01-16,2014-02-28,29,61.54,61.78,0.38999025024375467,0.003892317596539986,%,29,7.3115095547837345,0.0,0.0,-0.388475234703789,0.5621730051043827,233.0,1.6962449599650764,3.9679807315322835,-0.3258049105753275,38.62660944206009
FRED,E01,PRE_30,BRENT,complete,2014-01-16,2014-02-28,29,107.46,108.98,1.4144798064396058,0.014045693854276878,%,29,12.16049913674968,0.0,0.0,,,233.0,-0.5408769465275909,4.940301475846088,0.3940881698683478,62.231759656652365
FRED,E01,PRE_30,GOLD_USD,complete,2014-01-16,2014-02-28,29,1237.25,1327.75,7.314609011921602,0.07059460547051312,%,29,9.530546773739509,0.0,0.0,,,233.0,-3.7768361863995015,5.417838837908075,2.0136197836903467,96.13733905579399
FRED,E01,PRE_30,NIFTY50,complete,2014-01-16,2014-02-28,29,6318.9,6276.95,-0.6638813717577352,-0.006660948662273203,%,29,12.913700596934593,0.0,0.0,,,233.0,0.4913911088263223,5.2276269979991365,-0.2211868960804801,43.34763948497854
FRED,E01,PRE_30,DXY_BROAD,complete,2014-01-16,2014-02-28,29,94.5507,94.3879,-0.17218275486062806,-0.0017233115974219283,%,29,2.759127704741496,0.0,0.0,,,233.0,0.37726399461357474,1.1154153936508016,-0.49209048186480586,27.896995708154503
FRED,E01,PRE_30,VIX,complete,2014-01-16,2014-02-28,29,12.53,14.0,11.73184357541901,0.11093156070728181,%,29,135.71714956606922,0.0,0.0,,,,,,,
FRED,E01,PRE_30,UST10Y,complete,2014-01-16,2014-02-28,29,2.86,2.66,-0.19999999999999973,,pp,29,,0.0,0.0,,,,,,,
FRED,E01,PRE_30,FFR_UPPER,complete,2014-01-16,2014-02-28,29,0.25,0.25,0.0,,pp,29,,0.0,0.0,,,,,,,
FRED,E01,PRE_30,IN_REPO,complete,2014-01-16,2014-02-28,29,7.75,8.0,0.25,,pp,29,,79.0,31.0,,,,,,,
FRED,E01,PRE_14,USDINR,complete,2014-02-10,2014-02-28,13,62.44,61.78,-1.0570147341447789,-0.010626408156795665,%,13,6.254345189493337,0.0,0.0,1.0683068954354002,-0.7075596623481228,265.0,0.6632531936709984,2.7003851214301373,-0.6383179010881624,20.754716981132077
FRED,E01,PRE_14,BRENT,complete,2014-02-10,2014-02-28,13,110.18,108.98,-1.08912688328191,-0.010951012889618266,%,13,10.788213413034274,0.0,0.0,,,265.0,-0.15502019719539906,3.8357925672516737,-0.24504995894758774,37.35849056603773
FRED,E01,PRE_14,GOLD_USD,complete,2014-02-10,2014-02-28,13,1273.5,1327.75,4.259913623871214,0.041716764882996776,%,13,8.840389212688473,0.0,0.0,,,265.0,-1.3854865348755907,4.461223844919144,1.2478303408025488,90.9433962264151
FRED,E01,PRE_14,NIFTY50,complete,2014-02-10,2014-02-28,13,6053.45,6276.95,3.6921094582428093,0.03625583626794559,%,13,11.802009103934752,0.0,0.0,,,265.0,0.07735290612476131,3.8868604646509506,0.9128860309961911,82.26415094339623
FRED,E01,PRE_14,DXY_BROAD,complete,2014-02-10,2014-02-28,13,94.7189,94.3879,-0.349455071796656,-0.003500670922730685,%,13,3.393601752306108,0.0,0.0,,,265.0,0.22097992292455793,0.957959568494168,-0.5958531366469115,27.92452830188679
FRED,E01,PRE_14,VIX,complete,2014-02-10,2014-02-28,13,15.26,14.0,-8.25688073394495,-0.08617769624105227,%,13,71.73168009167976,0.0,0.0,,,,,,,
FRED,E01,PRE_14,UST10Y,complete,2014-02-10,2014-02-28,13,2.7,2.66,-0.040000000000000036,,pp,13,,0.0,0.0,,,,,,,
FRED,E01,PRE_14,FFR_UPPER,complete,2014-02-10,2014-02-28,13,0.25,0.25,0.0,,pp,13,,0.0,0.0,,,,,,,
FRED,E01,PRE_14,IN_REPO,complete,2014-02-10,2014-02-28,13,8.0,8.0,0.0,,pp,13,,13.0,31.0,,,,,,,
FRED,E01,PRE_7,USDINR,complete,2014-02-20,2014-02-28,6,62.21,61.78,-0.6912072014145676,-0.006936071036492802,%,6,4.012479093590498,0.0,0.0,0.6960181288442779,-0.4068122643205774,279.0,0.27084942370050324,1.714918411178502,-0.5621785765335454,25.806451612903224
FRED,E01,PRE_7,BRENT,complete,2014-02-20,2014-02-28,6,109.42,108.98,-0.40212027051726995,-0.004029309480727549,%,6,9.042896735081841,0.0,0.0,,,279.0,-0.06782680178034628,2.5879980744448026,-0.12947503200233865,41.57706093189964
FRED,E01,PRE_7,GOLD_USD,complete,2014-02-20,2014-02-28,6,1313.75,1327.75,1.0656517602283477,0.010600137111347593,%,6,9.407758726969144,0.0,0.0,,,279.0,-0.5175950770428428,3.128054190941143,0.5047716105083799,68.45878136200717
FRED,E01,PRE_7,NIFTY50,complete,2014-02-20,2014-02-28,6,6091.45,6276.95,3.0452519515058007,0.029998045095284177,%,6,5.723066610824431,0.0,0.0,,,279.0,0.031047622417412768,2.68740763023966,1.1046934869434555,87.45519713261649
FRED,E01,PRE_7,DXY_BROAD,complete,2014-02-20,2014-02-28,6,94.6571,94.3879,-0.2843949370939902,-0.002848001078676594,%,6,3.6721574453723074,0.0,0.0,,,279.0,0.08157060652496106,0.6636062207113449,-0.5520404303343417,29.39068100358423
FRED,E01,PRE_7,VIX,complete,2014-02-20,2014-02-28,6,14.79,14.0,-5.341446923597015,-0.054893947107449714,%,6,50.081889255164015,0.0,0.0,,,,,,,
FRED,E01,PRE_7,UST10Y,complete,2014-02-20,2014-02-28,6,2.76,2.66,-0.09999999999999964,,pp,6,,0.0,0.0,,,,,,,
FRED,E01,PRE_7,FFR_UPPER,complete,2014-02-20,2014-02-28,6,0.25,0.25,0.0,,pp,6,,0.0,0.0,,,,,,,
FRED,E01,PRE_7,IN_REPO,complete,2014-02-20,2014-02-28,6,8.0,8.0,0.0,,pp,6,,23.0,31.0,,,,,,,
FRED,E01,EVENT,USDINR,complete,2014-02-28,2014-03-03,1,61.78,62.17,0.6312722563936557,0.006292880790810522,%,1,,0.0,0.0,-0.627312208460673,0.6312722563936557,290.0,0.044956801382722844,0.7652860578998951,0.7635594222689767,85.86206896551725
FRED,E01,EVENT,BRENT,complete,2014-02-28,2014-03-03,1,108.98,111.26,2.0921269957790534,0.02070542549219498,%,1,,0.0,0.0,,,290.0,-0.012429031925664802,1.075803301399692,1.936201860417477,97.58620689655172
FRED,E01,EVENT,GOLD_USD,complete,2014-02-28,2014-03-03,1,1327.75,1344.25,1.2427038222556863,0.012350456387278837,%,1,,0.0,0.0,,,290.0,-0.08141527834126805,1.2394105629092746,1.0621936884386622,90.6896551724138
FRED,E01,EVENT,NIFTY50,complete,2014-02-28,2014-03-03,1,6276.95,6221.45,-0.8841873840001901,-0.00888119516086819,%,1,,0.0,0.0,,,290.0,0.01594967105738032,1.0861108001869484,-0.8323901347484804,16.896551724137932
FRED,E01,EVENT,DXY_BROAD,complete,2014-02-28,2014-03-03,1,94.3879,94.3879,0.0,0.0,%,1,,0.0,3.0,,,290.0,0.013766665304171255,0.25671713730125995,-0.053622122505997655,47.93103448275862
FRED,E01,EVENT,VIX,complete,2014-02-28,2014-03-03,1,14.0,16.0,14.28571428571428,0.13353139262452257,%,1,,0.0,0.0,,,,,,,
FRED,E01,EVENT,UST10Y,complete,2014-02-28,2014-03-03,1,2.66,2.6,-0.06000000000000005,,pp,1,,0.0,0.0,,,,,,,
FRED,E01,EVENT,FFR_UPPER,complete,2014-02-28,2014-03-03,1,0.25,0.25,0.0,,pp,1,,0.0,0.0,,,,,,,
FRED,E01,EVENT,IN_REPO,complete,2014-02-28,2014-03-03,1,8.0,8.0,0.0,,pp,1,,31.0,34.0,,,,,,,
FRED,E01,POST_7,USDINR,complete,2014-02-28,2014-03-12,8,61.78,61.01,-1.2463580446746558,-0.01254190232667461,%,8,10.807982497946483,0.0,0.0,1.2620881822652086,-1.3248638701035542,283.0,0.35659009250947893,2.0239843536949085,-0.7955328543727692,16.607773851590103
FRED,E01,POST_7,BRENT,complete,2014-02-28,2014-03-12,8,108.98,107.88,-1.0093595155074353,-0.010144880883423099,%,8,19.548222245136966,0.0,0.0,,,283.0,-0.08199311144094779,2.9862185556681617,-0.3122548891788993,38.16254416961131
FRED,E01,POST_7,GOLD_USD,complete,2014-02-28,2014-03-12,8,1327.75,1355.75,2.1088307286763364,0.02086902641866154,%,8,13.240654774292482,0.0,0.0,,,283.0,-0.6349875227689372,3.65790643041985,0.7446649709327967,76.32508833922262
FRED,E01,POST_7,NIFTY50,complete,2014-02-28,2014-03-12,8,6276.95,6516.9,3.8227164466819064,0.03751460903384519,%,8,14.709353515992873,0.0,0.0,,,283.0,0.09510764244795578,3.0381117130503834,1.2035102079665347,90.10600706713781
FRED,E01,POST_7,DXY_BROAD,complete,2014-02-28,2014-03-12,8,94.3879,94.462,0.07850582542889839,0.0007847502572442105,%,8,4.179570463160288,0.0,0.0,,,283.0,0.1128037654448466,0.7498083562000584,-0.04569856256681207,49.46996466431096
FRED,E01,POST_7,VIX,complete,2014-02-28,2014-03-12,8,14.0,14.47,3.3571428571428585,0.03302021102813389,%,8,114.9908977795784,0.0,0.0,,,,,,,
FRED,E01,POST_7,UST10Y,complete,2014-02-28,2014-03-12,8,2.66,2.73,0.06999999999999984,,pp,8,,0.0,0.0,,,,,,,
FRED,E01,POST_7,FFR_UPPER,complete,2014-02-28,2014-03-12,8,0.25,0.25,0.0,,pp,8,,0.0,0.0,,,,,,,
FRED,E01,POST_7,IN_REPO,complete,2014-02-28,2014-03-12,8,8.0,8.0,0.0,,pp,8,,31.0,43.0,,,,,,,
FRED,E01,POST_14,USDINR,complete,2014-02-28,2014-03-21,15,61.78,60.9,-1.4244091939138892,-0.01434651277458432,%,15,8.875495155547867,0.0,0.0,1.4449917898193831,-1.9189641103809274,276.0,0.7141070404742988,2.8490189074090693,-0.753319201211619,16.304347826086957
FRED,E01,POST_14,BRENT,complete,2014-02-28,2014-03-21,15,108.98,107.2,-1.6333272160029333,-0.01646813051825064,%,15,16.236810167377307,0.0,0.0,,,276.0,-0.14046017165497693,3.9362086857911205,-0.38266623104594133,31.521739130434785
FRED,E01,POST_14,GOLD_USD,complete,2014-02-28,2014-03-21,15,1327.75,1338.5,0.8096403690453835,0.008063803657898721,%,15,15.152392678661636,0.0,0.0,,,276.0,-1.324258099982667,4.784756740332723,0.4471460236020802,65.94202898550725
FRED,E01,POST_14,NIFTY50,complete,2014-02-28,2014-03-21,15,6276.95,6493.2,3.445144536757505,0.03387128173954067,%,15,11.725101554335474,0.0,0.0,,,276.0,0.10654145781139324,4.070190626793247,0.8060171456536163,81.52173913043478
FRED,E01,POST_14,DXY_BROAD,complete,2014-02-28,2014-03-21,15,94.3879,94.8547,0.4945549164670382,0.004933360107601982,%,15,4.304139434944189,0.0,0.0,,,276.0,0.22213772660664155,0.9849449899738947,0.27559371131532345,63.40579710144928
FRED,E01,POST_14,VIX,complete,2014-02-28,2014-03-21,15,14.0,15.0,7.14285714285714,0.06899287148695142,%,15,123.92538238829427,0.0,0.0,,,,,,,
FRED,E01,POST_14,UST10Y,complete,2014-02-28,2014-03-21,15,2.66,2.75,0.08999999999999986,,pp,15,,0.0,0.0,,,,,,,
FRED,E01,POST_14,FFR_UPPER,complete,2014-02-28,2014-03-21,15,0.25,0.25,0.0,,pp,15,,0.0,0.0,,,,,,,
FRED,E01,POST_14,IN_REPO,complete,2014-02-28,2014-03-21,15,8.0,8.0,0.0,,pp,15,,31.0,52.0,,,,,,,
FRED,E01,POST_30,USDINR,complete,2014-02-28,2014-04-14,31,61.78,60.32,-2.363224344448045,-0.023915963790735052,%,31,7.392487661933285,0.0,0.0,2.420424403183019,-1.74524259043084,260.0,1.7004999034061052,3.8744127214594997,-1.052494900459881,8.076923076923077
FRED,E01,POST_30,BRENT,complete,2014-02-28,2014-04-14,31,108.98,107.68,-1.19287942741787,-0.012000513258534563,%,31,16.30206542986626,0.0,0.0,,,260.0,-0.5872354611802466,4.851854417476558,-0.12594872075808503,44.230769230769226
FRED,E01,POST_30,GOLD_USD,complete,2014-02-28,2014-04-14,31,1327.75,1324.5,-0.24477499529278468,-0.002450750590384102,%,31,13.137841222000851,0.0,0.0,,,260.0,-3.125816298572781,6.052952785069795,0.4841665730456847,70.76923076923077
FRED,E01,POST_30,NIFTY50,complete,2014-02-28,2014-04-14,31,6276.95,6776.3,7.9552967603693014,0.07654703656259093,%,31,10.275644453763459,0.0,3.0,,,260.0,0.3067978106748859,5.072007840514203,1.4488099665387686,91.15384615384615
FRED,E01,POST_30,DXY_BROAD,complete,2014-02-28,2014-04-14,31,94.3879,93.8046,-0.617981754017205,-0.006198991648396346,%,31,3.7120686472786955,0.0,0.0,,,260.0,0.4862622147622675,1.1328852909898215,-0.9753705448658253,17.307692307692307
FRED,E01,POST_30,VIX,complete,2014-02-28,2014-04-14,31,14.0,16.11,15.071428571428559,0.14038286757362428,%,31,111.85529605487903,0.0,0.0,,,,,,,
FRED,E01,POST_30,UST10Y,complete,2014-02-28,2014-04-14,31,2.66,2.65,-0.010000000000000231,,pp,31,,0.0,0.0,,,,,,,
FRED,E01,POST_30,FFR_UPPER,complete,2014-02-28,2014-04-14,31,0.25,0.25,0.0,,pp,31,,0.0,0.0,,,,,,,
FRED,E01,POST_30,IN_REPO,complete,2014-02-28,2014-04-14,31,8.0,8.0,0.0,,pp,31,,31.0,76.0,,,,,,,
FRED,E01,POST_90,USDINR,complete,2014-02-28,2014-07-09,91,61.78,59.75,-3.285853026869534,-0.03341049667881557,%,91,6.627495243707856,0.0,0.0,3.3974895397489657,-2.0569878863165525,200.0,6.352364938574073,6.5018030724656475,-1.4611037637881519,5.5
FRED,E01,POST_90,BRENT,complete,2014-02-28,2014-07-09,91,108.98,106.84,-1.9636630574417335,-0.01983199091319218,%,91,13.297435280019435,0.0,0.0,,,200.0,-0.036785521642690444,7.0435384694295555,-0.2763393442928765,30.5
FRED,E01,POST_90,GOLD_USD,complete,2014-02-28,2014-07-09,91,1327.75,1322.5,-0.3954057616268103,-0.00396189557005407,%,91,11.872439946549603,0.0,0.0,,,200.0,-9.586310339947357,8.571987504090297,1.1294066883101228,86.0
FRED,E01,POST_90,NIFTY50,complete,2014-02-28,2014-07-09,91,6276.95,7585.0,20.838942480026134,0.18928841908548344,%,91,13.232894604933138,0.0,0.0,,,200.0,2.435917302037094,5.604888632682521,2.9478052088700695,100.0
FRED,E01,POST_90,DXY_BROAD,complete,2014-02-28,2014-07-09,91,94.3879,93.228,-1.2288651405529816,-0.01236478121357182,%,91,2.689768625129156,0.0,0.0,,,200.0,1.0238428784711928,1.3457647781523279,-1.6757127751319547,4.5
FRED,E01,POST_90,VIX,complete,2014-02-28,2014-07-09,91,14.0,11.65,-16.78571428571428,-0.183751149603549,%,91,87.10726194897421,0.0,0.0,,,,,,,
FRED,E01,POST_90,UST10Y,complete,2014-02-28,2014-07-09,91,2.66,2.57,-0.0900000000000003,,pp,91,,0.0,0.0,,,,,,,
FRED,E01,POST_90,FFR_UPPER,complete,2014-02-28,2014-07-09,91,0.25,0.25,0.0,,pp,91,,0.0,0.0,,,,,,,
FRED,E01,POST_90,IN_REPO,complete,2014-02-28,2014-07-09,91,8.0,8.0,0.0,,pp,91,,31.0,162.0,,,,,,,
FRED,E02,PRE_30,USDINR,complete,2016-08-17,2016-09-28,29,66.96,66.5,-0.6869772998805201,-0.006893478519411369,%,29,4.135321091629549,0.0,0.0,0.6917293233082544,-2.203392056982856,751.0,0.4034058931239759,2.3586829418728983,-0.46294575069868554,26.63115845539281
FRED,E02,PRE_30,BRENT,complete,2016-08-17,2016-09-28,29,48.58,45.49,-6.360642239604763,-0.0657194019921136,%,29,37.624926786560984,0.0,0.0,,,751.0,-3.447333285709797,13.96561413477545,-0.21938057457069968,35.01997336884155
FRED,E02,PRE_30,GOLD_USD,complete,2016-08-17,2016-09-28,29,1342.75,1324.8,-1.3368087879352064,-0.013458245154573471,%,29,9.620503445968035,0.0,0.0,,,751.0,0.08781734942227004,4.929054326772943,-0.29084754051465755,39.01464713715047
FRED,E02,PRE_30,NIFTY50,complete,2016-08-17,2016-09-28,29,8624.05,8745.15,1.4042126379137487,0.01394444905863316,%,29,11.174801237556004,0.0,0.0,,,751.0,1.5318644505300627,4.9152113051875626,-0.025595026597588638,45.13981358189081
FRED,E02,PRE_30,DXY_BROAD,complete,2016-08-17,2016-09-28,29,110.9459,112.6283,1.5164147571023356,0.015050321163049588,%,29,5.859239478384755,0.0,0.0,,,751.0,0.7031780789789943,1.6510110177559496,0.48716501388728645,66.3115845539281
FRED,E02,PRE_30,VIX,complete,2016-08-17,2016-09-28,29,12.19,12.39,1.6406890894175685,0.01627375214787105,%,29,163.47152395608776,0.0,0.0,,,,,,,
FRED,E02,PRE_30,UST10Y,complete,2016-08-17,2016-09-28,29,1.56,1.57,0.010000000000000009,,pp,29,,0.0,0.0,,,,,,,
FRED,E02,PRE_30,FFR_UPPER,complete,2016-08-17,2016-09-28,29,0.5,0.5,0.0,,pp,29,,0.0,0.0,,,,,,,
FRED,E02,PRE_30,IN_REPO,complete,2016-08-17,2016-09-28,29,6.5,6.5,0.0,,pp,29,,134.0,176.0,,,,,,,
FRED,E02,PRE_14,USDINR,complete,2016-09-09,2016-09-28,13,66.76,66.5,-0.38945476333134277,-0.003902151131825938,%,13,4.242208543402608,0.0,0.0,0.39097744360903075,-0.9613022575695629,751.0,0.032170253596430776,1.424991478478053,-0.29640892569658445,34.22103861517976
FRED,E02,PRE_14,BRENT,complete,2016-09-09,2016-09-28,13,48.37,45.49,-5.954103783336773,-0.06138726525297905,%,13,29.96674986605478,0.0,0.0,,,751.0,-1.5027608988589458,8.768584294974293,-0.5274009585169256,23.169107856191744
FRED,E02,PRE_14,GOLD_USD,complete,2016-09-09,2016-09-28,13,1335.65,1324.8,-0.8123385617489709,-0.008156560095972414,%,13,7.310822489552825,0.0,0.0,,,751.0,-0.07839465057902784,3.3748692296327216,-0.21844716466927266,40.74567243675099
FRED,E02,PRE_14,NIFTY50,complete,2016-09-09,2016-09-28,13,8866.7,8745.15,-1.3708595080469732,-0.013803425528851212,%,13,11.46060669581335,0.0,0.0,,,751.0,0.7983519231155256,3.417364516179767,-0.6366088537606136,23.56857523302264
FRED,E02,PRE_14,DXY_BROAD,complete,2016-09-09,2016-09-28,13,111.9879,112.6283,0.5718474942382201,0.0057021865316264865,%,13,5.122396319586513,0.0,0.0,,,751.0,0.2906230309405178,1.1072719774155784,0.25288919093569323,59.92010652463382
FRED,E02,PRE_14,VIX,complete,2016-09-09,2016-09-28,13,17.5,12.39,-29.199999999999992,-0.3453111852884172,%,13,170.1181410048165,0.0,0.0,,,,,,,
FRED,E02,PRE_14,UST10Y,complete,2016-09-09,2016-09-28,13,1.67,1.57,-0.09999999999999987,,pp,13,,0.0,0.0,,,,,,,
FRED,E02,PRE_14,FFR_UPPER,complete,2016-09-09,2016-09-28,13,0.5,0.5,0.0,,pp,13,,0.0,0.0,,,,,,,
FRED,E02,PRE_14,IN_REPO,complete,2016-09-09,2016-09-28,13,6.5,6.5,0.0,,pp,13,,157.0,176.0,,,,,,,
FRED,E02,PRE_7,USDINR,complete,2016-09-20,2016-09-28,6,66.97,66.5,-0.7018067791548455,-0.0070428102601503674,%,6,3.874919419667988,0.0,0.0,0.7067669172932334,-0.21013298550057735,751.0,0.050778096358827796,0.8771940680306691,-0.860751642286173,17.177097203728362
FRED,E02,PRE_7,BRENT,complete,2016-09-20,2016-09-28,6,45.24,45.49,0.5526083112290081,0.005510870333993085,%,6,35.683711923656844,0.0,0.0,,,751.0,-0.7022411382228033,5.785862787759271,0.21704722967195855,61.784287616511314
FRED,E02,PRE_7,GOLD_USD,complete,2016-09-20,2016-09-28,6,1315.4,1324.8,0.7146115250113994,0.007120702763744563,%,6,9.297243960761602,0.0,0.0,,,751.0,-0.004128178100704094,2.183407473807426,0.3280187268196322,63.51531291611185
FRED,E02,PRE_7,NIFTY50,complete,2016-09-20,2016-09-28,6,8775.9,8745.15,-0.3503914128465402,-0.00351006721303328,%,6,12.20108946191789,0.0,0.0,,,751.0,0.31241159146015995,2.3521660254350474,-0.281838660450175,37.017310252996005
FRED,E02,PRE_7,DXY_BROAD,complete,2016-09-20,2016-09-28,6,113.1848,112.6283,-0.4916737936542681,-0.004928864858772899,%,6,5.478493535434863,0.0,0.0,,,751.0,0.15360628442644408,0.7468405394666592,-0.8654791516593752,18.10918774966711
FRED,E02,PRE_7,VIX,complete,2016-09-20,2016-09-28,6,15.92,12.39,-22.17336683417085,-0.2506864847751858,%,6,192.2733021572249,0.0,0.0,,,,,,,
FRED,E02,PRE_7,UST10Y,complete,2016-09-20,2016-09-28,6,1.69,1.57,-0.11999999999999988,,pp,6,,0.0,0.0,,,,,,,
FRED,E02,PRE_7,FFR_UPPER,complete,2016-09-20,2016-09-28,6,0.5,0.5,0.0,,pp,6,,0.0,0.0,,,,,,,
FRED,E02,PRE_7,IN_REPO,complete,2016-09-20,2016-09-28,6,6.5,6.5,0.0,,pp,6,,168.0,176.0,,,,,,,
FRED,E02,EVENT,USDINR,complete,2016-09-28,2016-09-29,1,66.5,66.72,0.3308270676691816,0.0033028103886829484,%,1,,0.0,0.0,-0.329736211031173,0.6330601653897427,751.0,0.008090368453861352,0.3917721953211396,0.8223937316505672,83.3555259653795
FRED,E02,EVENT,BRENT,complete,2016-09-28,2016-09-29,1,45.49,48.43,6.462958892064186,0.06262693483322501,%,1,,0.0,0.0,,,751.0,-0.11488054643945533,2.239641075308129,2.847617030405586,98.66844207723035
FRED,E02,EVENT,GOLD_USD,complete,2016-09-28,2016-09-29,1,1324.8,1320.85,-0.29815821256039543,-0.002986035896649039,%,1,,0.0,0.0,,,751.0,-0.0010960562045636557,0.8723031042621658,-0.341059805932075,36.085219707057256
FRED,E02,EVENT,NIFTY50,complete,2016-09-28,2016-09-29,1,8745.15,8591.25,-1.7598325929229275,-0.01775501752844433,%,1,,0.0,0.0,,,751.0,0.05618877617301621,0.9215045863537078,-1.9877000897880701,3.062583222370173
FRED,E02,EVENT,DXY_BROAD,complete,2016-09-28,2016-09-29,1,112.6283,112.2879,-0.3022330977205612,-0.0030269074428622895,%,1,,0.0,0.0,,,751.0,0.025615340759532756,0.3225787718396363,-1.0177446054655106,12.51664447403462
FRED,E02,EVENT,VIX,complete,2016-09-28,2016-09-29,1,12.39,14.02,13.155770782889409,0.12359518596539279,%,1,,0.0,0.0,,,,,,,
FRED,E02,EVENT,UST10Y,complete,2016-09-28,2016-09-29,1,1.57,1.56,-0.010000000000000009,,pp,1,,0.0,0.0,,,,,,,
FRED,E02,EVENT,FFR_UPPER,complete,2016-09-28,2016-09-29,1,0.5,0.5,0.0,,pp,1,,0.0,0.0,,,,,,,
FRED,E02,EVENT,IN_REPO,complete,2016-09-28,2016-09-29,1,6.5,6.5,0.0,,pp,1,,176.0,177.0,,,,,,,
FRED,E02,POST_7,USDINR,complete,2016-09-28,2016-10-11,8,66.5,66.81,0.46616541353383667,0.004650822275577513,%,8,3.3578073815969876,0.0,0.0,-0.46400239485107075,-0.2599398371003314,751.0,0.07327492844957373,0.9907667508347613,0.39548575055293017,67.11051930758988
FRED,E02,POST_7,BRENT,complete,2016-09-28,2016-10-11,8,45.49,50.48,10.969443833809622,0.10408469665104494,%,8,33.27967110991351,0.0,0.0,,,751.0,-0.9150816968297781,6.758307879478717,1.6761242836664807,94.94007989347537
FRED,E02,POST_7,GOLD_USD,complete,2016-09-28,2016-10-11,8,1324.8,1256.4,-5.163043478260865,-0.05301101596650371,%,8,15.218463080012853,0.0,0.0,,,751.0,-0.005114374061121474,2.5854063324003955,-2.048415765611463,1.7310252996005324
FRED,E02,POST_7,NIFTY50,complete,2016-09-28,2016-10-11,8,8745.15,8708.8,-0.415658965255028,-0.004165252284323799,%,8,14.356797165032692,0.0,1.0,,,751.0,0.4236594408992156,2.6637055543139496,-0.3150835339337378,35.685752330226364
FRED,E02,POST_7,DXY_BROAD,complete,2016-09-28,2016-10-11,8,112.6283,113.4461,0.7261052506341681,0.007234817981553709,%,8,2.796498731327679,0.0,0.0,,,751.0,0.20805167585398188,0.837470024922133,0.6157190523072597,74.83355525965379
FRED,E02,POST_7,VIX,complete,2016-09-28,2016-10-11,8,12.39,15.36,23.970944309927344,0.2148770320784749,%,8,111.73137300835305,0.0,0.0,,,,,,,
FRED,E02,POST_7,UST10Y,complete,2016-09-28,2016-10-11,8,1.57,1.77,0.19999999999999996,,pp,8,,0.0,0.0,,,,,,,
FRED,E02,POST_7,FFR_UPPER,complete,2016-09-28,2016-10-11,8,0.5,0.5,0.0,,pp,8,,0.0,0.0,,,,,,,
FRED,E02,POST_7,IN_REPO,complete,2016-09-28,2016-10-11,8,6.5,6.25,-0.25,,pp,8,,176.0,7.0,,,,,,,
FRED,E02,POST_14,USDINR,complete,2016-09-28,2016-10-20,15,66.5,66.83,0.49624060150375016,0.004950133861170223,%,15,3.0464226781315116,0.0,0.0,-0.4937902139757533,-0.1918635428365345,751.0,0.12323678904617719,1.337439871189093,0.2780330385551322,59.38748335552596
FRED,E02,POST_14,BRENT,complete,2016-09-28,2016-10-20,15,45.49,50.42,10.837546713563428,0.10289540017786111,%,15,34.87767306951714,0.0,0.0,,,751.0,-1.7103195229849488,9.427326324462046,1.274449831017239,89.61384820239681
FRED,E02,POST_14,GOLD_USD,complete,2016-09-28,2016-10-20,15,1324.8,1269.2,-4.196859903381633,-0.04287472392195465,%,15,13.263082191960528,0.0,0.0,,,751.0,-0.0070892450038329,3.5582795325638976,-1.2029360978305643,12.383488681757656
FRED,E02,POST_14,NIFTY50,complete,2016-09-28,2016-10-20,15,8745.15,8699.4,-0.5231471158299139,-0.005245203217056258,%,15,14.915735276959072,0.0,0.0,,,751.0,0.8015465507412944,3.4841104820533686,-0.37968702720438,34.0878828229028
FRED,E02,POST_14,DXY_BROAD,complete,2016-09-28,2016-10-20,15,112.6283,113.4033,0.6881041443402847,0.006857475123182973,%,15,3.2558357283187873,0.0,0.0,,,751.0,0.3789974422828468,1.162626123900582,0.26445858177068887,59.254327563249
FRED,E02,POST_14,VIX,complete,2016-09-28,2016-10-20,15,12.39,13.75,10.97659402744149,0.10414912847152925,%,15,98.24105730369735,0.0,0.0,,,,,,,
FRED,E02,POST_14,UST10Y,complete,2016-09-28,2016-10-20,15,1.57,1.76,0.18999999999999995,,pp,15,,0.0,0.0,,,,,,,
FRED,E02,POST_14,FFR_UPPER,complete,2016-09-28,2016-10-20,15,0.5,0.5,0.0,,pp,15,,0.0,0.0,,,,,,,
FRED,E02,POST_14,IN_REPO,complete,2016-09-28,2016-10-20,15,6.5,6.25,-0.25,,pp,15,,176.0,16.0,,,,,,,
FRED,E02,POST_30,USDINR,complete,2016-09-28,2016-11-14,31,66.5,67.78,1.9248120300751959,0.0190652185170969,%,31,5.00029220896014,0.0,0.0,-1.8884626733549736,-2.156045090204528,751.0,0.18026906510422158,1.9549018865790808,0.8831210855785144,83.75499334221038
FRED,E02,POST_30,BRENT,complete,2016-09-28,2016-11-14,31,45.49,41.83,-8.04572433501869,-0.0838787361278057,%,31,33.43509270612646,0.0,0.0,,,751.0,-3.5027337359293975,14.673015696855243,-0.32865247478734166,31.557922769640477
FRED,E02,POST_30,GOLD_USD,complete,2016-09-28,2016-11-14,31,1324.8,1222.6,-7.714371980676327,-0.0802817660363702,%,31,18.51390711229592,0.0,0.0,,,751.0,-0.09112621919983299,4.952613481897513,-1.6025899998592594,5.9920106524633825
FRED,E02,POST_30,NIFTY50,complete,2016-09-28,2016-11-14,31,8745.15,8296.3,-5.132559189951003,-0.05268962870293977,%,31,14.74228730003522,0.0,3.0,,,751.0,1.8128830011770347,4.791147060489426,-1.4747218151856416,8.5219707057257
FRED,E02,POST_30,DXY_BROAD,complete,2016-09-28,2016-11-14,31,112.6283,117.2245,4.080857120279724,0.03999788338862639,%,31,6.102397144145099,0.0,0.0,,,751.0,0.7352714737412169,1.739309184559009,1.8784508454764008,98.66844207723035
FRED,E02,POST_30,VIX,complete,2016-09-28,2016-11-14,31,12.39,14.48,16.868442292171103,0.1558786913165192,%,31,130.50228084311308,0.0,0.0,,,,,,,
FRED,E02,POST_30,UST10Y,complete,2016-09-28,2016-11-14,31,1.57,2.23,0.6599999999999999,,pp,31,,0.0,0.0,,,,,,,
FRED,E02,POST_30,FFR_UPPER,complete,2016-09-28,2016-11-14,31,0.5,0.5,0.0,,pp,31,,0.0,0.0,,,,,,,
FRED,E02,POST_30,IN_REPO,complete,2016-09-28,2016-11-14,31,6.5,6.25,-0.25,,pp,31,,176.0,41.0,,,,,,,
FRED,E02,POST_90,USDINR,complete,2016-09-28,2017-02-13,91,66.5,66.99,0.7368421052631469,0.007341406858367635,%,91,5.010768196430695,0.0,0.0,-0.7314524555903756,-2.5610856802046333,751.0,1.2105768187588462,2.882390568193962,-0.1627701886352056,40.07989347536618
FRED,E02,POST_90,BRENT,complete,2016-09-28,2017-02-13,91,45.49,54.15,19.03715102220267,0.1742654518650868,%,91,35.9050317031661,0.0,0.0,,,751.0,-9.703187194868523,25.252496622255528,1.0942817964139104,89.61384820239681
FRED,E02,POST_90,GOLD_USD,complete,2016-09-28,2017-02-13,91,1324.8,1229.4,-7.2010869565217295,-0.07473525915808607,%,91,15.671584522545192,0.0,0.0,,,751.0,-0.19856670330388182,6.830526736208236,-1.0650367224096458,12.649800266311583
FRED,E02,POST_90,NIFTY50,complete,2016-09-28,2017-02-13,91,8745.15,8805.05,0.684951087174035,0.006826159541633274,%,91,13.057122509840118,0.0,0.0,,,751.0,4.764188698462379,8.44049603072648,-0.4705370030817209,33.022636484687084
FRED,E02,POST_90,DXY_BROAD,complete,2016-09-28,2017-02-13,91,112.6283,116.3427,3.29792778546778,0.03244712977625294,%,91,6.439525150962505,0.0,0.0,,,751.0,2.1941226971136762,3.155340100234256,0.3404751045256033,65.9121171770972
FRED,E02,POST_90,VIX,complete,2016-09-28,2017-02-13,91,12.39,11.07,-10.653753026634384,-0.11265094892050558,%,91,97.35954217579746,0.0,0.0,,,,,,,
FRED,E02,POST_90,UST10Y,complete,2016-09-28,2017-02-13,91,1.57,2.43,0.8600000000000001,,pp,91,,0.0,0.0,,,,,,,
FRED,E02,POST_90,FFR_UPPER,complete,2016-09-28,2017-02-13,91,0.5,0.75,0.25,,pp,91,,0.0,0.0,,,,,,,
FRED,E02,POST_90,IN_REPO,complete,2016-09-28,2017-02-13,91,6.5,6.25,-0.25,,pp,91,,176.0,132.0,,,,,,,
FRED,E03,PRE_30,USDINR,complete,2017-05-18,2017-06-29,29,64.87,64.66,-0.32372437182057734,-0.0032424949276771407,%,29,3.6659503707885452,0.0,0.0,0.32477575007734405,1.663090869151762,751.0,0.26767903185243025,1.6964142918425698,-0.3487184145929052,34.354194407456724
FRED,E03,PRE_30,BRENT,complete,2017-05-18,2017-06-29,29,51.71,47.02,-9.06981241539354,-0.09507814329620666,%,29,30.731528887529336,0.0,0.0,,,751.0,-2.9120905724094093,14.666009224804565,-0.4467800827036093,28.22902796271638
FRED,E03,PRE_30,GOLD_USD,complete,2017-05-18,2017-06-29,29,1261.35,1246.6,-1.1693820113370612,-0.01176273057226647,%,29,9.577217667488776,0.0,0.0,,,751.0,-0.12537992813677068,4.87657096091059,-0.21548224584848658,41.67776298268975
FRED,E03,PRE_30,NIFTY50,complete,2017-05-18,2017-06-29,29,9429.45,9504.1,0.7916686551177499,0.007885514002318305,%,29,7.457050920758195,0.0,0.0,,,751.0,1.1934177478327257,4.646626295287151,-0.08561077386841395,40.612516644474034
FRED,E03,PRE_30,DXY_BROAD,complete,2017-05-18,2017-06-29,29,114.2683,111.998,-1.9868152409723394,-0.02006817800956749,%,29,4.075603090489845,0.0,0.0,,,751.0,0.7795104482271942,1.7911076496216265,-1.5539578338455369,7.723035952063914
FRED,E03,PRE_30,VIX,complete,2017-05-18,2017-06-29,29,14.66,11.44,-21.964529331514328,-0.2480067105068536,%,29,105.75967911688093,0.0,0.0,,,,,,,
FRED,E03,PRE_30,UST10Y,complete,2017-05-18,2017-06-29,29,2.23,2.27,0.040000000000000036,,pp,29,,0.0,0.0,,,,,,,
FRED,E03,PRE_30,FFR_UPPER,complete,2017-05-18,2017-06-29,29,1.0,1.25,0.25,,pp,29,,0.0,0.0,,,,,,,
FRED,E03,PRE_30,IN_REPO,complete,2017-05-18,2017-06-29,29,6.25,6.25,0.0,,pp,29,,226.0,268.0,,,,,,,
FRED,E03,PRE_14,USDINR,complete,2017-06-12,2017-06-29,13,64.48,64.66,0.27915632754340614,0.0027876740989139915,%,13,3.2969398636153695,0.0,0.0,-0.278379214351987,1.1515830581248943,751.0,0.1504699998031045,1.1596116621659192,0.11073578073529203,55.65912117177098
FRED,E03,PRE_14,BRENT,complete,2017-06-12,2017-06-29,13,47.18,47.02,-0.3391267486222871,-0.003397030867605414,%,13,34.154701803662306,0.0,0.0,,,751.0,-1.3779666562165227,9.510405674031318,0.1101788601920837,56.99067909454061
FRED,E03,PRE_14,GOLD_USD,complete,2017-06-12,2017-06-29,13,1269.25,1246.6,-1.784518416387637,-0.018006329452753562,%,13,8.961690596795757,0.0,0.0,,,751.0,0.017274051575366656,3.4104787779143484,-0.5330352784572803,30.359520639147803
FRED,E03,PRE_14,NIFTY50,complete,2017-06-12,2017-06-29,13,9616.4,9504.1,-1.1677966806705187,-0.011746689815020509,%,13,5.6228401625731,0.0,0.0,,,751.0,0.4448507061491025,3.1294746774295343,-0.5171900457384724,26.764314247669773
FRED,E03,PRE_14,DXY_BROAD,complete,2017-06-12,2017-06-29,13,112.9837,111.998,-0.8724267305814881,-0.008762546527220496,%,13,5.386901520511876,0.0,0.0,,,751.0,0.32322089611143134,1.2001247404079383,-0.9990247451675033,17.310252996005325
FRED,E03,PRE_14,VIX,complete,2017-06-12,2017-06-29,13,11.46,11.44,-0.17452006980803736,-0.0017467253349417598,%,13,109.05823612813765,0.0,0.0,,,,,,,
FRED,E03,PRE_14,UST10Y,complete,2017-06-12,2017-06-29,13,2.21,2.27,0.06000000000000005,,pp,13,,0.0,0.0,,,,,,,
FRED,E03,PRE_14,FFR_UPPER,complete,2017-06-12,2017-06-29,13,1.0,1.25,0.25,,pp,13,,0.0,0.0,,,,,,,
FRED,E03,PRE_14,IN_REPO,complete,2017-06-12,2017-06-29,13,6.25,6.25,0.0,,pp,13,,251.0,268.0,,,,,,,
FRED,E03,PRE_7,USDINR,complete,2017-06-21,2017-06-29,6,64.52,64.66,0.21698698078116418,0.0021675190402790224,%,6,2.2469744265487543,0.0,0.0,-0.21651716671822197,1.3946700325393913,751.0,0.05583159565176743,0.7708309854947457,0.20878232899450616,60.18641810918774
FRED,E03,PRE_7,BRENT,complete,2017-06-21,2017-06-29,6,44.62,47.02,5.378753922008084,0.052390854107537146,%,6,31.100829845386585,0.0,0.0,,,751.0,-0.7368002669757789,6.22776865647493,0.9599928622592145,86.95073235685751
FRED,E03,PRE_7,GOLD_USD,complete,2017-06-21,2017-06-29,6,1247.05,1246.6,-0.0360851609799151,-0.00036091673240816837,%,6,11.363809110532818,0.0,0.0,,,751.0,-0.01577183200778265,2.2244863856011685,-0.009134062352701233,51.1318242343542
FRED,E03,PRE_7,NIFTY50,complete,2017-06-21,2017-06-29,6,9633.6,9504.1,-1.3442534462713818,-0.013533703277589968,%,6,5.175802895920936,0.0,0.0,,,751.0,0.19358350287084214,2.200697128442606,-0.7028530547164819,21.171770972037287
FRED,E03,PRE_7,DXY_BROAD,complete,2017-06-21,2017-06-29,6,113.3327,111.998,-1.177683051758227,-0.011846726698392259,%,6,2.080230504315502,0.0,0.0,,,751.0,0.1467189209610531,0.8169697014241556,-1.6295390899232638,5.9920106524633825
FRED,E03,PRE_7,VIX,complete,2017-06-21,2017-06-29,6,10.75,11.44,6.418604651162796,0.06221023137798008,%,6,144.26788349219143,0.0,0.0,,,,,,,
FRED,E03,PRE_7,UST10Y,complete,2017-06-21,2017-06-29,6,2.16,2.27,0.10999999999999988,,pp,6,,0.0,0.0,,,,,,,
FRED,E03,PRE_7,FFR_UPPER,complete,2017-06-21,2017-06-29,6,1.25,1.25,0.0,,pp,6,,0.0,0.0,,,,,,,
FRED,E03,PRE_7,IN_REPO,complete,2017-06-21,2017-06-29,6,6.25,6.25,0.0,,pp,6,,260.0,268.0,,,,,,,
FRED,E03,EVENT,USDINR,complete,2017-06-29,2017-06-30,1,64.66,64.62,-0.061862047633765016,-0.0006188119009347103,%,1,,0.0,0.0,0.061900340451859215,-0.054361913702793974,751.0,0.009827208503221385,0.3405910618740347,-0.21053962885473254,40.612516644474034
FRED,E03,EVENT,BRENT,complete,2017-06-29,2017-06-30,1,47.02,47.08,0.12760527435133895,0.0012752392801525072,%,1,,0.0,0.0,,,751.0,-0.11434567957137043,2.4179327777158655,0.10005862626401711,57.922769640479366
FRED,E03,EVENT,GOLD_USD,complete,2017-06-29,2017-06-30,1,1246.6,1243.25,-0.2687309481790412,-0.002690926779902232,%,1,,0.0,0.0,,,751.0,-0.006909847800706803,0.8663352539380011,-0.3026341018177038,37.54993342210386
FRED,E03,EVENT,NIFTY50,complete,2017-06-29,2017-06-30,1,9504.1,9520.9,0.1767658168579711,0.001766097699525858,%,1,,0.0,0.0,,,751.0,0.029575974713336173,0.8779514523430627,0.167478700190145,59.78695073235686
FRED,E03,EVENT,DXY_BROAD,complete,2017-06-29,2017-06-30,1,111.998,111.9896,-0.007500133930971042,-7.50041520508e-05,%,1,,0.0,0.0,,,751.0,0.02445985677785867,0.3505396961218847,-0.09116594040911755,45.00665778961385
FRED,E03,EVENT,VIX,complete,2017-06-29,2017-06-30,1,11.44,11.18,-2.2727272727272707,-0.02298951822469872,%,1,,0.0,0.0,,,,,,,
FRED,E03,EVENT,UST10Y,complete,2017-06-29,2017-06-30,1,2.27,2.31,0.040000000000000036,,pp,1,,0.0,0.0,,,,,,,
FRED,E03,EVENT,FFR_UPPER,complete,2017-06-29,2017-06-30,1,1.25,1.25,0.0,,pp,1,,0.0,0.0,,,,,,,
FRED,E03,EVENT,IN_REPO,complete,2017-06-29,2017-06-30,1,6.25,6.25,0.0,,pp,1,,268.0,269.0,,,,,,,
FRED,E03,POST_7,USDINR,complete,2017-06-29,2017-07-12,8,64.66,64.53,-0.2010516548097696,-0.0020125403495386053,%,8,2.9781077708646517,0.0,0.0,0.2014566868123291,0.16288341545934726,751.0,0.07539026382863412,0.8926131349189551,-0.30989449267213187,36.35153129161118
FRED,E03,POST_7,BRENT,complete,2017-06-29,2017-07-12,8,47.02,46.73,-0.6167588260314938,-0.0061866863995888284,%,8,42.952184186310625,0.0,0.0,,,751.0,-0.9761239826538426,7.313768499118869,0.04952996036488507,53.12916111850865
FRED,E03,POST_7,GOLD_USD,complete,2017-06-29,2017-07-12,8,1246.6,1219.4,-2.181934862826873,-0.022060910901034327,%,8,10.091295136351995,0.0,0.0,,,751.0,-0.05091304929847329,2.618077906885639,-0.8231859984162609,19.973368841544605
FRED,E03,POST_7,NIFTY50,complete,2017-06-29,2017-07-12,8,9504.1,9816.1,3.282793741648349,0.03230061035532508,%,8,6.557508799256643,0.0,0.0,,,751.0,0.25468340033825143,2.4856918030068393,1.1971320821672393,90.54593874833556
FRED,E03,POST_7,DXY_BROAD,complete,2017-06-29,2017-07-12,8,111.998,111.5904,-0.36393507026911687,-0.0036459892510244413,%,8,4.206031513970553,0.0,0.0,,,751.0,0.19880769960127775,0.9285978678175738,-0.6065157839056856,26.364846870838882
FRED,E03,POST_7,VIX,complete,2017-06-29,2017-07-12,8,11.44,10.3,-9.965034965034958,-0.10497209071606167,%,8,106.3529989508661,0.0,0.0,,,,,,,
FRED,E03,POST_7,UST10Y,complete,2017-06-29,2017-07-12,8,2.27,2.33,0.06000000000000005,,pp,8,,0.0,0.0,,,,,,,
FRED,E03,POST_7,FFR_UPPER,complete,2017-06-29,2017-07-12,8,1.25,1.25,0.0,,pp,8,,0.0,0.0,,,,,,,
FRED,E03,POST_7,IN_REPO,complete,2017-06-29,2017-07-12,8,6.25,6.25,0.0,,pp,8,,268.0,281.0,,,,,,,
FRED,E03,POST_14,USDINR,complete,2017-06-29,2017-07-21,15,64.66,64.38,-0.43303433343644393,-0.0043397464266249925,%,15,2.427972690334183,0.0,0.0,0.4349176762969975,1.180387334807631,751.0,0.14572843623563703,1.2284470303747868,-0.47181277151455914,30.758988015978694
FRED,E03,POST_14,BRENT,complete,2017-06-29,2017-07-21,15,47.02,47.47,0.9570395576350421,0.009524889451303151,%,15,33.33000401660877,0.0,0.0,,,751.0,-1.7921888020180687,10.254531862807603,0.2692401744336294,64.31424766977364
FRED,E03,POST_14,GOLD_USD,complete,2017-06-29,2017-07-21,15,1246.6,1247.25,0.052141825766094385,0.0005212823663966383,%,15,9.954166390752402,0.0,0.0,,,751.0,-0.053539370318700374,3.6355933942689505,0.029068691939946698,49.134487350199734
FRED,E03,POST_14,NIFTY50,complete,2017-06-29,2017-07-21,15,9504.1,9915.25,4.326027714354863,0.04235069152516208,%,15,8.030942881385476,0.0,0.0,,,751.0,0.47512021837974316,3.3105470831662256,1.1360883785501994,88.81491344873503
FRED,E03,POST_14,DXY_BROAD,complete,2017-06-29,2017-07-21,15,111.998,110.191,-1.613421668244075,-0.0162657903006035,%,15,3.9900718257147463,0.0,0.0,,,751.0,0.36870693925707965,1.287207693571943,-1.5495618317302526,6.657789613848203
FRED,E03,POST_14,VIX,complete,2017-06-29,2017-07-21,15,11.44,9.36,-18.181818181818187,-0.20067069546215124,%,15,79.9250318476743,0.0,0.0,,,,,,,
FRED,E03,POST_14,UST10Y,complete,2017-06-29,2017-07-21,15,2.27,2.24,-0.029999999999999805,,pp,15,,0.0,0.0,,,,,,,
FRED,E03,POST_14,FFR_UPPER,complete,2017-06-29,2017-07-21,15,1.25,1.25,0.0,,pp,15,,0.0,0.0,,,,,,,
FRED,E03,POST_14,IN_REPO,complete,2017-06-29,2017-07-21,15,6.25,6.25,0.0,,pp,15,,268.0,290.0,,,,,,,
FRED,E03,POST_30,USDINR,complete,2017-06-29,2017-08-14,31,64.66,64.08,-0.8969996906897593,-0.009010469537183216,%,31,3.2259930001922834,0.0,0.0,0.905118601747823,0.8021377939081864,751.0,0.34030318716089525,1.6902554446912756,-0.7340739080462009,20.905459387483354
FRED,E03,POST_30,BRENT,complete,2017-06-29,2017-08-14,31,47.02,51.29,9.081242024670333,0.08692275828925344,%,31,29.84858058942065,0.0,0.0,,,751.0,-3.4077683142481163,15.205515285515927,0.7996744690402305,78.96138482023967
FRED,E03,POST_30,GOLD_USD,complete,2017-06-29,2017-08-14,31,1246.6,1281.1,2.7675276752767486,0.02729923848763777,%,31,9.83480520011236,0.0,0.0,,,751.0,-0.060039751519402884,4.992395607153812,0.5588462635776861,74.83355525965379
FRED,E03,POST_30,NIFTY50,complete,2017-06-29,2017-08-14,31,9504.1,9794.15,3.0518407845035123,0.030061984211673325,%,31,9.322739455532558,0.0,0.0,,,751.0,1.036711385715039,4.509657354123681,0.43790999589968055,61.25166444740346
FRED,E03,POST_30,DXY_BROAD,complete,2017-06-29,2017-08-14,31,111.998,110.095,-1.6991374845979457,-0.017137384556047974,%,31,3.326696856142049,0.0,0.0,,,751.0,0.7745157429453142,1.9253926600237319,-1.290786172940372,12.250332889480692
FRED,E03,POST_30,VIX,complete,2017-06-29,2017-08-14,31,11.44,12.33,7.7797202797202925,0.0749193312246012,%,31,142.72466278472314,0.0,0.0,,,,,,,
FRED,E03,POST_30,UST10Y,complete,2017-06-29,2017-08-14,31,2.27,2.22,-0.04999999999999982,,pp,31,,0.0,0.0,,,,,,,
FRED,E03,POST_30,FFR_UPPER,complete,2017-06-29,2017-08-14,31,1.25,1.25,0.0,,pp,31,,0.0,0.0,,,,,,,
FRED,E03,POST_30,IN_REPO,complete,2017-06-29,2017-08-14,31,6.25,6.0,-0.25,,pp,31,,268.0,12.0,,,,,,,
FRED,E03,POST_90,USDINR,complete,2017-06-29,2017-11-08,91,64.66,64.94,0.43303433343644393,0.004320994377412942,%,91,3.9188152543452577,0.0,0.0,-0.4311672312904191,0.7049141884338583,751.0,0.9183929196888929,2.589130276917284,-0.18620225579164662,34.62050599201065
FRED,E03,POST_90,BRENT,complete,2017-06-29,2017-11-08,91,47.02,63.96,36.02722245852827,0.30768484485382996,%,91,24.46706094383296,0.0,0.0,,,751.0,-8.954815011328288,26.316434332671573,1.5256592293125768,94.94007989347537
FRED,E03,POST_90,GOLD_USD,complete,2017-06-29,2017-11-08,91,1246.6,1282.25,2.859778597785989,0.028196501894627725,%,91,11.077132940022178,0.0,0.0,,,751.0,-0.4852756561683269,7.406603739397778,0.44637289201358843,68.44207723035952
FRED,E03,POST_90,NIFTY50,complete,2017-06-29,2017-11-08,91,9504.1,10303.15,8.407424164308019,0.08072638927284483,%,91,9.404823156010709,0.0,0.0,,,751.0,3.6734998460327795,8.27421539465725,0.5396286763024785,63.64846870838882
FRED,E03,POST_90,DXY_BROAD,complete,2017-06-29,2017-11-08,91,111.998,111.6935,-0.2718798549974144,-0.0027225011954392967,%,91,3.846027965289979,0.0,0.0,,,751.0,2.413507817458793,3.4386957692839775,-0.7727037567647174,23.03595206391478
FRED,E03,POST_90,VIX,complete,2017-06-29,2017-11-08,91,11.44,9.78,-14.51048951048951,-0.15677650190492587,%,91,118.65342750589458,0.0,0.0,,,,,,,
FRED,E03,POST_90,UST10Y,complete,2017-06-29,2017-11-08,91,2.27,2.32,0.04999999999999982,,pp,91,,0.0,0.0,,,,,,,
FRED,E03,POST_90,FFR_UPPER,complete,2017-06-29,2017-11-08,91,1.25,1.25,0.0,,pp,91,,0.0,0.0,,,,,,,
FRED,E03,POST_90,IN_REPO,complete,2017-06-29,2017-11-08,91,6.25,6.0,-0.25,,pp,91,,268.0,98.0,,,,,,,
FRED,E04,PRE_30,USDINR,complete,2019-01-02,2019-02-14,29,70.02,71.18,1.656669522993437,0.016430964555527065,%,29,6.078776832618736,0.0,0.0,-1.6296712559707882,2.23385389634414,751.0,0.24502097651444288,1.905310763976384,0.7339354778449448,77.3635153129161
FRED,E04,PRE_30,BRENT,complete,2019-01-02,2019-02-14,29,54.06,64.0,18.386977432482432,0.16878854251137035,%,29,29.56165116195085,0.0,0.0,,,751.0,1.4822846494567887,12.232532450293306,1.2595468791938158,92.67643142476697
FRED,E04,PRE_30,GOLD_USD,complete,2019-01-02,2019-02-14,29,1287.2,1305.65,1.4333436917340014,0.014231684367001748,%,29,7.54044215658342,0.0,0.0,,,751.0,0.5799202909016365,4.326524035403073,0.19528915214536177,63.115845539280954
FRED,E04,PRE_30,NIFTY50,complete,2019-01-02,2019-02-14,29,10792.5,10746.05,-0.4303914755617422,-0.0043132032575904375,%,29,10.393147818373455,0.0,0.0,,,751.0,1.2428506901134506,4.2544764251865015,-0.3917076657526746,25.96537949400799
FRED,E04,PRE_30,DXY_BROAD,complete,2019-01-02,2019-02-14,29,115.7689,115.1007,-0.5771843733507032,-0.005788565197042229,%,29,4.064799383407581,0.0,0.0,,,751.0,0.12489689967576378,1.812777249306837,-0.3881753747481882,37.949400798934754
FRED,E04,PRE_30,VIX,complete,2019-01-02,2019-02-14,29,23.22,16.22,-30.146425495262708,-0.35876892758247864,%,29,99.22320730428726,0.0,0.0,,,,,,,
FRED,E04,PRE_30,UST10Y,complete,2019-01-02,2019-02-14,29,2.66,2.66,0.0,,pp,29,,0.0,0.0,,,,,,,
FRED,E04,PRE_30,FFR_UPPER,complete,2019-01-02,2019-02-14,29,2.5,2.5,0.0,,pp,29,,0.0,0.0,,,,,,,
FRED,E04,PRE_30,IN_REPO,complete,2019-01-02,2019-02-14,29,6.5,6.25,-0.25,,pp,29,,154.0,7.0,,,,,,,
FRED,E04,PRE_14,USDINR,complete,2019-01-28,2019-02-14,13,71.06,71.18,0.16887137630172688,0.0016872894891656913,%,13,6.9095900216908825,0.0,0.0,-0.16858668165216084,-0.7504445158950102,751.0,0.08967782424917914,1.2065457502551695,0.06555185428125145,55.25965379494008
FRED,E04,PRE_14,BRENT,complete,2019-01-28,2019-02-14,13,59.71,64.0,7.18472617651984,0.06938357280077075,%,13,19.338422962143724,0.0,0.0,,,751.0,1.2316247040996986,7.8533313360552786,0.7276218362786803,77.09720372836219
FRED,E04,PRE_14,GOLD_USD,complete,2019-01-28,2019-02-14,13,1301.0,1305.65,0.3574173712528994,0.0035678015326700463,%,13,7.079356851882233,0.0,0.0,,,751.0,0.28447741819146444,2.868301233977786,0.025348316088477364,52.197070572569906
FRED,E04,PRE_14,NIFTY50,complete,2019-01-28,2019-02-14,13,10661.55,10746.05,0.7925676848113072,0.007894433645142434,%,13,11.826578247349467,0.0,0.0,,,751.0,0.6414567941816385,2.7174304841781853,0.05521213862537132,47.003994673768304
FRED,E04,PRE_14,DXY_BROAD,complete,2019-01-28,2019-02-14,13,114.0522,115.1007,0.919315892196737,0.009151159047924974,%,13,3.5837671300084204,0.0,0.0,,,751.0,-0.016862798905104004,1.1558829786651654,0.8062928019786675,80.55925432756325
FRED,E04,PRE_14,VIX,complete,2019-01-28,2019-02-14,13,18.87,16.22,-14.043455219925816,-0.15132831069319208,%,13,63.052671242826804,0.0,0.0,,,,,,,
FRED,E04,PRE_14,UST10Y,complete,2019-01-28,2019-02-14,13,2.75,2.66,-0.08999999999999986,,pp,13,,0.0,0.0,,,,,,,
FRED,E04,PRE_14,FFR_UPPER,complete,2019-01-28,2019-02-14,13,2.5,2.5,0.0,,pp,13,,0.0,0.0,,,,,,,
FRED,E04,PRE_14,IN_REPO,complete,2019-01-28,2019-02-14,13,6.5,6.25,-0.25,,pp,13,,180.0,7.0,,,,,,,
FRED,E04,PRE_7,USDINR,complete,2019-02-06,2019-02-14,6,71.55,71.18,-0.5171208944793726,-0.005184625920413173,%,6,7.699995915613167,0.0,0.0,0.5198089350941126,-1.2789139357424206,751.0,0.03944191833245014,0.841190788368926,-0.6632225908888111,20.63914780292943
FRED,E04,PRE_7,BRENT,complete,2019-02-06,2019-02-14,6,62.22,64.0,2.8608164577306416,0.028206591890180977,%,6,22.086883547423614,0.0,0.0,,,751.0,0.5233364108932825,5.1498013137081635,0.44636429330688576,67.50998668442078
FRED,E04,PRE_7,GOLD_USD,complete,2019-02-06,2019-02-14,6,1313.35,1305.65,-0.5862869760535849,-0.005880123853502543,%,6,6.154981872749274,0.0,0.0,,,751.0,0.12830803759367182,1.8983526134348232,-0.3772945939841561,33.55525965379494
FRED,E04,PRE_7,NIFTY50,complete,2019-02-06,2019-02-14,6,11062.45,10746.05,-2.8601259214731,-0.029018245359917306,%,6,6.170692446632723,0.0,0.0,,,751.0,0.301299244602915,1.940341590860932,-1.650570600142729,5.9920106524633825
FRED,E04,PRE_7,DXY_BROAD,complete,2019-02-06,2019-02-14,6,114.2305,115.1007,0.761793041263048,0.007589060507329398,%,6,3.721253928847222,0.0,0.0,,,751.0,-0.009613221279691775,0.7827394886494249,0.9818333497373525,84.55392809587217
FRED,E04,PRE_7,VIX,complete,2019-02-06,2019-02-14,6,15.38,16.22,5.46163849154746,0.05317708460976891,%,6,63.39584398523495,0.0,0.0,,,,,,,
FRED,E04,PRE_7,UST10Y,complete,2019-02-06,2019-02-14,6,2.7,2.66,-0.040000000000000036,,pp,6,,0.0,0.0,,,,,,,
FRED,E04,PRE_7,FFR_UPPER,complete,2019-02-06,2019-02-14,6,2.5,2.5,0.0,,pp,6,,0.0,0.0,,,,,,,
FRED,E04,PRE_7,IN_REPO,complete,2019-02-06,2019-02-14,6,6.5,6.25,-0.25,,pp,6,,189.0,7.0,,,,,,,
FRED,E04,EVENT,USDINR,complete,2019-02-14,2019-02-15,1,71.18,71.36,0.25288002247820796,0.0025256081897071583,%,1,,0.0,0.0,-0.2522421524663532,0.3470584245209407,751.0,0.005227091475590306,0.3392082527107528,0.7291504912579584,80.6924101198402
FRED,E04,EVENT,BRENT,complete,2019-02-14,2019-02-15,1,64.0,65.65,2.578125000000009,0.025454517389133423,%,1,,0.0,0.0,,,751.0,0.10628993547807664,2.1097920029946393,1.1561415759134728,90.81225033288948
FRED,E04,EVENT,GOLD_USD,complete,2019-02-14,2019-02-15,1,1305.65,1318.0,0.9458890207942439,0.009414435017277411,%,1,,0.0,0.0,,,751.0,0.008680769550073464,0.7528949418257852,1.238902079316277,90.81225033288948
FRED,E04,EVENT,NIFTY50,complete,2019-02-14,2019-02-15,1,10746.05,10724.4,-0.20146937711996715,-0.0020167259966956514,%,1,,0.0,0.0,,,751.0,0.05754150054755325,0.7418536965817503,-0.34939173672378815,30.492676431424766
FRED,E04,EVENT,DXY_BROAD,complete,2019-02-14,2019-02-15,1,115.1007,114.9923,-0.09417840204273276,-0.0009422277776354027,%,1,,0.0,0.0,,,751.0,0.0010641649381470941,0.32520342183146983,-0.2930071784080657,38.48202396804261
FRED,E04,EVENT,VIX,complete,2019-02-14,2019-02-15,1,16.22,14.91,-8.076448828606653,-0.08421291991061974,%,1,,0.0,0.0,,,,,,,
FRED,E04,EVENT,UST10Y,complete,2019-02-14,2019-02-15,1,2.66,2.66,0.0,,pp,1,,0.0,0.0,,,,,,,
FRED,E04,EVENT,FFR_UPPER,complete,2019-02-14,2019-02-15,1,2.5,2.5,0.0,,pp,1,,0.0,0.0,,,,,,,
FRED,E04,EVENT,IN_REPO,complete,2019-02-14,2019-02-15,1,6.25,6.25,0.0,,pp,1,,7.0,8.0,,,,,,,
FRED,E04,POST_7,USDINR,complete,2019-02-14,2019-02-28,8,71.18,70.83,-0.4917111548187858,-0.004929240316515541,%,8,4.416352866470286,0.0,0.0,0.49414090074828554,0.2916029344960491,751.0,0.049741060334174136,0.9697864877567514,-0.5595589669188705,25.432756324900136
FRED,E04,POST_7,BRENT,complete,2019-02-14,2019-02-28,8,64.0,65.03,1.6093750000000018,0.015965618521388614,%,8,33.958487724878,0.0,0.0,,,751.0,0.7419461262048621,5.977095136615686,0.14344001351877597,54.99334221038615
FRED,E04,POST_7,GOLD_USD,complete,2019-02-14,2019-02-28,8,1305.65,1325.45,1.5164860414353054,0.015051023357942036,%,8,9.969636814651892,0.0,0.0,,,751.0,0.12459609180328624,2.170790802223187,0.6359819652324686,74.70039946737683
FRED,E04,POST_7,NIFTY50,complete,2019-02-14,2019-02-28,8,10746.05,10792.5,0.43225185068003213,0.00431320325759049,%,8,13.703231119330347,0.0,0.0,,,751.0,0.4255613800598912,2.1235427813371217,0.0031371618047498578,46.20505992010652
FRED,E04,POST_7,DXY_BROAD,complete,2019-02-14,2019-02-28,8,115.1007,114.1991,-0.7833140893148349,-0.007863981097286086,%,8,2.329495516224502,0.0,0.0,,,751.0,0.0022308060440456856,0.8810601749499313,-0.8950908386426275,18.375499334221036
FRED,E04,POST_7,VIX,complete,2019-02-14,2019-02-28,8,16.22,14.78,-8.87792848335388,-0.09297013316721112,%,8,88.73345159241937,0.0,0.0,,,,,,,
FRED,E04,POST_7,UST10Y,complete,2019-02-14,2019-02-28,8,2.66,2.73,0.06999999999999984,,pp,8,,0.0,0.0,,,,,,,
FRED,E04,POST_7,FFR_UPPER,complete,2019-02-14,2019-02-28,8,2.5,2.5,0.0,,pp,8,,0.0,0.0,,,,,,,
FRED,E04,POST_7,IN_REPO,complete,2019-02-14,2019-02-28,8,6.25,6.25,0.0,,pp,8,,7.0,21.0,,,,,,,
FRED,E04,POST_14,USDINR,complete,2019-02-14,2019-03-11,15,71.18,69.82,-1.9106490587243785,-0.019291378405156823,%,15,4.751914537860224,0.0,0.0,1.9478659409911447,-2.0809347303145653,751.0,0.09533580829963473,1.2824925251709076,-1.5785107463503385,5.193075898801598
FRED,E04,POST_14,BRENT,complete,2019-02-14,2019-03-11,15,64.0,65.06,1.6562500000000036,0.016426837685533574,%,15,27.0592175755511,0.0,0.0,,,751.0,1.36814809353345,8.213470351816683,0.03455425182015238,48.33555259653795
FRED,E04,POST_14,GOLD_USD,complete,2019-02-14,2019-03-11,15,1305.65,1296.35,-0.7122888982499243,-0.007148377864664592,%,15,11.867459285373904,0.0,0.0,,,751.0,0.27625911148203564,3.00550734141364,-0.32963353313289384,37.54993342210386
FRED,E04,POST_14,NIFTY50,complete,2019-02-14,2019-03-11,15,10746.05,11168.05,3.9270243484815337,0.03851877789745328,%,15,11.84420298850901,0.0,0.0,,,751.0,0.7687555505362376,2.9209237206711154,1.0565363571569997,87.21704394141145
FRED,E04,POST_14,DXY_BROAD,complete,2019-02-14,2019-03-11,15,115.1007,115.2967,0.17028567159018682,0.001701408499241643,%,15,3.2383161513163286,0.0,0.0,,,751.0,-0.011959644821790683,1.231967019770274,0.14781338059070792,57.52330226364847
FRED,E04,POST_14,VIX,complete,2019-02-14,2019-03-11,15,16.22,14.33,-11.652281134401965,-0.12388980684718628,%,15,100.35960651334712,0.0,0.0,,,,,,,
FRED,E04,POST_14,UST10Y,complete,2019-02-14,2019-03-11,15,2.66,2.64,-0.020000000000000018,,pp,15,,0.0,0.0,,,,,,,
FRED,E04,POST_14,FFR_UPPER,complete,2019-02-14,2019-03-11,15,2.5,2.5,0.0,,pp,15,,0.0,0.0,,,,,,,
FRED,E04,POST_14,IN_REPO,complete,2019-02-14,2019-03-11,15,6.25,6.25,0.0,,pp,15,,7.0,32.0,,,,,,,
FRED,E04,POST_30,USDINR,complete,2019-02-14,2019-04-02,31,71.18,68.91,-3.1890980612531705,-0.03241057471293014,%,31,4.883699014027865,0.0,0.0,3.2941517921927232,-3.2035202150715203,751.0,0.20576256942639315,1.9906798910250834,-1.7313726104450686,4.527296937416778
FRED,E04,POST_30,BRENT,complete,2019-02-14,2019-04-02,31,64.0,69.68,8.87500000000001,0.0850302491845756,%,31,24.335713451118004,0.0,0.0,,,751.0,2.7002245239703404,11.5087523966332,0.5073193862928596,68.04260985352862
FRED,E04,POST_30,GOLD_USD,complete,2019-02-14,2019-04-02,31,1305.65,1287.2,-1.4130892658828942,-0.014231684367001705,%,31,10.73129141820145,0.0,0.0,,,751.0,0.6429111332252324,4.44743649268909,-0.4640924530605177,32.090545938748335
FRED,E04,POST_30,NIFTY50,complete,2019-02-14,2019-04-02,31,10746.05,11713.2,9.00005118159697,0.08617816579687758,%,31,10.503613506284125,0.0,0.0,,,751.0,1.5277268412192013,4.23632598220979,1.676368156186967,98.66844207723035
FRED,E04,POST_30,DXY_BROAD,complete,2019-02-14,2019-04-02,31,115.1007,115.1173,0.01442215381834977,0.00014421113925728042,%,31,3.373134634661728,0.0,0.0,,,751.0,-0.015079114637572832,1.8607256836706685,0.01585476345868139,52.197070572569906
FRED,E04,POST_30,VIX,complete,2019-02-14,2019-04-02,31,16.22,13.36,-17.63255240443896,-0.19397988057876717,%,31,99.0725876775008,0.0,0.0,,,,,,,
FRED,E04,POST_30,UST10Y,complete,2019-02-14,2019-04-02,31,2.66,2.48,-0.18000000000000016,,pp,31,,0.0,0.0,,,,,,,
FRED,E04,POST_30,FFR_UPPER,complete,2019-02-14,2019-04-02,31,2.5,2.5,0.0,,pp,31,,0.0,0.0,,,,,,,
FRED,E04,POST_30,IN_REPO,complete,2019-02-14,2019-04-02,31,6.25,6.25,0.0,,pp,31,,7.0,54.0,,,,,,,
FRED,E04,POST_90,USDINR,complete,2019-02-14,2019-06-26,91,71.18,69.18,-2.8097780275358253,-0.028500076573023964,%,91,5.378003780573437,0.0,0.0,2.8910089621277724,-2.340710506660626,751.0,0.9425955345704118,3.362544032065201,-1.126584051918105,10.51930758988016
FRED,E04,POST_90,BRENT,complete,2019-02-14,2019-06-26,91,64.0,66.85,4.453124999999991,0.04356822018828024,%,91,29.153827227800043,0.0,0.0,,,751.0,6.394130383916385,17.58590580676619,-0.10469749950393203,39.680426098535285
FRED,E04,POST_90,GOLD_USD,complete,2019-02-14,2019-06-26,91,1305.65,1406.75,7.743269635813577,0.07458107826821318,%,91,11.584973137200837,0.0,0.0,,,751.0,1.4750188416183363,7.295800631961398,0.8215495307168957,80.15978695073235
FRED,E04,POST_90,NIFTY50,complete,2019-02-14,2019-06-26,91,10746.05,11847.55,10.250278009128944,0.09758284996043703,%,91,12.953034537765948,0.0,0.0,,,751.0,3.884680570969623,6.6313123846410225,0.8968299069621621,77.89613848202397
FRED,E04,POST_90,DXY_BROAD,complete,2019-02-14,2019-06-26,91,115.1007,114.5608,-0.4690675208751993,-0.0047017109492821394,%,91,3.4807125164831927,0.0,0.0,,,751.0,0.28709867930292177,3.1773760780678244,-0.23820234510871893,43.142476697736356
FRED,E04,POST_90,VIX,complete,2019-02-14,2019-06-26,91,16.22,16.21,-0.06165228113439447,-0.000616712939682053,%,91,114.11679235338951,0.0,0.0,,,,,,,
FRED,E04,POST_90,UST10Y,complete,2019-02-14,2019-06-26,91,2.66,2.05,-0.6100000000000003,,pp,91,,0.0,0.0,,,,,,,
FRED,E04,POST_90,FFR_UPPER,complete,2019-02-14,2019-06-26,91,2.5,2.5,0.0,,pp,91,,0.0,0.0,,,,,,,
FRED,E04,POST_90,IN_REPO,complete,2019-02-14,2019-06-26,91,6.25,5.75,-0.5,,pp,91,,7.0,20.0,,,,,,,
FRED,E05,PRE_30,USDINR,complete,2019-11-19,2020-01-02,29,71.86,71.34,-0.7236292791539034,-0.007262601754627137,%,29,3.630054766676574,0.0,0.0,0.7289038407625403,0.6189244217070122,751.0,0.24773084117248878,2.0610999940856916,-0.47241020446389564,32.2237017310253
FRED,E05,PRE_30,BRENT,complete,2019-11-19,2020-01-02,29,62.37,67.05,7.503607503607501,0.07235421918965626,%,29,21.95775144891897,0.0,0.0,,,751.0,0.9637735597760377,10.22435621796113,0.6138541045001731,71.37150466045273
FRED,E05,PRE_30,GOLD_USD,complete,2019-11-19,2020-01-02,29,1464.9,1520.55,3.798894122465679,0.03728513076079389,%,29,7.363088394194545,0.0,0.0,,,751.0,0.6028543471086723,3.940609420173697,0.7936510046886064,78.16245006657789
FRED,E05,PRE_30,NIFTY50,complete,2019-11-19,2020-01-02,29,11940.1,12282.2,2.865135132871588,0.028248576628695395,%,29,9.339957194306264,0.0,0.0,,,751.0,1.1895922235336531,4.203534551373968,0.39069155950663703,62.71637816245007
FRED,E05,PRE_30,DXY_BROAD,complete,2019-11-19,2020-01-02,29,116.5391,114.9745,-1.3425537008609156,-0.013516474369720886,%,29,2.480061602419214,0.0,0.0,,,751.0,0.08820634781661063,1.6463620111632506,-0.8745433240610234,20.239680426098534
FRED,E05,PRE_30,VIX,complete,2019-11-19,2020-01-02,29,12.86,12.47,-3.032659409020211,-0.030795959117528176,%,29,106.57443944456313,0.0,0.0,,,,,,,
FRED,E05,PRE_30,UST10Y,complete,2019-11-19,2020-01-02,29,1.79,1.88,0.08999999999999986,,pp,29,,0.0,0.0,,,,,,,
FRED,E05,PRE_30,FFR_UPPER,complete,2019-11-19,2020-01-02,29,1.75,1.75,0.0,,pp,29,,0.0,0.0,,,,,,,
FRED,E05,PRE_30,IN_REPO,complete,2019-11-19,2020-01-02,29,5.15,5.15,0.0,,pp,29,,46.0,90.0,,,,,,,
FRED,E05,PRE_14,USDINR,complete,2019-12-12,2020-01-02,13,70.62,71.34,1.0195412064570863,0.010143789430505035,%,13,2.377483033992793,0.0,0.0,-1.0092514718250567,1.7959010659942876,751.0,0.07482291167950628,1.2732303682991613,0.7379528741616536,78.69507323568575
FRED,E05,PRE_14,BRENT,complete,2019-12-12,2020-01-02,13,66.67,67.05,0.5699715014249263,0.005683533097718854,%,13,20.207896500111428,0.0,0.0,,,751.0,0.5164322312282144,6.730907519271133,0.007911268462178489,42.876165113182424
FRED,E05,PRE_14,GOLD_USD,complete,2019-12-12,2020-01-02,13,1474.7,1520.55,3.1091069370041247,0.03061753223962307,%,13,7.2085798497379185,0.0,0.0,,,751.0,0.3639826197852969,2.3536472330120284,1.1464893209372944,86.01864181091877
FRED,E05,PRE_14,NIFTY50,complete,2019-12-12,2020-01-02,13,11971.8,12282.2,2.5927596518485307,0.02559717556305683,%,13,9.903906855024669,0.0,0.0,,,751.0,0.6823912595527837,2.6344035510587736,0.7134989045396182,76.69773635153129
FRED,E05,PRE_14,DXY_BROAD,complete,2019-12-12,2020-01-02,13,115.8741,114.9745,-0.7763598595372012,-0.007793892220505183,%,13,2.7537968648218314,0.0,0.0,,,751.0,-0.012513026409866068,0.9832383115565507,-0.7799486692927514,21.97070572569907
FRED,E05,PRE_14,VIX,complete,2019-12-12,2020-01-02,13,13.94,12.47,-10.54519368723098,-0.11143664564043264,%,13,91.33743125508767,0.0,0.0,,,,,,,
FRED,E05,PRE_14,UST10Y,complete,2019-12-12,2020-01-02,13,1.9,1.88,-0.020000000000000018,,pp,13,,0.0,0.0,,,,,,,
FRED,E05,PRE_14,FFR_UPPER,complete,2019-12-12,2020-01-02,13,1.75,1.75,0.0,,pp,13,,0.0,0.0,,,,,,,
FRED,E05,PRE_14,IN_REPO,complete,2019-12-12,2020-01-02,13,5.15,5.15,0.0,,pp,13,,69.0,90.0,,,,,,,
FRED,E05,PRE_7,USDINR,complete,2019-12-23,2020-01-02,6,71.24,71.34,0.14037057832678723,0.001402721509284607,%,6,2.3611333802007337,0.0,0.0,-0.14017381553127484,0.8582960035425913,751.0,0.039973364584766635,0.8688602523434332,0.11544638311409548,58.45539280958722
FRED,E05,PRE_7,BRENT,complete,2019-12-23,2020-01-02,6,67.49,67.05,-0.6519484368054496,-0.006540829027627564,%,6,21.79564576638307,0.0,0.0,,,751.0,0.2059743656384727,4.481444221909358,-0.1918679312880633,37.017310252996005
FRED,E05,PRE_7,GOLD_USD,complete,2019-12-23,2020-01-02,6,1483.95,1520.55,2.4663903770342666,0.024364660059177066,%,6,8.872002153101217,0.0,0.0,,,751.0,0.1998728931647431,1.6320940844203098,1.370504687328929,91.21171770972038
FRED,E05,PRE_7,NIFTY50,complete,2019-12-23,2020-01-02,6,12262.75,12282.2,0.15861042588327656,0.0015848477239608948,%,6,12.329129346515892,0.0,0.0,,,751.0,0.31944199237683435,1.9077233893277794,-0.08410448229126136,42.60985352862849
FRED,E05,PRE_7,DXY_BROAD,complete,2019-12-23,2020-01-02,6,115.8059,114.9745,-0.717925425215804,-0.007205149109576699,%,6,3.5525806009035086,0.0,0.0,,,751.0,-0.012505656101979845,0.6675345065860013,-1.060632021038608,14.380825565912117
FRED,E05,PRE_7,VIX,complete,2019-12-23,2020-01-02,6,12.61,12.47,-1.1102299762093426,-0.011164390284882955,%,6,119.96840634230648,0.0,0.0,,,,,,,
FRED,E05,PRE_7,UST10Y,complete,2019-12-23,2020-01-02,6,1.93,1.88,-0.050000000000000044,,pp,6,,0.0,0.0,,,,,,,
FRED,E05,PRE_7,FFR_UPPER,complete,2019-12-23,2020-01-02,6,1.75,1.75,0.0,,pp,6,,0.0,0.0,,,,,,,
FRED,E05,PRE_7,IN_REPO,complete,2019-12-23,2020-01-02,6,5.15,5.15,0.0,,pp,6,,80.0,90.0,,,,,,,
FRED,E05,EVENT,USDINR,complete,2020-01-02,2020-01-03,1,71.34,71.76,0.5887300252312988,0.005870037819795334,%,1,,0.0,0.0,-0.58528428093646,0.5781189766944639,751.0,0.00636537258700276,0.35419222264731487,1.639331907499136,94.54061251664447
FRED,E05,EVENT,BRENT,complete,2020-01-02,2020-01-03,1,67.05,69.08,3.0275913497390006,0.02982664355079032,%,1,,0.0,0.0,,,751.0,0.028999104111049334,1.8759318252050425,1.574507887338938,95.87217043941412
FRED,E05,EVENT,GOLD_USD,complete,2020-01-02,2020-01-03,1,1520.55,1547.4,1.7658084245832262,0.017503991618835917,%,1,,0.0,0.0,,,751.0,0.03941787524297524,0.6783481086144935,2.5222876451130243,98.80159786950732
FRED,E05,EVENT,NIFTY50,complete,2020-01-02,2020-01-03,1,12282.2,12226.65,-0.45228053606032326,-0.004533064188910619,%,1,,0.0,0.0,,,751.0,0.05655549068148691,0.7507892790328702,-0.6790799192536596,21.304926764314246
FRED,E05,EVENT,DXY_BROAD,complete,2020-01-02,2020-01-03,1,114.9745,114.9867,0.010611048536834922,0.00010610485604901302,%,1,,0.0,0.0,,,751.0,-0.004526917003044861,0.25765519629615846,0.05875101800207405,53.52862849533955
FRED,E05,EVENT,VIX,complete,2020-01-02,2020-01-03,1,12.47,14.02,12.429831595829977,0.11715912191449881,%,1,,0.0,0.0,,,,,,,
FRED,E05,EVENT,UST10Y,complete,2020-01-02,2020-01-03,1,1.88,1.8,-0.07999999999999985,,pp,1,,0.0,0.0,,,,,,,
FRED,E05,EVENT,FFR_UPPER,complete,2020-01-02,2020-01-03,1,1.75,1.75,0.0,,pp,1,,0.0,0.0,,,,,,,
FRED,E05,EVENT,IN_REPO,complete,2020-01-02,2020-01-03,1,5.15,5.15,0.0,,pp,1,,90.0,91.0,,,,,,,
FRED,E05,POST_7,USDINR,complete,2020-01-02,2020-01-14,8,71.34,70.85,-0.6868516961031856,-0.006892213794056199,%,8,5.872040422291545,0.0,0.0,0.6916019760056624,-0.7298177450966614,751.0,0.05209298359749592,1.000934896412963,-0.7406084071754183,19.174434087882823
FRED,E05,POST_7,BRENT,complete,2020-01-02,2020-01-14,8,67.05,64.45,-3.877703206562255,-0.039548880342491016,%,8,36.27618956161835,0.0,0.0,,,751.0,0.2589800368689721,5.203651275737552,-0.8097263003274182,20.905459387483354
FRED,E05,POST_7,GOLD_USD,complete,2020-01-02,2020-01-14,8,1520.55,1544.95,1.6046825161948108,0.01591943585210501,%,8,21.590455540519603,0.0,0.0,,,751.0,0.2999487809390411,1.88443832491217,0.6858509169660939,77.3635153129161
FRED,E05,POST_7,NIFTY50,complete,2020-01-02,2020-01-14,8,12282.2,12362.3,0.6521632932210641,0.006500459092973126,%,8,16.07585410204756,0.0,0.0,,,751.0,0.44408685292038896,2.121696438452951,0.09753620200071145,49.134487350199734
FRED,E05,POST_7,DXY_BROAD,complete,2020-01-02,2020-01-14,8,114.9745,115.0239,0.04296604899347578,0.0004295682122975427,%,8,1.4421051735256536,0.0,0.0,,,751.0,-0.030147369476563046,0.759448264499142,0.0962655908990665,53.52862849533955
FRED,E05,POST_7,VIX,complete,2020-01-02,2020-01-14,8,12.47,12.39,-0.6415396952686447,-0.0064360640508940034,%,8,84.48426945320348,0.0,0.0,,,,,,,
FRED,E05,POST_7,UST10Y,complete,2020-01-02,2020-01-14,8,1.88,1.82,-0.05999999999999983,,pp,8,,0.0,0.0,,,,,,,
FRED,E05,POST_7,FFR_UPPER,complete,2020-01-02,2020-01-14,8,1.75,1.75,0.0,,pp,8,,0.0,0.0,,,,,,,
FRED,E05,POST_7,IN_REPO,complete,2020-01-02,2020-01-14,8,5.15,5.15,0.0,,pp,8,,90.0,102.0,,,,,,,
FRED,E05,POST_14,USDINR,complete,2020-01-02,2020-01-24,15,71.34,71.31,-0.0420521446593769,-0.0004206098905332097,%,15,5.358317337763934,0.0,0.0,0.04206983592764946,-0.5474685630825871,751.0,0.09780657915168245,1.3695055237370288,-0.10209507469065016,48.33555259653795
FRED,E05,POST_14,BRENT,complete,2020-01-02,2020-01-24,15,67.05,59.34,-11.498881431767327,-0.12215499486501166,%,15,31.621368215107694,0.0,0.0,,,751.0,0.4972625754631421,7.053198882560138,-1.80223612103584,6.391478029294275
FRED,E05,POST_14,GOLD_USD,complete,2020-01-02,2020-01-24,15,1520.55,1561.85,2.716122455690373,0.026798904562033616,%,15,15.514892772006128,0.0,0.0,,,751.0,0.5201188112271549,2.47583970086215,0.8728834868371511,79.76031957390146
FRED,E05,POST_14,NIFTY50,complete,2020-01-02,2020-01-24,15,12282.2,12248.25,-0.2764162772141865,-0.002767990124634521,%,15,13.69515956876493,0.0,0.0,,,751.0,0.8098034666590204,2.841088018580475,-0.3813120743716727,32.090545938748335
FRED,E05,POST_14,DXY_BROAD,complete,2020-01-02,2020-01-24,15,114.9745,115.5556,0.5054164184232102,0.005041434769450042,%,15,1.6022521718969243,0.0,0.0,,,751.0,-0.03961521037586513,1.0580021155060781,0.5139560008896588,70.0399467376831
FRED,E05,POST_14,VIX,complete,2020-01-02,2020-01-24,15,12.47,14.56,16.760224538893343,0.1549522830765948,%,15,79.9254352296153,0.0,0.0,,,,,,,
FRED,E05,POST_14,UST10Y,complete,2020-01-02,2020-01-24,15,1.88,1.7,-0.17999999999999994,,pp,15,,0.0,0.0,,,,,,,
FRED,E05,POST_14,FFR_UPPER,complete,2020-01-02,2020-01-24,15,1.75,1.75,0.0,,pp,15,,0.0,0.0,,,,,,,
FRED,E05,POST_14,IN_REPO,complete,2020-01-02,2020-01-24,15,5.15,5.15,0.0,,pp,15,,90.0,112.0,,,,,,,
FRED,E05,POST_30,USDINR,complete,2020-01-02,2020-02-18,31,71.34,71.56,0.30838239416877133,0.0030790787097729672,%,31,4.472565713032102,0.0,0.0,-0.30743432084963107,-1.1088014161543702,751.0,0.20024273999814657,2.114609591638229,0.051009581126841126,54.061251664447404
FRED,E05,POST_30,BRENT,complete,2020-01-02,2020-02-18,31,67.05,57.35,-14.466815809097678,-0.1562657661523077,%,31,34.72106046243578,0.0,0.0,,,751.0,1.2045698027994378,10.432536745622095,-1.612642219763257,5.326231691078561
FRED,E05,POST_30,GOLD_USD,complete,2020-01-02,2020-02-18,31,1520.55,1588.2,4.449048041826975,0.04352918796459229,%,31,12.762031118994145,0.0,0.0,,,751.0,0.939175180554197,3.6280341867715165,0.9421428436930982,79.76031957390146
FRED,E05,POST_30,NIFTY50,complete,2020-01-02,2020-02-18,31,12282.2,11992.5,-2.3586979531354357,-0.023869605373377855,%,31,14.939786414046164,0.0,0.0,,,751.0,1.6457974642392958,4.110914001310153,-0.9777294148524537,14.513981358189081
FRED,E05,POST_30,DXY_BROAD,complete,2020-01-02,2020-02-18,31,114.9745,116.6039,1.4171838103231416,0.014072356396362073,%,31,2.014861117869529,0.0,0.0,,,751.0,-0.05060575385340549,1.552525986318052,0.9390208056872813,82.82290279627163
FRED,E05,POST_30,VIX,complete,2020-01-02,2020-02-18,31,12.47,14.83,18.925421010425026,0.1733263964578957,%,31,122.95299295525015,0.0,0.0,,,,,,,
FRED,E05,POST_30,UST10Y,complete,2020-01-02,2020-02-18,31,1.88,1.55,-0.32999999999999985,,pp,31,,0.0,0.0,,,,,,,
FRED,E05,POST_30,FFR_UPPER,complete,2020-01-02,2020-02-18,31,1.75,1.75,0.0,,pp,31,,0.0,0.0,,,,,,,
FRED,E05,POST_30,IN_REPO,complete,2020-01-02,2020-02-18,31,5.15,5.15,0.0,,pp,31,,90.0,137.0,,,,,,,
FRED,E05,POST_90,USDINR,complete,2020-01-02,2020-05-12,91,71.34,75.03,5.1724137931034475,0.050430853626891904,%,91,7.851561183891623,0.0,0.0,-4.91803278688524,-1.8593193303282574,751.0,0.7202243298336519,3.678065531643384,1.17601011312041,82.82290279627163
FRED,E05,POST_90,BRENT,complete,2020-01-02,2020-05-12,91,67.05,26.67,-60.22371364653243,-0.9218992715337645,%,91,183.18225162659903,0.0,0.0,,,751.0,3.263981834296281,15.312285617718938,-6.230407068661787,0.0
FRED,E05,POST_90,GOLD_USD,complete,2020-01-02,2020-05-12,91,1520.55,1703.45,12.028542303771662,0.11358349483825828,%,91,23.27511322443176,0.0,0.0,,,751.0,2.0722862992021085,6.675642320687275,1.394209348925218,93.3422103861518
FRED,E05,POST_90,NIFTY50,complete,2020-01-02,2020-05-12,91,12282.2,9196.55,-25.122942143915594,-0.2893226460425483,%,91,46.890345787043195,0.0,0.0,,,751.0,3.8480591003191567,5.833698531512539,-5.6067573423999155,0.0
FRED,E05,POST_90,DXY_BROAD,complete,2020-01-02,2020-05-12,91,114.9745,123.0592,7.031733123431705,0.0679551757522808,%,91,7.885112979479928,0.0,0.0,,,751.0,0.2509157405568674,2.8894962289703487,2.2650716886240736,99.46737683089214
FRED,E05,POST_90,VIX,complete,2020-01-02,2020-05-12,91,12.47,33.04,164.95589414595025,0.9743931889608322,%,91,185.8971663506658,0.0,0.0,,,,,,,
FRED,E05,POST_90,UST10Y,complete,2020-01-02,2020-05-12,91,1.88,0.69,-1.19,,pp,91,,0.0,0.0,,,,,,,
FRED,E05,POST_90,FFR_UPPER,complete,2020-01-02,2020-05-12,91,1.75,0.25,-1.5,,pp,91,,0.0,0.0,,,,,,,
FRED,E05,POST_90,IN_REPO,complete,2020-01-02,2020-05-12,91,5.15,4.4,-0.75,,pp,91,,90.0,46.0,,,,,,,
FRED,E06,PRE_30,USDINR,complete,2020-05-04,2020-06-15,29,75.64,75.97,0.436277102062399,0.004353281724873463,%,29,6.458066345290455,0.0,0.0,-0.43438199289193014,3.080344183354178,751.0,0.62533643249163,2.1089058249182417,-0.0891747477028558,51.398135818908116
FRED,E06,PRE_30,BRENT,complete,2020-05-04,2020-06-15,29,20.4,39.44,93.33333333333333,0.659245628884264,%,29,85.68203315646981,0.0,0.0,,,751.0,-3.8737751708382784,21.35931871932347,3.2714229056832154,100.0
FRED,E06,PRE_30,GOLD_USD,complete,2020-05-04,2020-06-15,29,1703.7,1710.4,0.3932617244820191,0.003924904719284325,%,29,12.796470400295847,0.0,0.0,,,751.0,1.0790341171994067,3.7169737583909632,-0.18314996505860862,48.73501997336884
FRED,E06,PRE_30,NIFTY50,complete,2020-05-04,2020-06-15,29,9293.5,9813.7,5.59746059073547,0.05446413755870836,%,29,24.11853404613652,0.0,0.0,,,751.0,-0.11077697050630997,7.4487755831910905,0.7460624994468562,88.01597869507324
FRED,E06,PRE_30,DXY_BROAD,complete,2020-05-04,2020-06-15,29,123.2117,119.9539,-2.644067081291779,-0.02679651181829512,%,29,6.041325094541419,0.0,0.0,,,751.0,0.2769564854789852,1.8221071733765648,-1.622420949048234,2.130492676431425
FRED,E06,PRE_30,VIX,complete,2020-05-04,2020-06-15,29,35.97,34.4,-4.364748401445651,-0.04462869332817992,%,29,158.47806208532117,0.0,0.0,,,,,,,
FRED,E06,PRE_30,UST10Y,complete,2020-05-04,2020-06-15,29,0.64,0.71,0.06999999999999995,,pp,29,,0.0,0.0,,,,,,,
FRED,E06,PRE_30,FFR_UPPER,complete,2020-05-04,2020-06-15,29,0.25,0.25,0.0,,pp,29,,0.0,0.0,,,,,,,
FRED,E06,PRE_30,IN_REPO,complete,2020-05-04,2020-06-15,29,4.4,4.0,-0.40000000000000036,,pp,29,,38.0,24.0,,,,,,,
FRED,E06,PRE_14,USDINR,complete,2020-05-27,2020-06-15,13,75.88,75.97,0.11860832894043938,0.0011853804483168418,%,13,4.870198680581644,0.0,0.0,-0.11846781624326175,1.4460991015716518,751.0,0.27757950699978107,1.3166026349230553,-0.1205047882219756,47.4034620505992
FRED,E06,PRE_14,BRENT,complete,2020-05-27,2020-06-15,13,32.73,39.44,20.501069355331513,0.18648844122134564,%,13,64.00019076753462,0.0,0.0,,,751.0,-0.8477827030322405,15.335100904710302,1.271608257746346,97.60319573901465
FRED,E06,PRE_14,GOLD_USD,complete,2020-05-27,2020-06-15,13,1705.15,1710.4,0.3078908013957715,0.003074177883282969,%,13,13.63073716118869,0.0,0.0,,,751.0,0.5710210611318267,2.591734441208935,-0.1010825504541398,49.2676431424767
FRED,E06,PRE_14,NIFTY50,complete,2020-05-27,2020-06-15,13,9314.95,9813.7,5.3542960509718185,0.052158732272360196,%,13,21.861683525557147,0.0,0.0,,,751.0,-0.05340710022394557,4.895512683165546,1.0763519441490503,96.00532623169109
FRED,E06,PRE_14,DXY_BROAD,complete,2020-05-27,2020-06-15,13,121.5677,119.9539,-1.3274907726312124,-0.013363806943036788,%,13,5.600986631708445,0.0,0.0,,,751.0,0.12027582460998332,1.1935610145096667,-1.2203684837075242,9.054593874833555
FRED,E06,PRE_14,VIX,complete,2020-05-27,2020-06-15,13,27.62,34.4,24.547429398986242,0.21951641639820663,%,13,196.87585191841333,0.0,0.0,,,,,,,
FRED,E06,PRE_14,UST10Y,complete,2020-05-27,2020-06-15,13,0.68,0.71,0.029999999999999916,,pp,13,,0.0,0.0,,,,,,,
FRED,E06,PRE_14,FFR_UPPER,complete,2020-05-27,2020-06-15,13,0.25,0.25,0.0,,pp,13,,0.0,0.0,,,,,,,
FRED,E06,PRE_14,IN_REPO,complete,2020-05-27,2020-06-15,13,4.0,4.0,0.0,,pp,13,,5.0,24.0,,,,,,,
FRED,E06,PRE_7,USDINR,complete,2020-06-05,2020-06-15,6,75.61,75.97,0.4761274963629214,0.0047499759449517705,%,6,3.763137051735508,0.0,0.0,-0.4738712649730137,-0.48344117326972746,751.0,0.1250498696875324,0.909650340718352,0.3847916406646068,70.0399467376831
FRED,E06,PRE_7,BRENT,complete,2020-06-05,2020-06-15,6,41.0,39.44,-3.804878048780491,-0.03879153696987317,%,6,71.10117489641019,0.0,0.0,,,751.0,-0.2323225935168205,9.924529451146809,-0.3674290890843709,21.97070572569907
FRED,E06,PRE_7,GOLD_USD,complete,2020-06-05,2020-06-15,6,1709.55,1710.4,0.049720686730436725,0.0004970833009269243,%,6,16.131565958220325,0.0,0.0,,,751.0,0.24836620120050057,2.033072463154784,-0.09756167357153514,44.0745672436751
FRED,E06,PRE_7,NIFTY50,complete,2020-06-05,2020-06-15,6,10142.15,9813.7,-3.2384652169411665,-0.032920638620729636,%,6,19.873252574392257,0.0,0.0,,,751.0,0.027106247560859664,3.205822262424559,-1.035355726191754,8.255659121171771
FRED,E06,PRE_7,DXY_BROAD,complete,2020-06-05,2020-06-15,6,118.8138,119.9539,0.9595686696326489,0.00954994050599294,%,6,4.586248974414036,0.0,0.0,,,751.0,0.04350658990710521,0.8376874557863903,1.0881109843160204,91.4780292942743
FRED,E06,PRE_7,VIX,complete,2020-06-05,2020-06-15,6,24.52,34.4,40.293637846655784,0.33856745331134197,%,6,282.72543101383667,0.0,0.0,,,,,,,
FRED,E06,PRE_7,UST10Y,complete,2020-06-05,2020-06-15,6,0.91,0.71,-0.20000000000000007,,pp,6,,0.0,0.0,,,,,,,
FRED,E06,PRE_7,FFR_UPPER,complete,2020-06-05,2020-06-15,6,0.25,0.25,0.0,,pp,6,,0.0,0.0,,,,,,,
FRED,E06,PRE_7,IN_REPO,complete,2020-06-05,2020-06-15,6,4.0,4.0,0.0,,pp,6,,14.0,24.0,,,,,,,
FRED,E06,EVENT,USDINR,complete,2020-06-15,2020-06-16,1,75.97,76.19,0.28958799526128676,0.002891694969788045,%,1,,0.0,0.0,-0.2887518046987725,0.612128571265913,751.0,0.02183772726922495,0.38133205648351476,0.7010534500020635,80.29294274300932
FRED,E06,EVENT,BRENT,complete,2020-06-15,2020-06-16,1,39.44,40.75,3.321501014198791,0.03267530995243713,%,1,,0.0,0.0,,,751.0,-0.023857279430083977,4.4413481041184655,0.7410792948031493,93.3422103861518
FRED,E06,EVENT,GOLD_USD,complete,2020-06-15,2020-06-16,1,1710.4,1728.35,1.0494621141253324,0.010439934879784594,%,1,,0.0,0.0,,,751.0,0.03972840714454584,0.8148434292675206,1.2324735457200497,92.01065246338216
FRED,E06,EVENT,NIFTY50,complete,2020-06-15,2020-06-16,1,9813.7,9914.0,1.0220406166889129,0.010168530973403287,%,1,,0.0,0.0,,,751.0,0.0027043500634871265,1.2891140898545979,0.7867021172331709,90.54593874833556
FRED,E06,EVENT,DXY_BROAD,complete,2020-06-15,2020-06-16,1,119.9539,119.567,-0.32254057600462627,-0.0032306185932241627,%,1,,0.0,0.0,,,751.0,0.007971548308161047,0.2957538307653197,-1.119285890779282,9.986684420772303
FRED,E06,EVENT,VIX,complete,2020-06-15,2020-06-16,1,34.4,33.67,-2.1220930232558,-0.021449331206369406,%,1,,0.0,0.0,,,,,,,
FRED,E06,EVENT,UST10Y,complete,2020-06-15,2020-06-16,1,0.71,0.75,0.040000000000000036,,pp,1,,0.0,0.0,,,,,,,
FRED,E06,EVENT,FFR_UPPER,complete,2020-06-15,2020-06-16,1,0.25,0.25,0.0,,pp,1,,0.0,0.0,,,,,,,
FRED,E06,EVENT,IN_REPO,complete,2020-06-15,2020-06-16,1,4.0,4.0,0.0,,pp,1,,24.0,25.0,,,,,,,
FRED,E06,POST_7,USDINR,complete,2020-06-15,2020-06-25,8,75.97,75.58,-0.5133605370540972,-0.005146827593787287,%,8,4.773453403088054,0.0,0.0,0.5160095263297082,-0.8016379502936766,751.0,0.17285133367008765,1.0423189356168379,-0.6594765321493562,22.103861517976032
FRED,E06,POST_7,BRENT,complete,2020-06-15,2020-06-25,8,39.44,41.18,4.4117647058823595,0.04317217186520878,%,8,46.72466572980371,0.0,0.0,,,751.0,-0.20169420816728012,11.453553946570523,0.39456007213593325,75.63249001331558
FRED,E06,POST_7,GOLD_USD,complete,2020-06-15,2020-06-25,8,1710.4,1758.55,2.815130963517287,0.027762344562892453,%,8,13.212847267976239,0.0,0.0,,,751.0,0.31389245606694427,2.223890161140564,1.1074439093873507,89.74700399467378
FRED,E06,POST_7,NIFTY50,complete,2020-06-15,2020-06-25,8,9813.7,10288.9,4.842210379367606,0.047286275603959156,%,8,19.35569710577024,0.0,0.0,,,751.0,0.04072925759934787,3.7156819020503757,1.2616544468783426,96.00532623169109
FRED,E06,POST_7,DXY_BROAD,complete,2020-06-15,2020-06-25,8,119.9539,120.2997,0.28827741323957934,0.0028786269074766143,%,8,5.638085987782114,0.0,0.0,,,751.0,0.05621918993048425,0.9700241373923939,0.23881807570905655,60.18641810918774
FRED,E06,POST_7,VIX,complete,2020-06-15,2020-06-25,8,34.4,32.22,-6.337209302325586,-0.0654691866305244,%,8,90.36392833376563,0.0,0.0,,,,,,,
FRED,E06,POST_7,UST10Y,complete,2020-06-15,2020-06-25,8,0.71,0.68,-0.029999999999999916,,pp,8,,0.0,0.0,,,,,,,
FRED,E06,POST_7,FFR_UPPER,complete,2020-06-15,2020-06-25,8,0.25,0.25,0.0,,pp,8,,0.0,0.0,,,,,,,
FRED,E06,POST_7,IN_REPO,complete,2020-06-15,2020-06-25,8,4.0,4.0,0.0,,pp,8,,24.0,34.0,,,,,,,
FRED,E06,POST_14,USDINR,complete,2020-06-15,2020-07-07,15,75.97,74.81,-1.5269185204686009,-0.015386959630816627,%,15,5.3062780253333175,0.0,0.0,1.5505948402619874,-1.2082961163616956,751.0,0.3182307088950287,1.4256714338166334,-1.3021383088094654,7.323568575233022
FRED,E06,POST_14,BRENT,complete,2020-06-15,2020-07-07,15,39.44,43.28,9.73630831643002,0.09291010480379142,%,15,35.42729256171194,0.0,0.0,,,751.0,-0.559219766913921,16.752989869427815,0.5880621794562161,90.67909454061251
FRED,E06,POST_14,GOLD_USD,complete,2020-06-15,2020-07-07,15,1710.4,1775.5,3.8061272217025266,0.037354812112361815,%,15,11.021093459119456,0.0,0.0,,,751.0,0.6080977479967942,2.81026620877506,1.1134976844443796,87.21704394141145
FRED,E06,POST_14,NIFTY50,complete,2020-06-15,2020-07-07,15,9813.7,10799.65,10.046669451888679,0.09573435757265632,%,15,16.61197700134602,0.0,0.0,,,751.0,0.05057608040186512,5.453433760243389,1.7462158487513362,98.40213049267643
FRED,E06,POST_14,DXY_BROAD,complete,2020-06-15,2020-07-07,15,119.9539,119.5717,-0.31862240410690523,-0.0031913108609280053,%,15,4.995326285144033,0.0,0.0,,,751.0,0.11258615183469267,1.3290320940314921,-0.3247881741817888,33.82157123834887
FRED,E06,POST_14,VIX,complete,2020-06-15,2020-07-07,15,34.4,29.43,-14.44767441860465,-0.15604200213397124,%,15,89.64797414140968,0.0,0.0,,,,,,,
FRED,E06,POST_14,UST10Y,complete,2020-06-15,2020-07-07,15,0.71,0.65,-0.05999999999999994,,pp,15,,0.0,0.0,,,,,,,
FRED,E06,POST_14,FFR_UPPER,complete,2020-06-15,2020-07-07,15,0.25,0.25,0.0,,pp,15,,0.0,0.0,,,,,,,
FRED,E06,POST_14,IN_REPO,complete,2020-06-15,2020-07-07,15,4.0,4.0,0.0,,pp,15,,24.0,46.0,,,,,,,
FRED,E06,POST_30,USDINR,complete,2020-06-15,2020-07-29,31,75.97,74.92,-1.3821245228379575,-0.013917647939242413,%,31,4.406801624039204,0.0,0.0,1.4014949279231192,0.9031700778378116,751.0,0.6658128381586081,2.1876777805016503,-0.939521764356061,13.182423435419441
FRED,E06,POST_30,BRENT,complete,2020-06-15,2020-07-29,31,39.44,43.51,10.319472616632863,0.0982102669981541,%,31,30.050193334218626,0.0,0.0,,,751.0,-1.793720259180731,26.03354591925588,0.44677083771198667,80.29294274300932
FRED,E06,POST_30,GOLD_USD,complete,2020-06-15,2020-07-29,31,1710.4,1954.35,14.262745556594947,0.13333039604626948,%,31,12.573748356873363,0.0,0.0,,,751.0,1.3003816035522142,3.8437077381449227,3.132662833028965,99.86684420772303
FRED,E06,POST_30,NIFTY50,complete,2020-06-15,2020-07-29,31,9813.7,11202.85,14.155211591958183,0.1323888415912393,%,31,16.265466108016827,0.0,0.0,,,751.0,0.00718107289796599,7.75231091950198,1.7068076192308717,99.46737683089214
FRED,E06,POST_30,DXY_BROAD,complete,2020-06-15,2020-07-29,31,119.9539,117.2126,-2.285294600675769,-0.023118122407753794,%,31,4.282230738607307,0.0,0.0,,,751.0,0.262585185019204,1.9300291596392187,-1.333686209025765,6.25832223701731
FRED,E06,POST_30,VIX,complete,2020-06-15,2020-07-29,31,34.4,24.1,-29.941860465116278,-0.3558447238827433,%,31,96.41563457947647,0.0,0.0,,,,,,,
FRED,E06,POST_30,UST10Y,complete,2020-06-15,2020-07-29,31,0.71,0.58,-0.13,,pp,31,,0.0,0.0,,,,,,,
FRED,E06,POST_30,FFR_UPPER,complete,2020-06-15,2020-07-29,31,0.25,0.25,0.0,,pp,31,,0.0,0.0,,,,,,,
FRED,E06,POST_30,IN_REPO,complete,2020-06-15,2020-07-29,31,4.0,4.0,0.0,,pp,31,,24.0,68.0,,,,,,,
FRED,E06,POST_90,USDINR,complete,2020-06-15,2020-10-23,91,75.97,73.86,-2.777412136369617,-0.028167116090713058,%,91,4.936800888196622,0.0,0.0,2.8567560249119994,1.3419203738697316,751.0,1.6580680931112646,3.555812640715005,-1.2546172377310187,10.252996005326231
FRED,E06,POST_90,BRENT,complete,2020-06-15,2020-10-23,91,39.44,40.71,3.2200811359026416,0.03169323278045284,%,91,35.328864048962096,0.0,0.0,,,751.0,-6.2663087575266285,33.1800370635368,0.2905534100112953,52.197070572569906
FRED,E06,POST_90,GOLD_USD,complete,2020-06-15,2020-10-23,91,1710.4,1910.6,11.704864359214206,0.1106900675651271,%,91,17.428453723498553,0.0,0.0,,,751.0,3.494876174482675,6.435034634786583,1.1862896156163565,87.88282290279628
FRED,E06,POST_90,NIFTY50,complete,2020-06-15,2020-10-23,91,9813.7,11930.35,21.568317759866297,0.19530620485835667,%,91,16.4262993018169,0.0,0.0,,,751.0,0.7065244236751367,10.56516507094555,1.7819485190690976,100.0
FRED,E06,POST_90,DXY_BROAD,complete,2020-06-15,2020-10-23,91,119.9539,115.0126,-4.1193325102393485,-0.04206581472564969,%,91,4.787060048337715,0.0,0.0,,,751.0,0.6148696648863528,3.0116622157610258,-1.6003018206459292,5.59254327563249
FRED,E06,POST_90,VIX,complete,2020-06-15,2020-10-23,91,34.4,27.55,-19.91279069767441,-0.22205402878042907,%,91,89.47600413811776,0.0,0.0,,,,,,,
FRED,E06,POST_90,UST10Y,complete,2020-06-15,2020-10-23,91,0.71,0.85,0.14,,pp,91,,0.0,0.0,,,,,,,
FRED,E06,POST_90,FFR_UPPER,complete,2020-06-15,2020-10-23,91,0.25,0.25,0.0,,pp,91,,0.0,0.0,,,,,,,
FRED,E06,POST_90,IN_REPO,complete,2020-06-15,2020-10-23,91,4.0,4.0,0.0,,pp,91,,24.0,154.0,,,,,,,
FRED,E07,PRE_30,USDINR,complete,2022-01-11,2022-02-23,29,73.81,74.6,1.070315675382738,0.010646283427754184,%,29,4.839890855465505,0.0,0.0,-1.0589812332439608,1.2152215040106995,751.0,0.23788761962995064,1.8339223251768553,0.45095870007646444,72.83621837549934
FRED,E07,PRE_30,BRENT,complete,2022-01-11,2022-02-23,29,84.98,99.29,16.83925629559897,0.15562892635883727,%,29,28.36868361124447,0.0,0.0,,,751.0,1.1137184403639422,25.80693311156777,0.5601336009473368,84.95339547270306
FRED,E07,PRE_30,GOLD_USD,complete,2022-01-11,2022-02-23,29,1805.2,1895.7,5.013294925770007,0.04891677449467323,%,29,11.156994353286207,0.0,0.0,,,751.0,1.4042153677004343,4.436862186379929,0.7882214287282079,75.63249001331558
FRED,E07,PRE_30,NIFTY50,complete,2022-01-11,2022-02-23,29,18055.75,17063.25,-5.496863879927449,-0.05653716558325835,%,29,20.12226717777591,0.0,0.0,,,751.0,1.8577740700074674,8.303618500209886,-0.9025516764022848,9.054593874833555
FRED,E07,PRE_30,DXY_BROAD,complete,2022-01-11,2022-02-23,29,114.8332,114.6668,-0.14490582862796142,-0.0014501091865713356,%,29,4.188208062525023,0.0,0.0,,,751.0,-0.015658412123586984,1.795702294466426,-0.07203381143679205,46.60452729693741
FRED,E07,PRE_30,VIX,complete,2022-01-11,2022-02-23,29,18.41,31.02,68.49538294405215,0.5217381625034063,%,29,141.7500173427162,0.0,0.0,,,,,,,
FRED,E07,PRE_30,UST10Y,complete,2022-01-11,2022-02-23,29,1.75,1.99,0.24,,pp,29,,0.0,0.0,,,,,,,
FRED,E07,PRE_30,FFR_UPPER,complete,2022-01-11,2022-02-23,29,0.25,0.25,0.0,,pp,29,,0.0,0.0,,,,,,,
FRED,E07,PRE_30,IN_REPO,complete,2022-01-11,2022-02-23,29,4.0,4.0,0.0,,pp,29,,599.0,642.0,,,,,,,
FRED,E07,PRE_14,USDINR,complete,2022-02-03,2022-02-23,13,74.71,74.6,-0.14723597911926456,-0.0014734447779947409,%,13,4.808138080659627,0.0,0.0,0.14745308310992744,0.06136840792585474,751.0,0.08634142708949799,1.2369773238506263,-0.18888677069113657,46.20505992010652
FRED,E07,PRE_14,BRENT,complete,2022-02-03,2022-02-23,13,92.99,99.29,6.774922034627395,0.06555290055539696,%,13,36.08096031542449,0.0,0.0,,,751.0,0.6923988366341227,15.678565478637879,0.37409527675725734,78.96138482023967
FRED,E07,PRE_14,GOLD_USD,complete,2022-02-03,2022-02-23,13,1803.75,1895.7,5.097713097713097,0.04972033235943863,%,13,10.054899844706899,0.0,0.0,,,751.0,0.5890444575550768,3.1317519350629737,1.4000843468350606,91.61118508655126
FRED,E07,PRE_14,NIFTY50,complete,2022-02-03,2022-02-23,13,17560.2,17063.25,-2.8299791574127875,-0.028707949640654654,%,13,23.38993822633061,0.0,0.0,,,751.0,0.83748412884046,5.287714032512109,-0.7006414547841434,11.18508655126498
FRED,E07,PRE_14,DXY_BROAD,complete,2022-02-03,2022-02-23,13,114.9065,114.6668,-0.2086043870451193,-0.0020882226905694777,%,13,3.029333560219799,0.0,0.0,,,751.0,0.013625489867385987,1.175967957258148,-0.18916062241816428,42.743009320905465
FRED,E07,PRE_14,VIX,complete,2022-02-03,2022-02-23,13,24.35,31.02,27.39219712525667,0.24210030821979392,%,13,145.09613049750766,0.0,0.0,,,,,,,
FRED,E07,PRE_14,UST10Y,complete,2022-02-03,2022-02-23,13,1.82,1.99,0.16999999999999993,,pp,13,,0.0,0.0,,,,,,,
FRED,E07,PRE_14,FFR_UPPER,complete,2022-02-03,2022-02-23,13,0.25,0.25,0.0,,pp,13,,0.0,0.0,,,,,,,
FRED,E07,PRE_14,IN_REPO,complete,2022-02-03,2022-02-23,13,4.0,4.0,0.0,,pp,13,,622.0,642.0,,,,,,,
FRED,E07,PRE_7,USDINR,complete,2022-02-14,2022-02-23,6,75.63,74.6,-1.361893428533656,-0.013712522658223035,%,6,4.139500271582846,0.0,0.0,1.3806970509383287,-0.9037122290677102,751.0,0.039691273126818416,0.8172182445127136,-1.7265102358162714,4.660452729693742
FRED,E07,PRE_7,BRENT,complete,2022-02-14,2022-02-23,6,101.66,99.29,-2.3313004131418347,-0.023589050973253603,%,6,34.485406688452,0.0,0.0,,,751.0,0.3652687081724615,10.03566909384934,-0.2713828339627577,22.902796271637815
FRED,E07,PRE_7,GOLD_USD,complete,2022-02-14,2022-02-23,6,1855.8,1895.7,2.1500161655350736,0.02127229352844028,%,6,10.966454336691566,0.0,0.0,,,751.0,0.26673224035209664,2.386738928973984,0.7796630745993048,84.02130492676432
FRED,E07,PRE_7,NIFTY50,complete,2022-02-14,2022-02-23,6,16842.8,17063.25,1.3088678841997714,0.013003762246521978,%,6,22.279651589779107,0.0,0.0,,,751.0,0.3644119481331032,3.4454309659834426,0.27184600632533507,62.849533954727036
FRED,E07,PRE_7,DXY_BROAD,complete,2022-02-14,2022-02-23,6,115.1946,114.6668,-0.4581811994659457,-0.00459234066781341,%,6,2.0286122331136576,0.0,0.0,,,751.0,0.003946915252828198,0.8226461402935463,-0.5630378378487703,28.22902796271638
FRED,E07,PRE_7,VIX,complete,2022-02-14,2022-02-23,6,28.33,31.02,9.49523473349807,0.09071084390596769,%,6,141.4042044168689,0.0,0.0,,,,,,,
FRED,E07,PRE_7,UST10Y,complete,2022-02-14,2022-02-23,6,1.98,1.99,0.010000000000000009,,pp,6,,0.0,0.0,,,,,,,
FRED,E07,PRE_7,FFR_UPPER,complete,2022-02-14,2022-02-23,6,0.25,0.25,0.0,,pp,6,,0.0,0.0,,,,,,,
FRED,E07,PRE_7,IN_REPO,complete,2022-02-14,2022-02-23,6,4.0,4.0,0.0,,pp,6,,633.0,642.0,,,,,,,
FRED,E07,EVENT,USDINR,complete,2022-02-23,2022-02-24,1,74.6,75.61,1.3538873994638045,0.01344804236046333,%,1,,0.0,0.0,-1.3358021425737387,0.24188287853881274,751.0,0.006305149854624048,0.3487228557140537,3.83828952712948,99.73368841544608
FRED,E07,EVENT,BRENT,complete,2022-02-23,2022-02-24,1,99.29,101.29,2.0143015409406884,0.019942828653203154,%,1,,0.0,0.0,,,751.0,0.05256992875883881,4.5315996750410665,0.4284859407158685,81.89081225033289
FRED,E07,EVENT,GOLD_USD,complete,2022-02-23,2022-02-24,1,1895.7,1968.35,3.832357440523282,0.037607464880493456,%,1,,0.0,0.0,,,751.0,0.04669790662121809,0.960094336171844,3.8684318213106312,99.86684420772303
FRED,E07,EVENT,NIFTY50,complete,2022-02-23,2022-02-24,1,17063.25,16247.95,-4.7781049917219764,-0.04896028105156906,%,1,,0.0,0.0,,,751.0,0.06104674187032977,1.3917294809567267,-3.5617958007730657,0.7989347536617843
FRED,E07,EVENT,DXY_BROAD,complete,2022-02-23,2022-02-24,1,114.6668,115.9419,1.1120045209249918,0.011058672068784635,%,1,,0.0,0.0,,,751.0,0.00018325391977214167,0.29506146525713056,3.7473004215004817,99.46737683089214
FRED,E07,EVENT,VIX,complete,2022-02-23,2022-02-24,1,31.02,30.32,-2.2566086395873652,-0.02282459697422188,%,1,,0.0,0.0,,,,,,,
FRED,E07,EVENT,UST10Y,complete,2022-02-23,2022-02-24,1,1.99,1.96,-0.030000000000000027,,pp,1,,0.0,0.0,,,,,,,
FRED,E07,EVENT,FFR_UPPER,complete,2022-02-23,2022-02-24,1,0.25,0.25,0.0,,pp,1,,0.0,0.0,,,,,,,
FRED,E07,EVENT,IN_REPO,complete,2022-02-23,2022-02-24,1,4.0,4.0,0.0,,pp,1,,642.0,643.0,,,,,,,
FRED,E07,POST_7,USDINR,complete,2022-02-23,2022-03-07,8,74.6,76.91,3.096514745308321,0.03049539985924737,%,8,9.699941672136235,0.0,0.0,-3.003510596801462,0.7758779088395285,751.0,0.05707375984329577,0.9367656395753571,3.194483636605019,99.06790945406125
FRED,E07,POST_7,BRENT,complete,2022-02-23,2022-03-07,8,99.29,129.02,29.94259240608319,0.2619225700585929,%,8,67.03166184353815,0.0,0.0,,,751.0,0.45815491399410213,11.518013204056194,2.2343392016390076,97.86950732356857
FRED,E07,POST_7,GOLD_USD,complete,2022-02-23,2022-03-07,8,1895.7,1999.25,5.462362188109937,0.053183946764480065,%,8,31.9962771146566,0.0,0.0,,,751.0,0.37452264795871937,2.608763953693067,1.8953694953330236,96.80426098535287
FRED,E07,POST_7,NIFTY50,complete,2022-02-23,2022-03-07,8,17063.25,15863.15,-7.033243959972458,-0.07292821867477016,%,8,34.957661467271535,0.0,0.0,,,751.0,0.49813329202632595,3.9875441320548775,-1.9535128195426645,1.7310252996005324
FRED,E07,POST_7,DXY_BROAD,complete,2022-02-23,2022-03-07,8,114.6668,117.3278,2.3206368364687924,0.0229411952317431,%,8,8.245433233401487,0.0,0.0,,,751.0,0.00014183836447578813,0.9366188672465624,2.4492114830594507,98.66844207723035
FRED,E07,POST_7,VIX,complete,2022-02-23,2022-03-07,8,31.02,36.45,17.50483558994198,0.16130930070627444,%,8,134.20548601274584,0.0,0.0,,,,,,,
FRED,E07,POST_7,UST10Y,complete,2022-02-23,2022-03-07,8,1.99,1.78,-0.20999999999999996,,pp,8,,0.0,0.0,,,,,,,
FRED,E07,POST_7,FFR_UPPER,complete,2022-02-23,2022-03-07,8,0.25,0.25,0.0,,pp,8,,0.0,0.0,,,,,,,
FRED,E07,POST_7,IN_REPO,complete,2022-02-23,2022-03-07,8,4.0,4.0,0.0,,pp,8,,642.0,654.0,,,,,,,
FRED,E07,POST_14,USDINR,complete,2022-02-23,2022-03-16,15,74.6,76.17,2.1045576407506816,0.020827177174981705,%,15,9.010744560899742,0.0,0.0,-2.0611789418406246,0.23784469506806794,751.0,0.10036225577327862,1.3474628040406607,1.4712137396450464,92.27696404793608
FRED,E07,POST_14,BRENT,complete,2022-02-23,2022-03-16,15,99.29,104.61,5.358042098902205,0.05219428831016674,%,15,92.78384745608625,0.0,0.0,,,751.0,0.8610552864375176,16.919605781247515,0.25781094066141896,66.04527296937417
FRED,E07,POST_14,GOLD_USD,complete,2022-02-23,2022-03-16,15,1895.7,1918.75,1.2159096903518574,0.0120857688879881,%,15,26.401292495793033,0.0,0.0,,,751.0,0.6774286984907674,3.3679539479059017,0.15838471562074044,59.92010652463382
FRED,E07,POST_14,NIFTY50,complete,2022-02-23,2022-03-16,15,17063.25,16975.35,-0.5151421915520316,-0.00516473623419473,%,15,31.48572900602012,0.0,0.0,,,751.0,0.9412229795789706,5.722045756764514,-0.2539816633572513,29.82689747003995
FRED,E07,POST_14,DXY_BROAD,complete,2022-02-23,2022-03-16,15,114.6668,116.8073,1.8667129456826137,0.01849503694577269,%,15,7.790889565436039,0.0,0.0,,,751.0,0.00794740575809083,1.2616290883466572,1.4596656193319588,96.13848202396804
FRED,E07,POST_14,VIX,complete,2022-02-23,2022-03-16,15,31.02,26.67,-14.023210831721467,-0.15109281955446982,%,15,121.71681174255116,0.0,0.0,,,,,,,
FRED,E07,POST_14,UST10Y,complete,2022-02-23,2022-03-16,15,1.99,2.19,0.19999999999999996,,pp,15,,0.0,0.0,,,,,,,
FRED,E07,POST_14,FFR_UPPER,complete,2022-02-23,2022-03-16,15,0.25,0.25,0.0,,pp,15,,0.0,0.0,,,,,,,
FRED,E07,POST_14,IN_REPO,complete,2022-02-23,2022-03-16,15,4.0,4.0,0.0,,pp,15,,642.0,663.0,,,,,,,
FRED,E07,POST_30,USDINR,complete,2022-02-23,2022-04-07,31,74.6,75.9,1.7426273458445163,0.017276177191869194,%,31,7.688448521293467,0.0,0.0,-1.7127799736495586,0.27367556555588646,751.0,0.20922417145776695,1.8685736459676336,0.8127119420542844,82.15712383488682
FRED,E07,POST_30,BRENT,complete,2022-02-23,2022-04-07,31,99.29,99.83,0.5438614160539812,0.005423878302831075,%,31,80.70523392974118,0.0,0.0,,,751.0,1.7130468847784908,27.099767687190703,-0.042662795568730164,39.680426098535285
FRED,E07,POST_30,GOLD_USD,complete,2022-02-23,2022-04-07,31,1895.7,1926.4,1.6194545550456407,0.016064812666982745,%,31,19.436420650124393,0.0,0.0,,,751.0,1.4167282740016107,4.534797739936903,0.04403609824945612,56.99067909454061
FRED,E07,POST_30,NIFTY50,complete,2022-02-23,2022-04-07,31,17063.25,17639.55,3.3774339589468516,0.0332165120260768,%,31,24.262599398220683,0.0,0.0,,,751.0,2.0042145947736456,8.582524449250256,0.1558115692649184,54.32756324900133
FRED,E07,POST_30,DXY_BROAD,complete,2022-02-23,2022-04-07,31,114.6668,116.3512,1.4689517802886298,0.014582671908442271,%,31,6.4233576058946955,0.0,0.0,,,751.0,0.019324958968303108,1.8378857058977787,0.7829344851467184,82.9560585885486
FRED,E07,POST_30,VIX,complete,2022-02-23,2022-04-07,31,31.02,21.55,-30.52869116698904,-0.364256341198636,%,31,104.31176384871164,0.0,0.0,,,,,,,
FRED,E07,POST_30,UST10Y,complete,2022-02-23,2022-04-07,31,1.99,2.66,0.6700000000000002,,pp,31,,0.0,0.0,,,,,,,
FRED,E07,POST_30,FFR_UPPER,complete,2022-02-23,2022-04-07,31,0.25,0.5,0.25,,pp,31,,0.0,0.0,,,,,,,
FRED,E07,POST_30,IN_REPO,complete,2022-02-23,2022-04-07,31,4.0,4.0,0.0,,pp,31,,642.0,685.0,,,,,,,
FRED,E07,POST_90,USDINR,complete,2022-02-23,2022-07-05,91,74.6,79.27,6.260053619302952,0.06071923963934936,%,91,5.459675085686902,0.0,0.0,-5.89125772675666,-0.6761301758321681,751.0,0.5249219509690706,2.8733876610354314,1.9309524437278929,94.94007989347537
FRED,E07,POST_90,BRENT,complete,2022-02-23,2022-07-05,91,99.29,110.49,11.280088629267793,0.1068801580795808,%,91,59.38764933867036,0.0,0.0,,,751.0,3.169126036849357,39.990179487817684,0.1892482180832207,53.79494007989347
FRED,E07,POST_90,GOLD_USD,complete,2022-02-23,2022-07-05,91,1895.7,1804.4,-4.81616289497283,-0.04936003691327838,%,91,15.70820867299228,0.0,0.0,,,751.0,4.536333953544558,7.290790037589448,-1.2855198785161417,10.785619174434089
FRED,E07,POST_90,NIFTY50,complete,2022-02-23,2022-07-05,91,17063.25,15810.85,-7.339750633671782,-0.0762306148060571,%,91,20.8900776834202,0.0,0.0,,,751.0,6.250735128937923,14.214472535625234,-0.9628366801239808,11.717709720372836
FRED,E07,POST_90,DXY_BROAD,complete,2022-02-23,2022-07-05,91,114.6668,122.6203,6.93618379513512,0.06706205741917784,%,91,6.379407254410429,0.0,0.0,,,751.0,-0.029858014341110906,2.9905212833717156,2.2524729223985926,98.26897470039947
FRED,E07,POST_90,VIX,complete,2022-02-23,2022-07-05,91,31.02,27.54,-11.218568665377182,-0.11899266444788405,%,91,123.90994810296463,0.0,0.0,,,,,,,
FRED,E07,POST_90,UST10Y,complete,2022-02-23,2022-07-05,91,1.99,2.82,0.8299999999999998,,pp,91,,0.0,0.0,,,,,,,
FRED,E07,POST_90,FFR_UPPER,complete,2022-02-23,2022-07-05,91,0.25,1.75,1.5,,pp,91,,0.0,0.0,,,,,,,
FRED,E07,POST_90,IN_REPO,complete,2022-02-23,2022-07-05,91,4.0,4.9,0.9000000000000004,,pp,91,,642.0,27.0,,,,,,,
FRED,E08,PRE_30,USDINR,complete,2023-08-25,2023-10-06,29,82.64,83.25,0.7381413359148103,0.007354304049170092,%,29,2.4455046213785034,0.0,0.0,-0.7327327327327327,-1.6205946418204942,751.0,0.37750609390856393,1.4062522183129451,0.2550289858137614,61.65113182423435
FRED,E08,PRE_30,BRENT,complete,2023-08-25,2023-10-06,29,85.42,87.86,2.8564738937017164,0.028164373134313136,%,29,30.1411899568788,0.0,0.0,,,751.0,2.5637541565875166,12.011529209230796,0.023726888387155164,49.66711051930759
FRED,E08,PRE_30,GOLD_USD,complete,2023-08-25,2023-10-06,29,1917.85,1821.9,-5.002998148968885,-0.05132485434839122,%,29,9.036872174488323,0.0,0.0,,,751.0,0.022681919439904163,4.346226042981397,-1.1861244057118294,11.18508655126498
FRED,E08,PRE_30,NIFTY50,complete,2023-08-25,2023-10-06,29,19265.8,19653.5,2.0123742590497207,0.019923936203150062,%,29,8.517117997158104,0.0,0.0,,,751.0,2.2063156257528416,5.132134236100002,-0.037008977379098806,47.93608521970706
FRED,E08,PRE_30,DXY_BROAD,complete,2023-08-25,2023-10-06,29,120.5137,123.3563,2.3587359777353045,0.023313476436074523,%,29,5.200290434851198,0.0,0.0,,,751.0,0.04365458299737668,1.8234820207128286,1.2545791844751213,90.94540612516646
FRED,E08,PRE_30,VIX,complete,2023-08-25,2023-10-06,29,15.68,17.45,11.288265306122437,0.10695363372617427,%,29,90.35859096651986,0.0,0.0,,,,,,,
FRED,E08,PRE_30,UST10Y,complete,2023-08-25,2023-10-06,29,4.25,4.78,0.5300000000000002,,pp,29,,0.0,0.0,,,,,,,
FRED,E08,PRE_30,FFR_UPPER,complete,2023-08-25,2023-10-06,29,5.5,5.5,0.0,,pp,29,,0.0,0.0,,,,,,,
FRED,E08,PRE_30,IN_REPO,complete,2023-08-25,2023-10-06,29,6.5,6.5,0.0,,pp,29,,198.0,240.0,,,,,,,
FRED,E08,PRE_14,USDINR,complete,2023-09-19,2023-10-06,13,83.27,83.25,-0.024018253872937212,-0.00024021138717468171,%,13,2.159274407757468,0.0,0.0,0.024024024024016377,-1.8329639434107148,751.0,0.21227333757702915,1.0554565585460296,-0.22366576138203279,43.80825565912117
FRED,E08,PRE_14,BRENT,complete,2023-09-19,2023-10-06,13,96.11,87.86,-8.583914264904802,-0.08974873028755953,%,13,38.7722361679219,0.0,0.0,,,751.0,1.3747614333362135,7.844753739212374,-1.3181128032964102,9.85352862849534
FRED,E08,PRE_14,GOLD_USD,complete,2023-09-19,2023-10-06,13,1935.0,1821.9,-5.8449612403100755,-0.060227413892242815,%,13,9.775854493569803,0.0,0.0,,,751.0,-0.016799859451455124,3.0654830652373244,-1.9592149069573805,2.396804260985353
FRED,E08,PRE_14,NIFTY50,complete,2023-09-19,2023-10-06,13,20133.3,19653.5,-2.3831165283386246,-0.02411972113949174,%,13,9.388526426350035,1.0,0.0,,,751.0,0.9555363308328735,3.359247722828245,-1.0011086852673823,16.11185086551265
FRED,E08,PRE_14,DXY_BROAD,complete,2023-09-19,2023-10-06,13,121.1645,123.3563,1.8089456895377776,0.01792778941034406,%,13,5.935422047388635,0.0,0.0,,,751.0,0.07610327761793378,1.2106206645156703,1.4180367621295389,92.01065246338216
FRED,E08,PRE_14,VIX,complete,2023-09-19,2023-10-06,13,14.11,17.45,23.67115520907157,0.21245588278371344,%,13,113.83285835143293,0.0,0.0,,,,,,,
FRED,E08,PRE_14,UST10Y,complete,2023-09-19,2023-10-06,13,4.37,4.78,0.41000000000000014,,pp,13,,0.0,0.0,,,,,,,
FRED,E08,PRE_14,FFR_UPPER,complete,2023-09-19,2023-10-06,13,5.5,5.5,0.0,,pp,13,,0.0,0.0,,,,,,,
FRED,E08,PRE_14,IN_REPO,complete,2023-09-19,2023-10-06,13,6.5,6.5,0.0,,pp,13,,223.0,240.0,,,,,,,
FRED,E08,PRE_7,USDINR,complete,2023-09-28,2023-10-06,6,83.13,83.25,0.1443522194153779,0.0014424813175565145,%,6,1.6023553598106515,0.0,0.0,-0.14414414414415377,-0.5265625129613927,751.0,0.09779113238912451,0.7069034555369965,0.06578661255662026,53.26231691078562
FRED,E08,PRE_7,BRENT,complete,2023-09-28,2023-10-06,6,96.64,87.86,-9.08526490066225,-0.09524809563887128,%,6,50.71641305162666,0.0,0.0,,,751.0,0.6668578868131325,5.789472095213219,-1.7599970466713495,5.326231691078561
FRED,E08,PRE_7,GOLD_USD,complete,2023-09-28,2023-10-06,6,1874.1,1821.9,-2.7853369617416246,-0.028248631595994445,%,6,13.116133232161193,0.0,0.0,,,751.0,-0.00853884625466872,2.1176012553621377,-1.3299595198260867,9.587217043941411
FRED,E08,PRE_7,NIFTY50,complete,2023-09-28,2023-10-06,6,19523.55,19653.5,0.6656064086705493,0.006634010299003,%,6,8.483242023044022,0.0,0.0,,,751.0,0.4394966121174626,2.3613919465700555,0.0952266242934813,52.46338215712384
FRED,E08,PRE_7,DXY_BROAD,complete,2023-09-28,2023-10-06,6,122.5342,123.3563,0.6709147323767706,0.0066867411565480405,%,6,6.9471412727915505,0.0,0.0,,,751.0,0.041374866826537904,0.8470666214916224,0.7405648976717076,78.82822902796272
FRED,E08,PRE_7,VIX,complete,2023-09-28,2023-10-06,6,17.34,17.45,0.6343713956170616,0.006323677296040289,%,6,102.68618712371465,0.0,0.0,,,,,,,
FRED,E08,PRE_7,UST10Y,complete,2023-09-28,2023-10-06,6,4.59,4.78,0.1900000000000004,,pp,6,,0.0,0.0,,,,,,,
FRED,E08,PRE_7,FFR_UPPER,complete,2023-09-28,2023-10-06,6,5.5,5.5,0.0,,pp,6,,0.0,0.0,,,,,,,
FRED,E08,PRE_7,IN_REPO,complete,2023-09-28,2023-10-06,6,6.5,6.5,0.0,,pp,6,,232.0,240.0,,,,,,,
FRED,E08,EVENT,USDINR,complete,2023-10-06,2023-10-10,1,83.25,83.25,0.0,0.0,%,1,,0.0,0.0,0.0,0.34704348298384424,751.0,0.01716871323804714,0.29136061121124546,-0.058920934822957044,46.870838881491345
FRED,E08,EVENT,BRENT,complete,2023-10-06,2023-10-10,1,87.86,90.7,3.2324152060095646,0.03181271857345745,%,1,,0.0,0.0,,,751.0,0.10566627985439947,2.4395615499874244,1.2607434991853663,92.54327563249002
FRED,E08,EVENT,GOLD_USD,complete,2023-10-06,2023-10-10,1,1821.9,1859.7,2.074757121686144,0.020535271804343974,%,1,,0.0,0.0,,,751.0,-0.005276707820967008,0.8689691054703084,2.3692488196852706,98.80159786950732
FRED,E08,EVENT,NIFTY50,complete,2023-10-06,2023-10-10,1,19653.5,19689.85,0.18495433383365345,0.0018478350391143057,%,1,,0.0,0.0,,,751.0,0.07235057402590339,0.9330487325449358,0.12052863518630531,54.72703062583223
FRED,E08,EVENT,DXY_BROAD,complete,2023-10-06,2023-10-10,1,123.3563,122.9282,-0.34704348298384424,-0.003476470757701549,%,1,,0.0,0.0,,,751.0,0.007360574421721999,0.33168442720137026,-1.0703166932204349,11.584553928095872
FRED,E08,EVENT,VIX,complete,2023-10-06,2023-10-10,1,17.45,17.03,-2.4068767908309363,-0.024363153973839164,%,1,,0.0,0.0,,,,,,,
FRED,E08,EVENT,UST10Y,complete,2023-10-06,2023-10-10,1,4.78,4.66,-0.1200000000000001,,pp,1,,0.0,0.0,,,,,,,
FRED,E08,EVENT,FFR_UPPER,complete,2023-10-06,2023-10-10,1,5.5,5.5,0.0,,pp,1,,0.0,0.0,,,,,,,
FRED,E08,EVENT,IN_REPO,complete,2023-10-06,2023-10-10,1,6.5,6.5,0.0,,pp,1,,240.0,244.0,,,,,,,
FRED,E08,POST_7,USDINR,complete,2023-10-06,2023-10-19,8,83.25,83.1,-0.18018018018018944,-0.001803426999150794,%,8,1.4402139711562796,0.0,0.0,0.18050541516245744,-0.5382486371621087,751.0,0.13011896469068418,0.8155051921912215,-0.38059485851943625,34.62050599201065
FRED,E08,POST_7,BRENT,complete,2023-10-06,2023-10-19,8,87.86,93.12,5.986797177327574,0.05814434543549426,%,8,53.25112265390195,0.0,0.0,,,751.0,0.8780017261522,6.451563278959889,0.7657469399481636,78.69507323568575
FRED,E08,POST_7,GOLD_USD,complete,2023-10-06,2023-10-19,8,1821.9,1948.65,6.9570228881936425,0.06725691253821219,%,8,10.071549182295746,0.0,0.0,,,751.0,-0.01830118321333174,2.4000019434182343,2.8099952712122462,99.20106524633822
FRED,E08,POST_7,NIFTY50,complete,2023-10-06,2023-10-19,8,19653.5,19624.7,-0.1465387844404309,-0.0014664625752315464,%,8,6.568806232313539,0.0,0.0,,,751.0,0.6013279976613939,2.7024957080602223,-0.27610533905297235,36.484687083888154
FRED,E08,POST_7,DXY_BROAD,complete,2023-10-06,2023-10-19,8,123.3563,123.798,0.35806845698191925,0.00357428918085858,%,8,5.161837097834098,0.0,0.0,,,751.0,0.05262870870710312,0.9575392655395636,0.31833060470351815,63.914780292942744
FRED,E08,POST_7,VIX,complete,2023-10-06,2023-10-19,8,17.45,21.4,22.636103151862464,0.20405127337936962,%,8,138.08551259483917,0.0,0.0,,,,,,,
FRED,E08,POST_7,UST10Y,complete,2023-10-06,2023-10-19,8,4.78,4.98,0.20000000000000018,,pp,8,,0.0,0.0,,,,,,,
FRED,E08,POST_7,FFR_UPPER,complete,2023-10-06,2023-10-19,8,5.5,5.5,0.0,,pp,8,,0.0,0.0,,,,,,,
FRED,E08,POST_7,IN_REPO,complete,2023-10-06,2023-10-19,8,6.5,6.5,0.0,,pp,8,,240.0,253.0,,,,,,,
FRED,E08,POST_14,USDINR,complete,2023-10-06,2023-10-30,15,83.25,83.25,0.0,0.0,%,15,1.1605955408465813,0.0,0.0,0.0,-0.041586850448660506,751.0,0.24490643297783166,1.1341780955010543,-0.21566897376052813,44.47403462050599
FRED,E08,POST_14,BRENT,complete,2023-10-06,2023-10-30,15,87.86,90.73,3.266560437058952,0.03214342463390399,%,15,46.68814137853099,0.0,0.0,,,751.0,1.6818334356514253,8.403600368727309,0.1840276999891166,55.65912117177098
FRED,E08,POST_14,GOLD_USD,complete,2023-10-06,2023-10-30,15,1821.9,1996.15,9.564191228936814,0.09134041277672866,%,15,12.055376380654396,0.0,0.0,,,751.0,-0.029348568215914472,3.2915910097009315,2.783879931138969,100.0
FRED,E08,POST_14,NIFTY50,complete,2023-10-06,2023-10-30,15,19653.5,19140.9,-2.608186836950155,-0.02642803263977321,%,15,10.89957297131066,0.0,0.0,,,751.0,1.1166098856326023,3.5404947311767416,-1.0600849226354883,15.712383488681759
FRED,E08,POST_14,DXY_BROAD,complete,2023-10-06,2023-10-30,15,123.3563,123.4076,0.041586850448660506,0.00041578205514696773,%,15,4.459147521844004,0.0,0.0,,,751.0,0.09899009268017345,1.3167914449115004,-0.04356264957863984,49.134487350199734
FRED,E08,POST_14,VIX,complete,2023-10-06,2023-10-30,15,17.45,19.75,13.180515759312318,0.12381384269869466,%,15,117.90619738708634,0.0,0.0,,,,,,,
FRED,E08,POST_14,UST10Y,complete,2023-10-06,2023-10-30,15,4.78,4.88,0.09999999999999964,,pp,15,,0.0,0.0,,,,,,,
FRED,E08,POST_14,FFR_UPPER,complete,2023-10-06,2023-10-30,15,5.5,5.5,0.0,,pp,15,,0.0,0.0,,,,,,,
FRED,E08,POST_14,IN_REPO,complete,2023-10-06,2023-10-30,15,6.5,6.5,0.0,,pp,15,,240.0,264.0,,,,,,,
FRED,E08,POST_30,USDINR,complete,2023-10-06,2023-11-22,31,83.25,83.29,0.04804804804805496,0.0004803650866959826,%,31,1.3085398501128764,0.0,0.0,-0.048024972985960535,2.2174548801271676,751.0,0.49234065704077956,1.3545333070439352,-0.32712087102158527,38.74833555259654
FRED,E08,POST_30,BRENT,complete,2023-10-06,2023-11-22,31,87.86,81.76,-6.9428636467106735,-0.07195651209223917,%,31,45.67610712716556,0.0,0.0,,,751.0,3.274090059935486,12.342218045572558,-0.8440366886896249,23.834886817576564
FRED,E08,POST_30,GOLD_USD,complete,2023-10-06,2023-11-22,31,1821.9,1999.9,9.770020308469185,0.09321726672040138,%,31,12.48381695979338,0.0,0.0,,,751.0,-0.05183348096112761,4.3688721657634595,2.1455362472378114,98.26897470039947
FRED,E08,POST_30,NIFTY50,complete,2023-10-06,2023-11-22,31,19653.5,19811.85,0.8057089068104872,0.008024804025683067,%,31,9.675918559244115,0.0,0.0,,,751.0,2.2881560935415157,5.300776524103817,-0.2754105924504363,40.74567243675099
FRED,E08,POST_30,DXY_BROAD,complete,2023-10-06,2023-11-22,31,123.3563,120.6802,-2.1694068320791127,-0.021932844285363014,%,31,5.762937806215341,0.0,0.0,,,751.0,0.18228642002391382,1.9150684591832086,-1.2403759756481971,12.78295605858855
FRED,E08,POST_30,VIX,complete,2023-10-06,2023-11-22,31,17.45,12.85,-26.361031518624646,-0.3059958373072074,%,31,94.46906943719733,0.0,0.0,,,,,,,
FRED,E08,POST_30,UST10Y,complete,2023-10-06,2023-11-22,31,4.78,4.42,-0.3600000000000003,,pp,31,,0.0,0.0,,,,,,,
FRED,E08,POST_30,FFR_UPPER,complete,2023-10-06,2023-11-22,31,5.5,5.5,0.0,,pp,31,,0.0,0.0,,,,,,,
FRED,E08,POST_30,IN_REPO,complete,2023-10-06,2023-11-22,31,6.5,6.5,0.0,,pp,31,,240.0,287.0,,,,,,,
FRED,E08,POST_90,USDINR,complete,2023-10-06,2024-02-21,91,83.25,82.96,-0.3483483483483596,-0.003489564939281432,%,91,1.5066444840493558,0.0,0.0,0.34956605593057244,1.5310854543840624,751.0,1.2239127988724396,2.1374287967919363,-0.7323940050941872,25.299600532623167
FRED,E08,POST_90,BRENT,complete,2023-10-06,2024-02-21,91,87.86,84.77,-3.516958798087866,-0.0358029319273193,%,91,34.7588051062507,0.0,0.0,,,751.0,8.757263261535808,20.407949296244176,-0.5867870433783545,30.359520639147803
FRED,E08,POST_90,GOLD_USD,complete,2023-10-06,2024-02-21,91,1821.9,2028.8,11.35627641473187,0.1075645726712674,%,91,12.514821251233451,0.0,0.0,,,751.0,0.4485808329327323,7.131688325744637,1.4455033770941275,91.07856191744341
FRED,E08,POST_90,NIFTY50,complete,2023-10-06,2024-02-21,91,19653.5,22055.05,12.219452006004005,0.11528616111129861,%,91,11.416266708930412,0.0,0.0,,,751.0,7.3037961998067225,9.086855526750435,0.4929353025165235,67.7762982689747
FRED,E08,POST_90,DXY_BROAD,complete,2023-10-06,2024-02-21,91,123.3563,121.0379,-1.879433802732422,-0.018973196157179337,%,91,5.465268667382983,0.0,0.0,,,751.0,0.19075718850534162,3.276082679358842,-0.6373145302163845,28.095872170439414
FRED,E08,POST_90,VIX,complete,2023-10-06,2024-02-21,91,17.45,15.34,-12.091690544412604,-0.128875852709326,%,91,77.91522312537002,0.0,0.0,,,,,,,
FRED,E08,POST_90,UST10Y,complete,2023-10-06,2024-02-21,91,4.78,4.32,-0.45999999999999996,,pp,91,,0.0,0.0,,,,,,,
FRED,E08,POST_90,FFR_UPPER,complete,2023-10-06,2024-02-21,91,5.5,5.5,0.0,,pp,91,,0.0,0.0,,,,,,,
FRED,E08,POST_90,IN_REPO,complete,2023-10-06,2024-02-21,91,6.5,6.5,0.0,,pp,91,,240.0,378.0,,,,,,,
FRED,E09,PRE_30,USDINR,complete,2024-03-04,2024-04-12,29,82.88,83.59,0.8566602316602445,0.008530117199891954,%,29,2.499282307605667,0.0,0.0,-0.8493838975954127,-0.3152406221355042,751.0,0.5025441418568866,1.2806477361199602,0.27464704506310894,65.24633821571238
FRED,E09,PRE_30,BRENT,complete,2024-03-04,2024-04-12,29,86.58,93.12,7.553707553707567,0.07282014196929332,%,29,21.6885111040411,0.0,0.0,,,751.0,1.2423325043051214,11.298007529468821,0.5352567966792451,68.70838881491345
FRED,E09,PRE_30,GOLD_USD,complete,2024-03-04,2024-04-12,29,2083.15,2394.8,14.96051652545425,0.13941854886108673,%,29,17.83231556241093,0.0,0.0,,,751.0,0.43278710213368043,4.241398738930177,3.1852703425380975,100.0
FRED,E09,PRE_30,NIFTY50,complete,2024-03-04,2024-04-12,29,22405.6,22519.4,0.5079087371014479,0.005066232316343384,%,29,9.241908260587236,0.0,0.0,,,751.0,1.5332573289823292,4.74288158357928,-0.21400460340128225,41.67776298268975
FRED,E09,PRE_30,DXY_BROAD,complete,2024-03-04,2024-04-12,29,120.872,122.2885,1.1719008537957487,0.011650872763251954,%,29,3.910775750848066,0.0,0.0,,,751.0,0.2974231026716234,1.8312043346131475,0.4740626617684828,66.17842876165113
FRED,E09,PRE_30,VIX,complete,2024-03-04,2024-04-12,29,13.49,17.31,28.317272053372868,0.24933569896845334,%,29,84.11492012142597,0.0,0.0,,,,,,,
FRED,E09,PRE_30,UST10Y,complete,2024-03-04,2024-04-12,29,4.22,4.5,0.28000000000000025,,pp,29,,0.0,0.0,,,,,,,
FRED,E09,PRE_30,FFR_UPPER,complete,2024-03-04,2024-04-12,29,5.5,5.5,0.0,,pp,29,,0.0,0.0,,,,,,,
FRED,E09,PRE_30,IN_REPO,complete,2024-03-04,2024-04-12,29,6.5,6.5,0.0,,pp,29,,390.0,429.0,,,,,,,
FRED,E09,PRE_14,USDINR,complete,2024-03-26,2024-04-12,13,83.32,83.59,0.32405184829573663,0.0032352793182936035,%,13,2.8392065583817296,0.0,0.0,-0.3230051441560078,-0.6788868454969954,751.0,0.23186518054270078,1.0147674185167403,0.09059331441513889,58.72170439414115
FRED,E09,PRE_14,BRENT,complete,2024-03-26,2024-04-12,13,85.91,93.12,8.39250378302876,0.08058874733316262,%,13,22.840274579279686,0.0,0.0,,,751.0,0.4579811614276563,7.387963328933354,1.0289627568662572,85.88548601864181
FRED,E09,PRE_14,GOLD_USD,complete,2024-03-26,2024-04-12,13,2193.45,2394.8,9.17960290865989,0.08782407332519934,%,13,18.32464861290479,0.0,0.0,,,751.0,0.39643334420436105,3.1083345170263046,2.698151588491875,99.86684420772303
FRED,E09,PRE_14,NIFTY50,complete,2024-03-26,2024-04-12,13,22004.7,22519.4,2.3390457493172034,0.02312109302759102,%,13,7.9287459425179705,0.0,0.0,,,751.0,0.6930361126335827,3.0880025638656683,0.525084942037863,68.04260985352862
FRED,E09,PRE_14,DXY_BROAD,complete,2024-03-26,2024-04-12,13,121.0742,122.2885,1.002938693792732,0.009979426408034182,%,13,4.84568575236075,0.0,0.0,,,751.0,0.10808068274039684,1.215577833687677,0.732096537564122,76.69773635153129
FRED,E09,PRE_14,VIX,complete,2024-03-26,2024-04-12,13,13.24,17.31,30.74018126888216,0.26804181867925564,%,13,105.19160029352437,0.0,0.0,,,,,,,
FRED,E09,PRE_14,UST10Y,complete,2024-03-26,2024-04-12,13,4.24,4.5,0.2599999999999998,,pp,13,,0.0,0.0,,,,,,,
FRED,E09,PRE_14,FFR_UPPER,complete,2024-03-26,2024-04-12,13,5.5,5.5,0.0,,pp,13,,0.0,0.0,,,,,,,
FRED,E09,PRE_14,IN_REPO,complete,2024-03-26,2024-04-12,13,6.5,6.5,0.0,,pp,13,,412.0,429.0,,,,,,,
FRED,E09,PRE_7,USDINR,complete,2024-04-04,2024-04-12,6,83.44,83.59,0.17976989453500902,0.001796085018547887,%,6,4.290483511435142,0.0,0.0,-0.17944730230889938,-1.0848736626310584,751.0,0.10380727074024154,0.6703748485259443,0.11315322132124252,59.254327563249
FRED,E09,PRE_7,BRENT,complete,2024-04-04,2024-04-12,6,90.32,93.12,3.10008857395927,0.03053006414172125,%,6,23.43811988743183,0.0,0.0,,,751.0,0.25645995831518054,5.627696592298572,0.4969839271460451,70.30625832223701
FRED,E09,PRE_7,GOLD_USD,complete,2024-04-04,2024-04-12,6,2292.5,2394.8,4.462377317339161,0.04365679492057718,%,6,23.19059926939733,0.0,0.0,,,751.0,0.21688321100414854,2.1196023284087326,1.957457338847095,96.53794940079894
FRED,E09,PRE_7,NIFTY50,complete,2024-04-04,2024-04-12,6,22514.65,22519.4,0.02109737437623327,0.00021095149193170047,%,6,9.46818993566469,0.0,0.0,,,751.0,0.33586785601260605,2.1034968995598784,-0.14937503857160442,40.612516644474034
FRED,E09,PRE_7,DXY_BROAD,complete,2024-04-04,2024-04-12,6,120.7613,122.2885,1.2646435571660675,0.012567137266072975,%,6,5.621472162100044,0.0,0.0,,,751.0,0.0497502231278979,0.8329836814558196,1.4489790156398294,92.9427430093209
FRED,E09,PRE_7,VIX,complete,2024-04-04,2024-04-12,6,16.35,17.31,5.871559633027501,0.05705647184485528,%,6,125.83372905669472,0.0,0.0,,,,,,,
FRED,E09,PRE_7,UST10Y,complete,2024-04-04,2024-04-12,6,4.31,4.5,0.1900000000000004,,pp,6,,0.0,0.0,,,,,,,
FRED,E09,PRE_7,FFR_UPPER,complete,2024-04-04,2024-04-12,6,5.5,5.5,0.0,,pp,6,,0.0,0.0,,,,,,,
FRED,E09,PRE_7,IN_REPO,complete,2024-04-04,2024-04-12,6,6.5,6.5,0.0,,pp,6,,421.0,429.0,,,,,,,
FRED,E09,EVENT,USDINR,complete,2024-04-12,2024-04-15,1,83.59,83.48,-0.13159468835984844,-0.0013168135020647236,%,1,,0.0,0.0,0.13176808816481866,-0.24321597736086664,751.0,0.013961326921263506,0.260729381478541,-0.5585933652712786,24.101198402130493
FRED,E09,EVENT,BRENT,complete,2024-04-12,2024-04-15,1,93.12,90.84,-2.448453608247425,-0.02478926674577,%,1,,0.0,0.0,,,751.0,0.05240471416718684,2.3783178125502173,-1.064331120471618,11.984021304926765
FRED,E09,EVENT,GOLD_USD,complete,2024-04-12,2024-04-15,1,2394.8,2347.15,-1.9897277434441363,-0.020097893866193563,%,1,,0.0,0.0,,,751.0,0.043455135546421886,0.8530528530272373,-2.406925990423459,1.5978695073235687
FRED,E09,EVENT,NIFTY50,complete,2024-04-12,2024-04-15,1,22519.4,22272.5,-1.0963880032327733,-0.011024426319883079,%,1,,0.0,0.0,,,751.0,0.05859206268181705,0.8444519619315031,-1.3748769480829832,7.323568575233022
FRED,E09,EVENT,DXY_BROAD,complete,2024-04-12,2024-04-15,1,122.2885,122.425,0.1116212890010182,0.0011155903875893574,%,1,,0.0,0.0,,,751.0,0.010473149013767724,0.3350458066568279,0.3017093070043321,64.84687083888149
FRED,E09,EVENT,VIX,complete,2024-04-12,2024-04-15,1,17.31,19.23,11.091854419410762,0.10518719041257063,%,1,,0.0,0.0,,,,,,,
FRED,E09,EVENT,UST10Y,complete,2024-04-12,2024-04-15,1,4.5,4.63,0.1299999999999999,,pp,1,,0.0,0.0,,,,,,,
FRED,E09,EVENT,FFR_UPPER,complete,2024-04-12,2024-04-15,1,5.5,5.5,0.0,,pp,1,,0.0,0.0,,,,,,,
FRED,E09,EVENT,IN_REPO,complete,2024-04-12,2024-04-15,1,6.5,6.5,0.0,,pp,1,,429.0,432.0,,,,,,,
FRED,E09,POST_7,USDINR,complete,2024-04-12,2024-04-24,8,83.59,83.34,-0.29907883718147676,-0.002995269716757314,%,8,1.1473773745723004,0.0,0.0,0.29997600191984386,-0.7909484733287897,751.0,0.12302245761939279,0.7565726667136474,-0.5584048132620368,22.237017310252995
FRED,E09,POST_7,BRENT,complete,2024-04-12,2024-04-24,8,93.12,89.02,-4.402920962199319,-0.045027920395419495,%,8,20.892147293666795,0.0,0.0,,,751.0,0.4090263658167892,6.213117660738615,-0.7904218839466243,20.505992010652463
FRED,E09,POST_7,GOLD_USD,complete,2024-04-12,2024-04-24,8,2394.8,2312.3,-3.4449640888591926,-0.03505701989127501,%,8,21.86798621887009,0.0,0.0,,,751.0,0.3152102072015106,2.4871268081138895,-1.5360762619661166,5.59254327563249
FRED,E09,POST_7,NIFTY50,complete,2024-04-12,2024-04-24,8,22519.4,22402.4,-0.5195520306935375,-0.0052090639537937826,%,8,10.747363051451368,0.0,0.0,,,751.0,0.45990520737198004,2.4294987670105432,-0.4032754753535458,28.495339547270305
FRED,E09,POST_7,DXY_BROAD,complete,2024-04-12,2024-04-24,8,122.2885,122.89,0.49186963614731294,0.004906639095714116,%,8,3.8711161415927564,0.0,0.0,,,751.0,0.07231392690068006,0.9492970318421289,0.44072203173412355,67.50998668442078
FRED,E09,POST_7,VIX,complete,2024-04-12,2024-04-24,8,17.31,15.97,-7.7411900635470765,-0.08057240696119675,%,8,103.92934074359785,0.0,0.0,,,,,,,
FRED,E09,POST_7,UST10Y,complete,2024-04-12,2024-04-24,8,4.5,4.65,0.15000000000000036,,pp,8,,0.0,0.0,,,,,,,
FRED,E09,POST_7,FFR_UPPER,complete,2024-04-12,2024-04-24,8,5.5,5.5,0.0,,pp,8,,0.0,0.0,,,,,,,
FRED,E09,POST_7,IN_REPO,complete,2024-04-12,2024-04-24,8,6.5,6.5,0.0,,pp,8,,429.0,441.0,,,,,,,
FRED,E09,POST_14,USDINR,complete,2024-04-12,2024-05-03,15,83.59,83.43,-0.19141045579614824,-0.0019159387970815907,%,15,1.0723772529209217,0.0,0.0,0.1917775380558595,-0.06793196027122805,751.0,0.24759543359278435,1.0664349415888972,-0.41154249894004535,31.29161118508655
FRED,E09,POST_14,BRENT,complete,2024-04-12,2024-05-03,15,93.12,83.6,-10.22336769759451,-0.10784546389247185,%,15,29.7697723027786,0.0,0.0,,,751.0,0.6975262778624813,7.910319356598731,-1.4512247469108832,8.788282290279627
FRED,E09,POST_14,GOLD_USD,complete,2024-04-12,2024-05-03,15,2394.8,2301.1,-3.9126440621346403,-0.039912450594668865,%,15,17.985083677978352,0.0,0.0,,,751.0,0.5500936059117612,3.4089295168561318,-1.331746858926759,9.85352862849534
FRED,E09,POST_14,NIFTY50,complete,2024-04-12,2024-05-03,15,22519.4,22475.85,-0.19338881142483277,-0.0019357604902340846,%,15,10.285742867782712,0.0,0.0,,,751.0,0.8546629780780357,3.2852953209566547,-0.31796455360017717,37.949400798934754
FRED,E09,POST_14,DXY_BROAD,complete,2024-04-12,2024-05-03,15,122.2885,122.1375,-0.12347849552492018,-0.0012355479303301615,%,15,4.187766349394967,0.0,0.0,,,751.0,0.1300898422724961,1.3182183493869886,-0.1923506010228654,42.60985352862849
FRED,E09,POST_14,VIX,complete,2024-04-12,2024-05-03,15,17.31,13.49,-22.068168688619284,-0.2493356989684532,%,15,88.04372457377357,0.0,0.0,,,,,,,
FRED,E09,POST_14,UST10Y,complete,2024-04-12,2024-05-03,15,4.5,4.5,0.0,,pp,15,,0.0,0.0,,,,,,,
FRED,E09,POST_14,FFR_UPPER,complete,2024-04-12,2024-05-03,15,5.5,5.5,0.0,,pp,15,,0.0,0.0,,,,,,,
FRED,E09,POST_14,IN_REPO,complete,2024-04-12,2024-05-03,15,6.5,6.5,0.0,,pp,15,,429.0,450.0,,,,,,,
FRED,E09,POST_30,USDINR,complete,2024-04-12,2024-05-28,31,83.59,83.16,-0.514415599952156,-0.005157432721252668,%,31,1.166376761167084,0.0,0.0,0.5170755170755159,0.1876128001018107,751.0,0.5270589925500557,1.2705356800962913,-0.8196685746665631,16.910785619174433
FRED,E09,POST_30,BRENT,complete,2024-04-12,2024-05-28,31,93.12,81.34,-12.650343642611684,-0.1352510835040492,%,31,25.994101007098653,0.0,0.0,,,751.0,1.2426130041845118,11.486888309371933,-1.2849488815631278,11.8508655126498
FRED,E09,POST_30,GOLD_USD,complete,2024-04-12,2024-05-28,31,2394.8,2344.7,-2.0920327375981485,-0.021142258124507103,%,31,19.072400090776654,0.0,0.0,,,751.0,1.027047658297442,4.515001207724209,-0.6945812477167187,25.832223701731028
FRED,E09,POST_30,NIFTY50,complete,2024-04-12,2024-05-28,31,22519.4,22888.15,1.6374770198140265,0.016242149446358253,%,31,10.419519194877314,0.0,0.0,,,751.0,1.7094934669016126,4.8163451999772695,-0.014706400624727568,48.06924101198402
FRED,E09,POST_30,DXY_BROAD,complete,2024-04-12,2024-05-28,31,122.2885,121.43,-0.7020284000539667,-0.007045042135064179,%,31,3.4117075745613414,0.0,0.0,,,751.0,0.2646105466553861,1.8798524544946904,-0.5153411271748138,28.095872170439414
FRED,E09,POST_30,VIX,complete,2024-04-12,2024-05-28,31,17.31,12.92,-25.361062969381855,-0.292507870833662,%,31,78.75193242819137,0.0,0.0,,,,,,,
FRED,E09,POST_30,UST10Y,complete,2024-04-12,2024-05-28,31,4.5,4.54,0.040000000000000036,,pp,31,,0.0,0.0,,,,,,,
FRED,E09,POST_30,FFR_UPPER,complete,2024-04-12,2024-05-28,31,5.5,5.5,0.0,,pp,31,,0.0,0.0,,,,,,,
FRED,E09,POST_30,IN_REPO,complete,2024-04-12,2024-05-28,31,6.5,6.5,0.0,,pp,31,,429.0,475.0,,,,,,,
FRED,E09,POST_90,USDINR,complete,2024-04-12,2024-08-22,91,83.59,83.93,0.4067472185668164,0.004059222383671448,%,91,1.692965730334631,0.0,0.0,-0.4050994876683034,0.3461528045376916,751.0,1.550049968817091,1.8059108468255356,-0.6269618312351589,30.892143808255657
FRED,E09,POST_90,BRENT,complete,2024-04-12,2024-08-22,91,93.12,78.8,-15.378006872852247,-0.1669759871192944,%,91,24.888952563542883,0.0,0.0,,,751.0,4.330968785683376,18.21533346482393,-1.149438409978874,13.182423435419441
FRED,E09,POST_90,GOLD_USD,complete,2024-04-12,2024-08-22,91,2394.8,2505.1,4.605812593953562,0.04502893383066042,%,91,15.297356272956087,0.0,0.0,,,751.0,1.8145847440687257,6.860655729114591,0.39421534072521236,65.5126498002663
FRED,E09,POST_90,NIFTY50,complete,2024-04-12,2024-08-22,91,22519.4,24811.5,10.178335124381643,0.09693009543570365,%,91,16.898040040573598,0.0,0.0,,,751.0,5.16947824063243,6.992616687373672,0.6653754393937579,70.97203728362183
FRED,E09,POST_90,DXY_BROAD,complete,2024-04-12,2024-08-22,91,122.2885,122.3626,0.0605944140291248,0.0006057606302681447,%,91,3.968649634882198,0.0,0.0,,,751.0,0.8552967281931334,2.857884230118033,-0.27680747785327364,36.61784287616511
FRED,E09,POST_90,VIX,complete,2024-04-12,2024-08-22,91,17.31,17.55,1.3864818024263537,0.013769580723757035,%,91,144.978138717651,0.0,0.0,,,,,,,
FRED,E09,POST_90,UST10Y,complete,2024-04-12,2024-08-22,91,4.5,3.86,-0.6400000000000001,,pp,91,,0.0,0.0,,,,,,,
FRED,E09,POST_90,FFR_UPPER,complete,2024-04-12,2024-08-22,91,5.5,5.5,0.0,,pp,91,,0.0,0.0,,,,,,,
FRED,E09,POST_90,IN_REPO,complete,2024-04-12,2024-08-22,91,6.5,6.5,0.0,,pp,91,,429.0,561.0,,,,,,,
FRED,E10,PRE_30,USDINR,complete,2025-03-12,2025-04-22,29,87.16,85.19,-2.2602111060119334,-0.02286145402167003,%,29,4.731657428717138,0.0,0.0,2.312477990374462,0.4799165213770995,751.0,0.5602342223709478,0.9761084484909174,-2.9144468052847343,0.0
FRED,E10,PRE_30,BRENT,complete,2025-03-12,2025-04-22,29,72.36,68.93,-4.740187949143159,-0.0485621636295338,%,29,36.77677547884658,0.0,0.0,,,751.0,-1.2227494133420613,9.431690504323335,-0.3844411417584037,36.35153129161118
FRED,E10,PRE_30,GOLD_USD,complete,2025-03-12,2025-04-22,29,2913.6,3454.7,18.571526633717728,0.17034619277825128,%,29,20.03446722093505,0.0,0.0,,,751.0,1.6735633034220543,4.598552280479243,3.3434230596677055,100.0
FRED,E10,PRE_30,NIFTY50,complete,2025-03-12,2025-04-22,29,22470.5,24167.25,7.551011325960699,0.07279507299115977,%,29,18.352093267218393,0.0,0.0,,,751.0,1.1546520338774124,4.502469434224743,1.3618016930831682,90.94540612516646
FRED,E10,PRE_30,DXY_BROAD,complete,2025-03-12,2025-04-22,29,125.8664,122.4175,-2.740127627389033,-0.027783693242276548,%,29,7.438501580317074,0.0,0.0,,,751.0,0.3843112865128395,1.891630410862326,-1.6715442949916672,5.193075898801598
FRED,E10,PRE_30,VIX,complete,2025-03-12,2025-04-22,29,24.23,30.57,26.165910028889794,0.23242760107430868,%,29,247.64791702662814,0.0,0.0,,,,,,,
FRED,E10,PRE_30,UST10Y,complete,2025-03-12,2025-04-22,29,4.32,4.41,0.08999999999999986,,pp,29,,0.0,0.0,,,,,,,
FRED,E10,PRE_30,FFR_UPPER,complete,2025-03-12,2025-04-22,29,4.5,4.5,0.0,,pp,29,,0.0,0.0,,,,,,,
FRED,E10,PRE_30,IN_REPO,complete,2025-03-12,2025-04-22,29,6.25,6.0,-0.25,,pp,29,,33.0,13.0,,,,,,,
FRED,E10,PRE_14,USDINR,complete,2025-04-03,2025-04-22,13,85.44,85.19,-0.2926029962546761,-0.0029303191571355435,%,13,6.200105206872012,0.0,0.0,0.2934616739053819,1.5626606257945874,751.0,0.20932693227879717,0.752573910381191,-0.6672302314827903,16.511318242343542
FRED,E10,PRE_14,BRENT,complete,2025-04-03,2025-04-22,13,72.54,68.93,-4.976564653984006,-0.05104663695719582,%,13,42.14119951848038,0.0,0.0,,,751.0,-0.7645373059350757,6.679986795861084,-0.6492810470664769,25.699067909454058
FRED,E10,PRE_14,GOLD_USD,complete,2025-04-03,2025-04-22,13,3128.15,3454.7,10.439077409970743,0.09929384727195331,%,13,27.981016416203925,0.0,0.0,,,751.0,0.802044344528352,3.238199865932582,2.819634377522401,100.0
FRED,E10,PRE_14,NIFTY50,complete,2025-04-03,2025-04-22,13,23250.1,24167.25,3.944714216282952,0.038688977732854284,%,13,24.274231576414163,0.0,0.0,,,751.0,0.5209118085980791,2.9611400181423315,1.1310974815198214,87.61651131824235
FRED,E10,PRE_14,DXY_BROAD,complete,2025-04-03,2025-04-22,13,124.7316,122.4175,-1.8552636220492635,-0.01872689504854518,%,13,9.150135976587467,0.0,0.0,,,751.0,0.14630489929312596,1.2669028726917608,-1.5935613742157775,5.725699067909454
FRED,E10,PRE_14,VIX,complete,2025-04-03,2025-04-22,13,30.02,30.57,1.8321119253830842,0.0181553096974273,%,13,325.15295157747136,0.0,0.0,,,,,,,
FRED,E10,PRE_14,UST10Y,complete,2025-04-03,2025-04-22,13,4.06,4.41,0.35000000000000053,,pp,13,,0.0,0.0,,,,,,,
FRED,E10,PRE_14,FFR_UPPER,complete,2025-04-03,2025-04-22,13,4.5,4.5,0.0,,pp,13,,0.0,0.0,,,,,,,
FRED,E10,PRE_14,IN_REPO,complete,2025-04-03,2025-04-22,13,6.25,6.0,-0.25,,pp,13,,55.0,13.0,,,,,,,
FRED,E10,PRE_7,USDINR,complete,2025-04-14,2025-04-22,6,86.02,85.19,-0.9648918856079991,-0.009695771300841156,%,6,2.8397118052106967,0.0,0.0,0.974292757365891,0.03971915209382004,751.0,0.10300702241381465,0.523180649654158,-2.050020652287401,2.396804260985353
FRED,E10,PRE_7,BRENT,complete,2025-04-14,2025-04-22,6,67.18,68.93,2.6049419470080437,0.025715912713413818,%,6,20.363959056649662,0.0,0.0,,,751.0,-0.34208311568937333,4.965427977244248,0.5869103010800661,71.5046604527297
FRED,E10,PRE_7,GOLD_USD,complete,2025-04-14,2025-04-22,6,3220.65,3454.7,7.267166565755345,0.07015242023076884,%,6,25.162594614970736,0.0,0.0,,,751.0,0.37654078784514766,2.198934025122691,3.0193758883363344,99.6005326231691
FRED,E10,PRE_7,NIFTY50,complete,2025-04-14,2025-04-22,6,22828.55,24167.25,5.864148182867512,0.05698646522916002,%,6,14.026797656466519,3.0,0.0,,,751.0,0.19131010583306463,2.0478344471926935,2.6894357546113405,99.86684420772303
FRED,E10,PRE_7,DXY_BROAD,complete,2025-04-14,2025-04-22,6,123.6598,122.4175,-1.0046110377018191,-0.01009691307660567,%,6,4.135666764267996,0.0,0.0,,,751.0,0.06132398784579607,0.8568315214352572,-1.2499499297582128,9.187749667110518
FRED,E10,PRE_7,VIX,complete,2025-04-14,2025-04-22,6,30.89,30.57,-1.0359339592101002,-0.0104133710277472,%,6,148.6272678162281,0.0,0.0,,,,,,,
FRED,E10,PRE_7,UST10Y,complete,2025-04-14,2025-04-22,6,4.38,4.41,0.03000000000000025,,pp,6,,0.0,0.0,,,,,,,
FRED,E10,PRE_7,FFR_UPPER,complete,2025-04-14,2025-04-22,6,4.5,4.5,0.0,,pp,6,,0.0,0.0,,,,,,,
FRED,E10,PRE_7,IN_REPO,complete,2025-04-14,2025-04-22,6,6.0,6.0,0.0,,pp,6,,5.0,13.0,,,,,,,
FRED,E10,EVENT,USDINR,complete,2025-04-22,2025-04-23,1,85.19,85.42,0.2699847399929567,0.0026962093585713256,%,1,,0.0,0.0,-0.2692577850620492,-0.22643121360843566,751.0,0.014781091857507533,0.21878702485303542,1.1647899891072488,90.54593874833556
FRED,E10,EVENT,BRENT,complete,2025-04-22,2025-04-23,1,68.93,68.26,-0.9720005802988596,-0.009767553418999524,%,1,,0.0,0.0,,,751.0,-0.056088782386642944,2.109091833231356,-0.4365152855677195,28.62849533954727
FRED,E10,EVENT,GOLD_USD,complete,2025-04-22,2025-04-23,1,3454.7,3332.85,-3.5270790517266337,-0.035907828957038146,%,1,,0.0,0.0,,,751.0,0.07634916448953089,0.9022595107068055,-4.064354972742478,0.0
FRED,E10,EVENT,NIFTY50,complete,2025-04-22,2025-04-23,1,24167.25,24328.95,0.669087297892812,0.006668588435125756,%,1,,0.0,0.0,,,751.0,0.045787416851572615,0.831382403963668,0.7470472106926929,80.29294274300932
FRED,E10,EVENT,DXY_BROAD,complete,2025-04-22,2025-04-23,1,122.4175,123.0252,0.49641595360139235,0.004951878721909392,%,1,,0.0,0.0,,,751.0,0.006334237621197225,0.35022689967887444,1.395820354239875,93.60852197070572
FRED,E10,EVENT,VIX,complete,2025-04-22,2025-04-23,1,30.57,28.45,-6.934903500163559,-0.07187097533040321,%,1,,0.0,0.0,,,,,,,
FRED,E10,EVENT,UST10Y,complete,2025-04-22,2025-04-23,1,4.41,4.4,-0.009999999999999787,,pp,1,,0.0,0.0,,,,,,,
FRED,E10,EVENT,FFR_UPPER,complete,2025-04-22,2025-04-23,1,4.5,4.5,0.0,,pp,1,,0.0,0.0,,,,,,,
FRED,E10,EVENT,IN_REPO,complete,2025-04-22,2025-04-23,1,6.0,6.0,0.0,,pp,1,,13.0,14.0,,,,,,,
FRED,E10,POST_7,USDINR,complete,2025-04-22,2025-05-02,8,85.19,84.5,-0.8099542199788701,-0.00813252169162094,%,8,6.61467563498277,0.0,0.0,0.8165680473372738,-0.874242414068771,751.0,0.12420058529911682,0.6043420090098635,-1.551068228524527,4.92676431424767
FRED,E10,POST_7,BRENT,complete,2025-04-22,2025-05-02,8,68.93,61.57,-10.677498911939654,-0.11291675797444174,%,8,12.194712152888968,0.0,0.0,,,751.0,-0.47556249173762444,5.497172393710085,-1.9673712473935565,3.062583222370173
FRED,E10,POST_7,GOLD_USD,complete,2025-04-22,2025-05-02,8,3454.7,3263.05,-5.5475149795930045,-0.05707328195357877,%,8,24.569319879430086,0.0,0.0,,,751.0,0.5533606145639025,2.6329666307617803,-2.377228530632346,0.6657789613848202
FRED,E10,POST_7,NIFTY50,complete,2025-04-22,2025-05-02,8,24167.25,24346.7,0.7425338009082516,0.007397905898242261,%,8,9.788970235603404,0.0,0.0,,,751.0,0.32517875611541847,2.382749296726237,0.17422705654531087,51.398135818908116
FRED,E10,POST_7,DXY_BROAD,complete,2025-04-22,2025-05-02,8,122.4175,122.4962,0.06428819408990094,0.0006426753808284606,%,8,5.215573633519894,0.0,0.0,,,751.0,0.05797865690948534,1.0165019960065766,0.006203315219926509,50.59920106524633
FRED,E10,POST_7,VIX,complete,2025-04-22,2025-05-02,8,30.57,22.68,-25.80961727183514,-0.2985356570431919,%,8,65.97887274880988,0.0,0.0,,,,,,,
FRED,E10,POST_7,UST10Y,complete,2025-04-22,2025-05-02,8,4.41,4.33,-0.08000000000000007,,pp,8,,0.0,0.0,,,,,,,
FRED,E10,POST_7,FFR_UPPER,complete,2025-04-22,2025-05-02,8,4.5,4.5,0.0,,pp,8,,0.0,0.0,,,,,,,
FRED,E10,POST_7,IN_REPO,complete,2025-04-22,2025-05-02,8,6.0,6.0,0.0,,pp,8,,13.0,23.0,,,,,,,
FRED,E10,POST_14,USDINR,complete,2025-04-22,2025-05-13,15,85.19,85.35,0.1878154712994462,0.0018763931857004883,%,15,6.9934584461541816,0.0,0.0,-0.1874633860574071,-0.2539514329421788,751.0,0.24199894543968092,0.8079035320998195,-0.06692294169759073,52.5965379494008
FRED,E10,POST_14,BRENT,complete,2025-04-22,2025-05-13,15,68.93,66.93,-2.901494269548821,-0.02944419978500965,%,15,33.211315003898974,0.0,0.0,,,751.0,-0.8614987019207154,6.9671205605890085,-0.2984287277454169,38.21571238348868
FRED,E10,POST_14,GOLD_USD,complete,2025-04-22,2025-05-13,15,3454.7,3254.1,-5.80658233710597,-0.0598198830373133,%,15,27.577880130829623,0.0,0.0,,,751.0,0.9913968272622142,3.5346201994847357,-1.9714998048312777,1.5978695073235687
FRED,E10,POST_14,NIFTY50,complete,2025-04-22,2025-05-13,15,24167.25,24578.35,1.7010623881492437,0.01686756330634692,%,15,19.180281710755583,0.0,0.0,,,751.0,0.5548788154692286,3.17173265751814,0.35734767677913903,60.58588548601864
FRED,E10,POST_14,DXY_BROAD,complete,2025-04-22,2025-05-13,15,122.4175,122.9583,0.441766904241625,0.004407939785765577,%,15,5.892077656791234,0.0,0.0,,,751.0,0.13707032879541892,1.4009734938762222,0.21686170846817945,57.12383488681758
FRED,E10,POST_14,VIX,complete,2025-04-22,2025-05-13,15,30.57,18.22,-40.39908406934904,-0.5174992440709308,%,15,90.19522676781047,0.0,0.0,,,,,,,
FRED,E10,POST_14,UST10Y,complete,2025-04-22,2025-05-13,15,4.41,4.49,0.08000000000000007,,pp,15,,0.0,0.0,,,,,,,
FRED,E10,POST_14,FFR_UPPER,complete,2025-04-22,2025-05-13,15,4.5,4.5,0.0,,pp,15,,0.0,0.0,,,,,,,
FRED,E10,POST_14,IN_REPO,complete,2025-04-22,2025-05-13,15,6.0,6.0,0.0,,pp,15,,13.0,34.0,,,,,,,
FRED,E10,POST_30,USDINR,complete,2025-04-22,2025-06-05,31,85.19,85.8,0.716046484329147,0.007134950439167491,%,31,5.927966862324003,0.0,0.0,-0.7109557109557074,1.9069709845027427,751.0,0.5070404143294738,1.0508822293242792,0.19767747992056559,66.97736351531292
FRED,E10,POST_30,BRENT,complete,2025-04-22,2025-06-05,31,68.93,67.14,-2.5968373712461967,-0.026311505345671636,%,31,29.90902328179664,0.0,0.0,,,751.0,-1.8234024941017113,9.208993517680865,-0.08588551721195674,45.13981358189081
FRED,E10,POST_30,GOLD_USD,complete,2025-04-22,2025-06-05,31,3454.7,3385.6,-2.0001736764407863,-0.020204479527669263,%,31,22.95243837032053,0.0,0.0,,,751.0,1.9417387511745154,4.928903863760957,-0.8000917853034442,23.435419440745672
FRED,E10,POST_30,NIFTY50,complete,2025-04-22,2025-06-05,31,24167.25,24750.9,2.4150451540824847,0.023863441157683202,%,31,15.190028512569908,0.0,0.0,,,751.0,1.2053106185663243,4.622156084782856,0.25707472840053563,63.38215712383488
FRED,E10,POST_30,DXY_BROAD,complete,2025-04-22,2025-06-05,31,122.4175,120.9596,-1.1909245001735957,-0.011980728167199015,%,31,5.456800225788667,0.0,0.0,,,751.0,0.30962451695597526,2.011691517420093,-0.7492296761476921,24.101198402130493
FRED,E10,POST_30,VIX,complete,2025-04-22,2025-06-05,31,30.57,18.48,-39.54857703631011,-0.503330069689205,%,31,101.4850952840438,0.0,0.0,,,,,,,
FRED,E10,POST_30,UST10Y,complete,2025-04-22,2025-06-05,31,4.41,4.4,-0.009999999999999787,,pp,31,,0.0,0.0,,,,,,,
FRED,E10,POST_30,FFR_UPPER,complete,2025-04-22,2025-06-05,31,4.5,4.5,0.0,,pp,31,,0.0,0.0,,,,,,,
FRED,E10,POST_30,IN_REPO,complete,2025-04-22,2025-06-05,31,6.0,6.0,0.0,,pp,31,,13.0,57.0,,,,,,,
FRED,E10,POST_90,USDINR,complete,2025-04-22,2025-09-02,91,85.19,88.15,3.474586219039799,0.03415585278913018,%,91,4.86775556504022,0.0,0.0,-3.357912648893935,4.890886993030453,751.0,1.6389635648742518,1.7666162641154275,1.0131842358377332,78.42876165113182
FRED,E10,POST_90,BRENT,complete,2025-04-22,2025-09-02,91,68.93,68.09,-1.2186275932105084,-0.012261137402685222,%,91,34.68917983411088,0.0,0.0,,,751.0,-3.094185635814939,14.892585143872317,0.12871860422679435,62.18375499334221
FRED,E10,POST_90,GOLD_USD,complete,2025-04-22,2025-09-02,91,3454.7,3478.0,0.6744435117376435,0.006721793162633583,%,91,17.20721855164393,0.0,0.0,,,751.0,5.346625906722857,8.090640849181797,-0.5606988861419434,22.769640479360852
FRED,E10,POST_90,NIFTY50,complete,2025-04-22,2025-09-02,91,24167.25,24579.6,1.7062346770939874,0.016918419780234374,%,91,11.609514687511997,0.0,0.0,,,751.0,3.6548158323860047,7.155935005335842,-0.2652021638625455,38.61517976031957
FRED,E10,POST_90,DXY_BROAD,complete,2025-04-22,2025-09-02,91,122.4175,120.6837,-1.416300773990653,-0.014264260298157897,%,91,4.711479304949508,0.0,0.0,,,751.0,1.1546358128073253,3.0509133381957585,-0.8438282275036286,19.70705725699068
FRED,E10,POST_90,VIX,complete,2025-04-22,2025-09-02,91,30.57,17.17,-43.83382401046777,-0.5768554609933588,%,91,103.42271862552599,0.0,0.0,,,,,,,
FRED,E10,POST_90,UST10Y,complete,2025-04-22,2025-09-02,91,4.41,4.28,-0.1299999999999999,,pp,91,,0.0,0.0,,,,,,,
FRED,E10,POST_90,FFR_UPPER,complete,2025-04-22,2025-09-02,91,4.5,4.5,0.0,,pp,91,,0.0,0.0,,,,,,,
FRED,E10,POST_90,IN_REPO,complete,2025-04-22,2025-09-02,91,6.0,5.5,-0.5,,pp,91,,13.0,88.0,,,,,,,
FRED,E11,PRE_30,USDINR,complete,2025-05-01,2025-06-12,29,84.58,85.55,1.1468432253487704,0.011403168293859846,%,29,5.11490134590711,0.0,0.0,-1.133839859731145,3.55726059412671,751.0,0.451510754300144,1.0507844951519991,0.6564831611349872,80.0266311584554
FRED,E11,PRE_30,BRENT,complete,2025-05-01,2025-06-12,29,62.37,70.84,13.580246913580263,0.12733942237660167,%,29,30.464623531096784,0.0,0.0,,,751.0,-1.7188009941463522,8.918727702584837,1.6221692792284896,96.271637816245
FRED,E11,PRE_30,GOLD_USD,complete,2025-05-01,2025-06-12,29,3225.75,3360.45,4.1757730760288325,0.040909412229092675,%,29,20.22866085999758,0.0,0.0,,,751.0,1.9405879232061718,4.7741645021505015,0.4543083081153079,64.84687083888149
FRED,E11,PRE_30,NIFTY50,complete,2025-05-01,2025-06-12,29,24334.2,24888.2,2.276631243270777,0.022511027279945747,%,29,15.583758424429494,1.0,0.0,,,751.0,1.1707333761642236,4.499689973146568,0.24160984851073208,61.118508655126504
FRED,E11,PRE_30,DXY_BROAD,complete,2025-05-01,2025-06-12,29,123.1405,120.1723,-2.4104173687779396,-0.024399433601505427,%,29,5.4109388751838745,0.0,0.0,,,751.0,0.24941700676861522,1.9487620503584813,-1.379875926073541,9.320905459387484
FRED,E11,PRE_30,VIX,complete,2025-05-01,2025-06-12,29,24.6,18.02,-26.747967479674806,-0.3112641907581254,%,29,105.25919563573525,0.0,0.0,,,,,,,
FRED,E11,PRE_30,UST10Y,complete,2025-05-01,2025-06-12,29,4.25,4.36,0.11000000000000032,,pp,29,,0.0,0.0,,,,,,,
FRED,E11,PRE_30,FFR_UPPER,complete,2025-05-01,2025-06-12,29,4.5,4.5,0.0,,pp,29,,0.0,0.0,,,,,,,
FRED,E11,PRE_30,IN_REPO,complete,2025-05-01,2025-06-12,29,6.0,5.5,-0.5,,pp,29,,22.0,6.0,,,,,,,
FRED,E11,PRE_14,USDINR,complete,2025-05-23,2025-06-12,13,85.17,85.55,0.4461664905483165,0.004451741185212987,%,13,2.5164369820719497,0.0,0.0,-0.4441846873173505,1.4441588074738942,751.0,0.17147345826094007,0.76375017606493,0.35855639282416074,71.37150466045273
FRED,E11,PRE_14,BRENT,complete,2025-05-23,2025-06-12,13,65.41,70.84,8.301482953676809,0.07974866094151142,%,13,29.517841094729707,0.0,0.0,,,751.0,-0.9241564926800172,6.604216991634831,1.3481264194684757,90.14647137150466
FRED,E11,PRE_14,GOLD_USD,complete,2025-05-23,2025-06-12,13,3330.1,3360.45,0.911384042521246,0.009072560007420828,%,13,13.934201233449684,0.0,0.0,,,751.0,0.9945851388915461,3.279790053635353,-0.0251283438527027,51.93075898801598
FRED,E11,PRE_14,NIFTY50,complete,2025-05-23,2025-06-12,13,24853.15,24888.2,0.1410284008264595,0.0014092904917565449,%,13,8.512070497021064,0.0,0.0,,,751.0,0.7363328847331818,2.8925549836162268,-0.20490747554211722,40.612516644474034
FRED,E11,PRE_14,DXY_BROAD,complete,2025-05-23,2025-06-12,13,121.3837,120.1723,-0.9979923169255778,-0.01003005643211593,%,13,4.46419069064008,0.0,0.0,,,751.0,0.03355065818568814,1.26440231663201,-0.8197949820145676,21.70439414114514
FRED,E11,PRE_14,VIX,complete,2025-05-23,2025-06-12,13,22.29,18.02,-19.156572454015254,-0.21265589521758563,%,13,91.9696113547379,0.0,0.0,,,,,,,
FRED,E11,PRE_14,UST10Y,complete,2025-05-23,2025-06-12,13,4.51,4.36,-0.14999999999999947,,pp,13,,0.0,0.0,,,,,,,
FRED,E11,PRE_14,FFR_UPPER,complete,2025-05-23,2025-06-12,13,4.5,4.5,0.0,,pp,13,,0.0,0.0,,,,,,,
FRED,E11,PRE_14,IN_REPO,complete,2025-05-23,2025-06-12,13,6.0,5.5,-0.5,,pp,13,,44.0,6.0,,,,,,,
FRED,E11,PRE_7,USDINR,complete,2025-06-04,2025-06-12,6,85.85,85.55,-0.34944670937682165,-0.0035005870052820694,%,6,1.0993003693335486,0.0,0.0,0.3506721215663422,0.37882392048309566,751.0,0.07804484558864289,0.5379950036403698,-0.7956823094398601,14.380825565912117
FRED,E11,PRE_7,BRENT,complete,2025-06-04,2025-06-12,6,66.69,70.84,6.2228220122957145,0.06036879627041806,%,6,27.289307732673663,0.0,0.0,,,751.0,-0.48575643251861367,4.90086931262273,1.3311556123145114,91.34487350199734
FRED,E11,PRE_7,GOLD_USD,complete,2025-06-04,2025-06-12,6,3363.1,3360.45,-0.07879634860694651,-0.0007882740924722089,%,6,12.615061431266023,0.0,0.0,,,751.0,0.4715741140842278,2.2872740470926702,-0.2401518509086025,41.67776298268975
FRED,E11,PRE_7,NIFTY50,complete,2025-06-04,2025-06-12,6,24620.2,24888.2,1.088537054938632,0.010826551364172932,%,6,10.810067900921986,0.0,0.0,,,751.0,0.32881933131678753,2.01830099241028,0.3737674591287409,61.91744340878829
FRED,E11,PRE_7,DXY_BROAD,complete,2025-06-04,2025-06-12,6,121.0539,120.1723,-0.7282706298599173,-0.007309354664423126,%,6,3.6562585059129806,0.0,0.0,,,751.0,0.020173989515037682,0.8513255160957433,-0.8822799353253016,17.576564580559253
FRED,E11,PRE_7,VIX,complete,2025-06-04,2025-06-12,6,17.61,18.02,2.3282226007949935,0.023015329672076992,%,6,85.57646333181394,0.0,0.0,,,,,,,
FRED,E11,PRE_7,UST10Y,complete,2025-06-04,2025-06-12,6,4.37,4.36,-0.009999999999999787,,pp,6,,0.0,0.0,,,,,,,
FRED,E11,PRE_7,FFR_UPPER,complete,2025-06-04,2025-06-12,6,4.5,4.5,0.0,,pp,6,,0.0,0.0,,,,,,,
FRED,E11,PRE_7,IN_REPO,complete,2025-06-04,2025-06-12,6,6.0,5.5,-0.5,,pp,6,,56.0,6.0,,,,,,,
FRED,E11,EVENT,USDINR,complete,2025-06-12,2025-06-13,1,85.55,86.08,0.6195207481005216,0.006176096075271757,%,1,,0.0,0.0,-0.6157063197026025,0.4928692651880784,751.0,0.012166793121326513,0.22332636660200617,2.7110258574128334,98.26897470039947
FRED,E11,EVENT,BRENT,complete,2025-06-12,2025-06-13,1,70.84,76.0,7.284020327498575,0.07030952737169817,%,1,,0.0,0.0,,,751.0,-0.07816142906578172,2.0621967358961304,3.447364940725422,99.86684420772303
FRED,E11,EVENT,GOLD_USD,complete,2025-06-12,2025-06-13,1,3360.45,3420.2,1.7780356797452823,0.017624135317905458,%,1,,0.0,0.0,,,751.0,0.07999074054398925,0.9282740676503445,1.8124547753957494,96.00532623169109
FRED,E11,EVENT,NIFTY50,complete,2025-06-12,2025-06-13,1,24888.2,24718.6,-0.6814474329200237,-0.006837798882833083,%,1,,0.0,0.0,,,751.0,0.057176319241403206,0.8088793766378156,-0.916007861610939,14.380825565912117
FRED,E11,EVENT,DXY_BROAD,complete,2025-06-12,2025-06-13,1,120.1723,120.3245,0.12665148291244321,0.0012657134757641483,%,1,,0.0,0.0,,,751.0,0.00019316090147381004,0.34628475405475195,0.36495452191210603,65.64580559254327
FRED,E11,EVENT,VIX,complete,2025-06-12,2025-06-13,1,18.02,20.82,15.53829078801332,0.144431811006631,%,1,,0.0,0.0,,,,,,,
FRED,E11,EVENT,UST10Y,complete,2025-06-12,2025-06-13,1,4.36,4.41,0.04999999999999982,,pp,1,,0.0,0.0,,,,,,,
FRED,E11,EVENT,FFR_UPPER,complete,2025-06-12,2025-06-13,1,4.5,4.5,0.0,,pp,1,,0.0,0.0,,,,,,,
FRED,E11,EVENT,IN_REPO,complete,2025-06-12,2025-06-13,1,5.5,5.5,0.0,,pp,1,,6.0,7.0,,,,,,,
FRED,E11,POST_7,USDINR,complete,2025-06-12,2025-06-25,8,85.55,86.04,0.5727644652250286,0.005711304061326955,%,8,7.13409526428497,0.0,0.0,-0.5695025569502632,0.43854052177050296,751.0,0.10369357481030406,0.6084446846077427,0.7683369874040914,82.82290279627163
FRED,E11,POST_7,BRENT,complete,2025-06-12,2025-06-25,8,70.84,68.4,-3.444381705251265,-0.03505098828612795,%,8,75.71380694681315,0.0,0.0,,,751.0,-0.6450426130539477,5.443366305157732,-0.5250366529939312,29.69374167776298
FRED,E11,POST_7,GOLD_USD,complete,2025-06-12,2025-06-25,8,3360.45,3322.4,-1.1322888303649692,-0.011387480244504138,%,8,15.277210334147986,0.0,0.0,,,751.0,0.6399945811718544,2.619835587645234,-0.6781736017575525,25.432756324900136
FRED,E11,POST_7,NIFTY50,complete,2025-06-12,2025-06-25,8,24888.2,25244.75,1.4326066167902773,0.014224417746431798,%,8,11.550769572286013,0.0,0.0,,,751.0,0.44103409418043693,2.3036447016302706,0.4264448354471692,63.64846870838882
FRED,E11,POST_7,DXY_BROAD,complete,2025-06-12,2025-06-25,8,120.1723,120.3336,0.1342239434545256,0.0013413394364473748,%,8,4.926314024188647,0.0,0.0,,,751.0,0.02036593100167572,0.9819688668929304,0.1158591581189783,56.59121171770972
FRED,E11,POST_7,VIX,complete,2025-06-12,2025-06-25,8,18.02,16.76,-6.992230854605985,-0.07248715712625478,%,8,155.5486414716754,0.0,0.0,,,,,,,
FRED,E11,POST_7,UST10Y,complete,2025-06-12,2025-06-25,8,4.36,4.29,-0.07000000000000028,,pp,8,,0.0,0.0,,,,,,,
FRED,E11,POST_7,FFR_UPPER,complete,2025-06-12,2025-06-25,8,4.5,4.5,0.0,,pp,8,,0.0,0.0,,,,,,,
FRED,E11,POST_7,IN_REPO,complete,2025-06-12,2025-06-25,8,5.5,5.5,0.0,,pp,8,,6.0,19.0,,,,,,,
FRED,E11,POST_14,USDINR,complete,2025-06-12,2025-07-07,15,85.55,85.86,0.3623611922852099,0.003617062458212023,%,15,6.732784195580521,0.0,0.0,-0.3610528767761467,0.8218680836403869,751.0,0.19362693261175679,0.8170846402043032,0.20593524862406315,65.77896138482025
FRED,E11,POST_14,BRENT,complete,2025-06-12,2025-07-07,15,70.84,71.95,1.5669113495200504,0.015547620418744084,%,15,58.733784266015086,0.0,0.0,,,751.0,-1.1953460016923545,6.770062804271627,0.4072797891772044,64.98002663115847
FRED,E11,POST_14,GOLD_USD,complete,2025-06-12,2025-07-07,15,3360.45,3306.0,-1.620318707315982,-0.016335894180078525,%,15,16.610829931156054,0.0,0.0,,,751.0,1.1845547409703894,3.518551597018682,-0.7989603530249452,21.70439414114514
FRED,E11,POST_14,NIFTY50,complete,2025-06-12,2025-07-07,15,24888.2,25461.3,2.3026976639531904,0.022765856748423404,%,15,10.045142858626308,0.0,0.0,,,751.0,0.8363352126708579,3.053394533922267,0.4728273242222514,65.9121171770972
FRED,E11,POST_14,DXY_BROAD,complete,2025-06-12,2025-07-07,15,120.1723,119.6201,-0.45950689135517697,-0.004605658695683768,%,15,4.539430440742801,0.0,0.0,,,751.0,0.04337112566095147,1.3636281399655295,-0.36954912993209527,36.61784287616511
FRED,E11,POST_14,VIX,complete,2025-06-12,2025-07-07,15,18.02,17.79,-1.2763596004439548,-0.012845750502448117,%,15,117.01934085309877,0.0,0.0,,,,,,,
FRED,E11,POST_14,UST10Y,complete,2025-06-12,2025-07-07,15,4.36,4.4,0.040000000000000036,,pp,15,,0.0,0.0,,,,,,,
FRED,E11,POST_14,FFR_UPPER,complete,2025-06-12,2025-07-07,15,4.5,4.5,0.0,,pp,15,,0.0,0.0,,,,,,,
FRED,E11,POST_14,IN_REPO,complete,2025-06-12,2025-07-07,15,5.5,5.5,0.0,,pp,15,,6.0,31.0,,,,,,,
FRED,E11,POST_30,USDINR,complete,2025-06-12,2025-07-29,31,85.55,86.83,1.496201052016377,0.014851183734351429,%,31,4.85046159848722,0.0,0.0,-1.4741448808015645,0.8345677138843932,751.0,0.4058573073103977,1.063376064531706,1.0157106984553494,85.61917443408788
FRED,E11,POST_30,BRENT,complete,2025-06-12,2025-07-29,31,70.84,73.21,3.3455674760022536,0.03290821074391847,%,31,45.54258321195861,0.0,0.0,,,751.0,-2.3180261587796402,8.962038614765994,0.628889947217603,68.97470039946738
FRED,E11,POST_30,GOLD_USD,complete,2025-06-12,2025-07-29,31,3360.45,3325.0,-1.0549182401166424,-0.010605219471093438,%,31,14.936416448492382,0.0,0.0,,,751.0,2.408723309533034,4.854245413018362,-0.7088008145911558,28.22902796271638
FRED,E11,POST_30,NIFTY50,complete,2025-06-12,2025-07-29,31,24888.2,24821.1,-0.26960567658570467,-0.002699697672432327,%,31,9.28950637054343,0.0,0.0,,,751.0,1.7074725730614748,4.45536033672695,-0.4405993496351169,33.15579227696405
FRED,E11,POST_30,DXY_BROAD,complete,2025-06-12,2025-07-29,31,120.1723,120.9674,0.6616333381319839,0.0065945415162980085,%,31,4.161457176087812,0.0,0.0,,,751.0,0.08623157451268515,2.019883314164473,0.2838083423728281,59.38748335552596
FRED,E11,POST_30,VIX,complete,2025-06-12,2025-07-29,31,18.02,15.98,-11.32075471698113,-0.12014431184206321,%,31,90.4149371857637,0.0,0.0,,,,,,,
FRED,E11,POST_30,UST10Y,complete,2025-06-12,2025-07-29,31,4.36,4.34,-0.020000000000000462,,pp,31,,0.0,0.0,,,,,,,
FRED,E11,POST_30,FFR_UPPER,complete,2025-06-12,2025-07-29,31,4.5,4.5,0.0,,pp,31,,0.0,0.0,,,,,,,
FRED,E11,POST_30,IN_REPO,complete,2025-06-12,2025-07-29,31,5.5,5.5,0.0,,pp,31,,6.0,53.0,,,,,,,
FRED,E11,POST_90,USDINR,complete,2025-06-12,2025-10-23,91,85.55,87.85,2.688486265341905,0.02652981429490371,%,91,4.161713878189911,0.0,0.0,-2.6180990324416564,2.0387525080617364,751.0,1.4576097359599416,1.7678182099806379,0.682136151641583,76.03195739014647
FRED,E11,POST_90,BRENT,complete,2025-06-12,2025-10-23,91,70.84,66.32,-6.380575945793354,-0.06593230208759344,%,91,35.47462370960987,0.0,0.0,,,751.0,-5.366048357303832,12.652531685206744,-0.08518788883270212,50.99866844207723
FRED,E11,POST_90,GOLD_USD,complete,2025-06-12,2025-10-23,91,3360.45,4125.7,22.772247764436315,0.20516080878052828,%,91,18.245384917666723,0.0,0.0,,,751.0,6.23734824423714,8.717501586668007,1.6593661379277345,97.07057256990679
FRED,E11,POST_90,NIFTY50,complete,2025-06-12,2025-10-23,91,24888.2,25891.4,4.030825853215592,0.03951707166952309,%,91,8.53767175327044,0.0,0.0,,,751.0,4.151626242104078,6.800686351133997,-0.017064812138790394,46.33821571238349
FRED,E11,POST_90,DXY_BROAD,complete,2025-06-12,2025-10-23,91,120.1723,120.9531,0.6497337572801687,0.006476320861027861,%,91,4.014537077729666,0.0,0.0,,,751.0,0.743224074685167,3.2885056094861858,-0.028232789734400462,46.47137150466045
FRED,E11,POST_90,VIX,complete,2025-06-12,2025-10-23,91,18.02,17.3,-3.9955604883462725,-0.04077575067645849,%,91,114.03372335879082,0.0,0.0,,,,,,,
FRED,E11,POST_90,UST10Y,complete,2025-06-12,2025-10-23,91,4.36,4.01,-0.35000000000000053,,pp,91,,0.0,0.0,,,,,,,
FRED,E11,POST_90,FFR_UPPER,complete,2025-06-12,2025-10-23,91,4.5,4.25,-0.25,,pp,91,,0.0,0.0,,,,,,,
FRED,E11,POST_90,IN_REPO,complete,2025-06-12,2025-10-23,91,5.5,5.5,0.0,,pp,91,,6.0,139.0,,,,,,,
FRED,E12,PRE_30,USDINR,complete,2026-01-15,2026-02-27,29,90.26,91.03,0.8530910702415184,0.008494728118342232,%,29,5.714757426328087,0.0,0.0,-0.845874986268258,2.6638316754828972,751.0,0.3450650284571477,0.8821515477893777,0.5724659985973094,76.16511318242344
FRED,E12,PRE_30,BRENT,complete,2026-01-15,2026-02-27,29,66.16,71.32,7.799274486094321,0.07510074227950382,%,29,33.57428335375099,0.0,0.0,,,751.0,-0.921523822506154,7.786728059990248,1.0833652187833376,85.35286284953395
FRED,E12,PRE_30,GOLD_USD,complete,2026-01-15,2026-02-27,29,4611.1,5174.1,12.209667975103544,0.11519897072435163,%,29,47.636915916646664,0.0,0.0,,,751.0,3.4599774544440187,4.687110021924251,1.7320760484185436,95.87217043941412
FRED,E12,PRE_30,NIFTY50,complete,2026-01-15,2026-02-27,29,25665.6,25178.65,-1.897286640483753,-0.019155160680868026,%,29,14.085136250618726,1.0,0.0,,,751.0,1.3697848092819376,3.7561528206289343,-0.8721700853178064,19.44074567243675
FRED,E12,PRE_30,DXY_BROAD,complete,2026-01-15,2026-02-27,29,119.9951,117.8223,-1.8107406052413788,-0.018273351408322695,%,29,4.356416660079519,0.0,0.0,,,751.0,-0.05527358419702422,1.6024189788786916,-1.1058570189916044,13.715046604527299
FRED,E12,PRE_30,VIX,complete,2026-01-15,2026-02-27,29,15.84,19.86,25.37878787878787,0.22616927223074665,%,29,145.46078454079822,0.0,0.0,,,,,,,
FRED,E12,PRE_30,UST10Y,complete,2026-01-15,2026-02-27,29,4.17,3.97,-0.19999999999999973,,pp,29,,0.0,0.0,,,,,,,
FRED,E12,PRE_30,FFR_UPPER,complete,2026-01-15,2026-02-27,29,3.75,3.75,0.0,,pp,29,,0.0,0.0,,,,,,,
FRED,E12,PRE_30,IN_REPO,complete,2026-01-15,2026-02-27,29,5.25,5.25,0.0,,pp,29,,41.0,84.0,,,,,,,
FRED,E12,PRE_14,USDINR,complete,2026-02-09,2026-02-27,13,90.77,91.03,0.2864382505233021,0.0028602879786615593,%,13,2.1188423139926735,0.0,0.0,-0.2856201252334434,0.13079285341077718,751.0,0.19054650804681827,0.6651770156490506,0.14381675425418228,60.98535286284953
FRED,E12,PRE_14,BRENT,complete,2026-02-09,2026-02-27,13,71.19,71.32,0.18260991712317765,0.0018244338791576326,%,13,22.278273176243747,0.0,0.0,,,751.0,-0.31780723533622046,6.120008251126514,0.08182288036573548,52.86284953395472
FRED,E12,PRE_14,GOLD_USD,complete,2026-02-09,2026-02-27,13,4992.5,5174.1,3.637456184276422,0.0357286246754944,%,13,16.574268378235942,0.0,0.0,,,751.0,1.674125387122416,3.59521828098437,0.5319833027381188,72.70306258322236
FRED,E12,PRE_14,NIFTY50,complete,2026-02-09,2026-02-27,13,25867.3,25178.65,-2.6622415172824265,-0.02698320955783272,%,13,13.055474252464222,0.0,0.0,,,751.0,0.6176350935535257,2.556997757556018,-1.296073292009776,10.51930758988016
FRED,E12,PRE_14,DXY_BROAD,complete,2026-02-09,2026-02-27,13,117.6392,117.8223,0.1556453971125249,0.0015552439520397571,%,13,2.2986389263877425,0.0,0.0,,,751.0,-0.01605345863238128,1.0670452660538496,0.16079837285299214,55.65912117177098
FRED,E12,PRE_14,VIX,complete,2026-02-09,2026-02-27,13,17.36,19.86,14.400921658986165,0.13453894938482233,%,13,111.99931731876549,0.0,0.0,,,,,,,
FRED,E12,PRE_14,UST10Y,complete,2026-02-09,2026-02-27,13,4.22,3.97,-0.24999999999999956,,pp,13,,0.0,0.0,,,,,,,
FRED,E12,PRE_14,FFR_UPPER,complete,2026-02-09,2026-02-27,13,3.75,3.75,0.0,,pp,13,,0.0,0.0,,,,,,,
FRED,E12,PRE_14,IN_REPO,complete,2026-02-09,2026-02-27,13,5.25,5.25,0.0,,pp,13,,66.0,84.0,,,,,,,
FRED,E12,PRE_7,USDINR,complete,2026-02-19,2026-02-27,6,90.68,91.03,0.38597265108071266,0.0038522968778690685,%,6,2.4395883036904187,0.0,0.0,-0.38448863012192636,0.7353603978976553,751.0,0.073768690190823,0.5012731611820638,0.621394116904306,78.16245006657789
FRED,E12,PRE_7,BRENT,complete,2026-02-19,2026-02-27,6,73.17,71.32,-2.5283586169195127,-0.02560870790099905,%,6,14.497573524389228,0.0,0.0,,,751.0,-0.14032974987424618,4.666777726005175,-0.5186539038130984,28.362183754993342
FRED,E12,PRE_7,GOLD_USD,complete,2026-02-19,2026-02-27,6,4991.05,5174.1,3.6675649412448275,0.03601910251357709,%,6,13.838282093425857,0.0,0.0,,,751.0,0.7929286950143721,2.576721609940967,1.0913513920882765,88.54860186418108
FRED,E12,PRE_7,NIFTY50,complete,2026-02-19,2026-02-27,6,25454.35,25178.65,-1.0831154596365522,-0.010890238570398328,%,6,12.736465521608006,0.0,0.0,,,751.0,0.2887733746129939,1.840364157747302,-0.7484285523084935,21.03861517976032
FRED,E12,PRE_7,DXY_BROAD,complete,2026-02-19,2026-02-27,6,118.2354,117.8223,-0.3493877468169426,-0.003499995312205733,%,6,1.8067543946484224,0.0,0.0,,,751.0,-0.016353191946494317,0.7258906814980659,-0.45963532870443796,32.090545938748335
FRED,E12,PRE_7,VIX,complete,2026-02-19,2026-02-27,6,20.23,19.86,-1.8289668808699977,-0.01845899256262759,%,6,124.42114319586341,0.0,0.0,,,,,,,
FRED,E12,PRE_7,UST10Y,complete,2026-02-19,2026-02-27,6,4.08,3.97,-0.10999999999999988,,pp,6,,0.0,0.0,,,,,,,
FRED,E12,PRE_7,FFR_UPPER,complete,2026-02-19,2026-02-27,6,3.75,3.75,0.0,,pp,6,,0.0,0.0,,,,,,,
FRED,E12,PRE_7,IN_REPO,complete,2026-02-19,2026-02-27,6,5.25,5.25,0.0,,pp,6,,76.0,84.0,,,,,,,
FRED,E12,EVENT,USDINR,complete,2026-02-27,2026-03-02,1,91.03,91.47,0.48335713501044264,0.004821927151075748,%,1,,0.0,0.0,-0.481032032360329,-0.23356996622592163,751.0,0.012795818166644324,0.21367104099992237,2.1968242085556713,97.86950732356857
FRED,E12,EVENT,BRENT,complete,2026-02-27,2026-03-02,1,71.32,77.24,8.300616937745374,0.07974066456537406,%,1,,0.0,0.0,,,751.0,-0.01733950102437154,1.9478399401758366,4.102702330000301,99.86684420772303
FRED,E12,EVENT,GOLD_USD,complete,2026-02-27,2026-03-02,1,5174.1,5390.45,4.181403529116157,0.0409634583932847,%,1,,0.0,0.0,,,751.0,0.14002651632587515,1.1309735869009214,3.498240201654623,99.73368841544608
FRED,E12,EVENT,NIFTY50,complete,2026-02-27,2026-03-02,1,25178.65,24865.7,-1.2429181072059148,-0.012507069408217645,%,1,,0.0,0.0,,,751.0,0.049272565733726736,0.752287384740792,-1.7280196344920844,3.861517976031957
FRED,E12,EVENT,DXY_BROAD,complete,2026-02-27,2026-03-02,1,117.8223,118.667,0.7169271012363643,0.007143693962053021,%,1,,0.0,0.0,,,751.0,-0.003976581460163331,0.3019570260204384,2.378967849169819,98.5352862849534
FRED,E12,EVENT,VIX,complete,2026-02-27,2026-03-02,1,19.86,21.44,7.955689828801615,0.07655067758557474,%,1,,0.0,0.0,,,,,,,
FRED,E12,EVENT,UST10Y,complete,2026-02-27,2026-03-02,1,3.97,4.05,0.07999999999999963,,pp,1,,0.0,0.0,,,,,,,
FRED,E12,EVENT,FFR_UPPER,complete,2026-02-27,2026-03-02,1,3.75,3.75,0.0,,pp,1,,0.0,0.0,,,,,,,
FRED,E12,EVENT,IN_REPO,complete,2026-02-27,2026-03-02,1,5.25,5.25,0.0,,pp,1,,84.0,87.0,,,,,,,
FRED,E12,POST_7,USDINR,complete,2026-02-27,2026-03-11,8,91.03,92.03,1.0985389432055293,0.010925488333568024,%,8,7.430105511919245,0.0,0.0,-1.0866021949364368,-0.14587743637626271,751.0,0.09974428150472114,0.564291242618691,1.7594713304418839,95.73901464713715
FRED,E12,POST_7,BRENT,complete,2026-02-27,2026-03-11,8,71.32,90.98,27.565900168255773,0.24346290914691857,%,8,86.29577617817277,0.0,0.0,,,751.0,-0.1431798446137389,5.214466559241271,4.69646762163826,100.0
FRED,E12,POST_7,GOLD_USD,complete,2026-02-27,2026-03-11,8,5174.1,5183.6,0.18360681084632624,0.001834384595794762,%,8,32.372124635522766,0.0,0.0,,,751.0,1.0981333532554816,2.9190452903734307,-0.3113035598209516,39.14780292942743
FRED,E12,POST_7,NIFTY50,complete,2026-02-27,2026-03-11,8,25178.65,23866.85,-5.209969557541816,-0.05350594636633877,%,8,19.043283396185007,0.0,0.0,,,751.0,0.3893995456209831,2.1052188039730733,-2.726195478514518,0.13315579227696406
FRED,E12,POST_7,DXY_BROAD,complete,2026-02-27,2026-03-11,8,117.8223,119.2885,1.244416379581792,0.012367371609584723,%,8,7.751671759490388,0.0,0.0,,,751.0,-0.026242599230574815,0.8345813967653524,1.5133133916676043,93.74167776298269
FRED,E12,POST_7,VIX,complete,2026-02-27,2026-03-11,8,19.86,24.23,22.004028197381675,0.19888387621140785,%,8,193.84745339536192,0.0,0.0,,,,,,,
FRED,E12,POST_7,UST10Y,complete,2026-02-27,2026-03-11,8,3.97,4.21,0.23999999999999977,,pp,8,,0.0,0.0,,,,,,,
FRED,E12,POST_7,FFR_UPPER,complete,2026-02-27,2026-03-11,8,3.75,3.75,0.0,,pp,8,,0.0,0.0,,,,,,,
FRED,E12,POST_7,IN_REPO,complete,2026-02-27,2026-03-11,8,5.25,5.25,0.0,,pp,8,,84.0,96.0,,,,,,,
FRED,E12,POST_14,USDINR,complete,2026-02-27,2026-03-20,15,91.03,93.73,2.9660551466549556,0.029229186241197087,%,15,7.398060627589842,0.0,0.0,-2.8806145310999676,0.8837668192330561,751.0,0.1857553724284866,0.6951284077274951,3.9378847608591214,100.0
FRED,E12,POST_14,BRENT,complete,2026-02-27,2026-03-20,15,71.32,118.42,66.04038137969717,0.5070608341086905,%,15,90.6011917521907,0.0,0.0,,,751.0,-0.30468411718557187,6.421797628600236,7.94345066370588,100.0
FRED,E12,POST_14,GOLD_USD,complete,2026-02-27,2026-03-20,15,5174.1,4650.7,-10.115768925996804,-0.10664766507930683,%,15,35.07616891442017,0.0,0.0,,,751.0,2.0271026947724646,3.7741063468277334,-3.35750925197107,0.0
FRED,E12,POST_14,NIFTY50,complete,2026-02-27,2026-03-20,15,25178.65,23114.5,-8.198016970727185,-0.08553628696889282,%,15,22.343538546173594,0.0,0.0,,,751.0,0.734977637976808,2.6933665291988995,-3.447699537116232,0.0
FRED,E12,POST_14,DXY_BROAD,complete,2026-02-27,2026-03-20,15,117.8223,120.2757,2.0822883274218995,0.020609050357737562,%,15,6.563106951023713,0.0,0.0,,,751.0,-0.045716543408669263,1.135509987096355,1.8552298582305482,96.93741677762982
FRED,E12,POST_14,VIX,complete,2026-02-27,2026-03-20,15,19.86,26.78,34.84390735146023,0.298947681646,%,15,173.65744290839754,0.0,0.0,,,,,,,
FRED,E12,POST_14,UST10Y,complete,2026-02-27,2026-03-20,15,3.97,4.39,0.4199999999999995,,pp,15,,0.0,0.0,,,,,,,
FRED,E12,POST_14,FFR_UPPER,complete,2026-02-27,2026-03-20,15,3.75,3.75,0.0,,pp,15,,0.0,0.0,,,,,,,
FRED,E12,POST_14,IN_REPO,complete,2026-02-27,2026-03-20,15,5.25,5.25,0.0,,pp,15,,84.0,105.0,,,,,,,
FRED,E12,POST_30,USDINR,complete,2026-02-27,2026-04-13,31,91.03,93.39,2.592551905965057,0.02559515060442898,%,31,7.498162478892188,0.0,0.0,-2.527037156012424,1.6001251752018497,751.0,0.4258822500426085,0.9140987762263186,2.3351274257693264,98.66844207723035
FRED,E12,POST_30,BRENT,complete,2026-02-27,2026-04-13,31,71.32,123.28,72.85473920358947,0.5472813980169208,%,31,96.68894850294643,0.0,0.0,,,751.0,-0.7293843236997999,8.24337563662175,6.727850286487969,100.0
FRED,E12,POST_30,GOLD_USD,complete,2026-02-27,2026-04-13,31,5174.1,4716.75,-8.839218414796779,-0.09254540787374221,%,31,41.93347194557012,0.0,0.0,,,751.0,4.0911529618086195,5.273277402482001,-2.5153656410144736,0.0
FRED,E12,POST_30,NIFTY50,complete,2026-02-27,2026-04-13,31,25178.65,23842.65,-5.306082732791473,-0.05452041946186321,%,31,25.02794761075211,0.0,0.0,,,751.0,1.4899094550651082,3.846475911158429,-1.801899046782428,3.1957390146471374
FRED,E12,POST_30,DXY_BROAD,complete,2026-02-27,2026-04-13,31,117.8223,118.9916,0.9924267307632073,0.009875345178082,%,31,6.478604625583487,0.0,0.0,,,751.0,-0.05357251532330798,1.6479263567782727,0.6317766470864012,72.70306258322236
FRED,E12,POST_30,VIX,complete,2026-02-27,2026-04-13,31,19.86,19.12,-3.726082578046319,-0.03797275099377125,%,31,156.3321382052868,0.0,0.0,,,,,,,
FRED,E12,POST_30,UST10Y,complete,2026-02-27,2026-04-13,31,3.97,4.3,0.3299999999999996,,pp,31,,0.0,0.0,,,,,,,
FRED,E12,POST_30,FFR_UPPER,complete,2026-02-27,2026-04-13,31,3.75,3.75,0.0,,pp,31,,0.0,0.0,,,,,,,
FRED,E12,POST_30,IN_REPO,complete,2026-02-27,2026-04-13,31,5.25,5.25,0.0,,pp,31,,84.0,129.0,,,,,,,
FRED,E12,POST_90,USDINR,complete,2026-02-27,2026-07-09,91,91.03,95.39,4.789629792376138,0.046784628639919265,%,91,6.465503807674179,0.0,0.0,-4.570709717999788,2.3022398840141456,751.0,1.0928488009314563,1.4567567115401565,2.465437415624928,99.86684420772303
FRED,E12,POST_90,BRENT,complete,2026-02-27,2026-07-09,91,71.32,74.46,4.40269209197981,0.043085275449631186,%,91,78.48443517095897,0.0,0.0,,,751.0,-3.141376231822801,10.204994167705912,0.7349639969901016,80.0266311584554
FRED,E12,POST_90,GOLD_USD,complete,2026-02-27,2026-07-09,91,5174.1,4107.05,-20.62291026458708,-0.23096040174651403,%,91,31.29246402284464,0.0,0.0,,,751.0,11.687632425576622,8.094423534623168,-4.218906916547232,0.0
FRED,E12,POST_90,NIFTY50,complete,2026-02-27,2026-07-09,91,25178.65,23962.8,-4.82889273253333,-0.04949378534436263,%,91,17.786793747294347,0.0,0.0,,,751.0,4.420480965872531,6.272016697596575,-1.478781672153778,10.119840213049267
FRED,E12,POST_90,DXY_BROAD,complete,2026-02-27,2026-07-09,91,117.8223,120.753,2.487389908361992,0.02456957973786724,%,91,5.047941591539538,0.0,0.0,,,751.0,-0.27318393122431894,2.8644544404074193,0.9532411110386355,82.9560585885486
FRED,E12,POST_90,VIX,complete,2026-02-27,2026-07-09,91,19.86,15.84,-20.241691842900302,-0.2261692722307467,%,91,128.70918070991925,0.0,0.0,,,,,,,
FRED,E12,POST_90,UST10Y,complete,2026-02-27,2026-07-09,91,3.97,4.54,0.5699999999999998,,pp,91,,0.0,0.0,,,,,,,
FRED,E12,POST_90,FFR_UPPER,complete,2026-02-27,2026-07-09,91,3.75,3.75,0.0,,pp,91,,0.0,0.0,,,,,,,
FRED,E12,POST_90,IN_REPO,complete,2026-02-27,2026-07-09,91,5.25,5.25,0.0,,pp,91,,84.0,216.0,,,,,,,
FRED,E13,PRE_30,USDINR,complete,2026-05-22,2026-07-07,29,95.69,94.97,-0.7524297209739794,-0.007552747536310371,%,29,6.168578386332867,0.0,0.0,0.7581341476255554,-2.0331246511757994,751.0,0.5583138261488152,0.9920344508014439,-1.3225707877799908,5.858854860186418
FRED,E13,PRE_30,BRENT,complete,2026-05-22,2026-07-07,29,106.9,71.78,-32.8531337698784,-0.3982879323115384,%,29,46.520875455621926,0.0,0.0,,,751.0,1.3238929254745457,12.17162130040858,-3.3803220018704287,0.0
FRED,E13,PRE_30,GOLD_USD,complete,2026-05-22,2026-07-07,29,4515.1,4124.15,-8.658722951872623,-0.09056739707073823,%,29,29.618932804233427,0.0,0.0,,,751.0,3.3112159966263155,5.54951806310667,-2.218988330905725,1.3315579227696404
FRED,E13,PRE_30,NIFTY50,complete,2026-05-22,2026-07-07,29,23719.3,24398.7,2.8643341076675988,0.02824078945841833,%,29,11.53898496424893,0.0,0.0,,,751.0,1.109809789828109,4.1363372507147,0.41591926679029584,68.44207723035952
FRED,E13,PRE_30,DXY_BROAD,complete,2026-05-22,2026-07-07,29,119.2868,120.8145,1.28069493020182,0.01272563385937133,%,29,4.376298117271061,0.0,0.0,,,751.0,-0.018961031495323688,1.5915670000992432,0.811480895986635,76.56458055925432
FRED,E13,PRE_30,VIX,complete,2026-05-22,2026-07-07,29,16.7,16.13,-3.413173652694612,-0.03472782728559194,%,29,148.16211043951907,0.0,0.0,,,,,,,
FRED,E13,PRE_30,UST10Y,complete,2026-05-22,2026-07-07,29,4.56,4.55,-0.009999999999999787,,pp,29,,0.0,0.0,,,,,,,
FRED,E13,PRE_30,FFR_UPPER,complete,2026-05-22,2026-07-07,29,3.75,3.75,0.0,,pp,29,,0.0,0.0,,,,,,,
FRED,E13,PRE_30,IN_REPO,complete,2026-05-22,2026-07-07,29,5.25,5.25,0.0,,pp,29,,168.0,214.0,,,,,,,
FRED,E13,PRE_14,USDINR,complete,2026-06-16,2026-07-07,13,94.62,94.97,0.3699006552525752,0.0036921820518589785,%,13,4.426320471848249,0.0,0.0,-0.368537432873528,-0.9369518301569624,751.0,0.24919035469999073,0.7663046638123833,0.15703651629136064,64.0479360852197
FRED,E13,PRE_14,BRENT,complete,2026-06-16,2026-07-07,13,80.5,71.78,-10.832298136645957,-0.11465129870505641,%,13,41.614963845725896,0.0,0.0,,,751.0,0.3935444673679678,7.953008909130892,-1.4909956863930311,3.861517976031957
FRED,E13,PRE_14,GOLD_USD,complete,2026-06-16,2026-07-07,13,4343.3,4124.15,-5.045702576382027,-0.05177448989493062,%,13,21.97935473080496,0.0,0.0,,,751.0,1.3937369548066458,4.140684096162304,-1.584656687175561,4.660452729693742
FRED,E13,PRE_14,NIFTY50,complete,2026-06-16,2026-07-07,13,23989.15,24398.7,1.7072301436274362,0.01692820739713903,%,13,9.680924973789093,0.0,0.0,,,751.0,0.40101763936835066,2.855130077552144,0.4527306979921804,66.84420772303595
FRED,E13,PRE_14,DXY_BROAD,complete,2026-06-16,2026-07-07,13,119.256,120.8145,1.3068524854095376,0.012983868441770562,%,13,4.954716015617074,0.0,0.0,,,751.0,-0.005143454469136444,1.0741156466278516,1.2135848081337786,88.41544607190413
FRED,E13,PRE_14,VIX,complete,2026-06-16,2026-07-07,13,16.41,16.13,-1.7062766605728252,-0.017210012964882074,%,13,109.93279985603148,0.0,0.0,,,,,,,
FRED,E13,PRE_14,UST10Y,complete,2026-06-16,2026-07-07,13,4.43,4.55,0.1200000000000001,,pp,13,,0.0,0.0,,,,,,,
FRED,E13,PRE_14,FFR_UPPER,complete,2026-06-16,2026-07-07,13,3.75,3.75,0.0,,pp,13,,0.0,0.0,,,,,,,
FRED,E13,PRE_14,IN_REPO,complete,2026-06-16,2026-07-07,13,5.25,5.25,0.0,,pp,13,,193.0,214.0,,,,,,,
FRED,E13,PRE_7,USDINR,complete,2026-06-26,2026-07-07,6,94.37,94.97,0.6357952739217909,0.0063378262216194185,%,6,5.468640859354103,0.0,0.0,-0.6317784563546369,0.6954379473032901,751.0,0.11371714204890804,0.5687147052780088,0.9145711975645339,84.68708388814915
FRED,E13,PRE_7,BRENT,complete,2026-06-26,2026-07-07,6,70.16,71.78,2.309007981755995,0.022827537655533692,%,6,33.255024131731155,0.0,0.0,,,751.0,-0.006377142523772417,6.025900737490399,0.37988198132498213,68.44207723035952
FRED,E13,PRE_7,GOLD_USD,complete,2026-06-26,2026-07-07,6,4047.95,4124.15,1.882434318605708,0.018649357816955547,%,6,20.830580958385013,0.0,0.0,,,751.0,0.6032475278488381,2.9971633122971904,0.42156545222784836,68.70838881491345
FRED,E13,PRE_7,NIFTY50,complete,2026-06-26,2026-07-07,6,24056.0,24398.7,1.4245926172264722,0.014145406505043916,%,6,9.896886931205954,1.0,0.0,,,751.0,0.19778089514648212,1.970909757088776,0.6174585517611221,73.23568575233023
FRED,E13,PRE_7,DXY_BROAD,complete,2026-06-26,2026-07-07,6,120.8866,120.8145,-0.0596426733814992,-0.0005966046669923167,%,6,3.115579499799675,0.0,0.0,,,751.0,0.013646743249884352,0.7387934486404091,-0.09922432176507053,43.94141145139814
FRED,E13,PRE_7,VIX,complete,2026-06-26,2026-07-07,6,18.41,16.13,-12.38457360130365,-0.13221310310786913,%,6,60.24837445458662,0.0,0.0,,,,,,,
FRED,E13,PRE_7,UST10Y,complete,2026-06-26,2026-07-07,6,4.38,4.55,0.16999999999999993,,pp,6,,0.0,0.0,,,,,,,
FRED,E13,PRE_7,FFR_UPPER,complete,2026-06-26,2026-07-07,6,3.75,3.75,0.0,,pp,6,,0.0,0.0,,,,,,,
FRED,E13,PRE_7,IN_REPO,complete,2026-06-26,2026-07-07,6,5.25,5.25,0.0,,pp,6,,203.0,214.0,,,,,,,
FRED,E13,EVENT,USDINR,complete,2026-07-07,2026-07-08,1,94.97,95.56,0.6212488154153872,0.006193270202747578,%,1,,0.0,0.0,-0.6174131435747188,0.35952526402047713,751.0,0.01900367443261608,0.24394930795343397,2.460860235054329,97.60319573901465
FRED,E13,EVENT,BRENT,complete,2026-07-07,2026-07-08,1,71.78,76.5,6.5756478127612095,0.06368485511302889,%,1,,0.0,0.0,,,751.0,-0.008896701303851007,2.4597545162329513,2.592690679618502,98.1358189081225
FRED,E13,EVENT,GOLD_USD,complete,2026-07-07,2026-07-08,1,4124.15,4055.4,-1.6670101717929597,-0.016810611594953503,%,1,,0.0,0.0,,,751.0,0.10127910250783412,1.2894244563202673,-1.3822360826077453,5.9920106524633825
FRED,E13,EVENT,NIFTY50,complete,2026-07-07,2026-07-08,1,24398.7,23882.05,-2.117530852053595,-0.02140272145527121,%,1,,0.0,0.0,,,751.0,0.030541828006791505,0.8189134493118576,-2.6508409555261476,0.9320905459387484
FRED,E13,EVENT,DXY_BROAD,complete,2026-07-07,2026-07-08,1,120.8145,121.1307,0.2617235513949101,0.0026138165173283244,%,1,,0.0,0.0,,,751.0,0.0016258724111928302,0.3039767736144592,0.8545251318058009,83.62183754993342
FRED,E13,EVENT,VIX,complete,2026-07-07,2026-07-08,1,16.13,16.9,4.773713577185368,0.046632729791910285,%,1,,0.0,0.0,,,,,,,
FRED,E13,EVENT,UST10Y,complete,2026-07-07,2026-07-08,1,4.55,4.56,0.009999999999999787,,pp,1,,0.0,0.0,,,,,,,
FRED,E13,EVENT,FFR_UPPER,complete,2026-07-07,2026-07-08,1,3.75,3.75,0.0,,pp,1,,0.0,0.0,,,,,,,
FRED,E13,EVENT,IN_REPO,complete,2026-07-07,2026-07-08,1,5.25,5.25,0.0,,pp,1,,214.0,215.0,,,,,,,
FRED,E13,POST_7,USDINR,complete,2026-07-07,2026-07-17,8,94.97,96.28,1.3793829630409649,0.01369956066001011,%,8,4.8762716225872715,0.0,0.0,-1.3606148732862478,1.6136263692546282,751.0,0.15479003581255757,0.6514021777099015,1.865645753219373,95.73901464713715
FRED,E13,POST_7,BRENT,complete,2026-07-07,2026-07-17,8,71.78,85.01,18.431317915853995,0.16916301090980626,%,8,68.92658792188351,0.0,0.0,,,751.0,-0.050730721181946326,6.9411852376415135,2.444401655287291,98.00266311584554
FRED,E13,POST_7,GOLD_USD,complete,2026-07-07,2026-07-17,8,4124.15,3998.8,-3.0394141823163467,-0.030865621836291365,%,8,15.201975909300142,0.0,0.0,,,751.0,0.8002601819840027,3.4348388271528973,-1.1306606978355473,9.720372836218376
FRED,E13,POST_7,NIFTY50,complete,2026-07-07,2026-07-17,8,24398.7,24334.3,-0.2639484890588517,-0.002642974472650969,%,8,16.241895369899286,0.0,0.0,,,751.0,0.25421974265205094,2.2982571318135085,-0.2254728554819246,41.14513981358189
FRED,E13,POST_7,DXY_BROAD,complete,2026-07-07,2026-07-17,8,120.8145,120.5315,-0.23424340621366335,-0.002345181852655099,%,8,3.478252871774871,0.0,0.0,,,751.0,0.014857206208596097,0.8494029317242019,-0.293587740972745,36.75099866844207
FRED,E13,POST_7,VIX,complete,2026-07-07,2026-07-17,8,16.13,18.77,16.36701797892126,0.15157895846129993,%,8,128.0449485529951,0.0,0.0,,,,,,,
FRED,E13,POST_7,UST10Y,complete,2026-07-07,2026-07-17,8,4.55,4.55,0.0,,pp,8,,0.0,0.0,,,,,,,
FRED,E13,POST_7,FFR_UPPER,complete,2026-07-07,2026-07-17,8,3.75,3.75,0.0,,pp,8,,0.0,0.0,,,,,,,
FRED,E13,POST_7,IN_REPO,complete,2026-07-07,2026-07-17,8,5.25,5.25,0.0,,pp,8,,214.0,224.0,,,,,,,
FRED,E13,POST_14,USDINR,complete,2026-07-07,2026-07-28,15,94.97,95.85,0.9266084026534616,0.009223417236792288,%,15,5.186479779666993,0.0,0.0,-0.9181011997913324,1.0837087507077015,751.0,0.2874047744160668,0.8079487689389365,0.7863730864837147,81.89081225033289
FRED,E13,POST_14,BRENT,complete,2026-07-07,2026-07-28,15,71.78,85.51,19.127890777375313,0.17502744244840268,%,15,93.85518518512099,0.0,0.0,,,751.0,-0.013456446881632278,9.402048359215222,1.863019730164949,96.40479360852197
FRED,E13,POST_14,GOLD_USD,complete,2026-07-07,2026-07-28,15,4124.15,4037.7,-2.0961895178400303,-0.021184715021537362,%,15,16.303071661335707,0.0,0.0,,,751.0,1.5333008708068752,4.5087594854656645,-0.8073475913018135,16.644474034620508
FRED,E13,POST_14,NIFTY50,complete,2026-07-07,2026-07-28,15,24398.7,23985.35,-1.6941476390135657,-0.0170866248900967,%,15,12.976075819446725,0.0,0.0,,,751.0,0.48412170897491613,3.0445758500042124,-0.7198428304350534,22.902796271637815
FRED,E13,POST_14,DXY_BROAD,complete,2026-07-07,2026-07-28,15,120.8145,120.6247,-0.1571003480542399,-0.0015722388004744674,%,15,2.8882398232094815,0.0,0.0,,,751.0,0.025997288219703485,1.1550521136480532,-0.15862296375449997,43.67509986684421
FRED,E13,POST_14,VIX,complete,2026-07-07,2026-07-28,15,16.13,18.21,12.895226286422833,0.12129000160239926,%,15,112.58808744563795,0.0,0.0,,,,,,,
FRED,E13,POST_14,UST10Y,complete,2026-07-07,2026-07-28,15,4.55,4.61,0.0600000000000005,,pp,15,,0.0,0.0,,,,,,,
FRED,E13,POST_14,FFR_UPPER,complete,2026-07-07,2026-07-28,15,3.75,3.75,0.0,,pp,15,,0.0,0.0,,,,,,,
FRED,E13,POST_14,IN_REPO,complete,2026-07-07,2026-07-28,15,5.25,5.25,0.0,,pp,15,,214.0,235.0,,,,,,,
FRED,E13,POST_30,USDINR,complete,2026-07-07,2026-08-19,31,94.97,95.75,0.8213119932610313,0.00817957580589425,%,31,3.9382394318563483,0.0,0.0,-0.8146214099216675,2.8754528455593786,751.0,0.5976217229132663,1.0652175621227205,0.20851565089548865,64.71371504660452
FRED,E13,POST_30,BRENT,complete,2026-07-07,2026-08-19,31,71.78,92.37,28.684870437447763,0.25219636488505753,%,31,77.92296457439616,0.0,0.0,,,751.0,0.5415659128420902,14.079970166571677,1.752811368113901,95.87217043941412
FRED,E13,POST_30,GOLD_USD,complete,2026-07-07,2026-08-19,31,4124.15,4355.75,5.615702629632779,0.054636873373697645,%,31,17.24000939711984,0.0,0.0,,,751.0,3.2956328447156125,6.245371461604944,0.3556547548381472,64.31424766977364
FRED,E13,POST_30,NIFTY50,complete,2026-07-07,2026-08-19,31,24398.7,24078.3,-1.3131847188579737,-0.013218832249452667,%,31,11.092065823826845,0.0,0.0,,,751.0,0.9987803111346727,4.244603371443096,-0.5455653891744243,26.098535286284953
FRED,E13,POST_30,DXY_BROAD,complete,2026-07-07,2026-08-19,31,120.8145,118.3328,-2.0541408522983473,-0.020755317655003772,%,31,3.871526253868524,0.0,0.0,,,751.0,0.014105961264165856,1.674178378332182,-1.2481565638477987,11.051930758988016
FRED,E13,POST_30,VIX,complete,2026-07-07,2026-08-19,31,16.13,14.89,-7.687538747675127,-0.07999104544119974,%,31,111.26360872868695,0.0,0.0,,,,,,,
FRED,E13,POST_30,UST10Y,complete,2026-07-07,2026-08-19,31,4.55,4.65,0.10000000000000053,,pp,31,,0.0,0.0,,,,,,,
FRED,E13,POST_30,FFR_UPPER,complete,2026-07-07,2026-08-19,31,3.75,3.75,0.0,,pp,31,,0.0,0.0,,,,,,,
FRED,E13,POST_30,IN_REPO,complete,2026-07-07,2026-08-19,31,5.25,5.25,0.0,,pp,31,,214.0,257.0,,,,,,,
FRED,E13,POST_90,USDINR,partial,2026-07-07,2026-09-25,57,94.97,95.81,0.8844898388965072,0.00880601140792097,%,57,3.720060650397002,0.0,0.0,-0.8767352050934152,1.2855178611951512,,,,,
FRED,E13,POST_90,BRENT,partial,2026-07-07,2026-09-25,57,71.78,114.89,60.058512120367794,0.47036926314581223,%,57,69.32139801420254,0.0,3.0,,,,,,,
FRED,E13,POST_90,GOLD_USD,partial,2026-07-07,2026-09-25,57,4124.15,4290.75,4.039620285392154,0.03960160488743084,%,57,21.74262079794259,0.0,0.0,,,,,,,
FRED,E13,POST_90,NIFTY50,partial,2026-07-07,2026-09-25,57,24398.7,23140.5,-5.156832126301813,-0.05294552305330505,%,57,10.232132252110162,0.0,0.0,,,,,,,
FRED,E13,POST_90,DXY_BROAD,partial,2026-07-07,2026-09-25,57,120.8145,120.33,-0.401028022298644,-0.004018342959828489,%,57,3.733820544763305,0.0,0.0,,,,,,,
FRED,E13,POST_90,VIX,partial,2026-07-07,2026-09-25,57,16.13,14.87,-7.811531308121511,-0.08133513166505377,%,57,105.22137835150322,0.0,0.0,,,,,,,
FRED,E13,POST_90,UST10Y,partial,2026-07-07,2026-09-25,57,4.55,5.17,0.6200000000000001,,pp,57,,0.0,0.0,,,,,,,
FRED,E13,POST_90,FFR_UPPER,partial,2026-07-07,2026-09-25,57,3.75,4.0,0.25,,pp,57,,0.0,0.0,,,,,,,
FRED,E13,POST_90,IN_REPO,partial,2026-07-07,2026-09-25,57,5.25,5.25,0.0,,pp,57,,214.0,294.0,,,,,,,
