date,rbi_ref,fred_h10,status,diff_inr,diff_pct,large_gap_flag
2013-01-01,54.832,,rbi_only,,,0
2013-01-02,54.389,54.23,both,-0.15900000000000603,-0.29233852433397567,0
2013-01-03,54.4153,54.46,both,0.04469999999999885,0.08214601408059655,0
2013-01-04,54.8458,54.93,both,0.08420000000000272,0.1535213270660702,0
2013-01-07,54.978,55.2,both,0.2220000000000013,0.4037978827894818,0
2013-01-08,55.3278,55.02,both,-0.3078000000000003,-0.5563206923101953,1
2013-01-09,54.9625,54.79,both,-0.17249999999999943,-0.3138503525130761,0
2013-01-10,54.6305,54.49,both,-0.14049999999999585,-0.2571823431965584,0
2013-01-11,54.539,54.81,both,0.2710000000000008,0.4968921322356493,0
2013-01-14,54.6355,54.5,both,-0.1355000000000004,-0.24800724803470345,0
2013-01-15,54.5425,54.58,both,0.03750000000000142,0.06875372416006127,0
2013-01-16,54.826,54.66,both,-0.16600000000000392,-0.30277605515631983,0
2013-01-17,54.6428,54.35,both,-0.2927999999999997,-0.5358436976143238,1
2013-01-18,53.9465,53.82,both,-0.12650000000000006,-0.2344915796205501,0
2013-01-21,53.8735,,rbi_only,,,0
2013-01-22,53.5115,53.72,both,0.2085000000000008,0.389635872662887,0
2013-01-23,53.771,53.66,both,-0.1110000000000042,-0.20643097580480968,0
2013-01-24,53.8515,53.67,both,-0.18149999999999977,-0.33703796551628046,0
2013-01-25,,53.78,fred_only,,,0
2013-01-28,53.8905,53.97,both,0.07949999999999591,0.14752136276337371,0
2013-01-29,53.7015,53.64,both,-0.06150000000000233,-0.11452194072791697,0
2013-01-30,53.5678,53.21,both,-0.35779999999999745,-0.667938575039478,1
2013-01-31,53.289,53.32,both,0.030999999999998806,0.058173356602673726,0
2013-02-01,53.3238,53.16,both,-0.16380000000000194,-0.3071799084086317,0
2013-02-04,52.973,53.24,both,0.267000000000003,0.5040303550865592,1
2013-02-05,53.2945,52.99,both,-0.30449999999999733,-0.5713535167793999,1
2013-02-06,53.0855,53.07,both,-0.015500000000002956,-0.0291981802940595,0
2013-02-07,53.1445,53.22,both,0.07549999999999812,0.1420655006632824,0
2013-02-08,53.5695,53.58,both,0.010500000000000398,0.019600705625403256,0
2013-02-11,53.6793,53.95,both,0.27070000000000505,0.5042912258542959,1
2013-02-12,53.9585,53.75,both,-0.2085000000000008,-0.38640807287081885,0
2013-02-13,53.85,53.79,both,-0.060000000000002274,-0.11142061281337469,0
2013-02-14,53.8715,53.94,both,0.06850000000000023,0.12715443230650758,0
2013-02-15,53.9885,54.28,both,0.2914999999999992,0.5399297998647845,1
2013-02-18,54.2895,,rbi_only,,,0
2013-02-19,,54.26,fred_only,,,0
2013-02-20,54.051,54.18,both,0.12899999999999778,0.2386634844868694,0
2013-02-21,54.48,54.47,both,-0.00999999999999801,-0.018355359765047742,0
2013-02-22,54.427,54.28,both,-0.14699999999999847,-0.27008653793153853,0
2013-02-25,54.0415,53.96,both,-0.08149999999999835,-0.15081002562844914,0
2013-02-26,54.0645,54.14,both,0.07549999999999812,0.13964801302148014,0
2013-02-27,53.835,53.72,both,-0.11500000000000199,-0.213615677533207,0
2013-02-28,53.7735,54.37,both,0.5964999999999989,1.1092824532529943,1
2013-03-01,54.4815,54.9,both,0.41850000000000165,0.7681506566449192,1
2013-03-04,55.0518,54.92,both,-0.13179999999999836,-0.23941088211465994,0
2013-03-05,54.652,54.87,both,0.21799999999999642,0.39888750640415066,0
2013-03-06,54.7065,54.83,both,0.12349999999999994,0.2257501393801467,0
2013-03-07,54.7393,54.45,both,-0.2892999999999972,-0.5285051142414996,1
2013-03-08,54.4035,54.32,both,-0.0835000000000008,-0.1534827722481105,0
2013-03-11,54.2933,54.38,both,0.08670000000000044,0.15968821198932545,0
2013-03-12,54.3365,54.19,both,-0.14650000000000318,-0.2696161880135879,0
2013-03-13,54.11,54.3,both,0.18999999999999773,0.35113657364627193,0
2013-03-14,54.442,54.22,both,-0.2220000000000013,-0.4077734102347476,0
2013-03-15,54.1605,54.06,both,-0.1004999999999967,-0.18555958678372006,0
2013-03-18,54.2915,54.1,both,-0.19149999999999778,-0.35272556477532907,0
2013-03-19,54.2635,54.4,both,0.13649999999999807,0.2515503054539388,0
2013-03-20,54.378,54.32,both,-0.05799999999999983,-0.10666078193386999,0
2013-03-21,54.281,54.27,both,-0.01099999999999568,-0.020264917742848658,0
2013-03-22,54.335,54.3,both,-0.035000000000003695,-0.06441520198767589,0
2013-03-25,54.099,54.22,both,0.12100000000000222,0.2236640233645765,0
2013-03-26,54.2735,54.42,both,0.14650000000000318,0.2699291551125378,0
2013-03-27,,54.45,fred_only,,,0
2013-03-28,54.3893,54.44,both,0.05069999999999908,0.09321686434647823,0
2013-03-29,,54.52,fred_only,,,0
2013-04-01,,54.28,fred_only,,,0
2013-04-02,54.3345,54.43,both,0.09550000000000125,0.17576309711141402,0
2013-04-03,54.3885,54.46,both,0.07150000000000034,0.13146161412798724,0
2013-04-04,54.646,54.91,both,0.2639999999999958,0.48310946821358525,0
2013-04-05,54.8803,54.75,both,-0.1302999999999983,-0.23742581582097458,0
2013-04-08,54.7215,54.58,both,-0.14150000000000063,-0.25858209296163415,0
2013-04-09,54.4613,54.47,both,0.008699999999997488,0.015974646216666676,0
2013-04-10,54.534,54.41,both,-0.12400000000000233,-0.2273810833608434,0
2013-04-11,,54.36,fred_only,,,0
2013-04-12,54.4425,54.62,both,0.17749999999999488,0.32603205216511894,0
2013-04-15,54.626,54.48,both,-0.1460000000000008,-0.2672719950206876,0
2013-04-16,54.329,54.08,both,-0.24900000000000233,-0.4583187616190291,0
2013-04-17,53.9423,54.16,both,0.21769999999999357,0.403579380189561,0
2013-04-18,54.0298,53.95,both,-0.07979999999999876,-0.1476962713169376,0
2013-04-19,,53.98,fred_only,,,0
2013-04-22,54.1665,54.19,both,0.023499999999998522,0.04338474887614766,0
2013-04-23,54.2995,54.39,both,0.09049999999999869,0.16666820136465105,0
2013-04-24,,54.22,fred_only,,,0
2013-04-25,54.1715,54.11,both,-0.06150000000000233,-0.11352833131813282,0
2013-04-26,54.2935,54.41,both,0.11649999999999494,0.21457448865885406,0
2013-04-29,54.277,54.2,both,-0.07699999999999818,-0.14186487830940947,0
2013-04-30,54.219,53.68,both,-0.5390000000000015,-0.9941164536417151,1
2013-05-01,,53.65,fred_only,,,0
2013-05-02,53.7355,53.79,both,0.05449999999999733,0.10142270938206088,0
2013-05-03,53.951,53.8,both,-0.15100000000000335,-0.2798835980797452,0
2013-05-06,53.9495,54.13,both,0.1805000000000021,0.3345721461737404,0
2013-05-07,54.277,54.06,both,-0.21699999999999875,-0.3998010206901611,0
2013-05-08,54.16,54.08,both,-0.0799999999999983,-0.14771048744460544,0
2013-05-09,54.2415,54.34,both,0.09850000000000136,0.18159527299208422,0
2013-05-10,54.5413,54.94,both,0.39869999999999806,0.7310056782658243,1
2013-05-13,54.915,54.85,both,-0.06499999999999773,-0.11836474551579299,0
2013-05-14,54.6275,54.5,both,-0.12749999999999773,-0.23339892911079166,0
2013-05-15,54.7835,54.78,both,-0.0034999999999953957,-0.0063887849443635325,0
2013-05-16,54.7723,54.68,both,-0.0923000000000016,-0.16851583738495846,0
2013-05-17,54.8865,55.17,both,0.28350000000000364,0.5165204558498058,1
2013-05-20,55.0368,55.02,both,-0.016799999999996373,-0.03052503052502394,0
2013-05-21,55.0395,55.42,both,0.38050000000000495,0.6913216871519635,1
2013-05-22,55.522,55.62,both,0.09799999999999898,0.1765066099924336,0
2013-05-23,55.991,55.7,both,-0.2909999999999968,-0.5197263845975189,1
2013-05-24,55.6075,55.78,both,0.17249999999999943,0.31020995369329574,0
2013-05-27,55.6198,,rbi_only,,,0
2013-05-28,55.7423,56.07,both,0.3277000000000001,0.5878838871018959,1
2013-05-29,56.243,56.28,both,0.036999999999999034,0.06578596447557745,0
2013-05-30,56.0995,56.5,both,0.40050000000000097,0.7139101061506804,1
2013-05-31,56.4958,56.5,both,0.004199999999997317,0.007434180947959524,0
2013-06-03,56.574,56.66,both,0.08599999999999852,0.15201329232509372,0
2013-06-04,56.6423,56.43,both,-0.21229999999999905,-0.3748082263608629,0
2013-06-05,56.4238,56.84,both,0.41620000000000346,0.7376319921735215,1
2013-06-06,56.869,56.92,both,0.05100000000000193,0.08967979039547369,0
2013-06-07,56.7445,56.57,both,-0.17450000000000188,-0.3075187903673517,0
2013-06-10,57.782,58.13,both,0.3480000000000061,0.6022636807310341,1
2013-06-11,58.9255,58.34,both,-0.5854999999999961,-0.9936275466478792,1
2013-06-12,58.274,57.82,both,-0.4540000000000006,-0.7790781480591699,1
2013-06-13,58.414,58.07,both,-0.3440000000000012,-0.5888999212517567,1
2013-06-14,57.741,57.56,both,-0.18099999999999739,-0.31346876569508214,0
2013-06-17,57.731,57.97,both,0.23899999999999721,0.4139890180319018,0
2013-06-18,58.4515,58.79,both,0.33849999999999625,0.5791125976236645,1
2013-06-19,58.7445,58.7,both,-0.04449999999999932,-0.07575177250636113,0
2013-06-20,59.7,59.57,both,-0.13000000000000256,-0.21775544388610144,0
2013-06-21,59.3505,59.43,both,0.07950000000000301,0.1339500088457604,0
2013-06-22,59.734,,rbi_only,,,0
2013-06-24,59.734,59.8,both,0.0659999999999954,0.11048983828304718,0
2013-06-25,59.703,59.66,both,-0.043000000000006366,-0.07202318141467993,0
2013-06-26,59.8538,60.7,both,0.8462000000000032,1.4137782396439378,1
2013-06-27,60.588,60.19,both,-0.39800000000000324,-0.656895754934976,1
2013-06-28,59.6995,59.52,both,-0.17949999999999733,-0.30067253494584933,0
2013-07-01,59.149,59.38,both,0.23100000000000165,0.39053914690020397,0
2013-07-02,59.4145,59.54,both,0.1255000000000024,0.2112278989135689,0
2013-07-03,60.1005,60.21,both,0.10950000000000415,0.18219482367035905,0
2013-07-04,60.0905,,rbi_only,,,0
2013-07-05,60.3395,60.23,both,-0.10950000000000415,-0.18147316434508765,0
2013-07-08,61.0455,60.75,both,-0.295499999999997,-0.4840651645084355,0
2013-07-09,60.0745,60.09,both,0.015500000000002956,0.025801296723240236,0
2013-07-10,60.133,59.88,both,-0.2530000000000001,-0.4207340395456739,0
2013-07-11,59.642,59.82,both,0.17799999999999727,0.2984474028369224,0
2013-07-12,59.896,59.88,both,-0.015999999999998238,-0.026712969146517697,0
2013-07-15,60.051,59.89,both,-0.16100000000000136,-0.26810544370618533,0
2013-07-16,59.3925,59.29,both,-0.10249999999999915,-0.17258071305299347,0
2013-07-17,59.3623,59.34,both,-0.022299999999994213,-0.03756592989152074,0
2013-07-18,60.051,59.59,both,-0.4609999999999985,-0.7676808046493789,1
2013-07-19,59.795,59.37,both,-0.42500000000000426,-0.7107617693787177,1
2013-07-22,59.408,59.71,both,0.3019999999999996,0.5083490438998108,1
2013-07-23,59.6875,59.64,both,-0.04749999999999943,-0.07958115183245977,0
2013-07-24,59.4465,59.14,both,-0.3064999999999998,-0.5155896478346073,1
2013-07-25,58.9415,59.01,both,0.06850000000000023,0.11621692695299615,0
2013-07-26,58.9133,59.08,both,0.16669999999999874,0.2829581775252765,0
2013-07-29,59.297,59.33,both,0.03300000000000125,0.05565205659645724,0
2013-07-30,59.828,60.8,both,0.9719999999999942,1.6246573510730662,1
2013-07-31,61.115,60.77,both,-0.34499999999999886,-0.5645095312116483,1
2013-08-01,60.7423,60.45,both,-0.29229999999999734,-0.48121325665968745,0
2013-08-02,60.8035,60.88,both,0.0765000000000029,0.1258151257740145,0
2013-08-05,60.822,60.88,both,0.05799999999999983,0.09536023149518237,0
2013-08-06,61.5355,60.78,both,-0.7554999999999978,-1.2277465853044143,1
2013-08-07,61.394,61.2,both,-0.1939999999999955,-0.3159917907287284,0
2013-08-08,61.115,60.72,both,-0.3950000000000031,-0.6463225067495756,1
2013-08-09,,60.34,fred_only,,,0
2013-08-12,60.8025,61.15,both,0.3474999999999966,0.5715225525266174,1
2013-08-13,61.4343,61.33,both,-0.10430000000000206,-0.16977486518118062,0
2013-08-14,61.516,61.27,both,-0.2459999999999951,-0.3998959620261316,0
2013-08-15,,61.41,fred_only,,,0
2013-08-16,61.8195,61.65,both,-0.16949999999999932,-0.27418532987164135,0
2013-08-19,62.3461,63.13,both,0.7839000000000027,1.2573360643247977,1
2013-08-20,63.7335,63.21,both,-0.5234999999999985,-0.8213890654051613,1
2013-08-21,63.4605,64.11,both,0.6494999999999962,1.0234712931666092,1
2013-08-22,65.4207,64.55,both,-0.8706999999999994,-1.3309243098896824,1
2013-08-23,64.688,63.22,both,-1.4680000000000035,-2.2693544397724517,1
2013-08-26,64.2347,64.26,both,0.025300000000001432,0.03938681117838401,0
2013-08-27,65.6675,66.24,both,0.5724999999999909,0.8718163475082665,1
2013-08-28,68.3611,68.8,both,0.43890000000000384,0.6420317987861575,1
2013-08-29,67.706,66.55,both,-1.156000000000006,-1.7073819159306498,1
2013-08-30,66.5742,65.71,both,-0.864200000000011,-1.2981004653454504,1
2013-09-02,65.8608,,rbi_only,,,0
2013-09-03,66.8875,67.71,both,0.8224999999999909,1.2296766959446697,1
2013-09-04,67.0289,67.08,both,0.05110000000000525,0.07623577292780466,0
2013-09-05,66.043,66.01,both,-0.03300000000000125,-0.04996744545220727,0
2013-09-06,65.96,65.23,both,-0.7299999999999898,-1.1067313523347329,1
2013-09-09,,65.24,fred_only,,,0
2013-09-10,64.2162,63.83,both,-0.3862000000000023,-0.6014058757758981,1
2013-09-11,63.9035,63.26,both,-0.6435000000000031,-1.0069870977333057,1
2013-09-12,63.6673,63.42,both,-0.24729999999999563,-0.38842545545357765,0
2013-09-13,63.789,63.36,both,-0.42900000000000205,-0.6725297465080218,1
2013-09-16,62.484,62.83,both,0.34599999999999653,0.5537417578900142,1
2013-09-17,63.377,63.36,both,-0.017000000000003013,-0.026823611089201147,0
2013-09-18,63.144,63.37,both,0.2259999999999991,0.3579120739896096,0
2013-09-19,61.748,61.76,both,0.012000000000000455,0.019433827816286286,0
2013-09-20,62.243,62.27,both,0.027000000000001023,0.043378371865110975,0
2013-09-23,62.52,62.57,both,0.04999999999999716,0.07997440818937485,0
2013-09-24,62.6585,62.72,both,0.06150000000000233,0.09815108883870878,0
2013-09-25,62.6981,62.2,both,-0.49809999999999377,-0.7944419368369916,1
2013-09-26,62.226,61.68,both,-0.5459999999999994,-0.8774467264487504,1
2013-09-27,61.811,62.48,both,0.6689999999999969,1.0823316238209977,1
2013-09-30,62.777,62.58,both,-0.19700000000000273,-0.3138091976360812,0
2013-10-01,62.3555,62.46,both,0.10450000000000159,0.16758746221263815,0
2013-10-02,,62.46,fred_only,,,0
2013-10-03,61.9348,61.97,both,0.03519999999999612,0.056833960874978405,0
2013-10-04,61.405,61.42,both,0.015000000000000568,0.024427978177673754,0
2013-10-07,61.776,61.79,both,0.013999999999995794,0.022662522662515852,0
2013-10-08,61.6885,61.79,both,0.10150000000000148,0.1645363398364387,0
2013-10-09,61.917,61.92,both,0.0030000000000001137,0.004845195988177906,0
2013-10-10,62.1383,61.3,both,-0.8383000000000038,-1.3490874388259797,1
2013-10-11,61.157,61.07,both,-0.08699999999999619,-0.14225681442843205,0
2013-10-14,61.3036,,rbi_only,,,0
2013-10-15,61.6929,61.84,both,0.14710000000000178,0.23843910725545692,0
2013-10-16,,61.72,fred_only,,,0
2013-10-17,61.581,61.13,both,-0.4510000000000005,-0.7323687501014932,1
2013-10-18,61.276,61.26,both,-0.016000000000005343,-0.02611136497161261,0
2013-10-21,61.4885,61.56,both,0.07150000000000034,0.11628190637273692,0
2013-10-22,61.78,61.64,both,-0.14000000000000057,-0.22661055357721038,0
2013-10-23,61.534,61.54,both,0.006000000000000227,0.009750706926252522,0
2013-10-24,61.4105,61.48,both,0.0694999999999979,0.11317282875078023,0
2013-10-25,61.625,61.4,both,-0.22500000000000142,-0.36511156186612803,0
2013-10-28,61.503,61.54,both,0.036999999999999034,0.06015966700811186,0
2013-10-29,61.463,61.34,both,-0.12299999999999756,-0.20012039763759915,0
2013-10-30,61.4871,61.09,both,-0.3970999999999947,-0.6458265229617183,1
2013-10-31,61.41,61.61,both,0.20000000000000284,0.3256798567008677,0
2013-11-01,61.9046,61.84,both,-0.06459999999999866,-0.10435411908000158,0
2013-11-04,,61.74,fred_only,,,0
2013-11-05,61.788,61.76,both,-0.027999999999998693,-0.04531624263610846,0
2013-11-06,61.9225,62.48,both,0.5574999999999974,0.9003189470709314,1
2013-11-07,62.574,62.41,both,-0.16400000000000148,-0.262089685812001,0
2013-11-08,62.7315,62.48,both,-0.25150000000000006,-0.400915010799997,0
2013-11-11,63.2955,,rbi_only,,,0
2013-11-12,63.593,63.73,both,0.13699999999999335,0.21543251615742826,0
2013-11-13,63.6545,63.28,both,-0.3744999999999976,-0.5883323252872894,1
2013-11-14,63.0645,63.12,both,0.055499999999995,0.08800513759721396,0
2013-11-15,,62.97,fred_only,,,0
2013-11-18,62.625,62.07,both,-0.5549999999999997,-0.8862275449101792,1
2013-11-19,62.2311,62.26,both,0.028900000000000148,0.046439802606735456,0
2013-11-20,62.558,62.34,both,-0.21799999999999642,-0.34847661370247834,0
2013-11-21,62.8895,62.94,both,0.050499999999999545,0.08029957306068508,0
2013-11-22,63.0236,62.72,both,-0.303600000000003,-0.4817243064502868,0
2013-11-25,62.577,62.37,both,-0.20700000000000074,-0.3307924636847416,0
2013-11-26,62.447,62.47,both,0.022999999999996135,0.0368312328854807,0
2013-11-27,62.3625,62.47,both,0.1075000000000017,0.17237923431549682,0
2013-11-28,62.3896,,rbi_only,,,0
2013-11-29,62.3948,62.39,both,-0.004799999999995919,-0.007692948771365433,0
2013-12-02,62.226,62.3,both,0.07399999999999807,0.11892135120367382,0
2013-12-03,62.3443,62.38,both,0.035700000000005616,0.05726265272046621,0
2013-12-04,62.333,61.9,both,-0.43299999999999983,-0.6946561211557278,1
2013-12-05,61.6895,61.6,both,-0.08950000000000102,-0.14508141580009729,0
2013-12-06,61.6673,61.43,both,-0.23729999999999762,-0.38480685874036585,0
2013-12-09,61.1785,60.87,both,-0.3085000000000022,-0.5042621182278124,1
2013-12-10,61.207,61.04,both,-0.1670000000000016,-0.27284460927671933,0
2013-12-11,61.3313,61.38,both,0.04870000000000374,0.0794048063549994,0
2013-12-12,61.62,61.85,both,0.23000000000000398,0.3732554365465822,0
2013-12-13,62.1266,62.16,both,0.03339999999999321,0.053761190858655085,0
2013-12-16,62.1024,61.68,both,-0.4224000000000032,-0.6801669500695676,1
2013-12-17,61.958,61.92,both,-0.0379999999999967,-0.06133186997643033,0
2013-12-18,61.9176,62.06,both,0.14240000000000208,0.2299830742793682,0
2013-12-19,62.38,62.14,both,-0.240000000000002,-0.3847386983007406,0
2013-12-20,62.242,61.98,both,-0.26200000000000045,-0.4209376305388652,0
2013-12-23,61.9915,61.83,both,-0.16150000000000375,-0.26051958736278963,0
2013-12-24,61.8668,61.75,both,-0.1167999999999978,-0.18879269656746073,0
2013-12-26,61.9755,62.15,both,0.17450000000000188,0.2815628756524786,0
2013-12-27,62.0595,61.92,both,-0.13949999999999818,-0.22478427960263644,0
2013-12-30,62.0028,61.77,both,-0.23279999999999745,-0.3754669143974102,0
2013-12-31,61.897,61.92,both,0.02300000000000324,0.03715850525874152,0
2014-01-01,61.9335,,rbi_only,,,0
2014-01-02,61.902,62.31,both,0.40800000000000125,0.6591063293593119,1
2014-01-03,62.4075,62.17,both,-0.23749999999999716,-0.3805632335857023,0
2014-01-06,62.3265,62.31,both,-0.016500000000000625,-0.026473490409377434,0
2014-01-07,62.379,62.3,both,-0.07900000000000063,-0.12664518507831263,0
2014-01-08,62.243,62.07,both,-0.17300000000000182,-0.2779429012097775,0
2014-01-09,62.181,62.07,both,-0.1109999999999971,-0.17851112076035622,0
2014-01-10,61.936,61.45,both,-0.4859999999999971,-0.7846809609919871,1
2014-01-13,61.52,61.52,both,0.0,0.0,0
2014-01-14,,61.51,fred_only,,,0
2014-01-15,61.5885,61.54,both,-0.048500000000004206,-0.07874846765224709,0
2014-01-16,61.5325,61.54,both,0.007500000000000284,0.012188680778450875,0
2014-01-17,61.3518,61.54,both,0.18820000000000192,0.3067554660173001,0
2014-01-20,61.6345,,rbi_only,,,0
2014-01-21,61.5355,61.94,both,0.40449999999999875,0.6573441346864798,1
2014-01-22,61.92,61.86,both,-0.060000000000002274,-0.09689922480620522,0
2014-01-23,61.988,62.11,both,0.12199999999999989,0.19681228624895122,0
2014-01-24,62.177,62.68,both,0.5030000000000001,0.8089808128407613,1
2014-01-27,62.7145,63.09,both,0.3755000000000024,0.5987451067934886,1
2014-01-28,62.9898,62.56,both,-0.4298000000000002,-0.6823326951347681,1
2014-01-29,62.2005,62.46,both,0.25950000000000273,0.41719921865580295,0
2014-01-30,62.7335,62.56,both,-0.1734999999999971,-0.27656674663456865,0
2014-01-31,62.4768,62.63,both,0.15320000000000533,0.24521102233149797,0
2014-02-03,62.6891,62.63,both,-0.05910000000000082,-0.09427476227924922,0
2014-02-04,62.6815,62.27,both,-0.41149999999999665,-0.6564935427518434,1
2014-02-05,62.4525,62.57,both,0.11749999999999972,0.18814298867138982,0
2014-02-06,62.5045,62.14,both,-0.3644999999999996,-0.5831580126230905,1
2014-02-07,62.3155,62.09,both,-0.2254999999999967,-0.3618682350298027,0
2014-02-10,62.193,62.44,both,0.2469999999999999,0.39715080475294634,0
2014-02-11,62.439,62.15,both,-0.2890000000000015,-0.4628517433014646,0
2014-02-12,62.125,61.84,both,-0.2849999999999966,-0.45875251509053777,0
2014-02-13,62.2725,62.23,both,-0.04250000000000398,-0.06824842426432852,0
2014-02-14,62.277,61.87,both,-0.4070000000000036,-0.6535318014676422,1
2014-02-17,61.9495,,rbi_only,,,0
2014-02-18,62.122,62.2,both,0.07800000000000296,0.12555938314929163,0
2014-02-19,,62.32,fred_only,,,0
2014-02-20,62.2843,62.21,both,-0.07430000000000092,-0.11929169951336198,0
2014-02-21,62.1618,62.13,both,-0.03179999999999694,-0.051156819783205985,0
2014-02-24,62.1185,62.07,both,-0.0484999999999971,-0.07807657944090263,0
2014-02-25,61.9765,61.96,both,-0.016500000000000625,-0.0266229941994153,0
2014-02-26,61.938,62.11,both,0.17199999999999704,0.27769705189059546,0
2014-02-27,,62.11,fred_only,,,0
2014-02-28,62.072,61.78,both,-0.2920000000000016,-0.47042144606263947,0
2014-03-03,61.8605,62.17,both,0.3094999999999999,0.5003192667372554,1
2014-03-04,61.9045,61.91,both,0.00549999999999784,0.008884652973528322,0
2014-03-05,61.855,61.75,both,-0.10499999999999687,-0.16975183897825055,0
2014-03-06,61.3242,60.89,both,-0.43419999999999703,-0.7080402190326119,1
2014-03-07,60.985,61.24,both,0.25500000000000256,0.4181356071165082,0
2014-03-10,61.1965,60.84,both,-0.35649999999999693,-0.5825496556175548,1
2014-03-11,60.6995,61.01,both,0.31049999999999756,0.5115363388495746,1
2014-03-12,61.09,61.01,both,-0.0800000000000054,-0.1309543296775338,0
2014-03-13,61.0155,61.2,both,0.1844999999999999,0.3023821815768123,0
2014-03-14,61.517,61.19,both,-0.3270000000000053,-0.5315603816831206,1
2014-03-17,,61.08,fred_only,,,0
2014-03-18,60.9453,61.1,both,0.15469999999999828,0.2538341758921496,0
2014-03-19,61.097,60.95,both,-0.14699999999999847,-0.24060101150629076,0
2014-03-20,61.131,61.33,both,0.19899999999999807,0.3255304182820469,0
2014-03-21,61.0465,60.9,both,-0.14650000000000318,-0.2399809980916239,0
2014-03-24,60.703,60.78,both,0.07699999999999818,0.12684710805066993,0
2014-03-25,60.4935,60.27,both,-0.22349999999999426,-0.36946118177985116,0
2014-03-26,60.1725,60.13,both,-0.042499999999996874,-0.07063027130333105,0
2014-03-27,60.1295,60.26,both,0.13049999999999784,0.21703157352048136,0
2014-03-28,60.0998,59.89,both,-0.20980000000000132,-0.34908602025298135,0
2014-03-31,,60.0,fred_only,,,0
2014-04-01,,59.86,fred_only,,,0
2014-04-02,59.6463,59.9,both,0.25370000000000203,0.4253407168592219,0
2014-04-03,60.1245,60.35,both,0.2255000000000038,0.37505509401326215,0
2014-04-04,60.321,60.08,both,-0.24099999999999966,-0.3995291855241121,0
2014-04-07,59.9483,60.11,both,0.16169999999999618,0.2697324194347399,0
2014-04-08,,60.08,fred_only,,,0
2014-04-09,60.074,60.09,both,0.016000000000005343,0.02663381829078361,0
2014-04-10,60.2115,60.07,both,-0.14150000000000063,-0.23500494091660334,0
2014-04-11,60.267,60.18,both,-0.0870000000000033,-0.1443576086415506,0
2014-04-14,,60.32,fred_only,,,0
2014-04-15,60.262,60.34,both,0.07800000000000296,0.12943480136736743,0
2014-04-16,60.2263,60.22,both,-0.006300000000003081,-0.010460546306186966,0
2014-04-17,60.3805,60.29,both,-0.09049999999999869,-0.14988282640918624,0
2014-04-18,,60.29,fred_only,,,0
2014-04-21,60.335,60.59,both,0.25500000000000256,0.42264025855639775,0
2014-04-22,60.7147,60.8,both,0.0852999999999966,0.14049315898785072,0
2014-04-23,61.0683,61.17,both,0.10170000000000101,0.16653484704830657,0
2014-04-24,,61.11,fred_only,,,0
2014-04-25,61.1163,60.64,both,-0.47630000000000194,-0.7793338274731977,1
2014-04-28,60.5041,60.69,both,0.18589999999999662,0.3072519052427796,0
2014-04-29,60.5253,60.23,both,-0.29530000000000456,-0.48789514467504425,0
2014-04-30,60.3375,60.21,both,-0.12749999999999773,-0.21131137352392412,0
2014-05-01,,60.11,fred_only,,,0
2014-05-02,60.225,60.02,both,-0.2049999999999983,-0.3403902034038992,0
2014-05-05,60.0475,60.21,both,0.16250000000000142,0.27061909321787153,0
2014-05-06,60.202,59.97,both,-0.23199999999999932,-0.38536925683532,0
2014-05-07,60.0399,60.01,both,-0.029900000000004923,-0.049800216189575475,0
2014-05-08,59.9913,60.06,both,0.06869999999999976,0.11451660490771122,0
2014-05-09,60.054,60.0,both,-0.054000000000002046,-0.0899190728344524,0
2014-05-12,59.729,59.48,both,-0.24900000000000233,-0.4168829211940638,0
2014-05-13,59.8773,59.44,both,-0.43730000000000047,-0.730326851745153,1
2014-05-14,,59.49,fred_only,,,0
2014-05-15,59.4745,59.38,both,-0.09449999999999648,-0.1588916258228257,0
2014-05-16,58.861,58.62,both,-0.24099999999999966,-0.40943918723772904,0
2014-05-19,58.426,58.38,both,-0.045999999999999375,-0.07873207133810183,0
2014-05-20,58.7455,58.58,both,-0.16550000000000153,-0.28172370649667045,0
2014-05-21,58.7725,58.66,both,-0.11250000000000426,-0.1914160534263546,0
2014-05-22,58.574,58.3,both,-0.2740000000000009,-0.467784341175267,0
2014-05-23,58.483,58.36,both,-0.12299999999999756,-0.2103175281705753,0
2014-05-26,58.5873,,rbi_only,,,0
2014-05-27,59.0585,58.9,both,-0.15850000000000364,-0.26837796422192167,0
2014-05-28,59.077,58.94,both,-0.13700000000000045,-0.2319007397125793,0
2014-05-29,58.8415,58.9,both,0.05849999999999511,0.09941962730385036,0
2014-05-30,59.0335,59.16,both,0.12650000000000006,0.21428510930234537,0
2014-06-02,59.1385,59.15,both,0.011499999999998067,0.019445877051325392,0
2014-06-03,59.2125,59.32,both,0.1075000000000017,0.18154950390542826,0
2014-06-04,59.336,59.34,both,0.0040000000000048885,0.006741270055286653,0
2014-06-05,59.2973,59.24,both,-0.05729999999999791,-0.09663171847621714,0
2014-06-06,59.197,59.17,both,-0.027000000000001023,-0.045610419446933156,0
2014-06-09,59.0605,59.18,both,0.11950000000000216,0.20233489388000805,0
2014-06-10,59.2647,59.18,both,-0.084699999999998,-0.1429181283293394,0
2014-06-11,59.325,59.32,both,-0.005000000000002558,-0.008428150021074686,0
2014-06-12,59.3283,59.19,both,-0.13830000000000098,-0.23310966267363295,0
2014-06-13,59.4783,59.64,both,0.16170000000000329,0.2718638562299247,0
2014-06-16,60.0059,60.16,both,0.15409999999999968,0.2568080805387465,0
2014-06-17,60.368,60.32,both,-0.04800000000000182,-0.0795123244102866,0
2014-06-18,60.124,60.28,both,0.1559999999999988,0.25946377486527644,0
2014-06-19,60.0031,60.09,both,0.08689999999999998,0.1448258506643823,0
2014-06-20,60.2785,60.23,both,-0.048500000000004206,-0.0804598654578402,0
2014-06-23,60.1927,60.14,both,-0.05270000000000152,-0.0875521450275557,0
2014-06-24,60.105,60.14,both,0.035000000000003695,0.05823142833375543,0
2014-06-25,60.2785,60.11,both,-0.16850000000000165,-0.2795358212297944,0
2014-06-26,60.1618,60.17,both,0.008200000000002206,0.01362991133909259,0
2014-06-27,60.0958,60.04,both,-0.05579999999999785,-0.09285174671108107,0
2014-06-30,60.0933,60.06,both,-0.033299999999997,-0.0554138314920249,0
2014-07-01,60.137,60.05,both,-0.0870000000000033,-0.1446696709180759,0
2014-07-02,59.9745,59.69,both,-0.2845000000000013,-0.4743682731827715,0
2014-07-03,59.7225,59.74,both,0.0175000000000054,0.02930218929215187,0
2014-07-04,59.7939,,rbi_only,,,0
2014-07-07,59.9455,60.013,both,0.06749999999999545,0.11260228040469333,0
2014-07-08,59.7968,59.78,both,-0.016799999999996373,-0.028095148904283128,0
2014-07-09,59.726,59.75,both,0.02400000000000091,0.04018350467133394,0
2014-07-10,59.875,60.19,both,0.3149999999999977,0.526096033402919,1
2014-07-11,60.1855,60.08,both,-0.10549999999999926,-0.17529139078349315,0
2014-07-14,60.005,60.11,both,0.10499999999999687,0.17498541788183797,0
2014-07-15,60.2195,60.15,both,-0.0694999999999979,-0.11541112098240255,0
2014-07-16,60.1903,60.12,both,-0.07030000000000314,-0.1167962279636472,0
2014-07-17,60.1401,60.35,both,0.20990000000000464,0.3490183754267197,0
2014-07-18,60.33,60.33,both,0.0,0.0,0
2014-07-21,60.1853,60.24,both,0.05470000000000397,0.09088598046367463,0
2014-07-22,60.236,60.16,both,-0.07600000000000051,-0.12617039644066758,0
2014-07-23,60.183,60.0,both,-0.18299999999999983,-0.30407257863516246,0
2014-07-24,60.002,60.11,both,0.10799999999999699,0.1799940001999883,0
2014-07-25,60.1448,60.04,both,-0.10479999999999734,-0.1742461526183433,0
2014-07-28,60.1013,60.13,both,0.028700000000000614,0.04775271083986638,0
2014-07-29,,60.12,fred_only,,,0
2014-07-30,60.1485,60.4,both,0.25150000000000006,0.41813179048521587,0
2014-07-31,60.246,60.55,both,0.30399999999999494,0.5045978156226055,1
2014-08-01,60.851,61.2,both,0.34900000000000375,0.5735320701385412,1
2014-08-04,61.0187,60.94,both,-0.07870000000000488,-0.12897685463637357,0
2014-08-05,60.869,61.05,both,0.18099999999999739,0.2973599040562476,0
2014-08-06,61.336,61.25,both,-0.08599999999999852,-0.14021129516107755,0
2014-08-07,61.4123,61.2,both,-0.21229999999999905,-0.34569622046397713,0
2014-08-08,61.5575,61.18,both,-0.3774999999999977,-0.6132477764691512,1
2014-08-11,61.1165,61.17,both,0.05349999999999966,0.08753773530879494,0
2014-08-12,61.1847,61.09,both,-0.09469999999999601,-0.15477725640559814,0
2014-08-13,61.2458,61.22,both,-0.02580000000000382,-0.04212533757417458,0
2014-08-14,61.0583,60.77,both,-0.28829999999999956,-0.4721716785432931,0
2014-08-15,,60.77,fred_only,,,0
2014-08-18,,60.77,fred_only,,,0
2014-08-19,60.726,60.67,both,-0.055999999999997385,-0.09221750156439974,0
2014-08-20,60.669,60.58,both,-0.08899999999999864,-0.14669765448581423,0
2014-08-21,60.767,60.56,both,-0.20700000000000074,-0.34064541609755417,0
2014-08-22,60.436,60.47,both,0.03399999999999892,0.05625785955390648,0
2014-08-25,60.427,60.56,both,0.13300000000000267,0.22010028629586556,0
2014-08-26,60.496,60.43,both,-0.0660000000000025,-0.10909812218990098,0
2014-08-27,60.4678,60.45,both,-0.017799999999994043,-0.029437154981649807,0
2014-08-28,60.4745,60.51,both,0.03549999999999898,0.05870242829622233,0
2014-08-29,,61.51,fred_only,,,0
2014-09-01,60.4735,,rbi_only,,,0
2014-09-02,60.61,60.69,both,0.0799999999999983,0.13199142055766094,0
2014-09-03,60.5445,60.41,both,-0.13450000000000273,-0.22215064952225672,0
2014-09-04,60.454,60.38,both,-0.07399999999999807,-0.1224071194627288,0
2014-09-05,60.4385,60.26,both,-0.17849999999999966,-0.2953415455380257,0
2014-09-08,60.2628,60.29,both,0.027200000000000557,0.045135639233491565,0
2014-09-09,60.4277,60.6,both,0.1722999999999999,0.28513413550408157,0
2014-09-10,60.8256,60.95,both,0.1244000000000014,0.20451914983165212,0
2014-09-11,60.9155,60.93,both,0.014499999999998181,0.02380346545624378,0
2014-09-12,60.84,60.95,both,0.10999999999999943,0.180802103879026,0
2014-09-15,60.9945,61.03,both,0.03549999999999898,0.05820196902999283,0
2014-09-16,61.1015,61.06,both,-0.041499999999999204,-0.06791977283699943,0
2014-09-17,60.954,60.9,both,-0.054000000000002046,-0.0885913967910261,0
2014-09-18,61.0558,60.78,both,-0.2757999999999967,-0.4517179367070724,0
2014-09-19,60.8055,60.8,both,-0.005500000000004945,-0.009045234394923066,0
2014-09-22,60.7875,60.93,both,0.1424999999999983,0.23442319555829452,0
2014-09-23,60.8708,61.04,both,0.16919999999999646,0.2779657898368289,0
2014-09-24,61.0293,60.93,both,-0.0992999999999995,-0.16270873170755604,0
2014-09-25,61.0245,61.33,both,0.305499999999995,0.5006186040033019,1
2014-09-26,61.572,61.14,both,-0.43200000000000216,-0.7016176183979767,1
2014-09-29,61.4273,61.53,both,0.10269999999999868,0.16718950694560672,0
2014-09-30,61.6135,61.92,both,0.3064999999999998,0.4974559146940196,0
2014-10-01,61.7511,61.71,both,-0.041100000000000136,-0.06655751881343026,0
2014-10-02,,61.61,fred_only,,,0
2014-10-03,,61.81,fred_only,,,0
2014-10-06,,61.68,fred_only,,,0
2014-10-07,61.3595,61.28,both,-0.07949999999999591,-0.12956428914837298,0
2014-10-08,61.4648,61.38,both,-0.08479999999999421,-0.137965144277691,0
2014-10-09,61.0368,60.92,both,-0.1167999999999978,-0.19135996644646802,0
2014-10-10,61.1624,61.27,both,0.10760000000000502,0.17592507815259872,0
2014-10-13,61.2455,,rbi_only,,,0
2014-10-14,61.1078,61.38,both,0.2722000000000051,0.4454423166928037,0
2014-10-15,,61.42,fred_only,,,0
2014-10-16,61.4795,61.8,both,0.32049999999999557,0.5213119820427875,1
2014-10-17,61.6165,61.46,both,-0.1565000000000012,-0.25399040841333276,0
2014-10-20,61.2873,61.2,both,-0.08729999999999905,-0.14244386683701035,0
2014-10-21,61.2967,61.14,both,-0.15670000000000073,-0.25564182084843184,0
2014-10-22,61.2355,61.18,both,-0.0555000000000021,-0.09063370103943318,0
2014-10-23,,61.16,fred_only,,,0
2014-10-24,,61.16,fred_only,,,0
2014-10-27,61.229,61.28,both,0.05100000000000193,0.08329386401868712,0
2014-10-28,61.3524,61.17,both,-0.18240000000000123,-0.2972988831732764,0
2014-10-29,61.3175,61.2,both,-0.11749999999999972,-0.19162555551025354,0
2014-10-30,61.4636,61.42,both,-0.04359999999999786,-0.07093629400164954,0
2014-10-31,61.408,61.44,both,0.031999999999996476,0.05211047420530953,0
2014-11-03,61.4118,61.38,both,-0.03179999999999694,-0.05178157943586891,0
2014-11-04,,61.38,fred_only,,,0
2014-11-05,61.387,61.49,both,0.10300000000000153,0.16778796813657865,0
2014-11-06,,61.45,fred_only,,,0
2014-11-07,61.5205,61.5,both,-0.02049999999999841,-0.03332222592468918,0
2014-11-10,61.4513,61.52,both,0.06869999999999976,0.1117958448397345,0
2014-11-11,61.55,,rbi_only,,,0
2014-11-12,61.4785,61.4,both,-0.07849999999999824,-0.1276869149377396,0
2014-11-13,61.556,61.55,both,-0.006000000000000227,-0.009747222041718481,0
2014-11-14,61.6475,61.7,both,0.05250000000000199,0.08516160428241533,0
2014-11-17,61.678,61.82,both,0.142000000000003,0.2302279581050018,0
2014-11-18,61.808,61.72,both,-0.08800000000000097,-0.14237639140564487,0
2014-11-19,61.828,61.98,both,0.15199999999999392,0.24584330723942857,0
2014-11-20,62.1044,61.92,both,-0.18439999999999657,-0.2969193809134241,0
2014-11-21,61.8505,61.76,both,-0.09049999999999869,-0.14632056329374651,0
2014-11-24,61.7798,61.85,both,0.07019999999999982,0.11362937400250539,0
2014-11-25,61.9195,61.89,both,-0.02949999999999875,-0.04764250357318575,0
2014-11-26,61.8658,61.78,both,-0.08579999999999899,-0.13868728764519167,0
2014-11-27,61.865,,rbi_only,,,0
2014-11-28,61.9736,62.2,both,0.22640000000000526,0.3653168445918992,0
2014-12-01,62.1377,61.94,both,-0.19770000000000465,-0.31816433501723534,0
2014-12-02,61.9255,61.8,both,-0.1255000000000024,-0.20266287716692216,0
2014-12-03,61.8866,61.85,both,-0.036599999999999966,-0.059140427814744975,0
2014-12-04,61.8771,61.78,both,-0.09709999999999752,-0.15692396702495354,0
2014-12-05,61.8535,61.9,both,0.04650000000000176,0.07517763748211785,0
2014-12-08,61.9253,61.82,both,-0.10529999999999973,-0.17004358477068296,0
2014-12-09,61.875,61.87,both,-0.005000000000002558,-0.008080808080812215,0
2014-12-10,61.95,62.1,both,0.14999999999999858,0.2421307506053246,0
2014-12-11,62.2059,62.46,both,0.2541000000000011,0.40848215362208584,0
2014-12-12,62.4422,62.52,both,0.07780000000000342,0.12459522566470019,0
2014-12-15,62.6529,63.16,both,0.5070999999999941,0.8093799329320654,1
2014-12-16,63.4135,63.65,both,0.2364999999999995,0.3729489777413319,0
2014-12-17,63.5813,63.52,both,-0.06129999999999569,-0.0964119953508275,0
2014-12-18,63.3161,62.98,both,-0.33610000000000184,-0.5308286517963074,1
2014-12-19,63.067,63.24,both,0.17300000000000182,0.27431144655683926,0
2014-12-22,63.1757,63.22,both,0.044299999999999784,0.0701218981348838,0
2014-12-23,63.4475,63.4,both,-0.04749999999999943,-0.07486504590409304,0
2014-12-24,63.4614,63.55,both,0.08859999999999957,0.1396124258210496,0
2014-12-26,63.6355,,rbi_only,,,0
2014-12-29,63.6539,63.67,both,0.016100000000001558,0.025293029963602477,0
2014-12-30,63.7498,63.38,both,-0.3697999999999979,-0.5800802512321575,1
2014-12-31,63.3315,63.04,both,-0.2914999999999992,-0.4602764816876266,0
2015-01-01,63.3213,,rbi_only,,,0
2015-01-02,63.2878,63.27,both,-0.017799999999994043,-0.02812548390052118,0
2015-01-05,63.3888,63.34,both,-0.048799999999999955,-0.07698520874350034,0
2015-01-06,63.385,63.57,both,0.18500000000000227,0.29186716100024024,0
2015-01-07,63.4495,63.27,both,-0.17949999999999733,-0.2829021505291568,0
2015-01-08,62.967,62.67,both,-0.29699999999999704,-0.47167563962074904,0
2015-01-09,62.3953,62.34,both,-0.055299999999995464,-0.08862847041362966,0
2015-01-12,62.1605,62.09,both,-0.07049999999999557,-0.11341607612550665,0
2015-01-13,62.1021,61.97,both,-0.13210000000000122,-0.21271422383462268,0
2015-01-14,62.153,62.09,both,-0.06299999999999528,-0.10136276607725338,0
2015-01-15,61.7588,62.06,both,0.30120000000000147,0.4877037766277866,0
2015-01-16,61.8933,61.87,both,-0.023300000000006094,-0.03764543173494723,0
2015-01-19,61.699,,rbi_only,,,0
2015-01-20,61.8475,61.64,both,-0.20749999999999602,-0.33550264764136956,0
2015-01-21,61.614,61.55,both,-0.06400000000000006,-0.10387249651053342,0
2015-01-22,61.691,61.32,both,-0.3710000000000022,-0.6013843186202237,1
2015-01-23,61.4988,61.46,both,-0.038800000000001944,-0.0630906619316181,0
2015-01-26,,61.46,fred_only,,,0
2015-01-27,61.464,61.34,both,-0.12399999999999523,-0.20174411037354423,0
2015-01-28,61.4105,61.34,both,-0.07049999999999557,-0.11480121477596757,0
2015-01-29,61.4998,61.94,both,0.44019999999999726,0.715774685446127,1
2015-01-30,61.7575,62.01,both,0.2524999999999977,0.40885722381896566,0
2015-02-02,61.884,61.68,both,-0.20400000000000063,-0.32964902074849817,0
2015-02-03,61.7389,61.67,both,-0.0688999999999993,-0.11159900808080365,0
2015-02-04,61.68,61.73,both,0.04999999999999716,0.08106355382619514,0
2015-02-05,61.8748,61.73,both,-0.1448000000000036,-0.23402095845158868,0
2015-02-06,61.7363,61.7,both,-0.03629999999999711,-0.05879847026789281,0
2015-02-09,62.141,62.1,both,-0.04099999999999682,-0.06597898327995497,0
2015-02-10,61.9634,62.33,both,0.36659999999999826,0.5916395807847831,1
2015-02-11,62.1536,62.41,both,0.2563999999999993,0.4125263862431127,0
2015-02-12,62.43,62.3,both,-0.13000000000000256,-0.20823322120775678,0
2015-02-13,62.136,62.04,both,-0.09600000000000364,-0.15449980687524725,0
2015-02-16,62.2023,,rbi_only,,,0
2015-02-17,,62.14,fred_only,,,0
2015-02-18,62.245,62.25,both,0.005000000000002558,0.008032773716768507,0
2015-02-19,,62.08,fred_only,,,0
2015-02-20,62.255,62.19,both,-0.06500000000000483,-0.10440928439483547,0
2015-02-23,62.1838,62.15,both,-0.033799999999999386,-0.05435499277946891,0
2015-02-24,62.2758,62.07,both,-0.20579999999999643,-0.33046544564661784,0
2015-02-25,62.0468,61.84,both,-0.2067999999999941,-0.3332968017689778,0
2015-02-26,61.9395,61.74,both,-0.19950000000000045,-0.32208848957450487,0
2015-02-27,61.7908,61.67,both,-0.12079999999999558,-0.19549835897899942,0
2015-03-02,61.8248,61.87,both,0.045199999999994134,0.07310982000749558,0
2015-03-03,61.8387,61.76,both,-0.07870000000000488,-0.12726658225351578,0
2015-03-04,61.8543,62.3,both,0.4456999999999951,0.7205642938324337,1
2015-03-05,62.2015,62.26,both,0.05849999999999511,0.094049178878315,0
2015-03-06,,62.45,fred_only,,,0
2015-03-09,62.616,62.67,both,0.054000000000002046,0.08623993867382466,0
2015-03-10,62.6983,62.71,both,0.011699999999997601,0.01866079303585201,0
2015-03-11,62.745,62.76,both,0.015000000000000568,0.023906287353574897,0
2015-03-12,62.5665,62.44,both,-0.12650000000000006,-0.20218487529268866,0
2015-03-13,62.6733,63.06,both,0.3867000000000047,0.6170091570094518,1
2015-03-16,62.8215,62.8,both,-0.021500000000003183,-0.03422395199096358,0
2015-03-17,62.692,62.64,both,-0.0519999999999996,-0.08294519236904166,0
2015-03-18,62.672,62.69,both,0.018000000000000682,0.028720959918305915,0
2015-03-19,62.4208,62.56,both,0.13920000000000243,0.2230025888806334,0
2015-03-20,62.4923,62.47,both,-0.02230000000000132,-0.035684396317628445,0
2015-03-23,62.2879,62.22,both,-0.06790000000000163,-0.10900993611921678,0
2015-03-24,62.1988,62.4,both,0.20120000000000005,0.32347890956095626,0
2015-03-25,62.3419,62.35,both,0.008099999999998886,0.012992866755743546,0
2015-03-26,62.6728,62.83,both,0.157199999999996,0.2508265148517315,0
2015-03-27,62.6069,62.5,both,-0.1069000000000031,-0.17074795270170395,0
2015-03-30,62.6305,62.52,both,-0.11049999999999471,-0.17643161079664815,0
2015-03-31,62.5908,62.31,both,-0.2807999999999993,-0.448628232903237,0
2015-04-01,,62.14,fred_only,,,0
2015-04-02,,62.13,fred_only,,,0
2015-04-03,,61.99,fred_only,,,0
2015-04-06,62.158,62.16,both,0.001999999999995339,0.0032176067440962365,0
2015-04-07,62.3321,62.23,both,-0.10210000000000008,-0.16380003240705845,0
2015-04-08,62.3295,62.22,both,-0.10950000000000415,-0.17567925300219664,0
2015-04-09,62.256,62.18,both,-0.07600000000000051,-0.12207658699563177,0
2015-04-10,62.366,62.21,both,-0.1559999999999988,-0.2501362922104974,0
2015-04-13,62.3885,62.38,both,-0.008499999999997954,-0.013624305761475197,0
2015-04-14,,62.25,fred_only,,,0
2015-04-15,62.4026,62.34,both,-0.06259999999999621,-0.10031633297329953,0
2015-04-16,62.3685,62.28,both,-0.08849999999999625,-0.14189855455878567,0
2015-04-17,62.346,62.48,both,0.13400000000000034,0.21492958650113936,0
2015-04-20,62.5633,63.07,both,0.5067000000000021,0.8098997335498641,1
2015-04-21,62.92,62.92,both,0.0,0.0,0
2015-04-22,62.8183,62.96,both,0.14170000000000016,0.2255712109369406,0
2015-04-23,63.185,63.27,both,0.08500000000000085,0.13452559943024586,0
2015-04-24,63.4006,63.55,both,0.14939999999999998,0.2356444576234294,0
2015-04-27,63.6115,63.34,both,-0.2714999999999961,-0.42680961775778925,0
2015-04-28,63.3305,63.05,both,-0.2805000000000035,-0.4429145514404647,0
2015-04-29,63.2025,63.38,both,0.177500000000002,0.2808433210711633,0
2015-04-30,63.578,63.58,both,0.001999999999995339,0.003145742237873697,0
2015-05-01,,63.63,fred_only,,,0
2015-05-04,,63.64,fred_only,,,0
2015-05-05,63.5194,63.31,both,-0.20939999999999515,-0.32966306356797315,0
2015-05-06,63.6425,63.57,both,-0.07249999999999801,-0.11391758651843975,0
2015-05-07,63.88,64.08,both,0.19999999999999574,0.313087038196612,0
2015-05-08,64.0493,63.73,both,-0.31930000000000547,-0.49852223209309926,0
2015-05-11,63.8495,63.96,both,0.11050000000000182,0.1730632189758758,0
2015-05-12,64.202,64.19,both,-0.012000000000000455,-0.01869100651070131,0
2015-05-13,64.1895,63.88,both,-0.3094999999999928,-0.48216608635367586,0
2015-05-14,63.838,63.47,both,-0.3680000000000021,-0.5764591622544599,1
2015-05-15,63.5788,63.36,both,-0.21880000000000166,-0.3441398705228813,0
2015-05-18,63.5543,63.66,both,0.1056999999999988,0.16631447439433492,0
2015-05-19,63.6868,63.8,both,0.11319999999999908,0.17774483880490005,0
2015-05-20,63.8655,63.75,both,-0.11549999999999727,-0.18084881508795403,0
2015-05-21,63.7,63.51,both,-0.19000000000000483,-0.2982731554160201,0
2015-05-22,63.5728,63.43,both,-0.14280000000000115,-0.22462436765409285,0
2015-05-25,63.6228,,rbi_only,,,0
2015-05-26,63.845,63.87,both,0.02499999999999858,0.03915733416868757,0
2015-05-27,63.9475,63.92,both,-0.027499999999996305,-0.04300402674067994,0
2015-05-28,63.901,63.83,both,-0.07100000000000506,-0.1111093723103004,0
2015-05-29,63.7615,63.71,both,-0.051499999999997215,-0.08076974349724711,0
2015-06-01,63.6083,63.59,both,-0.01829999999999643,-0.028769830352322622,0
2015-06-02,63.833,63.72,both,-0.11299999999999955,-0.1770244231040364,0
2015-06-03,63.8515,63.99,both,0.1385000000000005,0.21690954793544473,0
2015-06-04,64.1775,63.96,both,-0.21749999999999403,-0.33890382143273584,0
2015-06-05,63.8955,63.76,both,-0.1355000000000004,-0.212065012403065,0
2015-06-08,64.11,64.03,both,-0.0799999999999983,-0.12478552487911135,0
2015-06-09,63.936,63.96,both,0.02400000000000091,0.03753753753753896,0
2015-06-10,63.8849,63.81,both,-0.07489999999999952,-0.11724210259388293,0
2015-06-11,63.891,63.93,both,0.03900000000000148,0.061041461238674426,0
2015-06-12,64.0301,64.02,both,-0.010100000000008436,-0.015773831369947002,0
2015-06-15,64.0868,64.03,both,-0.05679999999999552,-0.08862979583938584,0
2015-06-16,64.1505,64.21,both,0.059499999999999886,0.09275064107060722,0
2015-06-17,64.1135,64.14,both,0.026499999999998636,0.041332948598966884,0
2015-06-18,63.8495,63.62,both,-0.2295000000000016,-0.35943899325758477,0
2015-06-19,63.8195,63.43,both,-0.3894999999999982,-0.6103150291055214,1
2015-06-22,63.5098,63.51,both,0.00019999999999953388,0.00031491202932387426,0
2015-06-23,63.6406,63.57,both,-0.07059999999999889,-0.11093547201000444,0
2015-06-24,63.66,63.54,both,-0.11999999999999744,-0.1885014137605992,0
2015-06-25,63.6121,63.5,both,-0.11209999999999809,-0.17622433467846227,0
2015-06-26,63.6042,63.54,both,-0.06419999999999959,-0.10093673059326208,0
2015-06-29,63.917,63.73,both,-0.18700000000000472,-0.2925669227279201,0
2015-06-30,63.7549,63.59,both,-0.16489999999999583,-0.2586467863646494,0
2015-07-01,63.6223,63.55,both,-0.07230000000000558,-0.11363940002169928,0
2015-07-02,63.5705,63.36,both,-0.21050000000000324,-0.3311284322130599,0
2015-07-03,63.3963,,rbi_only,,,0
2015-07-06,63.5785,63.24,both,-0.33849999999999625,-0.5324126866786669,1
2015-07-07,63.3749,63.51,both,0.13510000000000133,0.21317587877850908,0
2015-07-08,63.569,63.47,both,-0.09900000000000375,-0.15573628655477317,0
2015-07-09,63.5065,63.31,both,-0.19650000000000034,-0.3094171462763659,0
2015-07-10,63.3793,63.33,both,-0.04930000000000234,-0.07778564925772664,0
2015-07-13,63.4655,63.43,both,-0.03549999999999898,-0.05593590218307423,0
2015-07-14,63.4978,63.27,both,-0.2277999999999949,-0.3587525867037833,0
2015-07-15,63.3847,63.48,both,0.09529999999999461,0.15035174103528864,0
2015-07-16,63.4955,63.43,both,-0.06550000000000011,-0.10315691663188749,0
2015-07-17,63.4928,63.45,both,-0.04279999999999973,-0.06740921805307015,0
2015-07-20,63.551,63.61,both,0.0589999999999975,0.09283882236313748,0
2015-07-21,63.6506,63.57,both,-0.0805999999999969,-0.1266288141824223,0
2015-07-22,63.5283,63.6,both,0.07169999999999987,0.11286308621511969,0
2015-07-23,63.7138,63.86,both,0.14620000000000033,0.22946363268240214,0
2015-07-24,63.8916,64.04,both,0.1484000000000094,0.23226840461032347,0
2015-07-27,64.0028,64.24,both,0.2372000000000014,0.3706087858656206,0
2015-07-28,64.027,63.76,both,-0.267000000000003,-0.41701157324254295,0
2015-07-29,63.8943,63.83,both,-0.06430000000000291,-0.10063495491773587,0
2015-07-30,64.0061,64.09,both,0.08389999999999986,0.131081256317757,0
2015-07-31,64.0054,63.87,both,-0.13539999999999708,-0.21154465092007407,0
2015-08-03,63.9623,63.99,both,0.027700000000002944,0.04330676038854598,0
2015-08-04,63.9315,63.71,both,-0.22149999999999892,-0.34646457536581954,0
2015-08-05,63.8159,63.73,both,-0.08590000000000231,-0.13460595243505508,0
2015-08-06,63.7603,63.67,both,-0.09029999999999916,-0.1416241767996687,0
2015-08-07,63.8061,63.74,both,-0.06609999999999872,-0.10359511081228709,0
2015-08-10,63.759,63.77,both,0.011000000000002785,0.017252466318484896,0
2015-08-11,64.1732,64.33,both,0.15680000000000405,0.24433875823553144,0
2015-08-12,64.827,64.8,both,-0.027000000000001023,-0.041649312786340605,0
2015-08-13,64.9212,65.27,both,0.3487999999999971,0.5372667171894498,1
2015-08-14,65.1225,65.02,both,-0.10250000000000625,-0.15739567737726015,0
2015-08-17,65.22,65.39,both,0.1700000000000017,0.2606562404170526,0
2015-08-18,,65.44,fred_only,,,0
2015-08-19,65.2525,65.17,both,-0.08249999999999602,-0.12643193747365392,0
2015-08-20,65.2385,65.49,both,0.25149999999999295,0.38550855706368625,0
2015-08-21,65.8298,66.02,both,0.19019999999999015,0.28892689936774857,0
2015-08-24,66.5093,66.8,both,0.29070000000000107,0.4370817314270352,0
2015-08-25,66.709,66.07,both,-0.63900000000001,-0.9578917387459113,1
2015-08-26,66.161,66.11,both,-0.05100000000000193,-0.0770846873535798,0
2015-08-27,66.0605,65.99,both,-0.07050000000000978,-0.10672035482627254,0
2015-08-28,66.0808,66.14,both,0.05920000000000414,0.08958729313205067,0
2015-08-31,66.3062,66.39,both,0.08379999999999654,0.12638335479939514,0
2015-09-01,66.2603,66.34,both,0.07970000000000255,0.12028318616124972,0
2015-09-02,66.1638,66.16,both,-0.0037999999999982492,-0.005743321876914944,0
2015-09-03,66.228,66.07,both,-0.15800000000000125,-0.2385697892130236,0
2015-09-04,66.4003,66.7,both,0.2997000000000014,0.4513533824395393,0
2015-09-07,66.7445,,rbi_only,,,0
2015-09-08,66.606,66.36,both,-0.2459999999999951,-0.36933609584721366,0
2015-09-09,66.2945,66.47,both,0.17549999999999955,0.2647278431845772,0
2015-09-10,66.584,66.46,both,-0.12400000000000944,-0.18623092634868652,0
2015-09-11,66.3866,66.39,both,0.0033999999999991815,0.005121515486557801,0
2015-09-14,66.3708,66.32,both,-0.050800000000009504,-0.07653968311367274,0
2015-09-15,66.4383,66.36,both,-0.0782999999999987,-0.11785370787632841,0
2015-09-16,66.5,66.45,both,-0.04999999999999716,-0.07518796992480775,0
2015-09-17,,66.12,fred_only,,,0
2015-09-18,65.9255,65.7,both,-0.2254999999999967,-0.3420527716892503,0
2015-09-21,65.7531,65.66,both,-0.09310000000000684,-0.14159028243536326,0
2015-09-22,65.625,65.85,both,0.22499999999999432,0.3428571428571342,0
2015-09-23,65.9696,66.05,both,0.08039999999999736,0.12187431786761989,0
2015-09-24,66.0993,66.32,both,0.22069999999999368,0.33389158432841753,0
2015-09-25,,66.12,fred_only,,,0
2015-09-28,66.0805,66.2,both,0.11950000000000216,0.1808400360166799,0
2015-09-29,66.1843,65.9,both,-0.28429999999998756,-0.4295580673966297,0
2015-09-30,65.7418,65.5,both,-0.2417999999999978,-0.3678025244212933,0
2015-10-01,65.554,65.57,both,0.015999999999991132,0.024407358818670306,0
2015-10-02,,65.35,fred_only,,,0
2015-10-05,65.2905,65.12,both,-0.17049999999998988,-0.2611405947266293,0
2015-10-06,65.3908,65.18,both,-0.21079999999999188,-0.32236950763714756,0
2015-10-07,65.2571,64.86,both,-0.3970999999999947,-0.6085161614598178,1
2015-10-08,65.157,64.97,both,-0.1869999999999976,-0.2869990944948319,0
2015-10-09,64.7848,64.76,both,-0.024799999999999045,-0.03828058433459553,0
2015-10-12,64.726,,rbi_only,,,0
2015-10-13,65.0215,65.06,both,0.03849999999999909,0.059211183992985535,0
2015-10-14,65.1123,64.87,both,-0.24230000000000018,-0.3721263110042191,0
2015-10-15,64.824,64.77,both,-0.054000000000002046,-0.0833024805627577,0
2015-10-16,64.9697,64.7,both,-0.2697000000000003,-0.4151165851158313,0
2015-10-19,64.8178,64.9,both,0.08220000000000027,0.1268170163134205,0
2015-10-20,64.8908,64.97,both,0.07920000000000016,0.12205119986192213,0
2015-10-21,65.1513,65.19,both,0.03869999999999152,0.059400196158774295,0
2015-10-22,,64.91,fred_only,,,0
2015-10-23,64.8815,64.87,both,-0.011499999999998067,-0.01772462103989283,0
2015-10-26,64.9603,64.83,both,-0.1303000000000054,-0.2005840490268755,0
2015-10-27,64.9553,65.03,both,0.0747000000000071,0.11500216302596877,0
2015-10-28,65.0408,64.89,both,-0.15080000000000382,-0.23185446673473237,0
2015-10-29,65.1515,65.35,both,0.19849999999999568,0.30467448945917697,0
2015-10-30,65.2231,65.4,both,0.1769000000000034,0.2712229256199159,0
2015-11-02,65.4793,65.58,both,0.10070000000000334,0.15378906005409856,0
2015-11-03,65.451,65.57,both,0.11899999999999977,0.18181540388993261,0
2015-11-04,65.568,65.46,both,-0.10800000000000409,-0.16471449487555528,0
2015-11-05,65.6755,65.85,both,0.17449999999999477,0.2657002991983232,0
2015-11-06,65.791,66.13,both,0.33899999999999864,0.5152680457813358,1
2015-11-09,66.3378,66.38,both,0.04219999999999402,0.06361380690947548,0
2015-11-10,66.3495,66.19,both,-0.1595000000000084,-0.2403936728988288,0
2015-11-12,,66.04,fred_only,,,0
2015-11-13,66.139,66.12,both,-0.018999999999991246,-0.028727377190449273,0
2015-11-16,66.169,66.01,both,-0.15899999999999181,-0.24029379316597171,0
2015-11-17,65.9805,65.96,both,-0.02050000000001262,-0.031069785770057243,0
2015-11-18,66.1138,66.16,both,0.04619999999999891,0.06987951078292112,0
2015-11-19,66.1105,66.05,both,-0.06050000000000466,-0.09151345096467983,0
2015-11-20,66.094,66.06,both,-0.033999999999991815,-0.05144188579900115,0
2015-11-23,66.349,66.37,both,0.021000000000000796,0.03165081613890306,0
2015-11-24,66.384,66.32,both,-0.06400000000000716,-0.09640877319837184,0
2015-11-25,,66.36,fred_only,,,0
2015-11-26,66.5507,,rbi_only,,,0
2015-11-27,66.7503,66.86,both,0.10970000000000368,0.164343830664437,0
2015-11-30,66.8148,66.43,both,-0.3847999999999985,-0.5759203050821052,1
2015-12-01,66.518,66.46,both,-0.058000000000006935,-0.08719444360925904,0
2015-12-02,66.6158,66.53,both,-0.08579999999999188,-0.12879827308234967,0
2015-12-03,66.745,66.82,both,0.07499999999998863,0.11236796763800828,0
2015-12-04,66.8365,66.65,both,-0.18649999999999523,-0.27903914777104605,0
2015-12-07,66.6263,66.74,both,0.11369999999999436,0.1706533305916648,0
2015-12-08,66.7983,66.77,both,-0.028300000000001546,-0.04236634764657416,0
2015-12-09,66.75,66.83,both,0.0799999999999983,0.11985018726591505,0
2015-12-10,66.7905,66.7,both,-0.09049999999999159,-0.13549831188565978,0
2015-12-11,66.786,67.1,both,0.31399999999999295,0.4701584164345715,0
2015-12-14,66.994,67.09,both,0.09600000000000364,0.14329641460429837,0
2015-12-15,67.0435,66.79,both,-0.2534999999999883,-0.378112717862266,0
2015-12-16,66.8468,66.6,both,-0.24680000000000746,-0.36920241507447993,0
2015-12-17,66.6488,66.32,both,-0.3288000000000011,-0.49333221303309455,0
2015-12-18,66.4235,66.23,both,-0.19350000000000023,-0.2913125625719816,0
2015-12-21,66.324,66.19,both,-0.13400000000000034,-0.20203847777576794,0
2015-12-22,66.2985,66.19,both,-0.10850000000000648,-0.1636537779889537,0
2015-12-23,66.202,66.04,both,-0.16199999999999193,-0.24470559801817457,0
2015-12-24,,66.0,fred_only,,,0
2015-12-28,66.138,66.09,both,-0.04800000000000182,-0.07257552390456593,0
2015-12-29,66.37,66.28,both,-0.09000000000000341,-0.1356034352870324,0
2015-12-30,66.4243,66.44,both,0.015699999999995384,0.023635928417755827,0
2015-12-31,66.326,66.19,both,-0.13599999999999568,-0.2050477942285012,0
2016-01-01,66.178,,rbi_only,,,0
2016-01-04,66.4623,66.56,both,0.09770000000000323,0.14700063043259598,0
2016-01-05,66.5418,66.49,both,-0.05180000000000007,-0.07784580519312682,0
2016-01-06,66.7165,66.71,both,-0.006500000000002615,-0.009742717318808113,0
2016-01-07,66.9115,66.73,both,-0.18149999999999977,-0.2712538203447834,0
2016-01-08,66.669,66.82,both,0.15099999999999625,0.22649207277744718,0
2016-01-11,66.7885,66.78,both,-0.008499999999997954,-0.012726741879212668,0
2016-01-12,66.8905,66.85,both,-0.04050000000000864,-0.06054671440639349,0
2016-01-13,66.8394,66.74,both,-0.09940000000000282,-0.14871468026344165,0
2016-01-14,67.095,67.37,both,0.2750000000000057,0.4098666070497141,0
2016-01-15,67.4325,67.74,both,0.30749999999999034,0.45601156712266383,0
2016-01-18,67.588,,rbi_only,,,0
2016-01-19,67.563,67.68,both,0.11700000000000443,0.17317170640735968,0
2016-01-20,67.9774,68.05,both,0.07259999999999422,0.10680020124334592,0
2016-01-21,68.06,67.87,both,-0.18999999999999773,-0.2791654422568289,0
2016-01-22,67.748,67.55,both,-0.1980000000000075,-0.2922595500974309,0
2016-01-25,67.6428,67.71,both,0.0671999999999997,0.09934538487466472,0
2016-01-26,,67.75,fred_only,,,0
2016-01-27,67.9803,67.98,both,-0.0002999999999957481,-0.00044130431903911593,0
2016-01-28,68.0858,68.08,both,-0.005800000000007799,-0.00851866321612994,0
2016-01-29,67.8763,67.87,both,-0.0062999999999959755,-0.009281590186848687,0
2016-02-01,67.6728,67.92,both,0.24720000000000653,0.3652870872787982,0
2016-02-02,67.834,67.92,both,0.08599999999999852,0.12678008078544464,0
2016-02-03,68.1825,67.92,both,-0.26250000000000284,-0.38499615003850374,0
2016-02-04,67.8093,67.57,both,-0.23930000000000007,-0.3529014456719065,0
2016-02-05,67.6365,67.78,both,0.14350000000000307,0.21216355074553397,0
2016-02-08,67.819,67.98,both,0.16100000000000136,0.23739659977292699,0
2016-02-09,68.1623,67.92,both,-0.24230000000000018,-0.355475094003577,0
2016-02-10,67.8781,67.85,both,-0.028100000000009118,-0.04139774095033467,0
2016-02-11,68.0155,68.44,both,0.42449999999999477,0.6241224426784994,1
2016-02-12,68.4365,68.12,both,-0.3164999999999907,-0.46247251101384595,0
2016-02-15,68.1348,,rbi_only,,,0
2016-02-16,68.336,68.48,both,0.14400000000000546,0.2107234839616095,0
2016-02-17,68.592,68.33,both,-0.26200000000000045,-0.38196874271052084,0
2016-02-18,68.494,68.54,both,0.04600000000000648,0.06715916722633584,0
2016-02-19,,68.54,fred_only,,,0
2016-02-22,68.5517,68.53,both,-0.02169999999999561,-0.03165494072356428,0
2016-02-23,68.6408,68.55,both,-0.09080000000000155,-0.13228284052633643,0
2016-02-24,68.565,68.53,both,-0.03499999999999659,-0.051046452271562154,0
2016-02-25,68.599,68.84,both,0.24099999999999966,0.3513170745929236,0
2016-02-26,68.7775,68.82,both,0.04249999999998977,0.06179346443239398,0
2016-02-29,68.616,68.21,both,-0.4060000000000059,-0.5916987291593884,1
2016-03-01,68.158,67.75,both,-0.40800000000000125,-0.5986091141172001,1
2016-03-02,67.7022,67.4,both,-0.30219999999999914,-0.4463665877918282,0
2016-03-03,67.3786,67.15,both,-0.22860000000000014,-0.33927686238657395,0
2016-03-04,67.2713,66.9,both,-0.37129999999999086,-0.5519441425986875,1
2016-03-07,,66.97,fred_only,,,0
2016-03-08,67.338,67.3,both,-0.0379999999999967,-0.05643173245418145,0
2016-03-09,67.4632,67.07,both,-0.3932000000000073,-0.582836272219532,1
2016-03-10,67.051,67.2,both,0.1490000000000009,0.22221890799540783,0
2016-03-11,67.0868,66.93,both,-0.15679999999998984,-0.23372705211754002,0
2016-03-14,67.023,67.15,both,0.12700000000000955,0.18948719096431008,0
2016-03-15,67.229,67.33,both,0.10099999999999909,0.1502327864463239,0
2016-03-16,67.368,67.24,both,-0.1280000000000001,-0.1900011875074221,0
2016-03-17,66.8806,66.61,both,-0.27060000000000173,-0.40460163335855504,0
2016-03-18,66.6088,66.34,both,-0.2687999999999988,-0.40355028164446566,0
2016-03-21,66.504,66.45,both,-0.054000000000002046,-0.08119812342115067,0
2016-03-22,66.5411,66.58,both,0.03889999999999816,0.058460109616459845,0
2016-03-23,66.864,66.82,both,-0.04400000000001114,-0.06580521655900207,0
2016-03-24,,66.82,fred_only,,,0
2016-03-25,,66.82,fred_only,,,0
2016-03-28,66.668,66.58,both,-0.08800000000000807,-0.13199736005281104,0
2016-03-29,66.558,66.46,both,-0.09800000000001319,-0.147240001201979,0
2016-03-30,66.4105,66.37,both,-0.04049999999999443,-0.06098433229684226,0
2016-03-31,66.3329,66.25,both,-0.08289999999999509,-0.12497569079596262,0
2016-04-01,,66.34,fred_only,,,0
2016-04-04,66.243,66.05,both,-0.19299999999999784,-0.29135153903053584,0
2016-04-05,66.3248,66.4,both,0.07520000000000948,0.11338141992137102,0
2016-04-06,66.5807,66.49,both,-0.09069999999999823,-0.13622566299242608,0
2016-04-07,66.4698,66.7,both,0.2301999999999964,0.34632269090624074,0
2016-04-08,,66.49,fred_only,,,0
2016-04-11,66.3925,66.33,both,-0.0625,-0.094137138984072,0
2016-04-12,66.495,66.35,both,-0.14500000000001023,-0.21806150838410437,0
2016-04-13,66.4293,66.62,both,0.19070000000000675,0.28707212028428236,0
2016-04-14,,66.56,fred_only,,,0
2016-04-15,,66.49,fred_only,,,0
2016-04-18,66.6663,66.42,both,-0.24630000000000507,-0.36945203198618354,0
2016-04-19,,66.12,fred_only,,,0
2016-04-20,66.2406,66.12,both,-0.12059999999999604,-0.18206356826477424,0
2016-04-21,66.293,66.43,both,0.13700000000000045,0.20665831988294459,0
2016-04-22,66.4925,66.6,both,0.1074999999999875,0.16167236906416133,0
2016-04-25,66.6839,66.65,both,-0.033899999999988495,-0.05083685867201603,0
2016-04-26,66.733,66.4,both,-0.3329999999999984,-0.49900349152592927,0
2016-04-27,66.546,66.52,both,-0.02600000000001046,-0.03907071799959495,0
2016-04-28,66.4045,66.39,both,-0.014499999999998181,-0.021835869557030294,0
2016-04-29,66.5176,66.39,both,-0.12760000000000105,-0.191828929486333,0
2016-05-02,66.3435,66.36,both,0.01649999999999352,0.024870560039783128,0
2016-05-03,66.2698,66.51,both,0.24020000000000152,0.3624577107521096,0
2016-05-04,66.5388,66.63,both,0.09120000000000061,0.13706288661653143,0
2016-05-05,66.5105,66.53,both,0.019500000000007844,0.029318679005582347,0
2016-05-06,66.583,66.52,both,-0.06300000000000239,-0.09461874652689484,0
2016-05-09,66.4379,66.7,both,0.2621000000000038,0.3945037395823826,0
2016-05-10,66.7224,66.58,both,-0.14239999999999498,-0.21342157955948077,0
2016-05-11,66.6958,66.53,both,-0.1658000000000044,-0.24859136557325107,0
2016-05-12,66.5977,66.7,both,0.10229999999999961,0.1536089084157555,0
2016-05-13,66.7609,66.84,both,0.07909999999999684,0.11848252495097705,0
2016-05-16,66.8216,66.78,both,-0.041600000000002524,-0.06225531863948562,0
2016-05-17,66.7233,66.74,both,0.01670000000000016,0.02502873808699534,0
2016-05-18,66.9131,66.95,both,0.03690000000000282,0.05514615224821869,0
2016-05-19,67.2307,67.57,both,0.3392999999999944,0.5046801535607905,1
2016-05-20,67.4076,67.42,both,0.012399999999999523,0.018395551836884152,0
2016-05-23,67.3492,67.47,both,0.12080000000000268,0.1793636746984414,0
2016-05-24,67.706,67.59,both,-0.11599999999999966,-0.17132898118335105,0
2016-05-25,67.4467,67.28,both,-0.16670000000000584,-0.24715812634273554,0
2016-05-26,67.2855,66.9,both,-0.3854999999999933,-0.572931760929165,1
2016-05-27,67.0613,66.96,both,-0.10130000000000905,-0.15105582504366757,0
2016-05-30,67.3398,,rbi_only,,,0
2016-05-31,67.203,67.12,both,-0.08299999999999841,-0.12350639108372902,0
2016-06-01,67.3526,67.44,both,0.08740000000000236,0.1297648494638698,0
2016-06-02,67.2533,67.22,both,-0.033299999999997,-0.04951429892659096,0
2016-06-03,67.2415,66.99,both,-0.25150000000000716,-0.37402496969878296,0
2016-06-06,66.9614,66.81,both,-0.15139999999999532,-0.22610041008699835,0
2016-06-07,66.8305,66.64,both,-0.1905000000000001,-0.285049490876172,0
2016-06-08,66.737,66.51,both,-0.22699999999998965,-0.34014115108558923,0
2016-06-09,66.625,66.68,both,0.05500000000000682,0.08255159474672694,0
2016-06-10,66.7948,66.84,both,0.045200000000008345,0.06766993837844915,0
2016-06-13,67.0737,67.17,both,0.09629999999999939,0.14357341252979838,0
2016-06-14,67.152,67.34,both,0.1880000000000024,0.2799618775315737,0
2016-06-15,67.1596,67.08,both,-0.07959999999999923,-0.11852363623368696,0
2016-06-16,67.2068,67.43,both,0.22320000000000562,0.3321092508496248,0
2016-06-17,67.1682,67.11,both,-0.05819999999999936,-0.08664814599765866,0
2016-06-20,67.4087,67.54,both,0.1313000000000102,0.19478197918074402,0
2016-06-21,67.4767,67.73,both,0.2533000000000101,0.3753888379248097,0
2016-06-22,67.557,67.49,both,-0.06700000000000728,-0.09917551104993898,0
2016-06-23,67.3702,67.29,both,-0.08019999999999072,-0.11904373150145127,0
2016-06-24,68.0144,67.82,both,-0.19440000000000168,-0.2858218259662685,0
2016-06-27,67.9,67.92,both,0.01999999999999602,0.029455081001466894,0
2016-06-28,67.8867,67.86,both,-0.026700000000005275,-0.039330236997829136,0
2016-06-29,67.7443,67.42,both,-0.3242999999999938,-0.47871186210499456,0
2016-06-30,67.6166,67.51,both,-0.10660000000000025,-0.15765359393995002,0
2016-07-01,67.441,67.24,both,-0.20100000000000762,-0.2980382853160653,0
2016-07-04,67.1848,,rbi_only,,,0
2016-07-05,67.4028,67.4,both,-0.0027999999999934744,-0.004154130095475966,0
2016-07-06,,67.45,fred_only,,,0
2016-07-07,67.4972,67.49,both,-0.0072000000000116415,-0.010667109154174752,0
2016-07-08,67.4584,67.13,both,-0.328400000000002,-0.48681854298353067,0
2016-07-11,67.1426,67.11,both,-0.03260000000000218,-0.04855337743847004,0
2016-07-12,67.1471,67.05,both,-0.09709999999999752,-0.1446078832890736,0
2016-07-13,67.2046,66.99,both,-0.21460000000000434,-0.31932337964961377,0
2016-07-14,66.9136,66.81,both,-0.10360000000000014,-0.15482652256043633,0
2016-07-15,67.0655,67.07,both,0.004499999999993065,0.00670985827287214,0
2016-07-18,67.1015,67.14,both,0.03849999999999909,0.05737576656259411,0
2016-07-19,67.1462,67.14,both,-0.006199999999992656,-0.009233582838630714,0
2016-07-20,67.172,67.18,both,0.008000000000009777,0.011909724289897245,0
2016-07-21,67.2035,67.15,both,-0.05349999999999966,-0.07960894893867083,0
2016-07-22,67.1355,67.19,both,0.054500000000004434,0.0811791079235344,0
2016-07-25,67.243,67.41,both,0.1670000000000016,0.2483529884151534,0
2016-07-26,67.368,67.34,both,-0.027999999999991587,-0.041562759767236064,0
2016-07-27,67.2362,67.14,both,-0.09619999999999607,-0.1430776873172429,0
2016-07-28,67.055,66.96,both,-0.09500000000001307,-0.14167474461265092,0
2016-07-29,67.034,66.77,both,-0.26400000000001,-0.3938299967180982,0
2016-08-01,66.7412,66.63,both,-0.11120000000001085,-0.16661372585451092,0
2016-08-02,66.7612,66.65,both,-0.11119999999999663,-0.1665638125138503,0
2016-08-03,66.9368,66.8,both,-0.13680000000000803,-0.20437188512149973,0
2016-08-04,66.9447,66.76,both,-0.18469999999999231,-0.2758993617119687,0
2016-08-05,66.8141,66.84,both,0.02590000000000714,0.03876427281068987,0
2016-08-08,66.7407,66.82,both,0.07929999999998927,0.11881805255262422,0
2016-08-09,66.9633,66.76,both,-0.2032999999999987,-0.30359913564594143,0
2016-08-10,66.7442,66.72,both,-0.02420000000000755,-0.036257832141231065,0
2016-08-11,66.8571,66.75,both,-0.10710000000000264,-0.16019241037975418,0
2016-08-12,66.8252,66.82,both,-0.005200000000002092,-0.0077814956034581145,0
2016-08-15,,66.85,fred_only,,,0
2016-08-16,66.8983,66.83,both,-0.0683000000000078,-0.1020952699844507,0
2016-08-17,,66.96,fred_only,,,0
2016-08-18,66.7939,66.83,both,0.036100000000004684,0.05404685158375942,0
2016-08-19,66.9296,67.13,both,0.2004000000000019,0.299419091104686,0
2016-08-22,67.194,67.18,both,-0.013999999999995794,-0.02083519361847158,0
2016-08-23,67.0885,67.09,both,0.0015000000000071623,0.0022358526424158575,0
2016-08-24,67.132,67.14,both,0.007999999999995566,0.011916820592259379,0
2016-08-25,67.0876,67.01,both,-0.07759999999998968,-0.11566966175565929,0
2016-08-26,67.0299,66.98,both,-0.04989999999999384,-0.07444438974247887,0
2016-08-29,67.181,67.15,both,-0.0309999999999917,-0.04614399904733735,0
2016-08-30,67.0879,67.14,both,0.052099999999995816,0.07765930965195783,0
2016-08-31,66.9813,66.94,both,-0.041300000000006776,-0.06165900034786839,0
2016-09-01,66.9539,66.85,both,-0.1039000000000101,-0.1551814009340906,0
2016-09-02,66.8405,66.6,both,-0.24050000000001148,-0.3598117907556219,0
2016-09-06,66.5469,66.28,both,-0.2668999999999926,-0.40107052319490855,0
2016-09-07,66.3618,66.42,both,0.05819999999999936,0.08770105693335528,0
2016-09-08,66.4483,66.52,both,0.07169999999999277,0.10790343771020894,0
2016-09-09,66.5462,66.76,both,0.2138000000000062,0.32128055396101685,0
2016-09-12,66.9017,66.79,both,-0.11169999999999902,-0.16696137766304744,0
2016-09-13,,67.03,fred_only,,,0
2016-09-14,66.9642,66.78,both,-0.18420000000000414,-0.2750723520926169,0
2016-09-15,67.0248,66.84,both,-0.18479999999999563,-0.2757188384001081,0
2016-09-16,66.8804,67.1,both,0.2195999999999998,0.3283473184968987,0
2016-09-19,66.8737,66.94,both,0.06629999999999825,0.09914211416445964,0
2016-09-20,67.02,66.97,both,-0.04999999999999716,-0.07460459564308738,0
2016-09-21,67.0631,66.99,both,-0.07310000000001082,-0.10900182067338196,0
2016-09-22,66.8451,66.6,both,-0.24510000000000787,-0.36666861146143526,0
2016-09-23,66.6519,66.66,both,0.008099999999998886,0.012152691821236733,0
2016-09-26,66.7095,66.56,both,-0.1495000000000033,-0.2241060118873673,0
2016-09-27,66.4627,66.5,both,0.03730000000000189,0.056121704354475346,0
2016-09-28,66.4482,66.5,both,0.05180000000000007,0.07795546004255957,0
2016-09-29,66.5521,66.72,both,0.16790000000000305,0.2522835492794413,0
2016-09-30,66.6596,66.58,both,-0.07959999999999923,-0.11941265774171946,0
2016-10-03,66.533,66.52,both,-0.01300000000000523,-0.019539176047984053,0
2016-10-04,66.5559,66.49,both,-0.06589999999999918,-0.09901451261270479,0
2016-10-05,66.5699,66.53,both,-0.03990000000000293,-0.05993699855340466,0
2016-10-06,66.6322,66.7,both,0.06780000000000541,0.10175260609736046,0
2016-10-07,66.7875,66.61,both,-0.17749999999999488,-0.26576829496536764,0
2016-10-10,66.5856,,rbi_only,,,0
2016-10-11,,66.81,fred_only,,,0
2016-10-12,,66.85,fred_only,,,0
2016-10-13,66.8473,66.84,both,-0.00730000000000075,-0.010920411146001036,0
2016-10-14,66.8481,66.69,both,-0.15810000000000457,-0.2365063479739956,0
2016-10-17,66.7779,66.8,both,0.02209999999999468,0.03309478135729737,0
2016-10-18,66.7268,66.71,both,-0.01680000000000348,-0.025177290084349137,0
2016-10-19,66.7145,66.64,both,-0.07450000000000045,-0.11166987686335123,0
2016-10-20,66.7411,66.83,both,0.08889999999999532,0.13320128077001325,0
2016-10-21,66.8943,66.94,both,0.04569999999999652,0.06831673251681611,0
2016-10-24,66.8625,66.89,both,0.02750000000000341,0.041129183024869564,0
2016-10-25,66.8777,66.8,both,-0.07770000000000721,-0.11618222516624704,0
2016-10-26,66.7621,66.83,both,0.06789999999999452,0.10170441013688082,0
2016-10-27,66.8854,66.85,both,-0.03540000000000987,-0.05292634865009384,0
2016-10-28,66.8566,66.78,both,-0.07659999999999911,-0.11457357987094635,0
2016-10-31,,66.72,fred_only,,,0
2016-11-01,66.714,66.7,both,-0.013999999999995794,-0.020985100578582896,0
2016-11-02,66.8294,66.66,both,-0.1694000000000102,-0.2534812522632407,0
2016-11-03,66.6942,66.68,both,-0.014199999999988222,-0.021291206731602185,0
2016-11-04,66.7219,66.75,both,0.028099999999994907,0.042115107633318154,0
2016-11-07,66.7301,66.73,both,-9.99999999891088e-05,-0.00014985741065742268,0
2016-11-08,66.7073,66.39,both,-0.317300000000003,-0.47566008517808844,0
2016-11-09,66.7968,66.48,both,-0.31680000000000064,-0.47427421672894604,0
2016-11-10,66.4273,66.86,both,0.432699999999997,0.651388811527786,1
2016-11-11,67.0292,,rbi_only,,,0
2016-11-14,,67.78,fred_only,,,0
2016-11-15,67.7173,67.8,both,0.08270000000000266,0.12212536530547241,0
2016-11-16,67.7791,68.07,both,0.2908999999999935,0.4291883486207304,0
2016-11-17,67.9106,67.93,both,0.019400000000004525,0.028566968926801592,0
2016-11-18,68.0937,68.12,both,0.026300000000006207,0.03862325002167045,0
2016-11-21,68.2575,68.23,both,-0.0274999999999892,-0.040288612972917554,0
2016-11-22,68.2317,68.4,both,0.16830000000000211,0.24665954387770214,0
2016-11-23,68.4772,68.86,both,0.38280000000000314,0.5590181841547306,1
2016-11-24,68.656,,rbi_only,,,0
2016-11-25,68.4626,68.59,both,0.12740000000000862,0.18608700224649463,0
2016-11-28,68.7235,68.56,both,-0.1634999999999991,-0.2379098852648644,0
2016-11-29,68.6535,68.64,both,-0.013499999999993406,-0.01966396469224935,0
2016-11-30,68.526,68.56,both,0.034000000000006025,0.04961620406853753,0
2016-12-01,68.3734,68.29,both,-0.08339999999999748,-0.12197726016257415,0
2016-12-02,68.3689,68.04,both,-0.3288999999999902,-0.4810666838284515,0
2016-12-05,68.1703,68.06,both,-0.11029999999999518,-0.16180066685931438,0
2016-12-06,68.0322,67.72,both,-0.31220000000000425,-0.45890034424875903,0
2016-12-07,67.8707,67.5,both,-0.37069999999999936,-0.5461856147056084,1
2016-12-08,67.4325,67.42,both,-0.012500000000002842,-0.018537055574096822,0
2016-12-09,67.584,67.51,both,-0.07399999999999807,-0.10949337121211834,0
2016-12-12,,67.38,fred_only,,,0
2016-12-13,67.4867,67.47,both,-0.01670000000000016,-0.024745616543704402,0
2016-12-14,67.5604,67.43,both,-0.13039999999999452,-0.19301247476331476,0
2016-12-15,67.7994,67.91,both,0.11059999999999093,0.1631282872709654,0
2016-12-16,67.7777,67.82,both,0.04229999999999734,0.062409907683496704,0
2016-12-19,67.7262,67.83,both,0.10379999999999256,0.15326417250634547,0
2016-12-20,67.8954,67.97,both,0.07460000000000377,0.10987489579559703,0
2016-12-21,67.8724,67.82,both,-0.052400000000005775,-0.07720369399049654,0
2016-12-22,67.9136,67.86,both,-0.05360000000000298,-0.07892380907506445,0
2016-12-23,67.9117,67.84,both,-0.07169999999999277,-0.10557827296326372,0
2016-12-26,67.8331,,rbi_only,,,0
2016-12-27,67.9967,68.01,both,0.013300000000000978,0.019559772753679188,0
2016-12-28,68.225,68.2,both,-0.024999999999991473,-0.03664345914253056,0
2016-12-29,68.1241,67.91,both,-0.21410000000000196,-0.3142793813055908,0
2016-12-30,67.9547,67.92,both,-0.03470000000000084,-0.05106342901962755,0
2017-01-02,68.0225,,rbi_only,,,0
2017-01-03,68.0864,68.37,both,0.28360000000000696,0.4165295859378774,0
2017-01-04,68.1791,67.9,both,-0.2790999999999997,-0.4093629866043988,0
2017-01-05,67.7884,67.74,both,-0.04840000000000089,-0.07139864637607746,0
2017-01-06,67.9522,68.12,both,0.16779999999999973,0.24693828897371936,0
2017-01-09,68.1863,68.08,both,-0.1063000000000045,-0.1558964190753927,0
2017-01-10,68.0641,68.25,both,0.18590000000000373,0.27312489256451455,0
2017-01-11,68.2276,68.39,both,0.1624000000000052,0.2380268395781256,0
2017-01-12,68.0858,67.99,both,-0.09580000000001121,-0.14070481656969766,0
2017-01-13,68.231,68.16,both,-0.07099999999999795,-0.10405827263267131,0
2017-01-16,68.1558,,rbi_only,,,0
2017-01-17,68.0509,67.9,both,-0.15089999999999293,-0.22174578146650953,0
2017-01-18,67.9364,68.12,both,0.18359999999999843,0.27025276582214897,0
2017-01-19,68.1766,68.1,both,-0.07659999999999911,-0.1123552655896585,0
2017-01-20,68.0883,,rbi_only,,,0
2017-01-23,68.0843,68.11,both,0.0257000000000005,0.0377473220698465,0
2017-01-24,68.157,68.12,both,-0.03699999999999193,-0.05428642692605592,0
2017-01-25,68.1556,68.04,both,-0.11560000000000059,-0.16961188809136823,0
2017-01-26,,68.17,fred_only,,,0
2017-01-27,68.2043,68.06,both,-0.1443000000000012,-0.21157023824011273,0
2017-01-30,68.0426,67.8,both,-0.24259999999999593,-0.35654134321733144,0
2017-01-31,67.8125,67.48,both,-0.332499999999996,-0.49032258064515544,0
2017-02-01,67.6458,67.4,both,-0.24579999999998847,-0.36336328345586644,0
2017-02-02,67.448,67.2,both,-0.24799999999999045,-0.3676906654014803,0
2017-02-03,67.3825,67.18,both,-0.20249999999998636,-0.30052313286088583,0
2017-02-06,67.1958,67.2,both,0.004199999999997317,0.0062503906494115954,0
2017-02-07,67.3692,67.35,both,-0.019200000000012096,-0.028499670472578113,0
2017-02-08,67.3058,67.04,both,-0.2657999999999987,-0.3949139598667555,0
2017-02-09,67.0123,66.71,both,-0.30230000000000246,-0.4511112139114796,0
2017-02-10,66.9367,66.8,both,-0.1367000000000047,-0.20422279556656467,0
2017-02-13,66.9663,66.99,both,0.02369999999999095,0.03539093544064843,0
2017-02-14,66.9439,66.88,both,-0.06390000000000384,-0.09545305845641476,0
2017-02-15,66.9193,66.85,both,-0.06930000000001257,-0.10355756859383251,0
2017-02-16,66.9468,67.12,both,0.17320000000000846,0.2587128884427762,0
2017-02-17,67.0467,67.09,both,0.043300000000002115,0.06458185115747996,0
2017-02-20,66.9771,,rbi_only,,,0
2017-02-21,,67.0,fred_only,,,0
2017-02-22,66.9644,66.95,both,-0.014399999999994861,-0.021503963299894964,0
2017-02-23,66.8351,66.68,both,-0.15509999999999025,-0.2320636910844605,0
2017-02-24,,66.68,fred_only,,,0
2017-02-27,66.7249,66.69,both,-0.03490000000000748,-0.05230431218331908,0
2017-02-28,66.7375,66.67,both,-0.06749999999999545,-0.10114253605543429,0
2017-03-01,66.8482,66.83,both,-0.01820000000000732,-0.027225863972414097,0
2017-03-02,66.7433,66.75,both,0.006699999999995043,0.010038460789315246,0
2017-03-03,66.8354,66.76,both,-0.07540000000000191,-0.11281446658507603,0
2017-03-06,66.7559,66.64,both,-0.11589999999999634,-0.17361761282522795,0
2017-03-07,66.6347,66.62,both,-0.01469999999999061,-0.022060578047159527,0
2017-03-08,66.6362,66.76,both,0.1238000000000028,0.18578490370099554,0
2017-03-09,66.7707,66.64,both,-0.13070000000000448,-0.19574454064433122,0
2017-03-10,66.688,66.6,both,-0.08800000000000807,-0.1319577735124881,0
2017-03-13,,66.15,fred_only,,,0
2017-03-14,66.18,65.76,both,-0.4200000000000017,-0.6346328195829581,1
2017-03-15,65.5146,65.62,both,0.10540000000000305,0.1608801702216041,0
2017-03-16,65.3836,65.4,both,0.01640000000000441,0.02508274246141909,0
2017-03-17,65.5411,65.38,both,-0.16110000000000468,-0.24579996368691506,0
2017-03-20,65.3827,65.3,both,-0.08270000000000266,-0.1264860582386513,0
2017-03-21,65.3117,65.31,both,-0.0016999999999995907,-0.0026029026958410066,0
2017-03-22,65.4881,65.45,both,-0.03810000000000002,-0.05817850876724171,0
2017-03-23,65.422,65.41,both,-0.012000000000000455,-0.018342453608878442,0
2017-03-24,65.4581,65.4,both,-0.058099999999996044,-0.08875906877834223,0
2017-03-27,65.0892,65.05,both,-0.03920000000000812,-0.060225045015160905,0
2017-03-28,,65.02,fred_only,,,0
2017-03-29,64.9552,64.87,both,-0.08520000000000039,-0.13116732763504751,0
2017-03-30,64.9325,64.85,both,-0.08250000000001023,-0.12705501867325333,0
2017-03-31,64.8386,64.85,both,0.011399999999994748,0.017582119293129014,0
2017-04-03,64.9103,65.03,both,0.11969999999999459,0.1844083296487531,0
2017-04-04,,65.1,fred_only,,,0
2017-04-05,65.0438,64.87,both,-0.17379999999999995,-0.26720456061915193,0
2017-04-06,64.9791,64.58,both,-0.39910000000000423,-0.6141974881154159,1
2017-04-07,64.3928,64.26,both,-0.13279999999998893,-0.2062342373681358,0
2017-04-10,64.4418,64.55,both,0.10819999999999652,0.16790344155501014,0
2017-04-11,64.5438,64.55,both,0.006199999999992656,0.0096058800380403,0
2017-04-12,64.692,64.68,both,-0.011999999999986244,-0.018549434242234347,0
2017-04-13,64.3165,64.42,both,0.10349999999999682,0.16092293579407585,0
2017-04-14,,64.42,fred_only,,,0
2017-04-17,64.4053,64.53,both,0.12470000000000425,0.19361760600448139,0
2017-04-18,64.5657,64.56,both,-0.005700000000004479,-0.008828216839598238,0
2017-04-19,64.5443,64.62,both,0.07569999999999766,0.11728378803395133,0
2017-04-20,64.6364,64.61,both,-0.026399999999995316,-0.04084385887827187,0
2017-04-21,64.5701,64.65,both,0.07990000000000919,0.12374148406152256,0
2017-04-24,64.4757,64.48,both,0.004300000000000637,0.006669179241172467,0
2017-04-25,64.2776,64.32,both,0.04239999999998645,0.06596388166326442,0
2017-04-26,64.0013,64.08,both,0.07869999999999777,0.12296625224799773,0
2017-04-27,64.1141,64.14,both,0.02590000000000714,0.04039673020444355,0
2017-04-28,64.217,64.27,both,0.05299999999999727,0.08253266269056056,0
2017-05-01,,64.25,fred_only,,,0
2017-05-02,64.2072,64.16,both,-0.04720000000000368,-0.07351200488419318,0
2017-05-03,64.1439,64.17,both,0.026099999999999568,0.04068976161412007,0
2017-05-04,64.2115,64.22,both,0.008499999999997954,0.013237504185384165,0
2017-05-05,64.3079,64.31,both,0.0020999999999986585,0.0032655396926328777,0
2017-05-08,64.2154,64.32,both,0.1045999999999907,0.16288927578118442,0
2017-05-09,64.5065,64.66,both,0.15349999999999397,0.23796051560694498,0
2017-05-10,,64.53,fred_only,,,0
2017-05-11,64.438,64.43,both,-0.007999999999995566,-0.012415034606902086,0
2017-05-12,64.3043,64.24,both,-0.06430000000000291,-0.0999933130443888,0
2017-05-15,64.1188,64.04,both,-0.07879999999998688,-0.12289687268006715,0
2017-05-16,64.0758,64.03,both,-0.04579999999999984,-0.07147784342918831,0
2017-05-17,64.0214,64.11,both,0.08859999999999957,0.13839122543399485,0
2017-05-18,64.3441,64.87,both,0.5259000000000071,0.8173243545251346,1
2017-05-19,64.9906,64.56,both,-0.4305999999999983,-0.6625573544481791,1
2017-05-22,64.5632,64.53,both,-0.03319999999999368,-0.05142248215700845,0
2017-05-23,64.7751,64.85,both,0.07489999999999952,0.11563085197861452,0
2017-05-24,64.8586,64.74,both,-0.1186000000000007,-0.1828593278300807,0
2017-05-25,64.5088,64.55,both,0.041200000000003456,0.06386725532020973,0
2017-05-26,64.5945,64.5,both,-0.09449999999999648,-0.1462972853725882,0
2017-05-29,64.5565,,rbi_only,,,0
2017-05-30,64.6336,64.66,both,0.026399999999995316,0.040845628280020474,0
2017-05-31,64.5459,64.5,both,-0.04590000000000316,-0.07111218528210646,0
2017-06-01,64.4704,64.39,both,-0.08039999999999736,-0.12470839330917345,0
2017-06-02,64.4208,64.41,both,-0.010800000000003251,-0.016764771626560447,0
2017-06-05,64.3485,64.34,both,-0.008499999999997954,-0.013209321118593211,0
2017-06-06,64.3516,64.42,both,0.06839999999999691,0.10629106347005654,0
2017-06-07,64.4538,64.39,both,-0.06380000000000052,-0.09898563001716039,0
2017-06-08,64.3554,64.24,both,-0.11540000000000816,-0.1793167317738809,0
2017-06-09,64.2584,64.24,both,-0.01839999999999975,-0.028634388655801812,0
2017-06-12,64.3407,64.48,both,0.13930000000000575,0.21650370605232108,0
2017-06-13,64.4453,64.33,both,-0.11530000000000484,-0.1789114179001492,0
2017-06-14,64.3141,64.23,both,-0.08409999999999229,-0.13076448243852015,0
2017-06-15,64.2801,64.58,both,0.29989999999999384,0.46655185663991466,0
2017-06-16,64.5883,64.5,both,-0.08830000000000382,-0.13671206704620467,0
2017-06-19,64.3788,64.45,both,0.07120000000000459,0.1105954133969639,0
2017-06-20,64.4672,64.54,both,0.07280000000000086,0.11292564280750653,0
2017-06-21,64.6025,64.52,both,-0.08250000000001023,-0.12770403622152426,0
2017-06-22,64.495,64.6,both,0.10499999999998977,0.16280331808665752,0
2017-06-23,64.5365,64.47,both,-0.06650000000000489,-0.10304246434189163,0
2017-06-26,,64.43,fred_only,,,0
2017-06-27,64.4572,64.47,both,0.01279999999999859,0.019858138423633962,0
2017-06-28,64.5288,64.55,both,0.021199999999993224,0.03285354756324808,0
2017-06-29,64.4715,64.66,both,0.18849999999999056,0.29237725196403147,0
2017-06-30,64.7379,64.62,both,-0.11789999999999168,-0.1821189751289302,0
2017-07-03,64.7525,64.84,both,0.08750000000000568,0.1351299177638017,0
2017-07-04,64.8168,,rbi_only,,,0
2017-07-05,64.7209,64.8,both,0.07909999999999684,0.12221708907014092,0
2017-07-06,64.7779,64.72,both,-0.057900000000003615,-0.08938233564225394,0
2017-07-07,64.7342,64.62,both,-0.11419999999999675,-0.17641370403897283,0
2017-07-10,64.5405,64.45,both,-0.09049999999999159,-0.1402220311277285,0
2017-07-11,64.5025,64.54,both,0.037500000000008527,0.05813728150073025,0
2017-07-12,64.4969,64.53,both,0.03310000000000457,0.05132029601423413,0
2017-07-13,64.4384,64.46,both,0.021599999999992292,0.033520385360270105,0
2017-07-14,64.4539,64.38,both,-0.07390000000000896,-0.11465559105036151,0
2017-07-17,64.3666,64.34,both,-0.026600000000001955,-0.041325780762075284,0
2017-07-18,64.3301,64.32,both,-0.010100000000008436,-0.015700270946273104,0
2017-07-19,64.3211,64.24,both,-0.08110000000000639,-0.12608615213360216,0
2017-07-20,64.4273,64.37,both,-0.05729999999999791,-0.08893745353289352,0
2017-07-21,64.3185,64.38,both,0.061499999999995225,0.09561790153687544,0
2017-07-24,64.4494,64.39,both,-0.05939999999999657,-0.09216532659729426,0
2017-07-25,64.358,64.38,both,0.02199999999999136,0.034183784455687496,0
2017-07-26,64.4208,64.32,both,-0.10080000000000666,-0.15647120184786073,0
2017-07-27,64.1216,64.11,both,-0.011600000000001387,-0.018090627807168545,0
2017-07-28,64.1483,64.11,both,-0.03830000000000666,-0.05970540139022648,0
2017-07-31,64.0773,64.18,both,0.10270000000001289,0.16027516764909397,0
2017-08-01,64.0683,64.06,both,-0.008299999999991314,-0.012954924666319092,0
2017-08-02,64.069,63.64,both,-0.42900000000000205,-0.6695905976369259,1
2017-08-03,63.6314,63.67,both,0.03860000000000241,0.060661874483356346,0
2017-08-04,63.7091,63.64,both,-0.06909999999999883,-0.10846174251401892,0
2017-08-07,63.7375,63.83,both,0.09250000000000114,0.14512649539125497,0
2017-08-08,63.7382,63.69,both,-0.04820000000000135,-0.07562184059167243,0
2017-08-09,63.7491,63.86,both,0.11090000000000089,0.17396324026535417,0
2017-08-10,63.9437,64.05,both,0.1062999999999974,0.16623998924053096,0
2017-08-11,64.1693,64.14,both,-0.02930000000000632,-0.04566046380435242,0
2017-08-14,64.0253,64.08,both,0.05469999999999686,0.08543497648585303,0
2017-08-15,,64.12,fred_only,,,0
2017-08-16,64.2428,64.16,both,-0.08280000000000598,-0.12888603859110434,0
2017-08-17,,64.15,fred_only,,,0
2017-08-18,64.1048,64.1,both,-0.004800000000003024,-0.007487738827674409,0
2017-08-21,64.0285,64.1,both,0.07150000000000034,0.1116690223884682,0
2017-08-22,64.1099,64.07,both,-0.03990000000000293,-0.06223687761173069,0
2017-08-23,64.1272,64.04,both,-0.08719999999999573,-0.1359797402662142,0
2017-08-24,64.0676,64.04,both,-0.02759999999999252,-0.04307949728098527,0
2017-08-25,,64.0,fred_only,,,0
2017-08-28,63.8701,63.9,both,0.029899999999997817,0.04681376731835055,0
2017-08-29,64.0174,64.02,both,0.002600000000001046,0.00406139580801633,0
2017-08-30,63.9431,63.98,both,0.036899999999995714,0.05770755562366497,0
2017-08-31,64.0154,63.93,both,-0.08539999999999992,-0.1334053993257871,0
2017-09-01,63.9804,64.02,both,0.039599999999992974,0.06189395502371503,0
2017-09-04,64.0468,,rbi_only,,,0
2017-09-05,64.1164,64.12,both,0.0036000000000058208,0.0056147881041446815,0
2017-09-06,64.2146,64.06,both,-0.15460000000000207,-0.24075521766078442,0
2017-09-07,64.0276,64.01,both,-0.017600000000001614,-0.02748814573715337,0
2017-09-08,63.8664,63.78,both,-0.08639999999999759,-0.1352824020142009,0
2017-09-11,63.8859,63.93,both,0.04410000000000025,0.06902931632801644,0
2017-09-12,63.9474,64.03,both,0.08259999999999934,0.12916866049284154,0
2017-09-13,63.9818,64.0,both,0.018200000000000216,0.02844558921443319,0
2017-09-14,64.0692,64.12,both,0.050800000000009504,0.07928926847847251,0
2017-09-15,64.0774,64.1,both,0.022599999999997067,0.0352698455305569,0
2017-09-18,64.0371,64.15,both,0.11290000000001044,0.17630404874675842,0
2017-09-19,64.1769,64.3,both,0.12309999999999377,0.19181356531710594,0
2017-09-20,64.3637,64.29,both,-0.07369999999998811,-0.11450553650580703,0
2017-09-21,64.5256,64.8,both,0.2744,0.4252575721884027,0
2017-09-22,64.9596,64.79,both,-0.16959999999998843,-0.2610853515107674,0
2017-09-25,64.8357,65.12,both,0.2843000000000018,0.4384929907442995,0
2017-09-26,65.3371,65.46,both,0.12289999999998713,0.1881014002763929,0
2017-09-27,65.6947,65.71,both,0.015299999999996317,0.023289549994133952,0
2017-09-28,65.7604,65.46,both,-0.30040000000001044,-0.4568098734192773,0
2017-09-29,65.3552,65.3,both,-0.05519999999999925,-0.08446152716233636,0
2017-10-02,,65.28,fred_only,,,0
2017-10-03,65.5529,65.48,both,-0.07289999999998997,-0.11120789469266804,0
2017-10-04,65.2899,65.02,both,-0.2699000000000069,-0.4133870629301115,0
2017-10-05,65.1758,65.14,both,-0.035799999999994725,-0.05492836298134388,0
2017-10-06,65.2276,65.39,both,0.1624000000000052,0.2489743605467704,0
2017-10-09,65.3074,,rbi_only,,,0
2017-10-10,65.2652,65.24,both,-0.025199999999998113,-0.03861169505340996,0
2017-10-11,65.2691,65.15,both,-0.11909999999998888,-0.1824753214001555,0
2017-10-12,65.1003,65.05,both,-0.05030000000000712,-0.0772653889459912,0
2017-10-13,64.9301,64.7,both,-0.2300999999999931,-0.3543810959785879,0
2017-10-16,64.7603,64.7,both,-0.06029999999999802,-0.0931126013931344,0
2017-10-17,64.9226,65.02,both,0.09739999999999327,0.15002479876035968,0
2017-10-18,65.0649,65.06,both,-0.004899999999992133,-0.007530942182332,0
2017-10-19,,64.99,fred_only,,,0
2017-10-20,,65.03,fred_only,,,0
2017-10-23,65.0239,65.02,both,-0.003900000000001569,-0.005997794657043901,0
2017-10-24,64.9256,65.1,both,0.17439999999999145,0.26861515334473834,0
2017-10-25,65.1386,64.92,both,-0.21859999999999502,-0.3355921066771393,0
2017-10-26,64.7888,64.84,both,0.05120000000000857,0.07902600449461725,0
2017-10-27,65.0931,65.04,both,-0.05310000000000059,-0.08157546652410254,0
2017-10-30,64.9338,64.83,both,-0.10380000000000678,-0.1598551139776307,0
2017-10-31,64.7745,64.75,both,-0.024500000000003297,-0.03782352623332221,0
2017-11-01,64.5256,64.56,both,0.03440000000000509,0.053312173772898035,0
2017-11-02,64.593,64.57,both,-0.023000000000010346,-0.03560757357610011,0
2017-11-03,64.5764,64.56,both,-0.01640000000000441,-0.025396274800088593,0
2017-11-06,64.7267,64.62,both,-0.10669999999998936,-0.16484696423576264,0
2017-11-07,64.8064,65.03,both,0.22360000000000468,0.34502765158997367,0
2017-11-08,65.0592,64.94,both,-0.11920000000000641,-0.18321774629876544,0
2017-11-09,64.8967,64.96,both,0.06329999999999814,0.0975396283632267,0
2017-11-10,65.0147,,rbi_only,,,0
2017-11-13,65.4272,65.46,both,0.03279999999999461,0.05013205516970711,0
2017-11-14,65.5171,65.41,both,-0.10710000000000264,-0.16346877380104222,0
2017-11-15,65.3689,65.26,both,-0.10889999999999134,-0.16659298228973005,0
2017-11-16,65.2969,65.32,both,0.023099999999999454,0.035376870877483396,0
2017-11-17,64.8462,65.01,both,0.16380000000000905,0.2525976849838681,0
2017-11-20,65.0565,65.1,both,0.04349999999999454,0.06686495584606388,0
2017-11-21,65.0386,64.91,both,-0.12860000000000582,-0.1977287333983293,0
2017-11-22,64.7453,64.87,both,0.12470000000000425,0.19260085288044732,0
2017-11-23,64.7949,,rbi_only,,,0
2017-11-24,64.7328,64.67,both,-0.06279999999999575,-0.09701418755251703,0
2017-11-27,64.6948,64.47,both,-0.2248000000000019,-0.3474776952707202,0
2017-11-28,64.4206,64.4,both,-0.020599999999987517,-0.03197734886043831,0
2017-11-29,64.4058,64.29,both,-0.11579999999999302,-0.17979747165626855,0
2017-11-30,64.4332,64.46,both,0.026799999999994384,0.04159346423892401,0
2017-12-01,,64.5,fred_only,,,0
2017-12-04,64.3799,64.36,both,-0.019900000000006912,-0.030910268577625796,0
2017-12-05,64.3764,64.38,both,0.00359999999999161,0.005592111394845952,0
2017-12-06,64.4467,64.53,both,0.08329999999999416,0.12925409679625824,0
2017-12-07,64.5388,64.57,both,0.03119999999999834,0.04834301226548734,0
2017-12-08,64.4649,64.43,both,-0.03489999999999327,-0.05413798826957502,0
2017-12-11,64.3616,64.35,both,-0.011600000000001387,-0.018023169094617576,0
2017-12-12,64.4834,64.39,both,-0.09340000000000259,-0.1448434790969499,0
2017-12-13,64.4525,64.45,both,-0.0024999999999977263,-0.0038788254916376037,0
2017-12-14,64.2798,64.36,both,0.08020000000000493,0.12476703412270254,0
2017-12-15,64.0958,64.04,both,-0.055799999999990746,-0.08705718627428123,0
2017-12-18,64.1065,64.23,both,0.12350000000000705,0.1926481714022869,0
2017-12-19,64.1205,64.02,both,-0.10050000000001091,-0.1567361452265826,0
2017-12-20,64.0577,64.11,both,0.052300000000002456,0.0816451418018481,0
2017-12-21,64.0883,64.02,both,-0.0683000000000078,-0.10657171433788662,0
2017-12-22,64.0409,64.02,both,-0.020899999999997476,-0.03263539394355401,0
2017-12-26,64.0538,64.08,both,0.026200000000002888,0.04090311581826978,0
2017-12-27,64.1577,64.15,both,-0.007699999999999818,-0.012001677117477431,0
2017-12-28,64.1716,64.07,both,-0.1016000000000048,-0.15832548978053346,0
2017-12-29,63.9273,63.83,both,-0.09730000000000416,-0.15220414439528052,0
2018-01-01,63.6697,,rbi_only,,,0
2018-01-02,63.6728,63.46,both,-0.21280000000000143,-0.3342086416805943,0
2018-01-03,63.4833,63.5,both,0.01670000000000016,0.02630613090371824,0
2018-01-04,63.3914,63.4,both,0.008600000000001273,0.01356650902173051,0
2018-01-05,63.3823,63.38,both,-0.0022999999999981924,-0.003628773332615245,0
2018-01-08,63.3482,63.48,both,0.13179999999999836,0.20805642464979016,0
2018-01-09,63.469,63.66,both,0.1909999999999954,0.3009343143896948,0
2018-01-10,63.8264,63.58,both,-0.24640000000000128,-0.3860471529022494,0
2018-01-11,63.7364,63.65,both,-0.0864000000000047,-0.13555833087529998,0
2018-01-12,63.5263,63.61,both,0.08370000000000033,0.13175645362629387,0
2018-01-15,63.4125,,rbi_only,,,0
2018-01-16,63.7602,64.01,both,0.24980000000000757,0.3917804523825326,0
2018-01-17,63.9797,63.88,both,-0.09969999999999857,-0.15583067754303093,0
2018-01-18,63.8431,63.87,both,0.026899999999997704,0.0421345454716292,0
2018-01-19,63.7183,63.84,both,0.12170000000000414,0.19099693494648184,0
2018-01-22,63.8895,63.88,both,-0.009499999999995623,-0.01486942298812109,0
2018-01-23,63.7722,63.76,both,-0.012199999999999989,-0.019130592954296685,0
2018-01-24,63.6439,63.69,both,0.04609999999999559,0.072434278854683,0
2018-01-25,63.4983,63.52,both,0.021700000000002717,0.034174143244784065,0
2018-01-26,,63.58,fred_only,,,0
2018-01-29,63.547,63.57,both,0.02300000000000324,0.0361936834154299,0
2018-01-30,63.7534,63.65,both,-0.1034000000000006,-0.1621874284351903,0
2018-01-31,63.6878,63.58,both,-0.10780000000000456,-0.1692631869840135,0
2018-02-01,63.6113,63.97,both,0.3586999999999989,0.5638935220629022,1
2018-02-02,64.0781,64.11,both,0.031899999999993156,0.049782999183797826,0
2018-02-05,64.0295,64.06,both,0.030500000000003524,0.04763429356781409,0
2018-02-06,64.2723,64.23,both,-0.04229999999999734,-0.06581373313230947,0
2018-02-07,64.1377,64.23,both,0.09230000000000871,0.1439091205328671,0
2018-02-08,64.1616,64.27,both,0.10839999999998895,0.16894840527665914,0
2018-02-09,64.3686,64.37,both,0.0014000000000038426,0.0021749735119356993,0
2018-02-12,64.2838,64.29,both,0.006200000000006867,0.009644731643130722,0
2018-02-13,,64.27,fred_only,,,0
2018-02-14,64.1259,64.1,both,-0.02590000000000714,-0.040389296680447585,0
2018-02-15,63.9222,63.93,both,0.007800000000003138,0.012202333461619185,0
2018-02-16,63.9097,64.21,both,0.3002999999999929,0.46988172374458476,0
2018-02-20,64.5254,64.83,both,0.30459999999999354,0.4720621646669273,0
2018-02-21,64.8161,64.76,both,-0.056100000000000705,-0.08655256950048013,0
2018-02-22,65.0458,65.01,both,-0.035799999999994725,-0.05503814235507092,0
2018-02-23,64.8227,64.71,both,-0.1127000000000038,-0.1738588488291969,0
2018-02-26,64.6639,64.78,both,0.11610000000000298,0.17954376398578337,0
2018-02-27,64.8514,64.84,both,-0.011399999999994748,-0.017578649034553993,0
2018-02-28,65.1031,65.2,both,0.0969000000000051,0.1488408386083076,0
2018-03-01,65.2261,65.2,both,-0.026099999999999568,-0.04001465670950673,0
2018-03-02,,65.24,fred_only,,,0
2018-03-05,65.053,65.06,both,0.007000000000005002,0.010760456858261729,0
2018-03-06,64.9941,64.9,both,-0.09409999999999741,-0.14478237255381243,0
2018-03-07,64.9627,64.86,both,-0.10269999999999868,-0.15809071975148614,0
2018-03-08,64.9212,65.15,both,0.22880000000000678,0.35242725026648736,0
2018-03-09,65.0784,65.12,both,0.041600000000002524,0.0639228991493376,0
2018-03-12,65.0199,65.0,both,-0.019900000000006912,-0.030606014466350934,0
2018-03-13,64.9567,64.85,both,-0.10670000000000357,-0.16426327076345254,0
2018-03-14,64.9875,64.84,both,-0.14749999999999375,-0.22696672437006157,0
2018-03-15,64.9366,64.94,both,0.0033999999999991815,0.005235876223884807,0
2018-03-16,64.8737,64.97,both,0.09629999999999939,0.14844228092431816,0
2018-03-19,65.0375,65.21,both,0.17249999999999943,0.2652315971554864,0
2018-03-20,65.1993,65.19,both,-0.00929999999999609,-0.014263956821616321,0
2018-03-21,65.2162,65.2,both,-0.016199999999997772,-0.024840453752285125,0
2018-03-22,65.0622,65.1,both,0.037799999999990064,0.05809825059710563,0
2018-03-23,65.1333,64.98,both,-0.15330000000000155,-0.2353634776681076,0
2018-03-26,64.9055,64.83,both,-0.07550000000000523,-0.11632296184453587,0
2018-03-27,64.7973,64.98,both,0.18269999999999698,0.2819561926191322,0
2018-03-28,65.0441,65.15,both,0.10590000000000543,0.16281261482594953,0
2018-03-29,,65.12,fred_only,,,0
2018-03-30,,65.11,fred_only,,,0
2018-04-02,,65.11,fred_only,,,0
2018-04-03,65.024,65.0,both,-0.02400000000000091,-0.036909448818899036,0
2018-04-04,65.0232,65.08,both,0.05679999999999552,0.08735343692712065,0
2018-04-05,65.0601,64.92,both,-0.1401000000000039,-0.21533935545749835,0
2018-04-06,64.9884,64.95,both,-0.03839999999999577,-0.05908746791734489,0
2018-04-09,64.9287,64.95,both,0.021299999999996544,0.03280521556722457,0
2018-04-10,64.9368,64.95,both,0.013199999999997658,0.02032745685034935,0
2018-04-11,65.1272,65.26,both,0.13280000000000314,0.2039086587478091,0
2018-04-12,65.3496,65.28,both,-0.06959999999999411,-0.10650409489881212,0
2018-04-13,65.2226,65.27,both,0.04739999999999611,0.07267419575422647,0
2018-04-16,65.4476,65.46,both,0.012399999999999523,0.018946454873821995,0
2018-04-17,65.6124,65.66,both,0.04760000000000275,0.07254726240771982,0
2018-04-18,65.6814,65.62,both,-0.061399999999991905,-0.09348156403485905,0
2018-04-19,65.7837,65.79,both,0.006300000000010186,0.009576840463534565,0
2018-04-20,66.0167,66.15,both,0.13330000000000553,0.20191860544378246,0
2018-04-23,66.2177,66.42,both,0.20230000000000814,0.30550743985370704,0
2018-04-24,66.3622,66.36,both,-0.002200000000001978,-0.003315140245504185,0
2018-04-25,66.6983,66.92,both,0.22169999999999845,0.3323922798632026,0
2018-04-26,66.8299,66.8,both,-0.029899999999997817,-0.04474045300082421,0
2018-04-27,66.7801,66.68,both,-0.10009999999999764,-0.14989495373621428,0
2018-04-30,,66.5,fred_only,,,0
2018-05-01,,66.52,fred_only,,,0
2018-05-02,66.6636,66.71,both,0.04639999999999134,0.06960320174726738,0
2018-05-03,66.6093,66.68,both,0.0707000000000022,0.10614133461844247,0
2018-05-04,66.7681,66.83,both,0.06189999999999429,0.09270894334269553,0
2018-05-07,67.106,67.13,both,0.02400000000000091,0.035764313176170404,0
2018-05-08,67.0809,67.12,both,0.0391000000000048,0.05828782857714312,0
2018-05-09,67.3815,67.25,both,-0.13150000000000261,-0.19515742451563503,0
2018-05-10,67.3786,67.24,both,-0.13860000000001094,-0.20570329451786015,0
2018-05-11,67.2203,67.28,both,0.059700000000006526,0.08881245695125807,0
2018-05-14,67.3153,67.55,both,0.23470000000000368,0.34865773457149224,0
2018-05-15,67.5288,68.07,both,0.5411999999999892,0.8014358318228507,1
2018-05-16,67.8276,67.77,both,-0.05760000000000787,-0.08492118252747828,0
2018-05-17,67.7156,67.76,both,0.04440000000001021,0.06556834761858452,0
2018-05-18,67.9577,68.04,both,0.08230000000000359,0.12110474604055699,0
2018-05-21,68.0883,68.11,both,0.02169999999999561,0.03187038007997793,0
2018-05-22,68.0187,68.04,both,0.021300000000010755,0.03131491780938294,0
2018-05-23,68.2139,68.38,both,0.16610000000000014,0.24349875905057494,0
2018-05-24,68.3872,68.32,both,-0.06720000000001392,-0.09826400262039374,0
2018-05-25,68.26,67.78,both,-0.480000000000004,-0.7031936712569644,1
2018-05-28,67.443,,rbi_only,,,0
2018-05-29,67.8201,67.78,both,-0.04009999999999536,-0.05912701396782866,0
2018-05-30,67.6288,67.46,both,-0.1688000000000045,-0.2495978044856696,0
2018-05-31,67.4526,67.4,both,-0.052599999999998204,-0.07798068569632334,0
2018-06-01,67.184,66.99,both,-0.19400000000000261,-0.2887592283877153,0
2018-06-04,67.0543,67.05,both,-0.004300000000000637,-0.006412713278642289,0
2018-06-05,67.1794,67.12,both,-0.05939999999999657,-0.0884199620717014,0
2018-06-06,67.0397,66.87,both,-0.16969999999999175,-0.25313359099159416,0
2018-06-07,67.0181,67.2,both,0.18189999999999884,0.27141921361542454,0
2018-06-08,67.5228,67.56,both,0.03719999999999857,0.05509250208818142,0
2018-06-11,67.3353,67.46,both,0.12469999999999004,0.1851926107108605,0
2018-06-12,67.4571,67.48,both,0.022900000000007026,0.03394750144907953,0
2018-06-13,67.6251,67.6,both,-0.025100000000009004,-0.03711639613103567,0
2018-06-14,67.6875,67.62,both,-0.06749999999999545,-0.09972299168974398,0
2018-06-15,67.9739,68.06,both,0.08610000000000184,0.1266662645515438,0
2018-06-18,68.0248,68.1,both,0.07519999999999527,0.11054791781820053,0
2018-06-19,68.1511,68.3,both,0.1488999999999976,0.21848510148772007,0
2018-06-20,68.0838,68.06,both,-0.02379999999999427,-0.034956920735908205,0
2018-06-21,68.195,67.94,both,-0.25499999999999545,-0.3739277073099134,0
2018-06-22,67.7695,67.88,both,0.11050000000000182,0.1630527006986946,0
2018-06-25,68.1466,68.09,both,-0.05660000000000309,-0.08305623464707422,0
2018-06-26,68.1676,68.31,both,0.14240000000000919,0.20889689529924657,0
2018-06-27,68.5246,68.63,both,0.10539999999998884,0.1538133750506954,0
2018-06-28,68.9389,68.81,both,-0.12890000000000157,-0.1869771638363849,0
2018-06-29,68.5753,68.46,both,-0.11530000000000484,-0.16813634063577534,0
2018-07-02,68.6227,68.78,both,0.15730000000000643,0.22922444030911995,0
2018-07-03,68.6935,68.58,both,-0.11350000000000193,-0.16522669539330784,0
2018-07-04,68.5312,,rbi_only,,,0
2018-07-05,68.7545,68.89,both,0.1355000000000075,0.19707800943939308,0
2018-07-06,68.8757,68.8,both,-0.07569999999999766,-0.10990813886464698,0
2018-07-09,68.6573,68.66,both,0.0026999999999901547,0.00393257526874805,0
2018-07-10,68.7942,68.76,both,-0.034199999999998454,-0.04971349328867615,0
2018-07-11,68.829,68.7,both,-0.12899999999999068,-0.18742099986922764,0
2018-07-12,68.6313,68.52,both,-0.11129999999999995,-0.16217090452898308,0
2018-07-13,68.4094,68.44,both,0.030599999999992633,0.04473069490449065,0
2018-07-16,68.5877,68.6,both,0.012299999999996203,0.017933244590496843,0
2018-07-17,68.2978,68.42,both,0.12220000000000653,0.17892230789279673,0
2018-07-18,68.5652,68.62,both,0.05480000000000018,0.07992392642331705,0
2018-07-19,68.8331,69.01,both,0.1769000000000034,0.25699844987368486,0
2018-07-20,68.8458,68.74,both,-0.10580000000000211,-0.15367676750070755,0
2018-07-23,68.704,68.84,both,0.1360000000000099,0.19795062878436467,0
2018-07-24,69.053,68.94,both,-0.11299999999999955,-0.1636424195907485,0
2018-07-25,68.8028,68.72,both,-0.08280000000000598,-0.12034393949084336,0
2018-07-26,68.7017,68.66,both,-0.041700000000005844,-0.060697187988078674,0
2018-07-27,68.7041,68.6,both,-0.10410000000000252,-0.1515193416404589,0
2018-07-30,68.7531,68.6,both,-0.15310000000000912,-0.22268086820813768,0
2018-07-31,68.6068,68.54,both,-0.06680000000000064,-0.0973664418104337,0
2018-08-01,68.6058,68.37,both,-0.23579999999999757,-0.34370271901209165,0
2018-08-02,68.3566,68.63,both,0.2733999999999952,0.39996137900362977,0
2018-08-03,68.7933,68.54,both,-0.25329999999999586,-0.36820446177170724,0
2018-08-06,68.6833,68.82,both,0.1366999999999905,0.1990294583981703,0
2018-08-07,68.8,68.62,both,-0.1799999999999926,-0.2616279069767335,0
2018-08-08,68.6465,68.65,both,0.003500000000002501,0.005098584778542971,0
2018-08-09,68.624,68.74,both,0.11599999999999966,0.16903707157845604,0
2018-08-10,68.9538,68.88,both,-0.07380000000000564,-0.1070281840884848,0
2018-08-13,69.4685,70.02,both,0.5514999999999901,0.7938849982365966,1
2018-08-14,69.7696,69.95,both,0.1804000000000059,0.2585653350456444,0
2018-08-15,,69.92,fred_only,,,0
2018-08-16,70.2287,70.19,both,-0.03870000000000573,-0.05510567616943746,0
2018-08-17,,70.09,fred_only,,,0
2018-08-20,69.7617,69.84,both,0.0782999999999987,0.11223923728922702,0
2018-08-21,69.6668,69.85,both,0.18319999999999936,0.2629660038928146,0
2018-08-22,,69.85,fred_only,,,0
2018-08-23,70.0656,70.09,both,0.024399999999999977,0.03482450731885544,0
2018-08-24,70.1377,69.96,both,-0.17770000000000152,-0.25335875000178437,0
2018-08-27,70.0366,70.16,both,0.12339999999998952,0.17619359020853312,0
2018-08-28,70.1687,70.09,both,-0.07869999999999777,-0.11215826999787337,0
2018-08-29,70.5046,70.53,both,0.025400000000004752,0.03602601816052393,0
2018-08-30,70.7329,70.74,both,0.007099999999994111,0.010037761777043089,0
2018-08-31,70.9255,71.0,both,0.07450000000000045,0.10503979527814462,0
2018-09-03,70.7695,,rbi_only,,,0
2018-09-04,71.1857,71.58,both,0.3943000000000012,0.5539033822804317,1
2018-09-05,71.7533,71.75,both,-0.003299999999995862,-0.004599091609718106,0
2018-09-06,71.9214,71.94,both,0.01859999999999218,0.025861565542372893,0
2018-09-07,71.9009,71.78,both,-0.12089999999999179,-0.16814810384848006,0
2018-09-10,72.5745,72.45,both,-0.12449999999999761,-0.1715478577186169,0
2018-09-11,72.3227,72.69,both,0.3673000000000002,0.5078626765870193,1
2018-09-12,72.7549,72.15,both,-0.6049000000000007,-0.8314216636955045,1
2018-09-13,,72.02,fred_only,,,0
2018-09-14,71.8129,71.87,both,0.05710000000000548,0.07951217678161651,0
2018-09-17,72.5505,72.51,both,-0.04049999999999443,-0.05582318522959101,0
2018-09-18,72.3796,72.98,both,0.6004000000000076,0.8295154988422258,1
2018-09-19,72.6781,72.35,both,-0.3281000000000063,-0.4514427317169908,0
2018-09-20,,72.01,fred_only,,,0
2018-09-21,71.8489,72.18,both,0.3311000000000064,0.46082821031359755,0
2018-09-24,72.6927,72.66,both,-0.0327000000000055,-0.04498388421396578,0
2018-09-25,72.8134,72.68,both,-0.13339999999999463,-0.1832080358834976,0
2018-09-26,72.7182,72.59,both,-0.12819999999999254,-0.17629699304987273,0
2018-09-27,72.6505,72.55,both,-0.1004999999999967,-0.13833352833083973,0
2018-09-28,72.5474,72.54,both,-0.007399999999989859,-0.010200227713177672,0
2018-10-01,72.8036,72.92,both,0.11639999999999873,0.1598822036272914,0
2018-10-02,,72.91,fred_only,,,0
2018-10-03,73.0299,73.34,both,0.3101000000000056,0.42462060060332224,0
2018-10-04,73.7509,73.62,both,-0.1308999999999969,-0.17748935945188046,0
2018-10-05,73.5809,73.76,both,0.17910000000000537,0.24340555769228883,0
2018-10-08,73.9235,,rbi_only,,,0
2018-10-09,74.0989,74.33,both,0.23109999999999786,0.3118804732593842,0
2018-10-10,74.1316,74.25,both,0.11839999999999407,0.15971596458189768,0
2018-10-11,74.3875,74.04,both,-0.3474999999999966,-0.46714837842378976,0
2018-10-12,73.7967,73.6,both,-0.19670000000000698,-0.2665430839048453,0
2018-10-15,73.9708,73.76,both,-0.21079999999999188,-0.28497731537308224,0
2018-10-16,73.9041,73.46,both,-0.44410000000000593,-0.6009138870509295,1
2018-10-17,73.4846,73.52,both,0.03539999999999566,0.04817335877176396,0
2018-10-18,,73.52,fred_only,,,0
2018-10-19,73.4354,73.37,both,-0.0653999999999968,-0.08905786582492475,0
2018-10-22,73.3025,73.56,both,0.2575000000000074,0.35128406261724693,0
2018-10-23,73.7818,73.54,both,-0.2417999999999978,-0.3277230970239243,0
2018-10-24,73.2645,73.18,both,-0.08449999999999136,-0.11533553085053656,0
2018-10-25,73.2746,73.21,both,-0.06460000000001287,-0.08816151845252361,0
2018-10-26,73.374,73.46,both,0.08599999999999852,0.11720773025867273,0
2018-10-29,73.4181,73.42,both,0.00190000000000623,0.0025879176933293426,0
2018-10-30,73.5709,73.62,both,0.049100000000009913,0.06673834355704486,0
2018-10-31,73.9936,73.95,both,-0.04359999999999786,-0.058924015049947376,0
2018-11-01,73.8295,73.45,both,-0.37949999999999307,-0.5140221727087317,1
2018-11-02,72.8798,72.44,both,-0.4398000000000053,-0.6034593947842959,1
2018-11-05,73.074,73.08,both,0.006000000000000227,0.008210854749979783,0
2018-11-06,73.0097,72.95,both,-0.059699999999992315,-0.08176995659479812,0
2018-11-07,,72.44,fred_only,,,0
2018-11-08,,72.37,fred_only,,,0
2018-11-09,72.7347,72.48,both,-0.2546999999999997,-0.35017673820061085,0
2018-11-12,72.9078,,rbi_only,,,0
2018-11-13,72.5853,72.61,both,0.024699999999995725,0.03402892872247648,0
2018-11-14,72.1039,72.3,both,0.19610000000000127,0.2719686452466528,0
2018-11-15,72.16,71.97,both,-0.18999999999999773,-0.26330376940132727,0
2018-11-16,71.8023,71.98,both,0.17770000000000152,0.24748510841574922,0
2018-11-19,71.9007,71.6,both,-0.3007000000000062,-0.41821567801148835,0
2018-11-20,71.3276,71.49,both,0.162399999999991,0.22768185106465236,0
2018-11-21,,71.3,fred_only,,,0
2018-11-22,71.1787,,rbi_only,,,0
2018-11-23,,70.65,fred_only,,,0
2018-11-26,70.7144,70.81,both,0.09560000000000457,0.13519170070028816,0
2018-11-27,70.9065,70.8,both,-0.10649999999999693,-0.1501977956886843,0
2018-11-28,70.6881,70.63,both,-0.058100000000010255,-0.08219205212760033,0
2018-11-29,69.9159,69.79,both,-0.12589999999998724,-0.18007348829091416,0
2018-11-30,69.6574,69.62,both,-0.037399999999990996,-0.05369135224684096,0
2018-12-03,70.028,70.4,both,0.3719999999999999,0.5312160849945734,1
2018-12-04,70.3455,70.52,both,0.17449999999999477,0.2480613543154783,0
2018-12-05,70.5171,,rbi_only,,,0
2018-12-06,71.0371,70.84,both,-0.19709999999999184,-0.2774606508429987,0
2018-12-07,70.5663,70.85,both,0.28369999999999607,0.4020332651704795,0
2018-12-10,71.3257,72.436,both,1.1103000000000094,1.556661904474838,1
2018-12-11,71.9274,72.27,both,0.34259999999999025,0.47631361622968466,0
2018-12-12,72.0407,71.79,both,-0.2506999999999948,-0.34799772906148163,0
2018-12-13,71.5368,71.52,both,-0.01680000000000348,-0.023484416412257018,0
2018-12-14,71.7359,71.94,both,0.20409999999999684,0.28451584213761427,0
2018-12-17,71.673,71.6,both,-0.0730000000000075,-0.10185146428921281,0
2018-12-18,71.194,70.61,both,-0.5840000000000032,-0.8202938449869416,1
2018-12-19,70.1094,70.26,both,0.1506000000000114,0.21480714426312508,0
2018-12-20,70.2835,69.96,both,-0.3235000000000099,-0.4602787282932835,0
2018-12-21,70.0368,70.09,both,0.05320000000000391,0.0759600667077935,0
2018-12-24,70.1757,,rbi_only,,,0
2018-12-26,69.9906,70.07,both,0.07939999999999259,0.11344380531098833,0
2018-12-27,70.327,70.34,both,0.01300000000000523,0.018485076855269282,0
2018-12-28,69.9786,69.92,both,-0.05859999999999843,-0.08373988619377701,0
2018-12-31,69.7923,69.58,both,-0.21229999999999905,-0.3041882843809404,0
2019-01-01,69.7131,,rbi_only,,,0
2019-01-02,69.6089,70.02,both,0.4110999999999905,0.5905853992808253,1
2019-01-03,70.3627,70.12,both,-0.24269999999999925,-0.34492707073491957,0
2019-01-04,69.8653,69.63,both,-0.2353000000000094,-0.3367909391357503,0
2019-01-07,69.4814,69.78,both,0.2986000000000075,0.42975530141880786,0
2019-01-08,70.0221,70.11,both,0.08790000000000475,0.12553179639000367,0
2019-01-09,70.4418,70.42,both,-0.02179999999999893,-0.030947533992599467,0
2019-01-10,70.5135,70.43,both,-0.08349999999998658,-0.11841704070849779,0
2019-01-11,70.4737,70.38,both,-0.09369999999999834,-0.13295740112978083,0
2019-01-14,70.8244,,rbi_only,,,0
2019-01-15,71.0298,71.0,both,-0.029799999999994498,-0.041954222030745544,0
2019-01-16,71.1847,70.97,both,-0.21470000000000766,-0.30160975602904505,0
2019-01-17,71.3418,71.09,both,-0.2518000000000029,-0.35294876215627147,0
2019-01-18,71.1418,71.21,both,0.06819999999999027,0.09586487831343916,0
2019-01-21,71.3782,,rbi_only,,,0
2019-01-22,71.3761,71.23,both,-0.1460999999999899,-0.2046903655425134,0
2019-01-23,71.2039,71.21,both,0.006099999999989336,0.008566946473422574,0
2019-01-24,71.282,71.02,both,-0.26200000000000045,-0.3675542212620303,0
2019-01-25,71.1051,70.94,both,-0.16509999999999536,-0.23219150243793396,0
2019-01-28,71.134,71.06,both,-0.07399999999999807,-0.10402901566058152,0
2019-01-29,71.0942,71.4,both,0.30580000000000496,0.4301335411327576,0
2019-01-30,71.2442,71.24,both,-0.004200000000011528,-0.0058952167334485155,0
2019-01-31,71.0333,70.94,both,-0.09329999999999927,-0.13134684718293996,0
2019-02-01,71.1102,71.41,both,0.2997999999999905,0.42159915173911827,0
2019-02-04,71.658,71.66,both,0.001999999999995339,0.002791035194947304,0
2019-02-05,71.7459,71.52,both,-0.22590000000000998,-0.3148611976433635,0
2019-02-06,71.5731,71.55,both,-0.023099999999999454,-0.032274695381364585,0
2019-02-07,71.4688,71.3,both,-0.1688000000000045,-0.23618697949315576,0
2019-02-08,71.2949,71.23,both,-0.0648999999999944,-0.09103035420485113,0
2019-02-11,71.1621,71.15,both,-0.012099999999989564,-0.01700343300716191,0
2019-02-12,70.9353,70.56,both,-0.37529999999999575,-0.5290736769986111,1
2019-02-13,70.5547,70.86,both,0.30530000000000257,0.43271390849936653,0
2019-02-14,70.9408,71.18,both,0.23920000000001096,0.33718255221256455,0
2019-02-15,71.2515,71.36,both,0.10850000000000648,0.15227749591237585,0
2019-02-18,71.4705,,rbi_only,,,0
2019-02-19,,71.31,fred_only,,,0
2019-02-20,71.1773,,rbi_only,,,0
2019-02-21,71.154,71.15,both,-0.003999999999990678,-0.005621609466777241,0
2019-02-22,71.2177,71.07,both,-0.1477000000000004,-0.2073922634401285,0
2019-02-25,71.042,70.82,both,-0.2220000000000084,-0.312491202387332,0
2019-02-26,71.0952,71.02,both,-0.07520000000000948,-0.10577366685797279,0
2019-02-27,71.1663,71.15,both,-0.01630000000000109,-0.022904099271707383,0
2019-02-28,71.1953,70.83,both,-0.36530000000000484,-0.5130956678320125,1
2019-03-01,70.9696,70.9,both,-0.06959999999999411,-0.0980701596176308,0
2019-03-04,,70.91,fred_only,,,0
2019-03-05,70.7601,70.55,both,-0.21009999999999707,-0.2969187437553043,0
2019-03-06,70.5798,70.02,both,-0.5598000000000098,-0.7931447808013196,1
2019-03-07,70.0268,70.09,both,0.06320000000000903,0.09025116098409328,0
2019-03-08,70.101,70.0,both,-0.10099999999999909,-0.14407783055876391,0
2019-03-11,69.9308,69.82,both,-0.11080000000001178,-0.15844234586192604,0
2019-03-12,69.595,69.62,both,0.025000000000005684,0.03592212084202268,0
2019-03-13,69.6225,69.52,both,-0.10250000000000625,-0.1472225214549984,0
2019-03-14,69.6657,69.33,both,-0.3357000000000028,-0.4818727149802597,0
2019-03-15,69.2131,68.94,both,-0.27309999999999945,-0.394578482975043,0
2019-03-18,68.6088,68.6,both,-0.008800000000007913,-0.01282634297642272,0
2019-03-19,68.5847,69.02,both,0.435299999999998,0.6346896611051707,1
2019-03-20,68.8604,68.85,both,-0.010400000000004184,-0.015103020023125316,0
2019-03-21,,68.72,fred_only,,,0
2019-03-22,68.6607,69.01,both,0.3492999999999995,0.5087335258743348,1
2019-03-25,68.9903,68.88,both,-0.11030000000000939,-0.1598775480031387,0
2019-03-26,68.8469,68.98,both,0.13309999999999889,0.1933275136571129,0
2019-03-27,68.903,69.13,both,0.22699999999998965,0.3294486451968559,0
2019-03-28,69.0038,69.23,both,0.22620000000000573,0.32780803376046785,0
2019-03-29,69.1713,69.16,both,-0.011300000000005639,-0.016336255065331488,0
2019-04-01,,69.18,fred_only,,,0
2019-04-02,69.1198,68.91,both,-0.20980000000000132,-0.30353097086507963,0
2019-04-03,68.4896,68.58,both,0.09040000000000248,0.13199084240527392,0
2019-04-04,68.8446,69.03,both,0.18540000000000134,0.26930216749026264,0
2019-04-05,69.1965,69.11,both,-0.08650000000000091,-0.12500632257411995,0
2019-04-08,69.5142,69.56,both,0.04579999999999984,0.06588581901251807,0
2019-04-09,69.5397,69.28,both,-0.25969999999999516,-0.3734557382329736,0
2019-04-10,69.1482,69.12,both,-0.028199999999998226,-0.0407819726326907,0
2019-04-11,68.9742,68.97,both,-0.004199999999997317,-0.006089233365515392,0
2019-04-12,69.324,69.21,both,-0.11400000000000432,-0.16444521377878416,0
2019-04-15,69.2293,69.38,both,0.1507000000000005,0.21768239748199175,0
2019-04-16,69.577,69.51,both,-0.06699999999999307,-0.0962961898328371,0
2019-04-17,,69.43,fred_only,,,0
2019-04-18,69.4189,69.42,both,0.0011000000000080945,0.0015845828729756516,0
2019-04-19,,69.37,fred_only,,,0
2019-04-22,69.7423,69.64,both,-0.10229999999999961,-0.1466828596131754,0
2019-04-23,69.7474,69.78,both,0.03260000000000218,0.046740093537540016,0
2019-04-24,69.9045,69.91,both,0.00549999999999784,0.00786787688918144,0
2019-04-25,69.9418,70.19,both,0.2481999999999971,0.3548664746975301,0
2019-04-26,70.1445,69.93,both,-0.2144999999999868,-0.30579731839272767,0
2019-04-29,,69.8,fred_only,,,0
2019-04-30,69.8368,69.64,both,-0.1967999999999961,-0.2817998533724284,0
2019-05-01,,69.52,fred_only,,,0
2019-05-02,69.5419,69.4,both,-0.1418999999999926,-0.20404964489033603,0
2019-05-03,69.2679,69.08,both,-0.18789999999999907,-0.27126562231567447,0
2019-05-06,69.3558,69.4,both,0.04420000000000357,0.06372934923972265,0
2019-05-07,69.3095,69.62,both,0.31050000000000466,0.44799053520802296,0
2019-05-08,69.6009,69.73,both,0.1291000000000082,0.1854861072198897,0
2019-05-09,69.8685,70.21,both,0.34149999999999636,0.48877534225007885,0
2019-05-10,69.9212,70.02,both,0.09879999999999711,0.1413019227358757,0
2019-05-13,70.2576,70.62,both,0.36240000000000805,0.5158160825305848,1
2019-05-14,70.4208,70.3,both,-0.12080000000000268,-0.17154022675119096,0
2019-05-15,70.2087,70.22,both,0.011300000000005639,0.016094871433320432,0
2019-05-16,70.2469,70.08,both,-0.16689999999999827,-0.23759055559746875,0
2019-05-17,70.1666,70.28,both,0.11339999999999861,0.16161535545401745,0
2019-05-20,69.5466,69.59,both,0.043400000000005434,0.06240420092428017,0
2019-05-21,69.7291,69.61,both,-0.11910000000000309,-0.17080386811245676,0
2019-05-22,69.7655,69.71,both,-0.05550000000000921,-0.07955221420330852,0
2019-05-23,69.6732,69.66,both,-0.013199999999997658,-0.018945591705272127,0
2019-05-24,69.6096,69.37,both,-0.23959999999999582,-0.3442053969567356,0
2019-05-27,69.4327,,rbi_only,,,0
2019-05-28,69.6142,69.56,both,-0.054199999999994475,-0.07785767846214489,0
2019-05-29,69.8805,69.8,both,-0.08050000000000068,-0.11519665715042206,0
2019-05-30,69.7852,69.81,both,0.024799999999999045,0.03553762115749334,0
2019-05-31,69.8058,69.63,both,-0.1758000000000095,-0.2518415375226836,0
2019-06-03,69.4338,69.15,both,-0.2837999999999994,-0.40873465084728094,0
2019-06-04,69.2918,69.28,both,-0.011799999999993815,-0.017029432054000353,0
2019-06-05,,69.41,fred_only,,,0
2019-06-06,69.3205,69.21,both,-0.11050000000000182,-0.15940450516081364,0
2019-06-07,69.3019,69.32,both,0.01809999999998979,0.026117610051080545,0
2019-06-10,69.4598,69.49,both,0.030199999999993565,0.04347838605926531,0
2019-06-11,69.4222,69.42,both,-0.002200000000001978,-0.003169015098919334,0
2019-06-12,69.4048,69.35,both,-0.05480000000000018,-0.07895707501498482,0
2019-06-13,69.3579,69.53,both,0.17210000000000036,0.2481332335609936,0
2019-06-14,69.5646,69.81,both,0.24540000000000362,0.3527656307949785,0
2019-06-17,69.8362,69.83,both,-0.006200000000006867,-0.008877917183361733,0
2019-06-18,69.801,69.6,both,-0.20100000000000762,-0.28796149052306935,0
2019-06-19,69.6677,69.64,both,-0.02769999999999584,-0.03976017580599882,0
2019-06-20,69.5645,69.44,both,-0.12449999999999761,-0.17897059563426407,0
2019-06-21,69.6343,69.59,both,-0.04429999999999268,-0.06361807327709573,0
2019-06-24,69.4788,69.32,both,-0.1588000000000136,-0.2285589273274921,0
2019-06-25,69.3398,69.26,both,-0.07979999999999166,-0.11508541991755335,0
2019-06-26,69.3192,69.18,both,-0.13919999999998822,-0.20081016514903266,0
2019-06-27,69.2216,69.01,both,-0.21159999999999002,-0.3056849307152537,0
2019-06-28,68.918,68.92,both,0.001999999999995339,0.00290199947763333,0
2019-07-01,68.9665,68.87,both,-0.09649999999999181,-0.13992300609715125,0
2019-07-02,68.9924,68.87,both,-0.12239999999999895,-0.17741084525251904,0
2019-07-03,68.8776,68.79,both,-0.0875999999999948,-0.1271821317815876,0
2019-07-04,68.8545,,rbi_only,,,0
2019-07-05,68.7499,68.48,both,-0.2698999999999927,-0.39258238921073735,0
2019-07-08,68.6982,68.55,both,-0.14820000000000277,-0.2157261762316957,0
2019-07-09,68.7301,68.54,both,-0.19009999999998684,-0.2765891508960221,0
2019-07-10,68.5269,68.4,both,-0.12689999999999202,-0.1851827530502504,0
2019-07-11,68.3665,68.4,both,0.03350000000000364,0.04900060702245052,0
2019-07-12,68.5855,68.57,both,-0.015500000000002956,-0.02259952905497949,0
2019-07-15,68.5836,68.52,both,-0.0636000000000081,-0.09273353979669789,0
2019-07-16,68.5672,68.66,both,0.09279999999999688,0.13534167940355868,0
2019-07-17,68.8051,68.84,both,0.03490000000000748,0.05072298419740322,0
2019-07-18,68.8758,68.85,both,-0.02580000000000382,-0.03745873006194312,0
2019-07-19,68.8249,68.82,both,-0.004900000000006344,-0.00711951633784625,0
2019-07-22,69.0199,68.89,both,-0.12990000000000634,-0.1882065896937062,0
2019-07-23,68.9922,68.99,both,-0.002200000000001978,-0.0031887662663344237,0
2019-07-24,69.0135,68.94,both,-0.07349999999999568,-0.10650090199742902,0
2019-07-25,68.9904,69.03,both,0.039600000000007185,0.057399290336057174,0
2019-07-26,69.0611,68.89,both,-0.1710999999999956,-0.24775162863029349,0
2019-07-29,68.9023,68.73,both,-0.1722999999999928,-0.250064221368507,0
2019-07-30,68.75,68.82,both,0.06999999999999318,0.1018181818181719,0
2019-07-31,68.8569,68.81,both,-0.046899999999993724,-0.06811227342502164,0
2019-08-01,69.058,69.0,both,-0.058000000000006935,-0.08398737293290702,0
2019-08-02,69.3981,69.65,both,0.25190000000000623,0.3629782371563577,0
2019-08-05,70.3584,70.8,both,0.441599999999994,0.6276436075862925,1
2019-08-06,70.7226,70.9,both,0.17740000000000578,0.2508391942604002,0
2019-08-07,70.9553,71.18,both,0.22470000000001278,0.31667824672718287,0
2019-08-08,70.8497,70.62,both,-0.22969999999999402,-0.32420744195105133,0
2019-08-09,70.5185,70.91,both,0.3914999999999935,0.555173465119073,1
2019-08-12,,71.27,fred_only,,,0
2019-08-13,71.2365,71.41,both,0.17349999999999,0.24355491917765468,0
2019-08-14,71.0968,71.27,both,0.17319999999999425,0.2436115268197644,0
2019-08-15,,71.79,fred_only,,,0
2019-08-16,71.2872,71.15,both,-0.13719999999999288,-0.1924609186501825,0
2019-08-19,71.3419,71.44,both,0.0981000000000023,0.13750685081277944,0
2019-08-20,71.6483,71.54,both,-0.10829999999999984,-0.15115501693689848,0
2019-08-21,71.5508,71.43,both,-0.12079999999998847,-0.16883109622811832,0
2019-08-22,71.7033,71.9,both,0.19670000000000698,0.27432489160193047,0
2019-08-23,71.7267,71.49,both,-0.23669999999999902,-0.3300026350020272,0
2019-08-26,72.1814,72.02,both,-0.16140000000000043,-0.22360331054814736,0
2019-08-27,71.8206,71.52,both,-0.30060000000000286,-0.41854286931604984,0
2019-08-28,71.7041,71.75,both,0.04590000000000316,0.06401307596079325,0
2019-08-29,71.9971,71.67,both,-0.3271000000000015,-0.4543238547108168,0
2019-08-30,71.7586,71.45,both,-0.30859999999999843,-0.430052983196437,0
2019-09-03,72.1899,72.2,both,0.010100000000008436,0.013990876840123668,0
2019-09-04,72.07,72.11,both,0.04000000000000625,0.055501595670884224,0
2019-09-05,71.8611,71.84,both,-0.021099999999989905,-0.029362200133298693,0
2019-09-06,71.7323,71.68,both,-0.052299999999988245,-0.07290997221612613,0
2019-09-09,71.5886,71.66,both,0.07139999999999702,0.09973655023285415,0
2019-09-10,,71.89,fred_only,,,0
2019-09-11,71.6637,71.62,both,-0.04370000000000118,-0.06097926844413724,0
2019-09-12,71.3175,70.91,both,-0.40749999999999886,-0.5713885091316983,1
2019-09-13,70.9387,71.0,both,0.0613000000000028,0.08641263513428185,0
2019-09-16,71.5362,71.53,both,-0.006199999999992656,-0.008666940653812554,0
2019-09-17,71.8196,71.47,both,-0.34959999999999525,-0.48677519785684586,0
2019-09-18,71.3132,71.16,both,-0.15319999999999823,-0.21482698855190657,0
2019-09-19,71.1382,71.31,both,0.17180000000000462,0.24150175292600123,0
2019-09-20,70.937,71.05,both,0.11299999999999955,0.1592962769781631,0
2019-09-23,70.9212,70.79,both,-0.13119999999999266,-0.1849940497340607,0
2019-09-24,70.8477,70.94,both,0.0922999999999945,0.1302794586133276,0
2019-09-25,71.0395,71.0,both,-0.039500000000003865,-0.05560286882650337,0
2019-09-26,70.9021,70.93,both,0.02790000000000248,0.039350033355856136,0
2019-09-27,70.8381,70.49,both,-0.3481000000000023,-0.49140222563846614,0
2019-09-30,70.685,70.64,both,-0.045000000000001705,-0.06366272900898594,0
2019-10-01,70.9109,71.11,both,0.1991000000000014,0.28077488792273314,0
2019-10-02,,71.17,fred_only,,,0
2019-10-03,71.1163,71.03,both,-0.08629999999999427,-0.1213505202042208,0
2019-10-04,70.8703,70.86,both,-0.010300000000000864,-0.01453359164558477,0
2019-10-07,70.9763,70.97,both,-0.0062999999999959755,-0.008876202337957849,0
2019-10-08,,71.21,fred_only,,,0
2019-10-09,71.1121,71.09,both,-0.02209999999999468,-0.03107769282582666,0
2019-10-10,71.0516,70.98,both,-0.07159999999998945,-0.10077183342808531,0
2019-10-11,71.0272,70.91,both,-0.11719999999999686,-0.16500720850603273,0
2019-10-14,71.0188,,rbi_only,,,0
2019-10-15,71.3186,71.48,both,0.16140000000000043,0.22630842445028426,0
2019-10-16,71.5051,71.37,both,-0.13509999999999422,-0.18893757228504574,0
2019-10-17,71.4087,71.09,both,-0.31869999999999266,-0.44630416181780747,0
2019-10-18,71.1988,71.07,both,-0.12880000000001246,-0.18090192531336546,0
2019-10-21,,70.9,fred_only,,,0
2019-10-22,70.8731,70.81,both,-0.0630999999999915,-0.08903236912169991,0
2019-10-23,70.9373,70.81,both,-0.1272999999999911,-0.17945425044368915,0
2019-10-24,70.9338,71.01,both,0.07620000000000005,0.10742410529254041,0
2019-10-25,70.9593,70.78,both,-0.1792999999999978,-0.2526800574413753,0
2019-10-28,,70.71,fred_only,,,0
2019-10-29,70.7303,70.86,both,0.1296999999999997,0.1833726139999402,0
2019-10-30,70.9915,70.96,both,-0.0315000000000083,-0.04437150926520541,0
2019-10-31,70.8095,71.01,both,0.20050000000000523,0.2831540965548482,0
2019-11-01,70.8798,70.76,both,-0.11979999999999791,-0.1690185356053458,0
2019-11-04,70.6821,70.79,both,0.10790000000000077,0.15265533989510888,0
2019-11-05,70.7283,70.81,both,0.08169999999999789,0.11551246106579387,0
2019-11-06,70.8861,70.96,both,0.07389999999999475,0.10425175034314872,0
2019-11-07,71.0079,71.04,both,0.032099999999999795,0.045206237615814285,0
2019-11-08,71.2494,71.35,both,0.10060000000000002,0.14119417145968952,0
2019-11-11,71.445,,rbi_only,,,0
2019-11-12,,71.75,fred_only,,,0
2019-11-13,71.7002,72.12,both,0.4198000000000093,0.5854934853738334,1
2019-11-14,72.0501,71.99,both,-0.06010000000000559,-0.08341417985541393,0
2019-11-15,71.7109,71.6,both,-0.11090000000000089,-0.1546487354084259,0
2019-11-18,71.7131,71.9,both,0.1869000000000085,0.26062183896667207,0
2019-11-19,71.8138,71.86,both,0.04619999999999891,0.06433303905377366,0
2019-11-20,71.6756,71.74,both,0.06439999999999202,0.0898492653008723,0
2019-11-21,71.7996,71.75,both,-0.04959999999999809,-0.06908116479757281,0
2019-11-22,71.8514,71.76,both,-0.09139999999999304,-0.12720698552845602,0
2019-11-25,71.6468,71.69,both,0.043199999999998795,0.06029578431974463,0
2019-11-26,71.5909,71.51,both,-0.08089999999999975,-0.11300318895278554,0
2019-11-27,71.3627,71.26,both,-0.10269999999999868,-0.14391271630697644,0
2019-11-28,71.5147,,rbi_only,,,0
2019-11-29,71.7255,71.75,both,0.024500000000003297,0.034158005172502524,0
2019-12-02,71.7217,71.65,both,-0.07169999999999277,-0.09996974416389011,0
2019-12-03,71.6006,71.7,both,0.09940000000000282,0.138825652299007,0
2019-12-04,71.78,71.47,both,-0.3100000000000023,-0.4318751741432186,0
2019-12-05,71.5476,71.26,both,-0.28759999999999764,-0.4019701569304877,0
2019-12-06,71.3165,71.26,both,-0.05649999999999977,-0.07922430293129888,0
2019-12-09,71.162,71.02,both,-0.14200000000001012,-0.1995447008234874,0
2019-12-10,70.8962,70.84,both,-0.056199999999989814,-0.07927082128518852,0
2019-12-11,70.8679,70.73,both,-0.1379000000000019,-0.19458739429276428,0
2019-12-12,70.7494,70.62,both,-0.12939999999998975,-0.1828990775893361,0
2019-12-13,70.7178,70.8,both,0.08220000000000027,0.11623664763326952,0
2019-12-16,70.941,70.89,both,-0.05100000000000193,-0.0718907260963363,0
2019-12-17,70.9687,71.04,both,0.07130000000000791,0.10046682551604849,0
2019-12-18,71.0611,70.97,both,-0.0910999999999973,-0.1281995353294521,0
2019-12-19,71.0813,71.11,both,0.028700000000000614,0.04037630150264643,0
2019-12-20,71.1569,71.07,both,-0.08689999999999998,-0.12212448827871926,0
2019-12-23,71.1699,71.24,both,0.0700999999999965,0.09849669593465285,0
2019-12-24,71.1959,71.23,both,0.034100000000009345,0.04789601648410842,0
2019-12-26,71.2699,71.28,both,0.010099999999994225,0.014171480526834222,0
2019-12-27,71.2214,71.45,both,0.22860000000000014,0.32097094412634425,0
2019-12-30,71.3449,71.3,both,-0.044899999999998386,-0.06293372056026203,0
2019-12-31,71.274,71.36,both,0.08599999999999852,0.12066111064343032,0
2020-01-01,71.3717,,rbi_only,,,0
2020-01-02,71.3429,71.34,both,-0.002899999999996794,-0.004064875411564141,0
2020-01-03,71.6949,71.76,both,0.06510000000000105,0.09080143775917261,0
2020-01-06,72.0919,71.86,both,-0.231899999999996,-0.32167275380451343,0
2020-01-07,71.7764,71.84,both,0.0636000000000081,0.08860851199002472,0
2020-01-08,72.0178,71.51,both,-0.5077999999999889,-0.7051034605333528,1
2020-01-09,71.4221,71.16,both,-0.2621000000000038,-0.3669732477762538,0
2020-01-10,71.1136,70.94,both,-0.17360000000000753,-0.24411645592405323,0
2020-01-13,70.8115,70.74,both,-0.07150000000000034,-0.1009722996970836,0
2020-01-14,70.9242,70.85,both,-0.0742000000000047,-0.10461873380313731,0
2020-01-15,70.8753,70.69,both,-0.18529999999999802,-0.2614451014669399,0
2020-01-16,70.9065,70.95,both,0.043500000000008754,0.06134839542215277,0
2020-01-17,71.0436,71.08,both,0.03640000000000043,0.05123614231260864,0
2020-01-20,71.057,,rbi_only,,,0
2020-01-21,71.1825,71.17,both,-0.012500000000002842,-0.017560495908408445,0
2020-01-22,71.2056,71.07,both,-0.13560000000001082,-0.19043446021100982,0
2020-01-23,71.2437,71.45,both,0.20629999999999882,0.28956946368591024,0
2020-01-24,71.2404,71.31,both,0.06960000000000832,0.0976973739619771,0
2020-01-27,71.3948,71.45,both,0.05519999999999925,0.07731655526732935,0
2020-01-28,71.3263,71.24,both,-0.08630000000000848,-0.12099323811834972,0
2020-01-29,71.1875,71.35,both,0.16249999999999432,0.228270412642661,0
2020-01-30,71.4772,71.57,both,0.09279999999999688,0.1298316106394723,0
2020-01-31,71.5096,71.53,both,0.02039999999999509,0.028527638247165536,0
2020-02-03,71.5803,71.32,both,-0.26030000000000086,-0.36364753989575466,0
2020-02-04,71.135,71.11,both,-0.025000000000005684,-0.035144443663464794,0
2020-02-05,71.2664,71.19,both,-0.07640000000000668,-0.10720339458707986,0
2020-02-06,71.2558,71.19,both,-0.06579999999999586,-0.09234336011945114,0
2020-02-07,71.2476,71.47,both,0.22239999999999327,0.31215086543265075,0
2020-02-10,71.3046,71.28,both,-0.024599999999992406,-0.034499877988225736,0
2020-02-11,71.2291,71.25,both,0.020899999999997476,0.029341940302485183,0
2020-02-12,71.258,71.29,both,0.03200000000001069,0.044907238485518385,0
2020-02-13,71.4699,71.27,both,-0.19989999999999952,-0.279698166640781,0
2020-02-14,71.3865,71.52,both,0.13349999999999795,0.18701014897774504,0
2020-02-17,71.4259,,rbi_only,,,0
2020-02-18,71.4013,71.56,both,0.15869999999999607,0.22226486072381885,0
2020-02-19,,71.55,fred_only,,,0
2020-02-20,71.5899,71.67,both,0.08010000000000161,0.11188729136372814,0
2020-02-21,,71.9,fred_only,,,0
2020-02-24,71.8522,71.92,both,0.06780000000000541,0.09436036753224733,0
2020-02-25,71.8598,71.81,both,-0.04980000000000473,-0.06930161230619167,0
2020-02-26,71.7291,71.58,both,-0.14910000000000423,-0.20786542700243585,0
2020-02-27,71.6124,71.65,both,0.037600000000011846,0.0525048734576859,0
2020-02-28,72.1895,72.53,both,0.3405000000000058,0.4716752436296218,0
2020-03-02,72.242,72.88,both,0.637999999999991,0.8831427701337047,1
2020-03-03,72.8733,73.03,both,0.15670000000000073,0.2150307451425978,0
2020-03-04,73.5603,73.49,both,-0.07030000000000314,-0.09556785385595647,0
2020-03-05,73.2824,73.5,both,0.21760000000000446,0.2969335065445516,0
2020-03-06,73.6629,74.0,both,0.3371000000000066,0.45762520889078034,0
2020-03-09,73.9538,74.21,both,0.25619999999999266,0.346432502454225,0
2020-03-10,,74.15,fred_only,,,0
2020-03-11,73.8128,73.68,both,-0.13279999999998893,-0.17991459475861768,0
2020-03-12,74.1694,74.25,both,0.080600000000004,0.10867015238090642,0
2020-03-13,74.0694,73.86,both,-0.20940000000000225,-0.2827078388646354,0
2020-03-16,74.2723,74.01,both,-0.2622999999999962,-0.35315992637900834,0
2020-03-17,74.0309,74.26,both,0.22910000000000252,0.3094653718920106,0
2020-03-18,74.1727,74.55,both,0.3772999999999911,0.5086777210482981,1
2020-03-19,75.0583,74.78,both,-0.27830000000000155,-0.370778448219586,0
2020-03-20,75.0063,75.31,both,0.3037000000000063,0.4048993217903114,0
2020-03-23,75.8814,76.29,both,0.40860000000000696,0.5384718784840645,1
2020-03-24,76.1522,76.37,both,0.2178000000000111,0.2860061823558756,0
2020-03-25,,76.36,fred_only,,,0
2020-03-26,75.2392,74.89,both,-0.3491999999999962,-0.46411976735530974,0
2020-03-27,74.8434,75.47,both,0.6265999999999963,0.8372147711087368,1
2020-03-30,75.3451,75.33,both,-0.015100000000003888,-0.020041117471479748,0
2020-03-31,75.3859,75.39,both,0.004099999999993997,0.005438682830600944,0
2020-04-01,,76.4,fred_only,,,0
2020-04-02,,76.34,fred_only,,,0
2020-04-03,75.8276,76.24,both,0.412399999999991,0.5438652944310396,1
2020-04-06,,75.95,fred_only,,,0
2020-04-07,75.8438,75.64,both,-0.2038000000000011,-0.2687101648387885,0
2020-04-08,76.0867,75.96,both,-0.1266999999999996,-0.16652056141217797,0
2020-04-09,76.4577,76.3,both,-0.1577000000000055,-0.2062578393020003,0
2020-04-10,,75.87,fred_only,,,0
2020-04-13,76.3617,76.25,both,-0.11169999999999902,-0.1462775187037468,0
2020-04-14,,76.11,fred_only,,,0
2020-04-15,76.2743,76.56,both,0.2857000000000056,0.3745691536992219,0
2020-04-16,76.7408,76.75,both,0.00920000000000698,0.011988407730968377,0
2020-04-17,76.5444,76.56,both,0.015600000000006276,0.020380328280065266,0
2020-04-20,76.6335,76.56,both,-0.07349999999999568,-0.09591105717472866,0
2020-04-21,76.6516,76.95,both,0.2984000000000009,0.38929389601782727,0
2020-04-22,76.8084,76.44,both,-0.3684000000000083,-0.47963503991751977,0
2020-04-23,76.0635,75.84,both,-0.22350000000000136,-0.2938334417953438,0
2020-04-24,76.4173,76.26,both,-0.15729999999999222,-0.2058434412102917,0
2020-04-27,76.1269,76.23,both,0.10309999999999775,0.1354317593386802,0
2020-04-28,76.371,75.96,both,-0.41100000000000136,-0.5381623914836802,1
2020-04-29,75.6961,75.45,both,-0.24609999999999843,-0.3251158249896605,0
2020-04-30,75.115,75.08,both,-0.03499999999999659,-0.04659522066164759,0
2020-05-01,,75.75,fred_only,,,0
2020-05-04,75.7902,75.64,both,-0.1501999999999981,-0.19817865634342977,0
2020-05-05,75.5715,75.72,both,0.14849999999999852,0.19650264980845758,0
2020-05-06,75.6911,76.08,both,0.3888999999999925,0.5137988482133202,1
2020-05-07,,75.78,fred_only,,,0
2020-05-08,75.4411,75.58,both,0.13889999999999247,0.1841171456937829,0
2020-05-11,75.6838,75.87,both,0.18619999999999948,0.24602358761055795,0
2020-05-12,75.7944,75.03,both,-0.7643999999999949,-1.0085177796776474,1
2020-05-13,75.3885,75.33,both,-0.05849999999999511,-0.07759804214169948,0
2020-05-14,75.444,75.48,both,0.036000000000001364,0.04771751232702583,0
2020-05-15,75.5634,75.82,both,0.2565999999999917,0.33958239041651345,0
2020-05-18,75.9345,75.74,both,-0.194500000000005,-0.256141806425281,0
2020-05-19,75.6638,75.67,both,0.006200000000006867,0.008194143038027256,0
2020-05-20,75.6712,75.47,both,-0.20120000000000005,-0.2658871538973877,0
2020-05-21,75.7785,75.63,both,-0.14849999999999852,-0.19596587422553696,0
2020-05-22,75.7868,75.99,both,0.20319999999999538,0.2681205698089844,0
2020-05-26,75.6404,75.43,both,-0.21039999999999281,-0.27815823290198466,0
2020-05-27,75.6476,75.88,both,0.23239999999999839,0.3072139763852368,0
2020-05-28,75.7501,75.67,both,-0.08010000000000161,-0.10574243466345472,0
2020-05-29,75.6369,75.59,both,-0.046899999999993724,-0.062006771826970335,0
2020-06-01,75.4792,75.56,both,0.08079999999999643,0.10704935929368148,0
2020-06-02,75.5871,75.03,both,-0.5571000000000055,-0.7370305250499165,1
2020-06-03,75.326,75.32,both,-0.006000000000000227,-0.007965377160608857,0
2020-06-04,75.529,75.43,both,-0.09899999999998954,-0.13107548094108162,0
2020-06-05,75.4665,75.61,both,0.14350000000000307,0.19015059662234646,0
2020-06-08,75.6307,75.44,both,-0.19070000000000675,-0.25214628451145726,0
2020-06-09,75.4931,75.44,both,-0.05310000000000059,-0.07033755402811726,0
2020-06-10,75.4688,75.65,both,0.18120000000000402,0.24009921981004603,0
2020-06-11,75.7907,75.97,both,0.1792999999999978,0.23657256101341956,0
2020-06-12,75.973,76.03,both,0.05700000000000216,0.07502665420610237,0
2020-06-15,76.1056,75.97,both,-0.1355999999999966,-0.1781734852625781,0
2020-06-16,75.841,76.19,both,0.34900000000000375,0.4601732572091663,0
2020-06-17,76.2032,76.25,both,0.046800000000004616,0.06141474373780185,0
2020-06-18,76.1509,76.32,both,0.16910000000000025,0.22205909582158617,0
2020-06-19,76.2144,76.21,both,-0.004400000000003956,-0.005773187219218358,0
2020-06-22,76.062,75.76,both,-0.3019999999999925,-0.39704451631562737,0
2020-06-23,75.7549,75.48,both,-0.27490000000000236,-0.36288081695045776,0
2020-06-24,75.7087,75.65,both,-0.05869999999998754,-0.07753402184951999,0
2020-06-25,75.6349,75.58,both,-0.0549000000000035,-0.07258553921536684,0
2020-06-26,75.4757,75.63,both,0.1542999999999921,0.2044366597461065,0
2020-06-29,75.568,75.52,both,-0.04800000000000182,-0.06351894982003205,0
2020-06-30,75.527,75.53,both,0.0030000000000001137,0.0039720894514545975,0
2020-07-01,75.5813,75.5,both,-0.08129999999999882,-0.10756628954516372,0
2020-07-02,75.4876,74.78,both,-0.7075999999999993,-0.9373724956151731,1
2020-07-03,74.7843,,rbi_only,,,0
2020-07-06,74.6822,74.62,both,-0.06219999999999004,-0.083286244915107,0
2020-07-07,74.8609,74.81,both,-0.05089999999999861,-0.06799277059185584,0
2020-07-08,75.027,74.94,both,-0.0870000000000033,-0.11595825502819423,0
2020-07-09,75.0031,75.12,both,0.11690000000000111,0.15586022444405778,0
2020-07-10,75.2865,75.14,both,-0.14650000000000318,-0.19458999953511344,0
2020-07-13,75.1567,75.16,both,0.003299999999995862,0.0043908261006615,0
2020-07-14,75.3935,75.38,both,-0.013500000000007617,-0.017906052909080514,0
2020-07-15,75.3123,75.11,both,-0.20229999999999393,-0.2686148212177744,0
2020-07-16,75.242,75.11,both,-0.132000000000005,-0.17543393317562664,0
2020-07-17,75.1015,74.93,both,-0.17149999999999466,-0.2283576226839606,0
2020-07-20,74.9666,74.77,both,-0.19660000000000366,-0.26225012205435977,0
2020-07-21,74.7678,74.54,both,-0.2277999999999878,-0.30467661212445435,0
2020-07-22,74.6848,74.56,both,-0.12479999999999336,-0.16710227516173756,0
2020-07-23,74.7548,74.81,both,0.05519999999999925,0.073841412190253,0
2020-07-24,74.8672,74.77,both,-0.09720000000000084,-0.12982988545050547,0
2020-07-27,74.762,74.77,both,0.007999999999995566,0.010700623311301952,0
2020-07-28,74.7458,74.91,both,0.1641999999999939,0.2196778949452597,0
2020-07-29,74.7667,74.92,both,0.15330000000000155,0.2050378042631299,0
2020-07-30,74.8412,74.88,both,0.03879999999999484,0.05184310246227324,0
2020-07-31,74.7722,74.9,both,0.12780000000000769,0.17091913839636616,0
2020-08-03,74.9789,75.2,both,0.22110000000000696,0.29488296040620354,0
2020-08-04,75.0894,75.06,both,-0.02939999999999543,-0.039153329231549905,0
2020-08-05,74.9086,74.8,both,-0.1086000000000098,-0.14497667824523458,0
2020-08-06,74.8591,74.87,both,0.010900000000006571,0.014560688012555017,0
2020-08-07,74.9556,75.04,both,0.08440000000000225,0.11259999252891345,0
2020-08-10,74.878,74.91,both,0.031999999999996476,0.04273618419294917,0
2020-08-11,74.8436,74.61,both,-0.2335999999999956,-0.3121175357679155,0
2020-08-12,74.8286,74.73,both,-0.09859999999999047,-0.13176780001228205,0
2020-08-13,74.8369,74.81,both,-0.026899999999997704,-0.03594483470052568,0
2020-08-14,74.7721,74.87,both,0.09790000000000987,0.13093118957473426,0
2020-08-17,74.8464,74.74,both,-0.10640000000000782,-0.14215780585306417,0
2020-08-18,74.819,74.62,both,-0.19899999999999807,-0.2659752201980754,0
2020-08-19,74.7608,74.85,both,0.08919999999999106,0.11931386502015903,0
2020-08-20,75.0062,75.01,both,0.0037999999999982492,0.0050662478568415,0
2020-08-21,74.8755,74.92,both,0.04449999999999932,0.0594319904374586,0
2020-08-24,74.8282,74.17,both,-0.6581999999999937,-0.8796149045413277,1
2020-08-25,74.3952,74.2,both,-0.19519999999999982,-0.2623825193023203,0
2020-08-26,74.3541,74.22,both,-0.13410000000000366,-0.1803532017736798,0
2020-08-27,74.3263,73.89,both,-0.4363000000000028,-0.5870062144893567,1
2020-08-28,73.3528,73.11,both,-0.24280000000000257,-0.33100304282863446,0
2020-08-31,73.5951,73.25,both,-0.3451000000000022,-0.46891708823006173,0
2020-09-01,72.8204,73.0,both,0.17959999999999354,0.2466341849261931,0
2020-09-02,73.0126,73.27,both,0.25739999999998986,0.3525418900299261,0
2020-09-03,73.356,73.39,both,0.034000000000006025,0.04634931021321504,0
2020-09-04,73.338,73.29,both,-0.04799999999998761,-0.06545038043031935,0
2020-09-07,73.2831,,rbi_only,,,0
2020-09-08,73.4272,73.78,both,0.352800000000002,0.4804758999389899,0
2020-09-09,73.6728,73.38,both,-0.2927999999999997,-0.39743297390624455,0
2020-09-10,73.3541,73.43,both,0.0759000000000043,0.10347069897934036,0
2020-09-11,73.4737,73.45,both,-0.02369999999999095,-0.03225644005949197,0
2020-09-14,73.383,73.42,both,0.03700000000000614,0.05042039709470332,0
2020-09-15,73.4169,73.57,both,0.1530999999999949,0.20853509205645418,0
2020-09-16,73.7451,73.54,both,-0.2050999999999874,-0.27812017340811446,0
2020-09-17,,73.6,fred_only,,,0
2020-09-18,73.297,73.54,both,0.2430000000000092,0.33152789336536176,0
2020-09-21,73.3164,73.58,both,0.2635999999999967,0.3595375659470415,0
2020-09-22,73.4951,73.5,both,0.004900000000006344,0.006667111140751348,0
2020-09-23,73.6273,73.53,both,-0.09730000000000416,-0.13215206859412765,0
2020-09-24,73.9246,73.9,both,-0.024599999999992406,-0.03327714996089584,0
2020-09-25,73.7297,73.71,both,-0.019700000000000273,-0.02671921898502269,0
2020-09-28,73.5733,73.79,both,0.216700000000003,0.2945361972345987,0
2020-09-29,73.8521,73.78,both,-0.07209999999999184,-0.09762755561452124,0
2020-09-30,73.7978,73.54,both,-0.2577999999999889,-0.34933290694301045,0
2020-10-01,73.3834,73.18,both,-0.2033999999999878,-0.2771744018401816,0
2020-10-02,,73.35,fred_only,,,0
2020-10-05,73.264,73.09,both,-0.17399999999999238,-0.23749727014630975,0
2020-10-06,73.3684,73.4,both,0.03160000000001162,0.0430703136500341,0
2020-10-07,73.3603,73.28,both,-0.08029999999999404,-0.10945974866514185,0
2020-10-08,73.2943,73.33,both,0.035699999999991405,0.04870774398553694,0
2020-10-09,73.2103,72.98,both,-0.23029999999999973,-0.31457322262031395,0
2020-10-13,73.379,73.45,both,0.07099999999999795,0.09675792801754991,0
2020-10-14,73.4558,73.24,both,-0.21580000000000155,-0.2937821111471137,0
2020-10-15,73.2677,73.48,both,0.21229999999999905,0.2897593346044697,0
2020-10-16,73.383,73.42,both,0.03700000000000614,0.05042039709470332,0
2020-10-19,73.4189,73.31,both,-0.10889999999999134,-0.14832692944186218,0
2020-10-20,73.3337,73.47,both,0.13630000000000564,0.18586270705010882,0
2020-10-21,73.4546,73.62,both,0.16540000000000532,0.2251731001189923,0
2020-10-22,73.6557,73.65,both,-0.005699999999990268,-0.007738708613169475,0
2020-10-23,73.578,73.86,both,0.2819999999999965,0.383266737339961,0
2020-10-26,73.7331,73.93,both,0.19690000000001362,0.26704424471507865,0
2020-10-27,73.7487,73.62,both,-0.12869999999999493,-0.17451155071207347,0
2020-10-28,73.765,74.19,both,0.42499999999999716,0.5761540025757435,1
2020-10-29,73.9732,74.42,both,0.4467999999999961,0.6040025306462287,1
2020-10-30,,74.59,fred_only,,,0
2020-11-02,74.322,74.51,both,0.1880000000000024,0.25295336508705685,0
2020-11-03,74.326,74.61,both,0.284000000000006,0.3821004762801793,0
2020-11-04,74.6915,74.36,both,-0.33150000000000546,-0.443825602645556,0
2020-11-05,74.2677,73.93,both,-0.3376999999999981,-0.45470642015303836,0
2020-11-06,74.0535,73.96,both,-0.09350000000000591,-0.1262600687340989,0
2020-11-09,73.9258,74.03,both,0.10420000000000584,0.14095214390646546,0
2020-11-10,74.2116,74.31,both,0.09839999999999804,0.1325938263020849,0
2020-11-11,74.2529,,rbi_only,,,0
2020-11-12,74.45,74.63,both,0.1799999999999926,0.2417730020147651,0
2020-11-13,74.6713,74.56,both,-0.11129999999999995,-0.14905325071346012,0
2020-11-16,,74.41,fred_only,,,0
2020-11-17,74.5087,74.42,both,-0.08870000000000289,-0.11904650060999974,0
2020-11-18,74.3629,74.1,both,-0.2629000000000019,-0.35353650812434956,0
2020-11-19,74.2555,74.16,both,-0.09550000000000125,-0.128610001952719,0
2020-11-20,74.1598,74.12,both,-0.03979999999999961,-0.05366789015072804,0
2020-11-23,74.1409,74.21,both,0.06909999999999172,0.09320091879110144,0
2020-11-24,73.9752,74.08,both,0.10479999999999734,0.14166909991456236,0
2020-11-25,73.9762,73.75,both,-0.22620000000000573,-0.305774019211592,0
2020-11-26,73.8262,,rbi_only,,,0
2020-11-27,73.7983,,rbi_only,,,0
2020-11-30,,74.01,fred_only,,,0
2020-12-01,73.5083,73.51,both,0.0016999999999995907,0.0023126640120905945,0
2020-12-02,73.6501,73.72,both,0.06990000000000407,0.09490822144166006,0
2020-12-03,73.8938,73.8,both,-0.09380000000000166,-0.12693893127705122,0
2020-12-04,73.7413,73.78,both,0.03870000000000573,0.05248076722271744,0
2020-12-07,73.7657,73.83,both,0.06430000000000291,0.08716788426057492,0
2020-12-08,73.7613,73.68,both,-0.08129999999999882,-0.11022040012852108,0
2020-12-09,73.5882,73.71,both,0.12179999999999325,0.16551566691397976,0
2020-12-10,73.6684,73.72,both,0.05159999999999343,0.07004360078404502,0
2020-12-11,73.5914,73.73,both,0.13860000000001094,0.18833722418653667,0
2020-12-14,73.5417,73.64,both,0.09829999999999472,0.13366566179459372,0
2020-12-15,73.6532,73.56,both,-0.09319999999999595,-0.1265389691147105,0
2020-12-16,73.5209,73.65,both,0.1291000000000082,0.17559632703082825,0
2020-12-17,73.4336,73.53,both,0.0964000000000027,0.13127505664982067,0
2020-12-18,73.5146,73.53,both,0.015399999999999636,0.02094821980939791,0
2020-12-21,73.6498,74.03,both,0.3802000000000021,0.5162267921976734,1
2020-12-22,73.8879,73.85,both,-0.037900000000007594,-0.05129391957276847,0
2020-12-23,73.8132,73.77,both,-0.043199999999998795,-0.0585261172798345,0
2020-12-24,73.5838,,rbi_only,,,0
2020-12-28,73.5886,73.5,both,-0.08859999999999957,-0.12039908355370203,0
2020-12-29,73.3669,73.33,both,-0.03690000000000282,-0.05029516035160654,0
2020-12-30,73.2839,73.13,both,-0.15390000000000725,-0.21000519895912642,0
2020-12-31,73.0536,73.01,both,-0.04359999999999786,-0.059682205941935594,0
2021-01-01,73.0328,,rbi_only,,,0
2021-01-04,73.0115,73.08,both,0.06850000000000023,0.09382083644357427,0
2021-01-05,73.1086,73.15,both,0.041400000000010095,0.056628084794415556,0
2021-01-06,73.139,73.15,both,0.01100000000000989,0.015039855617399598,0
2021-01-07,73.133,73.43,both,0.29700000000001125,0.4061094170894278,0
2021-01-08,73.3344,73.31,both,-0.024399999999999977,-0.03327224331282451,0
2021-01-11,73.4511,73.5,both,0.048900000000003274,0.0665749049367583,0
2021-01-12,73.3725,73.26,both,-0.11249999999999716,-0.15332720024531965,0
2021-01-13,73.1546,73.07,both,-0.08460000000000889,-0.11564549597702521,0
2021-01-14,73.1226,73.11,both,-0.012600000000006162,-0.017231334772021455,0
2021-01-15,73.0243,73.08,both,0.05570000000000164,0.07627597936577502,0
2021-01-19,73.1803,73.2,both,0.019700000000000273,0.02691981311910483,0
2021-01-20,73.1251,,rbi_only,,,0
2021-01-21,72.9735,72.96,both,-0.013500000000007617,-0.01849986638986429,0
2021-01-22,73.038,72.98,both,-0.057999999999992724,-0.07941071770858009,0
2021-01-25,72.9297,73.01,both,0.08030000000000825,0.11010603361868794,0
2021-01-26,,72.9,fred_only,,,0
2021-01-27,72.8176,73.05,both,0.23239999999999839,0.3191536112148689,0
2021-01-28,73.0674,72.91,both,-0.15740000000000975,-0.21541754599179624,0
2021-01-29,72.9519,72.84,both,-0.11189999999999145,-0.15338873970382055,0
2021-02-01,73.0189,73.11,both,0.0910999999999973,0.12476221909669591,0
2021-02-02,72.9805,72.95,both,-0.030500000000003524,-0.04179198553038623,0
2021-02-03,72.9396,72.84,both,-0.09959999999999525,-0.13655133836762917,0
2021-02-04,72.9152,72.93,both,0.01480000000000814,0.020297551127896708,0
2021-02-05,72.8986,72.85,both,-0.048600000000007526,-0.06666794698390302,0
2021-02-08,72.8623,72.9,both,0.037700000000000955,0.0517414355572099,0
2021-02-09,72.8883,72.83,both,-0.05830000000000268,-0.0799854023210895,0
2021-02-10,72.8458,72.82,both,-0.02580000000000382,-0.03541727869006013,0
2021-02-11,72.7772,72.69,both,-0.08719999999999573,-0.11981774511797064,0
2021-02-12,72.7998,72.6,both,-0.1998000000000104,-0.2744513034376611,0
2021-02-15,72.5906,,rbi_only,,,0
2021-02-16,72.7219,72.86,both,0.13809999999999434,0.18990152897544527,0
2021-02-17,72.8359,72.81,both,-0.02589999999999293,-0.03555938760967178,0
2021-02-18,72.7327,72.65,both,-0.08269999999998845,-0.11370401483787684,0
2021-02-19,,72.5,fred_only,,,0
2021-02-22,72.3664,72.48,both,0.11360000000000525,0.15697892944792785,0
2021-02-23,72.3707,72.44,both,0.06929999999999836,0.09575698452550323,0
2021-02-24,72.2923,72.38,both,0.08769999999999811,0.12131305823718172,0
2021-02-25,72.4953,72.74,both,0.2446999999999946,0.337539123225912,0
2021-02-26,73.0408,73.92,both,0.8791999999999973,1.2037108027294297,1
2021-03-01,73.2948,73.4,both,0.10520000000001062,0.14352996392651404,0
2021-03-02,73.3507,73.29,both,-0.06069999999999709,-0.08275312982697791,0
2021-03-03,73.0662,72.85,both,-0.21620000000000061,-0.2958960504309799,0
2021-03-04,72.7126,72.73,both,0.017400000000009186,0.023929827842779913,0
2021-03-05,72.7572,73.21,both,0.4527999999999963,0.6223439054828888,1
2021-03-08,73.0023,73.32,both,0.3176999999999879,0.4351917679305828,0
2021-03-09,73.1181,72.89,both,-0.22809999999999775,-0.3119610602573067,0
2021-03-10,72.9737,72.86,both,-0.11369999999999436,-0.15580955878623995,0
2021-03-11,,72.69,fred_only,,,0
2021-03-12,72.6845,72.71,both,0.02549999999999386,0.035083133267744655,0
2021-03-15,72.7097,72.58,both,-0.1296999999999997,-0.1783806012127676,0
2021-03-16,72.4811,72.52,both,0.03889999999999816,0.05366916340949318,0
2021-03-17,72.5716,72.56,both,-0.011600000000001387,-0.015984214210519522,0
2021-03-18,72.5248,72.63,both,0.10519999999999641,0.1450538298623318,0
2021-03-19,72.5155,72.45,both,-0.06550000000000011,-0.09032551661368964,0
2021-03-22,72.3772,72.37,both,-0.007199999999997431,-0.00994788414030583,0
2021-03-23,72.2928,72.52,both,0.2271999999999963,0.31427749374764335,0
2021-03-24,72.6558,72.59,both,-0.06579999999999586,-0.09056400177273646,0
2021-03-25,72.6102,72.69,both,0.07979999999999166,0.1099019146070272,0
2021-03-26,72.4046,72.65,both,0.24540000000000362,0.33892874209650165,0
2021-03-29,,72.75,fred_only,,,0
2021-03-30,73.0407,73.45,both,0.4093000000000018,0.5603725046446731,1
2021-03-31,73.5047,73.14,both,-0.36469999999999914,-0.49615874903237367,0
2021-04-01,,73.32,fred_only,,,0
2021-04-02,,73.37,fred_only,,,0
2021-04-05,73.433,73.29,both,-0.14300000000000068,-0.194735336973841,0
2021-04-06,73.3141,73.49,both,0.1758999999999986,0.23992656255754163,0
2021-04-07,74.1172,74.35,both,0.23279999999999745,0.3140971326493681,0
2021-04-08,74.37,74.57,both,0.19999999999998863,0.2689256420599551,0
2021-04-09,74.8899,74.72,both,-0.16989999999999839,-0.22686637316914351,0
2021-04-12,74.8525,75.03,both,0.17749999999999488,0.23713302828896146,0
2021-04-13,,75.27,fred_only,,,0
2021-04-14,,75.07,fred_only,,,0
2021-04-15,75.1699,74.81,both,-0.3598999999999961,-0.4787820656938431,0
2021-04-16,74.5607,74.48,both,-0.08069999999999311,-0.10823396239573009,0
2021-04-19,74.8847,74.87,both,-0.01469999999999061,-0.019630178127161637,0
2021-04-20,74.7296,75.38,both,0.6503999999999905,0.8703378580910248,1
2021-04-21,,75.42,fred_only,,,0
2021-04-22,74.9404,75.11,both,0.16960000000000264,0.22631317687122388,0
2021-04-23,74.9144,74.97,both,0.05559999999999832,0.07421804085729622,0
2021-04-26,74.7672,74.75,both,-0.017200000000002547,-0.02300474004644088,0
2021-04-27,74.5993,74.58,both,-0.019300000000001205,-0.025871556435517768,0
2021-04-28,74.4042,74.49,both,0.08579999999999188,0.11531607086695628,0
2021-04-29,74.0573,74.07,both,0.01269999999999527,0.017148883364631537,0
2021-04-30,74.0232,74.0,both,-0.023200000000002774,-0.03134152535962073,0
2021-05-03,74.1812,73.82,both,-0.36120000000001085,-0.4869158223377497,0
2021-05-04,73.8546,73.8,both,-0.05460000000000775,-0.07392904436556118,0
2021-05-05,73.9666,73.81,both,-0.1565999999999974,-0.21171718045712176,0
2021-05-06,73.9406,73.64,both,-0.30060000000000286,-0.4065425490190813,0
2021-05-07,73.7443,73.27,both,-0.4742999999999995,-0.643168353350699,1
2021-05-10,73.4135,73.41,both,-0.003500000000002501,-0.00476751551145566,0
2021-05-11,73.4518,73.39,both,-0.061800000000005184,-0.08413680808367553,0
2021-05-12,73.4389,73.53,both,0.0910999999999973,0.12404869898650073,0
2021-05-13,,73.48,fred_only,,,0
2021-05-14,73.3721,73.23,both,-0.14209999999999923,-0.19367034608522754,0
2021-05-17,73.2423,73.3,both,0.057699999999996976,0.07877961232784467,0
2021-05-18,73.0353,73.04,both,0.004699999999999704,0.0064352443270578805,0
2021-05-19,72.967,73.2,both,0.2330000000000041,0.3193224334288159,0
2021-05-20,73.1168,73.03,both,-0.08679999999999666,-0.11871416692196138,0
2021-05-21,73.0233,72.82,both,-0.20330000000001291,-0.27840429013754914,0
2021-05-24,72.8961,72.86,both,-0.036100000000004684,-0.04952253961460858,0
2021-05-25,72.8045,72.78,both,-0.024500000000003297,-0.033651766030950415,0
2021-05-26,,72.71,fred_only,,,0
2021-05-27,72.6404,72.59,both,-0.050399999999996226,-0.06938287784758375,0
2021-05-28,72.4767,72.42,both,-0.0566999999999922,-0.07823203871036098,0
2021-05-31,72.5211,,rbi_only,,,0
2021-06-01,72.7714,72.83,both,0.05859999999999843,0.08052614076408923,0
2021-06-02,73.2088,72.97,both,-0.23879999999999768,-0.32619029406300565,0
2021-06-03,73.1197,73.01,both,-0.10969999999998947,-0.15002796783902217,0
2021-06-04,73.0266,72.87,both,-0.1565999999999974,-0.21444240865656816,0
2021-06-07,72.8087,72.8,both,-0.008700000000004593,-0.011949121464886192,0
2021-06-08,72.8419,72.93,both,0.08810000000001139,0.12094687261042258,0
2021-06-09,72.9769,72.98,both,0.0031000000000034333,0.004247919547149075,0
2021-06-10,72.9947,73.1,both,0.10529999999999973,0.14425704879943302,0
2021-06-11,72.9844,73.24,both,0.25560000000000116,0.3502118260888644,0
2021-06-14,73.1893,73.16,both,-0.02930000000000632,-0.04003317424815693,0
2021-06-15,73.2765,73.35,both,0.07349999999999568,0.10030500910932656,0
2021-06-16,73.3703,73.31,both,-0.06029999999999802,-0.08218584359066,0
2021-06-17,73.731,74.16,both,0.42900000000000205,0.5818448142572352,1
2021-06-18,74.1442,74.14,both,-0.004199999999997317,-0.0056646372878759454,0
2021-06-21,74.1522,74.18,both,0.02780000000001337,0.03749045881310787,0
2021-06-22,74.13,74.37,both,0.2400000000000091,0.32375556454877796,0
2021-06-23,74.3737,74.13,both,-0.24370000000000402,-0.3276695928802843,0
2021-06-24,74.2362,74.14,both,-0.09619999999999607,-0.12958637430255868,0
2021-06-25,74.179,74.14,both,-0.03900000000000148,-0.05257552676633748,0
2021-06-28,74.2023,74.29,both,0.08770000000001232,0.11819040649685027,0
2021-06-29,74.2183,74.29,both,0.07170000000000698,0.0966069015323808,0
2021-06-30,74.3456,74.33,both,-0.015600000000006276,-0.020983084405810534,0
2021-07-01,74.3943,74.56,both,0.16570000000000107,0.22273211791763758,0
2021-07-02,74.7747,74.51,both,-0.2646999999999906,-0.35399673953889566,0
2021-07-05,74.393,,rbi_only,,,0
2021-07-06,74.3289,74.58,both,0.2510999999999939,0.3378228387612273,0
2021-07-07,74.7438,74.81,both,0.06620000000000914,0.08856921911919002,0
2021-07-08,74.6979,74.76,both,0.06210000000000093,0.08313486724526517,0
2021-07-09,74.6446,74.53,both,-0.11459999999999582,-0.15352751572115841,0
2021-07-12,74.466,74.56,both,0.0940000000000083,0.12623210592754855,0
2021-07-13,74.4884,74.51,both,0.021600000000006503,0.028997803684877786,0
2021-07-14,74.5708,74.54,both,-0.030799999999999272,-0.04130303014048296,0
2021-07-15,74.5187,74.55,both,0.03130000000000166,0.042002879814062324,0
2021-07-16,74.6232,74.61,both,-0.013199999999997658,-0.017688868877236114,0
2021-07-19,74.7902,74.85,both,0.059799999999995634,0.07995699971386042,0
2021-07-20,74.8596,74.6,both,-0.25960000000000605,-0.34678251019242157,0
2021-07-21,,74.49,fred_only,,,0
2021-07-22,74.3679,74.46,both,0.09209999999998786,0.1238437551685443,0
2021-07-23,74.4262,74.44,both,0.013800000000003365,0.018541857571666116,0
2021-07-26,74.4578,74.35,both,-0.10780000000001166,-0.14477999618577456,0
2021-07-27,74.416,74.5,both,0.08400000000000318,0.112878950763281,0
2021-07-28,74.435,74.52,both,0.08499999999999375,0.11419359172431484,0
2021-07-29,74.2822,74.25,both,-0.032200000000003115,-0.04334820454968097,0
2021-07-30,74.3871,74.34,both,-0.047100000000000364,-0.06331743003827325,0
2021-08-02,74.4035,74.35,both,-0.05349999999999966,-0.07190521951252248,0
2021-08-03,74.2957,74.25,both,-0.04569999999999652,-0.061510962276412395,0
2021-08-04,74.1493,74.15,both,0.0007000000000090267,0.000944041278891408,0
2021-08-05,74.2644,74.1,both,-0.16440000000000055,-0.22137120881606875,0
2021-08-06,74.1888,74.19,both,0.0011999999999972033,0.0016174948240127932,0
2021-08-09,74.2261,74.31,both,0.08389999999999986,0.11303301668819979,0
2021-08-10,74.3855,74.5,both,0.11450000000000671,0.1539278488415171,0
2021-08-11,74.4276,74.25,both,-0.1775999999999982,-0.2386211566676854,0
2021-08-12,74.2816,74.31,both,0.028400000000004866,0.03823288674450317,0
2021-08-13,74.2971,74.24,both,-0.05710000000000548,-0.07685360532242239,0
2021-08-16,,74.19,fred_only,,,0
2021-08-17,74.2856,74.38,both,0.09439999999999316,0.1270771185801732,0
2021-08-18,74.3002,74.27,both,-0.030200000000007776,-0.040645920199417734,0
2021-08-19,,74.38,fred_only,,,0
2021-08-20,74.4275,74.35,both,-0.07750000000000057,-0.10412817842867297,0
2021-08-23,74.2765,74.12,both,-0.1564999999999941,-0.21069921172913922,0
2021-08-24,74.1379,74.13,both,-0.007900000000006457,-0.010655818414072232,0
2021-08-25,74.2992,74.23,both,-0.06919999999999504,-0.0931369382173631,0
2021-08-26,74.2578,74.13,both,-0.12780000000000769,-0.17210313260022203,0
2021-08-27,74.1332,73.47,both,-0.6632000000000033,-0.8946059255502302,1
2021-08-30,73.5007,73.29,both,-0.21069999999998856,-0.28666393653392225,0
2021-08-31,73.1536,72.95,both,-0.20359999999999445,-0.27831849697074984,0
2021-09-01,72.9589,72.99,both,0.03109999999999502,0.0426267391640979,0
2021-09-02,72.9771,72.99,both,0.01290000000000191,0.017676778057776905,0
2021-09-03,73.0651,72.98,both,-0.08509999999999707,-0.11647147543765364,0
2021-09-06,73.0589,,rbi_only,,,0
2021-09-07,73.2814,73.44,both,0.15859999999999275,0.21642599622822808,0
2021-09-08,73.6519,73.84,both,0.1881000000000057,0.2553905601892221,0
2021-09-09,73.6887,73.52,both,-0.16870000000000118,-0.22893605125345026,0
2021-09-10,,73.52,fred_only,,,0
2021-09-13,73.635,73.58,both,-0.05500000000000682,-0.07469274122361216,0
2021-09-14,73.6214,73.64,both,0.01860000000000639,0.025264393233497856,0
2021-09-15,73.6712,73.47,both,-0.20120000000000005,-0.273105365461673,0
2021-09-16,73.4311,73.56,both,0.12890000000000157,0.17553870226648052,0
2021-09-17,73.4927,73.64,both,0.14730000000000132,0.20042806972665494,0
2021-09-20,73.6459,73.65,both,0.004100000000008208,0.005567180250371315,0
2021-09-21,73.5907,73.71,both,0.11929999999999552,0.16211287567586058,0
2021-09-22,73.8026,73.8,both,-0.002600000000001046,-0.0035229111169539367,0
2021-09-23,73.7261,73.7,both,-0.026099999999999568,-0.03540130293071187,0
2021-09-24,73.6935,73.81,both,0.11650000000000205,0.15808721257641725,0
2021-09-27,73.6567,73.86,both,0.2032999999999987,0.2760101932342865,0
2021-09-28,73.7746,74.21,both,0.43539999999998713,0.5901760226419216,1
2021-09-29,74.153,74.28,both,0.12699999999999534,0.17126751446333302,0
2021-09-30,74.2551,74.16,both,-0.09510000000000218,-0.12807201121539422,0
2021-10-01,74.2644,74.15,both,-0.11439999999998918,-0.15404419883549747,0
2021-10-04,74.2429,74.46,both,0.21709999999998786,0.29241853429753933,0
2021-10-05,74.5307,74.51,both,-0.020699999999990837,-0.027773789861078507,0
2021-10-06,74.6292,74.82,both,0.19079999999999586,0.25566400282998597,0
2021-10-07,74.8607,74.85,both,-0.010699999999999932,-0.014293213929338001,0
2021-10-08,74.994,75.05,both,0.055999999999997385,0.07467264047790141,0
2021-10-11,75.1283,,rbi_only,,,0
2021-10-12,75.3424,75.46,both,0.11759999999999593,0.15608740894900605,0
2021-10-13,75.4576,75.33,both,-0.12760000000000105,-0.16910158817667278,0
2021-10-14,75.3039,75.18,both,-0.1238999999999919,-0.1645333110237211,0
2021-10-15,,74.98,fred_only,,,0
2021-10-18,75.3434,75.32,both,-0.023400000000009413,-0.031057796701515213,0
2021-10-19,,75.06,fred_only,,,0
2021-10-20,75.0507,74.83,both,-0.2207000000000079,-0.29406787678197255,0
2021-10-21,74.7635,74.8,both,0.03650000000000375,0.048820614337215025,0
2021-10-22,74.7836,74.87,both,0.08639999999999759,0.11553335223230439,0
2021-10-25,75.0191,75.05,both,0.030900000000002592,0.04118951040468706,0
2021-10-26,75.1167,74.9,both,-0.2166999999999888,-0.2884844515267428,0
2021-10-27,74.9519,75.01,both,0.058100000000010255,0.07751638050537779,0
2021-10-28,74.8216,74.77,both,-0.05160000000000764,-0.06896404246902985,0
2021-10-29,74.7858,75.0,both,0.21420000000000528,0.28641800983609894,0
2021-11-01,74.9298,74.83,both,-0.09980000000000189,-0.13319133375506392,0
2021-11-02,74.7616,74.63,both,-0.13160000000000593,-0.17602619526602686,0
2021-11-03,74.5684,74.51,both,-0.05839999999999179,-0.078317356950118,0
2021-11-04,,74.53,fred_only,,,0
2021-11-05,,74.22,fred_only,,,0
2021-11-08,74.1106,73.91,both,-0.20060000000000855,-0.27067652940336273,0
2021-11-09,73.9191,74.1,both,0.18089999999999407,0.244727005604768,0
2021-11-10,74.1659,74.26,both,0.09410000000001162,0.12687771603932754,0
2021-11-11,74.4749,,rbi_only,,,0
2021-11-12,74.4694,74.4,both,-0.06939999999998747,-0.09319264019850768,0
2021-11-15,74.3548,74.35,both,-0.004800000000003024,-0.006455534814165359,0
2021-11-16,74.4535,74.48,both,0.026499999999998636,0.035592685367375115,0
2021-11-17,74.3753,74.28,both,-0.09529999999999461,-0.1281339369387345,0
2021-11-18,74.1552,74.25,both,0.09480000000000643,0.1278399896433513,0
2021-11-19,,74.25,fred_only,,,0
2021-11-22,74.3836,74.37,both,-0.013599999999996726,-0.01828360014841541,0
2021-11-23,74.5042,74.49,both,-0.014200000000002433,-0.01905932819895044,0
2021-11-24,74.4063,74.57,both,0.16369999999999152,0.2200082519894035,0
2021-11-25,74.5068,,rbi_only,,,0
2021-11-26,74.7148,74.89,both,0.1752000000000038,0.23449169374742865,0
2021-11-29,75.091,75.12,both,0.029000000000010573,0.038619807966348264,0
2021-11-30,75.0885,75.1,both,0.011499999999998067,0.015315261324967295,0
2021-12-01,74.9163,74.83,both,-0.08630000000000848,-0.11519522453726154,0
2021-12-02,74.9989,74.89,both,-0.10890000000000555,-0.145202129631242,0
2021-12-03,74.9852,75.24,both,0.2547999999999888,0.3398003872764076,0
2021-12-06,75.2978,75.39,both,0.09220000000000539,0.1224471365697343,0
2021-12-07,75.3532,75.43,both,0.07680000000000575,0.10192002463068024,0
2021-12-08,75.4733,75.4,both,-0.07329999999998904,-0.09712043861867581,0
2021-12-09,75.4992,75.58,both,0.08079999999999643,0.10702100154703154,0
2021-12-10,75.7189,75.66,both,-0.05890000000000839,-0.07778771218283465,0
2021-12-13,75.706,75.78,both,0.07399999999999807,0.09774654584841103,0
2021-12-14,75.8985,75.98,both,0.08150000000000546,0.10738025125661965,0
2021-12-15,76.0433,76.38,both,0.33669999999999334,0.4427740510998251,0
2021-12-16,76.2528,76.18,both,-0.07279999999998665,-0.09547190398252478,0
2021-12-17,76.1733,75.98,both,-0.1932999999999936,-0.25376345779950926,0
2021-12-20,75.9865,75.82,both,-0.16650000000001342,-0.21911786962159513,0
2021-12-21,75.5925,75.67,both,0.07750000000000057,0.10252339848530023,0
2021-12-22,75.5947,75.45,both,-0.14470000000000027,-0.19141553574523118,0
2021-12-23,75.3481,75.02,both,-0.3281000000000063,-0.4354456184031266,0
2021-12-24,75.1462,,rbi_only,,,0
2021-12-27,75.1082,74.97,both,-0.13819999999999766,-0.18400121424824142,0
2021-12-28,74.8528,74.67,both,-0.1828000000000003,-0.24421264134407836,0
2021-12-29,74.7375,74.58,both,-0.15749999999999886,-0.21073758153537228,0
2021-12-30,74.5823,74.39,both,-0.19230000000000302,-0.2578359744872483,0
2021-12-31,74.3025,,rbi_only,,,0
2022-01-03,74.3115,74.32,both,0.008499999999997954,0.011438337269464287,0
2022-01-04,74.5717,74.52,both,-0.05170000000001096,-0.06932924956788024,0
2022-01-05,74.484,74.31,both,-0.17399999999999238,-0.2336072176574733,0
2022-01-06,74.4398,74.4,both,-0.03979999999999961,-0.05346602220854921,0
2022-01-07,74.2939,74.27,both,-0.02389999999999759,-0.03216953208809552,0
2022-01-10,74.163,74.06,both,-0.10299999999999443,-0.13888327063359684,0
2022-01-11,73.9319,73.81,both,-0.12189999999999657,-0.16488146524030434,0
2022-01-12,73.9968,73.77,both,-0.22679999999999723,-0.3064997405293165,0
2022-01-13,73.9348,73.96,both,0.025199999999998113,0.0340840848964197,0
2022-01-14,74.1157,74.08,both,-0.035700000000005616,-0.04816793203060298,0
2022-01-17,74.3134,,rbi_only,,,0
2022-01-18,74.4115,74.56,both,0.14849999999999852,0.19956592730962083,0
2022-01-19,74.5955,74.39,both,-0.20550000000000068,-0.27548578667614093,0
2022-01-20,74.3618,74.32,both,-0.04180000000000916,-0.0562116570604923,0
2022-01-21,74.5343,74.28,both,-0.25430000000000064,-0.34118519929750546,0
2022-01-24,74.5788,74.72,both,0.14119999999999777,0.18932994363009026,0
2022-01-25,74.7025,74.73,both,0.02750000000000341,0.03681269033834665,0
2022-01-26,,74.87,fred_only,,,0
2022-01-27,75.1724,75.18,both,0.007600000000010709,0.010110093598196559,0
2022-01-28,74.9513,75.0,both,0.048699999999996635,0.0649755241069823,0
2022-01-31,74.9674,74.6,both,-0.3674000000000035,-0.49007968797104273,0
2022-02-01,74.5295,74.78,both,0.2505000000000024,0.3361085207870741,0
2022-02-02,74.8334,74.77,both,-0.06340000000000146,-0.08472152808772748,0
2022-02-03,74.857,74.71,both,-0.14700000000000557,-0.19637442056187876,0
2022-02-04,74.7231,74.61,both,-0.11310000000000286,-0.1513588167514502,0
2022-02-07,,74.68,fred_only,,,0
2022-02-08,74.69,74.71,both,0.01999999999999602,0.026777346364969905,0
2022-02-09,74.818,74.8,both,-0.018000000000000682,-0.024058381672860386,0
2022-02-10,74.9367,75.07,both,0.13329999999999131,0.1778834669794524,0
2022-02-11,75.3542,75.34,both,-0.014200000000002433,-0.018844337807318548,0
2022-02-14,75.5533,75.63,both,0.07670000000000243,0.10151773648537184,0
2022-02-15,75.6611,75.2,both,-0.46110000000000184,-0.6094280944897733,1
2022-02-16,75.0815,75.03,both,-0.05150000000000432,-0.06859212988553014,0
2022-02-17,75.0866,75.02,both,-0.06660000000000821,-0.08869758385651795,0
2022-02-18,74.9223,74.63,both,-0.29230000000001155,-0.3901375157997172,0
2022-02-21,74.4797,,rbi_only,,,0
2022-02-22,74.8804,74.65,both,-0.23039999999998884,-0.30769066404558315,0
2022-02-23,74.6224,74.6,both,-0.02240000000000464,-0.030017796264934712,0
2022-02-24,75.2578,75.61,both,0.3521999999999963,0.46799135770643874,0
2022-02-25,75.2842,75.09,both,-0.19419999999999504,-0.25795585262245607,0
2022-02-28,75.4882,75.49,both,0.0017999999999886995,0.0023844786337317613,0
2022-03-01,,75.79,fred_only,,,0
2022-03-02,75.72,75.61,both,-0.10999999999999943,-0.1452720549392491,0
2022-03-03,75.7111,75.94,both,0.22889999999999588,0.3023334755405692,0
2022-03-04,76.1246,76.42,both,0.2954000000000008,0.3880480160158487,0
2022-03-07,76.9239,76.91,both,-0.013900000000006685,-0.018069806653077503,0
2022-03-08,76.8816,77.07,both,0.18839999999998724,0.2450521321096169,0
2022-03-09,76.8567,76.36,both,-0.49670000000000414,-0.6462676643675881,1
2022-03-10,76.116,76.37,both,0.2540000000000049,0.3337011929160819,0
2022-03-11,76.4359,76.48,both,0.04410000000000025,0.05769540229133202,0
2022-03-14,76.6086,76.45,both,-0.15859999999999275,-0.20702636518614456,0
2022-03-15,76.4879,76.41,both,-0.07789999999999964,-0.10184617436221892,0
2022-03-16,76.3482,76.17,both,-0.1782000000000039,-0.23340432387404536,0
2022-03-17,75.8935,75.94,both,0.04649999999999466,0.06127006924175939,0
2022-03-18,,76.03,fred_only,,,0
2022-03-21,76.1347,76.19,both,0.05530000000000257,0.07263442293724487,0
2022-03-22,76.3807,76.06,both,-0.3207000000000022,-0.41987046465926886,0
2022-03-23,76.1872,76.46,both,0.2727999999999895,0.3580653968120491,0
2022-03-24,76.3403,76.18,both,-0.16029999999999234,-0.2099808358101715,0
2022-03-25,76.1781,76.25,both,0.07189999999999941,0.0943840815142402,0
2022-03-28,76.2569,76.06,both,-0.1968999999999994,-0.25820614265725383,0
2022-03-29,75.9731,75.58,both,-0.393100000000004,-0.5174199815461051,1
2022-03-30,75.7678,75.76,both,-0.007799999999988927,-0.010294610639333499,0
2022-03-31,75.8071,75.87,both,0.06289999999999907,0.082973758394661,0
2022-04-01,,75.96,fred_only,,,0
2022-04-04,75.5565,75.42,both,-0.13649999999999807,-0.180659506462049,0
2022-04-05,75.3899,75.31,both,-0.07989999999999498,-0.10598236633818983,0
2022-04-06,75.6016,75.92,both,0.3183999999999969,0.42115510782840165,0
2022-04-07,75.8029,75.9,both,0.09710000000001173,0.12809536310617634,0
2022-04-08,75.7811,75.93,both,0.1489000000000118,0.19648698686085556,0
2022-04-11,75.9627,75.85,both,-0.1127000000000038,-0.14836228833362136,0
2022-04-12,76.1127,76.02,both,-0.09270000000000778,-0.12179307789634025,0
2022-04-13,76.2248,76.14,both,-0.08480000000000132,-0.11124988192819307,0
2022-04-14,,76.19,fred_only,,,0
2022-04-15,,76.32,fred_only,,,0
2022-04-18,76.3737,76.22,both,-0.15370000000000061,-0.2012472880062124,0
2022-04-19,76.2797,76.39,both,0.11029999999999518,0.1445994150475096,0
2022-04-20,76.4183,76.24,both,-0.17830000000000723,-0.2333210762343669,0
2022-04-21,76.2091,76.23,both,0.020899999999997476,0.027424546412432995,0
2022-04-22,76.3279,76.49,both,0.16209999999999525,0.21237319512261604,0
2022-04-25,76.7366,76.72,both,-0.01659999999999684,-0.021632441364351353,0
2022-04-26,76.5612,76.61,both,0.048799999999999955,0.06373985778697298,0
2022-04-27,76.6414,76.61,both,-0.03140000000000498,-0.04097002403401422,0
2022-04-28,76.6167,76.66,both,0.043300000000002115,0.05651509396776697,0
2022-04-29,76.4242,76.48,both,0.05580000000000496,0.07301352189490365,0
2022-05-02,76.4346,76.49,both,0.05539999999999168,0.07248026417354402,0
2022-05-03,,76.49,fred_only,,,0
2022-05-04,76.4841,76.24,both,-0.2441000000000031,-0.3191513007278678,0
2022-05-05,76.0887,76.54,both,0.45130000000000337,0.5931235518546162,1
2022-05-06,76.747,76.9,both,0.1530000000000058,0.19935632663166744,0
2022-05-09,77.3679,77.45,both,0.08209999999999695,0.10611636091970565,0
2022-05-10,77.3537,77.31,both,-0.04370000000000118,-0.0564937423807797,0
2022-05-11,77.2641,77.28,both,0.015900000000002024,0.02057876814717576,0
2022-05-12,77.5868,77.39,both,-0.1967999999999961,-0.25365139430933625,0
2022-05-13,77.3543,77.42,both,0.06570000000000675,0.08493386922253418,0
2022-05-16,,77.82,fred_only,,,0
2022-05-17,77.651,77.46,both,-0.1910000000000025,-0.2459723635239759,0
2022-05-18,77.5716,77.71,both,0.1383999999999901,0.1784158119724101,0
2022-05-19,77.6999,77.45,both,-0.24989999999999668,-0.321622035549591,0
2022-05-20,77.5829,77.79,both,0.20710000000001116,0.2669402664762611,0
2022-05-23,77.589,77.51,both,-0.07899999999999352,-0.10181855675417072,0
2022-05-24,77.6352,77.5,both,-0.13519999999999754,-0.1741478092411658,0
2022-05-25,77.5137,77.58,both,0.06629999999999825,0.08553326702247248,0
2022-05-26,77.6262,77.66,both,0.033799999999999386,0.04354199999484631,0
2022-05-27,77.6592,77.58,both,-0.07920000000000016,-0.10198405340255909,0
2022-05-30,77.5115,,rbi_only,,,0
2022-05-31,77.6641,77.59,both,-0.07410000000000139,-0.09541087838525314,0
2022-06-01,77.5554,77.59,both,0.03459999999999752,0.044613269997959545,0
2022-06-02,77.5883,77.41,both,-0.17830000000000723,-0.2298026893230129,0
2022-06-03,77.5994,77.59,both,-0.009399999999999409,-0.012113495722904313,0
2022-06-06,77.6718,77.83,both,0.15819999999999368,0.20367752517643942,0
2022-06-07,77.7239,77.66,both,-0.06390000000000384,-0.08221409373436464,0
2022-06-08,77.7251,77.65,both,-0.07509999999999195,-0.0966225839529212,0
2022-06-09,77.787,77.84,both,0.05299999999999727,0.06813477830485462,0
2022-06-10,77.84,78.08,both,0.23999999999999488,0.30832476875641684,0
2022-06-13,78.143,78.08,both,-0.06300000000000239,-0.08062142482372367,0
2022-06-14,78.0015,78.01,both,0.008500000000012164,0.010897226335406582,0
2022-06-15,78.0755,78.12,both,0.04449999999999932,0.0569961127370293,0
2022-06-16,78.0864,78.0,both,-0.08639999999999759,-0.11064666830587347,0
2022-06-17,78.0875,78.0,both,-0.08750000000000568,-0.11205378581719953,0
2022-06-20,77.996,,rbi_only,,,0
2022-06-21,78.0861,78.08,both,-0.006100000000003547,-0.007811889696122033,0
2022-06-22,78.2115,78.21,both,-0.0015000000000071623,-0.0019178765271183422,0
2022-06-23,78.2662,78.14,both,-0.1261999999999972,-0.16124457300852374,0
2022-06-24,78.3308,78.25,both,-0.08079999999999643,-0.1031522721585844,0
2022-06-27,78.289,78.45,both,0.16100000000000136,0.20564830308217164,0
2022-06-28,78.6966,78.97,both,0.2733999999999952,0.3474101803635674,0
2022-06-29,78.9376,78.91,both,-0.02760000000000673,-0.034964326252643514,0
2022-06-30,78.9421,79.02,both,0.07789999999999964,0.09867991857323234,0
2022-07-01,79.094,78.89,both,-0.20399999999999352,-0.257920954813252,0
2022-07-04,78.9866,,rbi_only,,,0
2022-07-05,79.079,79.27,both,0.1910000000000025,0.2415306212774599,0
2022-07-06,79.332,79.02,both,-0.3119999999999976,-0.3932839207381607,0
2022-07-07,79.0235,79.12,both,0.09650000000000603,0.1221155732155701,0
2022-07-08,79.2499,79.25,both,0.00010000000000331966,0.00012618312452548162,0
2022-07-11,79.4098,79.46,both,0.050199999999989586,0.06321637883484102,0
2022-07-12,79.6401,79.45,both,-0.19010000000000105,-0.23869884643540257,0
2022-07-13,79.6592,79.68,both,0.020800000000008367,0.026111233856238036,0
2022-07-14,79.871,79.94,both,0.06900000000000261,0.08638930275068876,0
2022-07-15,79.8797,79.74,both,-0.13970000000000482,-0.17488798781167783,0
2022-07-18,79.8958,79.99,both,0.09420000000000073,0.1179035693991433,0
2022-07-19,79.9478,79.88,both,-0.06780000000000541,-0.08480533548140838,0
2022-07-20,79.9738,79.96,both,-0.013800000000003365,-0.017255651225780648,0
2022-07-21,79.9763,79.85,both,-0.12630000000000052,-0.157921784328608,0
2022-07-22,79.9101,79.83,both,-0.08010000000000161,-0.100237642050256,0
2022-07-25,79.8488,79.79,both,-0.05879999999999086,-0.07363917804649646,0
2022-07-26,79.7948,79.82,both,0.025199999999998113,0.03158100527853709,0
2022-07-27,79.8967,79.92,both,0.023300000000006094,0.029162656279929075,0
2022-07-28,79.7434,79.64,both,-0.1033999999999935,-0.1296659033850996,0
2022-07-29,79.4203,79.33,both,-0.09029999999999916,-0.11369889058590707,0
2022-08-01,79.169,78.93,both,-0.2389999999999901,-0.3018858391542019,0
2022-08-02,78.6082,78.49,both,-0.11820000000000164,-0.15036599235194503,0
2022-08-03,78.8427,79.13,both,0.2873000000000019,0.36439645014694055,0
2022-08-04,79.5427,79.23,both,-0.31269999999999243,-0.3931221846882145,0
2022-08-05,79.1158,79.36,both,0.2442000000000064,0.3086614810189702,0
2022-08-08,79.5785,79.58,both,0.0014999999999929514,0.001884931231416716,0
2022-08-09,,79.65,fred_only,,,0
2022-08-10,79.5033,79.07,both,-0.4333000000000027,-0.5450088235331145,1
2022-08-11,79.4881,79.54,both,0.05190000000000339,0.06529279225444234,0
2022-08-12,79.7011,79.65,both,-0.05109999999999104,-0.06411454797987863,0
2022-08-15,,79.48,fred_only,,,0
2022-08-16,,79.31,fred_only,,,0
2022-08-17,79.4335,79.41,both,-0.023499999999998522,-0.02958449520668046,0
2022-08-18,79.6667,79.66,both,-0.006700000000009254,-0.008410038322171314,0
2022-08-19,79.7528,79.89,both,0.1372000000000071,0.17203157757471477,0
2022-08-22,79.8703,79.86,both,-0.010300000000000864,-0.012895907490019273,0
2022-08-23,79.8903,79.81,both,-0.08029999999999404,-0.10051282821568332,0
2022-08-24,79.7927,79.82,both,0.02729999999999677,0.03421365613645956,0
2022-08-25,79.8705,79.9,both,0.02949999999999875,0.03693478818837837,0
2022-08-26,79.9097,79.87,both,-0.039699999999996294,-0.04968107751624183,0
2022-08-29,80.0906,79.96,both,-0.13060000000000116,-0.16306532851545769,0
2022-08-30,79.7194,79.6,both,-0.11939999999999884,-0.1497753369945068,0
2022-08-31,,79.45,fred_only,,,0
2022-09-01,79.397,79.65,both,0.2530000000000001,0.31865183823066373,0
2022-09-02,79.7888,79.7,both,-0.088799999999992,-0.1112938156733677,0
2022-09-05,79.8936,,rbi_only,,,0
2022-09-06,79.8893,79.86,both,-0.02930000000000632,-0.03667575006916611,0
2022-09-07,79.922,79.82,both,-0.10200000000000387,-0.12762443382298225,0
2022-09-08,79.6712,79.71,both,0.03879999999999484,0.048700157647926526,0
2022-09-09,79.6358,79.61,both,-0.02580000000000382,-0.03239748957127802,0
2022-09-12,79.6776,79.35,both,-0.3276000000000039,-0.4111569625591181,0
2022-09-13,79.064,79.49,both,0.42600000000000193,0.5388040068805043,1
2022-09-14,79.5837,79.41,both,-0.17369999999999663,-0.2182607745053279,0
2022-09-15,79.583,79.82,both,0.23699999999999477,0.2978022944598655,0
2022-09-16,79.818,79.66,both,-0.15800000000000125,-0.1979503370167146,0
2022-09-19,79.6657,79.71,both,0.04429999999999268,0.05560736929442995,0
2022-09-20,79.6778,79.72,both,0.04219999999999402,0.05296330972992981,0
2022-09-21,79.9226,79.96,both,0.037399999999990996,0.04679527442799783,0
2022-09-22,80.7246,81.0,both,0.27540000000000475,0.3411599438089563,0
2022-09-23,80.9165,81.11,both,0.19350000000000023,0.2391354050162825,0
2022-09-26,81.575,81.6,both,0.024999999999991473,0.030646644192450473,0
2022-09-27,81.372,81.63,both,0.25799999999999557,0.317062380179909,0
2022-09-28,81.9005,81.61,both,-0.29049999999999443,-0.35469868926318454,0
2022-09-29,81.8633,81.54,both,-0.32329999999998904,-0.39492666432942364,0
2022-09-30,81.5522,81.37,both,-0.1821999999999946,-0.22341518683738096,0
2022-10-03,81.7417,81.56,both,-0.1816999999999922,-0.22228556538461056,0
2022-10-04,81.4267,81.45,both,0.023300000000006094,0.028614692723647275,0
2022-10-05,,81.5,fred_only,,,0
2022-10-06,81.7044,82.06,both,0.3555999999999955,0.43522747856908006,0
2022-10-07,82.4,82.32,both,-0.0800000000000125,-0.09708737864079188,0
2022-10-10,82.4028,,rbi_only,,,0
2022-10-11,82.3901,82.22,both,-0.17010000000000502,-0.2064568437227349,0
2022-10-12,82.2411,82.25,both,0.008899999999997021,0.01082183968842467,0
2022-10-13,82.4013,82.28,both,-0.12130000000000507,-0.14720641543277238,0
2022-10-14,82.3877,82.28,both,-0.10769999999999413,-0.13072339681772174,0
2022-10-17,82.4047,82.16,both,-0.2447000000000088,-0.2969490817878213,0
2022-10-18,82.2279,82.29,both,0.06210000000000093,0.07552181193974421,0
2022-10-19,82.3735,82.95,both,0.5764999999999958,0.6998609989863194,1
2022-10-20,83.2042,82.66,both,-0.5442000000000036,-0.6540535213366676,1
2022-10-21,82.8619,82.58,both,-0.28190000000000737,-0.34020460549421067,0
2022-10-24,,82.68,fred_only,,,0
2022-10-25,82.7626,82.44,both,-0.32260000000000844,-0.38978959095051197,0
2022-10-26,,82.73,fred_only,,,0
2022-10-27,82.3889,82.36,both,-0.028900000000007253,-0.035077540785235936,0
2022-10-28,82.4092,82.33,both,-0.07920000000000016,-0.09610577459798197,0
2022-10-31,82.3934,82.73,both,0.33660000000000423,0.40852786752337467,0
2022-11-01,82.7126,82.62,both,-0.09259999999999025,-0.11195392237699003,0
2022-11-02,82.765,82.72,both,-0.045000000000001705,-0.05437080891681472,0
2022-11-03,82.8835,82.76,both,-0.12349999999999284,-0.1490043253482211,0
2022-11-04,82.5287,82.03,both,-0.4986999999999995,-0.6042746341575712,1
2022-11-07,82.2112,81.95,both,-0.2612000000000023,-0.31771826709742995,0
2022-11-08,,81.27,fred_only,,,0
2022-11-09,81.48,81.25,both,-0.23000000000000398,-0.28227785959745205,0
2022-11-10,81.7421,80.72,both,-1.0220999999999947,-1.2503960627387782,1
2022-11-11,80.6483,,rbi_only,,,0
2022-11-14,81.2332,80.98,both,-0.25319999999999254,-0.31169521821126406,0
2022-11-15,81.428,80.94,both,-0.48799999999999955,-0.5993024512452714,1
2022-11-16,81.3354,81.46,both,0.12459999999998672,0.1531928287067952,0
2022-11-17,81.6335,81.69,both,0.05649999999999977,0.06921178192776223,0
2022-11-18,81.6975,81.76,both,0.0625,0.07650172893907402,0
2022-11-21,81.7732,81.68,both,-0.09319999999999595,-0.11397377135784824,0
2022-11-22,81.7742,81.69,both,-0.08419999999999561,-0.10296646130441583,0
2022-11-23,81.8165,81.71,both,-0.10650000000001114,-0.130169342369829,0
2022-11-24,81.7655,,rbi_only,,,0
2022-11-25,81.5289,81.73,both,0.20110000000001094,0.2466609999644432,0
2022-11-28,81.7545,81.61,both,-0.14449999999999363,-0.17674868050075976,0
2022-11-29,81.7121,81.61,both,-0.10210000000000719,-0.12495089466554792,0
2022-11-30,81.597,81.43,both,-0.16699999999998738,-0.20466438717108154,0
2022-12-01,81.1512,81.17,both,0.018799999999998818,0.023166632163170497,0
2022-12-02,81.1771,81.41,both,0.23290000000000077,0.2869035725592572,0
2022-12-05,81.5855,81.77,both,0.1844999999999999,0.22614312592311123,0
2022-12-06,82.28,82.42,both,0.14000000000000057,0.17015070491006387,0
2022-12-07,82.5391,82.31,both,-0.22910000000000252,-0.27756542050979777,0
2022-12-08,82.2844,82.29,both,0.00560000000000116,0.006805664257138849,0
2022-12-09,82.2092,82.46,both,0.25079999999999814,0.30507534436534856,0
2022-12-12,82.6425,82.67,both,0.02750000000000341,0.033275856853318096,0
2022-12-13,82.7154,82.49,both,-0.2254000000000076,-0.2725006467961318,0
2022-12-14,82.517,82.5,both,-0.016999999999995907,-0.020601815383491776,0
2022-12-15,82.4822,82.75,both,0.26779999999999404,0.3246761119368713,0
2022-12-16,82.8184,82.71,both,-0.10840000000000316,-0.13088878799880602,0
2022-12-19,82.6405,82.65,both,0.009500000000002728,0.011495574203934789,0
2022-12-20,82.7902,82.58,both,-0.2102000000000004,-0.2538947846484251,0
2022-12-21,82.7736,82.81,both,0.03640000000000043,0.043975373790677744,0
2022-12-22,82.6679,82.93,both,0.2621000000000038,0.31705172140577387,0
2022-12-23,82.8685,82.86,both,-0.008499999999997954,-0.010257214743838677,0
2022-12-26,82.7373,,rbi_only,,,0
2022-12-27,82.7936,82.88,both,0.08639999999999759,0.10435589224287577,0
2022-12-28,82.9183,82.74,both,-0.17830000000000723,-0.21503094009405307,0
2022-12-29,82.8346,82.83,both,-0.004599999999996385,-0.005553235000828621,0
2022-12-30,82.7862,82.72,both,-0.06619999999999493,-0.07996501832430397,0
2023-01-02,82.6287,,rbi_only,,,0
2023-01-03,82.7817,82.86,both,0.0782999999999987,0.09458612229514338,0
2023-01-04,82.9052,82.72,both,-0.1851999999999947,-0.22338767652691835,0
2023-01-05,82.6973,82.57,both,-0.1273000000000053,-0.15393489267485794,0
2023-01-06,82.6348,82.72,both,0.08520000000000039,0.10310426115873747,0
2023-01-09,82.3662,82.36,both,-0.006200000000006867,-0.007527359523696451,0
2023-01-10,82.2108,81.6,both,-0.6108000000000118,-0.7429680771869532,1
2023-01-11,81.7029,81.6,both,-0.10290000000000532,-0.12594412193447885,0
2023-01-12,81.7187,81.19,both,-0.5287000000000006,-0.6469755392584569,1
2023-01-13,81.4328,81.31,both,-0.12279999999999802,-0.1507991865685547,0
2023-01-16,81.3719,,rbi_only,,,0
2023-01-17,81.7727,81.57,both,-0.2027000000000072,-0.24788223942710366,0
2023-01-18,81.648,81.33,both,-0.31799999999999784,-0.38947677836566463,0
2023-01-19,81.3577,81.28,both,-0.077699999999993,-0.09550417477386038,0
2023-01-20,81.2196,80.99,both,-0.2296000000000049,-0.28269038507946964,0
2023-01-23,81.2757,81.41,both,0.1342999999999961,0.16524004099625852,0
2023-01-24,81.602,81.53,both,-0.07200000000000273,-0.08823313154089694,0
2023-01-25,,81.49,fred_only,,,0
2023-01-26,,81.59,fred_only,,,0
2023-01-27,,81.54,fred_only,,,0
2023-01-30,81.6552,81.47,both,-0.1851999999999947,-0.22680735580831926,0
2023-01-31,81.7387,81.69,both,-0.048699999999996635,-0.05958010098031488,0
2023-02-01,81.8494,81.73,both,-0.11939999999999884,-0.14587767289680661,0
2023-02-02,81.9536,82.03,both,0.07640000000000668,0.09322348255599106,0
2023-02-03,82.2296,82.21,both,-0.019600000000011164,-0.023835699067016214,0
2023-02-06,82.454,82.77,both,0.3160000000000025,0.3832439905886949,0
2023-02-07,82.6959,82.81,both,0.11410000000000764,0.13797540144070947,0
2023-02-08,82.6746,82.65,both,-0.024599999999992406,-0.029755208975903613,0
2023-02-09,82.6103,82.44,both,-0.17029999999999745,-0.20614862795559083,0
2023-02-10,82.5787,82.47,both,-0.10869999999999891,-0.13163200680078388,0
2023-02-13,82.7046,82.72,both,0.015399999999999636,0.018620487856781408,0
2023-02-14,82.7163,82.86,both,0.1436999999999955,0.17372633930675754,0
2023-02-15,82.8621,82.78,both,-0.08209999999999695,-0.09908027916260503,0
2023-02-16,82.6414,82.74,both,0.09859999999999047,0.11931066027437878,0
2023-02-17,82.8085,82.73,both,-0.07849999999999113,-0.09479703170567168,0
2023-02-20,82.6902,,rbi_only,,,0
2023-02-21,82.7562,82.85,both,0.09379999999998745,0.11334498200737521,0
2023-02-22,82.8434,82.78,both,-0.06340000000000146,-0.0765299347926346,0
2023-02-23,82.7628,82.59,both,-0.17279999999999518,-0.20878945613245947,0
2023-02-24,82.7432,82.97,both,0.22679999999999723,0.2741010741668164,0
2023-02-27,82.9145,82.69,both,-0.22450000000000614,-0.2707608440019612,0
2023-02-28,82.6816,82.57,both,-0.11160000000000991,-0.13497561730785315,0
2023-03-01,82.5467,82.43,both,-0.11669999999999447,-0.1413745189086838,0
2023-03-02,82.5555,82.41,both,-0.1454999999999984,-0.1762450714973544,0
2023-03-03,82.2643,81.98,both,-0.2843000000000018,-0.34559341050735465,0
2023-03-06,81.7448,81.77,both,0.025199999999998113,0.030827648975834683,0
2023-03-07,,81.93,fred_only,,,0
2023-03-08,82.089,81.86,both,-0.2289999999999992,-0.27896551304072315,0
2023-03-09,81.9159,82.02,both,0.10410000000000252,0.12708155559543693,0
2023-03-10,82.0147,81.93,both,-0.084699999999998,-0.10327416914284633,0
2023-03-13,81.9132,82.19,both,0.2767999999999944,0.33791867488999866,0
2023-03-14,82.3619,82.25,both,-0.11190000000000566,-0.1358637913889865,0
2023-03-15,82.4955,82.84,both,0.3444999999999965,0.41759853567769933,0
2023-03-16,82.6841,82.63,both,-0.054100000000005366,-0.06542975009706264,0
2023-03-17,82.4663,82.56,both,0.09369999999999834,0.11362217051086121,0
2023-03-20,82.503,82.55,both,0.046999999999997044,0.05696762541967812,0
2023-03-21,82.6799,82.59,both,-0.08990000000000009,-0.10873259401619993,0
2023-03-22,,82.66,fred_only,,,0
2023-03-23,82.159,82.07,both,-0.08900000000001285,-0.10832653756741542,0
2023-03-24,82.2378,82.34,both,0.1022000000000105,0.12427375245934415,0
2023-03-27,82.3558,82.24,both,-0.11580000000000723,-0.1406094045592505,0
2023-03-28,82.2068,82.17,both,-0.0367999999999995,-0.0447651532476626,0
2023-03-29,82.3603,82.18,both,-0.18029999999998836,-0.21891615256378177,0
2023-03-30,,82.34,fred_only,,,0
2023-03-31,82.2169,82.19,both,-0.026899999999997704,-0.03271833406513467,0
2023-04-03,82.3867,82.24,both,-0.14670000000000982,-0.17806272128876363,0
2023-04-04,,82.33,fred_only,,,0
2023-04-05,82.1892,81.89,both,-0.299199999999999,-0.3640380974629258,0
2023-04-06,81.9753,81.86,both,-0.11530000000000484,-0.1406521232615249,0
2023-04-07,,81.85,fred_only,,,0
2023-04-10,81.9105,82.01,both,0.09950000000000614,0.12147404789374518,0
2023-04-11,82.0881,82.04,both,-0.04809999999999093,-0.05859558206364982,0
2023-04-12,82.0712,81.98,both,-0.09120000000000061,-0.11112302488570974,0
2023-04-13,81.9755,81.65,both,-0.325499999999991,-0.3970698562375235,0
2023-04-14,,81.88,fred_only,,,0
2023-04-17,81.9456,81.98,both,0.03440000000000509,0.041979069040930926,0
2023-04-18,82.0734,82.08,both,0.006599999999991724,0.008041582290963604,0
2023-04-19,82.1202,82.18,both,0.059800000000009845,0.07282008567929675,0
2023-04-20,82.1635,82.1,both,-0.06350000000000477,-0.07728492578822077,0
2023-04-21,82.1542,82.06,both,-0.09420000000000073,-0.11466242748392745,0
2023-04-24,82.0495,81.9,both,-0.14949999999998909,-0.18220708231005564,0
2023-04-25,81.8994,81.92,both,0.020600000000001728,0.025152809422293358,0
2023-04-26,81.9155,81.74,both,-0.17549999999999955,-0.21424516727603393,0
2023-04-27,81.6526,81.84,both,0.18739999999999668,0.2295089194955172,0
2023-04-28,81.7829,81.84,both,0.05710000000000548,0.06981899639167292,0
2023-05-01,,81.84,fred_only,,,0
2023-05-02,81.7625,81.89,both,0.12749999999999773,0.1559394587983461,0
2023-05-03,81.8552,81.83,both,-0.025199999999998113,-0.0307860710132015,0
2023-05-04,81.7353,81.73,both,-0.005299999999991201,-0.0064843464206911835,0
2023-05-05,,81.81,fred_only,,,0
2023-05-08,81.7606,81.78,both,0.019400000000004525,0.023727810216662457,0
2023-05-09,82.0231,82.04,both,0.0169000000000068,0.02060395181358276,0
2023-05-10,82.024,81.94,both,-0.08400000000000318,-0.10240905100946451,0
2023-05-11,82.0431,82.13,both,0.08689999999999998,0.105919937203738,0
2023-05-12,82.1606,82.17,both,0.009399999999999409,0.01144100700335612,0
2023-05-15,82.2841,82.3,both,0.015900000000002024,0.019323295752158708,0
2023-05-16,82.2735,82.26,both,-0.013499999999993406,-0.016408685664270277,0
2023-05-17,82.3695,82.39,both,0.02049999999999841,0.024887852906717182,0
2023-05-18,82.4783,82.77,both,0.29169999999999163,0.3536687831829604,0
2023-05-19,82.6989,82.65,both,-0.04889999999998906,-0.05913016980877505,0
2023-05-22,82.7982,82.83,both,0.03180000000000405,0.03840663202823739,0
2023-05-23,82.7961,82.84,both,0.04390000000000782,0.05302182107612294,0
2023-05-24,82.7207,82.66,both,-0.06069999999999709,-0.07337945641175317,0
2023-05-25,82.7477,82.76,both,0.012300000000010414,0.014864461489576646,0
2023-05-26,82.7182,82.58,both,-0.13819999999999766,-0.16707326803532677,0
2023-05-29,82.5497,,rbi_only,,,0
2023-05-30,82.7332,82.67,both,-0.06319999999999482,-0.0763901311686177,0
2023-05-31,82.6773,82.68,both,0.0027000000000043656,0.0032657089672792476,0
2023-06-01,82.4562,82.41,both,-0.04619999999999891,-0.05602974670188404,0
2023-06-02,82.3175,82.35,both,0.03249999999999886,0.039481276763748734,0
2023-06-05,82.5768,82.67,both,0.09319999999999595,0.11286463025934154,0
2023-06-06,82.6396,82.61,both,-0.02960000000000207,-0.03581817917802369,0
2023-06-07,82.5339,82.5,both,-0.033900000000002706,-0.041074031398010635,0
2023-06-08,82.5795,82.57,both,-0.009500000000002728,-0.011504065779040474,0
2023-06-09,82.4251,82.46,both,0.03489999999999327,0.04234147122659635,0
2023-06-12,82.4553,82.43,both,-0.02529999999998722,-0.030683291431826968,0
2023-06-13,82.3907,82.38,both,-0.010699999999999932,-0.012986902647992956,0
2023-06-14,82.3141,82.1,both,-0.21410000000000196,-0.26010124632353626,0
2023-06-15,82.1982,82.18,both,-0.01819999999999311,-0.022141604074046767,0
2023-06-16,81.8834,81.89,both,0.0066000000000059345,0.008060241758410051,0
2023-06-19,81.9658,,rbi_only,,,0
2023-06-20,82.1157,82.11,both,-0.005700000000004479,-0.006941425330362499,0
2023-06-21,82.0951,82.04,both,-0.05509999999999593,-0.06711728227384574,0
2023-06-22,81.9188,81.93,both,0.01120000000000232,0.013672075274542984,0
2023-06-23,82.051,82.01,both,-0.04099999999999682,-0.0499689217681647,0
2023-06-26,81.9729,82.0,both,0.027100000000004343,0.03305970631758099,0
2023-06-27,81.962,81.98,both,0.018000000000000682,0.021961396744833803,0
2023-06-28,82.0124,82.0,both,-0.012399999999999523,-0.01511966483117129,0
2023-06-29,,82.05,fred_only,,,0
2023-06-30,82.0428,82.06,both,0.017200000000002547,0.020964667222477227,0
2023-07-03,81.863,81.96,both,0.0969999999999942,0.1184906490111457,0
2023-07-04,81.9689,,rbi_only,,,0
2023-07-05,82.1616,82.34,both,0.17839999999999634,0.21713306459464804,0
2023-07-06,82.4572,82.49,both,0.03279999999999461,0.03977821221190461,0
2023-07-07,82.6773,82.74,both,0.06269999999999243,0.07583701935113075,0
2023-07-10,82.6335,82.57,both,-0.06350000000000477,-0.07684534722600976,0
2023-07-11,82.3533,82.39,both,0.03669999999999618,0.04456409154216792,0
2023-07-12,82.2817,82.03,both,-0.2516999999999996,-0.3059003399297773,0
2023-07-13,82.1201,82.04,both,-0.0800999999999874,-0.09754006631748793,0
2023-07-14,82.1021,82.16,both,0.057900000000003615,0.07052194767247563,0
2023-07-17,82.146,82.03,both,-0.11599999999999966,-0.1412119884108778,0
2023-07-18,82.0486,82.03,both,-0.01859999999999218,-0.022669491008977825,0
2023-07-19,82.1029,82.09,both,-0.01290000000000191,-0.015711990684862422,0
2023-07-20,82.0446,81.99,both,-0.05460000000000775,-0.06654916959800859,0
2023-07-21,82.0217,81.99,both,-0.03170000000000073,-0.03864830892312733,0
2023-07-24,81.9246,81.81,both,-0.11459999999999582,-0.13988472326992846,0
2023-07-25,81.8088,81.87,both,0.06119999999999948,0.07480857805028246,0
2023-07-26,81.988,81.99,both,0.001999999999995339,0.0024393813728781515,0
2023-07-27,81.9923,82.15,both,0.1577000000000055,0.19233513390892254,0
2023-07-28,82.2465,82.22,both,-0.026499999999998636,-0.03222021605782451,0
2023-07-31,82.2481,82.24,both,-0.008099999999998886,-0.009848251813718355,0
2023-08-01,82.2833,82.25,both,-0.033299999999997,-0.040469937399201295,0
2023-08-02,82.5347,82.58,both,0.04529999999999745,0.054886005522522596,0
2023-08-03,82.7171,82.74,both,0.022899999999992815,0.027684722989554534,0
2023-08-04,82.7978,82.83,both,0.032200000000003115,0.03888992219600414,0
2023-08-07,82.7431,82.75,both,0.0069000000000016826,0.008339063921948395,0
2023-08-08,82.7968,82.85,both,0.0531999999999897,0.06425369096388954,0
2023-08-09,82.8166,82.84,both,0.023400000000009413,0.028255204874396457,0
2023-08-10,82.8372,82.69,both,-0.147199999999998,-0.17769794247028872,0
2023-08-11,82.7796,82.87,both,0.09040000000000248,0.1092056497011371,0
2023-08-14,82.9521,83.17,both,0.2179000000000002,0.2626817163158017,0
2023-08-15,,82.94,fred_only,,,0
2023-08-16,,83.19,fred_only,,,0
2023-08-17,83.1263,83.09,both,-0.03629999999999711,-0.04366848999654395,0
2023-08-18,83.0905,83.14,both,0.04949999999999477,0.05957359746300091,0
2023-08-21,83.1146,83.1,both,-0.0146000000000015,-0.01756610751901772,0
2023-08-22,83.067,82.94,both,-0.12699999999999534,-0.152888632068084,0
2023-08-23,82.9218,82.69,both,-0.2318000000000069,-0.2795404827198721,0
2023-08-24,82.5517,82.57,both,0.01829999999999643,0.022167926281344213,0
2023-08-25,82.6523,82.64,both,-0.012299999999996203,-0.014881618539346397,0
2023-08-28,82.6126,82.6,both,-0.012600000000006162,-0.015251910725490014,0
2023-08-29,82.6498,82.7,both,0.0502000000000038,0.06073819900351096,0
2023-08-30,82.7698,82.73,both,-0.03979999999999961,-0.048085171161461805,0
2023-08-31,82.6784,82.78,both,0.1016000000000048,0.12288578395325116,0
2023-09-01,82.6648,82.69,both,0.025199999999998113,0.030484559328756756,0
2023-09-04,82.7373,,rbi_only,,,0
2023-09-05,82.944,83.03,both,0.08599999999999852,0.10368441358024512,0
2023-09-06,83.0902,83.14,both,0.04980000000000473,0.059934865964945,0
2023-09-07,83.1829,83.21,both,0.027099999999990132,0.032578811270092926,0
2023-09-08,83.1589,82.93,both,-0.22889999999999588,-0.27525616620709975,0
2023-09-11,82.8809,83.03,both,0.14910000000000423,0.1798966951372442,0
2023-09-12,82.976,82.86,both,-0.11599999999999966,-0.1397994600848434,0
2023-09-13,82.9527,82.93,both,-0.022699999999986176,-0.02736499233899099,0
2023-09-14,82.976,83.02,both,0.04399999999999693,0.053027381411488786,0
2023-09-15,83.0557,83.15,both,0.09430000000000405,0.11353826408061582,0
2023-09-18,83.2102,83.27,both,0.059799999999995634,0.07186618948157274,0
2023-09-19,,83.27,fred_only,,,0
2023-09-20,83.2553,83.07,both,-0.18530000000001223,-0.22256841306200595,0
2023-09-21,83.1511,83.11,both,-0.041100000000000136,-0.049428089345781516,0
2023-09-22,82.9477,82.95,both,0.002300000000005298,0.002772831555311718,0
2023-09-25,83.0968,83.11,both,0.013199999999997658,0.01588508823444183,0
2023-09-26,83.2328,83.24,both,0.007199999999997431,0.008650435885849605,0
2023-09-27,83.2188,83.18,both,-0.03879999999999484,-0.04662408013573236,0
2023-09-28,83.1591,83.13,both,-0.02909999999999968,-0.034993163706677544,0
2023-09-29,83.058,83.08,both,0.02199999999999136,0.0264875147487194,0
2023-10-02,,83.04,fred_only,,,0
2023-10-03,83.1812,83.22,both,0.03879999999999484,0.04664515539568417,0
2023-10-04,83.2588,83.25,both,-0.008799999999993702,-0.010569453319040994,0
2023-10-05,83.2413,83.24,both,-0.001300000000000523,-0.0015617247688353294,0
2023-10-06,83.2388,83.25,both,0.01120000000000232,0.01345526365108858,0
2023-10-09,83.2542,,rbi_only,,,0
2023-10-10,83.2556,83.25,both,-0.00560000000000116,-0.006726274268639178,0
2023-10-11,83.2368,83.18,both,-0.05679999999999552,-0.0682390481133291,0
2023-10-12,83.1834,83.28,both,0.09659999999999513,0.11612893918738008,0
2023-10-13,83.2574,83.26,both,0.002600000000001046,0.0031228455368544367,0
2023-10-16,83.2632,83.28,both,0.01680000000000348,0.020176980947169312,0
2023-10-17,83.2555,83.22,both,-0.03549999999999898,-0.04263982559710647,0
2023-10-18,83.2571,83.25,both,-0.007099999999994111,-0.008527801232560481,0
2023-10-19,83.2746,83.1,both,-0.1746000000000123,-0.20966777384702212,0
2023-10-20,83.1982,83.14,both,-0.05819999999999936,-0.06995343649261566,0
2023-10-23,83.1663,83.19,both,0.02369999999999095,0.028497119626568635,0
2023-10-24,,83.19,fred_only,,,0
2023-10-25,83.1518,83.18,both,0.028200000000012437,0.033913877991832334,0
2023-10-26,83.2439,83.24,both,-0.003900000000001569,-0.004685027972021456,0
2023-10-27,83.2518,83.27,both,0.01819999999999311,0.021861389183168545,0
2023-10-30,83.2676,83.25,both,-0.017600000000001614,-0.021136672607354617,0
2023-10-31,83.2692,83.26,both,-0.00919999999999277,-0.011048502927844593,0
2023-11-01,83.2843,83.24,both,-0.04430000000000689,-0.05319129775961001,0
2023-11-02,83.263,83.22,both,-0.043000000000006366,-0.05164358718759397,0
2023-11-03,83.2669,83.14,both,-0.12690000000000623,-0.15240149447140006,0
2023-11-06,83.2213,83.19,both,-0.03130000000000166,-0.037610563641761977,0
2023-11-07,83.265,83.22,both,-0.045000000000001705,-0.05404431633940036,0
2023-11-08,83.2691,83.28,both,0.010900000000006571,0.013090089841257528,0
2023-11-09,83.2808,83.25,both,-0.030799999999999272,-0.03698331428132207,0
2023-11-10,83.353,,rbi_only,,,0
2023-11-13,83.3248,83.32,both,-0.004800000000003024,-0.005760589884407793,0
2023-11-14,,83.32,fred_only,,,0
2023-11-15,83.1272,83.11,both,-0.017200000000002547,-0.020691181707073673,0
2023-11-16,83.2388,83.22,both,-0.018799999999998818,-0.022585621128606875,0
2023-11-17,83.2646,83.25,both,-0.0146000000000015,-0.01753446242460962,0
2023-11-20,83.3309,83.33,both,-0.0009000000000014552,-0.0010800315369226244,0
2023-11-21,83.3466,83.26,both,-0.08659999999999002,-0.1039034585693838,0
2023-11-22,83.3375,83.29,both,-0.04749999999999943,-0.056997150142492195,0
2023-11-23,83.3571,,rbi_only,,,0
2023-11-24,83.3675,83.34,both,-0.02750000000000341,-0.032986475545030626,0
2023-11-27,,83.34,fred_only,,,0
2023-11-28,83.3926,83.33,both,-0.06260000000000332,-0.075066612625105,0
2023-11-29,83.3191,83.31,both,-0.00910000000000366,-0.010921865454624043,0
2023-11-30,83.35,83.36,both,0.010000000000005116,0.011997600479910157,0
2023-12-01,83.3602,83.27,both,-0.09020000000001005,-0.1082051146710421,0
2023-12-04,83.3357,83.4,both,0.06430000000000291,0.0771578087182359,0
2023-12-05,83.3931,83.33,both,-0.06310000000000571,-0.07566573253663157,0
2023-12-06,83.3544,83.32,both,-0.03440000000000509,-0.041269567053455,0
2023-12-07,83.365,83.32,both,-0.045000000000001705,-0.05397948779464008,0
2023-12-08,83.3681,83.38,both,0.011899999999997135,0.014274044868477434,0
2023-12-11,83.3872,83.38,both,-0.0072000000000116415,-0.008634418711758688,0
2023-12-12,83.38,83.37,both,-0.009999999999990905,-0.011993283761082881,0
2023-12-13,83.395,83.4,both,0.005000000000009663,0.005995563283182042,0
2023-12-14,83.35,83.28,both,-0.06999999999999318,-0.08398320335931996,0
2023-12-15,83.1802,83.02,both,-0.16020000000000323,-0.19259391057006744,0
2023-12-18,83.0173,83.04,both,0.022700000000000387,0.02734369824121043,0
2023-12-19,83.179,83.18,both,0.0010000000000047748,0.0012022265235273023,0
2023-12-20,83.1523,83.14,both,-0.012299999999996203,-0.01479213443283734,0
2023-12-21,83.2729,83.27,both,-0.002900000000011005,-0.003482525527525767,0
2023-12-22,83.2493,83.12,both,-0.12930000000000064,-0.1553166212809004,0
2023-12-26,83.1703,83.17,both,-0.0002999999999957481,-0.00036070568459624185,0
2023-12-27,83.3226,83.35,both,0.02740000000000009,0.03288423548953116,0
2023-12-28,83.2254,83.15,both,-0.0753999999999877,-0.0905973416769252,0
2023-12-29,83.1164,83.19,both,0.073599999999999,0.08855051469986548,0
2024-01-01,83.1975,,rbi_only,,,0
2024-01-02,83.3282,83.31,both,-0.01819999999999311,-0.02184134542687003,0
2024-01-03,83.3242,83.3,both,-0.02420000000000755,-0.02904318313288042,0
2024-01-04,83.3002,83.21,both,-0.09020000000001005,-0.10828305334202085,0
2024-01-05,83.176,83.16,both,-0.016000000000005343,-0.019236318168708934,0
2024-01-08,83.0687,83.13,both,0.061299999999988586,0.07379434131025113,0
2024-01-09,83.1289,83.09,both,-0.03889999999999816,-0.04679479699598835,0
2024-01-10,83.1548,83.01,both,-0.14479999999998938,-0.17413306267345888,0
2024-01-11,82.9415,83.03,both,0.08849999999999625,0.10670171144722032,0
2024-01-12,82.9881,82.92,both,-0.06810000000000116,-0.08205995799397885,0
2024-01-15,82.853,,rbi_only,,,0
2024-01-16,82.9774,83.05,both,0.07259999999999422,0.08749370310469383,0
2024-01-17,83.131,83.14,both,0.009000000000000341,0.01082628622294973,0
2024-01-18,83.1243,83.15,both,0.0257000000000005,0.030917553591429336,0
2024-01-19,83.1338,83.09,both,-0.04379999999999029,-0.05268615172167072,0
2024-01-22,,83.08,fred_only,,,0
2024-01-23,83.1029,83.15,both,0.047100000000000364,0.05667672247298272,0
2024-01-24,83.1457,83.09,both,-0.05570000000000164,-0.0669908365676176,0
2024-01-25,83.1155,83.08,both,-0.03549999999999898,-0.042711648248520404,0
2024-01-26,,83.11,fred_only,,,0
2024-01-29,83.1494,83.12,both,-0.02939999999999543,-0.035358042270894834,0
2024-01-30,83.119,83.11,both,-0.009000000000000341,-0.01082784922821538,0
2024-01-31,83.0805,83.02,both,-0.06050000000000466,-0.07282093872810666,0
2024-02-01,82.9553,82.95,both,-0.005299999999991201,-0.006388982982390759,0
2024-02-02,82.8406,82.92,both,0.0794000000000068,0.09584672250081096,0
2024-02-05,83.0284,83.04,both,0.011600000000001387,0.013971123133772764,0
2024-02-06,83.0629,83.03,both,-0.03289999999999793,-0.0396085376263024,0
2024-02-07,82.9765,82.97,both,-0.006500000000002615,-0.007833543232123088,0
2024-02-08,82.9762,82.97,both,-0.006200000000006867,-0.007472022097911047,0
2024-02-09,82.9995,83.0,both,0.0005000000000023874,0.000602413267552681,0
2024-02-12,82.9954,82.95,both,-0.04540000000000077,-0.054701826848235886,0
2024-02-13,83.019,83.06,both,0.04099999999999682,0.04938628506726993,0
2024-02-14,83.0864,83.02,both,-0.06640000000000157,-0.0799168094898823,0
2024-02-15,83.0119,83.0,both,-0.011899999999997135,-0.01433529409638514,0
2024-02-16,83.0375,83.02,both,-0.017499999999998295,-0.021074815595361486,0
2024-02-20,82.9704,82.88,both,-0.09040000000000248,-0.10895451871993202,0
2024-02-21,82.8851,82.96,both,0.07489999999999952,0.09036606096873807,0
2024-02-22,82.924,82.86,both,-0.06400000000000716,-0.07717910375766625,0
2024-02-23,82.8865,82.86,both,-0.026499999999998636,-0.031971430812012376,0
2024-02-26,82.8856,82.85,both,-0.035600000000002296,-0.042950765874895394,0
2024-02-27,82.8915,82.88,both,-0.011499999999998067,-0.013873557602405636,0
2024-02-28,82.9155,82.88,both,-0.03549999999999898,-0.042814672769263866,0
2024-02-29,82.9246,82.87,both,-0.05459999999999354,-0.06584294648390653,0
2024-03-01,82.8702,82.91,both,0.03979999999999961,0.04802691437935423,0
2024-03-04,82.8954,82.88,both,-0.015399999999999636,-0.018577629156744085,0
2024-03-05,82.9271,82.86,both,-0.06709999999999638,-0.08091444172049474,0
2024-03-06,82.9078,82.78,both,-0.12779999999999347,-0.15414713694006293,0
2024-03-07,82.7785,82.78,both,0.0015000000000071623,0.001812064726960699,0
2024-03-08,,82.73,fred_only,,,0
2024-03-11,82.677,82.72,both,0.042999999999992156,0.05200962782876998,0
2024-03-12,82.745,82.77,both,0.024999999999991473,0.03021330593992564,0
2024-03-13,82.9027,82.81,both,-0.09269999999999357,-0.11181782981735644,0
2024-03-14,82.8709,82.82,both,-0.050900000000012824,-0.06142083650595423,0
2024-03-15,82.8919,82.86,both,-0.03190000000000737,-0.03848385668564403,0
2024-03-18,82.9078,82.89,both,-0.017799999999994043,-0.02146963253155197,0
2024-03-19,82.9401,83.01,both,0.06990000000000407,0.08427768956150773,0
2024-03-20,83.1022,83.18,both,0.07780000000001053,0.0936196634986926,0
2024-03-21,83.1308,83.15,both,0.019200000000012096,0.023096132841271946,0
2024-03-22,83.3546,83.53,both,0.17539999999999623,0.21042629920843747,0
2024-03-25,,83.42,fred_only,,,0
2024-03-26,83.3559,83.32,both,-0.035900000000012255,-0.043068337094329556,0
2024-03-27,83.3255,83.34,both,0.014499999999998181,0.017401635753758672,0
2024-03-28,83.3739,83.35,both,-0.0239000000000118,-0.02866604536912847,0
2024-03-29,,83.34,fred_only,,,0
2024-04-01,,83.36,fred_only,,,0
2024-04-02,83.3585,83.32,both,-0.0385000000000133,-0.04618605181236862,0
2024-04-03,83.4204,83.43,both,0.009600000000006048,0.011507976466195377,0
2024-04-04,83.4475,83.44,both,-0.00750000000000739,-0.00898768686899834,0
2024-04-05,83.4073,83.29,both,-0.11730000000000018,-0.14063517222113672,0
2024-04-08,83.3176,83.25,both,-0.06759999999999877,-0.08113531834810266,0
2024-04-09,,83.18,fred_only,,,0
2024-04-10,83.2253,83.37,both,0.14470000000000027,0.17386539910339796,0
2024-04-11,,83.19,fred_only,,,0
2024-04-12,83.3931,83.59,both,0.1968999999999994,0.23611066143361908,0
2024-04-15,83.4422,83.48,both,0.037800000000004275,0.0453008190100504,0
2024-04-16,83.4982,83.54,both,0.04180000000000916,0.050060959397938115,0
2024-04-17,,83.54,fred_only,,,0
2024-04-18,83.517,83.53,both,0.01300000000000523,0.015565693212166661,0
2024-04-19,83.5214,83.46,both,-0.061400000000006116,-0.07351409339403568,0
2024-04-22,83.4113,83.47,both,0.05870000000000175,0.07037415793783547,0
2024-04-23,83.3765,83.36,both,-0.01649999999999352,-0.019789748910056817,0
2024-04-24,83.2987,83.34,both,0.041300000000006776,0.04958060569973694,0
2024-04-25,83.3758,83.31,both,-0.06579999999999586,-0.0789197824788438,0
2024-04-26,83.3395,83.38,both,0.04049999999999443,0.048596403866107224,0
2024-04-29,83.4392,83.46,both,0.020799999999994156,0.024928331048229318,0
2024-04-30,83.5187,83.44,both,-0.07869999999999777,-0.09423039391177997,0
2024-05-01,,83.45,fred_only,,,0
2024-05-02,83.4526,83.44,both,-0.012600000000006162,-0.015098391182546932,0
2024-05-03,83.3795,83.43,both,0.050500000000013756,0.06056644618882791,0
2024-05-06,83.4725,83.48,both,0.00750000000000739,0.008984995058261572,0
2024-05-07,83.5015,83.51,both,0.008500000000012164,0.010179457854065096,0
2024-05-08,83.5147,83.45,both,-0.06470000000000198,-0.07747139126405528,0
2024-05-09,83.4976,83.51,both,0.012399999999999523,0.014850726248418544,0
2024-05-10,83.4946,83.54,both,0.04540000000000077,0.05437477393747712,0
2024-05-13,83.5234,83.48,both,-0.04339999999999122,-0.05196148624216834,0
2024-05-14,83.5201,83.5,both,-0.02009999999999934,-0.024066063139291428,0
2024-05-15,83.5092,83.46,both,-0.04920000000001323,-0.058915664381904306,0
2024-05-16,83.5011,83.46,both,-0.041100000000000136,-0.04922090846707425,0
2024-05-17,83.4815,83.34,both,-0.14149999999999352,-0.16949863143330382,0
2024-05-20,,83.34,fred_only,,,0
2024-05-21,83.3614,83.31,both,-0.051400000000001,-0.06165923317026945,0
2024-05-22,83.2301,83.26,both,0.029900000000012028,0.0359245032746711,0
2024-05-23,,83.27,fred_only,,,0
2024-05-24,83.1219,83.09,both,-0.031899999999993156,-0.03837737106586009,0
2024-05-27,83.0838,,rbi_only,,,0
2024-05-28,83.1644,83.16,both,-0.004400000000003956,-0.0052907253584514,0
2024-05-29,83.327,83.33,both,0.0030000000000001137,0.003600273620795317,0
2024-05-30,83.4231,83.28,both,-0.143100000000004,-0.17153522225858783,0
2024-05-31,83.2988,83.43,both,0.13120000000000687,0.15750527018397248,0
2024-06-03,83.0659,83.14,both,0.07410000000000139,0.08920628079633326,0
2024-06-04,83.5021,83.52,both,0.017899999999997362,0.021436586624764362,0
2024-06-05,83.3898,83.37,both,-0.01979999999998938,-0.023743911125808412,0
2024-06-06,83.4649,83.47,both,0.005099999999998772,0.006110352974722035,0
2024-06-07,83.4257,83.38,both,-0.04570000000001073,-0.05477928264313122,0
2024-06-10,83.4919,83.5,both,0.008099999999998886,0.009701539909858186,0
2024-06-11,83.5054,83.5,both,-0.00539999999999452,-0.006466647665892888,0
2024-06-12,83.5645,83.57,both,0.00549999999999784,0.006581742247004218,0
2024-06-13,83.5469,83.52,both,-0.026899999999997704,-0.03219748428726584,0
2024-06-14,83.5458,83.54,both,-0.005799999999993588,-0.006942299912136323,0
2024-06-17,,83.52,fred_only,,,0
2024-06-18,83.4817,83.42,both,-0.061700000000001864,-0.07390841346067684,0
2024-06-19,83.4251,,rbi_only,,,0
2024-06-20,83.5265,83.62,both,0.09350000000000591,0.11194052187031173,0
2024-06-21,83.586,83.53,both,-0.055999999999997385,-0.06699686550378937,0
2024-06-24,83.5138,83.42,both,-0.09380000000000166,-0.11231676680979868,0
2024-06-25,83.4275,83.4,both,-0.0274999999999892,-0.032962752090125204,0
2024-06-26,83.5409,83.55,both,0.00910000000000366,0.010892868044279701,0
2024-06-27,83.4896,83.44,both,-0.04959999999999809,-0.05940859699890536,0
2024-06-28,83.4534,83.33,both,-0.12340000000000373,-0.14786695329369892,0
2024-07-01,83.4043,83.44,both,0.035699999999991405,0.04280354849808871,0
2024-07-02,83.515,83.5,both,-0.015000000000000568,-0.017960845357122158,0
2024-07-03,83.5337,83.48,both,-0.05369999999999209,-0.06428543210703236,0
2024-07-04,83.5016,,rbi_only,,,0
2024-07-05,83.5,83.47,both,-0.030000000000001137,-0.03592814371257621,0
2024-07-08,83.4755,83.45,both,-0.02549999999999386,-0.03054788530765777,0
2024-07-09,83.4843,83.47,both,-0.014300000000005753,-0.01712896915947759,0
2024-07-10,83.4923,83.5,both,0.007699999999999818,0.009222407335766075,0
2024-07-11,83.5342,83.57,both,0.035799999999994725,0.042856698214617156,0
2024-07-12,83.5385,83.48,both,-0.05849999999999511,-0.07002759206832192,0
2024-07-15,83.5658,83.55,both,-0.015799999999998704,-0.01890725631777438,0
2024-07-16,83.5781,83.6,both,0.02189999999998804,0.02620303644135011,0
2024-07-17,,83.55,fred_only,,,0
2024-07-18,83.6393,83.58,both,-0.05930000000000746,-0.0708996847175998,0
2024-07-19,83.6405,83.7,both,0.059499999999999886,0.07113778612036022,0
2024-07-22,83.6654,83.65,both,-0.015399999999999636,-0.018406653168453906,0
2024-07-23,83.6625,83.68,both,0.017500000000012506,0.020917376363379658,0
2024-07-24,83.7028,83.72,both,0.017200000000002547,0.02054889442169503,0
2024-07-25,83.7075,83.7,both,-0.007499999999993179,-0.008959770629863726,0
2024-07-26,83.7272,83.7,both,-0.02719999999999345,-0.03248645601428622,0
2024-07-29,83.7371,83.75,both,0.01290000000000191,0.01540535795961636,0
2024-07-30,83.7328,83.7,both,-0.03279999999999461,-0.0391722240268982,0
2024-07-31,83.744,83.73,both,-0.013999999999995794,-0.01671761559036563,0
2024-08-01,83.7251,83.7,both,-0.025099999999994793,-0.029979062431689893,0
2024-08-02,83.7375,83.79,both,0.052500000000009095,0.06269592476490116,0
2024-08-05,83.839,83.83,both,-0.009000000000000341,-0.010734860864275983,0
2024-08-06,83.9078,83.91,both,0.002200000000001978,0.002621925494414081,0
2024-08-07,83.9519,83.96,both,0.008099999999998886,0.009648381990162089,0
2024-08-08,83.9584,83.95,both,-0.008399999999994634,-0.010004954834768928,0
2024-08-09,83.9,83.92,both,0.01999999999999602,0.02383790226459597,0
2024-08-12,83.9691,83.92,both,-0.0490999999999957,-0.058473890990847474,0
2024-08-13,83.9696,83.97,both,0.00039999999999906777,0.00047636287418192745,0
2024-08-14,83.9366,83.91,both,-0.026600000000001955,-0.031690585513354075,0
2024-08-15,,83.94,fred_only,,,0
2024-08-16,83.9561,83.95,both,-0.006100000000003547,-0.007265701956145588,0
2024-08-19,83.9201,83.82,both,-0.10010000000001185,-0.11928012478537543,0
2024-08-20,83.7804,83.79,both,0.009600000000006048,0.011458527292786914,0
2024-08-21,83.9183,83.93,both,0.011700000000004707,0.013942131811541351,0
2024-08-22,83.9569,83.93,both,-0.026899999999997704,-0.03204024922311055,0
2024-08-23,83.8746,83.91,both,0.03539999999999566,0.042205864469095127,0
2024-08-26,83.8504,83.87,both,0.019600000000011164,0.023374963029408523,0
2024-08-27,83.9424,83.91,both,-0.032400000000009754,-0.03859789569992013,0
2024-08-28,83.9671,83.9,both,-0.06709999999999638,-0.07991225134605862,0
2024-08-29,83.8899,83.84,both,-0.04989999999999384,-0.059482726764478015,0
2024-08-30,83.8709,83.83,both,-0.04090000000000771,-0.04876542400285165,0
2024-09-02,83.8759,,rbi_only,,,0
2024-09-03,83.9525,83.94,both,-0.012500000000002842,-0.014889371966293847,0
2024-09-04,83.9682,83.95,both,-0.01819999999999311,-0.021674872153973897,0
2024-09-05,83.9825,83.96,both,-0.022500000000007958,-0.026791295805683273,0
2024-09-06,83.9308,83.91,both,-0.020800000000008367,-0.024782320673707822,0
2024-09-09,83.9425,83.93,both,-0.012499999999988631,-0.014891145724738519,0
2024-09-10,83.975,83.95,both,-0.024999999999991473,-0.02977076510865314,0
2024-09-11,83.9508,83.95,both,-0.0007999999999981355,-0.0009529391024244385,0
2024-09-12,83.9843,83.92,both,-0.06430000000000291,-0.07656192883670271,0
2024-09-13,83.918,83.88,both,-0.038000000000010914,-0.04528229938751032,0
2024-09-16,83.8939,83.89,both,-0.003900000000001569,-0.004648728930233985,0
2024-09-17,83.8302,83.75,both,-0.08020000000000493,-0.09566957969801448,0
2024-09-18,,83.75,fred_only,,,0
2024-09-19,83.6172,83.68,both,0.06280000000000996,0.07510416517177083,0
2024-09-20,83.4922,83.57,both,0.07779999999999632,0.0931823571543166,0
2024-09-23,83.5128,83.53,both,0.017200000000002547,0.02059564521846058,0
2024-09-24,83.6319,83.66,both,0.028099999999994907,0.03359961928402309,0
2024-09-25,83.5471,83.56,both,0.01290000000000191,0.015440392305659812,0
2024-09-26,83.7009,83.6,both,-0.10090000000000998,-0.12054828562179137,0
2024-09-27,83.6688,83.68,both,0.01120000000000232,0.013386112864057232,0
2024-09-30,83.7888,83.76,both,-0.028799999999989723,-0.034372135655349786,0
2024-10-01,83.8149,83.81,both,-0.004899999999992133,-0.005846215887619187,0
2024-10-02,,83.81,fred_only,,,0
2024-10-03,83.9492,84.0,both,0.05079999999999529,0.06051278630409258,0
2024-10-04,83.966,83.99,both,0.02400000000000091,0.028582997880095412,0
2024-10-07,83.9719,83.96,both,-0.011900000000011346,-0.014171407339849814,0
2024-10-08,83.9399,83.95,both,0.010100000000008436,0.012032418432722026,0
2024-10-09,83.962,83.93,both,-0.031999999999996476,-0.038112479454987344,0
2024-10-10,83.9685,83.94,both,-0.028500000000008185,-0.03394129941586212,0
2024-10-11,84.0586,84.08,both,0.021399999999999864,0.025458430190367032,0
2024-10-14,84.0725,,rbi_only,,,0
2024-10-15,84.0736,84.04,both,-0.03359999999999275,-0.03996498306245093,0
2024-10-16,84.0696,84.01,both,-0.059599999999988995,-0.07089364050737602,0
2024-10-17,84.0304,84.04,both,0.009600000000006048,0.011424436870473124,0
2024-10-18,84.071,84.03,both,-0.04099999999999682,-0.04876830298199952,0
2024-10-21,84.0744,84.07,both,-0.004400000000003956,-0.00523345988791351,0
2024-10-22,84.0718,84.06,both,-0.011799999999993815,-0.014035621932673997,0
2024-10-23,84.075,84.06,both,-0.015000000000000568,-0.017841213202498443,0
2024-10-24,84.0738,84.05,both,-0.02380000000000848,-0.028308462327155996,0
2024-10-25,84.0771,84.06,both,-0.017099999999999227,-0.02033847504254931,0
2024-10-28,84.0775,84.05,both,-0.02750000000000341,-0.03270791828967727,0
2024-10-29,84.0783,84.04,both,-0.03829999999999245,-0.045552776400084746,0
2024-10-30,84.0847,84.07,both,-0.01470000000000482,-0.01748237194163126,0
2024-10-31,84.0886,84.06,both,-0.028599999999997294,-0.03401174475493384,0
2024-11-01,,84.03,fred_only,,,0
2024-11-04,84.1055,84.11,both,0.004499999999993065,0.005350422980652947,0
2024-11-05,84.1225,84.1,both,-0.022500000000007958,-0.026746708668914924,0
2024-11-06,84.2366,84.31,both,0.07340000000000657,0.08713552066442208,0
2024-11-07,84.3562,84.37,both,0.013800000000003365,0.01635920062781795,0
2024-11-08,84.3751,84.34,both,-0.03509999999999991,-0.041599950696354616,0
2024-11-11,84.3848,,rbi_only,,,0
2024-11-12,84.4011,84.38,both,-0.021100000000004115,-0.02499967417486753,0
2024-11-13,84.4063,84.39,both,-0.01630000000000109,-0.019311354721153626,0
2024-11-14,84.405,84.42,both,0.015000000000000568,0.017771459036787594,0
2024-11-15,,84.41,fred_only,,,0
2024-11-18,84.3875,84.37,both,-0.017499999999998295,-0.02073766849355449,0
2024-11-19,84.4036,84.36,both,-0.04359999999999786,-0.05165656441194199,0
2024-11-20,,84.41,fred_only,,,0
2024-11-21,84.4561,84.48,both,0.02389999999999759,0.02829872561010701,0
2024-11-22,84.4975,84.44,both,-0.05750000000000455,-0.06804935057250752,0
2024-11-25,84.2776,84.24,both,-0.037600000000011846,-0.04461446457897691,0
2024-11-26,84.2835,84.27,both,-0.013500000000007617,-0.016017369947863597,0
2024-11-27,84.4708,84.41,both,-0.06080000000000041,-0.0719775354323629,0
2024-11-28,84.4917,,rbi_only,,,0
2024-11-29,84.4971,84.48,both,-0.017099999999999227,-0.020237380927865246,0
2024-12-02,84.6812,84.74,both,0.05879999999999086,0.06943689980773873,0
2024-12-03,84.745,84.68,both,-0.06499999999999773,-0.07670069030621007,0
2024-12-04,84.6885,84.69,both,0.0014999999999929514,0.0017711967976678667,0
2024-12-05,84.7335,84.68,both,-0.05349999999999966,-0.06313913623301251,0
2024-12-06,84.6578,84.67,both,0.012200000000007094,0.014410957997971948,0
2024-12-09,84.7305,84.72,both,-0.010500000000007503,-0.01239223184096341,0
2024-12-10,84.8531,84.84,both,-0.013099999999994338,-0.01543844597309272,0
2024-12-11,84.8427,84.8,both,-0.04269999999999641,-0.050328431320545444,0
2024-12-12,84.8732,84.84,both,-0.03319999999999368,-0.03911717715367593,0
2024-12-13,84.8411,84.78,both,-0.06109999999999616,-0.07201698233520801,0
2024-12-16,84.8259,84.89,both,0.06409999999999627,0.07556654276582538,0
2024-12-17,84.9264,84.91,both,-0.01640000000000441,-0.01931083856139482,0
2024-12-18,84.937,84.95,both,0.01300000000000523,0.015305461695144906,0
2024-12-19,85.0739,85.09,both,0.016100000000008663,0.018924723093696964,0
2024-12-20,85.088,85.02,both,-0.06799999999999784,-0.07991726212861724,0
2024-12-23,85.0713,85.1,both,0.028700000000000614,0.03373640699037233,0
2024-12-24,85.1932,85.14,both,-0.05320000000000391,-0.06244629853087325,0
2024-12-26,85.2684,85.25,both,-0.01839999999999975,-0.021578920209596696,0
2024-12-27,85.5914,85.53,both,-0.061399999999991905,-0.07173617910209659,0
2024-12-30,85.4655,85.47,both,0.004499999999993065,0.005265282482397066,0
2024-12-31,85.6232,85.55,both,-0.07319999999999993,-0.08549084827476658,0
2025-01-01,85.709,,rbi_only,,,0
2025-01-02,85.7853,85.75,both,-0.03530000000000655,-0.04114924118701752,0
2025-01-03,85.7598,85.75,both,-0.009799999999998477,-0.011427265455374752,0
2025-01-06,85.8279,85.7,both,-0.1278999999999968,-0.1490191417942147,0
2025-01-07,85.7191,85.74,both,0.020899999999997476,0.024381963879692478,0
2025-01-08,85.8443,85.89,both,0.04569999999999652,0.05323591665375164,0
2025-01-09,85.8806,85.87,both,-0.010599999999996612,-0.012342717680124045,0
2025-01-10,85.8956,85.96,both,0.06439999999999202,0.07497473677346922,0
2025-01-13,86.4368,86.69,both,0.25319999999999254,0.2929307887381214,0
2025-01-14,86.5497,86.63,both,0.08029999999999404,0.09277906220355939,0
2025-01-15,86.5008,86.37,both,-0.1307999999999936,-0.15121247433549007,0
2025-01-16,86.4854,86.57,both,0.08459999999999468,0.09781997886347832,0
2025-01-17,86.5844,86.55,both,-0.03440000000000509,-0.039730020650377076,0
2025-01-20,86.5481,,rbi_only,,,0
2025-01-21,86.5139,86.58,both,0.06609999999999161,0.07640390734898277,0
2025-01-22,86.5661,86.34,both,-0.2261000000000024,-0.2611876935659599,0
2025-01-23,86.4593,86.42,both,-0.039299999999997226,-0.04545491346795224,0
2025-01-24,86.2904,86.2,both,-0.09040000000000248,-0.10476252282988893,0
2025-01-27,86.4175,86.34,both,-0.07750000000000057,-0.08968090953799933,0
2025-01-28,86.5358,86.52,both,-0.015799999999998704,-0.018258339323145686,0
2025-01-29,86.5768,86.61,both,0.03319999999999368,0.03834745566940991,0
2025-01-30,86.5842,86.55,both,-0.034199999999998454,-0.039499123396645644,0
2025-01-31,86.6414,86.54,both,-0.10139999999999816,-0.1170341199472748,0
2025-02-03,87.1162,87.19,both,0.07379999999999143,0.08471443887588236,0
2025-02-04,87.1206,87.06,both,-0.06059999999999377,-0.06955874959538132,0
2025-02-05,87.2237,87.08,both,-0.1436999999999955,-0.16474880107126333,0
2025-02-06,87.5617,87.57,both,0.008299999999991314,0.00947903021525543,0
2025-02-07,87.4782,87.43,both,-0.04819999999999425,-0.05509944191809417,0
2025-02-10,87.5858,87.45,both,-0.13580000000000325,-0.15504796439605878,0
2025-02-11,86.8861,86.76,both,-0.12609999999999388,-0.1451325355839356,0
2025-02-12,86.8461,86.9,both,0.05389999999999873,0.06206381173132555,0
2025-02-13,86.8822,86.89,both,0.007800000000003138,0.008977673217302437,0
2025-02-14,86.8862,86.82,both,-0.06620000000000914,-0.0761916161599991,0
2025-02-17,86.7721,,rbi_only,,,0
2025-02-18,86.9742,86.96,both,-0.014200000000002433,-0.016326680785799047,0
2025-02-19,,86.96,fred_only,,,0
2025-02-20,86.6995,86.65,both,-0.04949999999999477,-0.057093754865938984,0
2025-02-21,86.6466,86.7,both,0.05339999999999634,0.061629654250710736,0
2025-02-24,86.6916,86.72,both,0.028400000000004866,0.03275980602504149,0
2025-02-25,87.0022,87.2,both,0.19780000000000086,0.22735057274413847,0
2025-02-26,,87.2,fred_only,,,0
2025-02-27,87.2119,87.17,both,-0.04189999999999827,-0.0480439022656292,0
2025-02-28,87.4006,87.5,both,0.09940000000000282,0.11372919636707622,0
2025-03-03,87.3314,87.35,both,0.01859999999999218,0.021298181410113862,0
2025-03-04,87.3786,87.26,both,-0.1186000000000007,-0.13573117445232666,0
2025-03-05,87.0896,86.95,both,-0.1396000000000015,-0.1602946850140562,0
2025-03-06,87.0859,87.11,both,0.02410000000000423,0.02767382549873657,0
2025-03-07,87.0612,86.88,both,-0.18120000000000402,-0.20812945376356404,0
2025-03-10,87.2392,87.27,both,0.030799999999999272,0.035305229759098285,0
2025-03-11,87.3267,87.16,both,-0.16670000000000584,-0.19089236167175197,0
2025-03-12,87.2605,87.16,both,-0.1004999999999967,-0.11517238613117815,0
2025-03-13,87.0833,87.0,both,-0.08329999999999416,-0.09565553900689817,0
2025-03-14,,87.0,fred_only,,,0
2025-03-17,86.792,86.79,both,-0.001999999999995339,-0.002304359848828623,0
2025-03-18,86.6705,86.5,both,-0.1705000000000041,-0.19672206806237885,0
2025-03-19,86.5016,86.43,both,-0.07159999999998945,-0.08277303541204954,0
2025-03-20,86.304,86.31,both,0.006000000000000227,0.00695216907675221,0
2025-03-21,86.2184,86.01,both,-0.20839999999999748,-0.2417117459846129,0
2025-03-24,85.8318,85.56,both,-0.27179999999999893,-0.31666585111811585,0
2025-03-25,85.7302,85.77,both,0.03979999999999961,0.04642471381146855,0
2025-03-26,85.8683,85.71,both,-0.1583000000000112,-0.18435208336488693,0
2025-03-27,85.761,85.79,both,0.029000000000010573,0.03381490421055092,0
2025-03-28,85.5814,85.51,both,-0.07139999999999702,-0.08342934329188004,0
2025-03-31,,85.43,fred_only,,,0
2025-04-01,,85.46,fred_only,,,0
2025-04-02,85.6024,85.52,both,-0.08240000000000691,-0.09625898339299706,0
2025-04-03,85.6468,85.44,both,-0.2068000000000012,-0.24145677363310852,0
2025-04-04,85.2281,85.24,both,0.011899999999997135,0.013962531137027735,0
2025-04-07,85.8087,85.85,both,0.041299999999992565,0.04813031778828087,0
2025-04-08,85.9085,86.24,both,0.33149999999999125,0.3858756700442811,0
2025-04-09,86.6171,86.64,both,0.022900000000007026,0.026438197538369478,0
2025-04-10,,86.69,fred_only,,,0
2025-04-11,86.1441,86.06,both,-0.08409999999999229,-0.09762711549600298,0
2025-04-14,,86.02,fred_only,,,0
2025-04-15,85.6905,85.76,both,0.069500000000005,0.08110584020399578,0
2025-04-16,85.6464,85.67,both,0.02360000000000184,0.027555157017693493,0
2025-04-17,85.5703,85.37,both,-0.2002999999999986,-0.2340765429126678,0
2025-04-18,,85.43,fred_only,,,0
2025-04-21,85.1622,85.18,both,0.017800000000008254,0.020901291887725135,0
2025-04-22,85.1003,85.19,both,0.08969999999999345,0.10540503382478492,0
2025-04-23,85.4372,85.42,both,-0.017200000000002547,-0.020131745890551826,0
2025-04-24,85.5085,85.3,both,-0.2085000000000008,-0.24383540817579635,0
2025-04-25,85.5788,85.43,both,-0.14879999999999427,-0.17387483816084623,0
2025-04-28,85.198,85.02,both,-0.17799999999999727,-0.2089250921383099,0
2025-04-29,85.2005,85.27,both,0.06949999999999079,0.08157229124241147,0
2025-04-30,85.0535,84.49,both,-0.5635000000000048,-0.6625241759598426,1
2025-05-01,,84.58,fred_only,,,0
2025-05-02,83.8568,84.5,both,0.6431999999999931,0.7670218753875572,1
2025-05-05,84.2369,84.27,both,0.03309999999999036,0.03929394362801855,0
2025-05-06,84.5436,84.45,both,-0.09359999999999502,-0.11071210594296317,0
2025-05-07,84.5715,84.82,both,0.24849999999999284,0.2938342112886644,0
2025-05-08,84.8642,85.67,both,0.805800000000005,0.9495169930312252,1
2025-05-09,85.6438,85.38,both,-0.26380000000000337,-0.30801996174854845,0
2025-05-12,,85.38,fred_only,,,0
2025-05-13,84.8888,85.35,both,0.46119999999999095,0.5432989982188355,1
2025-05-14,85.2982,85.29,both,-0.008199999999987995,-0.009613332989427672,0
2025-05-15,85.5871,85.52,both,-0.0671000000000106,-0.07839966537014409,0
2025-05-16,85.5665,85.49,both,-0.07650000000001,-0.08940414765125371,0
2025-05-19,85.491,85.37,both,-0.12099999999999511,-0.1415353662958617,0
2025-05-20,85.4582,85.63,both,0.1717999999999904,0.2010339557818798,0
2025-05-21,85.5546,85.65,both,0.09540000000001214,0.11150773891761769,0
2025-05-22,85.6653,85.97,both,0.30469999999999686,0.3556866082299331,0
2025-05-23,85.6821,85.17,both,-0.5121000000000038,-0.597674426747248,1
2025-05-26,84.9004,,rbi_only,,,0
2025-05-27,85.322,85.3,both,-0.02200000000000557,-0.02578467452709216,0
2025-05-28,85.6873,85.39,both,-0.2972999999999928,-0.3469592343322672,0
2025-05-29,85.4976,85.49,both,-0.007600000000010709,-0.00888913840857604,0
2025-05-30,85.4778,85.5,both,0.022199999999998,0.025971655798345303,0
2025-06-02,85.4353,85.33,both,-0.10529999999999973,-0.12325116199041818,0
2025-06-03,85.4576,85.59,both,0.13240000000000407,0.1549306322667663,0
2025-06-04,85.9579,85.85,both,-0.10790000000000077,-0.12552656591191827,0
2025-06-05,85.773,85.8,both,0.027000000000001023,0.03147843727047092,0
2025-06-06,85.7883,85.66,both,-0.12830000000001007,-0.14955419328744138,0
2025-06-09,85.4984,85.64,both,0.14159999999999684,0.16561713435572695,0
2025-06-10,85.5949,85.57,both,-0.024900000000002365,-0.029090518243496243,0
2025-06-11,85.4542,85.51,both,0.05580000000000496,0.06529813631162068,0
2025-06-12,85.5353,85.55,both,0.01469999999999061,0.017185886996351925,0
2025-06-13,86.0979,86.08,both,-0.017899999999997362,-0.020790286406517887,0
2025-06-16,86.0242,86.05,both,0.02580000000000382,0.029991560514371327,0
2025-06-17,86.0978,86.29,both,0.1921999999999997,0.22323450773422746,0
2025-06-18,86.303,86.49,both,0.1869999999999976,0.21667844686742943,0
2025-06-19,86.6994,,rbi_only,,,0
2025-06-20,86.6133,86.58,both,-0.033299999999997,-0.03844675124951595,0
2025-06-23,86.808,86.73,both,-0.07800000000000296,-0.0898534697262959,0
2025-06-24,86.1043,85.92,both,-0.18429999999999325,-0.21404273654160505,0
2025-06-25,85.8732,86.04,both,0.16680000000000916,0.19423987926385552,0
2025-06-26,85.7528,85.66,both,-0.09279999999999688,-0.10821804069371134,0
2025-06-27,85.5594,85.45,both,-0.10939999999999372,-0.12786438427571223,0
2025-06-30,85.5439,85.74,both,0.19610000000000127,0.2292390223031698,0
2025-07-01,85.6179,85.58,both,-0.037900000000007594,-0.04426644428327206,0
2025-07-02,85.6928,85.7,both,0.007199999999997431,0.00840210612793307,0
2025-07-03,85.5121,85.3,both,-0.21210000000000662,-0.248035073398977,0
2025-07-04,85.3886,,rbi_only,,,0
2025-07-07,85.815,85.86,both,0.045000000000001705,0.05243838489774713,0
2025-07-08,85.7188,85.75,both,0.03119999999999834,0.036398083034291595,0
2025-07-09,85.7979,85.69,both,-0.10790000000000077,-0.1257606538155372,0
2025-07-10,85.578,85.65,both,0.07200000000000273,0.08413377269859396,0
2025-07-11,85.8536,85.8,both,-0.05360000000000298,-0.06243186074899943,0
2025-07-14,85.991,85.99,both,-0.0010000000000047748,-0.0011629123978146257,0
2025-07-15,85.8262,85.82,both,-0.006200000000006867,-0.0072239013261764665,0
2025-07-16,85.8051,85.96,both,0.15489999999999782,0.18052540000535847,0
2025-07-17,85.9149,86.08,both,0.16509999999999536,0.19216690003712436,0
2025-07-18,86.2007,86.1,both,-0.10070000000000334,-0.11682039705014384,0
2025-07-21,86.2248,86.3,both,0.07519999999999527,0.08721388741985515,0
2025-07-22,86.2581,86.37,both,0.11190000000000566,0.12972694738233934,0
2025-07-23,86.3676,86.41,both,0.04240000000000066,0.04909248375548315,0
2025-07-24,86.3301,86.39,both,0.059899999999998954,0.06938483796497276,0
2025-07-25,86.5247,86.48,both,-0.044699999999991746,-0.05166154866759636,0
2025-07-28,86.551,86.67,both,0.11899999999999977,0.13749119016533579,0
2025-07-29,86.8417,86.83,both,-0.011700000000004707,-0.013472790145753371,0
2025-07-30,87.2713,87.44,both,0.16870000000000118,0.19330524467952373,0
2025-07-31,87.5544,87.6,both,0.0455999999999932,0.05208190564950842,0
2025-08-01,87.3519,87.54,both,0.1881000000000057,0.2153358999632586,0
2025-08-04,87.5018,87.63,both,0.12819999999999254,0.1465112717681151,0
2025-08-05,87.7917,87.8,both,0.008299999999991314,0.009454196695121878,0
2025-08-06,87.7,87.71,both,0.009999999999990905,0.011402508551871044,0
2025-08-07,87.6945,87.71,both,0.015499999999988745,0.01767499672156035,0
2025-08-08,87.6196,87.67,both,0.050399999999996226,0.057521376495665605,0
2025-08-11,87.5776,87.63,both,0.052399999999991564,0.059832651271548395,0
2025-08-12,87.6726,87.71,both,0.037399999999990996,0.042658709790733926,0
2025-08-13,87.6956,87.48,both,-0.2155999999999949,-0.2458504189491775,0
2025-08-14,87.4852,87.56,both,0.0747999999999962,0.08550017602976984,0
2025-08-15,,87.56,fred_only,,,0
2025-08-18,87.4137,87.3,both,-0.11370000000000857,-0.1300711444544832,0
2025-08-19,87.1756,87.02,both,-0.15560000000000684,-0.1784903115091916,0
2025-08-20,87.0919,87.02,both,-0.07189999999999941,-0.08255647195663364,0
2025-08-21,86.9741,87.31,both,0.3358999999999952,0.3862069282694448,0
2025-08-22,87.4375,87.53,both,0.09250000000000114,0.10578984989278185,0
2025-08-25,87.4174,87.55,both,0.1325999999999965,0.15168604877289477,0
2025-08-26,87.7414,87.68,both,-0.061399999999991905,-0.06997836825032643,0
2025-08-27,,87.74,fred_only,,,0
2025-08-28,87.6559,87.63,both,-0.02590000000000714,-0.02954735505540088,0
2025-08-29,87.8514,88.18,both,0.32860000000000866,0.374040709652901,0
2025-09-01,88.2576,,rbi_only,,,0
2025-09-02,88.0265,88.15,both,0.12350000000000705,0.1402986600626028,0
2025-09-03,88.107,88.06,both,-0.046999999999997044,-0.053344229175885056,0
2025-09-04,88.1641,88.17,both,0.005899999999996908,0.006692066271869057,0
2025-09-05,88.3242,88.25,both,-0.0742000000000047,-0.08400868618114254,0
2025-09-08,,88.25,fred_only,,,0
2025-09-09,88.1409,88.12,both,-0.020899999999997476,-0.0237120338004235,0
2025-09-10,88.1252,88.09,both,-0.03520000000000323,-0.03994317176018123,0
2025-09-11,88.2649,88.44,both,0.17510000000000048,0.19838010352926302,0
2025-09-12,88.2806,88.28,both,-0.0006000000000057071,-0.000679651021861776,0
2025-09-15,88.269,88.22,both,-0.049000000000006594,-0.05551212770055919,0
2025-09-16,88.0461,88.05,both,0.003900000000001569,0.004429497729032369,0
2025-09-17,87.752,87.77,both,0.018000000000000682,0.020512352994804316,0
2025-09-18,88.1209,88.17,both,0.0490999999999957,0.05571890436887923,0
2025-09-19,88.3055,88.06,both,-0.24549999999999272,-0.27801212834986805,0
2025-09-22,88.1447,88.29,both,0.14530000000000598,0.16484258270775892,0
2025-09-23,88.7435,88.76,both,0.01650000000000773,0.018592911030112326,0
2025-09-24,88.7606,88.73,both,-0.030599999999992633,-0.03447475569114296,0
2025-09-25,88.6696,88.7,both,0.030400000000000205,0.034284580059005795,0
2025-09-26,88.7234,88.65,both,-0.07339999999999236,-0.08272902075438088,0
2025-09-29,88.7558,88.76,both,0.004200000000011528,0.0047320851144505805,0
2025-09-30,88.7923,88.78,both,-0.012299999999996203,-0.013852552529888519,0
2025-10-01,88.6778,88.69,both,0.012199999999992883,0.01375767102926875,0
2025-10-02,,88.74,fred_only,,,0
2025-10-03,88.7775,88.78,both,0.0024999999999977263,0.0028160288361327207,0
2025-10-06,88.7859,88.79,both,0.004100000000008208,0.004617850356878973,0
2025-10-07,88.7319,88.72,both,-0.011899999999997135,-0.013411185830571796,0
2025-10-08,88.7903,88.77,both,-0.02030000000000598,-0.02286285776712769,0
2025-10-09,88.7875,88.84,both,0.052500000000009095,0.05912994509363266,0
2025-10-10,88.692,88.72,both,0.028000000000005798,0.031569927389173545,0
2025-10-13,88.7797,,rbi_only,,,0
2025-10-14,88.7907,88.76,both,-0.030699999999995953,-0.03457569317506896,0
2025-10-15,88.2898,87.98,both,-0.30979999999999563,-0.3508899102727559,0
2025-10-16,87.9039,87.81,both,-0.09389999999999077,-0.10682119905941691,0
2025-10-17,87.9097,87.99,both,0.08029999999999404,0.09134373112408989,0
2025-10-20,87.7861,87.92,both,0.13389999999999702,0.1525298424237972,0
2025-10-21,,87.97,fred_only,,,0
2025-10-22,,87.92,fred_only,,,0
2025-10-23,87.9474,87.85,both,-0.09740000000000748,-0.1107480152909665,0
2025-10-24,87.7058,87.83,both,0.12420000000000186,0.14160979091462805,0
2025-10-27,88.0637,88.24,both,0.17629999999999768,0.20019599449034925,0
2025-10-28,88.296,88.21,both,-0.08600000000001273,-0.09739965570355705,0
2025-10-29,88.2834,88.2,both,-0.08339999999999748,-0.0944684957761,0
2025-10-30,88.6048,88.64,both,0.03520000000000323,0.03972696738777496,0
2025-10-31,88.7241,88.75,both,0.02589999999999293,0.029191617610088948,0
2025-11-03,88.7932,88.78,both,-0.013199999999997658,-0.01486600325249868,0
2025-11-04,88.6372,88.67,both,0.03279999999999461,0.03700477903182254,0
2025-11-05,,88.66,fred_only,,,0
2025-11-06,88.6026,88.65,both,0.04740000000001032,0.0534973014336039,0
2025-11-07,88.705,88.68,both,-0.024999999999991473,-0.02818330421057604,0
2025-11-10,88.6761,88.7,both,0.02389999999999759,0.026952019766315373,0
2025-11-11,88.6983,,rbi_only,,,0
2025-11-12,88.6362,88.58,both,-0.056200000000004025,-0.06340524526097015,0
2025-11-13,88.716,88.66,both,-0.055999999999997385,-0.0631227737950284,0
2025-11-14,88.742,88.74,both,-0.0020000000000095497,-0.002253724279382423,0
2025-11-17,88.63,88.58,both,-0.04999999999999716,-0.056414306668167845,0
2025-11-18,88.6344,88.6,both,-0.03440000000000509,-0.038811116225760084,0
2025-11-19,88.4558,88.58,both,0.12420000000000186,0.14040910827780867,0
2025-11-20,88.6915,88.69,both,-0.0015000000000071623,-0.0016912556445737893,0
2025-11-21,88.6402,89.54,both,0.8998000000000133,1.0151150380978533,1
2025-11-24,89.1919,89.23,both,0.03810000000000002,0.04271688348381414,0
2025-11-25,89.2213,89.16,both,-0.0613000000000028,-0.06870556694421938,0
2025-11-26,89.2649,89.27,both,0.005099999999998772,0.005713331891929272,0
2025-11-27,89.2942,,rbi_only,,,0
2025-11-28,89.4557,89.43,both,-0.02569999999998629,-0.028729304001853757,0
2025-12-01,89.7436,89.59,both,-0.1535999999999973,-0.17115426615379514,0
2025-12-02,89.8887,89.92,both,0.03130000000000166,0.03482083954935566,0
2025-12-03,90.2697,90.15,both,-0.11969999999999459,-0.13260263410645498,0
2025-12-04,90.1865,89.97,both,-0.21649999999999636,-0.2400581018223308,0
2025-12-05,89.9238,89.97,both,0.04619999999999891,0.051376832384751214,0
2025-12-08,90.1745,90.12,both,-0.05449999999999022,-0.06043837226709349,0
2025-12-09,89.9644,89.9,both,-0.06439999999999202,-0.07158387095339047,0
2025-12-10,89.8822,89.98,both,0.09780000000000655,0.10880908566991745,0
2025-12-11,90.3702,90.35,both,-0.02020000000000266,-0.022352501156357583,0
2025-12-12,90.3883,90.41,both,0.02169999999999561,0.02400753194826721,0
2025-12-15,90.7228,90.7,both,-0.022800000000003706,-0.025131499468715363,0
2025-12-16,91.0202,91.03,both,0.009799999999998477,0.010766840767212637,0
2025-12-17,90.3291,90.4,both,0.07090000000000884,0.07849076322027879,0
2025-12-18,90.1303,90.25,both,0.11969999999999459,0.13280772392857296,0
2025-12-19,90.1975,89.54,both,-0.6574999999999989,-0.7289559023254513,1
2025-12-22,89.5467,89.64,both,0.09329999999999927,0.10419144424082549,0
2025-12-23,89.8314,89.67,both,-0.16140000000000043,-0.17966991497405188,0
2025-12-24,89.7703,89.81,both,0.039699999999996294,0.044223980536988616,0
2025-12-26,89.8296,89.78,both,-0.04959999999999809,-0.055215652746976596,0
2025-12-29,89.9756,89.97,both,-0.00560000000000116,-0.006223909593268797,0
2025-12-30,89.9429,89.78,both,-0.16289999999999338,-0.1811149073467649,0
2025-12-31,89.9198,89.84,both,-0.07979999999999166,-0.08874574898964595,0
2026-01-01,89.9792,,rbi_only,,,0
2026-01-02,90.1242,90.19,both,0.06579999999999586,0.0730103568186967,0
2026-01-05,90.2729,90.28,both,0.007099999999994111,0.007865040338788397,0
2026-01-06,90.181,90.18,both,-0.000999999999990564,-0.0011088810281440259,0
2026-01-07,89.9432,89.9,both,-0.043199999999998795,-0.04803031246386474,0
2026-01-08,89.893,90.02,both,0.12699999999999534,0.1412790762350743,0
2026-01-09,90.1395,90.16,both,0.02049999999999841,0.02274252686114124,0
2026-01-12,90.1899,90.12,both,-0.06989999999998986,-0.07750313505169633,0
2026-01-13,90.2677,90.19,both,-0.07770000000000721,-0.08607730118304466,0
2026-01-14,90.2016,90.24,both,0.03839999999999577,0.04257130693911834,0
2026-01-15,,90.26,fred_only,,,0
2026-01-16,90.6497,90.87,both,0.22030000000000882,0.24302341872064534,0
2026-01-19,90.9705,,rbi_only,,,0
2026-01-20,91.0356,91.01,both,-0.02559999999999718,-0.02812086700147764,0
2026-01-21,91.55,91.68,both,0.13000000000000966,0.14199890770072054,0
2026-01-22,91.5826,91.62,both,0.03740000000000521,0.040837451655669536,0
2026-01-23,91.6195,91.95,both,0.3305000000000007,0.36073106707633273,0
2026-01-26,,91.95,fred_only,,,0
2026-01-27,91.8244,91.72,both,-0.10439999999999827,-0.11369527053811217,0
2026-01-28,91.6945,91.78,both,0.08549999999999613,0.09324441487766019,0
2026-01-29,91.9644,91.95,both,-0.014399999999994861,-0.015658232968403928,0
2026-01-30,91.8983,91.98,both,0.08169999999999789,0.08890262387878545,0
2026-02-02,91.6443,91.51,both,-0.1342999999999961,-0.14654484785196253,0
2026-02-03,90.4495,90.3,both,-0.1495000000000033,-0.16528560135766732,0
2026-02-04,90.4693,90.36,both,-0.10930000000000462,-0.12081446413314198,0
2026-02-05,90.3957,90.33,both,-0.06570000000000675,-0.07268044829566754,0
2026-02-06,90.4163,90.65,both,0.2336999999999989,0.2584710942606575,0
2026-02-09,90.4006,90.77,both,0.36939999999999884,0.4086256064672124,0
2026-02-10,90.5773,90.57,both,-0.00730000000000075,-0.00805941444490038,0
2026-02-11,90.5675,90.69,both,0.12250000000000227,0.13525823280978527,0
2026-02-12,90.5947,90.63,both,0.03529999999999234,0.03896475180114547,0
2026-02-13,90.7415,90.64,both,-0.10150000000000148,-0.11185620691745393,0
2026-02-16,90.7125,,rbi_only,,,0
2026-02-17,90.7744,90.63,both,-0.14440000000000452,-0.15907568653717846,0
2026-02-18,90.6669,90.7,both,0.03310000000000457,0.03650725898867676,0
2026-02-19,,90.68,fred_only,,,0
2026-02-20,90.9518,90.98,both,0.028199999999998226,0.03100543364727056,0
2026-02-23,90.7461,90.88,both,0.13389999999999702,0.14755455055368444,0
2026-02-24,90.9661,90.95,both,-0.016099999999994452,-0.01769890101916478,0
2026-02-25,90.9502,90.95,both,-0.00019999999999242846,-0.00021990056095800613,0
2026-02-26,90.9072,90.92,both,0.01279999999999859,0.014080292870090145,0
2026-02-27,90.9542,91.03,both,0.07580000000000098,0.08333864736317947,0
2026-03-02,91.4514,91.47,both,0.01859999999999218,0.02033867168790437,0
2026-03-03,,91.47,fred_only,,,0
2026-03-04,92.2828,92.08,both,-0.20279999999999632,-0.21975926174758062,0
2026-03-05,91.6275,91.58,both,-0.04749999999999943,-0.051840331778122764,0
2026-03-06,91.6829,91.73,both,0.047100000000000364,0.05137272054003567,0
2026-03-09,92.2639,92.31,both,0.04609999999999559,0.04996537107145437,0
2026-03-10,92.0174,91.85,both,-0.16740000000000066,-0.1819221147304756,0
2026-03-11,91.9257,92.03,both,0.10429999999999495,0.11346119746707933,0
2026-03-12,92.353,92.18,both,-0.1729999999999876,-0.1873247214492086,0
2026-03-13,92.4405,92.47,both,0.02949999999999875,0.03191241934000654,0
2026-03-16,92.3966,92.42,both,0.023399999999995202,0.02532560721930807,0
2026-03-17,92.457,92.36,both,-0.0969999999999942,-0.10491363552786075,0
2026-03-18,92.4514,92.87,both,0.41859999999999786,0.45277843277657,0
2026-03-19,,92.62,fred_only,,,0
2026-03-20,93.3483,93.73,both,0.38170000000000925,0.40889871588449844,0
2026-03-23,93.898,93.96,both,0.06199999999999761,0.06602909540139046,0
2026-03-24,93.8792,93.86,both,-0.019199999999997885,-0.020451814672470457,0
2026-03-25,93.9657,93.97,both,0.004300000000000637,0.004576137888613225,0
2026-03-26,,93.97,fred_only,,,0
2026-03-27,94.5988,94.83,both,0.23120000000000118,0.24440056322067635,0
2026-03-30,94.6543,94.41,both,-0.24430000000000973,-0.2580970964869105,0
2026-03-31,,93.83,fred_only,,,0
2026-04-01,,93.21,fred_only,,,0
2026-04-02,93.2088,93.09,both,-0.11879999999999313,-0.1274557767077713,0
2026-04-03,,93.09,fred_only,,,0
2026-04-06,93.0591,93.06,both,0.0009000000000014552,0.0009671273416586397,0
2026-04-07,92.9625,92.96,both,-0.002500000000011937,-0.002689256420612545,0
2026-04-08,92.5586,92.25,both,-0.30859999999999843,-0.3334104016266435,0
2026-04-09,92.7129,92.69,both,-0.022900000000007026,-0.02469990691695225,0
2026-04-10,92.6492,92.72,both,0.07080000000000553,0.07641728153076932,0
2026-04-13,93.3684,93.39,both,0.021600000000006503,0.023134165306470392,0
2026-04-14,,93.37,fred_only,,,0
2026-04-15,93.3885,93.37,both,-0.01849999999998886,-0.019809719612145886,0
2026-04-16,93.337,93.2,both,-0.13700000000000045,-0.1467799479306175,0
2026-04-17,92.7235,92.9,both,0.17650000000000432,0.19035088192314173,0
2026-04-20,93.0681,93.13,both,0.06189999999999429,0.0665104369810862,0
2026-04-21,93.4404,93.5,both,0.059600000000003206,0.06378397352751403,0
2026-04-22,93.8351,93.79,both,-0.045099999999990814,-0.04806303824474084,0
2026-04-23,94.0802,94.11,both,0.029799999999994498,0.031675102731493446,0
2026-04-24,94.2958,94.25,both,-0.04579999999999984,-0.04857056199745889,0
2026-04-27,94.2168,94.19,both,-0.026800000000008595,-0.028445033157577623,0
2026-04-28,94.521,94.54,both,0.019000000000005457,0.02010135313846178,0
2026-04-29,94.787,94.85,both,0.06299999999998818,0.06646481057527738,0
2026-04-30,95.2417,94.91,both,-0.3316999999999979,-0.3482718179116899,0
2026-05-01,,94.9,fred_only,,,0
2026-05-04,94.9432,95.09,both,0.14679999999999893,0.1546187615332103,0
2026-05-05,95.3602,95.32,both,-0.04020000000001289,-0.04215595185414134,0
2026-05-06,95.1643,94.61,both,-0.5542999999999978,-0.5824663240311733,1
2026-05-07,94.7759,94.25,both,-0.5258999999999929,-0.5548878987168605,1
2026-05-08,94.4365,94.49,both,0.05349999999999966,0.056651824241685855,0
2026-05-11,95.2029,95.31,both,0.10710000000000264,0.11249657310859505,0
2026-05-12,95.5564,95.63,both,0.073599999999999,0.07702257514933485,0
2026-05-13,95.6536,95.69,both,0.03640000000000043,0.0380539781043269,0
2026-05-14,95.7529,95.76,both,0.007100000000008322,0.007414919025959863,0
2026-05-15,95.9255,95.97,both,0.04449999999999932,0.046390167369468306,0
2026-05-18,96.2948,96.35,both,0.05519999999999925,0.057323967649342694,0
2026-05-19,96.345,96.53,both,0.18500000000000227,0.1920182676838469,0
2026-05-20,96.8441,96.82,both,-0.02410000000000423,-0.024885356980966555,0
2026-05-21,96.3172,96.2,both,-0.11719999999999686,-0.1216812781102408,0
2026-05-22,95.9588,95.69,both,-0.2687999999999988,-0.2801202182603355,0
2026-05-25,95.2047,,rbi_only,,,0
2026-05-26,95.4437,95.68,both,0.23629999999999995,0.24758051081422866,0
2026-05-27,95.7883,95.69,both,-0.09830000000000894,-0.10262213652398981,0
2026-05-28,,95.69,fred_only,,,0
2026-05-29,95.3845,95.0,both,-0.38450000000000273,-0.4031053263370912,0
2026-06-01,94.8913,94.99,both,0.09869999999999379,0.1040137504702684,0
2026-06-02,95.1702,95.27,both,0.09980000000000189,0.10486475808604154,0
2026-06-03,95.7795,95.71,both,-0.069500000000005,-0.07256250032627545,0
2026-06-04,95.7425,95.79,both,0.04749999999999943,0.049612241167714885,0
2026-06-05,95.3996,94.95,both,-0.4496000000000038,-0.4712808020159453,0
2026-06-08,95.6198,95.71,both,0.09019999999999584,0.09433192706949381,0
2026-06-09,95.6359,95.35,both,-0.28590000000001226,-0.29894631618462547,0
2026-06-10,95.1855,95.27,both,0.08449999999999136,0.08877402545554874,0
2026-06-11,95.7205,95.76,both,0.039500000000003865,0.04126597750743453,0
2026-06-12,95.3825,95.11,both,-0.27249999999999375,-0.2856918197782547,0
2026-06-15,94.6772,94.71,both,0.03279999999999461,0.03464403256538492,0
2026-06-16,94.6992,94.62,both,-0.07920000000000016,-0.08363323027016084,0
2026-06-17,94.3758,94.53,both,0.154200000000003,0.16338934345457523,0
2026-06-18,94.2795,94.33,both,0.050499999999999545,0.05356413642414262,0
2026-06-19,94.4735,,rbi_only,,,0
2026-06-22,94.4938,94.68,both,0.1862000000000137,0.19704996518291537,0
2026-06-23,94.7064,94.74,both,0.03359999999999275,0.035478066952172975,0
2026-06-24,94.698,94.67,both,-0.027999999999991587,-0.029567678303651174,0
2026-06-25,94.4804,94.4,both,-0.08039999999999736,-0.0850970148305864,0
2026-06-26,,94.37,fred_only,,,0
2026-06-29,94.3519,94.54,both,0.1881000000000057,0.19936005528241157,0
2026-06-30,94.5975,94.66,both,0.0625,0.0660693992970216,0
2026-07-01,94.7323,95.25,both,0.5177000000000049,0.5464873121416929,1
2026-07-02,95.2731,95.39,both,0.11690000000000111,0.1226999016511493,0
2026-07-03,95.2408,,rbi_only,,,0
2026-07-06,95.4346,95.4,both,-0.03459999999999752,-0.03625519465686189,0
2026-07-07,95.3138,94.97,both,-0.34380000000000166,-0.36070327696514215,0
2026-07-08,95.2236,95.56,both,0.3363999999999976,0.35327376826752777,0
2026-07-09,95.3746,95.39,both,0.015399999999999636,0.016146856710276776,0
2026-07-10,95.3129,95.33,both,0.017099999999999227,0.017940908313564298,0
2026-07-13,95.8336,95.62,both,-0.21359999999999957,-0.22288633631628108,0
2026-07-14,96.1138,96.2,both,0.08620000000000516,0.08968535215547109,0
2026-07-15,96.2219,96.26,both,0.03810000000000002,0.03959597555234309,0
2026-07-16,96.3172,96.35,both,0.03279999999999461,0.03405414609228114,0
2026-07-17,96.3665,96.28,both,-0.08650000000000091,-0.08976148350308552,0
2026-07-20,96.512,96.45,both,-0.06199999999999761,-0.06424071618036889,0
2026-07-21,96.2537,96.24,both,-0.013700000000000045,-0.014233219086642952,0
2026-07-22,96.4745,96.57,both,0.09549999999998704,0.09898988851975085,0
2026-07-23,96.5431,96.57,both,0.026899999999997704,0.027863203066814415,0
2026-07-24,96.539,96.56,both,0.021000000000000796,0.0217528667170789,0
2026-07-27,96.1856,95.91,both,-0.2755999999999972,-0.28652937653868893,0
2026-07-28,95.7954,95.85,both,0.05459999999999354,0.05699647373464022,0
2026-07-29,95.717,95.65,both,-0.06699999999999307,-0.06999801498165745,0
2026-07-30,95.7327,95.68,both,-0.05269999999998731,-0.05504911070092802,0
2026-07-31,95.3706,95.38,both,0.009399999999999409,0.009856286947968671,0
2026-08-03,95.2601,95.34,both,0.07990000000000919,0.08387562053788436,0
2026-08-04,95.3487,95.38,both,0.03130000000000166,0.03282687650697037,0
2026-08-05,95.1237,95.14,both,0.01630000000000109,0.01713558240480668,0
2026-08-06,95.2053,95.21,both,0.004699999999999704,0.004936699952628377,0
2026-08-07,95.2135,95.21,both,-0.003500000000002501,-0.0036759493139129447,0
2026-08-10,95.256,95.3,both,0.04399999999999693,0.04619131603258265,0
2026-08-11,95.4321,95.44,both,0.007899999999992247,0.008278137020973284,0
2026-08-12,95.4261,95.33,both,-0.09610000000000696,-0.10070620092407315,0
2026-08-13,95.4098,95.44,both,0.030199999999993565,0.03165293292721876,0
2026-08-14,95.4263,95.43,both,0.0037000000000091404,0.0038773377989182655,0
2026-08-17,95.6019,95.6,both,-0.00190000000000623,-0.00198740820005275,0
2026-08-18,95.6772,95.68,both,0.0028000000000076852,0.0029265070466189284,0
2026-08-19,95.7477,95.75,both,0.002300000000005298,0.0024021464745422588,0
2026-08-20,95.6416,95.71,both,0.06839999999999691,0.07151699678800533,0
2026-08-21,95.7467,95.7,both,-0.046700000000001296,-0.048774526954977346,0
2026-08-24,95.7258,95.75,both,0.024199999999993338,0.02528054087820978,0
2026-08-25,95.7143,95.41,both,-0.3042999999999978,-0.3179253256827849,0
2026-08-26,,95.43,fred_only,,,0
2026-08-27,95.5131,95.54,both,0.026900000000011914,0.028163675977443844,0
2026-08-28,95.5614,95.38,both,-0.18140000000001066,-0.18982559903895363,0
2026-08-31,95.4509,95.16,both,-0.2909000000000077,-0.3047640200354399,0
2026-09-01,94.8697,94.95,both,0.08030000000000825,0.08464240953645712,0
2026-09-02,94.9701,94.97,both,-0.00010000000000331966,-0.00010529629852271363,0
2026-09-03,94.4688,94.49,both,0.021199999999993224,0.022441271615595015,0
2026-09-04,94.4914,94.49,both,-0.0014000000000038426,-0.0014816163164095807,0
2026-09-07,94.4467,,rbi_only,,,0
2026-09-08,94.7178,94.82,both,0.1021999999999963,0.10789946557035351,0
2026-09-09,95.1483,95.09,both,-0.05830000000000268,-0.0612727710321705,0
2026-09-10,95.2311,95.44,both,0.20889999999999986,0.21936111207368167,0
2026-09-11,95.7245,95.55,both,-0.17450000000000898,-0.1822939790753767,0
2026-09-14,,95.55,fred_only,,,0
2026-09-15,95.9253,95.95,both,0.024700000000009936,0.025749202765078597,0
2026-09-16,95.9433,95.96,both,0.01670000000000016,0.01740611381930803,0
2026-09-17,95.8855,95.93,both,0.04450000000001353,0.04640951968755811,0
2026-09-18,95.791,95.87,both,0.07900000000000773,0.08247121337078404,0
2026-09-21,95.7991,95.81,both,0.010900000000006571,0.01137797745490988,0
2026-09-22,95.8179,95.59,both,-0.2278999999999911,-0.2378469993602355,0
2026-09-23,95.731,95.74,both,0.009000000000000341,0.009401343347505343,0
2026-09-24,95.9099,95.96,both,0.05010000000000048,0.052236526156320136,0
2026-09-25,95.8918,95.81,both,-0.0818000000000012,-0.0853044785894114,0
2026-09-28,95.9681,,rbi_only,,,0
2026-09-29,96.0321,,rbi_only,,,0
