date,open,high,low,close,traded_qty,turnover_cr
11-APR-2012,5209.45,5263.65,5190.8,5226.85,167013527,5585.7
10-APR-2012,5254.1,5255.8,5211.85,5243.6,156106794,4886.48
09-APR-2012,5282.5,5287.9,5228,5234.4,111914936,3680.04
04-APR-2012,5328.65,5338.4,5305.3,5322.9,122106162,4084.37
03-APR-2012,5353.2,5378.75,5344.45,5358.5,152496489,5256.86
02-APR-2012,5296.35,5331.55,5278.8,5317.9,134538287,4583.68
30-MAR-2012,5206.6,5307.1,5203.65,5295.55,164790056,6082.93
29-MAR-2012,5145.95,5194.3,5135.95,5178.85,242557889,8632.05
28-MAR-2012,5231.7,5236.55,5169.6,5194.75,145803597,5411.63
27-MAR-2012,5242.95,5277.95,5184.65,5243.15,208775421,7445.92
26-MAR-2012,5274.35,5274.95,5174.9,5184.25,169785835,5582.28
23-MAR-2012,5255.65,5312,5220,5278.2,172738574,6371.46
22-MAR-2012,5361.1,5385.95,5205.65,5228.45,205581062,7359.89
21-MAR-2012,5267.2,5372.35,5256,5364.95,199787985,6807.02
20-MAR-2012,5257.15,5297.35,5233.25,5274.85,181345285,6158
19-MAR-2012,5337.35,5340.7,5238.55,5257.05,179877454,6275.89
16-MAR-2012,5380.35,5445.65,5305,5317.9,267521147,9432.07
15-MAR-2012,5462.5,5462.5,5362.3,5380.5,160257651,5961.15
14-MAR-2012,5490.55,5499.4,5437.8,5463.9,181714070,7345.67
13-MAR-2012,5391.05,5438.65,5390.8,5429.5,179965296,5907.14
12-MAR-2012,5420.1,5421.9,5327.3,5359.55,176668237,6484.38
09-MAR-2012,5294.1,5342.3,5291.6,5333.55,203005845,7080.66
07-MAR-2012,5207.05,5243.85,5171.45,5220.45,230726017,7173.14
06-MAR-2012,5266,5382.05,5206.4,5222.4,290396014,9319.01
05-MAR-2012,5342.55,5344.5,5265.7,5280.35,196421155,6036.63
03-MAR-2012,5360.05,5369.6,5353.4,5359.4,16770991,429.35
02-MAR-2012,5369.45,5392.55,5315.05,5359.35,185021526,6768.52
01-MAR-2012,5366,5372.45,5297.5,5339.75,196867905,6847.63
29-FEB-2012,5424.95,5458.8,5352.25,5385.2,226022232,8454.41
28-FEB-2012,5310.5,5391.1,5306.45,5375.5,208133889,7815.9
27-FEB-2012,5448.1,5449.8,5268.15,5281.2,235318961,7706.81
24-FEB-2012,5479.15,5521.4,5405.9,5429.3,364660634,17356.76
23-FEB-2012,5490.05,5537.4,5460.8,5483.3,307246519,9987.65
22-FEB-2012,5609.75,5629.95,5491.35,5505.35,263013427,9694.44
21-FEB-2012,5561.9,5621.5,5561.75,5607.15,231132126,8169.38
17-FEB-2012,5574.2,5606.7,5545.2,5564.3,329307516,11512.01
16-FEB-2012,5513.75,5531.4,5483.75,5521.95,270060477,9053.45
15-FEB-2012,5460.6,5542.1,5460.6,5531.95,314366096,9958.28
14-FEB-2012,5380.8,5428.05,5377.95,5416.05,201409996,6693.43
13-FEB-2012,5382.1,5421.05,5351.4,5390.2,181561910,6738
10-FEB-2012,5399.8,5427.75,5341.05,5381.6,225352093,7396.34
09-FEB-2012,5343.05,5423.4,5338.9,5412.35,255306965,8143.96
08-FEB-2012,5343.8,5396.9,5325.2,5368.15,236135416,9359.98
07-FEB-2012,5412.95,5413.35,5322.95,5335.15,181194561,6797.14
06-FEB-2012,5379.45,5390.05,5327.25,5361.65,215080487,7703.06
03-FEB-2012,5276.1,5334.85,5255.55,5325.85,217358188,7573.02
02-FEB-2012,5272.1,5289.95,5225.75,5269.9,337960651,11126.39
01-FEB-2012,5198.15,5244.6,5159,5235.7,234899358,8066.68
31-JAN-2012,5125.25,5215.4,5120.15,5199.25,215770719,8075.54
30-JAN-2012,5163.55,5166.15,5076.7,5087.3,181141437,6181.32
27-JAN-2012,5216.75,5217,5162.4,5204.7,215923377,7881.15
25-JAN-2012,5151.5,5174.15,5130.25,5158.3,219175709,8156.04
24-JAN-2012,5064.8,5141.05,5049.8,5127.35,202006565,8172.43
23-JAN-2012,5025.35,5059.55,5021.35,5046.25,158177571,5934.04
20-JAN-2012,5044.85,5064.15,5004.3,5048.6,221048007,8120.35
19-JAN-2012,4995,5023.8,4991.4,5018.4,203487608,6634.33
18-JAN-2012,4977.75,4980.65,4931.05,4955.8,211198796,7424.79
17-JAN-2012,4904.5,4975.55,4904,4967.3,223004183,7170.72
16-JAN-2012,4844,4880.8,4827.05,4873.9,160479891,5297.89
13-JAN-2012,4861.95,4898.85,4834.2,4866,230940604,7117.5
12-JAN-2012,4840.95,4869.2,4803.9,4831.25,183068697,7271.44
11-JAN-2012,4863.15,4877.2,4841.6,4860.95,209079758,6364
10-JAN-2012,4771.85,4855.9,4768.25,4849.55,201661174,6222.27
09-JAN-2012,4747.55,4758.7,4695.45,4742.8,147534537,4548.3
07-JAN-2012,4755.6,4759.4,4743.05,4746.9,18783880,414.88
06-JAN-2012,4724.15,4794.9,4686.85,4754.1,176057282,5234.69
05-JAN-2012,4749,4779.8,4730.15,4749.95,177862936,5873.79
04-JAN-2012,4774.95,4782.85,4728.85,4749.65,165938849,5661.16
03-JAN-2012,4675.8,4773.1,4675.8,4765.3,146621115,5021.29
02-JAN-2012,4640.2,4645.95,4588.05,4636.75,108460668,3590.96
31-DEC-2012,5901.2,5919,5897.15,5905.1,64809641,3021.71
28-DEC-2012,5887.15,5915.75,5879.5,5908.35,89669021,3863.47
27-DEC-2012,5930.2,5930.8,5864.7,5870.1,139613235,5955.51
17-DEC-2012,5860.5,5886.05,5850.15,5857.9,109547002,4998.19
13-DEC-2012,5900.35,5907.45,5841.35,5851.5,136616335,5976.15
12-DEC-2012,5917.8,5924.6,5874.25,5888,132665649,6117.63
10-DEC-2012,5916.05,5919.95,5888.1,5908.9,95975757,4339.84
05-DEC-2012,5906.6,5917.8,5891.35,5900.5,139653957,5583.78
30-NOV-2012,5836,5885.25,5827.85,5879.85,257047977,10777.34
27-NOV-2012,5658.5,5733.2,5658,5727.45,134407735,5380.95
23-NOV-2012,5635.45,5637.75,5593.55,5626.6,85082220,3213.06
21-NOV-2012,5582.5,5620.2,5561.4,5614.8,105148728,4228.47
20-NOV-2012,5604.8,5613.7,5548.35,5571.55,107481297,4399.93
16-NOV-2012,5624.8,5650.15,5559.8,5574.05,121900570,4996.15
15-NOV-2012,5650.35,5651.65,5603.55,5631,133979470,5554.05
13-NOV-2012,5689.7,5698.25,5660.35,5666.95,16516842,680.72
12-NOV-2012,5688.45,5718.9,5665.75,5683.7,92702799,4082.62
09-NOV-2012,5731.1,5751.7,5677.75,5686.25,98763127,4833.64
07-NOV-2012,5718.6,5777.3,5711.4,5760.1,133740615,5242.18
06-NOV-2012,5694.1,5730.8,5693.65,5724.4,115018796,4677.92
01-NOV-2012,5609.85,5649.75,5601.95,5645.05,107393402,4633.11
31-OCT-2012,5596.75,5624.4,5583.05,5619.7,112075316,4918.55
29-OCT-2012,5665.2,5698.3,5645.1,5665.6,93555816,3953.86
25-OCT-2012,5688.8,5718.75,5685.7,5705.3,158343061,7359.34
23-OCT-2012,5715.65,5720.8,5681.45,5691.4,81501427,3803.5
18-OCT-2012,5675.3,5722.5,5650.55,5718.7,144097860,6264.78
17-OCT-2012,5681.1,5684.35,5633.9,5660.25,123974371,5259.46
16-OCT-2012,5705.6,5714,5635.6,5648,117415701,5043.3
12-OCT-2012,5681.7,5725,5659.35,5676.05,130076802,6475.3
10-OCT-2012,5671.15,5686.5,5647.05,5652.15,126294361,4564.39
05-OCT-2012,5815,5815.35,4888.2,5746.95,255569804,12995.8
03-OCT-2012,5727.7,5743.25,5715.8,5731.25,165037864,6654.02
01-OCT-2012,5704.75,5722.95,5694,5718.8,123138510,4798.17
28-SEP-2012,5684.8,5735.15,5683.45,5703.3,163660805,6948.17
26-SEP-2012,5653.4,5672.8,5638.65,5663.45,170771069,6754.98
25-SEP-2012,5674.9,5702.7,5652.45,5673.9,341387116,12551.6
24-SEP-2012,5691.95,5709.85,5662.75,5669.6,210419441,8380.56
21-SEP-2012,5577,5720,5575.45,5691.15,278023825,11101.32
20-SEP-2012,5536.95,5581.35,5534.9,5554.25,165684942,6768.88
18-SEP-2012,5602.4,5620.55,5586.45,5600.05,175488961,7272.63
17-SEP-2012,5631.75,5652.2,5585.15,5610,258912780,10924.57
14-SEP-2012,5528.35,5586.65,5526.95,5577.65,233783031,9263.53
12-SEP-2012,5404.45,5435.55,5393.95,5431,139920871,4885.71
11-SEP-2012,5336.1,5393.35,5332.1,5390,112878090,4081.42
10-SEP-2012,5361.9,5375.45,5349.1,5363.45,109607506,4183.01
06-SEP-2012,5217.65,5260.6,5217.65,5238.4,134008569,4622.16
30-AUG-2012,5268.6,5342.8,5255.05,5315.05,226494000,8374.69
29-AUG-2012,5343.85,5345.5,5282.7,5287.8,157470632,4581.21
28-AUG-2012,5348.05,5359.25,5312.6,5334.6,123683723,4771
27-AUG-2012,5387.85,5399.15,5346.65,5350.25,89987572,3882.41
24-AUG-2012,5392.6,5399.65,5371,5386.7,114346965,4520.37
22-AUG-2012,5395.75,5433.35,5394.8,5412.85,103103501,4156.18
13-AUG-2012,5316.35,5352.45,5309.05,5347.9,107578773,4678.33
09-AUG-2012,5348.3,5368.2,5312.1,5322.95,181419777,6763.23
06-AUG-2012,5260.85,5293.2,5260.85,5282.55,103148076,4271.5
03-AUG-2012,5195.6,5220.2,5164.65,5215.7,112918653,4213.76
31-JUL-2012,5214.85,5234.55,5154.05,5229,147059808,6254.67
30-JUL-2012,5129.75,5206.6,5129.75,5199.8,117523733,5278.7
27-JUL-2012,5124.3,5149.95,5077.5,5099.85,131948378,5828.12
26-JUL-2012,5126.3,5126.3,5032.4,5043,180131639,6920.23
25-JUL-2012,5118.4,5121.6,5076.6,5109.6,130965621,4654.17
23-JUL-2012,5163.25,5164.2,5108.1,5117.95,104770324,4394.24
19-JUL-2012,5249.85,5257.75,5233.15,5242.7,109769282,5494.99
17-JUL-2012,5228.05,5236.7,5181.7,5192.85,111768115,4719.2
16-JUL-2012,5232.35,5246.85,5190.45,5197.25,106313144,4283.22
10-JUL-2012,5286.6,5348.55,5284.55,5345.35,123947633,5024.13
09-JUL-2012,5283.7,5300.6,5257.75,5275.15,101169926,4189.25
06-JUL-2012,5324.7,5327.2,5287.75,5316.95,113300726,4760.51
03-JUL-2012,5298.85,5317,5265.95,5287.95,133117055,5161.82
02-JUL-2012,5283.85,5302.15,5263.35,5278.6,126161441,4991.57
12-JUN-2013,5771.75,5792.9,5738.6,5760.2,140394424,5894.04
11-JUN-2013,5848.75,5868.05,5780.35,5788.8,180902123,6695.57
10-JUN-2013,5907.9,5931.65,5857.4,5878,100130739,4304.75
07-JUN-2013,5900.05,5972.7,5871.3,5881,118346364,4888.65
06-JUN-2013,5895,5956.55,5869.5,5921.4,114174694,4961.54
05-JUN-2013,5908.3,5935.2,5883.7,5923.85,110223279,4691.39
04-JUN-2013,5941.1,5981.6,5910.25,5919.45,114450873,4990.51
03-JUN-2013,5997.35,6011,5916.35,5939.3,112123535,5702.24
31-MAY-2013,6098.7,6106.25,5975.55,5985.95,175311989,7223.11
30-MAY-2013,6072.15,6133.75,6072.15,6124.05,194092801,7794.82
29-MAY-2013,6120.45,6125.05,6069.8,6104.3,120205054,5135.8
28-MAY-2013,6086.35,6127.65,6055.4,6111.25,139668916,5481.14
27-MAY-2013,5989.4,6099.9,5975.55,6083.15,115115365,4961.15
24-MAY-2013,6010.7,6015.3,5936.8,5983.55,161622562,6193
23-MAY-2013,6050.4,6081.45,5955.7,5967.05,198930489,8230.1
22-MAY-2013,6127.05,6147.6,6074.45,6094.5,133763685,5837.19
21-MAY-2013,6152.35,6180.25,6102.35,6114.1,130589228,5122.71
20-MAY-2013,6198,6229.45,6146.05,6156.9,122252978,5589.97
17-MAY-2013,6172.95,6199.95,6146.15,6187.3,147280254,5870.44
16-MAY-2013,6128.25,6187.3,6128.25,6169.9,158635506,6733.31
15-MAY-2013,6018.85,6157.1,6018.85,6146.75,153892843,7240.73
14-MAY-2013,5989.7,6026.2,5970.05,5995.4,119265483,4921.65
13-MAY-2013,6098.2,6104.95,5972.9,5980.45,107948706,4633.05
11-MAY-2013,6088.2,6114.55,6084.15,6107.25,7991165,355.74
10-MAY-2013,6046.25,6105.3,6045.6,6094.75,111351573,5162.22
09-MAY-2013,6078.35,6084.7,6040.45,6050.15,109997276,5164.76
08-MAY-2013,6064.15,6083.55,6024.95,6069.3,122278698,5159.97
07-MAY-2013,5983.45,6050.5,5982.95,6043.55,136372981,5572.16
06-MAY-2013,5944.9,5976.5,5928.45,5971.05,110166713,4612.49
03-MAY-2013,5993.5,6000.3,5930.15,5944,145754275,6590.91
02-MAY-2013,5911.4,6019.45,5910.95,5999.35,162376438,7277.43
30-APR-2013,5932.6,5962.3,5867.8,5930.2,153186197,6699.02
29-APR-2013,5877.6,5918.65,5868.8,5904.1,118882089,5364.86
26-APR-2013,5899.75,5907.05,5860.5,5871.45,141311877,6840.01
25-APR-2013,5856.1,5924.6,5853.3,5916.3,199597725,9211.66
23-APR-2013,5843.1,5844.3,5791.55,5836.9,132218357,5366.87
22-APR-2013,5789.85,5844.85,5789.8,5834.4,135095797,6073.25
18-APR-2013,5682.7,5794.35,5681.85,5783.1,149883469,6588.7
17-APR-2013,5708.65,5732.15,5669,5688.7,154575403,7304.1
16-APR-2013,5562.45,5699.25,5555.85,5688.95,142679244,5943.06
15-APR-2013,5508.5,5592.85,5500.3,5568.4,142918219,7133.92
12-APR-2013,5520.7,5544.5,5494.9,5528.55,127323273,7447.27
11-APR-2013,5601.65,5610.65,5542.85,5594,146828501,6469.38
10-APR-2013,5536.25,5569.25,5477.2,5558.7,128558760,5387.08
09-APR-2013,5568.75,5603.05,5487,5495.1,138184712,5485.91
08-APR-2013,5550.5,5569.2,5537.05,5542.95,97021471,3673.21
05-APR-2013,5568.1,5577.3,5534.7,5553.25,137461477,5281.57
04-APR-2013,5640.65,5644.45,5565.65,5574.75,134586976,5000.44
03-APR-2013,5740.2,5744.95,5650.1,5672.9,140713330,5313.95
02-APR-2013,5701.7,5754.6,5687.15,5748.1,106423845,4262.15
01-APR-2013,5697.35,5720.95,5675.9,5704.4,97779717,3683.38
28-MAR-2013,5647.75,5692.95,5604.85,5682.55,209658945,8372.35
26-MAR-2013,5613.75,5655.3,5612.05,5641.6,126500524,4939.19
25-MAR-2013,5707.3,5718.4,5624.4,5633.85,150388821,5683.44
22-MAR-2013,5659.8,5691.45,5631.8,5651.35,165293291,5909.38
21-MAR-2013,5705.9,5757.75,5647.95,5658.75,179177573,7053.93
20-MAR-2013,5740.55,5745.3,5682.3,5694.4,187624850,7103.68
19-MAR-2013,5859.5,5863.6,5724.3,5745.95,182311867,8255.03
18-MAR-2013,5816.75,5850.2,5814.35,5835.25,102663402,4690.01
15-MAR-2013,5914.9,5945.65,5861,5872.6,152156666,6984.19
14-MAR-2013,5845.95,5920.15,5791.75,5908.95,149008437,7204.09
13-MAR-2013,5884.8,5893.85,5842.25,5851.2,116710808,4950.09
12-MAR-2013,5944.6,5952,5893.65,5914.1,115944389,5098.38
11-MAR-2013,5946.1,5971.2,5930.35,5942.35,125384918,5688.38
08-MAR-2013,5883.65,5952.85,5883,5945.7,150781148,6214.19
07-MAR-2013,5801.3,5878,5801.3,5863.3,134679762,5676.89
06-MAR-2013,5816.4,5828.7,5795.05,5818.6,156901392,6244.47
05-MAR-2013,5722.45,5790.1,5722.4,5784.25,154406134,6321.31
04-MAR-2013,5704.7,5712,5663.6,5698.5,144887325,5778.72
01-MAR-2013,5702.45,5739.45,5679.9,5719.7,174517984,6877.59
10-OCT-2013,6001.05,6033.95,5979.8,6020.95,159607329,6163.68
09-OCT-2013,5893.25,6015.5,5877.1,6007.45,192037125,6904.96
08-OCT-2013,5975,5981.7,5913,5928.4,158527593,5950.47
07-OCT-2013,5889.05,5912,5825.85,5906.15,156387945,5348.49
04-OCT-2013,5891.3,5950.45,5885,5907.3,191469248,6052.47
03-OCT-2013,5819.1,5917.6,5802.7,5909.7,199793235,7481.97
01-OCT-2013,5756.1,5786.45,5700.95,5780.05,159247089,5075.7
30-SEP-2013,5801.05,5810.2,5718.5,5735.3,155674706,5642.77
27-SEP-2013,5905.55,5909.2,5819.3,5833.2,163067913,5303.31
26-SEP-2013,5872.8,5917.65,5864.1,5882.25,220589737,7761.99
25-SEP-2013,5901.55,5910.55,5811.1,5873.85,200162195,6988.96
24-SEP-2013,5855,5938.4,5854.55,5892.45,187578148,7002.84
23-SEP-2013,5945.8,5989.4,5871.4,5889.75,188322506,6596.17
20-SEP-2013,6104.55,6130.95,5932.85,6012.1,318645265,11587.18
19-SEP-2013,6044.15,6142.5,6040.15,6115.55,287191701,11291.28
18-SEP-2013,5872.75,5916.9,5840.2,5899.45,153585493,5369.63
17-SEP-2013,5824.2,5857.8,5804.9,5850.2,157938740,5550.64
16-SEP-2013,5930.3,5957.25,5798.15,5840.55,219455842,7819.05
13-SEP-2013,5828,5884.3,5822.9,5850.6,190768447,6403.37
12-SEP-2013,5931.15,5932,5815.8,5850.7,272987246,7667.76
11-SEP-2013,5887.25,5924.35,5832.7,5913.15,265006808,7980.51
10-SEP-2013,5738.5,5904.85,5738.2,5896.75,275244175,10307.97
06-SEP-2013,5617.45,5688.6,5566.15,5680.4,253030740,8821.54
05-SEP-2013,5553.75,5625.75,5552.7,5592.95,274937515,9484.19
04-SEP-2013,5358.65,5460.25,5318.9,5448.1,237230494,7252.61
03-SEP-2013,5574.7,5580.95,5323.75,5341.45,250298844,7304.81
02-SEP-2013,5480.25,5564.9,5478.85,5550.75,214232444,6135.94
30-AUG-2013,5407.45,5493.3,5360.2,5471.8,336401705,11431.52
29-AUG-2013,5316.5,5428.9,5303,5409.05,326499273,10580.48
28-AUG-2013,5233.45,5317.7,5118.85,5285,335993745,10705.51
27-AUG-2013,5426.5,5427.4,5274.25,5287.45,306037010,8236.84
26-AUG-2013,5499.4,5528.7,5454.45,5476.5,241996358,6465.02
23-AUG-2013,5428.75,5478.8,5377.8,5471.75,251511910,7763.2
22-AUG-2013,5282.8,5418.95,5254.05,5408.45,284468531,9075.86
21-AUG-2013,5494.45,5504.1,5268.45,5302.55,255004311,8509.29
20-AUG-2013,5353.45,5417.8,5306.35,5401.45,261052792,7982.22
19-AUG-2013,5497.55,5499.65,5360.65,5414.75,219672819,6713.03
16-AUG-2013,5705.45,5716.6,5496.05,5507.85,248094094,8807.27
14-AUG-2013,5715.4,5754.55,5690.2,5742.3,223656483,6970.2
13-AUG-2013,5600.25,5704.75,5578.9,5699.3,222997337,7073.34
12-AUG-2013,5606.7,5644.1,5557.1,5612.4,195708484,7063.92
08-AUG-2013,5510.05,5577.6,5510.05,5565.65,204918722,6968.85
07-AUG-2013,5549.3,5561.45,5486.85,5519.1,245010773,7725.23
06-AUG-2013,5664.9,5664.9,5521.8,5542.25,216227972,6424.42
05-AUG-2013,5682.4,5721,5661.5,5685.4,197167952,5575.21
02-AUG-2013,5750.05,5761.85,5649,5677.9,222494469,6350.26
01-AUG-2013,5776.9,5808.5,5676.85,5727.85,216762208,7164.04
31-JUL-2013,5738.35,5752.1,5675.75,5742,235469131,8717.16
30-JUL-2013,5836.05,5861.3,5747.6,5755.05,181489174,6006.91
29-JUL-2013,5869.95,5886,5825.8,5831.65,173430612,4812.3
26-JUL-2013,5937.95,5944.5,5869.5,5886.2,174535664,6419.86
25-JUL-2013,5970.4,5990.65,5896.4,5907.5,237081135,8762.77
24-JUL-2013,6032.2,6047.25,5962.6,5990.5,151931749,6413.64
23-JUL-2013,6064.3,6093.35,6061.3,6077.8,126469251,5459.62
22-JUL-2013,6009.75,6064.15,6004.25,6031.8,115168337,5117.19
19-JUL-2013,6057.2,6066.85,6020.25,6029.2,163311714,7987.75
18-JUL-2013,5984.7,6051.1,5974.55,6038.05,171728134,7774.83
17-JUL-2013,5972.25,5989.8,5926.75,5973.3,191516153,8349.59
16-JUL-2013,5930.8,5966.05,5910.95,5955.25,151162819,5915.8
15-JUL-2013,5991.2,6038.2,5980.95,6030.8,116275729,4641.97
12-JUL-2013,6000.5,6019,5951.15,6009,127707078,6591.27
11-JUL-2013,5894.5,5948.85,5887.95,5935.1,120195681,4882.29
10-JUL-2013,5869.9,5879.35,5802.85,5816.7,117516350,4820.53
09-JUL-2013,5834.6,5864.95,5834.6,5859,110427867,4661.55
08-JUL-2013,5833.15,5833.85,5775.55,5811.55,127624733,4823.52
05-JUL-2013,5889.95,5900.45,5858.45,5867.9,123586417,4303.93
04-JUL-2013,5794.75,5848.2,5786.05,5836.95,151929179,5429.87
03-JUL-2013,5811.95,5815,5760.4,5770.9,160523863,5219.24
02-JUL-2013,5885.5,5898.8,5852.3,5857.55,145721790,5163.09
01-JUL-2013,5834.1,5904.35,5822.2,5898.85,144794030,5405.72
10-APR-2014,6803.05,6819.05,6777.3,6796.4,191125947,9079.6
09-APR-2014,6722,6808.7,6705.1,6796.2,169794626,8892.66
07-APR-2014,6694.25,6725.15,6650.4,6695.05,133947319,6707.01
04-APR-2014,6741.85,6741.85,6685.15,6694.35,155127592,6676.88
03-APR-2014,6772.05,6776.75,6696.9,6736.1,197546648,7738.58
02-APR-2014,6757.6,6763.5,6723.6,6752.55,173335875,8007.75
01-APR-2014,6729.5,6732.25,6675.45,6721.05,147136671,7174.14
31-MAR-2014,6723.15,6730.05,6662.4,6704.2,177579421,7743.3
28-MAR-2014,6673.05,6702.6,6643.8,6695.9,134114378,6862.55
27-MAR-2014,6613.1,6673.95,6599.5,6641.75,312383468,12924.37
26-MAR-2014,6615.65,6627.45,6580.6,6601.4,186570474,7046.34
25-MAR-2014,6550.1,6595.55,6544.85,6589.75,168125064,6475.61
24-MAR-2014,6510.5,6591.5,6510.5,6583.5,158395722,6633.77
22-MAR-2014,6497.8,6502.65,6481.35,6494.9,9774392,373.66
21-MAR-2014,6515.2,6522.9,6485.7,6493.2,189854420,8841.94
20-MAR-2014,6508.35,6523.65,6473.25,6483.1,141984189,6280.76
19-MAR-2014,6530,6541.2,6506,6524.05,172464722,7666.24
18-MAR-2014,6532.45,6574.95,6497.65,6516.65,179308616,7268.52
14-MAR-2014,6447.25,6518.45,6432.7,6504.2,177336088,7114.55
13-MAR-2014,6491.75,6561.45,6476.65,6493.1,167858387,8356.1
12-MAR-2014,6497.5,6546.15,6487.3,6516.9,174977068,6176.54
11-MAR-2014,6537.35,6562.85,6494.25,6511.9,238994883,8268.67
10-MAR-2014,6491.7,6562.2,6487.35,6537.25,242143703,9992.74
07-MAR-2014,6413.95,6537.8,6413.55,6526.65,284922346,11368.15
06-MAR-2014,6344.75,6406.6,6339.7,6401.15,180731810,5844.96
05-MAR-2014,6328.45,6336.25,6287.8,6328.65,160300066,5754.58
04-MAR-2014,6216.75,6302.15,6215.7,6297.95,166818924,5550.29
03-MAR-2014,6264.35,6277.75,6212.25,6221.45,144562338,5040.12
28-FEB-2014,6228.45,6282.7,6228.1,6276.95,209914263,7869.42
26-FEB-2014,6202.45,6245.95,6202.1,6238.8,181663811,6641.33
25-FEB-2014,6205.7,6216.85,6176.6,6200.05,146259298,4782.95
24-FEB-2014,6140.95,6191.85,6130.8,6186.1,144877047,4424.81
21-FEB-2014,6108.3,6159.65,6108,6155.45,112596128,4001.93
20-FEB-2014,6127.15,6129.1,6086.45,6091.45,132108928,4344.77
19-FEB-2014,6132.05,6160.35,6125.75,6152.75,95248833,3735.52
18-FEB-2014,6071.3,6141.7,6066.8,6127.1,126639146,4592.38
17-FEB-2014,6057.1,6080.65,6038.3,6073.3,108492457,4455.65
14-FEB-2014,6023.75,6056.4,5984.6,6048.35,140204479,5539.7
13-FEB-2014,6087.55,6094.4,5991.1,6001.1,153652371,5037.18
12-FEB-2014,6085.35,6106.6,6077.4,6084,138547391,5351.08
11-FEB-2014,6072.45,6081.85,6053.25,6062.7,150520900,5268.8
10-FEB-2014,6072.8,6083.05,6046.4,6053.45,133070328,4762.89
07-FEB-2014,6077.65,6079.95,6030.9,6063.2,181932292,5591.39
06-FEB-2014,6028.35,6048.35,5965.4,6036.3,185503324,6291.97
05-FEB-2014,6004.25,6028.05,5962.05,6022.4,166627311,5572.13
04-FEB-2014,5947.6,6017.8,5933.3,6000.9,183252654,6075.02
03-FEB-2014,6058.8,6074.85,5994.45,6001.8,134893587,4635.69
31-JAN-2014,6082.75,6097.85,6067.35,6089.5,146713083,5407.1
30-JAN-2014,6067,6082.85,6027.25,6073.7,208061426,7694.04
29-JAN-2014,6161,6170.45,6109.8,6120.25,146733030,6487.39
28-JAN-2014,6131.85,6163.6,6085.95,6126.25,184111740,7710.08
27-JAN-2014,6186.3,6188.55,6130.25,6135.85,190442601,7091.1
24-JAN-2014,6301.65,6331.45,6263.9,6266.75,160270856,6209.06
23-JAN-2014,6325.95,6355.6,6316.4,6345.65,120054602,5278.88
22-JAN-2014,6309.05,6349.95,6287.45,6338.95,137490525,5635.92
21-JAN-2014,6320.15,6330.3,6297.9,6313.8,141728380,5831.26
20-JAN-2014,6261.75,6307.45,6243.35,6303.95,122136071,5499.51
17-JAN-2014,6306.25,6327.1,6246.35,6261.65,167719501,7895.92
16-JAN-2014,6341.35,6346.5,6299.85,6318.9,153420441,6758.63
15-JAN-2014,6265.95,6325.2,6265.3,6320.9,145922867,6422.97
14-JAN-2014,6260.25,6280.35,6234.15,6241.85,110231153,4703.01
13-JAN-2014,6189.55,6288.2,6189.55,6272.75,135009945,5984.02
10-JAN-2014,6178.85,6239.1,6139.6,6171.45,159920407,7347.29
09-JAN-2014,6181.7,6188.05,6148.25,6168.35,150064466,5908.02
08-JAN-2014,6178.05,6192.1,6160.35,6174.6,146912639,5816.54
07-JAN-2014,6203.9,6221.5,6144.75,6162.25,138559000,5696.6
06-JAN-2014,6220.85,6224.7,6170.25,6191.45,118344976,4722.67
03-JAN-2014,6194.55,6221.7,6171.25,6211.15,139043889,5369.42
02-JAN-2014,6301.25,6358.3,6211.3,6221.15,158132556,5249.79
01-JAN-2014,6323.8,6327.2,6298.25,6301.65,69567668,2015.36
14-OCT-2014,7923.25,7928,7825.45,7864,225472732,7709
13-OCT-2014,7831,7901.15,7796,7884.25,118781369,6584.44
10-OCT-2014,7911,7924.05,7848.45,7859.95,142926893,8473.9
09-OCT-2014,7886.5,7972.35,7886.5,7960.55,123767811,6797.45
08-OCT-2014,7828.75,7869.9,7815.75,7842.7,135914083,7408.61
07-OCT-2014,7897.4,7943.05,7842.7,7852.4,148199508,7982.75
01-OCT-2014,7960.5,7977.5,7936.7,7945.55,112997913,5979.61
30-SEP-2014,7948.8,8030.9,7923.85,7964.8,141142071,7467.66
29-SEP-2014,7978.45,7991.75,7934.7,7958.9,97267975,5089.35
26-SEP-2014,7885.85,7993.3,7841.8,7968.85,147835866,8247.78
25-SEP-2014,8003.3,8019.3,7877.35,7911.85,231899016,11692.69
24-SEP-2014,8015.55,8042.05,7950.05,8002.4,182208501,7981.87
23-SEP-2014,8144.4,8159.75,8008.1,8017.55,140780912,7947.61
22-SEP-2014,8084.45,8159.9,8064.8,8146.3,105507265,5710.43
19-SEP-2014,8129.4,8160.9,8105.35,8121.45,161284509,8957.42
18-SEP-2014,7950.65,8120.85,7939.7,8114.75,116930309,6891.09
17-SEP-2014,7971.5,7990.65,7936.95,7975.5,123722390,6689.37
16-SEP-2014,8036.6,8044.9,7925.15,7932.9,127952551,6647.49
15-SEP-2014,8070.35,8077.3,8030,8042,96502556,5387.06
12-SEP-2014,8087.05,8114.3,8071.6,8105.5,111444349,6156.73
11-SEP-2014,8115.15,8127.95,8057.3,8085.7,122818159,6492.35
10-SEP-2014,8135.55,8135.75,8082.1,8094.1,107064326,5561.6
09-SEP-2014,8161.9,8174.55,8126.5,8152.95,104740540,5364.95
08-SEP-2014,8132.95,8180.2,8126.15,8173.9,120694390,6623.08
05-SEP-2014,8099.9,8122.7,8049.85,8086.85,125981094,6559.7
04-SEP-2014,8114.2,8114.8,8060.9,8095.95,141280504,6925.82
03-SEP-2014,8110.85,8141.9,8092.25,8114.6,150726992,8444.29
02-SEP-2014,8038.6,8101.95,8036.55,8083.05,134897503,7143.64
01-SEP-2014,7990.35,8035,7984,8027.7,139328061,6944.65
28-AUG-2014,7942.25,7967.8,7939.2,7954.35,189698796,10417.14
27-AUG-2014,7933.9,7946.85,7916.55,7936.05,119961224,6261.16
26-AUG-2014,7874.5,7915.45,7862.45,7904.75,142829732,6735.18
25-AUG-2014,7931.75,7968.25,7897.95,7906.3,118465594,6152.32
22-AUG-2014,7904.55,7929.05,7900.05,7913.2,104074858,7088.03
21-AUG-2014,7875.35,7919.65,7855.95,7891.1,115221672,7502.01
20-AUG-2014,7915.8,7922.7,7864.05,7875.3,117321408,6234.79
19-AUG-2014,7901,7918.55,7881.15,7897.5,140615189,7928.8
18-AUG-2014,7785.25,7880.5,7779.2,7874.25,126742201,6892.25
14-AUG-2014,7756.15,7796.7,7739.1,7791.7,127328105,6745.33
13-AUG-2014,7717.3,7757.1,7695.7,7739.55,154083920,8030.41
12-AUG-2014,7688.8,7735.75,7654.8,7727.05,120611660,6181.17
11-AUG-2014,7619.85,7635.55,7598.6,7625.95,106972573,5535.13
08-AUG-2014,7588.7,7592.45,7540.1,7568.55,118429659,6283.56
07-AUG-2014,7651.15,7708.95,7630.4,7649.25,116792296,6030.02
06-AUG-2014,7726.15,7740.95,7658.95,7672.05,116361342,6905.9
05-AUG-2014,7706.65,7752.45,7638.05,7746.55,128238762,6772.55
04-AUG-2014,7639.55,7694.8,7622.05,7683.65,137040004,7495.07
01-AUG-2014,7662.5,7716.7,7593.9,7602.6,181070405,9796.7
31-JUL-2014,7784.65,7791.85,7711.15,7721.3,208857257,11718.26
30-JUL-2014,7746.2,7798.7,7707.6,7791.4,178110084,10175.5
28-JUL-2014,7792.9,7799.9,7722.65,7748.7,116534670,6107.78
25-JUL-2014,7828.2,7840.95,7748.6,7790.45,153936037,7827.61
24-JUL-2014,7796.25,7835.65,7771.65,7830.6,117608370,6271.45
23-JUL-2014,7794.9,7809.2,7752.9,7795.75,122119113,7062.52
22-JUL-2014,7708.2,7773.85,7704.8,7767.85,120081148,6494.69
21-JUL-2014,7701.65,7722.1,7674,7684.2,105401279,5794.45
18-JUL-2014,7630.25,7685,7595.5,7663.9,134603073,6903.7
17-JUL-2014,7612.7,7655.65,7612.7,7640.45,141612002,6753.11
16-JUL-2014,7564.15,7640.1,7532.45,7624.4,167973291,8186.24
15-JUL-2014,7491.3,7534.9,7459.15,7526.65,122068670,6124.15
14-JUL-2014,7469,7478.45,7422.15,7454.15,135231220,6659.48
11-JUL-2014,7584.1,7625.85,7447.2,7459.6,187592951,8983.29
10-JUL-2014,7589.5,7731.05,7479.05,7567.75,258385778,11431.68
09-JUL-2014,7637.95,7650.1,7551.65,7585,168348843,8176.28
08-JUL-2014,7804.05,7808.85,7595.9,7623.2,180646306,9002.25
07-JUL-2014,7780.4,7792,7755.1,7787.15,173926355,8925.04
04-JUL-2014,7718.1,7758,7661.3,7751.6,113070488,5863.82
03-JUL-2014,7734.35,7754.65,7706.8,7714.8,133755275,7320.09
02-JUL-2014,7683.05,7732.4,7677.3,7725.15,136324329,7363.75
01-JUL-2014,7629,7649.5,7618.15,7634.7,139431498,6983.63
15-APR-2015,8844.75,8844.8,8722.4,8750.2,170458015,8908.26
13-APR-2015,8801.75,8841.65,8762.1,8834,122833397,6242.71
10-APR-2015,8774.35,8787.4,8733.6,8780.35,141464357,7119.96
09-APR-2015,8756.2,8785.5,8682.45,8778.3,158192905,8391.19
08-APR-2015,8698.95,8730.5,8679.8,8714.4,149617725,7889.65
07-APR-2015,8684.45,8693.6,8586.85,8660.3,141765381,7287.01
06-APR-2015,8615.8,8667.55,8573.75,8659.9,150877855,7633
01-APR-2015,8483.7,8603.4,8464.75,8586.25,136312446,6863.03
31-MAR-2015,8527.6,8550.45,8454.15,8491,177059509,8108.36
30-MAR-2015,8390.95,8504.55,8380.75,8492.3,142061290,6713.2
27-MAR-2015,8396,8413.2,8269.15,8341.4,198979321,9528.86
26-MAR-2015,8474.95,8499.45,8325.35,8342.15,288758332,13667.31
25-MAR-2015,8568.9,8573.75,8516.55,8530.8,165952155,8200.05
24-MAR-2015,8537.05,8627.75,8535.85,8542.95,161465466,7913.26
23-MAR-2015,8591.55,8608.35,8540.55,8550.9,155425780,6195.45
20-MAR-2015,8627.9,8627.9,8553,8570.9,179982752,8484.23
19-MAR-2015,8749.45,8788.2,8614.65,8634.65,168628424,8460.35
18-MAR-2015,8742.9,8747.25,8664,8685.9,161153533,8227.5
17-MAR-2015,8689.1,8742.55,8630.8,8723.3,182504639,8086.26
16-MAR-2015,8656.75,8663.55,8612,8633.15,168438040,7559.94
13-MAR-2015,8844.05,8849.75,8631.75,8647.75,184665971,8121.26
12-MAR-2015,8740.65,8787.2,8732.9,8776,179337979,8184.46
11-MAR-2015,8728.75,8755.6,8682.35,8699.95,178053293,8259.67
10-MAR-2015,8769.75,8778,8677.35,8712.05,168916337,8402.33
09-MAR-2015,8891.15,8891.3,8740.45,8756.75,160332840,8132.43
05-MAR-2015,8929.4,8957.55,8849.35,8937.75,165081476,8250.55
04-MAR-2015,9109.15,9119.2,8893.95,8922.65,256060375,12130.98
03-MAR-2015,8962.85,9008.4,8925.55,8996.25,183251960,9033.61
02-MAR-2015,8953.85,8972.35,8885.45,8956.75,224772586,11525.5
28-FEB-2015,8913.05,8941.1,8751.35,8901.85,246453954,10064.41
27-FEB-2015,8729.5,8856.95,8717.45,8844.6,257226273,11924.49
26-FEB-2015,8779,8786.05,8669.45,8683.85,224185492,10531.16
25-FEB-2015,8801.9,8840.65,8751.4,8767.25,139406599,6986.78
24-FEB-2015,8772.9,8800.5,8726.75,8762.1,154368611,7413.31
23-FEB-2015,8856.85,8869,8736.1,8754.95,143932325,7171.05
20-FEB-2015,8895.5,8899.95,8816.3,8833.6,203714864,8193.56
19-FEB-2015,8883.05,8913.45,8794.45,8895.3,219867400,9794.26
18-FEB-2015,8811.55,8894.3,8808.9,8869.1,152152801,10153.74
16-FEB-2015,8831.4,8870.1,8793.4,8809.35,140637331,7047.32
13-FEB-2015,8741.5,8822.1,8729.65,8805.5,228807812,10248.41
12-FEB-2015,8676.95,8732.55,8599.25,8711.55,163681352,7669.87
11-FEB-2015,8603.3,8651.95,8593.65,8627.4,166560867,7602.46
10-FEB-2015,8478.1,8646.25,8470.5,8565.55,202294693,9965.76
09-FEB-2015,8584.4,8605.55,8516.35,8526.35,151329604,6863.17
06-FEB-2015,8696.85,8726.2,8645.55,8661.05,176554075,7912.1
05-FEB-2015,8733.1,8838.45,8683.65,8711.7,179008853,9126.1
04-FEB-2015,8789.15,8792.85,8704.4,8723.7,201252375,8707.82
03-FEB-2015,8823.15,8837.3,8726.65,8756.55,208672175,9888.1
02-FEB-2015,8802.5,8840.8,8751.1,8797.4,216556534,10430.34
30-JAN-2015,8996.6,8996.6,8775.1,8808.9,275587957,12385.18
29-JAN-2015,8901.5,8966.65,8861.25,8952.35,264245843,13427.54
28-JAN-2015,8902.75,8985.05,8874.05,8914.3,190805926,10313.46
27-JAN-2015,8871.35,8925.05,8825.45,8910.5,192010521,9988.36
23-JAN-2015,8827.95,8866.4,8795.4,8835.6,197124706,9716.57
22-JAN-2015,8745.85,8774.15,8727,8761.4,180912372,9025.95
21-JAN-2015,8719.65,8741.85,8689.6,8729.5,191651012,9735.99
20-JAN-2015,8575.1,8707.9,8574.5,8695.6,158713840,7838.19
19-JAN-2015,8550.05,8570.95,8531.5,8550.7,129346422,6292.59
16-JAN-2015,8504.05,8530.75,8452.25,8513.8,181365905,8690.54
15-JAN-2015,8424.5,8527.1,8380.55,8494.15,232138802,10725.62
14-JAN-2015,8307.25,8326.45,8236.65,8277.55,150621631,7020.91
13-JAN-2015,8346.15,8356.65,8267.9,8299.4,129561892,6499.2
12-JAN-2015,8291.35,8332.6,8245.6,8323,103153908,5437.76
09-JAN-2015,8285.45,8303.3,8190.8,8284.5,152612528,9305.95
08-JAN-2015,8191.4,8243.5,8167.3,8234.6,143802802,8147.4
07-JAN-2015,8118.65,8151.2,8065.45,8102.1,164075424,7464.33
06-JAN-2015,8325.3,8327.85,8111.35,8127.35,172799618,8089.19
05-JAN-2015,8407.95,8445.6,8363.9,8378.4,118160545,5525.52
02-JAN-2015,8288.7,8410.6,8288.7,8395.45,101887024,4715.72
01-JAN-2015,8272.8,8294.7,8248.75,8284,56560411,2321.88
09-OCT-2015,8186.35,8232.2,8139.65,8189.7,205859184,7960.62
08-OCT-2015,8196.75,8196.75,8105.85,8129.35,177030502,7837.16
07-OCT-2015,8146.2,8188.9,8132.9,8177.4,199911165,7894.19
06-OCT-2015,8180.45,8180.95,8096.5,8152.9,184037905,8461.64
05-OCT-2015,8005.1,8128.9,8005.1,8119.3,188830270,9589.63
01-OCT-2015,7992.05,8008.25,7930.65,7950.9,161809883,8896.78
30-SEP-2015,7924.25,7957.7,7874.5,7948.9,217187896,9981.56
29-SEP-2015,7725.7,7926.55,7691.2,7843.3,248106979,11184.67
28-SEP-2015,7892.8,7893.95,7787.95,7795.7,140480206,7120.05
24-SEP-2015,7838.4,7894.5,7804.1,7868.5,208766516,9732.18
23-SEP-2015,7737.35,7882.9,7723.25,7845.95,151196367,6869.26
22-SEP-2015,8014.8,8021.6,7787.75,7812,173569429,7887.06
21-SEP-2015,7911.5,7987.9,7908.35,7977.1,125628591,5482.45
18-SEP-2015,7967.45,8055,7955.85,7981.9,249313429,11328.64
16-SEP-2015,7886.85,7913.9,7853.3,7899.15,144331414,6650.61
15-SEP-2015,7867.35,7880,7799.75,7829.1,140722007,6252.35
14-SEP-2015,7811.1,7879.95,7761.85,7872.25,126630775,5277.75
11-SEP-2015,7833.8,7864.85,7759.9,7789.3,140576943,6014.16
10-SEP-2015,7729.05,7819.85,7678.5,7788.1,165313439,6992.42
09-SEP-2015,7805.85,7846.05,7764.55,7818.6,214842731,8550.1
08-SEP-2015,7587.7,7720.9,7539.5,7688.25,177514609,7380.17
07-SEP-2015,7685.85,7705.05,7545.9,7558.8,145763902,5768.15
04-SEP-2015,7803.4,7804.9,7626.85,7655.05,199569987,8200.69
03-SEP-2015,7774.45,7845.6,7754.05,7823,160609681,7060.37
02-SEP-2015,7856.65,7862.55,7699.25,7717,222003483,9794.29
01-SEP-2015,7907.95,7929.1,7746.5,7785.85,190581167,8633.26
31-AUG-2015,8009.25,8043.6,7947.95,7971.3,204254629,9547.7
28-AUG-2015,8053.7,8091.8,7961.65,8001.95,201572450,8641.87
27-AUG-2015,7921.6,7963.6,7862.3,7948.95,314422773,14282.73
26-AUG-2015,7865.25,7930.05,7777.1,7791.85,223261362,10207.56
25-AUG-2015,7895.4,7925.4,7667.25,7880.7,308255265,13420.76
24-AUG-2015,8055.95,8060.05,7769.4,7809,322096413,13856.66
21-AUG-2015,8305.4,8322.2,8225.05,8299.95,207542070,9606.33
20-AUG-2015,8471.05,8501.35,8359.75,8372.75,189841783,9193.19
19-AUG-2015,8468.05,8520.45,8425.95,8495.15,134512114,6338.67
18-AUG-2015,8505.85,8525.75,8433.6,8466.55,157991554,6501.24
17-AUG-2015,8530.5,8530.6,8428.05,8477.3,180083830,6543.01
14-AUG-2015,8402.35,8530.1,8381.2,8518.55,160680260,7090.58
13-AUG-2015,8384.45,8429.5,8339.75,8355.85,195079107,7840.58
12-AUG-2015,8445.7,8446.95,8337.95,8349.45,195904304,8630.35
11-AUG-2015,8548.45,8556.25,8441.3,8462.35,159192694,7049.29
10-AUG-2015,8577,8621.55,8497.8,8525.6,127194886,5780.49
07-AUG-2015,8580.8,8595.95,8552.7,8564.6,148073594,6528.28
06-AUG-2015,8585.8,8606.3,8551.5,8588.65,139116393,6595.25
05-AUG-2015,8547.45,8591.85,8545.85,8567.95,136948290,6434.82
04-AUG-2015,8564.1,8565.15,8448.25,8516.9,193226091,9003.82
03-AUG-2015,8510.65,8563.95,8508.1,8543.05,161485758,7738.1
31-JUL-2015,8456.1,8548.95,8448,8532.85,209629301,9522.19
30-JUL-2015,8417,8458.9,8408.3,8421.8,221939186,10007.3
29-JUL-2015,8365.6,8381.5,8338.45,8375.05,145399010,7232.34
28-JUL-2015,8371.1,8397.4,8321.75,8337,179983810,8403.15
27-JUL-2015,8492.1,8492.2,8351.55,8361,140828066,7353.09
24-JUL-2015,8588.15,8589.15,8513.5,8521.55,131344832,6942.22
23-JUL-2015,8643.95,8654.75,8573.8,8589.8,136962516,7747.81
22-JUL-2015,8512.25,8643.9,8498.65,8633.5,141018383,7427.34
21-JUL-2015,8601.5,8646.75,8517.9,8529.45,169151098,10699.52
20-JUL-2015,8623.9,8624.1,8559,8603.45,93439295,5107.62
17-JUL-2015,8623.65,8642.95,8593.15,8609.85,108190401,5713.13
16-JUL-2015,8546.15,8616.1,8542.9,8608.05,119637042,6544.15
15-JUL-2015,8463.4,8531.4,8462.95,8523.8,108835522,5805.53
14-JUL-2015,8470.6,8480.25,8424.1,8454.1,104893796,5454.41
13-JUL-2015,8397.25,8471.65,8355.4,8459.65,121380175,6506.28
10-JUL-2015,8365.7,8377.1,8315.4,8360.55,158883926,8128.47
09-JUL-2015,8364.85,8400.3,8323,8328.55,135358659,6610.4
08-JUL-2015,8439.2,8457.5,8341.4,8363.05,193886999,8876.81
07-JUL-2015,8525.5,8561.35,8483.85,8510.8,126038231,6054.41
06-JUL-2015,8386.15,8533.15,8386.15,8522.15,104578132,5517.86
03-JUL-2015,8440.1,8497.75,8424.15,8484.9,91142979,4983.21
02-JUL-2015,8471.95,8479.25,8433.2,8444.9,115472141,6065.26
01-JUL-2015,8376.25,8481.6,8370.15,8453.05,135887471,6938.05
13-APR-2016,7777.15,7864.8,7772.2,7850.45,227217288,10071.44
12-APR-2016,7669.25,7717.4,7663.35,7708.95,168508978,6945.44
11-APR-2016,7577.8,7678.8,7516.85,7671.4,185353268,7055.61
08-APR-2016,7542.35,7569.35,7526.7,7555.2,147816460,5981.23
07-APR-2016,7630.4,7630.75,7535.85,7546.45,241684050,7709.23
06-APR-2016,7636.05,7638.65,7591.75,7614.35,170653808,6802.69
05-APR-2016,7736.3,7736.3,7588.65,7603.2,210126897,8412.34
04-APR-2016,7733.15,7764.45,7704.4,7758.8,160277940,6506.44
01-APR-2016,7718.05,7740.15,7666.1,7713.05,189571551,8118.47
31-MAR-2016,7727.65,7777.6,7702,7738.4,391914059,15918.74
30-MAR-2016,7651.1,7741.95,7643.45,7735.2,239843751,9908.6
29-MAR-2016,7606.55,7652.9,7582.25,7597,223493457,10474.75
28-MAR-2016,7741,7749.4,7587.7,7615.1,249905118,10102.36
23-MAR-2016,7717.45,7726.85,7670.6,7716.5,205794773,7612.54
22-MAR-2016,7695.55,7728.2,7643.8,7714.9,215355848,8628.05
21-MAR-2016,7619.2,7713.55,7617.7,7704.25,202853386,8381.51
18-MAR-2016,7534.65,7613.6,7517.9,7604.35,244727490,9971.59
17-MAR-2016,7557.4,7585.3,7479.4,7512.55,247043954,9539.89
16-MAR-2016,7457.05,7508,7405.15,7498.75,201430035,7102.59
15-MAR-2016,7535.85,7545.2,7452.8,7460.6,199653871,7577.78
14-MAR-2016,7542.6,7583.7,7515.05,7538.75,172067214,6330.45
11-MAR-2016,7484.85,7543.95,7460.6,7510.2,204806572,7558.55
10-MAR-2016,7545.35,7547.1,7447.4,7486.15,231584305,8875.92
09-MAR-2016,7436.1,7539,7424.3,7531.8,252709391,9036.29
08-MAR-2016,7486.4,7527.15,7442.15,7485.3,264945393,8417.86
04-MAR-2016,7505.4,7505.9,7444.1,7485.35,290441230,8135.06
03-MAR-2016,7429.55,7483.95,7406.05,7475.6,287248532,9255.43
02-MAR-2016,7321.7,7380.35,7308.15,7368.85,348965708,10983.06
01-MAR-2016,7038.25,7235.5,7035.1,7222.3,283561570,9896.58
29-FEB-2016,7050.45,7094.6,6825.8,6987.05,487969285,15992.15
26-FEB-2016,7039.3,7052.9,6985.1,7029.75,213142575,6880.96
25-FEB-2016,7029.85,7034.2,6961.4,6970.6,291932544,9090.16
24-FEB-2016,7075,7090.8,7009.75,7018.7,205898417,6497.18
23-FEB-2016,7240.3,7241.7,7090.7,7109.55,200396978,6433.16
22-FEB-2016,7208.85,7252.4,7200.7,7234.55,159162842,5832.89
19-FEB-2016,7170.55,7226.85,7145.95,7210.75,198206480,6156.58
18-FEB-2016,7177.4,7215.1,7127.85,7191.75,254331498,8051.51
17-FEB-2016,7058.85,7123.7,6960.65,7108.45,268017961,7686.32
16-FEB-2016,7201.25,7204.65,7037.7,7048.25,261607451,7638.39
15-FEB-2016,7057.35,7182.8,7056.8,7162.95,365217073,10204.34
12-FEB-2016,7023.65,7034.8,6869,6980.95,344210729,11062.63
11-FEB-2016,7203.6,7208.65,6959.95,6976.35,301302956,9250.27
10-FEB-2016,7264.3,7271.85,7177.75,7215.7,254481339,8129.65
09-FEB-2016,7303.95,7323.45,7275.15,7298.2,218730280,7415.13
08-FEB-2016,7489.7,7512.55,7363.2,7387.25,176758985,5746.45
05-FEB-2016,7418.25,7503.15,7406.65,7489.1,257518899,8628.24
04-FEB-2016,7411.45,7457.05,7365.95,7404,229563364,7465.35
03-FEB-2016,7392.45,7419.4,7350.3,7361.8,197863301,6748.17
02-FEB-2016,7566.65,7576.3,7428.05,7455.55,237338907,8030.99
01-FEB-2016,7589.5,7600.45,7541.25,7555.95,206645021,8209.5
29-JAN-2016,7413.35,7575.65,7402.8,7563.55,307934042,11277.33
28-JAN-2016,7426.5,7468.85,7409.6,7424.65,283036298,10049.88
27-JAN-2016,7469.6,7477.9,7419.7,7437.75,193389891,6834.77
25-JAN-2016,7468.75,7487.15,7421.2,7436.15,168202502,5910.99
22-JAN-2016,7355.7,7433.4,7327.6,7422.45,236282061,7666.39
21-JAN-2016,7376.65,7398.7,7250,7276.8,248113284,9401.16
20-JAN-2016,7357,7470.9,7241.5,7309.3,232614141,8794.16
19-JAN-2016,7381.8,7462.75,7364.15,7435.1,194068339,7038.84
18-JAN-2016,7420.35,7463.65,7336.4,7351,240798183,8431.56
15-JAN-2016,7561.65,7566.5,7427.3,7437.8,203643071,8279.07
14-JAN-2016,7467.4,7604.8,7443.8,7536.8,206988549,9246.75
13-JAN-2016,7557.9,7590.95,7425.8,7562.4,221908258,9585.17
12-JAN-2016,7587.2,7588.3,7487.8,7510.3,168975973,7071.48
11-JAN-2016,7527.45,7605.1,7494.35,7563.85,194836791,7327.15
08-JAN-2016,7611.65,7634.1,7581.05,7601.35,162348690,6753.57
07-JAN-2016,7673.35,7674.95,7556.6,7568.3,194732861,7803.21
06-JAN-2016,7788.05,7800.95,7721.2,7741,151715828,6722.17
05-JAN-2016,7828.4,7831.2,7763.25,7784.65,149672973,5948.51
04-JAN-2016,7924.55,7937.55,7781.1,7791.3,138864905,5897.08
01-JAN-2016,7938.45,7972.55,7909.8,7963.2,64843836,2613.91
14-OCT-2016,8594,8604.45,8549.8,8583.4,167848947,9613.47
13-OCT-2016,8671.5,8681.55,8541.35,8573.35,218861324,10581.55
10-OCT-2016,8735.35,8745.8,8703.95,8708.8,111794053,5159.83
07-OCT-2016,8721.7,8723.7,8663.8,8697.6,155053800,8144.3
06-OCT-2016,8768.7,8781.15,8684.65,8709.55,168713605,8114.93
05-OCT-2016,8806.35,8806.95,8731.4,8743.95,162103951,6866.33
04-OCT-2016,8770,8783.65,8736.1,8769.15,189990151,8251.59
03-OCT-2016,8666.15,8745.2,8635,8738.1,141472076,7173.62
30-SEP-2016,8581.5,8637.15,8555.2,8611.15,187333285,8849.27
29-SEP-2016,8792.7,8800.65,8558.25,8591.25,384395249,19467.3
28-SEP-2016,8711.2,8767.05,8703.15,8745.15,170643694,8348.19
27-SEP-2016,8748.9,8768.5,8690.5,8706.4,156100521,7446.12
26-SEP-2016,8807.9,8809.55,8715.1,8723.05,169050086,8518.5
23-SEP-2016,8880.75,8885.2,8820.3,8831.55,191618169,9793.98
22-SEP-2016,8873.35,8893.35,8837.8,8867.45,178136644,9305.56
21-SEP-2016,8790.3,8826.85,8757.3,8777.15,153441330,7572.41
20-SEP-2016,8816.1,8816.45,8759.3,8775.9,140718486,7035.07
19-SEP-2016,8788.45,8824.3,8774.2,8808.4,135814177,7364.64
16-SEP-2016,8780.85,8847.65,8750.5,8779.85,274039556,14430.63
15-SEP-2016,8743.85,8751.95,8704.35,8742.55,149889703,7347.34
14-SEP-2016,8710.65,8739.85,8688.9,8726.6,189984289,9112.57
12-SEP-2016,8732.95,8746.95,8699.4,8715.6,190199613,9248.73
09-SEP-2016,8934.3,8939.15,8858.7,8866.7,181344327,9976.28
08-SEP-2016,8915.5,8960.35,8896,8952.5,223937056,10773.98
07-SEP-2016,8968.7,8968.7,8913.35,8917.95,299145644,11430.95
06-SEP-2016,8852.7,8950.85,8848.45,8943,201617132,9571.31
02-SEP-2016,8796.35,8824.1,8768.2,8809.65,197385217,8231.93
01-SEP-2016,8793.6,8813.25,8759.95,8774.65,246336047,9653.93
31-AUG-2016,8754.05,8819.2,8754.05,8786.2,373422334,22534.29
30-AUG-2016,8646.75,8750.6,8642.25,8744.35,154828719,8392.76
29-AUG-2016,8583.75,8622,8543.75,8607.45,133723771,6857.99
26-AUG-2016,8614.35,8622.95,8547.55,8572.55,152146666,7153.37
25-AUG-2016,8668.85,8683.05,8583.65,8592.2,219736214,10508.32
24-AUG-2016,8648.5,8661.05,8620.9,8650.3,154168043,7199.72
23-AUG-2016,8628.35,8642.15,8580,8632.6,193302503,7309.82
22-AUG-2016,8667,8684.85,8614,8629.15,156976546,7394.57
19-AUG-2016,8694.3,8696.6,8647.1,8666.9,197770568,8354.88
18-AUG-2016,8648.85,8690.7,8645.05,8673.25,169431656,7900.6
17-AUG-2016,8639.8,8667.1,8603.6,8624.05,179540691,8161.38
16-AUG-2016,8670.25,8682.35,8600.45,8642.55,231771409,10937.35
12-AUG-2016,8605.45,8684.3,8604.45,8672.15,272014034,11998.86
11-AUG-2016,8572.8,8601.15,8540.05,8592.15,195114539,8634.8
10-AUG-2016,8686.7,8690.1,8564.6,8575.3,178963496,8206.18
09-AUG-2016,8727.8,8728.35,8638.2,8678.25,206261255,9111.4
08-AUG-2016,8712.85,8723.5,8697.6,8711.35,177877012,7862.15
05-AUG-2016,8600.2,8689.4,8590.15,8683.15,162784913,7635.01
04-AUG-2016,8599.95,8601.4,8518.15,8551.1,169780463,7399.03
03-AUG-2016,8635.2,8635.45,8529.6,8544.85,168033073,8507.82
02-AUG-2016,8647.45,8687.2,8611.4,8622.9,174556789,8652.31
01-AUG-2016,8654.3,8711.3,8590.5,8636.55,194186858,9881.67
29-JUL-2016,8668.3,8670.35,8631.15,8638.5,161935155,8428.8
28-JUL-2016,8636.95,8674.7,8625.25,8666.3,240721865,12998.06
27-JUL-2016,8599.4,8665,8572.05,8615.8,189796380,10885.88
26-JUL-2016,8633.75,8644.9,8577.15,8590.65,159563469,8765.45
25-JUL-2016,8519.95,8641.15,8517.2,8635.65,154631398,7850.12
22-JUL-2016,8519.65,8548.95,8489.8,8541.2,147619642,6504
21-JUL-2016,8582.7,8585.25,8503.45,8510.1,154575685,7399.71
20-JUL-2016,8515.45,8569.9,8512.55,8565.85,165349380,7936.36
19-JUL-2016,8514.3,8540.05,8476.7,8528.55,173050805,7928.14
18-JUL-2016,8564.05,8587.1,8494.35,8508.7,169400452,8200.06
15-JUL-2016,8565.45,8594.8,8510.05,8541.4,228598684,12375.84
14-JUL-2016,8515.75,8571.4,8500.7,8565,158738499,6890.07
13-JUL-2016,8540.45,8550.25,8493.55,8519.5,201492184,8284.38
12-JUL-2016,8502.6,8526.6,8479.2,8521.05,189339750,7873.74
11-JUL-2016,8413.35,8475.25,8407.05,8467.9,154399933,7576.69
08-JUL-2016,8350,8353.3,8287.55,8323.2,142159935,6886.33
07-JUL-2016,8342,8361.95,8317.7,8337.9,160327315,7592.94
05-JUL-2016,8379.3,8381.45,8319.95,8335.95,143253937,5976.01
04-JUL-2016,8376.75,8398.45,8364.7,8370.7,158955823,6662.92
01-JUL-2016,8313.05,8356.75,8308.65,8328.35,170581881,7358.38
13-APR-2017,9202.5,9202.65,9144.95,9150.8,171695600,8908.17
12-APR-2017,9242.5,9246.4,9161.8,9203.45,166755013,8412.97
11-APR-2017,9184.55,9242.7,9172.85,9237,206261727,9385.2
10-APR-2017,9225.6,9225.65,9174.85,9181.45,139968750,8140.08
07-APR-2017,9223.7,9250.5,9188.1,9198.3,195918747,10217.13
06-APR-2017,9245.8,9267.95,9218.85,9261.95,191937207,10332.6
05-APR-2017,9264.4,9273.9,9215.4,9265.15,190529461,11461.96
03-APR-2017,9220.6,9245.35,9192.4,9237.85,143444541,8337.06
31-MAR-2017,9158.9,9191.7,9152.1,9173.75,196771674,10955.05
30-MAR-2017,9142.6,9183.15,9136.35,9173.75,333410368,15585.42
29-MAR-2017,9128.7,9153.15,9109.1,9143.8,250902906,11089.43
28-MAR-2017,9081.5,9110.4,9079.8,9100.8,188985603,8139.28
27-MAR-2017,9093.45,9094.85,9024.65,9045.2,209036051,8921.57
24-MAR-2017,9104,9133.55,9089.4,9108,210021581,8853.03
23-MAR-2017,9048.75,9099.05,9048.6,9086.3,197705274,8699.36
22-MAR-2017,9047.2,9072.9,9019.3,9030.45,239463699,10065.92
21-MAR-2017,9133.95,9147.75,9087.2,9121.5,255396073,10191.6
20-MAR-2017,9166.95,9167.6,9116.3,9126.85,342395900,9251.16
17-MAR-2017,9207.8,9218.4,9147.6,9160.05,295554265,13226.29
16-MAR-2017,9129.65,9158.45,9128.55,9153.7,215096446,9275.05
15-MAR-2017,9086.85,9106.55,9075.5,9084.8,248033251,9671.51
14-MAR-2017,9091.65,9122.75,9060.5,9087,278726933,14087.57
10-MAR-2017,8953.7,8975.7,8903.95,8934.55,157419999,7385.28
09-MAR-2017,8914.5,8945.8,8899.5,8927,176810453,8493.21
08-MAR-2017,8950.7,8957.05,8891.95,8924.3,183325544,9489.36
07-MAR-2017,8977.75,8977.85,8932.8,8946.9,178827506,8149.28
06-MAR-2017,8915.1,8967.8,8914,8963.45,180194586,8955.06
03-MAR-2017,8883.5,8907.1,8860.1,8897.55,208915878,9783.57
02-MAR-2017,8982.85,8992.5,8879.8,8899.75,225608140,10075.19
01-MAR-2017,8904.4,8960.8,8898.6,8945.8,212328974,9681.99
28-FEB-2017,8898.95,8914.75,8867.6,8879.6,302722890,13819.57
27-FEB-2017,8943.7,8951.8,8888.65,8896.7,195847099,10388.83
23-FEB-2017,8956.4,8982.15,8927.55,8939.5,388874096,17243.08
22-FEB-2017,8931.6,8960.75,8905.25,8926.9,254677956,13514.08
21-FEB-2017,8890.75,8920.8,8860.95,8907.85,181091326,8863.71
20-FEB-2017,8818.55,8886.25,8809.8,8879.2,173022362,7833.53
17-FEB-2017,8883.7,8896.45,8804.25,8821.7,307526025,23432.58
16-FEB-2017,8739,8783.95,8719.6,8778,190277738,9695.63
15-FEB-2017,8778.95,8807.9,8712.85,8724.7,222828919,10472.37
14-FEB-2017,8819.9,8820.45,8772.5,8792.3,194133563,8494.44
13-FEB-2017,8819.8,8826.9,8754.2,8805.05,211180353,8659.48
10-FEB-2017,8812.35,8822.1,8771.2,8793.55,232947341,10320.17
09-FEB-2017,8795.55,8821.4,8724.1,8778.4,193282248,8972.67
08-FEB-2017,8774.55,8791.25,8715,8769.05,225485726,9110.24
07-FEB-2017,8805.7,8809.3,8741.05,8768.3,233294532,9060.63
06-FEB-2017,8785.45,8814.1,8770.2,8801.05,200403782,8701.51
03-FEB-2017,8735.15,8748.25,8707.75,8740.95,196936238,8193.45
02-FEB-2017,8724.75,8757.6,8685.8,8734.25,292329202,11555.02
01-FEB-2017,8570.35,8722.4,8537.5,8716.4,337797412,13494.05
31-JAN-2017,8629.45,8631.75,8552.4,8561.3,537110119,14721.17
30-JAN-2017,8635.55,8662.6,8617.75,8632.75,314110760,9333.49
27-JAN-2017,8610.5,8672.7,8606.9,8641.25,283905821,11568.92
25-JAN-2017,8499.45,8612.6,8493.95,8602.75,301490150,13901.89
24-JAN-2017,8407.05,8480.95,8398.15,8475.8,184745781,8524.17
23-JAN-2017,8329.6,8404.15,8327.2,8391.5,200993100,8664.94
20-JAN-2017,8404.35,8423.65,8340.95,8349.35,208901233,9014.51
19-JAN-2017,8418.4,8445.15,8404.05,8435.1,170956149,7324.14
18-JAN-2017,8403.85,8460.3,8397.4,8417,168867039,7411.23
17-JAN-2017,8415.05,8440.9,8378.3,8398,125781216,6389.21
16-JAN-2017,8390.95,8426.7,8374.4,8412.8,127938836,6043.67
13-JAN-2017,8457.65,8461.05,8373.15,8400.35,190949616,9156.16
12-JAN-2017,8391.05,8417.2,8382.3,8407.2,177948383,7359.24
11-JAN-2017,8327.8,8389,8322.25,8380.65,192285417,8938.68
10-JAN-2017,8262.7,8293.8,8261,8288.6,147312927,6904.57
09-JAN-2017,8259.35,8263,8227.75,8236.05,102211190,5197.62
06-JAN-2017,8281.85,8306.85,8233.25,8243.8,143689850,7298.74
05-JAN-2017,8226.65,8282.65,8223.7,8273.8,163957452,8180.68
04-JAN-2017,8202.65,8218.5,8180.9,8190.5,136476345,6543.13
03-JAN-2017,8196.05,8219.1,8148.6,8192.25,131186021,6053.67
02-JAN-2017,8210.1,8212,8133.8,8179.5,122016111,5255.49
11-OCT-2017,10042.6,10067.25,9955.8,9984.8,195593061,10227.9
10-OCT-2017,10013.7,10034,10002.3,10016.95,153246570,8055.5
09-OCT-2017,9988.2,10015.75,9959.45,9988.75,148395842,7425.19
06-OCT-2017,9908.15,9989.35,9906.6,9979.7,201858899,9986.18
05-OCT-2017,9927,9945.95,9881.85,9888.7,152362417,7823.55
04-OCT-2017,9884.35,9938.3,9850.65,9914.9,160993982,8790.29
03-OCT-2017,9893.3,9895.4,9831.05,9859.5,167833406,9698.55
29-SEP-2017,9814.3,9854,9775.35,9788.6,202350211,11087.11
28-SEP-2017,9736.4,9789.2,9687.55,9768.95,396874518,18962.4
27-SEP-2017,9920.6,9921.05,9714.4,9735.75,206305991,10127.39
26-SEP-2017,9875.25,9891.35,9813,9871.5,196792799,9754.02
25-SEP-2017,9960.1,9960.5,9816.05,9872.6,228206970,11258.68
22-SEP-2017,10094.35,10095.05,9952.8,9964.4,233621596,11941.88
21-SEP-2017,10139.6,10158.9,10058.6,10121.9,197710666,11114.28
20-SEP-2017,10160.95,10171.05,10134.2,10141.15,205605243,10105.71
19-SEP-2017,10175.6,10178.95,10129.95,10147.55,193345992,8796.21
18-SEP-2017,10133.1,10171.7,10131.3,10153.1,160852680,8106.66
15-SEP-2017,10062.35,10115.15,10043.65,10085.4,274799134,13650.9
14-SEP-2017,10107.4,10126.5,10070.35,10086.6,232637517,11047.46
13-SEP-2017,10099.25,10131.95,10063.15,10079.3,221608053,10682.41
12-SEP-2017,10056.85,10097.55,10028.05,10093.05,188248293,9894.2
11-SEP-2017,9971.75,10028.65,9968.8,10006.05,178409875,9545.94
08-SEP-2017,9958.65,9963.6,9913.3,9934.8,168698771,8792.49
07-SEP-2017,9945.85,9964.85,9917.2,9929.9,194626599,9455.48
06-SEP-2017,9899.25,9931.55,9882.55,9916.2,153767846,8926.98
05-SEP-2017,9933.25,9963.1,9901.05,9952.2,143522342,7566.62
04-SEP-2017,9984.15,9988.4,9861,9912.85,153369495,8069.64
01-SEP-2017,9937.65,9983.45,9909.85,9974.4,162730656,9314.82
31-AUG-2017,9905.7,9925.1,9856.95,9917.9,337782004,14619.43
30-AUG-2017,9859.5,9909.45,9850.8,9884.4,162704136,8008.72
29-AUG-2017,9886.4,9887.35,9783.75,9796.05,178668444,8469.09
28-AUG-2017,9907.15,9925.75,9882,9912.8,164493772,9900.06
24-AUG-2017,9881.2,9881.5,9848.85,9857.05,190398702,10392.63
23-AUG-2017,9803.05,9857.9,9786.75,9852.5,173815509,9961.13
22-AUG-2017,9815.75,9828.45,9752.6,9765.55,189267122,9850.89
21-AUG-2017,9864.25,9884.35,9740.1,9754.35,211627775,11764
18-AUG-2017,9865.95,9865.95,9783.65,9837.4,253931517,15636.16
17-AUG-2017,9945.55,9947.8,9883.75,9904.15,203652311,9927.47
16-AUG-2017,9825.85,9903.95,9773.85,9897.3,226269013,10815.38
14-AUG-2017,9755.75,9818.3,9752.1,9794.15,201613585,9486.82
11-AUG-2017,9712.15,9771.65,9685.55,9710.8,294732998,13435.56
10-AUG-2017,9872.85,9892.65,9776.2,9820.25,242820594,12040.13
09-AUG-2017,9961.15,9969.8,9893.05,9908.05,174395293,8831.72
08-AUG-2017,10068.35,10083.8,9947,9978.55,209645343,10780.41
07-AUG-2017,10074.8,10088.1,10046.35,10057.4,141566282,7827.95
04-AUG-2017,10008.6,10075.25,9988.35,10066.4,184082134,10397.88
03-AUG-2017,10081.15,10081.15,9998.25,10013.65,198665837,10714.1
02-AUG-2017,10136.3,10137.85,10054.2,10081.5,166463276,9165.92
01-AUG-2017,10101.05,10128.6,10065.75,10114.65,190000516,11515.29
31-JUL-2017,10034.7,10085.9,10016.95,10077.1,245096535,13131.89
28-JUL-2017,9996.55,10026.05,9944.5,10014.5,197491415,11996.8
27-JUL-2017,10063.25,10114.85,10005.5,10020.55,296782048,18601.99
26-JUL-2017,9983.65,10025.95,9965.95,10020.65,203697844,11403.3
25-JUL-2017,10010.55,10011.3,9949.1,9964.55,191206247,10491.32
24-JUL-2017,9936.8,9982.05,9919.6,9966.4,179905535,10837.2
21-JUL-2017,9899.6,9924.7,9838,9915.25,193286125,11860.28
20-JUL-2017,9920.2,9922.55,9863.45,9873.3,166083004,8942.56
19-JUL-2017,9855.95,9905.05,9851.65,9899.6,206376192,10935.6
18-JUL-2017,9832.7,9885.35,9792.05,9827.15,303007860,13184.22
17-JUL-2017,9908.15,9928.2,9894.7,9915.95,168596771,8310.48
14-JUL-2017,9913.3,9913.3,9845.45,9886.35,164456602,9187.71
13-JUL-2017,9855.8,9897.25,9853.45,9891.7,186866752,10244.56
12-JUL-2017,9807.3,9824.95,9787.7,9816.1,150045594,7966.44
11-JUL-2017,9797.45,9830.05,9778.85,9786.05,185322358,9908.41
10-JUL-2017,9719.3,9782.15,9646.45,9771.05,40142973,1920.78
07-JUL-2017,9670.35,9684.25,9642.65,9665.8,146232151,8514.53
06-JUL-2017,9653.6,9700.7,9639.95,9674.55,152001940,7539.21
05-JUL-2017,9619.75,9643.65,9607.35,9637.6,134849476,7311.1
04-JUL-2017,9645.9,9650.65,9595.5,9613.3,149313755,7774.69
03-JUL-2017,9587.95,9624,9543.55,9615,188690599,8720.76
13-APR-2018,10495.3,10519.9,10451.45,10480.6,219724716,12354.55
12-APR-2018,10410.65,10469.9,10395.25,10458.65,246027888,12249.66
11-APR-2018,10428.15,10428.15,10355.6,10417.15,258077363,11790.58
10-APR-2018,10412.9,10424.85,10381.5,10402.25,259523888,11905.12
09-APR-2018,10333.7,10397.7,10328.5,10379.35,228512954,10714.13
06-APR-2018,10322.75,10350.45,10290.85,10331.6,206355691,10131.74
05-APR-2018,10228.45,10331.8,10227.45,10325.15,244116235,11674.92
04-APR-2018,10274.6,10279.85,10111.3,10128.4,238182921,11861.79
03-APR-2018,10186.85,10255.35,10171.05,10245,211652029,10167.12
02-APR-2018,10151.65,10220.1,10127.75,10211.8,223135459,10968.95
28-MAR-2018,10143.6,10158.35,10096.9,10113.7,354977198,18807.48
27-MAR-2018,10188,10207.9,10139.65,10184.15,232713976,11175.79
26-MAR-2018,9989.15,10143.5,9958.55,10130.65,270665332,12695.47
23-MAR-2018,9968.8,10027.7,9951.9,9998.05,294515154,14435.17
22-MAR-2018,10167.5,10207.85,10105.4,10114.75,237632983,11558.88
21-MAR-2018,10181.95,10227.3,10132.95,10155.25,211060429,11269.73
20-MAR-2018,10051.55,10155.65,10049.1,10124.35,209327593,10947.12
19-MAR-2018,10215.35,10224.55,10075.3,10094.25,216670033,11111.43
16-MAR-2018,10345.15,10346.3,10180.25,10195.15,338702439,18811.97
15-MAR-2018,10405.45,10420,10346.2,10360.15,179308593,8588.01
14-MAR-2018,10393.05,10420.35,10336.3,10410.9,186991169,9564.68
13-MAR-2018,10389.5,10478.6,10377.85,10426.85,274852794,23965.25
12-MAR-2018,10301.6,10433.65,10295.45,10421.4,223135459,10968.95
09-MAR-2018,10271.3,10296.7,10211.9,10226.85,192333334,9874.81
08-MAR-2018,10216.25,10270.35,10146.4,10242.65,233377712,11479.51
07-MAR-2018,10232.95,10243.35,10141.55,10154.2,257200599,12128.88
06-MAR-2018,10420.5,10441.35,10215.9,10249.25,229782297,12143.95
05-MAR-2018,10428.3,10428.7,10323.9,10358.85,199975720,10673.92
01-MAR-2018,10479.95,10525.5,10447.15,10458.35,181378504,10179.48
28-FEB-2018,10488.95,10535.5,10461.55,10492.85,294794221,16299.11
27-FEB-2018,10615.2,10631.65,10537.25,10554.3,193250158,10276.42
26-FEB-2018,10526.55,10592.95,10520.2,10582.6,177238616,10274.89
23-FEB-2018,10408.1,10499.1,10396.65,10491.05,217134363,12704.32
22-FEB-2018,10354.35,10397.55,10340.65,10382.7,323259078,17711.46
21-FEB-2018,10426,10426.1,10349.6,10397.45,241331542,12996.36
20-FEB-2018,10391,10429.35,10347.65,10360.4,193464871,9619.95
19-FEB-2018,10488.9,10489.35,10302.75,10378.4,193087737,9871.36
16-FEB-2018,10596.2,10612.9,10434.05,10452.3,190043189,10026.71
15-FEB-2018,10537.9,10618.1,10511.05,10545.5,217090245,11035.38
14-FEB-2018,10585.75,10590.55,10456.65,10500.9,236329440,12188.94
12-FEB-2018,10518.2,10555.5,10485.4,10539.75,224114801,11133.78
09-FEB-2018,10416.5,10480.2,10398.2,10454.95,197502912,10602.15
08-FEB-2018,10518.5,10637.8,10479.55,10576.85,239407938,12569.23
07-FEB-2018,10607.2,10614,10446.4,10476.7,258095424,13971.66
06-FEB-2018,10295.15,10594.15,10276.3,10498.25,274656443,15606.34
05-FEB-2018,10604.3,10702.75,10586.8,10666.55,247479157,13980.63
02-FEB-2018,10938.2,10954.95,10736.1,10760.6,291431992,16542.51
01-FEB-2018,11044.55,11117.35,10878.8,11016.9,315743486,17719.4
31-JAN-2018,11018.8,11058.5,10979.3,11027.7,253462573,14459.69
30-JAN-2018,11120.85,11121.1,11033.9,11049.65,234969503,13232.19
29-JAN-2018,11079.35,11171.55,11075.95,11130.4,249220726,16118.36
25-JAN-2018,11095.6,11095.6,11009.2,11069.65,340469462,19939.54
24-JAN-2018,11069.35,11110.1,11046.15,11086,292197072,16915.14
23-JAN-2018,10997.4,11092.9,10994.55,11083.7,293445774,16423.91
22-JAN-2018,10883.2,10975.1,10881.4,10966.2,238815813,14469.06
19-JAN-2018,10829.2,10906.85,10793.9,10894.7,214011963,11792.26
18-JAN-2018,10873.4,10887.5,10782.4,10817,321609375,17930.3
17-JAN-2018,10702.45,10803,10666.75,10788.55,260488465,14334.26
16-JAN-2018,10761.5,10762.35,10687.85,10700.45,217468081,12709.44
15-JAN-2018,10718.5,10782.65,10713.8,10741.55,181262074,11333.11
12-JAN-2018,10682.55,10690.4,10597.1,10681.25,180592153,11005.12
11-JAN-2018,10637.05,10664.6,10612.35,10651.2,158630055,9635.01
10-JAN-2018,10652.05,10655.5,10592.7,10632.2,181900014,9720.65
09-JAN-2018,10645.1,10659.15,10603.6,10637,211291563,10733.37
08-JAN-2018,10591.7,10631.2,10588.55,10623.6,174181231,9907.27
05-JAN-2018,10534.25,10566.1,10520.1,10558.85,186469717,10306.22
04-JAN-2018,10469.4,10513,10441.45,10504.8,180257392,9561.95
03-JAN-2018,10482.65,10503.6,10429.55,10443.2,172516859,9541.6
02-JAN-2018,10477.55,10495.2,10404.65,10442.2,158092430,8665.47
01-JAN-2018,10531.7,10537.85,10423.1,10435.55,134532090,7546.56
12-OCT-2018,10331.55,10492.45,10322.15,10472.5,354056762,18606.04
11-OCT-2018,10169.8,10335.95,10138.6,10234.65,498509417,21907.13
10-OCT-2018,10331.85,10482.35,10318.25,10460.1,373844130,19592.59
09-OCT-2018,10390.3,10397.6,10279.35,10301.05,443795275,18285.41
08-OCT-2018,10310.15,10398.35,10198.4,10348.05,470279031,22130.94
05-OCT-2018,10514.1,10540.65,10261.9,10316.45,625153832,25254.21
04-OCT-2018,10754.7,10754.7,10547.25,10599.25,438202008,23711.57
03-OCT-2018,10982.7,10989.05,10843.75,10858.25,398756507,21225.59
01-OCT-2018,10930.9,11035.65,10821.55,11008.3,398987274,20391.72
28-SEP-2018,11008.1,11034.1,10850.3,10930.45,492894147,23227.86
27-SEP-2018,11079.8,11089.45,10953.35,10977.55,418210067,22582.86
26-SEP-2018,11145.55,11145.55,10993.05,11053.8,351041146,17803.68
25-SEP-2018,10969.95,11080.6,10882.85,11067.45,417548830,22878.57
24-SEP-2018,11164.4,11170.15,10943.6,10967.4,398815949,23023.34
21-SEP-2018,11271.3,11346.8,10866.45,11143.1,741153209,35131.19
19-SEP-2018,11326.65,11332.05,11210.9,11234.35,258424384,15116.69
18-SEP-2018,11381.55,11411.45,11268.95,11278.9,248298794,13814.11
17-SEP-2018,11464.95,11464.95,11366.9,11377.75,207620518,11294.84
14-SEP-2018,11443.5,11523.25,11430.55,11515.2,285218296,16423.36
12-SEP-2018,11340.1,11380.75,11250.2,11369.9,276509748,15567.9
11-SEP-2018,11476.85,11479.4,11274,11287.5,318093125,18745.54
10-SEP-2018,11570.25,11573,11427.3,11438.1,295597988,16513.89
07-SEP-2018,11558.25,11603,11484.4,11589.1,305029077,16441.02
06-SEP-2018,11514.15,11562.25,11436.05,11536.9,255558129,15161
05-SEP-2018,11514.85,11542.65,11393.85,11476.95,253689858,15078.23
04-SEP-2018,11598.75,11602.55,11496.85,11520.3,262701030,16254.78
03-SEP-2018,11751.8,11751.8,11567.4,11582.35,241726864,16139.58
31-AUG-2018,11675.85,11727.65,11640.1,11680.5,357230312,20755.73
30-AUG-2018,11694.75,11698.8,11639.7,11676.8,323450305,18275.54
29-AUG-2018,11744.95,11753.2,11678.85,11691.9,259351550,14324.65
28-AUG-2018,11731.95,11760.2,11710.5,11738.5,249420312,13946.7
27-AUG-2018,11605.85,11700.95,11595.6,11691.95,205689327,11707.5
24-AUG-2018,11566.6,11604.6,11532,11557.1,225604574,13019.55
23-AUG-2018,11620.7,11620.7,11546.7,11582.75,256163842,16117.77
21-AUG-2018,11576.2,11581.75,11539.6,11570.9,231063669,13528.83
20-AUG-2018,11502.1,11565.3,11499.65,11551.75,239843358,14119.93
17-AUG-2018,11437.15,11486.45,11431.8,11470.75,241985503,13275.31
16-AUG-2018,11397.15,11449.85,11366.25,11385.05,299610298,17081.62
14-AUG-2018,11381.7,11452.45,11370.8,11435.1,239841680,13935.35
13-AUG-2018,11369.6,11406.3,11340.3,11355.75,254466760,12899.22
10-AUG-2018,11474.95,11478.75,11419.65,11429.5,336424182,15738.26
09-AUG-2018,11493.25,11495.2,11454.1,11470.7,311521403,15842.76
08-AUG-2018,11412.5,11459.95,11379.3,11450,217047641,12422.62
07-AUG-2018,11423.15,11428.95,11359.7,11389.45,233409612,12457.71
06-AUG-2018,11401.5,11427.65,11370.6,11387.1,210002582,11321.55
03-AUG-2018,11297.8,11368,11294.55,11360.8,225146360,12984.66
02-AUG-2018,11328.9,11328.9,11234.95,11244.7,216533127,12267.66
01-AUG-2018,11359.8,11390.55,11313.55,11346.2,278012697,14436.12
31-JUL-2018,11311.05,11366,11267.75,11356.5,264430889,15297.4
30-JUL-2018,11296.65,11328.1,11261.45,11319.55,287435926,14716.66
27-JUL-2018,11232.75,11283.4,11210.25,11278.35,324343457,15203.09
26-JUL-2018,11132.95,11185.85,11125.7,11167.3,376657398,21595.33
25-JUL-2018,11148.4,11157.15,11113.25,11132,212333169,12528.8
24-JUL-2018,11109,11143.4,11092.5,11134.3,212247395,13931.15
23-JUL-2018,11019.85,11093.4,11010.95,11084.75,236153085,14932.51
20-JUL-2018,10963.5,11030.25,10946.2,11010.2,193144113,14105.94
19-JUL-2018,10999.5,11006.5,10935.45,10957.1,222056399,12199.98
18-JUL-2018,11060.2,11076.2,10956.3,10980.45,232502459,13320.2
17-JUL-2018,10939.65,11018.5,10925.6,11008.05,217107580,12649.4
16-JUL-2018,11018.95,11019.5,10926.25,10936.85,216971413,13709.57
13-JUL-2018,11056.9,11071.35,10999.75,11018.9,241670818,14744.56
12-JUL-2018,11006.95,11078.3,10999.65,11023.2,256034815,15787.28
11-JUL-2018,10956.4,10976.65,10923,10948.3,229211999,15944.45
10-JUL-2018,10902.75,10956.9,10876.65,10947.25,203061980,12834.85
09-JUL-2018,10838.3,10860.35,10807.15,10852.9,189331016,10843.92
06-JUL-2018,10744.15,10816.35,10735.05,10772.65,256547706,14006.48
05-JUL-2018,10786.05,10786.05,10726.25,10749.75,227267176,13676.58
04-JUL-2018,10715,10777.15,10677.75,10769.9,179268271,10388.69
03-JUL-2018,10668.6,10713.3,10630.25,10699.9,208371545,10896.89
02-JUL-2018,10732.35,10736.15,10604.65,10657.3,304536687,13591.3
10-APR-2019,11646.85,11680.05,11571.75,11584.3,359941110,22258.46
09-APR-2019,11612.05,11683.9,11569.7,11671.95,300467538,15984.39
08-APR-2019,11704.35,11710.3,11549.1,11604.5,260932608,14203.96
05-APR-2019,11638.4,11689.65,11609.5,11665.95,266665797,15000.35
04-APR-2019,11660.2,11662.55,11559.2,11598,349029830,19713.01
03-APR-2019,11735.3,11761,11629.15,11643.95,365760070,19050.95
02-APR-2019,11711.55,11729.35,11655.85,11713.2,386131413,18673.7
01-APR-2019,11665.2,11738.1,11644.75,11669.15,379572660,18977.99
29-MAR-2019,11625.45,11630.35,11570.15,11623.9,416276981,20515.25
28-MAR-2019,11463.65,11588.5,11452.45,11570,527678809,25719.65
27-MAR-2019,11531.45,11546.2,11413,11445.05,350446089,18356.52
26-MAR-2019,11375.2,11496.75,11352.45,11483.25,282575496,14611.68
25-MAR-2019,11395.65,11395.65,11311.6,11354.25,294459196,14101.14
22-MAR-2019,11549.2,11572.8,11434.55,11456.9,386193935,19755.74
20-MAR-2019,11553.35,11556.1,11503.1,11521.05,366298049,18311.44
19-MAR-2019,11500.3,11543.85,11451.25,11532.4,326099667,16179.92
18-MAR-2019,11473.85,11530.15,11412.5,11462.2,320250041,16942.22
15-MAR-2019,11376.85,11487,11370.8,11426.85,463704896,25143.26
14-MAR-2019,11382.5,11383.45,11313.75,11343.25,294480678,15661.05
13-MAR-2019,11326.2,11352.3,11276.6,11341.7,382996187,20851.67
12-MAR-2019,11231.35,11320.4,11227,11301.2,391310519,20861.35
11-MAR-2019,11068.75,11180.9,11059.85,11168.05,352242287,17349.95
08-MAR-2019,11038.85,11049,11008.95,11035.4,326569833,14369.77
07-MAR-2019,11077.95,11089.05,11027.1,11058.2,321208766,15321.68
06-MAR-2019,11024.85,11062.3,10998.85,11053,372550850,17850.93
05-MAR-2019,10864.85,10994.9,10817,10987.45,373220239,17960.03
01-MAR-2019,10842.65,10877.9,10823.1,10863.5,308526309,15010.06
28-FEB-2019,10865.7,10865.7,10784.85,10792.5,644159018,27123.34
27-FEB-2019,10881.2,10939.7,10751.2,10806.65,381080073,18313.85
26-FEB-2019,10775.3,10888.75,10729.3,10835.3,414954476,19186.75
25-FEB-2019,10813.25,10887.1,10788.05,10880.1,385905142,16466.09
22-FEB-2019,10782.7,10801.55,10758.4,10791.65,396846597,24386.42
21-FEB-2019,10744.1,10808.85,10721.5,10789.85,279584955,14758.5
20-FEB-2019,10655.45,10752.7,10646.4,10735.45,289195306,13209.71
19-FEB-2019,10636.7,10722.85,10585.65,10604.35,291507060,13765.01
18-FEB-2019,10738.65,10759.9,10628.4,10640.95,345440240,14903.19
15-FEB-2019,10780.25,10785.75,10620.4,10724.4,521876968,20733.95
14-FEB-2019,10786.1,10792.7,10718.75,10746.05,627041405,20797.41
13-FEB-2019,10870.55,10891.65,10772.1,10793.65,321958549,15360.98
12-FEB-2019,10879.7,10910.9,10823.8,10831.4,292314643,14424.78
11-FEB-2019,10930.9,10930.9,10857.1,10888.8,285985383,13818.92
08-FEB-2019,11023.5,11041.2,10925.45,10943.6,352787419,15507.05
07-FEB-2019,11070.45,11118.1,11043.6,11069.4,263544426,13542.69
06-FEB-2019,10965.1,11072.6,10962.7,11062.45,298510497,15172.85
05-FEB-2019,10908.65,10956.7,10886.7,10934.35,268095127,13435.13
04-FEB-2019,10876.75,10927.9,10814.15,10912.25,318300039,15478.81
01-FEB-2019,10851.35,10983.45,10813.45,10893.65,482272661,23112.37
31-JAN-2019,10690.55,10838.05,10678.55,10830.95,604818027,27471.18
30-JAN-2019,10702.25,10710.2,10612.85,10651.8,410107910,21214.81
29-JAN-2019,10653.7,10690.35,10583.65,10652.2,356908994,18832.06
28-JAN-2019,10792.45,10804.45,10630.95,10661.55,419682627,21144.33
25-JAN-2019,10859.75,10931.7,10756.45,10780.55,463444758,20542.36
24-JAN-2019,10844.05,10866.6,10798.65,10849.8,361082096,15298.48
23-JAN-2019,10931.05,10944.8,10811.95,10831.5,298876314,14736.91
22-JAN-2019,10949.8,10949.8,10864.15,10922.75,300768112,17483.62
21-JAN-2019,10919.35,10987.45,10885.75,10961.85,288829125,17289.7
18-JAN-2019,10914.85,10928.2,10852.2,10906.95,323814108,16408.83
17-JAN-2019,10920.85,10930.65,10844.65,10905.2,271676319,13215.83
16-JAN-2019,10899.65,10928.15,10876.9,10890.3,276539042,13081.63
15-JAN-2019,10777.55,10896.95,10777.55,10886.8,310737078,14879.91
14-JAN-2019,10807,10808,10692.35,10737.6,298774178,12732.57
11-JAN-2019,10834.75,10850.15,10739.4,10794.95,260792200,13084.6
10-JAN-2019,10859.35,10859.35,10801.8,10821.6,254365477,12031.26
09-JAN-2019,10862.4,10870.4,10749.4,10855.15,333010535,16213.3
08-JAN-2019,10786.25,10818.45,10733.25,10802.15,277697672,13433.48
07-JAN-2019,10804.85,10835.95,10750.15,10771.8,269371080,12731.29
04-JAN-2019,10699.7,10741.05,10628.65,10727.35,296596655,14516.74
03-JAN-2019,10796.8,10814.05,10661.25,10672.25,286241745,15030.45
02-JAN-2019,10868.85,10895.35,10735.05,10792.5,309665939,15352.25
01-JAN-2019,10881.7,10923.6,10807.1,10910.1,159404542,8688.26
27-DEC-2019,12172.9,12258.45,12157.9,12245.8,383788556,13676.2
19-DEC-2019,12223.4,12268.35,12191.15,12259.7,623049839,19761.9
17-DEC-2019,12082.45,12182.75,12070.35,12165,499585789,20968.79
16-DEC-2019,12131.35,12134.65,12046.3,12053.95,437703921,16110.34
06-DEC-2019,12047.35,12057.05,11888.85,11921.5,609221205,18245.49
03-DEC-2019,12067.65,12068.6,11956.4,11994.2,605789334,18203.76
02-DEC-2019,12137.05,12137.15,12023.7,12048.2,720945335,23113.18
29-NOV-2019,12146.2,12147.4,12017.4,12056.05,804430391,21838.04
28-NOV-2019,12132.1,12158.8,12099.95,12151.15,620479403,21229.58
27-NOV-2019,12068.5,12114.9,12055.15,12100.7,584226618,19937.4
25-NOV-2019,11922.45,12084.5,11919.75,12073.75,534289467,19990.44
21-NOV-2019,12025.65,12028.2,11956.9,11968.4,557685781,21609.99
19-NOV-2019,11919.45,11958.85,11881.75,11940.1,613909679,21574.84
18-NOV-2019,11915.15,11946.2,11867.6,11884.5,514352437,17991.41
15-NOV-2019,11904.2,11973.65,11879.25,11895.45,580154179,22350.63
13-NOV-2019,11908.3,11946.8,11823.2,11840.45,659035969,20401.5
11-NOV-2019,11879.2,11932.65,11853.95,11913.45,548979515,16548.47
08-NOV-2019,11987.15,12034.15,11888.75,11908.15,789254360,22931.52
07-NOV-2019,12021.1,12021.4,11946.85,12012.05,562963817,20898.24
06-NOV-2019,11911.5,12002.9,11850.25,11966.05,603351290,23324.97
05-NOV-2019,11974.6,11978.95,11861.9,11917.2,631952071,20995.88
01-NOV-2019,11886.6,11918.3,11843.35,11890.6,855338495,24933.55
30-OCT-2019,11883.9,11883.95,11784.45,11844.1,725219760,22672.18
29-OCT-2019,11643.95,11809.4,11627.35,11786.85,951722529,27054.87
27-OCT-2019,11662.25,11672.4,11604.6,11627.15,161779004,3548.21
25-OCT-2019,11646.15,11646.9,11490.75,11583.9,812027840,23611.51
23-OCT-2019,11596.2,11651.6,11554.4,11604.1,664159887,23397.69
18-OCT-2019,11580.3,11684.7,11553.15,11661.85,853440208,22315.99
15-OCT-2019,11360.85,11462.35,11342.1,11428.3,527396180,17041.55
11-OCT-2019,11257.7,11362.9,11189.4,11305.05,737795150,22511.39
09-OCT-2019,11152.95,11321.6,11090.15,11313.3,741148639,20961.54
07-OCT-2019,11196.2,11233.85,11112.65,11126.4,733198763,18641.37
04-OCT-2019,11388.45,11400.3,11158.35,11174.75,928524450,22470.76
03-OCT-2019,11322.25,11370.4,11257.35,11314,1017479514,21658.38
01-OCT-2019,11515.4,11554.2,11247.9,11359.9,1305415159,28972.72
30-SEP-2019,11491.15,11508.25,11390.8,11474.45,756848686,23748.07
24-SEP-2019,11590.7,11655.05,11539.2,11588.2,651722255,26930.07
23-SEP-2019,11542.7,11694.85,11471.35,11600.2,882826741,40005.01
16-SEP-2019,10994.85,11052.7,10968.2,11003.5,434449776,15786.17
12-SEP-2019,11058.3,11081.75,10964.95,10982.8,551436050,17510.17
11-SEP-2019,11028.5,11054.8,11011.65,11035.7,687140326,19550.59
09-SEP-2019,10936.7,11028.85,10889.8,11003.05,412471067,14762.07
06-SEP-2019,10883.8,10957.05,10867.45,10946.2,497214445,18167.78
04-SEP-2019,10790.4,10858.75,10746.35,10844.65,508784352,19195.1
30-AUG-2019,10987.8,11042.6,10874.8,11023.25,628154431,21057.31
29-AUG-2019,10996.05,11021.1,10922.4,10948.3,649876160,20127.77
27-AUG-2019,11106.55,11141.75,11049.5,11105.35,685551267,27413.16
26-AUG-2019,11000.3,11070.3,10756.55,11057.85,684141923,22375.99
23-AUG-2019,10699.6,10862.55,10637.15,10829.35,667079625,20983.75
22-AUG-2019,10905.3,10908.25,10718.3,10741.35,668193449,18764.38
20-AUG-2019,11063.9,11076.3,10985.3,11017,444715679,16915.96
14-AUG-2019,11003.25,11078.15,10935.6,11029.4,511541716,19712.81
09-AUG-2019,11087.9,11181.45,11062.8,11109.65,538063563,21092.05
08-AUG-2019,10899.2,11058.05,10842.95,11032.45,482471622,20667.6
06-AUG-2019,10815.4,11018.55,10813.8,10948.25,517891491,21676.4
02-AUG-2019,10930.3,11080.15,10848.95,10997.35,547416246,23972.04
01-AUG-2019,11060.2,11076.75,10881,10980,499918953,21048.32
31-JUL-2019,11034.05,11145.3,10999.4,11118,536694278,23681.22
30-JUL-2019,11213.7,11267.45,11072.65,11085.4,479059399,20545.71
26-JUL-2019,11247.45,11307.6,11210.05,11284.3,522670420,20350.38
25-JUL-2019,11290.4,11361.4,11239.35,11252.15,553676897,24329.21
24-JUL-2019,11322.45,11359.75,11229.8,11271.3,413202832,18353.13
23-JUL-2019,11372.25,11398.15,11302.8,11331.05,458931191,19199.32
22-JUL-2019,11392.85,11398.15,11301.25,11346.2,516044335,19304.23
18-JUL-2019,11675.6,11677.15,11582.4,11596.9,498258158,16684.03
17-JUL-2019,11670.75,11706.65,11651.15,11687.5,464827734,15250.5
12-JUL-2019,11601.15,11639.55,11538.6,11552.5,359421182,16947.57
11-JUL-2019,11561.45,11599,11519.5,11582.9,317257578,14586.2
09-JUL-2019,11531.6,11582.55,11461,11555.9,442520253,21577.95
04-JUL-2019,11928.8,11969.25,11923.65,11946.75,333595172,14758.87
13-APR-2020,9103.95,9112.05,8912.4,8993.85,644468815,26749.06
09-APR-2020,8973.05,9128.35,8904.55,9111.9,743036134,32907.82
08-APR-2020,8688.9,9131.7,8653.9,8748.75,897562690,37641.68
07-APR-2020,8446.3,8819.4,8360.95,8792.2,815245226,35206.69
03-APR-2020,8356.55,8356.55,8055.8,8083.8,697752438,26561.18
01-APR-2020,8584.1,8588.1,8198.35,8253.8,507509685,21307.3
31-MAR-2020,8529.35,8678.3,8358,8597.75,713390935,27401.3
30-MAR-2020,8385.95,8576,8244,8281.1,593953051,24724.44
27-MAR-2020,8949.1,9038.9,8522.9,8660.25,801923401,31336.86
26-MAR-2020,8451,8749.05,8304.9,8641.45,866534643,32228.31
25-MAR-2020,7735.15,8376.75,7714.75,8317.85,738114713,28482.01
24-MAR-2020,7848.3,8036.95,7511.1,7801.05,739354439,28282.09
23-MAR-2020,7945.7,8159.25,7583.6,7610.25,654151814,23891.9
20-MAR-2020,8284.45,8883,8178.2,8745.45,1072263600,37321.25
19-MAR-2020,8063.3,8575.45,7832.55,8263.45,926508824,34274.23
18-MAR-2020,9088.45,9127.55,8407.05,8468.8,1517275761,39256.71
17-MAR-2020,9285.4,9403.8,8915.6,8967.05,936185892,28004.16
16-MAR-2020,9587.8,9602.2,9165.1,9197.4,898523271,29181.8
13-MAR-2020,9107.6,10159.4,8555.15,9955.2,1389061775,44167.89
12-MAR-2020,10039.95,10040.75,9508,9590.15,1344263317,39283.97
11-MAR-2020,10334.3,10545.1,10334,10458.4,1219079693,32548.47
09-MAR-2020,10742.05,10751.55,10294.45,10451.45,1566119057,35151.79
06-MAR-2020,10942.65,11035.1,10827.4,10989.45,1811564187,26455.29
05-MAR-2020,11306.05,11389.5,11244.6,11269,1353209029,26980.65
04-MAR-2020,11351.35,11356.6,11082.15,11251,798021596,26928.46
03-MAR-2020,11217.55,11342.25,11152.55,11303.3,696919348,23281.2
02-MAR-2020,11387.35,11433,11036.25,11132.75,681148567,24204.55
28-FEB-2020,11382,11384.8,11175.05,11201.75,810523106,32297.15
27-FEB-2020,11661.25,11663.85,11536.7,11633.3,609266324,21623.47
26-FEB-2020,11738.55,11783.25,11639.6,11678.5,567990976,21887.07
25-FEB-2020,11877.5,11883.05,11779.9,11797.9,461349973,18510.82
24-FEB-2020,12012.55,12012.55,11813.4,11829.4,491224913,19421.04
20-FEB-2020,12119,12152,12071.45,12080.85,502875583,18831.51
19-FEB-2020,12090.6,12134.7,12042.1,12125.9,514030605,17610.89
18-FEB-2020,12028.25,12030.75,11908.05,11992.5,677307424,18853
17-FEB-2020,12131.8,12159.6,12037,12045.8,455412408,15439.55
14-FEB-2020,12190.15,12246.7,12091.2,12113.45,623053270,20759.51
13-FEB-2020,12219.55,12225.65,12139.8,12174.65,501510138,16315.27
12-FEB-2020,12151,12231.75,12144.3,12201.2,412399174,16598.33
11-FEB-2020,12108.4,12172.3,12099,12107.9,480491557,16209.52
10-FEB-2020,12102.35,12103.55,11990.75,12031.5,525674715,17185.14
07-FEB-2020,12151.15,12154.7,12073.95,12098.35,473475144,16339.61
06-FEB-2020,12120,12160.6,12084.65,12137.95,565116236,21735.92
05-FEB-2020,12005.85,12098.15,11953.35,12089.15,758032580,22998.05
04-FEB-2020,11786.25,11986.15,11783.4,11979.65,560430291,22338.5
03-FEB-2020,11627.45,11749.85,11614.5,11707.9,669815788,25415.26
01-FEB-2020,11939,12017.35,11633.3,11661.85,537634767,20598.12
31-JAN-2020,12100.4,12103.55,11945.85,11962.1,771278258,26044.91
30-JAN-2020,12147.75,12150.3,12010.6,12035.8,538138743,19372.67
29-JAN-2020,12114.9,12169.6,12103.8,12129.5,514362340,20646.18
28-JAN-2020,12148.1,12163.55,12024.5,12055.8,478484057,20917.62
27-JAN-2020,12197.1,12216.6,12107,12119,441158138,17988.61
24-JAN-2020,12174.55,12272.15,12149.65,12248.25,593237908,18032.27
23-JAN-2020,12123.75,12189,12094.1,12180.35,867653663,23829.39
22-JAN-2020,12218.35,12225.05,12087.9,12106.9,526294513,19758.68
21-JAN-2020,12195.3,12230.05,12162.3,12169.85,443976442,18682.65
20-JAN-2020,12430.5,12430.5,12216.9,12224.55,491609317,21415.43
17-JAN-2020,12328.4,12385.45,12321.4,12352.35,502060615,21397.63
16-JAN-2020,12347.1,12389.05,12315.8,12355.5,395670245,16004.06
15-JAN-2020,12349.4,12355.15,12278.75,12343.3,684352965,17882.51
14-JAN-2020,12333.1,12374.25,12308.7,12362.3,616260555,17948.92
13-JAN-2020,12296.7,12337.75,12285.8,12329.55,500968242,17522.13
10-JAN-2020,12271,12311.2,12213.2,12256.8,660627930,18818.62
09-JAN-2020,12153.15,12224.05,12132.55,12215.9,477469878,18456.64
08-JAN-2020,11939.1,12044.95,11929.6,12025.35,445991640,18281.15
07-JAN-2020,12079.1,12152.15,12005.35,12052.95,447818617,17797.68
06-JAN-2020,12170.6,12179.1,11974.2,11993.05,396501419,16869.22
03-JAN-2020,12261.1,12265.6,12191.35,12226.65,428770054,16827.27
02-JAN-2020,12198.55,12289.9,12195.25,12282.2,407697594,15256.55
01-JAN-2020,12202.15,12222.2,12165.3,12182.5,304078039,10445.68
07-OCT-2020,11679.25,11763.05,11629.35,11738.85,513367516,32935.98
06-OCT-2020,11603.45,11680.3,11564.3,11662.4,561444728,30373.65
05-OCT-2020,11487.8,11578.05,11452.3,11503.35,530597393,31341.55
01-OCT-2020,11364.45,11428.6,11347.05,11416.95,447740006,26212.72
30-SEP-2020,11244.45,11295.4,11184.55,11247.55,499343849,28134.77
29-SEP-2020,11288.6,11305.4,11181,11222.4,498295735,26875.14
28-SEP-2020,11140.85,11239.35,11099.85,11227.55,472777324,24361.17
25-SEP-2020,10910.4,11072.6,10854.85,11050.25,559597322,31122.18
24-SEP-2020,11011,11015.3,10790.2,10805.55,706139506,33623.71
23-SEP-2020,11258.75,11259.55,11024.4,11131.85,714925847,35542.98
22-SEP-2020,11301.75,11302.2,11084.65,11153.65,672249921,36296.49
21-SEP-2020,11503.8,11535.25,11218.5,11250.55,602851737,37213.23
18-SEP-2020,11584.1,11584.1,11446.1,11504.95,764154094,48698.68
17-SEP-2020,11539.4,11587.2,11498.5,11516.1,517729494,29674.95
16-SEP-2020,11538.45,11618.1,11516.75,11604.55,527804775,27629.71
15-SEP-2020,11487.2,11535.95,11442.25,11521.8,506667239,28054.51
14-SEP-2020,11540.15,11568.9,11383.55,11440.05,642270123,33996.94
11-SEP-2020,11447.8,11493.5,11419.9,11464.45,554789157,29614.09
10-SEP-2020,11363.3,11464.05,11327.4,11449.25,679419973,39239.1
09-SEP-2020,11218.6,11298.15,11185.15,11278,728880693,32660.67
08-SEP-2020,11378.55,11437.25,11290.45,11317.35,572239350,27979.7
07-SEP-2020,11359.6,11381.15,11251.7,11355.05,560322964,25959.82
04-SEP-2020,11354.4,11452.05,11303.65,11333.85,681338905,31746.86
03-SEP-2020,11566.2,11584.95,11507.65,11527.45,607115212,26868.26
02-SEP-2020,11478.55,11554.75,11430.4,11535,593494423,27454.65
01-SEP-2020,11464.3,11553.55,11366.9,11470.25,783769555,36752.54
31-AUG-2020,11777.55,11794.25,11325.85,11387.5,1371789450,61668.55
28-AUG-2020,11602.95,11686.05,11589.4,11647.6,806997707,39349.92
27-AUG-2020,11609.3,11617.35,11540.6,11559.25,719776490,31580.61
26-AUG-2020,11512.85,11561.75,11461.85,11549.6,743442521,34852.01
25-AUG-2020,11513.1,11525.9,11423.35,11472.25,638152608,28742.82
24-AUG-2020,11412,11497.25,11410.65,11466.45,532900535,28920.84
21-AUG-2020,11409.65,11418.5,11362.2,11371.6,668719170,26294.26
20-AUG-2020,11317.45,11361.45,11289.8,11312.2,791587770,27676.18
19-AUG-2020,11452.15,11460.35,11394.1,11408.4,626217997,27528.12
18-AUG-2020,11259.8,11401.7,11253.15,11385.35,579242492,27267.51
17-AUG-2020,11248.9,11267.1,11144.5,11247.1,633963958,27468.67
14-AUG-2020,11353.3,11366.25,11111.45,11178.4,645109756,31059.23
13-AUG-2020,11334.85,11359.3,11269.95,11300.45,562355175,26500.52
12-AUG-2020,11289,11322,11242.65,11308.4,609858960,28088.09
11-AUG-2020,11322.25,11373.6,11299.15,11322.5,586084846,30314.89
10-AUG-2020,11270.25,11337.3,11238,11270.15,491999534,29108.25
07-AUG-2020,11186.65,11231.9,11142.05,11214.05,452629891,27054.43
06-AUG-2020,11185.7,11256.8,11127.3,11200.15,600374615,31501.08
05-AUG-2020,11155.75,11225.65,11064.05,11101.65,667639446,34894.58
04-AUG-2020,10946.65,11112.25,10908.1,11095.25,625738313,35357.96
03-AUG-2020,11057.55,11058.05,10882.25,10891.6,680929323,31149.94
31-JUL-2020,11139.5,11150.4,11026.65,11073.45,642560311,36220.09
30-JUL-2020,11254.3,11299.95,11084.95,11102.15,677761342,39150.44
29-JUL-2020,11276.9,11341.4,11149.75,11202.85,600726301,38726.02
28-JUL-2020,11154.1,11317.75,11151.4,11300.55,683891350,38677.47
27-JUL-2020,11225,11225,11087.85,11131.8,588148687,34539.73
24-JUL-2020,11149.95,11225.4,11090.3,11194.15,678935175,40217.17
23-JUL-2020,11135,11239.8,11103.15,11215.45,621575333,32744.93
22-JUL-2020,11231.2,11238.1,11056.55,11132.6,765074288,41068.72
21-JUL-2020,11126.1,11179.55,11113.25,11162.25,771998838,42461.89
20-JUL-2020,10999.45,11037.9,10953,11022.2,554306867,32738.64
17-JUL-2020,10752,10933.45,10749.65,10901.7,676881092,35592.83
16-JUL-2020,10706.2,10755.3,10595.2,10739.95,694402635,41453.95
15-JUL-2020,10701,10827.45,10577.75,10618.2,715901258,42376.03
14-JUL-2020,10750.85,10755.65,10562.9,10607.35,532368699,30902.47
13-JUL-2020,10851.85,10894.05,10756.05,10802.7,554050579,30606.3
10-JUL-2020,10764.1,10819.4,10713,10768.05,590705425,31557.58
09-JUL-2020,10755.55,10836.85,10733,10813.45,618652409,31315.87
08-JUL-2020,10818.65,10847.85,10676.55,10705.75,767941333,37676.34
07-JUL-2020,10802.85,10813.8,10689.7,10799.65,636764929,36502.37
06-JUL-2020,10723.85,10811.4,10695.1,10763.65,571212914,29857.54
03-JUL-2020,10614.95,10631.3,10562.65,10607.35,525190704,25186.39
02-JUL-2020,10493.05,10598.2,10485.55,10551.7,597423931,31235.17
01-JUL-2020,10323.8,10447.05,10299.6,10430.05,573550127,28736.28
15-APR-2021,14522.4,14597.55,14353.2,14581.45,556851211,40177.25
13-APR-2021,14364.9,14528.9,14274.9,14504.8,588666016,40846.57
12-APR-2021,14644.65,14652.5,14248.7,14310.8,638475842,43433.24
09-APR-2021,14882.65,14918.45,14785.65,14834.85,498347599,35010.36
08-APR-2021,14875.65,14984.15,14821.1,14873.8,503728173,34444.56
07-APR-2021,14716.45,14879.8,14649.85,14819.05,476382016,35184.96
06-APR-2021,14737,14779.1,14573.9,14683.5,474211156,31885.97
05-APR-2021,14837.7,14849.85,14459.5,14637.8,500476690,33885.39
01-APR-2021,14798.4,14883.2,14692.45,14867.35,430028476,29585.23
31-MAR-2021,14811.85,14813.75,14670.25,14690.7,436874691,29741.83
30-MAR-2021,14628.5,14876.3,14617.6,14845.1,594520567,35117.93
26-MAR-2021,14506.3,14572.9,14414.25,14507.3,481000845,29423.45
25-MAR-2021,14570.9,14575.6,14264.4,14324.9,606820996,35350.22
24-MAR-2021,14712.45,14752.35,14535,14549.4,456403503,27868.93
23-MAR-2021,14768.55,14878.6,14707,14814.75,474150088,30322.09
22-MAR-2021,14736.3,14763.9,14597.85,14736.4,458997059,27345.02
19-MAR-2021,14471.15,14788.25,14350.1,14744,919178208,49011.27
18-MAR-2021,14855.5,14875.2,14478.6,14557.85,542216908,31339.71
17-MAR-2021,14946.55,14956.55,14696.05,14721.3,479352147,27983.5
16-MAR-2021,14996.1,15051.6,14890.65,14910.45,437651327,27975.07
15-MAR-2021,15048.4,15048.4,14745.85,14929.5,467473367,28118
12-MAR-2021,15321.15,15336.3,14953.6,15030.95,493238854,32195.96
10-MAR-2021,15202.15,15218.45,15100.85,15174.8,404585756,25603.32
09-MAR-2021,15049.9,15126.85,14925.45,15098.4,675271251,38365.48
08-MAR-2021,15002.45,15111.15,14919.9,14956.2,580308065,29518.07
05-MAR-2021,14977.95,15092.35,14862.1,14938.1,640700362,37811.6
04-MAR-2021,15026.75,15202.35,14980.2,15080.75,534850447,36036.02
03-MAR-2021,15064.4,15273.15,14995.8,15245.6,544205583,34567.73
02-MAR-2021,14865.3,14959.1,14760.8,14919.1,621723916,34647.26
01-MAR-2021,14702.5,14806.8,14638.55,14761.55,507302977,30030.57
26-FEB-2021,14888.6,14919.45,14467.75,14529.15,1103644519,65012.96
25-FEB-2021,15079.85,15176.5,15065.35,15097.35,803883875,42983.07
24-FEB-2021,14729.15,15008.8,14723.05,14982,403754669,23723.99
23-FEB-2021,14782.25,14854.5,14651.85,14707.8,744092809,39508.09
22-FEB-2021,14999.05,15010.1,14635.05,14675.7,609898454,37578.07
19-FEB-2021,15074.8,15144.05,14898.2,14981.75,712213821,37419.34
18-FEB-2021,15238.7,15250.75,15078.05,15118.95,770629541,37093.99
17-FEB-2021,15279.9,15314.3,15170.75,15208.9,504767226,34073.12
16-FEB-2021,15371.45,15431.75,15242.2,15313.45,648545320,36550.03
15-FEB-2021,15270.3,15340.15,15243.4,15314.7,455959720,28955.29
12-FEB-2021,15186.2,15243.5,15081,15163.3,571808807,32304.24
11-FEB-2021,15073.25,15188.5,15065.4,15173.3,500122414,30933.44
10-FEB-2021,15119.05,15168.25,14977.2,15106.5,624791133,40707.97
09-FEB-2021,15164.15,15257.1,15064.3,15109.3,713279133,41930.72
08-FEB-2021,15064.3,15159.9,15041.05,15115.8,671242694,40483.96
05-FEB-2021,14952.6,15014.65,14864.75,14924.25,935629058,54394.63
04-FEB-2021,14789.05,14913.7,14714.75,14895.65,884686415,47811.8
03-FEB-2021,14754.9,14868.85,14574.15,14789.95,869477087,49312.35
02-FEB-2021,14481.1,14731.7,14469.15,14647.85,914965225,58177.74
01-FEB-2021,13758.6,14336.35,13661.75,14281.2,870529495,51840.22
29-JAN-2021,13946.6,13966.85,13596.75,13634.6,753206122,46918.29
28-JAN-2021,13810.4,13898.25,13713.25,13817.55,637871621,39881.82
27-JAN-2021,14237.95,14237.95,13929.3,13967.5,660711117,40579.24
25-JAN-2021,14477.8,14491.1,14218.6,14238.9,618631493,42278.39
22-JAN-2021,14583.4,14619.9,14357.75,14371.9,776750347,45322.54
21-JAN-2021,14730.95,14753.55,14517.25,14590.35,704646957,41939.04
20-JAN-2021,14538.3,14666.45,14517.55,14644.7,623069963,34639.36
19-JAN-2021,14371.65,14546.05,14350.85,14521.15,546108304,33084.79
18-JAN-2021,14453.3,14459.15,14222.8,14281.3,762043554,41716.22
15-JAN-2021,14594.35,14617.45,14357.85,14433.7,789557216,39912.18
14-JAN-2021,14550.05,14617.8,14471.5,14595.6,620194977,37534.37
13-JAN-2021,14639.8,14653.35,14435.7,14564.85,873956688,44682.93
12-JAN-2021,14473.8,14590.65,14432.85,14563.45,929566952,44976.12
11-JAN-2021,14474.05,14498.2,14383.1,14484.75,672878543,40186.21
08-JAN-2021,14258.4,14367.3,14221.65,14347.25,613472067,37615.19
07-JAN-2021,14253.75,14256.25,14123.1,14137.35,559173512,33446.47
06-JAN-2021,14240.95,14244.15,14039.9,14146.25,632323316,34615.55
05-JAN-2021,14075.15,14215.6,14048.15,14199.5,492475349,30872.87
04-JAN-2021,14104.35,14147.95,13953.75,14132.9,494999295,28705.09
01-JAN-2021,13996.1,14049.85,13991.35,14018.5,258090905,15873.75
11-OCT-2021,17867.55,18041.95,17839.1,17945.95,375756457,29000.2
08-OCT-2021,17886.85,17941.85,17840.35,17895.2,324066351,22778.68
07-OCT-2021,17810.55,17857.55,17763.8,17790.35,419890959,27371.98
06-OCT-2021,17861.5,17884.6,17613.15,17646,395833550,24504.3
05-OCT-2021,17661.35,17833.45,17640.9,17822.3,427000191,23066.8
04-OCT-2021,17615.55,17750.9,17581.35,17691.25,295761839,21343.51
01-OCT-2021,17531.9,17557.15,17452.9,17532.05,305763919,20911.61
30-SEP-2021,17718.9,17742.15,17585.35,17618.15,378592721,27167.19
29-SEP-2021,17657.95,17781.75,17608.15,17711.3,562237732,30621.28
28-SEP-2021,17906.45,17912.85,17576.1,17748.6,397997281,27055.36
27-SEP-2021,17932.2,17943.5,17802.9,17855.1,295714657,24244.98
24-SEP-2021,17897.45,17947.65,17819.4,17853.2,360130853,30787.59
23-SEP-2021,17670.85,17843.9,17646.55,17822.95,320514486,25005.36
22-SEP-2021,17580.9,17610.45,17524,17546.65,295191136,21772.23
21-SEP-2021,17450.5,17578.35,17326.1,17562,363578479,26520.99
20-SEP-2021,17443.85,17622.75,17361.8,17396.9,339102046,25304.27
17-SEP-2021,17709.65,17792.95,17537.65,17585.15,508285916,43345.58
16-SEP-2021,17539.2,17644.6,17510.45,17629.5,503310763,30189.77
15-SEP-2021,17387.65,17532.7,17386.9,17519.45,388191629,24256.8
14-SEP-2021,17420.35,17438.55,17367.05,17380,230354386,18702.82
13-SEP-2021,17363.55,17378.35,17269.15,17355.3,241053924,18498.63
09-SEP-2021,17312.85,17379.65,17302.7,17369.25,241509352,17719.78
08-SEP-2021,17375.75,17383.4,17254.2,17353.5,252652423,22696.35
07-SEP-2021,17401.55,17436.5,17287,17362.1,243417811,19848.94
06-SEP-2021,17399.35,17429.55,17345.55,17377.8,228045532,21270.62
03-SEP-2021,17262.45,17340.1,17212.2,17323.6,261373795,23579.17
02-SEP-2021,17095.4,17245.5,17059.7,17234.15,242377518,22620.36
01-SEP-2021,17185.6,17225.75,17055.05,17076.25,301894634,27691.93
31-AUG-2021,16947.5,17153.5,16915.85,17132.2,464390247,40147.89
30-AUG-2021,16775.85,16951.5,16764.85,16931.05,283483108,23615.87
27-AUG-2021,16642.55,16722.05,16565.6,16705.2,217405743,20499.85
26-AUG-2021,16627.95,16683.7,16603.4,16636.9,253530997,22320.21
25-AUG-2021,16654,16712.45,16617.5,16634.65,265920141,22210.6
24-AUG-2021,16561.4,16647.1,16495.3,16624.6,275362819,24992.32
23-AUG-2021,16592.25,16592.5,16395.7,16496.45,275597782,24355.77
20-AUG-2021,16382.5,16509.55,16376.05,16450.5,350819323,30118.23
18-AUG-2021,16691.95,16701.85,16535.85,16568.85,251796822,22721.54
17-AUG-2021,16545.25,16628.55,16495.4,16614.6,297388470,25696.44
16-AUG-2021,16518.4,16589.4,16480.75,16563.05,254049330,21456.2
13-AUG-2021,16385.7,16543.6,16376.3,16529.1,321866286,27163.08
12-AUG-2021,16303.65,16375.5,16286.9,16364.4,280181324,18548.87
11-AUG-2021,16327.3,16338.75,16162.55,16282.25,277895886,20306.59
10-AUG-2021,16274.8,16359.25,16202.25,16280.1,287989486,22600.38
09-AUG-2021,16281.35,16320.75,16179.05,16258.25,240452917,18302.03
06-AUG-2021,16304.4,16336.75,16223.3,16238.2,320087281,24716.17
05-AUG-2021,16288.95,16349.45,16210.3,16294.6,418174517,31386.78
04-AUG-2021,16195.25,16290.2,16176.15,16258.8,427337644,32434.78
03-AUG-2021,15951.55,16146.9,15914.35,16130.75,341289658,26373.24
02-AUG-2021,15874.9,15892.9,15834.65,15885.15,244847433,20766.99
30-JUL-2021,15800.6,15862.8,15744.85,15763.05,400021237,30539.63
29-JUL-2021,15762.7,15817.35,15737.8,15778.45,401584915,29460.54
28-JUL-2021,15761.55,15767.5,15513.45,15709.4,318601589,26090.48
27-JUL-2021,15860.5,15881.55,15701,15746.45,311012065,26117.34
26-JUL-2021,15849.3,15893.35,15797,15824.45,267076679,19487.18
23-JUL-2021,15856.8,15899.8,15768.4,15856.05,294098244,20685.82
22-JUL-2021,15736.6,15834.8,15726.4,15824.05,265250867,23988.39
20-JUL-2021,15703.95,15728.45,15578.55,15632.1,274284165,21329.55
19-JUL-2021,15754.5,15836.9,15707.5,15752.4,242131813,18088.78
16-JUL-2021,15958.35,15962.25,15882.6,15923.4,276298105,18758.13
15-JUL-2021,15872.15,15952.35,15855,15924.2,284851049,20961.37
14-JUL-2021,15808.7,15877.35,15764.2,15853.95,239924352,18372.84
13-JUL-2021,15794,15820.8,15744.6,15812.35,246676549,18205.97
12-JUL-2021,15766.8,15789.2,15644.75,15692.6,216272488,18482.89
09-JUL-2021,15688.25,15730.85,15632.75,15689.8,243249366,19976.86
08-JUL-2021,15855.4,15885.75,15682.9,15727.9,307928495,19597.95
07-JUL-2021,15819.6,15893.55,15779.7,15879.65,329308646,22259.96
06-JUL-2021,15813.75,15914.2,15801,15818.25,391410742,24456.05
05-JUL-2021,15793.4,15845.95,15762.05,15834.35,207032153,14976.54
02-JUL-2021,15705.85,15738.35,15635.95,15722.2,254808999,18015.42
01-JUL-2021,15755.05,15755.55,15667.05,15680,224921644,17359.97
13-APR-2022,17599.9,17663.65,17457.4,17475.65,245061941,20229.83
12-APR-2022,17584.85,17595.3,17442.35,17530.3,266029060,23958.77
11-APR-2022,17740.9,17779.05,17650.95,17674.95,251701846,21001.58
08-APR-2022,17698.15,17842.75,17600.55,17784.35,274447433,25608.1
07-APR-2022,17723.3,17787.5,17623.7,17639.55,308840215,26236.91
06-APR-2022,17842.75,17901,17779.85,17807.65,328824420,24252.48
05-APR-2022,18080.6,18095.45,17921.55,17957.4,283453612,25096.7
04-APR-2022,17809.1,18114.65,17791.4,18053.4,345526502,38623.94
01-APR-2022,17436.9,17703.7,17422.7,17670.45,291773447,21132.13
31-MAR-2022,17519.2,17559.8,17435.2,17464.75,281111679,24032.07
30-MAR-2022,17468.15,17522.5,17387.2,17498.25,505031841,28907.47
29-MAR-2022,17297.2,17343.65,17235.7,17325.3,235149625,20305.78
28-MAR-2022,17181.85,17235.1,17003.9,17222,253240837,19976.26
25-MAR-2022,17289,17294.9,17076.55,17153,237115741,20031.39
24-MAR-2022,17094.95,17291.75,17091.15,17222.75,290280124,25011.72
23-MAR-2022,17405.05,17442.4,17199.6,17245.65,292120348,24705.28
22-MAR-2022,17120.4,17334.4,17006.3,17315.5,338263468,27347.6
21-MAR-2022,17329.5,17353.35,17096.4,17117.6,285451208,22886.39
17-MAR-2022,17202.9,17344.6,17175.75,17287.05,448335248,35367.28
16-MAR-2022,16876.65,16987.9,16837.85,16975.35,259973396,21361.32
15-MAR-2022,16900.65,16927.75,16555,16663,381631902,29731.09
14-MAR-2022,16633.7,16887.95,16606.5,16871.3,314669685,23824.02
11-MAR-2022,16528.8,16694.4,16470.9,16630.45,343717045,24720.34
10-MAR-2022,16757.1,16757.3,16447.9,16594.9,486445481,35513.73
09-MAR-2022,16078,16418.05,15990,16345.35,462231428,35329.34
08-MAR-2022,15747.75,16028.75,15671.45,16013.45,543600673,38704.4
07-MAR-2022,15867.95,15944.6,15711.45,15863.15,585403660,38038.75
04-MAR-2022,16339.45,16456,16133.8,16245.35,456143040,34821.1
03-MAR-2022,16723.2,16768.95,16442.95,16498.05,442068263,31413
02-MAR-2022,16593.1,16678.5,16478.65,16605.95,517723542,39407.44
28-FEB-2022,16481.6,16815.9,16356.3,16793.9,404214666,33831.57
25-FEB-2022,16515.65,16748.8,16478.3,16658.4,329780732,25743.77
24-FEB-2022,16548.9,16705.25,16203.25,16247.95,457967874,36650.83
23-FEB-2022,17194.5,17220.7,17027.85,17063.25,200229631,17662.47
22-FEB-2022,16847.95,17148.55,16843.8,17092.2,300131995,24040.84
21-FEB-2022,17192.25,17351.05,17070.7,17206.65,215183301,18725.57
18-FEB-2022,17236.05,17380.8,17219.2,17276.3,189620888,16126.96
17-FEB-2022,17396.55,17442.9,17235.85,17304.6,232136131,19381.26
16-FEB-2022,17408.45,17490.6,17257.7,17322.2,244549223,21128.38
15-FEB-2022,16933.25,17375,16839.25,17352.45,298658142,24765.67
14-FEB-2022,17076.15,17099.5,16809.65,16842.8,305510740,24976.16
11-FEB-2022,17451,17454.75,17303,17374.75,253141660,23230.82
10-FEB-2022,17554.1,17639.45,17427.15,17605.85,273606440,22210.93
09-FEB-2022,17370.1,17477.15,17339,17463.8,236350514,19327.67
08-FEB-2022,17279.85,17306.45,17043.65,17266.75,268526210,23846.16
07-FEB-2022,17456.3,17536.75,17119.4,17213.6,265037933,21925.11
04-FEB-2022,17590.2,17617.8,17462.55,17516.3,261434170,20651.85
03-FEB-2022,17767.75,17781.15,17511.15,17560.2,226614989,20373.06
02-FEB-2022,17706.2,17794.6,17674.8,17780,271205907,23611.59
01-FEB-2022,17529.45,17622.4,17244.55,17576.85,386391485,30033.66
31-JAN-2022,17301.05,17410,17264.15,17339.85,321660346,25474.13
28-JAN-2022,17208.3,17373.5,17077.1,17101.95,355284285,29799.89
27-JAN-2022,17062,17182.5,16866.75,17110.15,395596577,36296.64
25-JAN-2022,17001.55,17309.15,16836.8,17277.95,326515896,31344.46
24-JAN-2022,17575.15,17599.4,16997.85,17149.1,323847388,28387.73
21-JAN-2022,17613.7,17707.6,17485.85,17617.15,277645373,25941.64
20-JAN-2022,17921,17943.7,17648.45,17757,258094246,25863.29
19-JAN-2022,18129.2,18129.2,17884.9,17938.4,276662654,25310.19
18-JAN-2022,18337.2,18350.95,18085.9,18113.05,227507319,20852.67
17-JAN-2022,18235.65,18321.55,18228.75,18308.1,266702919,23859.38
14-JAN-2022,18185,18286.95,18119.65,18255.75,229451608,21024.51
13-JAN-2022,18257,18272.25,18163.8,18257.8,303700545,28670.93
12-JAN-2022,18170.4,18227.95,18128.8,18212.35,244974287,22298.69
11-JAN-2022,17997.75,18081.25,17964.4,18055.75,220238796,20781.46
10-JAN-2022,17913.3,18017.45,17879.15,18003.3,232418075,20853.64
07-JAN-2022,17797.6,17905,17704.55,17812.7,239338015,21447.89
06-JAN-2022,17768.5,17797.95,17655.55,17745.9,236454824,22643.82
05-JAN-2022,17820.1,17944.7,17748.85,17925.25,251460038,23737.31
04-JAN-2022,17681.4,17827.6,17593.55,17805.25,247437472,18604.16
03-JAN-2022,17387.15,17646.65,17383.3,17625.7,200456430,16181.36
12-OCT-2022,17025.55,17142.35,16960.05,17123.6,256037322,18098.41
11-OCT-2022,17256.05,17261.8,16950.3,16983.55,282617982,22178.37
10-OCT-2022,17094.35,17280.15,17064.7,17241,234005512,16220.67
07-OCT-2022,17287.2,17337.35,17216.95,17314.65,216273136,17043.26
06-OCT-2022,17379.25,17428.8,17315.65,17331.8,268239320,20404.46
04-OCT-2022,17147.45,17287.3,17117.3,17274.3,231601639,18480.43
03-OCT-2022,17102.1,17114.65,16855.55,16887.35,285850587,21860.54
30-SEP-2022,16798.05,17187.1,16747.7,17094.35,380204763,26205.63
29-SEP-2022,16993.6,17026.05,16788.6,16818.1,340034380,24758.63
28-SEP-2022,16870.55,17037.6,16820.4,16858.6,323922457,21400.93
27-SEP-2022,17110.9,17176.45,16942.35,17007.4,359895458,22712.8
26-SEP-2022,17156.3,17196.4,16978.3,17016.3,492002942,27533.01
23-SEP-2022,17593.85,17642.15,17291.65,17327.35,390754862,23750.53
22-SEP-2022,17609.65,17722.75,17532.45,17629.8,284094023,21303.96
21-SEP-2022,17766.35,17838.7,17663.6,17718.35,245532498,19816.78
20-SEP-2022,17770.4,17919.3,17744.4,17816.25,263100874,20456.69
19-SEP-2022,17540.65,17667.2,17429.7,17622.25,258329581,19548.99
16-SEP-2022,17796.8,17820.05,17497.25,17530.85,468464263,36013.89
15-SEP-2022,18046.35,18096.15,17861.5,17877.4,289637528,22007.78
14-SEP-2022,17771.15,18091.55,17771.15,18003.75,365866933,26611.96
13-SEP-2022,18044.45,18088.3,18015.45,18070.05,259922741,21039.08
12-SEP-2022,17890.85,17980.55,17889.15,17936.35,228242025,17648.17
09-SEP-2022,17923.35,17925.95,17786,17833.35,270299618,20564.06
08-SEP-2022,17748.15,17807.65,17691.95,17798.75,279845682,19925.25
07-SEP-2022,17519.4,17650.75,17484.3,17624.4,354137885,25419.5
06-SEP-2022,17695.7,17764.65,17587.65,17655.6,251204527,17521.09
05-SEP-2022,17546.45,17683.15,17540.35,17665.8,230309013,17011.26
02-SEP-2022,17598.4,17643.85,17476.45,17539.45,256268616,19548.88
01-SEP-2022,17485.7,17695.6,17468.45,17542.8,308526598,26813.95
30-AUG-2022,17414.95,17777.65,17401.5,17759.3,324687477,26284.26
29-AUG-2022,17188.65,17380.15,17166.2,17312.9,244854637,19351.5
26-AUG-2022,17619.3,17685.85,17519.35,17558.9,266636238,17500.8
25-AUG-2022,17679,17726.5,17487.45,17522.45,230181848,17566.7
24-AUG-2022,17525.45,17623.65,17499.25,17604.95,261953239,17819.88
23-AUG-2022,17357.35,17625.55,17345.2,17577.5,285616338,20365.8
22-AUG-2022,17682.9,17690.05,17467.35,17490.7,287559133,19605.44
19-AUG-2022,17966.55,17992.2,17710.75,17758.45,295627263,21531.99
18-AUG-2022,17898.65,17968.45,17852.05,17956.5,263914197,18441.68
17-AUG-2022,17868.15,17965.95,17833.35,17944.25,262768582,21209.54
16-AUG-2022,17797.2,17839.1,17764.05,17825.25,278042725,18495.27
12-AUG-2022,17659.65,17724.65,17597.85,17698.15,303872483,18422.47
11-AUG-2022,17711.65,17719.3,17631.95,17659,311247237,20476.53
10-AUG-2022,17566.1,17566.1,17442.8,17534.75,312716544,21952.35
08-AUG-2022,17401.5,17548.8,17359.75,17525.1,256994113,18475.21
05-AUG-2022,17423.65,17474.4,17348.75,17397.5,355310802,20013.14
04-AUG-2022,17463.1,17490.7,17161.25,17382,324981426,21848.21
03-AUG-2022,17349.25,17407.5,17225.85,17388.15,285414666,20842.13
02-AUG-2022,17310.15,17390.15,17215.85,17345.45,333639093,22576.94
01-AUG-2022,17243.2,17356.25,17154.8,17340.05,381532671,23221.04
29-JUL-2022,17079.5,17172.8,17018.15,17158.25,436059722,28241.29
28-JUL-2022,16774.85,16947.65,16746.25,16929.6,376256315,26674.28
27-JUL-2022,16475.35,16653.45,16438.75,16641.8,185210970,17608.03
26-JUL-2022,16632.9,16636.1,16463.3,16483.85,208208122,20087.54
25-JUL-2022,16662.55,16706.05,16564.25,16631,211392171,19384.43
22-JUL-2022,16661.25,16752.25,16610.9,16719.45,190906776,18600.11
21-JUL-2022,16523.55,16626.95,16483.9,16605.25,243625339,20603.17
20-JUL-2022,16562.8,16588,16490.95,16520.85,284359582,22061.81
19-JUL-2022,16187.05,16359.5,16187.05,16340.55,222630928,18068.59
18-JUL-2022,16151.4,16287.95,16142.2,16278.5,227744850,19420.93
15-JUL-2022,16010.8,16066.95,15927.3,16049.2,205768079,17031.43
14-JUL-2022,16018.85,16070.85,15858.2,15938.65,228603433,18858.83
13-JUL-2022,16128.2,16140,15950.15,15966.65,233264100,19649.66
12-JUL-2022,16126.2,16158.75,16031.15,16058.3,208648707,16042.52
11-JUL-2022,16136.15,16248.55,16115.5,16216,255915072,20240.69
08-JUL-2022,16273.65,16275.5,16157.9,16220.6,281102369,20990.69
07-JUL-2022,16113.75,16150.5,16045.95,16132.9,264615218,21465.33
06-JUL-2022,15818.2,16011.35,15800.9,15989.8,288375300,22836.77
05-JUL-2022,15909.15,16025.75,15785.45,15810.85,254164463,19129.6
04-JUL-2022,15710.5,15852.35,15661.8,15835.35,304328467,19875.22
01-JUL-2022,15703.7,15793.95,15511.05,15752.05,364090131,25891.94
17-APR-2023,17863,17863,17574.05,17706.85,357401212,35118.57
13-APR-2023,17807.3,17842.15,17729.65,17828,285764798,26460.2
12-APR-2023,17759.55,17825.75,17717.25,17812.4,232816318,22851.93
11-APR-2023,17704.8,17748.75,17655.15,17722.3,304263454,25841.64
10-APR-2023,17634.9,17694.1,17597.95,17624.05,254819382,21092.06
06-APR-2023,17533.85,17638.7,17502.85,17599.15,242708337,23543.21
05-APR-2023,17422.3,17570.55,17402.7,17557.05,248345193,23911.75
03-APR-2023,17427.95,17428.05,17312.75,17398.05,230170687,20359.58
31-MAR-2023,17210.35,17381.6,17204.65,17359.75,263889033,24970.98
29-MAR-2023,16977.3,17126.15,16940.6,17080.7,345911087,27261.74
28-MAR-2023,17031.75,17061.75,16913.75,16951.7,238840919,20942.5
27-MAR-2023,16984.3,17091,16918.55,16985.7,218418670,18466.56
24-MAR-2023,17076.2,17109.45,16917.35,16945.05,228038299,19019.88
23-MAR-2023,17097.4,17205.4,17045.3,17076.9,219171517,19676.97
22-MAR-2023,17177.45,17207.25,17107.85,17151.9,185700457,15712
21-MAR-2023,17060.4,17127.7,17016,17107.5,246737873,22039.11
20-MAR-2023,17066.6,17066.6,16828.35,16988.4,241777405,21454.09
17-MAR-2023,17111.8,17145.8,16958.15,17100.05,408121255,30478.42
16-MAR-2023,16994.65,17062.45,16850.15,16985.6,349820607,24198.71
15-MAR-2023,17166.45,17211.35,16938.9,16972.15,248188970,22659.09
14-MAR-2023,17160.55,17224.65,16987.1,17043.3,290604200,26057.6
13-MAR-2023,17421.9,17529.9,17113.45,17154.3,254914657,22860.67
10-MAR-2023,17443.8,17451.5,17324.35,17412.9,235927570,19794.73
09-MAR-2023,17772.05,17772.35,17573.6,17589.6,262352056,21964.17
08-MAR-2023,17665.75,17766.5,17602.25,17754.4,267041402,23155.56
06-MAR-2023,17680.35,17799.95,17671.95,17711.45,362801096,26959.41
03-MAR-2023,17451.25,17644.75,17427.7,17594.35,356169518,24143.96
02-MAR-2023,17421.5,17445.8,17306,17321.9,310669094,22068.68
01-MAR-2023,17360.1,17467.75,17345.25,17450.9,272881409,19784.53
28-FEB-2023,17383.25,17440.45,17255.2,17303.95,420881259,32959.77
27-FEB-2023,17428.6,17451.6,17299,17392.7,246448847,16638.41
24-FEB-2023,17591.35,17599.75,17421.8,17465.8,209406363,16100.18
23-FEB-2023,17574.65,17620.05,17455.4,17511.25,240807918,19313.68
22-FEB-2023,17755.35,17772.5,17529.45,17554.3,204021979,17162.09
21-FEB-2023,17905.8,17924.9,17800.3,17826.7,198248205,15593.09
20-FEB-2023,17965.55,18004.35,17818.4,17844.6,174563233,14729.07
17-FEB-2023,17974.85,18034.25,17884.6,17944.2,208053929,16998.33
16-FEB-2023,18094.75,18134.75,18000.65,18035.85,230246175,18891.55
15-FEB-2023,17896.6,18034.1,17853.8,18015.85,229273800,21457.34
14-FEB-2023,17840.35,17954.55,17800.05,17929.85,244512944,20579.8
13-FEB-2023,17859.1,17880.7,17719.75,17770.9,231276483,17406.31
10-FEB-2023,17847.55,17876.95,17801,17856.5,231991834,17063.99
09-FEB-2023,17885.5,17916.9,17779.8,17893.45,260854055,21529.97
08-FEB-2023,17750.3,17898.7,17744.15,17871.7,290994265,23733.4
07-FEB-2023,17790.1,17811.15,17652.55,17721.5,354395693,23611.08
06-FEB-2023,17818.55,17823.7,17698.35,17764.6,282544790,21864.88
03-FEB-2023,17721.75,17870.3,17584.2,17854.05,424123037,34503.67
02-FEB-2023,17517.1,17653.9,17445.95,17610.4,490113567,37639.96
01-FEB-2023,17811.6,17972.2,17353.4,17616.3,512870802,38486.19
31-JAN-2023,17731.45,17735.7,17537.55,17662.15,398338541,35023.7
30-JAN-2023,17541.95,17709.15,17405.55,17648.95,432434028,38159.88
27-JAN-2023,17877.2,17884.75,17493.55,17604.35,476342611,40104.83
25-JAN-2023,18093.35,18100.6,17846.15,17891.95,257227052,20890.56
24-JAN-2023,18183.95,18201.25,18078.65,18118.3,216910302,19705.91
23-JAN-2023,18118.45,18162.6,18063.45,18118.55,202460434,17060.12
20-JAN-2023,18115.6,18145.45,18016.2,18027.65,237225269,19519.96
19-JAN-2023,18119.8,18155.2,18063.75,18107.85,237833991,18413.13
18-JAN-2023,18074.3,18183.75,18032.45,18165.35,255840928,20500.07
17-JAN-2023,17922.8,18072.05,17886.95,18053.3,219055125,17461.09
16-JAN-2023,18033.15,18049.65,17853.65,17894.85,206195816,16728.37
13-JAN-2023,17867.5,17999.35,17774.25,17956.6,256700729,21341.7
12-JAN-2023,17920.85,17945.8,17761.65,17858.2,227769060,19762.43
11-JAN-2023,17924.25,17976.35,17824.35,17895.7,259853294,20204.33
10-JAN-2023,18121.3,18127.6,17856,17914.15,283277918,20570.3
09-JAN-2023,17952.55,18141.4,17936.15,18101.2,257237669,19916.16
06-JAN-2023,18008.05,18047.4,17795.55,17859.45,238220578,17495.25
05-JAN-2023,18101.95,18120.3,17892.6,17992.15,269949738,22108.53
04-JAN-2023,18230.65,18243,18020.6,18042.95,235162202,16687.71
03-JAN-2023,18163.2,18251.95,18149.8,18232.55,208699772,13680.91
02-JAN-2023,18131.7,18215.15,18086.5,18197.45,256073979,11793.06
11-OCT-2023,19767,19839.2,19756.95,19811.35,213729730,19900.99
10-OCT-2023,19565.6,19717.8,19565.45,19689.85,216559447,18735.62
09-OCT-2023,19539.45,19588.95,19480.5,19512.35,165094800,15499.67
06-OCT-2023,19621.2,19675.75,19589.4,19653.5,159051277,16096.52
05-OCT-2023,19521.85,19576.95,19487.3,19545.75,234865323,22019.04
04-OCT-2023,19446.3,19457.8,19333.6,19436.1,277148310,26017.47
03-OCT-2023,19622.4,19623.2,19479.65,19528.75,221719625,21459.58
29-SEP-2023,19581.2,19726.25,19551.05,19638.3,243508919,20978.72
28-SEP-2023,19761.8,19766.65,19492.1,19523.55,352810261,30069.78
27-SEP-2023,19637.05,19730.7,19554,19716.45,203559874,19659.17
26-SEP-2023,19682.8,19699.35,19637.45,19664.7,204869058,18118.19
25-SEP-2023,19678.2,19734.15,19601.55,19674.55,188398392,20194.48
22-SEP-2023,19744.85,19798.65,19657.5,19674.25,246410075,24137.57
21-SEP-2023,19840.55,19848.75,19709.95,19742.35,275132260,26711.83
20-SEP-2023,19980.75,20050.65,19878.85,19901.4,378065882,37351.58
18-SEP-2023,20155.95,20195.35,20115.7,20133.3,264870758,21135.95
15-SEP-2023,20156.45,20222.45,20129.7,20192.35,438185104,42681.35
14-SEP-2023,20127.95,20167.65,20043.45,20103.1,275111881,21902.65
13-SEP-2023,19989.5,20096.9,19944.1,20070,251394599,24332.36
12-SEP-2023,20110.15,20110.35,19914.65,19993.2,328064239,30110.8
11-SEP-2023,19890,20008.15,19865.35,19996.35,248763130,21924.34
08-SEP-2023,19774.8,19867.15,19727.05,19819.95,288093693,23530.84
07-SEP-2023,19598.65,19737,19550.05,19727.05,304929822,23591
06-SEP-2023,19581.2,19636.45,19491.5,19611.05,512974083,32500.52
05-SEP-2023,19564.65,19587.05,19525.75,19574.9,303958622,24029.89
04-SEP-2023,19525.05,19545.15,19432.85,19528.8,396071122,24822.79
01-SEP-2023,19258.15,19458.55,19255.7,19435.3,372502191,25962.38
31-AUG-2023,19375.55,19388.2,19223.65,19253.8,562557215,45699.54
30-AUG-2023,19433.45,19452.8,19334.75,19347.45,233004568,19877.49
29-AUG-2023,19374.85,19377.9,19309.1,19342.65,307388116,22501.12
28-AUG-2023,19298.35,19366.85,19249.7,19306.05,248178769,18237.22
25-AUG-2023,19297.4,19339.55,19229.7,19265.8,466518217,24998.12
24-AUG-2023,19535.15,19584.45,19369,19386.7,268256859,24338.24
23-AUG-2023,19439.2,19472.05,19366.6,19444,225214991,20167.16
22-AUG-2023,19417.1,19443.5,19381.3,19396.45,208704354,20226.48
21-AUG-2023,19320.65,19425.95,19296.3,19393.6,262589133,20738.75
18-AUG-2023,19301.75,19373.8,19253.6,19310.15,256142364,25641.41
17-AUG-2023,19450.55,19461.55,19326.25,19365.25,268663456,26505.65
16-AUG-2023,19369,19482.75,19317.2,19465,226627230,21484.66
14-AUG-2023,19383.95,19465.85,19257.9,19434.55,243850815,22767.43
11-AUG-2023,19554.25,19557.75,19412.75,19428.3,235524048,24521.24
10-AUG-2023,19605.55,19623.6,19495.4,19543.1,312193785,29430.34
09-AUG-2023,19578.8,19645.5,19467.5,19632.55,266495074,23201.75
08-AUG-2023,19627.2,19634.4,19533.1,19570.85,260294052,25437.47
07-AUG-2023,19576.85,19620.45,19524.8,19597.3,216586074,21655.87
04-AUG-2023,19462.8,19538.85,19436.45,19517,280799561,28086.15
03-AUG-2023,19463.75,19537.65,19296.45,19381.65,315688612,29899.38
02-AUG-2023,19655.4,19678.25,19423.55,19526.55,290666798,23997.47
01-AUG-2023,19784,19795.6,19704.6,19733.55,298048161,24554.71
31-JUL-2023,19666.35,19772.75,19597.6,19753.8,295053318,23075.38
28-JUL-2023,19659.75,19695.9,19563.1,19646.05,258671382,22995.98
27-JUL-2023,19850.9,19867.55,19603.55,19659.9,334891351,35019.13
26-JUL-2023,19733.35,19825.6,19716.7,19778.3,244747425,23023.86
25-JUL-2023,19729.35,19729.35,19615.95,19680.6,369653496,29665.67
24-JUL-2023,19748.45,19782.75,19658.3,19672.35,265562151,24522.29
21-JUL-2023,19800.45,19887.4,19700,19745,312461795,33802.14
20-JUL-2023,19831.7,19991.85,19758.4,19979.15,274698867,30622.66
19-JUL-2023,19802.95,19851.7,19727.45,19833.15,259660464,26447.9
18-JUL-2023,19787.5,19819.45,19690.2,19749.25,286353897,33269.08
17-JUL-2023,19612.15,19731.85,19562.95,19711.45,268707894,25975.57
14-JUL-2023,19493.45,19595.35,19433.5,19564.5,291165841,25484.44
13-JUL-2023,19495.2,19567,19385.8,19413.75,310442517,27244.56
12-JUL-2023,19497.45,19507.7,19361.75,19384.3,327941559,40163.14
11-JUL-2023,19427.1,19515.1,19406.45,19439.4,251263638,26883.78
10-JUL-2023,19400.35,19435.85,19327.1,19355.9,268246132,25991.55
07-JUL-2023,19422.8,19523.6,19303.6,19331.8,237102566,23089.25
06-JUL-2023,19385.7,19512.2,19373,19497.3,268261285,28540.18
05-JUL-2023,19405.95,19421.6,19339.6,19398.5,224418797,24699.24
04-JUL-2023,19406.6,19434.15,19300,19389,226916635,26634.06
03-JUL-2023,19246.5,19345.1,19234.4,19322.55,226050219,22681.54
12-APR-2024,22677.4,22726.45,22503.75,22519.4,357187778,36456.91
10-APR-2024,22720.25,22775.7,22673.7,22753.8,276847931,25355.05
09-APR-2024,22765.1,22768.4,22612.25,22642.75,232356772,21651.69
08-APR-2024,22578.35,22697.3,22550.35,22666.3,227633561,22480.2
05-APR-2024,22486.4,22537.6,22427.6,22513.7,242244731,24797.82
04-APR-2024,22592.1,22619,22303.8,22514.65,400986156,40705.56
03-APR-2024,22385.7,22521.1,22346.5,22434.65,309647491,30793.28
02-APR-2024,22458.8,22497.6,22388.15,22453.3,289524237,27940.93
01-APR-2024,22455,22529.95,22427.75,22462,243637071,21420.69
28-MAR-2024,22163.6,22516,22163.6,22326.9,407422815,45656.57
27-MAR-2024,22053.95,22193.6,22052.85,22123.65,409136866,38830.73
26-MAR-2024,21947.9,22073.2,21947.55,22004.7,328403719,33382.08
22-MAR-2024,21932.2,22180.7,21883.3,22096.75,388656439,39023.19
21-MAR-2024,21989.9,22080.95,21941.3,22011.95,353172434,31258.4
20-MAR-2024,21843.9,21930.9,21710.2,21839.1,312414696,28939.85
19-MAR-2024,21946.45,21978.3,21793.1,21817.45,344157465,30291.6
18-MAR-2024,21990.1,22123.7,21916.55,22055.7,356321519,23015.51
15-MAR-2024,22064.85,22120.9,21931.7,22023.35,661460455,60260.88
14-MAR-2024,21982.55,22204.6,21917.5,22146.65,426742460,37348.3
13-MAR-2024,22432.2,22446.75,21905.65,21997.7,493341697,40109.23
12-MAR-2024,22334.45,22452.55,22256,22335.7,299201167,29781.12
11-MAR-2024,22517.5,22526.6,22307.25,22332.65,277897373,27222.37
07-MAR-2024,22505.3,22525.65,22430,22493.55,379865142,33558.46
06-MAR-2024,22327.5,22497.2,22224.35,22474.05,312262560,31029.01
05-MAR-2024,22371.25,22416.9,22269.15,22356.3,296153036,29165.37
04-MAR-2024,22403.5,22440.9,22358.3,22405.6,298794435,23771.71
01-MAR-2024,22048.3,22353.3,22047.75,22338.75,351503075,29646.47
29-FEB-2024,21935.2,22060.55,21860.65,21982.8,360165824,40196.12
28-FEB-2024,22214.1,22229.15,21915.85,21951.15,202952371,20579.8
27-FEB-2024,22090.2,22218.25,22085.65,22198.35,252199186,24620.71
26-FEB-2024,22169.2,22202.15,22075.15,22122.05,207775504,20850.26
23-FEB-2024,22290,22297.5,22186.1,22212.7,225983194,24617.01
22-FEB-2024,22081.55,22252.5,21875.25,22217.45,343495136,33985.94
21-FEB-2024,22248.85,22249.4,21997.95,22055.05,364545679,29741.39
20-FEB-2024,22099.2,22215.6,22045.85,22196.95,295705319,26872.32
19-FEB-2024,22103.45,22186.65,22021.05,22122.25,218252325,21375.71
16-FEB-2024,22020.3,22068.65,21968.95,22040.7,343892935,30666.89
15-FEB-2024,21906.55,21953.85,21794.8,21910.75,345394395,29559.69
14-FEB-2024,21578.15,21870.85,21530.2,21840.05,359120861,32535
13-FEB-2024,21664.3,21766.8,21543.35,21743.25,365785766,29896.62
12-FEB-2024,21800.8,21831.7,21574.75,21616.05,287436165,23921.14
09-FEB-2024,21727,21804.45,21629.9,21782.5,349222850,31176.16
08-FEB-2024,22009.65,22011.05,21665.3,21717.95,491069786,41082.02
07-FEB-2024,22045.05,22053.3,21860.15,21930.5,346263704,30088.76
06-FEB-2024,21825.2,21951.4,21737.55,21929.4,370968111,32910.82
05-FEB-2024,21921.05,21964.3,21726.95,21771.7,440849699,33807.94
02-FEB-2024,21812.75,22126.8,21805.55,21853.8,442794738,38395.9
01-FEB-2024,21780.65,21832.95,21658.75,21697.45,332541208,34042.15
31-JAN-2024,21487.25,21741.35,21448.85,21725.7,410583065,41587.85
30-JAN-2024,21775.75,21813.05,21501.8,21522.1,375137333,32916.3
29-JAN-2024,21433.1,21763.25,21429.6,21737.6,376702289,34516.42
25-JAN-2024,21454.6,21459,21247.05,21352.6,418143077,40088.5
24-JAN-2024,21185.25,21482.35,21137.2,21453.95,407460664,41718.64
23-JAN-2024,21716.7,21750.25,21192.6,21238.8,449718534,48813.68
20-JAN-2024,21706.15,21720.3,21541.8,21571.8,162073740,13917.46
19-JAN-2024,21615.2,21670.6,21575,21622.4,343055124,34429.24
18-JAN-2024,21414.2,21539.4,21285.55,21462.25,387341268,39718.84
17-JAN-2024,21647.25,21851.5,21550.45,21571.95,455999867,47533.44
16-JAN-2024,22080.5,22124.15,21969.8,22032.3,292433764,24435.94
15-JAN-2024,22053.15,22115.55,21963.55,22097.45,345543523,29523.15
12-JAN-2024,21773.55,21928.25,21715.15,21894.55,294678459,30565.5
11-JAN-2024,21688,21726.5,21593.75,21647.2,212453866,23492.12
10-JAN-2024,21529.3,21641.85,21448.65,21618.7,216991926,20958.96
09-JAN-2024,21653.6,21724.45,21517.85,21544.85,228568589,24055.74
08-JAN-2024,21747.6,21763.95,21492.9,21513,231452935,21140.94
05-JAN-2024,21705.75,21749.6,21629.2,21710.8,309303266,26554.49
04-JAN-2024,21605.8,21685.65,21564.55,21658.6,339172697,30868.15
03-JAN-2024,21661.1,21677,21500.35,21517.35,311933117,32329.23
02-JAN-2024,21751.35,21755.6,21555.65,21665.8,263711568,25316.13
01-JAN-2024,21727.75,21834.35,21680.85,21741.9,153995217,14184.09
09-OCT-2024,25065.8,25234.05,24947.7,24981.95,290562844,30877.63
08-OCT-2024,24832.2,25044,24756.8,25013.15,333220055,33493.36
07-OCT-2024,25084.1,25143,24694.35,24795.75,374345795,40550.24
04-OCT-2024,25181.9,25485.05,24966.8,25014.6,374914801,42719.71
03-OCT-2024,25452.85,25639.45,25230.3,25250.1,423395030,45689.5
01-OCT-2024,25788.45,25907.6,25739.2,25796.9,247423786,27473.29
30-SEP-2024,26061.3,26134.7,25794.1,25810.85,375370974,36028.06
27-SEP-2024,26248.25,26277.35,26151.4,26178.95,490332370,55420.63
26-SEP-2024,26005.4,26250.9,25998.4,26216.05,370895477,40838.36
25-SEP-2024,25899.45,26032.8,25871.35,26004.15,278540972,27868.08
24-SEP-2024,25921.45,26011.55,25886.85,25940.4,384115033,35573.63
23-SEP-2024,25872.55,25956,25847.35,25939.05,209187756,24825.74
20-SEP-2024,25525.95,25849.25,25426.6,25790.95,533067422,68915.27
19-SEP-2024,25487.05,25611.95,25376.05,25415.8,314461263,34389.27
18-SEP-2024,25402.4,25482.2,25285.55,25377.55,215727159,28832
17-SEP-2024,25416.9,25441.65,25352.25,25418.55,215956868,25280.83
16-SEP-2024,25406.65,25445.7,25336.2,25383.75,168694880,18705.01
13-SEP-2024,25430.45,25430.5,25292.45,25356.5,250781898,25530.69
12-SEP-2024,25059.65,25433.35,24941.45,25388.9,380069653,41747.91
11-SEP-2024,25034,25113.7,24885.15,24918.45,279229206,29395.73
10-SEP-2024,24999.4,25130.5,24896.8,25041.1,251274802,27846.31
09-SEP-2024,24823.4,24957.5,24753.15,24936.4,254367252,25180.28
06-SEP-2024,25093.7,25168.75,24801.3,24852.15,311671856,33001.17
05-SEP-2024,25250.5,25275.45,25127.75,25145.1,222242223,26272.38
04-SEP-2024,25089.95,25216,25083.8,25198.7,253788501,26293.35
03-SEP-2024,25313.4,25321.7,25235.8,25279.85,212131921,27276.14
02-SEP-2024,25333.6,25333.65,25235.5,25278.7,222815249,28187.71
30-AUG-2024,25249.7,25268.35,25199.4,25235.9,638166179,89554.91
29-AUG-2024,25035.3,25192.9,24998.5,25151.95,353993900,43221.73
28-AUG-2024,25030.8,25129.6,24964.65,25052.35,220419448,26994.19
27-AUG-2024,25024.8,25073.1,24973.65,25017.75,223346636,26695
26-AUG-2024,24906.1,25043.8,24874.7,25010.6,210266456,22166.86
23-AUG-2024,24845.4,24858.4,24771.65,24823.15,206800655,23134.22
22-AUG-2024,24863.4,24867.35,24784.45,24811.5,220345125,24227.03
21-AUG-2024,24680.55,24787.95,24654.5,24770.2,257114212,27404.63
20-AUG-2024,24648.9,24734.3,24607.2,24698.85,238318940,25478.73
19-AUG-2024,24636.35,24638.8,24522.95,24572.65,243645503,22124.41
16-AUG-2024,24334.85,24563.9,24204.5,24541.15,271611087,28521.9
14-AUG-2024,24184.4,24196.5,24099.7,24143.75,303254705,27834.61
13-AUG-2024,24342.35,24359.95,24116.5,24139,239727640,25459.58
12-AUG-2024,24320.05,24472.8,24212.1,24347,279925100,30311.85
09-AUG-2024,24386.85,24419.75,24311.2,24367.5,215129992,22339.19
08-AUG-2024,24248.55,24340.5,24079.7,24117,311875940,30858.18
07-AUG-2024,24289.4,24337.7,24184.9,24297.5,317564429,29738.85
06-AUG-2024,24189.85,24382.6,23960.4,23992.55,312339387,31553.65
05-AUG-2024,24302.85,24350.05,23893.7,24055.6,486994718,45066.65
02-AUG-2024,24789,24851.9,24686.85,24717.7,345027881,35368.54
01-AUG-2024,25030.95,25078.3,24956.4,25010.9,431313292,38822.9
31-JUL-2024,24886.7,24984.6,24856.5,24951.15,333646302,35411.32
30-JUL-2024,24839.4,24971.75,24798.65,24857.3,384989431,37576.58
29-JUL-2024,24943.3,24999.75,24774.6,24836.1,354966070,37102.92
26-JUL-2024,24423.35,24861.15,24410.9,24834.85,383826136,42118.36
25-JUL-2024,24230.95,24426.15,24210.8,24406.1,391821970,37853.62
24-JUL-2024,24444.95,24504.25,24307.25,24413.5,366616574,39538.11
23-JUL-2024,24568.9,24582.55,24074.2,24479.05,436408768,44921.42
22-JUL-2024,24445.75,24595.2,24362.3,24509.25,324190553,32496.23
19-JUL-2024,24853.8,24854.8,24508.15,24530.9,343772965,33588.08
18-JUL-2024,24543.8,24837.75,24504.45,24800.85,350924425,40477.17
16-JUL-2024,24615.9,24661.25,24587.65,24613,283212233,28668.71
15-JUL-2024,24587.6,24635.05,24522.75,24586.7,305395934,31593.04
12-JUL-2024,24387.95,24592.2,24331.15,24502.15,325823474,39565.33
11-JUL-2024,24396.55,24402.65,24193.75,24315.95,306404194,32115.44
10-JUL-2024,24459.85,24461.05,24141.8,24324.45,292263786,35358.54
09-JUL-2024,24351,24443.6,24331.9,24433.2,250537091,29361.08
08-JUL-2024,24329.45,24344.6,24240.55,24320.55,266299131,26356.03
05-JUL-2024,24213.35,24363,24168.85,24323.85,298381204,32052.48
04-JUL-2024,24369.95,24401,24281,24302.15,251189844,28466.6
03-JUL-2024,24291.75,24309.15,24207.1,24286.5,289201551,36661.17
02-JUL-2024,24228.75,24236.35,24056.4,24123.85,309629240,34838.65
01-JUL-2024,23992.95,24164,23992.7,24141.95,242468081,28204.06
11-APR-2025,22695.4,22923.9,22695.4,22828.55,402162001,33683.6
09-APR-2025,22460.3,22468.7,22353.25,22399.15,383822618,28996.55
08-APR-2025,22446.75,22697.2,22270.85,22535.85,468250807,37226.82
07-APR-2025,21758.4,22254,21743.65,22161.6,647107618,49172.14
04-APR-2025,23190.4,23214.7,22857.45,22904.45,466776198,33761.96
03-APR-2025,23150.3,23306.5,23145.8,23250.1,283196379,23501.33
02-APR-2025,23192.6,23350,23158.45,23332.35,340970371,24334.3
01-APR-2025,23341.1,23565.15,23136.4,23165.7,375118343,30680.7
28-MAR-2025,23600.4,23649.2,23450.2,23519.35,387455531,29156.37
27-MAR-2025,23433.95,23646.45,23412.2,23591.95,510302142,46481.84
26-MAR-2025,23700.95,23736.5,23451.7,23486.85,278590831,26877.28
25-MAR-2025,23751.5,23869.6,23601.4,23668.65,338216746,35415.03
24-MAR-2025,23515.4,23708.75,23433.5,23658.35,311900413,28871.35
21-MAR-2025,23168.25,23402.7,23132.8,23350.4,540966316,51005.67
20-MAR-2025,23036.6,23216.7,22973.95,23190.65,313729818,27573.99
19-MAR-2025,22874.95,22940.7,22807.95,22907.6,323992121,26994.95
18-MAR-2025,22662.25,22857.8,22599.2,22834.3,272578844,26387.47
17-MAR-2025,22353.15,22577,22353.15,22508.75,251102239,24122.27
13-MAR-2025,22541.5,22558.05,22377.35,22397.2,287535243,22855.58
12-MAR-2025,22536.35,22577.4,22329.55,22470.5,369736725,33406.41
11-MAR-2025,22345.95,22522.1,22314.7,22497.9,347924102,29208.22
10-MAR-2025,22521.85,22676.75,22429.05,22460.3,293855491,22330.86
07-MAR-2025,22508.65,22633.8,22464.75,22552.5,289765795,21446.95
06-MAR-2025,22476.35,22556.45,22245.85,22544.7,372083680,30550.28
05-MAR-2025,22073.05,22394.9,22067.8,22337.3,305942691,26371.61
04-MAR-2025,21974.45,22105.05,21964.6,22082.65,253260641,22979.56
03-MAR-2025,22194.55,22261.55,22004.7,22119.3,282399735,25942.05
28-FEB-2025,22433.4,22450.35,22104.85,22124.7,551285287,52745.2
27-FEB-2025,22568.95,22613.3,22508.4,22545.05,289230479,29775.64
25-FEB-2025,22516.45,22625.3,22513.9,22547.55,250279519,24917.83
24-FEB-2025,22609.35,22668.05,22518.8,22553.35,214317552,20772.95
21-FEB-2025,22857.2,22921,22720.3,22795.9,242753984,21994.37
20-FEB-2025,22821.1,22923.85,22812.75,22913.15,240836647,21303.88
19-FEB-2025,22847.25,23049.95,22814.85,22932.9,206999204,19817.93
18-FEB-2025,22963.65,22992.5,22801.5,22945.3,210616675,19431.37
17-FEB-2025,22809.9,22974.2,22725.45,22959.5,207393944,19809.44
14-FEB-2025,23096.45,23133.7,22774.85,22929.25,254479643,22049.89
13-FEB-2025,23055.75,23235.5,22992.2,23031.4,265706855,25218.86
12-FEB-2025,23050.8,23144.7,22798.35,23045.25,279656513,26989.94
11-FEB-2025,23383.55,23390.05,22986.65,23071.8,267969979,27191.96
10-FEB-2025,23543.8,23568.6,23316.3,23381.6,225529166,21254.72
07-FEB-2025,23649.5,23694.5,23443.2,23559.95,368092482,30042
06-FEB-2025,23761.95,23773.55,23556.25,23603.35,306978683,30885.59
05-FEB-2025,23801.75,23807.3,23680.45,23696.3,267014345,25806.44
04-FEB-2025,23509.9,23762.75,23423.15,23739.25,376742506,35974.3
03-FEB-2025,23319.35,23381.6,23222,23361.05,347241171,32019.13
01-FEB-2025,23528.6,23632.45,23318.3,23482.15,287703637,25741.04
31-JAN-2025,23296.75,23546.8,23277.4,23508.4,326919177,28638.01
30-JAN-2025,23169.5,23322.05,23139.2,23249.5,384687127,35252.87
29-JAN-2025,23026.75,23183.35,22976.5,23163.1,251208119,22307.38
28-JAN-2025,22960.45,23137.95,22857.65,22957.25,361868609,33221.8
27-JAN-2025,22940.15,23007.45,22786.9,22829.15,257372790,24202.41
24-JAN-2025,23183.9,23347.3,23050,23092.2,264336332,24412.46
23-JAN-2025,23128.3,23270.8,23090.65,23205.35,275558357,27723.78
22-JAN-2025,23099.15,23169.55,22981.3,23155.35,275951918,25462.05
21-JAN-2025,23421.65,23426.3,22976.85,23024.65,312871897,30106.72
20-JAN-2025,23290.4,23391.1,23170.65,23344.75,301455455,27333.97
17-JAN-2025,23277.1,23292.1,23100.35,23203.2,272945267,27040.78
16-JAN-2025,23377.25,23391.65,23272.05,23311.8,299416081,29784.82
15-JAN-2025,23250.45,23293.65,23146.45,23213.2,228039156,21587.78
14-JAN-2025,23165.9,23264.95,23134.15,23176.05,311235510,31174.05
13-JAN-2025,23195.4,23340.95,23047.25,23085.95,316481107,26890.37
10-JAN-2025,23551.9,23596.6,23344.35,23431.5,261022434,25017.6
09-JAN-2025,23674.75,23689.5,23503.05,23526.5,269239831,26793.85
08-JAN-2025,23746.65,23751.85,23496.15,23688.95,266375381,24718.54
07-JAN-2025,23679.9,23795.2,23637.8,23707.9,262337253,22485.65
06-JAN-2025,24045.8,24089.95,23551.9,23616.05,278061806,25853.64
03-JAN-2025,24196.4,24196.45,23976,24004.75,312279515,29411.99
02-JAN-2025,23783,24226.7,23751.55,24188.65,283200811,32237.25
01-JAN-2025,23637.65,23822.8,23562.8,23742.9,154921938,14266.26
09-OCT-2025,25074.3,25199.25,25024.3,25181.8,286253252,22617.86
08-OCT-2025,25079.75,25192.5,25008.5,25046.15,225967495,21701.19
07-OCT-2025,25085.3,25220.9,25076.3,25108.3,286833765,26176.23
06-OCT-2025,24916.55,25095.95,24881.65,25077.65,271953070,25160.76
03-OCT-2025,24759.55,24904.8,24747.55,24894.25,366929642,31409.06
01-OCT-2025,24620.55,24867.95,24605.95,24836.3,308135228,29041.17
30-SEP-2025,24691.95,24731.8,24587.7,24611.1,304924720,29285.11
29-SEP-2025,24728.55,24791.3,24606.2,24634.9,394388242,40004.93
26-SEP-2025,24818.55,24868.6,24629.45,24654.7,291537949,29987.93
25-SEP-2025,25034.5,25092.7,24878.3,24890.85,342534768,32715.91
24-SEP-2025,25108.75,25149.85,25027.45,25056.9,244382281,22310.05
23-SEP-2025,25209,25261.9,25084.65,25169.5,299204338,31435.17
22-SEP-2025,25238.1,25331.7,25151.05,25202.35,254509892,25277.82
19-SEP-2025,25410.2,25431.4,25286.3,25327.05,380362832,38805.58
18-SEP-2025,25441.05,25448.55,25329.75,25423.6,272193683,24198.11
17-SEP-2025,25276.6,25346.5,25275.35,25330.25,268936695,23484.12
16-SEP-2025,25073.6,25261.4,25070.45,25239.1,240122320,22642.86
15-SEP-2025,25118.9,25138.45,25048.75,25069.2,185375759,17115.6
12-SEP-2025,25074.45,25139.45,25038.05,25114,225739766,21335.67
11-SEP-2025,24945.5,25037.3,24940.15,25005.5,224570983,21316.72
10-SEP-2025,24991,25035.7,24915.05,24973.1,244146466,22458.98
09-SEP-2025,24864.1,24891.8,24814,24868.6,226919775,22356.88
08-SEP-2025,24802.6,24885.5,24751.55,24773.15,213228202,20122.88
05-SEP-2025,24818.85,24832.35,24621.6,24741,210071924,18530.24
04-SEP-2025,24980.75,24980.75,24708.2,24734.3,314094160,30252.19
03-SEP-2025,24616.5,24737.05,24533.2,24715.05,340283328,23533.08
02-SEP-2025,24653,24756.1,24522.35,24579.6,271558516,22051.8
01-SEP-2025,24432.7,24635.6,24432.7,24625.05,229327424,20704.88
29-AUG-2025,24466.7,24572.45,24404.7,24426.85,325543583,26796.69
28-AUG-2025,24695.8,24702.65,24481.6,24500.9,326601486,29371.67
26-AUG-2025,24899.5,24919.65,24689.6,24712.05,750473927,47068.2
25-AUG-2025,24949.15,25021.55,24894.35,24967.75,213032133,19871.25
22-AUG-2025,25064.15,25084.85,24859.15,24870.1,210165384,19655.78
21-AUG-2025,25142,25153.65,25054.9,25083.75,226542052,21865.07
20-AUG-2025,24965.8,25088.7,24929.7,25050.55,287054119,25330.45
19-AUG-2025,24891.35,25012.65,24873.95,24980.65,252340828,24781.97
18-AUG-2025,24938.2,25022,24852.85,24876.95,363071305,37637.67
14-AUG-2025,24607.25,24673.65,24596.9,24631.3,270162203,22375.44
13-AUG-2025,24586.2,24664.55,24535.25,24619.35,236006791,22843.14
12-AUG-2025,24563.35,24702.6,24465.65,24487.4,237002462,22258.29
11-AUG-2025,24371.5,24600.85,24347.45,24585.05,241145497,21081.61
08-AUG-2025,24544.25,24585.5,24337.5,24363.3,312630157,38135.74
07-AUG-2025,24464.2,24634.2,24344.15,24596.15,616739190,35574.59
06-AUG-2025,24641.35,24671.4,24539.2,24574.2,225091071,20559.22
05-AUG-2025,24720.25,24733.1,24590.3,24649.55,251849778,23815.36
04-AUG-2025,24596.05,24736.25,24554,24722.75,259329477,20372.68
01-AUG-2025,24734.9,24784.15,24535.05,24565.35,263357194,24972.45
31-JUL-2025,24642.25,24956.5,24635,24768.35,346303628,30477.71
30-JUL-2025,24890.4,24902.3,24771.95,24855.05,243886726,23525.25
29-JUL-2025,24609.65,24847.15,24598.6,24821.1,284657235,25954.42
28-JUL-2025,24782.45,24889.2,24646.6,24680.9,262142969,24976.54
25-JUL-2025,25010.35,25010.35,24806.35,24837,278136104,25273.64
24-JUL-2025,25243.3,25246.25,25018.7,25062.1,338728860,27433.34
23-JUL-2025,25139.35,25233.5,25085.5,25219.9,271539651,23042.49
22-JUL-2025,25166.65,25182,25035.55,25060.9,483725120,31248.06
21-JUL-2025,24999,25111.4,24882.3,25090.7,305216414,26062.25
18-JUL-2025,25108.55,25144.6,24918.65,24968.4,316979826,26330.8
17-JUL-2025,25230.75,25238.35,25101,25111.45,243412540,24715.35
16-JUL-2025,25196.6,25255.3,25121.05,25212.05,228815928,22254.54
15-JUL-2025,25089.5,25245.2,25088.45,25195.8,241340130,23282.7
14-JUL-2025,25149.5,25151.1,25001.95,25082.3,259533624,23316.33
11-JUL-2025,25255.5,25322.45,25129,25149.85,249987681,26251.65
10-JUL-2025,25511.65,25524.05,25340.45,25355.25,219609322,21435.36
09-JUL-2025,25514.6,25548.7,25424.35,25476.1,239081546,20549.5
08-JUL-2025,25427.85,25548.05,25424.15,25522.5,210410530,21947.32
07-JUL-2025,25450.45,25489.8,25407.25,25461.3,196051345,16923.26
04-JUL-2025,25428.85,25470.25,25331.65,25461,193511595,19101.33
03-JUL-2025,25505.1,25587.5,25384.35,25405.3,293428797,24531.7
02-JUL-2025,25588.3,25608.1,25378.75,25453.4,309828013,26681.66
01-JUL-2025,25551.35,25593.4,25501.8,25541.8,260669106,23921.02
16-APR-2026,24385.2,24400.95,24102.8,24196.75,508017772,44634.35
15-APR-2026,24163.8,24280.9,24145.8,24231.3,460334041,38376.84
13-APR-2026,23589.6,23907.4,23555.6,23842.65,488844789,41931.51
10-APR-2026,23880.55,24074.05,23856.35,24050.6,481302436,40109.22
09-APR-2026,23909.05,23990.75,23682.8,23775.1,466587329,40443.59
08-APR-2026,23855.15,24025.15,23828.5,23997.35,639257993,56557.11
07-APR-2026,22838.7,23153.85,22719.3,23123.65,476981883,38940.47
06-APR-2026,22780.3,22998.35,22542.95,22968.25,426416812,35893.16
02-APR-2026,22383.4,22782.3,22182.55,22713.1,495121035,38669.56
01-APR-2026,22899,22941.3,22618.6,22679.4,517954448,41192.2
30-MAR-2026,22549.65,22714.1,22283.85,22331.4,698599891,53093.7
27-MAR-2026,23173.55,23186.1,22804.55,22819.6,612556883,47239.2
25-MAR-2026,23064.4,23465.35,23063.2,23306.45,505418973,40733.98
24-MAR-2026,22878.45,23057.3,22624.2,22912.4,538098322,43385.04
23-MAR-2026,22824.35,22851.7,22471.25,22512.65,550275334,41002.59
20-MAR-2026,23110.15,23345.15,23067.6,23114.5,663289390,50308.33
19-MAR-2026,23197.75,23378.7,22930.35,23002.15,550147401,42000.27
18-MAR-2026,23632.9,23862.25,23618.45,23777.8,382876401,28805.6
17-MAR-2026,23493.2,23656.8,23346.6,23581.15,458788167,34495.73
16-MAR-2026,23116.1,23502,22955.25,23408.8,540293230,44710.21
13-MAR-2026,23462.5,23492.4,23112,23151.1,519776752,40786.7
12-MAR-2026,23674.85,23833.15,23556.3,23639.15,501004098,40147.62
11-MAR-2026,24231.85,24299,23834.3,23866.85,407400643,32549.4
10-MAR-2026,24280.8,24303.8,24079.95,24261.6,444283436,36657.53
09-MAR-2026,23868.05,24078.15,23697.8,24028.05,526901605,40569.31
06-MAR-2026,24656.4,24700.8,24415.75,24450.45,433408256,35453.32
05-MAR-2026,24615.95,24854.2,24529.4,24765.9,504339053,40011.88
04-MAR-2026,24388.8,24602.45,24305.4,24480.5,598993881,47700.19
02-MAR-2026,24659.25,24989.35,24603.5,24865.7,519228821,41306.37
27-FEB-2026,25459.85,25476.4,25141.3,25178.65,438924282,38634.68
26-FEB-2026,25556.3,25572.95,25400.95,25496.55,405219244,33155.5
25-FEB-2026,25512.6,25652.6,25428.2,25482.5,414215742,31084.17
24-FEB-2026,25641.8,25641.8,25327.6,25424.65,439068188,36735.38
23-FEB-2026,25678.4,25771.45,25609.35,25713,399135843,25494.64
20-FEB-2026,25406.55,25663.55,25379.75,25571.25,309373691,24024.7
19-FEB-2026,25873.35,25885.3,25388.75,25454.35,333658812,24756.87
18-FEB-2026,25752.65,25828.05,25645.15,25819.35,400807585,22228.22
17-FEB-2026,25637.95,25764.4,25570.3,25725.4,378436265,27818.81
16-FEB-2026,25423.6,25697,25372.7,25682.75,325487729,22205.92
13-FEB-2026,25571.15,25630.35,25444.3,25471.1,453523192,40137.15
12-FEB-2026,25906.7,25906.7,25752.4,25807.2,419388014,38977.68
11-FEB-2026,25997.45,26009.4,25899.8,25953.85,331389240,31456.05
10-FEB-2026,25922.65,25989.45,25870.45,25935.15,460878237,32795.1
09-FEB-2026,25888.7,25922.25,25780.9,25867.3,359386006,28449.55
06-FEB-2026,25605.8,25703.95,25491.9,25693.7,375476124,29777.45
05-FEB-2026,25755.9,25757.65,25579.5,25642.8,343812628,28582.32
04-FEB-2026,25675.05,25818.55,25563.95,25776,429788986,36899.12
03-FEB-2026,26308.05,26341.2,25641.3,25727.55,637263148,52338.39
02-FEB-2026,24796.5,25108.1,24679.4,25088.4,449215604,34038.26
01-FEB-2026,25333.75,25440.9,24571.75,24825.45,379370206,25572.6
30-JAN-2026,25247.55,25370.7,25213.65,25320.65,508388604,40772.08
29-JAN-2026,25345,25458.15,25159.8,25418.9,582389331,44306.95
28-JAN-2026,25258.85,25372.1,25187.65,25342.75,574903942,42364.52
27-JAN-2026,25063.35,25246.65,24932.55,25175.4,618696080,50989.25
23-JAN-2026,25344.6,25347.95,25025.3,25048.65,393944908,31844.65
22-JAN-2026,25344.15,25435.75,25168.5,25289.9,486395433,34583.24
21-JAN-2026,25141,25300.95,24919.8,25157.5,395624981,30984.61
20-JAN-2026,25580.3,25585,25171.35,25232.5,409772324,31020.36
19-JAN-2026,25653.1,25653.3,25494.35,25585.5,443087953,33632.38
16-JAN-2026,25696.05,25873.5,25662.4,25694.35,434041776,37156.05
14-JAN-2026,25648.55,25791.75,25603.95,25665.6,393126596,28944.88
13-JAN-2026,25897.35,25899.8,25603.3,25732.3,339536336,31434.03
12-JAN-2026,25669.05,25813.15,25473.4,25790.25,275757268,23874.45
09-JAN-2026,25840.4,25940.6,25623,25683.3,348757262,27486.64
08-JAN-2026,26106.5,26133.2,25858.45,25876.85,328520950,27556.32
07-JAN-2026,26143.1,26187.15,26067.9,26140.75,338216740,30232.63
06-JAN-2026,26189.7,26273.95,26124.75,26178.7,383040203,34567.52
05-JAN-2026,26333.7,26373.2,26210.05,26250.3,338777649,25742.83
02-JAN-2026,26155.1,26340,26118.4,26328.55,357547806,23770.13
01-JAN-2026,26173.3,26197.55,26113.4,26146.55,425631910,23454.66
29-SEP-2026,22732.45,22753.25,22569.65,22716.2,603190549,39264.31
28-SEP-2026,23064.9,23080.25,22762.2,22780.25,261457054,20620.36
25-SEP-2026,23035,23162.7,23020.95,23140.5,242720711,18949.25
24-SEP-2026,23221.8,23281.95,23046.15,23063.1,271675340,22894.82
23-SEP-2026,23352.15,23466.9,23349.55,23446.8,237608688,17215.76
22-SEP-2026,23454.05,23489,23285.75,23329,244146220,19610.73
21-SEP-2026,23330.2,23466.8,23314.8,23414.3,213639227,17770.46
18-SEP-2026,23334.7,23389.15,23286.6,23346.4,375346024,31510.28
17-SEP-2026,23195.25,23363.55,23193.65,23270.6,259700999,18775.3
16-SEP-2026,23201.6,23284.75,23116.1,23217.6,261617344,20182.08
15-SEP-2026,23576.15,23592.85,23118.6,23118.6,338835704,26523.17
11-SEP-2026,23270.3,23448.1,23231.4,23398.1,293025966,20905.97
10-SEP-2026,23446.6,23494.95,23380.1,23477.8,253250004,19852.15
09-SEP-2026,23522.05,23571.55,23431.5,23431.5,352925400,27788.38
08-SEP-2026,23743.1,23758.95,23623.1,23635.1,230133309,18718.76
07-SEP-2026,23883.15,23890,23737.9,23779.15,205864370,17371.86
04-SEP-2026,23910.9,24005.75,23895.85,23897.7,231396362,18379.67
03-SEP-2026,23997.95,24025.4,23873.45,23873.45,239174046,19968.37
02-SEP-2026,23858,23914.45,23786.8,23914.45,318881826,25868.81
01-SEP-2026,24077.55,24143.15,23952.55,24055.8,334207690,27996.18
31-AUG-2026,24117.55,24128.7,23993.6,24080.4,710870778,49193.19
28-AUG-2026,24122.6,24188.3,24076.85,24175.65,296127942,20865.45
27-AUG-2026,24277.6,24297.45,24090.85,24090.85,323419647,24757.82
26-AUG-2026,24341.95,24378.6,24207.75,24207.75,244793446,17446.06
25-AUG-2026,24175.75,24334.55,24115.45,24334.55,239453630,18743.01
24-AUG-2026,24285.05,24313,24144.3,24219.05,236285363,17854.63
21-AUG-2026,24284.05,24284.05,24206.8,24252,259287088,18607.89
20-AUG-2026,24225.45,24265.15,24184.55,24231.85,253928495,18777.61
19-AUG-2026,24152.05,24172.85,24025.65,24078.3,238718813,19084.84
18-AUG-2026,24223.85,24269.65,24154.9,24154.9,227027460,19183.5
17-AUG-2026,24343.45,24360.1,24226.95,24287.65,225427674,18400.29
14-AUG-2026,24361.9,24405.2,24296.8,24366,267706410,22136.2
13-AUG-2026,24431.6,24431.6,24311.4,24395.85,295823169,24255.39
12-AUG-2026,24472.45,24473.3,24265.95,24435.95,317552958,27570.47
11-AUG-2026,24575.1,24576.85,24429.25,24471.7,271943567,24402.81
10-AUG-2026,24581.25,24620.95,24511.1,24583.8,269507262,24738.66
07-AUG-2026,24538.9,24630.4,24522.75,24570.65,254819435,26131.19
06-AUG-2026,24641,24677.05,24604.15,24636,344001180,30115.41
05-AUG-2026,24669.2,24677.6,24497.95,24624.65,355518193,31164.27
04-AUG-2026,24703.9,24703.9,24427.95,24614.9,296554546,26153.94
03-AUG-2026,24572.7,24774.3,24515.15,24774.3,342283085,27052.25
31-JUL-2026,24361.45,24429.4,24299.7,24383.6,411693361,34459.53
30-JUL-2026,24249.55,24342.95,24187.1,24317.15,400636260,33566.22
29-JUL-2026,24176.65,24283.55,24136.75,24250.2,424150311,34189.33
28-JUL-2026,23971.25,24041.15,23954.6,23985.35,437827320,35846.87
27-JUL-2026,23928.4,24011.6,23891.55,23995.95,319367545,25340.46
24-JUL-2026,23666.35,23823.6,23606.3,23767.45,333870912,28825.72
23-JUL-2026,23904.8,23990.75,23807.2,23869.6,344042832,28259.45
22-JUL-2026,24150.45,24166.3,23961.4,23996.25,304745142,25211.83
21-JUL-2026,24216.05,24262.2,24135.65,24187.7,315560285,28361.57
20-JUL-2026,24190.05,24266.1,24135.85,24238.5,353095939,31370.66
17-JUL-2026,24127.6,24367.3,24099.05,24334.3,387772135,28825.71
16-JUL-2026,24142.1,24186.5,24050,24072.75,264271962,24244.17
15-JUL-2026,24085.85,24220.35,24010.55,24078.5,306924577,26842
14-JUL-2026,24068,24157.1,24023.7,24052.05,355829008,31700.08
13-JUL-2026,24039.4,24259.8,24000.2,24211,322678968,27998.31
10-JUL-2026,24124.7,24228.45,24120.35,24206.9,313072212,24577.43
09-JUL-2026,23928.95,24134.7,23925.7,23962.8,384795241,33799.64
08-JUL-2026,24259.55,24300,23805.2,23882.05,420531527,32939.28
07-JUL-2026,24464.45,24530.9,24348.95,24398.7,412624457,36436.58
06-JUL-2026,24306.85,24458.65,24287.1,24430.35,329356507,24862.07
03-JUL-2026,24375.65,24378.15,24252.35,24270.85,326634751,25955.73
02-JUL-2026,24062.2,24194.55,24058.8,24175.7,372941283,30789.57
01-JUL-2026,23897.65,24049.9,23895.1,24005.85,352148975,27760.09