Source : Reserve Bank Of India

Forex Rates  (United States Dollars)

Data available from August 2000

Figures in Rs.


Date	Interbank Open Rate	Interbank High Rate	Interbank Low Rate	Interbank Close Rate	RBI Reference Rate
30 June 2026	94.5750	94.5150	94.7650	94.6750	94.5975
29 June 2026	94.3650	94.2450	94.5650	94.5450	94.3519
25 June 2026	94.3150	94.1350	94.5650	94.4050	94.4804
24 June 2026	94.9050	94.5950	94.9350	94.6650	94.6980
23 June 2026	94.7050	94.6350	94.9250	94.7350	94.7064
22 June 2026	94.3650	94.2450	94.7650	94.6750	94.4938
19 June 2026	94.3650	94.2050	94.5250	94.3350	94.4735
18 June 2026	94.6650	94.1650	94.7250	94.3450	94.2795
17 June 2026	94.4550	94.2850	94.6150	94.5350	94.3758
16 June 2026	94.6150	94.4850	94.7250	94.5750	94.6992
15 June 2026	94.6950	94.4450	94.7850	94.7150	94.6772
12 June 2026	95.3750	94.9450	95.5350	95.1250	95.3825
11 June 2026	95.5350	95.5350	95.7750	95.7650	95.7205
10 June 2026	95.5550	95.0650	95.5750	95.2750	95.1855
9 June 2026	95.4750	95.2350	95.6750	95.3550	95.6359
8 June 2026	95.3350	95.1650	95.7250	95.7150	95.6198
5 June 2026	95.7150	94.8850	95.7850	94.9550	95.3996
4 June 2026	95.7050	95.5950	95.7950	95.7950	95.7425
3 June 2026	95.4550	95.4450	95.8050	95.7050	95.7795
2 June 2026	95.0750	95.0250	95.2850	95.2750	95.1702
1 June 2026	94.9850	94.7250	95.0550	94.9950	94.8913
29 May 2026	95.5550	94.9050	95.6350	95.0050	95.3845
27 May 2026	95.7550	95.6550	95.7950	95.7050	95.7883
26 May 2026	95.3850	95.3250	95.6950	95.6950	95.4437
25 May 2026	95.3550	95.1050	95.4550	95.2350	95.2047
22 May 2026	96.2650	95.6550	96.3250	95.6950	95.9588
21 May 2026	96.3050	95.9650	96.5150	96.2050	96.3172
20 May 2026	96.8750	96.7250	96.9750	96.8350	96.8441
19 May 2026	96.3750	96.2750	96.6250	96.5350	96.3450
18 May 2026	96.1650	96.1150	96.4050	96.3550	96.2948
15 May 2026	95.8750	95.8150	96.1550	95.9750	95.9255
14 May 2026	95.7350	95.5650	95.9650	95.7650	95.7529
13 May 2026	95.6250	95.5150	95.8150	95.7050	95.6536
12 May 2026	95.5050	95.4250	95.7550	95.6250	95.5564
11 May 2026	94.8950	94.8750	95.3250	95.3250	95.2029
8 May 2026	94.5850	94.3350	94.6850	94.4850	94.4365
7 May 2026	94.7450	94.0450	94.9150	94.2550	94.7759
6 May 2026	95.0450	94.5550	95.1850	94.6150	95.1643
5 May 2026	95.3250	95.2050	95.4450	95.2850	95.3602
4 May 2026	94.9650	94.8150	95.0950	95.0850	94.9432
30 April 2026	95.0150	94.8650	95.3450	94.9250	95.2417
29 April 2026	94.7550	94.7050	94.8650	94.8450	94.7870
28 April 2026	94.3850	94.3850	94.5950	94.5550	94.5210
27 April 2026	94.2450	94.1050	94.2950	94.1950	94.2168
24 April 2026	94.2250	94.1850	94.3250	94.2550	94.2958
23 April 2026	94.0050	93.9950	94.1750	94.1150	94.0802
22 April 2026	93.7150	93.6750	93.8850	93.7950	93.8351
21 April 2026	93.3250	93.2850	93.6350	93.5050	93.4404
20 April 2026	92.8350	92.7050	93.2450	93.1250	93.0681
17 April 2026	92.9450	92.6550	92.9850	92.9250	92.7235
16 April 2026	93.2850	93.1550	93.3650	93.2050	93.3370
15 April 2026	93.1850	93.1350	93.4350	93.3750	93.3885
13 April 2026	93.2950	93.2550	93.4150	93.3850	93.3684
10 April 2026	92.5850	92.4050	92.7750	92.7350	92.6492
9 April 2026	92.6650	92.5350	92.9450	92.6650	92.7129
8 April 2026	92.6550	92.4550	92.7050	92.5850	92.5586
7 April 2026	93.0050	92.8550	93.0950	93.0150	92.9625
6 April 2026	93.0050	92.6050	93.1250	93.0650	93.0591
2 April 2026	93.5350	92.8250	93.6950	93.1050	93.2088
1 April 2026	-	-	-	-	94.6543
30 March 2026	93.5950	93.5750	95.2350	94.8050	94.6543
27 March 2026	94.1650	94.1450	94.8550	94.8250	94.5988
25 March 2026	93.9650	93.8550	93.9850	93.9750	93.9657
24 March 2026	93.6450	93.6150	93.9150	93.8850	93.8792
23 March 2026	93.8450	93.8050	93.9850	93.9850	93.8980
20 March 2026	92.9050	92.8850	93.7750	93.7150	93.3483
18 March 2026	92.4250	92.4150	92.6450	92.6350	92.4514
17 March 2026	92.4050	92.3850	92.4850	92.3850	92.4570
16 March 2026	92.4350	92.3050	92.4750	92.4350	92.3966
13 March 2026	92.3550	92.3150	92.4850	92.4650	92.4405
12 March 2026	92.2850	92.0550	92.3650	92.2050	92.3530
11 March 2026	91.9550	91.8350	92.0450	92.0450	91.9257
10 March 2026	91.9250	91.7050	92.2050	91.8050	92.0174
9 March 2026	92.2050	92.1650	92.3750	92.3350	92.2639
6 March 2026	91.6650	91.5850	91.7550	91.7550	91.6829
5 March 2026	91.5750	91.3950	91.6450	91.6150	91.6275
4 March 2026	92.0350	92.0350	92.3150	92.1550	92.2828
2 March 2026	91.2650	91.2250	91.4850	91.4750	91.4514
27 February 2026	90.9550	90.9350	90.9850	90.9750	90.9542
26 February 2026	90.8550	90.8050	90.9250	90.9150	90.9072
25 February 2026	90.9350	90.8850	90.9650	90.9550	90.9502
24 February 2026	90.9350	90.9350	90.9750	90.9550	90.9661
23 February 2026	90.7750	90.6750	90.8950	90.8850	90.7461
20 February 2026	90.9450	90.9150	90.9950	90.9850	90.9518
18 February 2026	90.6550	90.5950	90.7150	90.6750	90.6669
17 February 2026	90.7050	90.6550	90.7850	90.6850	90.7744
16 February 2026	90.6250	90.6150	90.7250	90.6550	90.7125
13 February 2026	90.6850	90.5950	90.7650	90.6350	90.7415
12 February 2026	90.4650	90.4150	90.6650	90.5950	90.5947
11 February 2026	90.5750	90.4650	90.7650	90.7150	90.5675
10 February 2026	90.7250	90.4850	90.7950	90.5750	90.5773
9 February 2026	90.5750	90.3650	90.7750	90.7650	90.4006
6 February 2026	90.2950	90.1750	90.8650	90.6650	90.4163
5 February 2026	90.5150	90.0750	90.5250	90.3550	90.3957
4 February 2026	90.4450	90.2650	90.5650	90.4350	90.4693
3 February 2026	90.4050	90.0450	90.5250	90.2750	90.4495
2 February 2026	91.7650	91.4250	91.8450	91.5250	91.6443
30 January 2026	91.9250	91.8350	91.9950	91.9950	91.8983
29 January 2026	91.9850	91.8150	92.0050	91.9550	91.9644
28 January 2026	91.6250	91.5050	91.8350	91.7950	91.6945
27 January 2026	91.7650	91.6550	91.9050	91.7250	91.8244
23 January 2026	91.5050	91.4050	91.9850	91.9550	91.6195
22 January 2026	91.5450	91.4550	91.6850	91.6350	91.5826
21 January 2026	91.1150	91.0850	91.7550	91.7050	91.5500
20 January 2026	90.9450	90.8750	91.0850	90.9750	91.0356
19 January 2026	90.6950	90.6050	91.0250	90.9150	90.9705
16 January 2026	90.3850	90.3550	90.8850	90.8650	90.6497
14 January 2026	90.2550	89.9050	90.3150	90.3150	90.2016
13 January 2026	90.2550	90.1850	90.3050	90.1950	90.2677
12 January 2026	90.2350	90.1350	90.2550	90.1650	90.1899
9 January 2026	89.8750	89.8750	90.2550	90.1650	90.1395
8 January 2026	89.9650	89.7350	90.1450	90.0250	89.8930
7 January 2026	90.1850	89.7550	90.2350	89.8850	89.9432
6 January 2026	90.2250	90.0750	90.2650	90.1750	90.1810
5 January 2026	90.1950	90.1950	90.3050	90.2950	90.2729
2 January 2026	89.9450	89.9250	90.2650	90.1950	90.1242
1 January 2026	89.9650	89.8350	89.9950	89.9750	89.9792
31 December 2025	89.8450	89.8450	89.9550	89.8850	89.9198
30 December 2025	89.9350	89.7250	90.0550	89.7950	89.9429
29 December 2025	89.8850	89.8750	89.9950	89.9850	89.9756
26 December 2025	89.8750	89.7350	89.9550	89.8550	89.8296
24 December 2025	89.5750	89.5050	89.8350	89.7950	89.7703
23 December 2025	89.6550	89.5950	89.8550	89.6650	89.8314
20 December 2025	89.5550	89.4450	89.7250	89.6550	89.5467
19 December 2025	90.1350	89.0050	90.3150	89.2850	90.1975
18 December 2025	90.3550	90.0450	90.4650	90.2550	90.1303
17 December 2025	91.0750	89.7550	91.0750	90.3850	90.3291
16 December 2025	90.8050	90.7650	91.0950	91.0350	91.0202
15 December 2025	90.5550	90.5150	90.8150	90.7350	90.7228
12 December 2025	90.4350	90.2750	90.5750	90.4250	90.3883
11 December 2025	89.9950	89.9650	90.4950	90.3750	90.3702
10 December 2025	90.0350	89.7650	90.0950	89.9650	89.8822
9 December 2025	90.1350	89.8450	90.1550	89.8850	89.9644
8 December 2025	90.0750	90.0550	90.2650	90.0750	90.1745
5 December 2025	89.8550	89.6950	90.0750	89.9950	89.9238
4 December 2025	90.4250	89.8650	90.4450	89.9850	90.1865
3 December 2025	89.9850	89.9750	90.3050	90.2050	90.2697
2 December 2025	89.7150	89.6950	89.9650	89.8750	89.8887
1 December 2025	89.4450	89.4250	89.8250	89.5550	89.7436
28 November 2025	89.4050	89.3750	89.4950	89.4550	89.4557
27 November 2025	89.2150	89.2150	89.3550	89.3050	89.2942
26 November 2025	89.2550	89.1750	89.2850	89.2750	89.2649
25 November 2025	89.0850	89.0450	89.2750	89.2250	89.2213
24 November 2025	89.1650	89.0550	89.2850	89.2450	89.1919
21 November 2025	88.6750	88.5950	89.5050	89.4850	88.6402
20 November 2025	88.6350	88.6250	88.7450	88.7050	88.6915
19 November 2025	88.5750	88.4150	88.5950	88.5850	88.4558
18 November 2025	88.6750	88.5850	88.6950	88.6150	88.6344
17 November 2025	88.7150	88.5650	88.7350	88.6450	88.6300
14 November 2025	88.7250	88.7050	88.7650	88.7450	88.7420
13 November 2025	88.6550	88.6350	88.7350	88.6750	88.7160
12 November 2025	88.6250	88.5750	88.6650	88.6450	88.6362
11 November 2025	88.7150	88.5250	88.7250	88.5650	88.6983
10 November 2025	88.6750	88.6450	88.7150	88.6950	88.6761
7 November 2025	88.6750	88.6450	88.7250	88.6650	88.7050
6 November 2025	88.5350	88.5350	88.6650	88.6250	88.6026
4 November 2025	88.4150	88.3950	88.6750	88.6550	88.6372
3 November 2025	88.7850	88.7550	88.8050	88.7750	88.7932
31 October 2025	88.5950	88.5850	88.7850	88.7750	88.7241
30 October 2025	88.4150	88.3750	88.7450	88.6950	88.6048
29 October 2025	88.2150	88.1450	88.3550	88.1950	88.2834
28 October 2025	88.3350	88.2250	88.4250	88.2650	88.2960
27 October 2025	87.8750	87.8550	88.3150	88.2450	88.0637
24 October 2025	87.7950	87.6350	87.8550	87.8550	87.7058
23 October 2025	87.8350	87.8350	87.9650	87.8550	87.9474
20 October 2025	87.9350	87.7450	87.9750	87.9250	87.7861
17 October 2025	87.7650	87.7450	87.9750	87.9750	87.9097
16 October 2025	87.8250	87.6750	87.9550	87.8350	87.9039
15 October 2025	88.2650	87.7550	88.4050	88.0750	88.2898
14 October 2025	88.7450	88.7250	88.8050	88.8050	88.7907
13 October 2025	88.7650	88.5750	88.8050	88.6850	88.7797
10 October 2025	88.7950	88.5050	88.7950	88.6950	88.6920
9 October 2025	88.7550	88.7550	88.7950	88.7950	88.7875
8 October 2025	88.7650	88.7550	88.8050	88.7950	88.7903
7 October 2025	88.7250	88.7150	88.7950	88.7850	88.7319
6 October 2025	88.7450	88.7450	88.7950	88.7950	88.7859
3 October 2025	88.6850	88.6750	88.7950	88.7850	88.7775
1 October 2025	88.7850	88.6550	88.8050	88.6950	88.6778
30 September 2025	88.6950	88.6950	88.8050	88.7950	88.7923
29 September 2025	88.6650	88.6650	88.7750	88.7650	88.7558
26 September 2025	88.6950	88.6750	88.7350	88.7250	88.7234
25 September 2025	88.6250	88.6050	88.7150	88.6750	88.6696
24 September 2025	88.7450	88.6850	88.7750	88.6950	88.7606
23 September 2025	88.4150	88.4150	88.8050	88.7650	88.7435
22 September 2025	88.1850	88.1250	88.3350	88.3150	88.1447
19 September 2025	88.2150	88.0750	88.3550	88.0950	88.3055
18 September 2025	87.9750	87.9550	88.1550	88.1350	88.1209
17 September 2025	87.8250	87.7250	87.8650	87.8250	87.7520
16 September 2025	88.0850	88.0250	88.1550	88.0550	88.0461
15 September 2025	88.2550	88.1350	88.3050	88.2150	88.2690
12 September 2025	88.3950	88.2550	88.4350	88.2850	88.2806
11 September 2025	88.1250	88.1250	88.4650	88.4450	88.2649
10 September 2025	88.1450	88.0650	88.1950	88.1050	88.1252
9 September 2025	88.0050	87.9550	88.1850	88.1050	88.1409
5 September 2025	88.0950	88.0950	88.3750	88.2750	88.3242
4 September 2025	88.0750	88.0050	88.1950	88.1550	88.1641
3 September 2025	88.1650	87.9850	88.1950	88.0750	88.1070
2 September 2025	88.1550	87.8450	88.2050	88.1650	88.0265
1 September 2025	88.2450	88.1350	88.3450	88.2050	88.2576
29 August 2025	87.7050	87.7050	88.3250	88.2050	87.8514
28 August 2025	87.5250	87.5250	87.6750	87.6350	87.6559
26 August 2025	87.7350	87.6350	87.8050	87.6850	87.7414
25 August 2025	87.3950	87.3450	87.6250	87.5850	87.4174
22 August 2025	87.3550	87.3250	87.5550	87.5350	87.4375
21 August 2025	87.0350	86.9350	87.2750	87.2750	86.9741
20 August 2025	87.1650	86.9950	87.1750	87.0750	87.0919
19 August 2025	87.2550	86.9250	87.3050	86.9650	87.1756
18 August 2025	87.4650	87.3350	87.4750	87.3550	87.4137
14 August 2025	87.4750	87.3950	87.6750	87.5550	87.4852
13 August 2025	87.6550	87.3750	87.7250	87.4450	87.6956
12 August 2025	87.7050	87.6050	87.7350	87.7150	87.6726
11 August 2025	87.5150	87.4950	87.6650	87.6650	87.5776
8 August 2025	87.5650	87.5250	87.7550	87.6650	87.6196
7 August 2025	87.6850	87.6750	87.7750	87.7050	87.6945
6 August 2025	87.7250	87.6450	87.7950	87.7350	87.7000
5 August 2025	87.8550	87.7550	87.8950	87.8050	87.7917
4 August 2025	87.2250	87.2050	87.7050	87.6650	87.5018
1 August 2025	87.6050	87.2150	87.6150	87.5450	87.3519
31 July 2025	87.6950	87.5150	87.7550	87.6050	87.5544
30 July 2025	87.0950	87.0550	87.5150	87.4250	87.2713
29 July 2025	86.8350	86.7750	86.9150	86.8250	86.8417
28 July 2025	86.4750	86.4050	86.6750	86.6750	86.5510
25 July 2025	86.5950	86.4750	86.6350	86.5250	86.5247
24 July 2025	86.3350	86.2450	86.4150	86.4150	86.3301
23 July 2025	86.4150	86.3450	86.4750	86.4150	86.3676
22 July 2025	86.2550	86.2250	86.4150	86.3750	86.2581
21 July 2025	86.2250	86.2050	86.3650	86.2950	86.2248
18 July 2025	86.0150	85.9850	86.2350	86.1550	86.2007
17 July 2025	85.9150	85.8050	86.0950	86.0850	85.9149
16 July 2025	85.9850	85.7450	86.0550	85.9450	85.8051
15 July 2025	85.9750	85.7650	85.9750	85.8150	85.8262
14 July 2025	86.0050	85.9250	86.0650	85.9950	85.9910
11 July 2025	85.8350	85.7850	85.9050	85.8050	85.8536
10 July 2025	85.6150	85.5350	85.6950	85.6450	85.5780
9 July 2025	85.8550	85.6450	85.9350	85.6750	85.7979
8 July 2025	85.7550	85.6450	85.8050	85.7050	85.7188
7 July 2025	85.5750	85.5750	86.0350	85.8550	85.8150
4 July 2025	85.3950	85.3050	85.5150	85.3950	85.3886
3 July 2025	85.6550	85.1950	85.7150	85.3150	85.5121
2 July 2025	85.5850	85.5850	85.7550	85.7050	85.6928
1 July 2025	85.6150	85.4750	85.6650	85.5250	85.6179
30 June 2025	85.4750	85.4450	85.7750	85.7650	85.5439
27 June 2025	85.5150	85.4350	85.6550	85.4850	85.5594
26 June 2025	85.9250	85.6250	85.9350	85.7150	85.7528
25 June 2025	86.0150	85.8050	86.1350	86.0950	85.8732
24 June 2025	86.1150	85.9250	86.2650	85.9850	86.1043
23 June 2025	86.7650	86.6750	86.8550	86.7650	86.8080
20 June 2025	86.6250	86.5550	86.6750	86.5950	86.6133
19 June 2025	86.5350	86.4950	86.8950	86.7250	86.6994
18 June 2025	86.3750	86.2750	86.5650	86.4850	86.3030
17 June 2025	86.0150	85.8950	86.2850	86.2450	86.0978
16 June 2025	86.1850	85.9450	86.2450	86.0750	86.0242
13 June 2025	86.1450	85.9350	86.2250	86.0850	86.0979
12 June 2025	85.4350	85.4350	85.6550	85.6050	85.5353
11 June 2025	85.5250	85.4250	85.5650	85.5150	85.4542
10 June 2025	85.6150	85.5150	85.6850	85.6050	85.5949
9 June 2025	85.6450	85.4750	85.7250	85.6250	85.4984
6 June 2025	85.8750	85.6350	85.9950	85.6450	85.7883
5 June 2025	85.8750	85.6750	85.9650	85.7950	85.7730
4 June 2025	85.7450	85.7450	86.0250	85.9050	85.9579
3 June 2025	85.5350	85.4450	85.5950	85.5950	85.4576
2 June 2025	85.5250	85.3050	85.5250	85.3850	85.4353
30 May 2025	85.3550	85.2550	85.6450	85.5850	85.4778
29 May 2025	85.5050	85.3950	85.6350	85.5250	85.4976
28 May 2025	85.6450	85.3350	85.7150	85.3650	85.6873
27 May 2025	85.1550	85.1450	85.4550	85.3350	85.3220
26 May 2025	85.0550	84.7750	85.1750	85.0950	84.9004
23 May 2025	85.9750	85.1050	86.0450	85.2150	85.6821
22 May 2025	85.5950	85.5850	86.1050	86.0050	85.6653
21 May 2025	85.6550	85.5350	85.7150	85.6450	85.5546
20 May 2025	85.4950	85.3950	85.6650	85.6450	85.4582
19 May 2025	85.4450	85.3650	85.6250	85.4050	85.4910
16 May 2025	85.3150	85.3050	85.7150	85.5150	85.5665
15 May 2025	85.5250	85.4850	85.7350	85.5550	85.5871
14 May 2025	85.0650	85.0650	85.5250	85.2750	85.2982
13 May 2025	84.6350	84.6350	85.4750	85.3350	84.8888
9 May 2025	85.8150	85.3250	85.8650	85.3750	85.6438
8 May 2025	84.6450	84.5350	85.7850	85.7150	84.8642
7 May 2025	84.6350	84.4850	84.9350	84.8350	84.5715
6 May 2025	84.2850	84.2650	84.6350	84.4350	84.5436
5 May 2025	84.4550	84.1250	84.4750	84.2550	84.2369
2 May 2025	84.0950	83.7650	84.5950	84.5750	83.8568
30 April 2025	85.1650	84.4550	85.1650	84.4950	85.0535
29 April 2025	85.0850	84.9450	85.4450	85.2650	85.2005
28 April 2025	85.3150	84.9650	85.4350	85.0350	85.1980
25 April 2025	85.1850	85.0850	85.6750	85.4550	85.5788
24 April 2025	85.5850	85.2550	85.6750	85.2650	85.5085
23 April 2025	85.2650	85.2650	85.5250	85.4250	85.4372
22 April 2025	85.1450	85.0750	85.2050	85.1950	85.1003
21 April 2025	85.1050	85.0450	85.1850	85.1350	85.1622
17 April 2025	85.4850	85.3550	85.6150	85.3750	85.5703
16 April 2025	85.6150	85.5150	85.7250	85.6950	85.6464
15 April 2025	85.8850	85.5950	85.8850	85.7750	85.6905
11 April 2025	86.2450	85.9650	86.2450	86.0550	86.1441
9 April 2025	86.4750	86.4750	86.7150	86.6950	86.6171
8 April 2025	85.8950	85.8350	86.3050	86.2750	85.9085
7 April 2025	85.7450	85.5750	85.9050	85.8450	85.8087
4 April 2025	85.0550	84.9550	85.3350	85.2350	85.2281
3 April 2025	85.7350	85.4350	85.7750	85.4350	85.6468
2 April 2025	85.6850	85.5050	85.7250	85.5050	85.6024
1 April 2025	-	-	-	-	85.5814
28 March 2025	85.6550	85.4050	85.7050	85.4750	85.5814
27 March 2025	85.9150	85.7350	85.9150	85.7850	85.7610
26 March 2025	85.6950	85.6850	85.8950	85.7150	85.8683
25 March 2025	85.5950	85.5850	85.8450	85.7650	85.7302
24 March 2025	85.9450	85.4950	86.0150	85.6450	85.8318
21 March 2025	86.2350	85.9350	86.3050	85.9750	86.2184
20 March 2025	86.4150	86.2050	86.4150	86.3750	86.3040
19 March 2025	86.6550	86.4250	86.6750	86.4450	86.5016
18 March 2025	86.7550	86.5450	86.7950	86.5750	86.6705
17 March 2025	86.9050	86.7650	86.9050	86.8050	86.7920
13 March 2025	87.1350	86.9450	87.1450	87.0050	87.0833
12 March 2025	87.2850	87.1750	87.3150	87.2150	87.2605
11 March 2025	87.3850	87.1750	87.3850	87.2150	87.3267
10 March 2025	87.2850	87.1650	87.3650	87.3350	87.2392
7 March 2025	87.1250	86.8750	87.2250	86.8750	87.0612
6 March 2025	86.9350	86.8850	87.1550	87.1250	87.0859
5 March 2025	87.2350	86.9450	87.2350	86.9650	87.0896
4 March 2025	87.3750	87.2750	87.4150	87.2750	87.3786
3 March 2025	87.3650	87.2550	87.4050	87.3750	87.3314
28 February 2025	87.3350	87.2450	87.5450	87.4950	87.4006
27 February 2025	87.2550	87.0650	87.4150	87.2050	87.2119
25 February 2025	86.8550	86.8550	87.2450	87.2150	87.0022
24 February 2025	86.5650	86.5650	86.7550	86.7050	86.6916
21 February 2025	86.4850	86.4850	86.7750	86.7150	86.6466
20 February 2025	86.8550	86.5850	86.8650	86.6650	86.6995
18 February 2025	86.9150	86.9150	86.9850	86.9550	86.9742
17 February 2025	86.6950	86.6850	86.8850	86.8850	86.7721
14 February 2025	86.8650	86.7850	86.9050	86.8250	86.8862
13 February 2025	86.8050	86.7750	86.9050	86.9050	86.8822
12 February 2025	86.4850	86.4650	86.9250	86.8950	86.8461
11 February 2025	87.3550	86.5050	87.3950	86.8350	86.8861
10 February 2025	87.9250	87.4050	87.9550	87.4850	87.5858
7 February 2025	87.4550	87.3250	87.4950	87.4350	87.4782
6 February 2025	87.5250	87.5050	87.5850	87.5850	87.5617
5 February 2025	87.1250	87.1250	87.4950	87.4750	87.2237
4 February 2025	87.0450	87.0150	87.1450	87.0750	87.1206
3 February 2025	87.0350	87.0250	87.2950	87.1950	87.1162
31 January 2025	86.5950	86.5950	86.6650	86.6150	86.6414
30 January 2025	86.5750	86.5750	86.6350	86.6350	86.5842
29 January 2025	86.5850	86.4950	86.6150	86.5450	86.5768
28 January 2025	86.5050	86.4950	86.5750	86.5250	86.5358
27 January 2025	86.3750	86.3450	86.4550	86.3450	86.4175
24 January 2025	86.3150	86.1750	86.3750	86.2150	86.2904
23 January 2025	86.4750	86.3850	86.5250	86.4650	86.4593
22 January 2025	86.5850	86.2850	86.6050	86.3250	86.5661
21 January 2025	86.2850	86.2850	86.5950	86.5850	86.5139
20 January 2025	86.4950	86.4650	86.5750	86.5750	86.5481
17 January 2025	86.5750	86.5650	86.6250	86.6150	86.5844
16 January 2025	86.4350	86.4150	86.5550	86.5550	86.4854
15 January 2025	86.4950	86.3150	86.5550	86.3650	86.5008
14 January 2025	86.4950	86.3850	86.7050	86.6350	86.5497
13 January 2025	86.2150	86.2050	86.5950	86.5850	86.4368
10 January 2025	85.8850	85.8650	85.9750	85.9750	85.8956
9 January 2025	85.9250	85.8550	85.9450	85.8550	85.8806
8 January 2025	85.8250	85.8250	85.8650	85.8550	85.8443
7 January 2025	85.7850	85.6550	85.8050	85.7150	85.7191
6 January 2025	85.7850	85.7850	85.8450	85.8350	85.8279
3 January 2025	85.7850	85.7350	85.8050	85.7750	85.7598
2 January 2025	85.7050	85.6750	85.8050	85.7550	85.7853
1 January 2025	85.6250	85.6250	85.7150	85.6550	85.7090
31 December 2024	85.5950	85.5750	85.6450	85.6250	85.6232
30 December 2024	85.5350	85.4350	85.5950	85.5450	85.4655
27 December 2024	85.3150	85.3150	85.8150	85.5450	85.5914
26 December 2024	85.2350	85.2350	85.2850	85.2650	85.2684
24 December 2024	85.1150	85.1150	85.2150	85.2050	85.1932
23 December 2024	84.9950	84.9950	85.1250	85.1250	85.0713
20 December 2024	85.0650	84.9650	85.1050	85.0250	85.0880
19 December 2024	85.0450	85.0450	85.0850	85.0750	85.0739
18 December 2024	84.9150	84.9150	84.9550	84.9550	84.9370
17 December 2024	84.8850	84.8850	84.9350	84.9050	84.9264
16 December 2024	84.8350	84.8050	84.8750	84.8650	84.8259
13 December 2024	84.8650	84.7850	84.8650	84.7950	84.8411
12 December 2024	84.8450	84.8450	84.8750	84.8650	84.8732
11 December 2024	84.8550	84.8150	84.8650	84.8350	84.8427
10 December 2024	84.7850	84.7750	84.8550	84.8550	84.8531
9 December 2024	84.6950	84.6950	84.7450	84.7350	84.7305
6 December 2024	84.6550	84.5250	84.7050	84.6950	84.6578
5 December 2024	84.7250	84.7050	84.7450	84.7350	84.7335
4 December 2024	84.6950	84.6550	84.7450	84.7450	84.6885
3 December 2024	84.7150	84.6450	84.7550	84.6950	84.7450
2 December 2024	84.5950	84.5750	84.7050	84.7050	84.6812
29 November 2024	84.4850	84.4850	84.5050	84.4850	84.4971
28 November 2024	84.4550	84.4550	84.5050	84.4950	84.4917
27 November 2024	84.3950	84.3950	84.4750	84.4550	84.4708
26 November 2024	84.2750	84.2250	84.3550	84.3350	84.2835
25 November 2024	84.3750	84.2550	84.3750	84.2950	84.2776
22 November 2024	84.4950	84.4550	84.4950	84.4550	84.4975
21 November 2024	84.4050	84.4050	84.4950	84.4950	84.4561
19 November 2024	84.3950	84.3950	84.4250	84.4250	84.4036
18 November 2024	84.4050	84.3650	84.4050	84.3950	84.3875
14 November 2024	84.4050	84.3950	84.4050	84.4050	84.4050
13 November 2024	84.3950	84.3850	84.4050	84.3950	84.4063
12 November 2024	84.3850	84.3850	84.4050	84.3950	84.4011
11 November 2024	84.3950	84.2950	84.4050	84.3950	84.3848
8 November 2024	84.3450	84.3450	84.3850	84.3750	84.3751
7 November 2024	84.2650	84.2650	84.3750	84.3750	84.3562
6 November 2024	85.1650	84.1550	84.2850	84.2850	84.2366
5 November 2024	84.1250	84.1150	84.1250	84.1150	84.1225
4 November 2024	84.0750	84.0750	84.1250	84.1250	84.1055
31 October 2024	84.0850	84.0950	84.0850	84.0850	84.0886
30 October 2024	84.0650	84.0850	84.0850	84.0650	84.0847
29 October 2024	84.0750	84.0850	84.0850	84.0750	84.0783
28 October 2024	84.0750	84.0850	84.0850	84.0750	84.0775
25 October 2024	84.0750	84.0850	84.0850	84.0750	84.0771
24 October 2024	84.0650	84.0850	84.0850	84.0650	84.0738
23 October 2024	84.0750	84.0850	84.0850	84.0750	84.0750
22 October 2024	84.0750	84.0850	84.0750	84.0750	84.0718
21 October 2024	84.0650	84.0850	84.0750	84.0650	84.0744
18 October 2024	84.0550	84.0850	84.0750	84.0550	84.0710
17 October 2024	84.0150	84.0750	84.0750	83.9950	84.0304
16 October 2024	84.0450	84.0750	84.0050	83.9950	84.0696
15 October 2024	84.0650	84.0750	84.0450	84.0350	84.0736
14 October 2024	84.0550	84.0850	84.0550	84.0550	84.0725
11 October 2024	83.9650	84.0950	84.0650	83.9650	84.0586
10 October 2024	83.9450	83.9850	83.9750	83.9450	83.9685
9 October 2024	83.9250	83.9750	83.9650	83.9250	83.9620
8 October 2024	83.9650	83.9850	83.9650	83.8950	83.9399
7 October 2024	83.9550	83.9850	83.9850	83.9550	83.9719
4 October 2024	83.9450	83.9750	83.9750	83.9350	83.9660
3 October 2024	-	-	-	-	83.9492
1 October 2024	83.8150	83.8350	83.8250	83.8050	83.8149
30 September 2024	83.7150	83.8050	83.7950	83.7150	83.7888
27 September 2024	83.6450	83.7150	83.7050	83.6250	83.6688
26 September 2024	83.6450	83.7150	83.6450	83.6450	83.7009
25 September 2024	83.5850	83.6450	83.5950	83.5150	83.5471
24 September 2024	83.5650	83.6750	83.6750	83.5450	83.6319
23 September 2024	83.4450	83.5650	83.5550	83.4450	83.5128
20 September 2024	83.6350	83.6350	83.5650	83.4850	83.4922
19 September 2024	83.6850	83.7350	83.6850	83.5550	83.6172
17 September 2024	83.8750	83.8750	83.7550	83.7150	83.8302
16 September 2024	83.8850	83.9050	83.8950	83.8750	83.8939
13 September 2024	83.9150	83.9450	83.9050	83.8550	83.9180
12 September 2024	83.9750	83.9950	83.9750	83.9750	83.9843
11 September 2024	83.9750	83.9850	83.9750	83.9450	83.9508
10 September 2024	83.9550	83.9850	83.9850	83.9550	83.9750
9 September 2024	83.9550	83.9650	83.9650	83.9350	83.9425
6 September 2024	83.9650	83.9650	83.9550	83.9150	83.9308
5 September 2024	83.9750	83.9850	83.9850	83.9750	83.9825
4 September 2024	83.9550	83.9750	83.9750	83.9550	83.9682
3 September 2024	83.9550	83.9750	83.9750	83.9450	83.9525
2 September 2024	83.8750	83.9350	83.9250	83.8550	83.8759
30 August 2024	83.8450	83.8350	83.8750	83.8750	83.8709
29 August 2024	83.9350	83.8450	83.9350	83.8750	83.8899
28 August 2024	83.9450	83.9450	83.9650	83.9550	83.9671
27 August 2024	83.9250	83.9250	83.9450	83.9350	83.9424
26 August 2024	83.8150	83.8150	83.9150	83.9050	83.8504
23 August 2024	83.9350	83.8650	83.9350	83.8950	83.8746
22 August 2024	83.9350	83.9350	83.9750	83.9550	83.9569
21 August 2024	83.8250	83.8250	83.9350	83.9250	83.9183
20 August 2024	83.8650	83.7650	83.8750	83.7950	83.7804
19 August 2024	83.8950	83.8450	83.9350	83.8750	83.9201
16 August 2024	83.9450	83.9450	83.9650	83.9450	83.9561
14 August 2024	83.9150	83.9050	83.9650	83.9550	83.9366
13 August 2024	83.9450	83.9450	83.9750	83.9750	83.9696
12 August 2024	83.9550	83.9450	83.9750	83.9750	83.9691
9 August 2024	83.9450	83.8850	83.9650	83.9650	83.9000
8 August 2024	83.9450	83.9450	83.9650	83.9650	83.9584
7 August 2024	83.8750	83.8750	83.9750	83.9650	83.9519
6 August 2024	83.8550	83.8550	83.9650	83.9550	83.9078
5 August 2024	83.7850	83.7650	83.8550	83.8550	83.8390
2 August 2024	82.7350	82.7350	82.7550	82.7550	83.7375
1 August 2024	83.6850	83.6650	83.7550	83.7250	83.7251
31 July 2024	83.7150	83.7050	83.7450	83.7350	83.7440
30 July 2024	83.7350	83.7350	83.7350	83.7350	83.7328
29 July 2024	83.7050	83.7050	83.7350	83.7350	83.7371
26 July 2024	83.7250	83.7250	83.7350	83.7350	83.7272
25 July 2024	83.7050	83.6650	83.7250	83.7050	83.7075
24 July 2024	83.6950	83.6950	83.7250	83.7250	83.7028
23 July 2024	83.6450	83.6150	83.7150	83.6950	83.6625
22 July 2024	83.6550	83.6550	83.6850	83.6650	83.6654
19 July 2024	83.6350	83.6150	83.6650	83.6650	83.6405
18 July 2024	83.5850	83.5650	83.6650	83.6550	83.6393
16 July 2024	83.5950	83.5750	83.6050	83.5850	83.5781
15 July 2024	83.5350	83.5350	83.6150	83.5950	83.5658
12 July 2024	83.5450	83.5050	83.5550	83.5450	83.5385
11 July 2024	83.5050	83.5050	83.5950	83.5650	83.5342
10 July 2024	83.5050	83.4850	83.5350	83.5250	83.4923
9 July 2024	83.4850	83.4750	83.5150	83.4950	83.4843
8 July 2024	83.4450	83.4450	83.5050	83.4950	83.4755
5 July 2024	83.4650	83.4650	83.5050	83.4950	83.5000
4 July 2024	83.5450	83.4850	83.5550	83.4950	83.5016
3 July 2024	83.5150	83.4950	83.5650	83.5350	83.5337
2 July 2024	83.5150	83.4850	83.5650	83.5150	83.5150
1 July 2024	83.3850	83.3850	83.4650	83.4450	83.4043
28 June 2024	83.4050	83.4850	83.3850	83.3650	83.4534
27 June 2024	83.5250	83.5250	83.4650	83.4450	83.4896
26 June 2024	83.4550	83.6150	83.5750	83.4350	83.5409
25 June 2024	83.4950	83.4950	83.4350	83.4150	83.4275
24 June 2024	83.4850	83.5450	83.4650	83.4450	83.5138
21 June 2024	83.5950	83.6350	83.5350	83.4950	83.5860
20 June 2024	83.4350	83.6750	83.6550	83.4350	83.5265
19 June 2024	83.3850	83.4750	83.4650	83.3450	83.4251
18 June 2024	83.5150	83.5250	83.4150	83.3950	83.4817
14 June 2024	83.5450	83.5750	83.5650	83.5350	83.5458
13 June 2024	83.5350	83.5550	83.5450	83.5250	83.5469
12 June 2024	83.5450	83.5650	83.5550	83.5150	83.5645
11 June 2024	83.4850	83.5750	83.5750	83.4850	83.5054
10 June 2024	83.4850	83.5150	83.5150	83.4850	83.4919
7 June 2024	83.4750	83.4850	83.3750	83.3750	83.4257
6 June 2024	83.4250	83.4950	83.4750	83.4150	83.4649
5 June 2024	83.4650	83.5150	83.3750	83.2750	83.3898
4 June 2024	83.2350	83.5350	83.5350	83.2350	83.5021
3 June 2024	82.9950	83.1750	83.1450	82.9550	83.0659
31 May 2024	83.2650	83.4850	83.4650	83.2350	83.2988
30 May 2024	83.4250	83.4550	83.3250	83.2650	83.4231
29 May 2024	83.2250	83.3550	83.3550	83.2250	83.3270
28 May 2024	83.1450	83.1950	83.1850	83.1050	83.1644
27 May 2024	83.0950	83.1450	83.1450	83.0550	83.0838
24 May 2024	83.2650	83.2650	83.1050	83.0350	83.1219
22 May 2024	83.3150	83.3150	83.2850	83.2250	83.2301
21 May 2024	83.3150	83.3650	83.3150	83.2650	83.3614
17 May 2024	83.4950	83.4950	83.3450	83.3350	83.4815
16 May 2024	83.4750	83.5150	83.5050	83.4450	83.5011
15 May 2024	83.4950	83.5150	83.5050	83.4750	83.5092
14 May 2024	83.5250	83.5250	83.5150	83.5150	83.5201
13 May 2024	83.5050	83.5350	83.5350	83.5050	83.5234
10 May 2024	83.4850	83.5050	83.5050	83.4650	83.4946
9 May 2024	83.4850	83.5250	83.5050	83.4450	83.4976
8 May 2024	83.4950	83.5250	83.5250	83.4950	83.5147
7 May 2024	83.4750	83.5250	83.5150	83.4750	83.5015
6 May 2024	83.4250	83.4950	83.4950	83.4250	83.4725
3 May 2024	83.3950	83.4450	83.4250	83.3550	83.3795
2 May 2024	83.4250	83.4950	83.4750	83.4150	83.4526
30 April 2024	83.4750	83.5250	83.4350	83.4250	83.5187
29 April 2024	83.3950	83.5150	83.4750	83.3950	83.4392
26 April 2024	83.3050	83.3650	83.3450	83.3050	83.3395
25 April 2024	83.3450	83.3950	83.3250	83.3250	83.3758
24 April 2024	83.3150	83.3350	83.3250	83.2750	83.2987
23 April 2024	83.3650	83.3950	83.3450	83.2950	83.3765
22 April 2024	83.4050	83.4550	83.3650	83.3350	83.4113
19 April 2024	83.5650	83.5750	83.4750	83.4550	83.5214
18 April 2024	83.5050	83.5450	83.5450	83.4950	83.5170
16 April 2024	83.5150	83.5550	83.5450	83.4750	83.4982
15 April 2024	83.4450	83.4650	83.4550	83.4350	83.4422
12 April 2024	83.3650	83.4350	83.4150	83.3650	83.3931
10 April 2024	83.2150	83.2350	83.1950	83.1650	83.2253
8 April 2024	83.2750	83.3350	83.3250	83.2350	83.3176
5 April 2024	83.4350	83.4450	83.3050	83.2650	83.4073
4 April 2024	83.4250	83.4550	83.4450	83.4250	83.4475
3 April 2024	83.3550	83.4550	83.4450	83.3550	83.4204
2 April 2024	83.3750	83.3950	83.3950	83.3450	83.3585
1 April 2024	-	-	-	-	83.3739
28 March 2024	83.3250	83.3050	83.4050	83.4050	83.3739
27 March 2024	83.3250	83.2950	83.4550	83.3850	83.3255
26 March 2024	83.3450	83.2750	83.3650	83.2850	83.3559
22 March 2024	83.2750	83.2650	83.4350	83.4350	83.3546
21 March 2024	83.0850	83.0550	83.1650	83.1550	83.1308
20 March 2024	83.0150	83.0150	83.1650	83.1650	83.1022
19 March 2024	82.9350	82.9350	83.0550	83.0450	82.9401
18 March 2024	82.8450	82.8350	82.9150	82.9150	82.9078
15 March 2024	82.9550	82.8550	82.9650	82.8850	82.8919
14 March 2024	82.8450	82.8250	82.8950	82.8250	82.8709
13 March 2024	82.8150	82.8150	82.9150	82.8650	82.9027
12 March 2024	82.7250	82.7250	82.7950	82.7750	82.7450
11 March 2024	82.7150	82.6550	82.7650	82.7650	82.6770
7 March 2024	82.8250	82.7250	82.8250	82.7950	82.7785
6 March 2024	82.9050	82.8250	82.9150	82.8250	82.9078
5 March 2024	82.9050	82.8950	82.9250	82.9050	82.9271
4 March 2024	82.8650	82.8650	82.9150	82.8950	82.8954
1 March 2024	82.8650	82.8450	82.9150	82.9050	82.8702
29 February 2024	82.8850	82.8850	82.9350	82.9150	82.9246
28 February 2024	82.9150	82.8950	82.9450	82.9250	82.9155
27 February 2024	82.8950	82.8850	82.9050	82.9050	82.8915
26 February 2024	82.8950	82.8750	82.9050	82.8950	82.8856
23 February 2024	82.8650	82.8550	82.9550	82.9450	82.8865
22 February 2024	82.9550	82.8450	82.9550	82.8450	82.9240
21 February 2024	82.9150	82.8650	82.9750	82.9750	82.8851
20 February 2024	83.0150	82.9250	83.0150	82.9650	82.9704
16 February 2024	83.0350	83.0150	83.0350	83.0250	83.0375
15 February 2024	83.0050	82.9950	83.0450	83.0450	83.0119
14 February 2024	83.1150	83.0350	83.1250	83.0350	83.0864
13 February 2024	83.0050	82.9950	83.0250	83.0050	83.0190
12 February 2024	83.0350	82.9850	83.0350	83.0050	82.9954
9 February 2024	82.9650	82.9550	83.0450	83.0450	82.9995
8 February 2024	82.9550	82.8950	83.0050	82.9650	82.9762
7 February 2024	83.0350	82.9450	83.0450	82.9750	82.9765
6 February 2024	83.0350	83.0350	83.0650	83.0650	83.0629
5 February 2024	83.0450	83.0150	83.0750	83.0650	83.0284
2 February 2024	82.9150	82.8350	82.9450	82.9250	82.8406
1 February 2024	83.0250	82.9350	83.0450	82.9750	82.9553
31 January 2024	83.1150	83.0250	83.1150	83.0450	83.0805
30 January 2024	83.1350	83.1150	83.1450	83.1150	83.1190
29 January 2024	83.1550	83.1350	83.1650	83.1350	83.1494
25 January 2024	83.1350	83.0950	83.1450	83.1250	83.1155
24 January 2024	83.1450	83.1150	83.1650	83.1250	83.1457
23 January 2024	83.1150	83.0650	83.1650	83.1550	83.1029
19 January 2024	83.1650	83.0650	83.1650	83.0750	83.1338
18 January 2024	83.1550	83.1150	83.1850	83.1250	83.1243
17 January 2024	83.1150	83.0850	83.1750	83.1450	83.1310
16 January 2024	82.9350	82.9350	83.0850	83.0750	82.9774
15 January 2024	82.8150	82.7750	82.9150	82.8850	82.8530
12 January 2024	83.0850	82.8650	83.1150	82.9250	82.9881
11 January 2024	83.0450	82.9350	83.0650	83.0350	82.9415
10 January 2024	83.1350	82.9750	83.1850	83.0450	83.1548
9 January 2024	83.0650	83.0350	83.1350	83.1250	83.1289
8 January 2024	83.0950	83.0550	83.1550	83.1450	83.0687
5 January 2024	83.2350	83.1250	83.2450	83.1550	83.1760
4 January 2024	83.3150	83.2150	83.3250	83.2350	83.3002
3 January 2024	83.3050	83.2550	83.3350	83.2850	83.3242
2 January 2024	83.2850	83.2750	83.3450	83.3250	83.3282
1 January 2024	83.2450	83.1550	83.2450	83.2450	83.1975
29 December 2023	83.1450	83.1050	83.2250	83.2150	83.1164
28 December 2023	83.2850	83.1650	83.3050	83.1750	83.2254
27 December 2023	83.2150	83.2150	83.3550	83.3550	83.3226
26 December 2023	83.1550	83.1050	83.2150	83.1950	83.1703
22 December 2023	83.2450	83.1150	83.2750	83.1450	83.2493
21 December 2023	83.1850	83.1850	83.2850	83.2850	83.2729
20 December 2023	83.1850	83.1250	83.1950	83.1750	83.1523
19 December 2023	83.1050	83.0950	83.2250	83.1850	83.1790
18 December 2023	82.9650	82.9050	83.0650	83.0650	83.0173
15 December 2023	83.3150	82.9450	83.3250	83.0050	83.1802
14 December 2023	83.2750	83.2750	83.3650	83.3350	83.3500
13 December 2023	83.3850	83.3850	83.4150	83.4150	83.3950
12 December 2023	83.3550	83.3550	83.3950	83.3950	83.3800
11 December 2023	83.3950	83.3750	83.3950	83.3950	83.3872
8 December 2023	83.3550	83.3450	83.3950	83.3950	83.3681
7 December 2023	83.3650	83.3350	83.3750	83.3550	83.3650
6 December 2023	83.3550	83.3050	83.3750	83.3350	83.3544
5 December 2023	83.3850	83.3750	83.3950	83.3850	83.3931
4 December 2023	83.2650	83.2650	83.3850	83.3650	83.3357
1 December 2023	83.2650	83.2550	83.3650	83.2950	83.3602
30 November 2023	83.3050	83.2950	83.4050	83.4050	83.3500
29 November 2023	83.3050	83.2850	83.3350	83.3350	83.3191
28 November 2023	83.3650	83.3250	83.4050	83.3350	83.3926
24 November 2023	83.3550	83.3450	83.3950	83.3750	83.3675
23 November 2023	83.2950	83.2950	83.3550	83.3450	83.3571
22 November 2023	83.3050	83.2650	83.3350	83.3250	83.3375
21 November 2023	83.3350	83.3250	83.3750	83.3650	83.3466
20 November 2023	83.2550	83.2350	83.3450	83.3450	83.3309
17 November 2023	83.2350	83.2350	83.2750	83.2750	83.2646
16 November 2023	83.1850	83.1850	83.2450	83.2350	83.2388
15 November 2023	83.0650	83.0150	83.2050	83.1450	83.1272
13 November 2023	83.3050	83.2950	83.3350	83.3350	83.3248
10 November 2023	83.2850	83.2850	83.4750	83.3450	83.3530
9 November 2023	83.2650	83.2650	83.2950	83.2850	83.2808
8 November 2023	83.2550	83.2350	83.2950	83.2750	83.2691
7 November 2023	83.2350	83.2350	83.2750	83.2650	83.2650
6 November 2023	83.1350	83.1350	83.2450	83.2250	83.2213
3 November 2023	83.2350	83.2350	83.2950	83.2950	83.2669
2 November 2023	83.2350	83.1950	83.2750	83.2450	83.2630
1 November 2023	83.2650	83.2650	83.2850	83.2850	83.2843
31 October 2023	83.2650	83.2550	83.2750	83.2550	83.2692
30 October 2023	83.2550	83.2550	83.2750	83.2550	83.2676
27 October 2023	83.2250	83.2250	83.2550	83.2550	83.2518
26 October 2023	83.1950	83.1950	83.2550	83.2350	83.2439
25 October 2023	83.0750	83.0750	83.1950	83.1850	83.1518
23 October 2023	83.1750	83.0950	83.2050	83.1950	83.1663
20 October 2023	83.1750	83.0450	83.2150	83.1250	83.1982
19 October 2023	83.2550	83.2350	83.2850	83.2550	83.2746
18 October 2023	83.2350	83.2350	83.2750	83.2650	83.2571
17 October 2023	83.2350	83.2250	83.2650	83.2650	83.2555
16 October 2023	83.2550	83.2550	83.2850	83.2850	83.2632
13 October 2023	83.2450	83.2350	83.2750	83.2650	83.2574
12 October 2023	83.1650	83.1350	83.2450	83.2450	83.1834
11 October 2023	83.2050	83.1550	83.2450	83.1950	83.2368
10 October 2023	83.2350	83.2250	83.2750	83.2550	83.2556
9 October 2023	83.2250	83.2150	83.2750	83.2650	83.2542
6 October 2023	83.2150	83.1850	83.2650	83.2450	83.2388
5 October 2023	83.2150	83.1850	83.2650	83.2650	83.2413
4 October 2023	83.2350	83.1950	83.2750	83.2450	83.2588
3 October 2023	83.2150	83.1750	83.2350	83.2150	83.1812
28 September 2023	83.2350	83.1350	83.2550	83.1950	83.1591
27 September 2023	83.2350	83.1950	83.2450	83.2350	83.2188
26 September 2023	83.1950	83.1750	83.2550	83.2350	83.2328
25 September 2023	83.0450	83.0350	83.1550	83.1550	83.0968
22 September 2023	82.8250	82.8250	82.9650	82.9350	82.9477
21 September 2023	83.0950	83.0150	83.1750	83.0950	83.1511
20 September 2023	83.2050	83.0650	83.2650	83.0750	83.2553
18 September 2023	83.0950	83.0950	83.2850	83.2750	83.2102
15 September 2023	83.0450	82.9950	83.1950	83.1950	83.0557
14 September 2023	82.9750	82.9350	83.0450	83.0350	82.9760
13 September 2023	82.9350	82.9050	82.9950	82.9950	82.9527
12 September 2023	82.9450	82.8550	83.0250	82.9250	82.9760
11 September 2023	82.9350	82.8350	83.0550	83.0350	82.8809
8 September 2023	83.1450	82.9150	83.1750	82.9550	83.1589
7 September 2023	83.1250	83.1250	83.2250	83.2150	83.1829
6 September 2023	83.0250	83.0250	83.1850	83.1350	83.0902
5 September 2023	82.7850	82.7850	83.0450	83.0450	82.9440
4 September 2023	82.6850	82.6750	82.7750	82.7550	82.7373
1 September 2023	82.5750	82.5750	82.7550	82.7150	82.6648
31 August 2023	82.6450	82.5950	82.7950	82.7950	82.6784
30 August 2023	82.6650	82.6650	82.8150	82.7350	82.7698
29 August 2023	82.5950	82.5850	82.7350	82.7150	82.6498
28 August 2023	82.5550	82.5250	82.6550	82.6350	82.6126
25 August 2023	82.5850	82.5850	82.7150	82.6550	82.6523
24 August 2023	82.4650	82.3650	82.6050	82.5750	82.5517
23 August 2023	83.0050	82.6850	83.0050	82.6950	82.9218
22 August 2023	83.0650	82.9450	83.0850	82.9450	83.0670
21 August 2023	83.0550	83.0550	83.1250	83.1150	83.1146
18 August 2023	83.0250	83.0250	83.1350	83.1050	83.0905
17 August 2023	83.0050	83.0050	83.1650	83.1550	83.1263
14 August 2023	83.0250	82.8550	83.0850	82.9550	82.9521
11 August 2023	82.7550	82.7450	82.8650	82.8550	82.7796
10 August 2023	82.8150	82.6850	82.8550	82.7150	82.8372
9 August 2023	82.8350	82.8050	82.8550	82.8250	82.8166
8 August 2023	82.7950	82.7850	82.8450	82.8350	82.7968
7 August 2023	82.7350	82.7150	82.7650	82.7450	82.7431
4 August 2023	82.7450	82.7350	82.8550	82.8450	82.7978
3 August 2023	82.7250	82.6650	82.8150	82.7250	82.7171
2 August 2023	82.3850	82.3750	82.6150	82.5850	82.5347
1 August 2023	82.3250	82.2650	82.3350	82.2650	82.2833
31 July 2023	82.2250	82.2150	82.2950	82.2550	82.2481
28 July 2023	82.2750	82.1950	82.3450	82.2550	82.2465
27 July 2023	81.9350	81.9150	82.0250	81.9450	81.9923
26 July 2023	81.8950	81.8750	82.0350	82.0050	81.9880
25 July 2023	81.7150	81.6650	81.8850	81.8750	81.8088
24 July 2023	82.0150	81.8250	82.0450	81.8250	81.9246
21 July 2023	82.0150	81.9450	82.0550	81.9550	82.0217
20 July 2023	82.0250	81.9850	82.0650	81.9950	82.0446
19 July 2023	82.1050	82.0850	82.1550	82.0850	82.1029
18 July 2023	81.9950	81.9750	82.0850	82.0350	82.0486
17 July 2023	82.1350	82.0350	82.2050	82.0450	82.1460
14 July 2023	81.9350	81.9350	82.1750	82.1750	82.1021
13 July 2023	81.9550	81.9550	82.1550	82.0750	82.1201
12 July 2023	82.2750	82.2350	82.3350	82.2550	82.2817
11 July 2023	82.4050	82.3350	82.4450	82.3650	82.3533
10 July 2023	82.6550	82.5550	82.6550	82.5750	82.6335
7 July 2023	82.6850	82.6350	82.7550	82.7450	82.6773
6 July 2023	82.3650	82.3650	82.5550	82.5150	82.4572
5 July 2023	82.0550	82.0550	82.2550	82.2350	82.1616
4 July 2023	81.9250	81.8550	82.0350	82.0250	81.9689
3 July 2023	82.0050	81.7650	82.0050	81.9650	81.8630
30 June 2023	82.0150	82.0150	82.0550	82.0450	82.0428
28 June 2023	81.9950	81.9750	82.0650	82.0650	82.0124
27 June 2023	81.9750	81.9550	82.0350	82.0350	81.9620
26 June 2023	82.0050	81.9450	82.0450	82.0450	81.9729
23 June 2023	82.0750	82.0150	82.0750	82.0450	82.0510
22 June 2023	81.9350	81.8950	81.9550	81.9550	81.9188
21 June 2023	82.1250	82.0050	82.1350	82.0450	82.0951
20 June 2023	82.0350	82.0350	82.1750	82.1250	82.1157
19 June 2023	81.9450	81.8950	82.0050	81.9450	81.9658
16 June 2023	81.9750	81.8750	82.0150	81.9350	81.8834
15 June 2023	82.1550	82.0250	82.2550	82.1850	82.1982
14 June 2023	82.2850	82.0850	82.3250	82.1050	82.3141
13 June 2023	82.4350	82.3650	82.4750	82.3750	82.3907
12 June 2023	82.4450	82.4150	82.4750	82.4350	82.4553
9 June 2023	82.4850	82.4150	82.5050	82.4650	82.4251
8 June 2023	82.5950	82.5450	82.6250	82.5650	82.5795
7 June 2023	82.5650	82.4650	82.5750	82.5550	82.5339
6 June 2023	82.5650	82.5650	82.6650	82.6150	82.6396
5 June 2023	82.4650	82.4550	82.6850	82.6750	82.5768
2 June 2023	82.3250	82.2750	82.3850	82.3150	82.3175
1 June 2023	82.4750	82.3650	82.5250	82.4150	82.4562
31 May 2023	82.7150	82.6450	82.7350	82.7250	82.6773
30 May 2023	82.6550	82.6550	82.7950	82.7150	82.7332
29 May 2023	82.5850	82.5150	82.6750	82.6350	82.5497
26 May 2023	82.7350	82.5650	82.7350	82.5850	82.7182
25 May 2023	82.7650	82.7150	82.7750	82.7450	82.7477
24 May 2023	82.8350	82.6550	82.8450	82.6650	82.7207
23 May 2023	82.8450	82.7650	82.8450	82.8050	82.7961
22 May 2023	82.7950	82.7250	82.8650	82.8350	82.7982
19 May 2023	82.7150	82.6450	82.8050	82.6650	82.6989
18 May 2023	82.3650	82.3550	82.6550	82.6050	82.4783
17 May 2023	82.3050	82.2950	82.4550	82.3850	82.3695
16 May 2023	82.2350	82.1650	82.2950	82.2150	82.2735
15 May 2023	82.2250	82.1850	82.3750	82.3050	82.2841
12 May 2023	82.1050	82.1050	82.2350	82.1650	82.1606
11 May 2023	81.9550	81.9450	82.1250	82.0950	82.0431
10 May 2023	82.0650	81.9650	82.0950	81.9950	82.0240
9 May 2023	81.8450	81.8350	82.1450	82.0450	82.0231
8 May 2023	81.7550	81.7050	81.8250	81.8050	81.7606
4 May 2023	81.6750	81.6550	81.8650	81.8050	81.7353
3 May 2023	81.7750	81.7650	81.8650	81.8250	81.8552
2 May 2023	81.7550	81.7350	81.9550	81.8850	81.7625
28 April 2023	81.8050	81.7250	81.8550	81.8350	81.7829
27 April 2023	81.6950	81.6150	81.8550	81.8450	81.6526
26 April 2023	81.9950	81.6950	82.0150	81.7750	81.9155
25 April 2023	81.8750	81.8650	81.9750	81.9150	81.8994
24 April 2023	82.1050	81.8850	82.1050	81.9150	82.0495
21 April 2023	82.1050	82.0750	82.1950	82.0950	82.1542
20 April 2023	82.2350	82.1250	82.2350	82.1550	82.1635
19 April 2023	82.1150	82.0750	82.2450	82.2350	82.1202
18 April 2023	82.0150	81.9650	82.0850	82.0450	82.0734
17 April 2023	81.8950	81.8850	81.9950	81.9750	81.9456
13 April 2023	81.9950	81.8350	82.0150	81.8550	81.9755
12 April 2023	82.0650	82.0150	82.1050	82.0850	82.0712
11 April 2023	81.9650	81.9650	82.1550	82.1350	82.0881
10 April 2023	81.8650	81.7650	81.9950	81.9850	81.9105
6 April 2023	81.9450	81.8350	82.0650	81.8950	81.9753
5 April 2023	82.0650	81.9150	82.1950	82.0050	82.1892
3 April 2023	82.4550	82.3350	82.4550	82.3350	82.3867
31 March 2023	82.1250	82.0950	82.2750	82.1750	82.2169
29 March 2023	82.2550	82.2350	82.3750	82.3450	82.3603
28 March 2023	82.1550	82.1550	82.2850	82.1950	82.2068
27 March 2023	82.3750	82.2750	82.4350	82.3750	82.3558
24 March 2023	82.3050	82.2050	82.4950	82.4850	82.2378
23 March 2023	82.3850	82.0850	82.4050	82.2650	82.1590
21 March 2023	82.5450	82.5450	82.7050	82.6650	82.6799
20 March 2023	82.4950	82.4650	82.7050	82.6450	82.5030
17 March 2023	82.4950	82.4350	82.5850	82.5550	82.4663
16 March 2023	82.7850	82.6150	82.8050	82.7350	82.6841
15 March 2023	82.3150	82.2950	82.6150	82.6050	82.4955
14 March 2023	82.2750	82.2450	82.4950	82.4950	82.3619
13 March 2023	81.7650	81.7550	82.2150	82.1250	81.9132
10 March 2023	82.1050	81.9950	82.1350	82.0450	82.0147
9 March 2023	81.9150	81.7750	82.0050	81.9850	81.9159
8 March 2023	82.2650	81.9950	82.2950	82.0650	82.0890
6 March 2023	81.7750	81.6250	81.9650	81.9150	81.7448
3 March 2023	82.2450	81.9250	82.3550	81.9750	82.2643
2 March 2023	82.5750	82.5450	82.6250	82.5950	82.5555
1 March 2023	82.4950	82.3650	82.6250	82.5150	82.5467
28 February 2023	82.7150	82.6350	82.7650	82.6750	82.6816
27 February 2023	82.8650	82.8250	82.9450	82.8450	82.9145
24 February 2023	82.6850	82.6650	82.8150	82.7550	82.7432
23 February 2023	82.7850	82.7150	82.7950	82.7350	82.7628
22 February 2023	82.8150	82.7950	82.8650	82.8550	82.8434
21 February 2023	82.7750	82.7450	82.8350	82.7950	82.7562
20 February 2023	82.6950	82.6250	82.7450	82.7250	82.6902
17 February 2023	82.8050	82.7350	82.8550	82.8350	82.8085
16 February 2023	82.7050	82.5950	82.7350	82.7250	82.6414
15 February 2023	82.8850	82.7950	82.9050	82.8050	82.8621
14 February 2023	82.5850	82.5850	82.7650	82.7650	82.7163
13 February 2023	82.6850	82.6350	82.7850	82.7250	82.7046
10 February 2023	82.6350	82.3550	82.6350	82.5050	82.5787
9 February 2023	82.5950	82.4850	82.6650	82.5150	82.6103
8 February 2023	82.6950	82.4750	82.7250	82.4950	82.6746
7 February 2023	82.6550	82.6250	82.8050	82.7050	82.6959
6 February 2023	82.4150	82.3850	82.7550	82.7350	82.4540
3 February 2023	82.1750	81.7650	82.3150	81.8350	82.2296
2 February 2023	81.8250	81.7250	82.2050	82.1750	81.9536
1 February 2023	81.7750	81.6750	82.0350	81.9250	81.8494
31 January 2023	81.5850	81.5850	82.0750	81.9250	81.7387
30 January 2023	81.6450	81.4950	81.7250	81.4950	81.6552
27 January 2023	81.4850	81.4850	81.6750	81.5250	81.5445
25 January 2023	81.6150	81.4950	81.7650	81.5950	81.6263
24 January 2023	81.5050	81.4250	81.7750	81.7250	81.6020
23 January 2023	80.9450	80.8650	81.4950	81.3950	81.2757
20 January 2023	81.2650	81.0850	81.2850	81.1250	81.2196
19 January 2023	81.3850	81.2150	81.4250	81.3650	81.3577
18 January 2023	81.7450	81.2350	81.8250	81.2450	81.6480
17 January 2023	81.7950	81.7150	81.8850	81.7650	81.7727
16 January 2023	81.2450	81.2250	81.7450	81.6150	81.3719
13 January 2023	81.2650	81.2650	81.4550	81.3350	81.4328
12 January 2023	81.6250	81.5450	81.7550	81.5550	81.7187
11 January 2023	81.7450	81.5150	81.8150	81.5850	81.7029
10 January 2023	82.2750	81.7250	82.3150	81.7950	82.2108
9 January 2023	82.3050	82.2850	82.4550	82.3650	82.3662
6 January 2023	82.5550	82.4650	82.7550	82.7250	82.6348
5 January 2023	82.7450	82.5650	82.8050	82.5650	82.6973
4 January 2023	82.8450	82.7350	82.9150	82.8050	82.9052
3 January 2023	82.7150	82.6750	82.9950	82.8850	82.7817
2 January 2023	82.6650	82.5650	82.7850	82.7450	82.6287
30 December 2022	82.7850	82.6950	82.8150	82.7250	82.7862
29 December 2022	82.8250	82.7550	82.8650	82.8050	82.8346
28 December 2022	82.8450	82.8250	82.9250	82.8650	82.9183
27 December 2022	82.7150	82.7150	82.8650	82.8550	82.7936
26 December 2022	82.7750	82.6350	82.8350	82.6550	82.7373
23 December 2022	82.8050	82.7750	82.8850	82.8650	82.8685
22 December 2022	82.8050	82.6450	82.8050	82.7650	82.6679
21 December 2022	82.7650	82.6750	82.8150	82.8150	82.7736
20 December 2022	82.6650	82.6650	82.8850	82.7650	82.7902
19 December 2022	82.8150	82.5850	82.8150	82.7150	82.6405
16 December 2022	82.8550	82.7550	82.8950	82.8750	82.8184
15 December 2022	82.6350	82.4250	82.7750	82.7650	82.4822
14 December 2022	82.6150	82.3850	82.7050	82.4650	82.5170
13 December 2022	82.6450	82.6150	82.8150	82.8150	82.7154
12 December 2022	82.5350	82.5050	82.7450	82.5350	82.6425
9 December 2022	82.3050	82.0950	82.3450	82.2750	82.2092
8 December 2022	82.2750	82.2650	82.4650	82.4250	82.2844
7 December 2022	82.6650	82.4150	82.7650	82.4750	82.5391
6 December 2022	81.9450	81.9450	82.6450	82.6250	82.2800
5 December 2022	81.2350	81.2350	81.8350	81.7950	81.5855
2 December 2022	81.1050	81.0850	81.3250	81.3250	81.1771
1 December 2022	81.0750	80.9950	81.3250	81.2250	81.1512
30 November 2022	81.6450	81.3950	81.6550	81.4250	81.5970
29 November 2022	81.5850	81.5650	81.7450	81.7250	81.7121
28 November 2022	81.7750	81.6150	81.8450	81.6750	81.7545
25 November 2022	81.6750	81.4450	81.7150	81.6950	81.5289
24 November 2022	81.7250	81.6050	81.7750	81.6350	81.7655
23 November 2022	81.8050	81.7550	81.8550	81.8550	81.8165
22 November 2022	81.7250	81.6450	81.8450	81.6750	81.7742
21 November 2022	81.8550	81.7550	81.9150	81.8450	81.7732
18 November 2022	81.5850	81.5250	81.7850	81.6950	81.6975
17 November 2022	81.6750	81.4550	81.6850	81.6550	81.6335
16 November 2022	81.3950	81.2350	81.5750	81.3050	81.3354
15 November 2022	81.1350	81.0350	81.4450	81.1050	81.4280
14 November 2022	80.5250	80.5250	81.2950	81.2650	81.2332
11 November 2022	80.7150	80.5850	80.9950	80.8050	80.6483
10 November 2022	81.6550	81.5150	81.9150	81.8150	81.7421
9 November 2022	81.3950	81.2250	81.6250	81.4450	81.4800
7 November 2022	82.1150	81.9250	82.3350	81.9250	82.2112
4 November 2022	82.6250	82.4350	82.7250	82.4450	82.5287
3 November 2022	82.8650	82.7450	82.9250	82.8850	82.8835
2 November 2022	82.6450	82.6250	82.8250	82.7850	82.7650
1 November 2022	82.7350	82.6050	82.7950	82.7050	82.7126
31 October 2022	82.3750	82.3350	82.7850	82.7850	82.3934
28 October 2022	82.3950	82.2850	82.5050	82.4750	82.4092
27 October 2022	82.1450	82.1350	82.4950	82.4950	82.3889
25 October 2022	82.6950	82.5950	82.7950	82.7350	82.7626
21 October 2022	82.9050	82.5050	82.9150	82.6850	82.8619
20 October 2022	83.0050	82.7150	83.2950	82.7650	83.2042
19 October 2022	82.3150	82.3150	83.0350	83.0250	82.3735
18 October 2022	82.2050	82.0350	82.3650	82.3650	82.2279
17 October 2022	82.3550	82.3250	82.4250	82.3550	82.4047
14 October 2022	82.2850	82.1250	82.4350	82.3550	82.3877
13 October 2022	82.3050	82.2550	82.4150	82.3550	82.4013
12 October 2022	82.2850	82.1650	82.3750	82.3250	82.2411
11 October 2022	82.3550	82.3150	82.4150	82.3150	82.3901
10 October 2022	82.6450	82.3050	82.6950	82.3250	82.4028
7 October 2022	82.2050	82.1750	82.4350	82.3250	82.4000
6 October 2022	81.5150	81.4550	81.9050	81.8850	81.7044
4 October 2022	81.6750	81.3550	81.6850	81.5250	81.4267
3 October 2022	81.6250	81.6250	81.9350	81.8750	81.7417
30 September 2022	81.6250	81.1550	81.6950	81.3450	81.5522
29 September 2022	81.6150	81.5850	81.9450	81.8650	81.8633
28 September 2022	81.8850	81.8050	81.9450	81.9450	81.9005
27 September 2022	81.4950	81.3050	81.6550	81.5850	81.3720
26 September 2022	81.5550	81.4450	81.6650	81.6250	81.5750
23 September 2022	81.0850	80.7650	81.2450	80.9950	80.9165
22 September 2022	80.2950	80.2750	80.8850	80.8650	80.7246
21 September 2022	79.7950	79.7850	80.0250	79.9850	79.9226
20 September 2022	79.7050	79.5850	79.7750	79.7550	79.6778
19 September 2022	79.6850	79.5950	79.7750	79.7750	79.6657
16 September 2022	79.8050	79.7150	79.8650	79.7450	79.8180
15 September 2022	79.5250	79.4450	79.7250	79.7050	79.5830
14 September 2022	79.6050	79.3850	79.6050	79.4450	79.5837
13 September 2022	79.2850	79.0250	79.3350	79.1550	79.0640
12 September 2022	79.6350	79.4750	79.7250	79.5250	79.6776
9 September 2022	79.6450	79.4650	79.6550	79.5850	79.6358
8 September 2022	79.6850	79.6550	79.8350	79.7150	79.6712
7 September 2022	79.8750	79.8450	79.9450	79.9050	79.9220
6 September 2022	79.8050	79.8050	79.9050	79.8450	79.8893
5 September 2022	79.8350	79.8150	79.9150	79.8450	79.8936
2 September 2022	79.6250	79.6150	79.8350	79.8050	79.7888
1 September 2022	79.5350	79.3050	79.6650	79.5650	79.3970
30 August 2022	79.9150	79.4450	79.9250	79.4550	79.7194
29 August 2022	80.0850	79.9250	80.1350	79.9650	80.0906
26 August 2022	79.8650	79.8150	79.9550	79.8750	79.9097
25 August 2022	79.8250	79.8150	79.9050	79.8850	79.8705
24 August 2022	79.8450	79.6950	79.8650	79.8150	79.7927
23 August 2022	79.8350	79.8050	79.9050	79.8650	79.8903
22 August 2022	79.8350	79.7650	79.9250	79.8750	79.8703
19 August 2022	79.7650	79.7250	79.8150	79.7850	79.7528
18 August 2022	79.6050	79.5950	79.7150	79.6750	79.6667
17 August 2022	79.2750	79.2750	79.4850	79.4550	79.4335
12 August 2022	79.6750	79.6250	79.7250	79.6650	79.7011
11 August 2022	79.2450	79.2150	79.7050	79.6450	79.4881
10 August 2022	79.5650	79.4150	79.6050	79.5250	79.5033
8 August 2022	79.4550	79.4550	79.6650	79.6650	79.5785
5 August 2022	79.1650	78.9250	79.2950	79.2350	79.1158
4 August 2022	79.2350	79.2350	79.9150	79.4750	79.5427
3 August 2022	78.6850	78.6850	79.1850	79.1650	78.8427
2 August 2022	78.9550	78.4950	78.9650	78.7150	78.6082
1 August 2022	79.1850	79.0150	79.2250	79.0250	79.1690
29 July 2022	79.5350	79.1750	79.5550	79.2550	79.4203
28 July 2022	79.7850	79.7150	79.8450	79.7650	79.7434
27 July 2022	79.8350	79.8250	79.9150	79.9050	79.8967
26 July 2022	79.7350	79.7250	79.8250	79.7850	79.7948
25 July 2022	79.8550	79.7050	79.8650	79.7350	79.8488
22 July 2022	79.9150	79.8650	79.9250	79.8650	79.9101
21 July 2022	80.0350	79.9150	80.0650	79.9550	79.9763
20 July 2022	79.9450	79.8950	80.0050	79.9950	79.9738
19 July 2022	80.0150	79.8550	80.0650	79.9450	79.9478
18 July 2022	79.7950	79.7250	79.9750	79.9750	79.8958
15 July 2022	79.9550	79.8250	79.9650	79.8850	79.8797
14 July 2022	79.7250	79.7150	79.9250	79.8850	79.8710
13 July 2022	79.5450	79.5450	79.6850	79.6350	79.6592
12 July 2022	79.5150	79.5150	79.6550	79.6050	79.6401
11 July 2022	79.2550	79.2550	79.4450	79.4450	79.4098
8 July 2022	79.2050	79.2050	79.3250	79.2550	79.2499
7 July 2022	79.1050	78.9050	79.2650	79.1850	79.0235
6 July 2022	79.2650	79.2450	79.3750	79.3050	79.3320
5 July 2022	79.0050	79.0050	79.3850	79.3750	79.0790
4 July 2022	78.9450	78.8750	79.0550	78.9550	78.9866
1 July 2022	78.9850	78.9750	79.1150	79.0550	79.0940
30 June 2022	78.8750	78.8750	78.9850	78.9750	78.9421
29 June 2022	78.8550	78.8550	78.9850	78.9750	78.9376
28 June 2022	78.5250	78.5250	78.8650	78.7750	78.6966
27 June 2022	78.2350	78.2350	78.3650	78.3450	78.2890
24 June 2022	78.2250	78.2050	78.3550	78.3550	78.3308
23 June 2022	78.2650	78.2250	78.3750	78.3050	78.2662
22 June 2022	78.1350	78.1350	78.3950	78.3950	78.2115
21 June 2022	78.0050	77.9750	78.0950	78.0750	78.0861
20 June 2022	77.9450	77.8850	78.0350	77.9850	77.9960
17 June 2022	78.0550	78.0350	78.0950	78.0750	78.0875
16 June 2022	78.0350	78.0150	78.1050	78.0750	78.0864
15 June 2022	78.0050	77.9950	78.1050	78.0750	78.0755
14 June 2022	78.0150	77.9650	78.0750	77.9950	78.0015
13 June 2022	78.1250	78.0050	78.2950	78.0450	78.1430
10 June 2022	77.7950	77.7950	77.8850	77.8350	77.8400
9 June 2022	77.7550	77.7450	77.8250	77.7750	77.7870
8 June 2022	77.6850	77.6450	77.7950	77.7350	77.7251
7 June 2022	77.7250	77.6950	77.7450	77.7150	77.7239
6 June 2022	77.6650	77.6250	77.6750	77.6350	77.6718
3 June 2022	77.4650	77.4650	77.6650	77.6250	77.5994
2 June 2022	77.6050	77.5550	77.6450	77.6150	77.5883
1 June 2022	77.5850	77.5150	77.6250	77.5250	77.5554
31 May 2022	77.6550	77.6250	77.7050	77.6450	77.6641
30 May 2022	77.5250	77.4750	77.5650	77.5450	77.5115
27 May 2022	77.6250	77.5750	77.6750	77.5750	77.6592
26 May 2022	77.5550	77.5350	77.6550	77.5850	77.6262
25 May 2022	77.5250	77.4450	77.5650	77.5350	77.5137
24 May 2022	77.5650	77.5250	77.6750	77.5850	77.6352
23 May 2022	77.7050	77.5150	77.7050	77.5250	77.5890
20 May 2022	77.5050	77.4950	77.6050	77.5550	77.5829
19 May 2022	77.7150	77.6450	77.7450	77.7350	77.6999
18 May 2022	77.5550	77.4750	77.6050	77.5850	77.5716
17 May 2022	77.6850	77.5450	77.8050	77.5650	77.6510
13 May 2022	77.3450	77.2650	77.4750	77.4450	77.3543
12 May 2022	77.5050	77.3550	77.6350	77.4250	77.5868
11 May 2022	77.2150	77.1550	77.3150	77.2450	77.2641
10 May 2022	77.2950	77.2050	77.4550	77.3350	77.3537
9 May 2022	77.1350	77.1350	77.5350	77.4750	77.3679
6 May 2022	76.6250	76.5650	76.9650	76.9250	76.7470
5 May 2022	76.1650	75.9750	76.3050	76.2650	76.0887
4 May 2022	76.4550	76.1850	76.5750	76.4150	76.4841
2 May 2022	76.4950	76.3550	76.5250	76.5250	76.4346
29 April 2022	76.6450	76.2950	76.6450	76.4350	76.4242
28 April 2022	76.6150	76.4450	76.7150	76.4850	76.6167
27 April 2022	76.6750	76.5050	76.7450	76.5350	76.6414
26 April 2022	76.4650	76.4350	76.6950	76.5850	76.5612
25 April 2022	76.6150	76.5550	76.7750	76.6950	76.7366
22 April 2022	76.2950	76.2050	76.4950	76.4850	76.3279
21 April 2022	76.2850	76.0950	76.3550	76.1550	76.2091
20 April 2022	76.4050	76.1750	76.5250	76.2150	76.4183
19 April 2022	76.3150	76.2550	76.5250	75.5150	76.2797
18 April 2022	76.4050	76.2050	76.4350	76.2650	76.3737
13 April 2022	76.1950	76.1450	76.2650	76.1850	76.2248
12 April 2022	76.0250	75.9750	76.1750	76.1350	76.1127
11 April 2022	75.9250	75.7950	76.0950	75.9550	75.9627
8 April 2022	75.9750	75.7150	76.0250	75.9050	75.7811
7 April 2022	75.9050	75.7850	75.9950	75.9650	75.8029
6 April 2022	75.5250	75.4950	75.7850	75.7650	75.6016
5 April 2022	75.5550	75.3150	75.5550	75.3250	75.3899
4 April 2022	75.7750	75.4350	75.7950	75.5450	75.5565
1 April 2022	-	-	-	-	75.8071
31 March 2022	75.7250	75.6650	75.8350	75.7950	75.8071
30 March 2022	75.6550	75.6550	75.9350	75.9150	75.7678
29 March 2022	75.9850	75.9050	76.1550	75.9850	75.9731
28 March 2022	76.3750	76.1550	76.3850	76.1650	76.2569
25 March 2022	76.1550	76.1350	76.2950	76.2050	76.1781
24 March 2022	76.3550	76.2450	76.4050	76.3750	76.3403
23 March 2022	75.9950	75.9950	76.3050	76.3050	76.1872
22 March 2022	76.4350	76.1050	76.4850	76.1850	76.3807
21 March 2022	76.0850	76.0350	76.1650	76.1250	76.1347
17 March 2022	75.9950	75.7750	76.0050	75.8050	75.8935
16 March 2022	76.3650	76.2350	76.4450	76.2750	76.3482
15 March 2022	76.3950	76.3250	76.6750	76.6150	76.4879
14 March 2022	76.6250	76.5250	76.6950	76.5650	76.6086
11 March 2022	76.3250	76.2850	76.7150	76.5950	76.4359
10 March 2022	76.2850	76.0850	76.3450	76.3150	76.1160
9 March 2022	76.8250	76.5650	76.8750	76.5650	76.8567
8 March 2022	76.9350	76.7150	76.9550	76.9150	76.8816
7 March 2022	76.9350	76.8050	76.9850	76.9650	76.9239
4 March 2022	76.0650	75.9850	76.2250	76.1650	76.1246
3 March 2022	75.7550	75.6050	75.9850	75.9150	75.7111
2 March 2022	75.7650	75.5650	75.8650	75.7050	75.7200
28 February 2022	75.7150	75.3050	75.7550	75.3450	75.4882
25 February 2022	75.3050	75.1850	75.4650	75.2950	75.2842
24 February 2022	75.1650	75.0250	75.6550	75.6550	75.2578
23 February 2022	74.6550	74.5450	74.7350	74.5650	74.6224
22 February 2022	74.7350	74.7050	74.9850	74.8850	74.8804
21 February 2022	74.5050	74.3550	74.5450	74.5150	74.4797
18 February 2022	75.0050	74.6050	75.0450	74.6650	74.9223
17 February 2022	75.1550	75.0250	75.1750	75.1150	75.0866
16 February 2022	75.2050	74.9650	75.2050	75.0750	75.0815
15 February 2022	75.6150	75.3250	75.7250	75.3350	75.6611
14 February 2022	75.5350	75.3650	75.6550	75.6150	75.5533
11 February 2022	75.3850	75.2750	75.4150	75.3850	75.3542
10 February 2022	74.8750	74.8750	75.1050	74.9550	74.9367
9 February 2022	74.6950	74.6950	74.8750	74.8150	74.8180
8 February 2022	74.6050	74.5750	74.7950	74.7550	74.6900
4 February 2022	74.7250	74.6850	74.7850	74.7050	74.7231
3 February 2022	74.8650	74.7550	74.9150	74.8650	74.8570
2 February 2022	74.7650	74.7150	75.0250	74.8450	74.8334
1 February 2022	74.4750	74.4250	74.8750	74.7950	74.5295
31 January 2022	74.9650	74.6150	75.0550	74.6150	74.9674
28 January 2022	75.1350	74.8850	75.1350	75.0450	74.9513
27 January 2022	75.1850	75.0750	75.3050	75.0750	75.1724
25 January 2022	74.5750	74.5750	74.8050	74.7850	74.7025
24 January 2022	74.4250	74.4250	74.6850	74.5650	74.5788
21 January 2022	74.4950	74.4150	74.5550	74.4250	74.5343
20 January 2022	74.4250	74.3050	74.5350	74.5050	74.3618
19 January 2022	74.6750	74.4150	74.7050	74.4350	74.5955
18 January 2022	74.3850	74.3750	74.5950	74.5750	74.4115
17 January 2022	74.1850	74.1650	74.3650	74.2450	74.3134
14 January 2022	74.0550	74.0550	74.2050	74.1550	74.1157
13 January 2022	73.8950	73.8550	73.9750	73.8850	73.9348
12 January 2022	73.7950	73.7850	74.0550	73.9150	73.9968
11 January 2022	73.9350	73.8350	74.0450	73.9150	73.9319
10 January 2022	74.1450	74.0250	74.2150	74.0450	74.1630
7 January 2022	74.3650	74.2450	74.3750	74.3150	74.2939
6 January 2022	74.4750	74.3350	74.5150	74.4950	74.4398
5 January 2022	74.5550	74.3050	74.5550	74.3650	74.4840
4 January 2022	74.5050	74.4650	74.6150	74.5550	74.5717
3 January 2022	74.3450	74.2550	74.4750	74.2550	74.3115
31 December 2021	74.3650	74.1050	74.3950	74.3350	74.3025
30 December 2021	74.5650	74.3850	74.6550	74.4150	74.5823
29 December 2021	74.6950	74.6850	74.8550	74.7450	74.7375
28 December 2021	74.9150	74.6150	74.9450	74.6550	74.8528
27 December 2021	75.1450	74.9650	75.1750	75.0050	75.1082
24 December 2021	75.1650	75.0050	75.2150	75.0250	75.1462
23 December 2021	75.4650	75.2250	75.4650	75.2450	75.3481
22 December 2021	75.5450	75.4850	75.6550	75.5550	75.5947
21 December 2021	75.7250	75.4150	75.7450	75.6050	75.5925
20 December 2021	76.1450	75.8350	76.1650	75.9150	75.9865
17 December 2021	76.2450	76.0650	76.2450	76.0950	76.1733
16 December 2021	76.2850	76.0650	76.3250	76.0950	76.2528
15 December 2021	76.0750	76.0250	76.2450	76.2350	76.0433
14 December 2021	75.9550	75.8450	75.9550	75.8750	75.8985
13 December 2021	75.6450	75.6350	75.7850	75.7750	75.7060
10 December 2021	75.6550	75.6250	75.8550	75.7750	75.7189
9 December 2021	75.4550	75.4550	75.5850	75.5250	75.4992
8 December 2021	75.3850	75.3750	75.5650	75.4550	75.4733
7 December 2021	75.3150	75.2650	75.4950	75.4450	75.3532
6 December 2021	75.2250	75.1850	75.4650	75.4250	75.2978
3 December 2021	74.9850	74.9550	75.1850	75.1650	74.9852
2 December 2021	75.0550	74.9050	75.0850	75.0050	74.9989
1 December 2021	74.9550	74.8050	75.0250	74.9150	74.9163
30 November 2021	74.9250	74.8650	75.1950	75.1650	75.0885
29 November 2021	74.8450	74.8250	75.1650	75.1050	75.0910
26 November 2021	74.5850	74.5750	74.9350	74.8750	74.7148
25 November 2021	74.5450	74.4850	74.5850	74.5150	74.5068
24 November 2021	74.5250	74.3150	74.5450	74.4050	74.4063
23 November 2021	74.4850	74.3850	74.5750	74.4250	74.5042
22 November 2021	74.3550	74.3250	74.5150	74.4050	74.3836
18 November 2021	74.1950	74.0250	74.2750	74.2450	74.1552
17 November 2021	74.5050	74.2450	74.5050	74.2750	74.3753
16 November 2021	74.5050	74.2950	74.5350	74.3750	74.4535
15 November 2021	74.3950	74.3250	74.4950	74.4850	74.3548
12 November 2021	74.3850	74.3750	74.5450	74.4450	74.4694
11 November 2021	74.4450	74.4450	74.5950	74.5250	74.4749
10 November 2021	74.1250	74.0650	74.4150	74.3950	74.1659
9 November 2021	73.9050	73.8550	74.0950	74.0450	73.9191
8 November 2021	74.2550	73.9850	74.2550	74.0250	74.1106
3 November 2021	74.6450	74.4550	74.6450	74.4650	74.5684
2 November 2021	74.8550	74.6550	74.8650	74.6850	74.7616
1 November 2021	75.0050	74.8450	75.0450	74.8750	74.9298
29 October 2021	74.8250	74.7550	74.9850	74.8850	74.7858
28 October 2021	74.9450	74.7750	74.9550	74.9250	74.8216
27 October 2021	74.9850	74.9050	75.0550	75.0350	74.9519
26 October 2021	75.0550	74.9550	75.1750	74.9650	75.1167
25 October 2021	74.9850	74.9650	75.1050	75.0850	75.0191
22 October 2021	74.8150	74.6950	74.9450	74.8950	74.7836
21 October 2021	74.8650	74.6950	74.8950	74.8750	74.7635
20 October 2021	75.1150	74.8350	75.1450	74.8750	75.0507
18 October 2021	75.2550	75.2450	75.3850	75.3450	75.3434
14 October 2021	75.2750	75.2150	75.3650	75.2650	75.3039
13 October 2021	75.3250	75.2050	75.5150	75.3750	75.4576
12 October 2021	75.4150	75.1650	75.6750	75.5150	75.3424
11 October 2021	75.1350	75.0650	75.4050	75.3650	75.1283
8 October 2021	75.0150	74.9150	75.1750	74.9950	74.9940
7 October 2021	74.8050	74.7050	74.9350	74.7850	74.8607
6 October 2021	74.6350	74.5450	74.9950	74.9850	74.6292
5 October 2021	74.6350	74.4250	74.6450	74.4550	74.5307
4 October 2021	74.1550	74.1350	74.4150	74.3150	74.2429
1 October 2021	74.3250	74.1150	74.3550	74.1250	74.2644
30 September 2021	74.2650	74.1850	74.3550	74.2350	74.2551
29 September 2021	74.1650	74.0950	74.2750	74.1550	74.1530
28 September 2021	73.8050	73.7350	74.1250	74.0450	73.7746
27 September 2021	73.6850	73.6150	73.8450	73.8450	73.6567
24 September 2021	73.7750	73.6150	73.7850	73.7050	73.6935
23 September 2021	73.7850	73.6150	73.8450	73.6450	73.7261
22 September 2021	73.7150	73.6650	73.9450	73.8750	73.8026
21 September 2021	73.5950	73.5850	73.6850	73.6150	73.5907
20 September 2021	73.8150	73.6250	73.8250	73.7450	73.6459
17 September 2021	73.4950	73.4250	73.5550	73.4850	73.4927
16 September 2021	73.5250	73.3550	73.5350	73.5250	73.4311
15 September 2021	73.6750	73.4950	73.7350	73.4950	73.6712
14 September 2021	73.6250	73.5750	73.7150	73.6850	73.6214
13 September 2021	73.6050	73.5850	73.7350	73.6750	73.6350
9 September 2021	73.7950	73.4950	73.8550	73.5050	73.6887
8 September 2021	73.4850	73.4850	73.6950	73.6050	73.6519
7 September 2021	73.1350	73.1250	73.4450	73.4250	73.2814
6 September 2021	73.0350	73.0250	73.1150	73.1150	73.0589
3 September 2021	73.0550	73.0150	73.1650	73.0250	73.0651
2 September 2021	73.0550	72.9650	73.1350	73.0650	72.9771
1 September 2021	73.0450	72.9250	73.1750	73.0950	72.9589
31 August 2021	73.2550	72.9950	73.2850	73.0050	73.1536
30 August 2021	73.4750	73.2150	73.5450	73.2650	73.5007
27 August 2021	74.1850	73.6850	74.1950	73.6850	74.1332
26 August 2021	74.2250	74.2050	74.2850	74.2250	74.2578
25 August 2021	74.2050	74.2050	74.3150	74.2550	74.2992
24 August 2021	74.1050	74.1050	74.2050	74.1950	74.1379
23 August 2021	74.2750	74.2150	74.3150	74.2150	74.2765
20 August 2021	74.3750	74.3750	74.4850	74.3950	74.4275
18 August 2021	74.3050	74.2450	74.3150	74.2450	74.3002
17 August 2021	74.2450	74.2250	74.3650	74.3550	74.2856
13 August 2021	74.2750	74.2450	74.3150	74.2550	74.2971
12 August 2021	74.2550	74.2450	74.3350	74.2650	74.2816
11 August 2021	74.4250	74.3750	74.4850	74.4350	74.4276
10 August 2021	74.4150	74.3450	74.4750	74.4350	74.3855
9 August 2021	74.2250	74.2150	74.2950	74.2650	74.2261
6 August 2021	74.1150	74.0950	74.2350	74.1650	74.1888
5 August 2021	74.1550	74.1450	74.2950	74.1750	74.2644
4 August 2021	74.1650	74.0850	74.2450	74.1950	74.1493
3 August 2021	74.3650	74.2250	74.3650	74.2850	74.2957
2 August 2021	74.3850	74.3250	74.4350	74.3450	74.4035
30 July 2021	74.3150	74.2750	74.4350	74.4250	74.3871
29 July 2021	74.3250	74.2350	74.3350	74.2950	74.2822
28 July 2021	74.4350	74.2850	74.4950	74.3850	74.4350
27 July 2021	74.3750	74.3550	74.5450	74.4550	74.4160
26 July 2021	74.4550	74.4150	74.5250	74.4250	74.4578
23 July 2021	74.5550	74.3850	74.5850	74.4050	74.4262
22 July 2021	74.4350	74.3350	74.5350	74.4650	74.3679
20 July 2021	74.9550	74.5550	74.9550	74.6250	74.8596
19 July 2021	74.7450	74.7350	74.9250	74.8750	74.7902
16 July 2021	74.5450	74.5150	74.6650	74.5650	74.6232
15 July 2021	74.4850	74.4750	74.5550	74.5450	74.5187
14 July 2021	74.5850	74.5350	74.6450	74.5850	74.5708
13 July 2021	74.4850	74.4150	74.5050	74.4950	74.4884
12 July 2021	74.4950	74.4150	74.5850	74.5750	74.4660
9 July 2021	74.6850	74.5650	74.6850	74.6450	74.6446
8 July 2021	74.8150	74.6550	74.8450	74.7150	74.6979
7 July 2021	74.6050	74.5750	74.7950	74.6250	74.7438
6 July 2021	74.2850	74.2450	74.6250	74.5450	74.3289
5 July 2021	74.5250	74.3050	74.5450	74.3050	74.3930
2 July 2021	74.7150	74.6650	74.8850	74.7450	74.7747
1 July 2021	74.3850	74.3450	74.6350	74.5650	74.3943
30 June 2021	74.2450	74.2350	74.4450	74.3350	74.3456
29 June 2021	74.2850	74.2050	74.2850	74.2250	74.2183
28 June 2021	74.2550	74.1850	74.2650	74.1950	74.2023
25 June 2021	74.1550	74.1450	74.2450	74.1950	74.1790
24 June 2021	74.2250	74.1550	74.2550	74.1650	74.2362
23 June 2021	74.2650	74.1750	74.3950	74.2850	74.3737
22 June 2021	74.1750	74.0650	74.4050	74.3750	74.1300
21 June 2021	74.2450	74.0850	74.2850	74.1050	74.1522
18 June 2021	74.1050	73.8250	74.2750	73.8650	74.1442
17 June 2021	73.6650	73.5750	74.0850	74.0850	73.7310
16 June 2021	73.2950	73.2650	73.3750	73.3250	73.3703
15 June 2021	73.2150	73.1650	73.3450	73.3150	73.2765
14 June 2021	73.2050	73.1050	73.2850	73.2750	73.1893
11 June 2021	72.9450	72.9250	73.0850	73.0750	72.9844
10 June 2021	72.9750	72.9450	73.1350	73.0550	72.9947
9 June 2021	72.9150	72.8950	73.0150	72.9950	72.9769
8 June 2021	72.7750	72.7650	72.9050	72.8950	72.8419
7 June 2021	72.8550	72.7450	72.8850	72.8050	72.8087
4 June 2021	73.0250	72.9650	73.1250	73.0050	73.0266
3 June 2021	73.1650	72.9050	73.1850	72.9150	73.1197
2 June 2021	73.0850	73.0250	73.3050	73.0950	73.2088
1 June 2021	72.5450	72.5450	72.9550	72.9050	72.7714
31 May 2021	72.3950	72.3450	72.6550	72.6150	72.5211
28 May 2021	72.4850	72.3250	72.5050	72.4450	72.4767
27 May 2021	72.7550	72.5450	72.7650	72.5950	72.6404
25 May 2021	72.8650	72.7450	72.8750	72.7750	72.8045
24 May 2021	72.8650	72.8650	72.9850	72.9650	72.8961
21 May 2021	72.9850	72.8350	73.0950	72.8350	73.0233
20 May 2021	73.1550	73.0950	73.1850	73.1050	73.1168
19 May 2021	73.0350	72.9250	73.1750	73.1650	72.9670
18 May 2021	73.1950	72.9550	73.2050	73.0550	73.0353
17 May 2021	73.2750	73.1650	73.2750	73.2150	73.2423
14 May 2021	73.4250	73.2150	73.4350	73.2950	73.3721
12 May 2021	73.5050	73.3950	73.5150	73.4250	73.4389
11 May 2021	73.4850	73.3150	73.5350	73.3450	73.4518
10 May 2021	73.3550	73.3450	73.4950	73.3550	73.4135
7 May 2021	73.6350	73.5150	73.7550	73.5150	73.7443
6 May 2021	73.8650	73.7650	74.0150	73.7650	73.9406
5 May 2021	73.8250	73.7850	74.0550	73.9150	73.9666
4 May 2021	73.8950	73.7650	73.9750	73.8550	73.8546
3 May 2021	74.2650	73.9050	74.3250	73.9250	74.1812
30 April 2021	74.0350	73.9550	74.1350	74.0650	74.0232
29 April 2021	74.2350	73.9650	74.2350	74.0450	74.0573
28 April 2021	74.5150	74.3050	74.5150	74.3650	74.4042
27 April 2021	74.6750	74.5150	74.7350	74.6550	74.5993
26 April 2021	74.8450	74.6750	74.8850	74.7250	74.7672
23 April 2021	75.0250	74.7550	75.0750	75.0150	74.9144
22 April 2021	75.3250	74.8250	75.3250	74.9550	74.9404
20 April 2021	74.6550	74.6450	74.9850	74.8850	74.7296
19 April 2021	74.7750	74.7750	75.0550	74.8850	74.8847
16 April 2021	74.7750	74.2850	74.7850	74.3550	74.5607
15 April 2021	75.1850	74.9050	75.3450	74.9250	75.1699
12 April 2021	74.9650	74.7550	75.1450	75.0650	74.8525
9 April 2021	74.7750	74.5350	74.9750	74.7450	74.8899
8 April 2021	74.3850	74.2250	74.9350	74.5850	74.3700
7 April 2021	73.5550	73.5250	74.5550	74.5550	74.1172
6 April 2021	73.2350	73.2050	73.4350	73.4350	73.3141
5 April 2021	73.4350	73.2850	73.4650	73.2950	73.4330
1 April 2021	-	-	-	-	73.5047
31 March 2021	73.5550	73.0650	73.5950	73.1150	73.5047
30 March 2021	72.8550	72.7750	73.4550	73.3850	73.0407
26 March 2021	72.5250	72.3850	72.5350	72.5150	72.4046
25 March 2021	72.6950	72.5850	72.6950	72.6250	72.6102
24 March 2021	72.5150	72.4950	72.6950	72.5650	72.6558
23 March 2021	72.3750	72.2750	72.4550	72.4250	72.2928
22 March 2021	72.4850	72.3350	72.4950	72.3750	72.3772
19 March 2021	72.5850	72.4750	72.5850	72.5150	72.5155
18 March 2021	72.4850	72.4350	72.6050	72.5350	72.5248
17 March 2021	72.5750	72.5150	72.6250	72.5450	72.5716
16 March 2021	72.4950	72.3650	72.6450	72.5550	72.4811
15 March 2021	72.7150	72.3950	72.7650	72.4750	72.7097
12 March 2021	72.6750	72.6350	72.8450	72.7850	72.6845
10 March 2021	72.9750	72.8850	73.0950	72.9150	72.9737
9 March 2021	73.1950	72.9250	73.2550	72.9350	73.1181
8 March 2021	73.1550	72.9250	73.2950	73.2550	73.0023
5 March 2021	72.9650	72.7450	73.0850	73.0150	72.7572
4 March 2021	73.0250	72.5950	73.0450	72.8350	72.7126
3 March 2021	73.2550	72.6850	73.2750	72.7250	73.0662
2 March 2021	73.3450	73.3250	73.4950	73.3650	73.3507
1 March 2021	73.7750	73.1850	73.7750	73.5450	73.2948
26 February 2021	73.0450	72.9650	73.5150	73.4750	73.0408
25 February 2021	72.3150	72.3150	72.5350	72.4250	72.4953
24 February 2021	72.3650	72.2650	72.4150	72.3250	72.2923
23 February 2021	72.3650	72.3050	72.4750	72.4650	72.3707
22 February 2021	72.5950	72.2850	72.5950	72.5150	72.3664
18 February 2021	72.7550	72.6550	72.7750	72.6550	72.7327
17 February 2021	72.9150	72.7250	72.9250	72.7450	72.8359
16 February 2021	72.6550	72.6350	72.7950	72.7050	72.7219
15 February 2021	72.6150	72.5750	72.6950	72.6850	72.5906
12 February 2021	72.8050	72.7350	72.8350	72.7550	72.7998
11 February 2021	72.8050	72.6650	72.9050	72.8550	72.7772
10 February 2021	72.8750	72.8150	72.8850	72.8550	72.8458
9 February 2021	72.8850	72.8450	72.9450	72.8950	72.8883
8 February 2021	72.8650	72.8250	72.9850	72.9650	72.8623
5 February 2021	72.9850	72.8050	72.9950	72.9250	72.8986
4 February 2021	72.9250	72.9050	72.9650	72.9550	72.9152
3 February 2021	72.9650	72.9250	72.9850	72.9650	72.9396
2 February 2021	73.0150	72.9250	73.0450	72.9650	72.9805
1 February 2021	72.8950	72.8450	73.1450	73.0250	73.0189
29 January 2021	73.0050	72.9350	73.0250	72.9550	72.9519
28 January 2021	73.1350	73.0450	73.1550	73.0450	73.0674
27 January 2021	72.9150	72.7850	72.9350	72.9250	72.8176
25 January 2021	72.9550	72.8950	72.9750	72.9450	72.9297
22 January 2021	73.0350	72.9750	73.0950	72.9850	73.0380
21 January 2021	72.9650	72.9350	73.0250	72.9950	72.9735
20 January 2021	73.1150	73.0350	73.1450	73.0350	73.1251
19 January 2021	73.1550	73.1450	73.3150	73.1750	73.1803
18 January 2021	73.2250	73.1950	73.3050	73.2850	73.2200
15 January 2021	73.0750	72.9850	73.1650	73.0750	73.0243
14 January 2021	73.1850	72.9450	73.1850	73.0450	73.1226
13 January 2021	73.1750	73.1150	73.2350	73.1550	73.1546
12 January 2021	73.4250	73.2450	73.4550	73.2650	73.3725
11 January 2021	73.4650	73.3850	73.5050	73.3850	73.4511
8 January 2021	73.3950	73.2450	73.4550	73.2450	73.3344
7 January 2021	73.1150	73.0950	73.3350	73.3350	73.1330
6 January 2021	73.1750	73.0550	73.1950	73.1050	73.1390
5 January 2021	73.1650	73.0850	73.2750	73.1850	73.1086
4 January 2021	72.9350	72.9150	73.0350	73.0250	73.0115
1 January 2021	73.0950	73.0350	73.1250	73.1250	73.0328
31 December 2020	73.1450	73.0150	73.1750	73.0750	73.0536
30 December 2020	73.3550	73.2650	73.3650	73.3150	73.2839
29 December 2020	73.4350	73.3550	73.4450	73.4350	73.3669
28 December 2020	73.5150	73.4650	73.6150	73.5150	73.5886
24 December 2020	73.6650	73.5250	73.6750	73.5450	73.5838
23 December 2020	73.8950	73.7350	73.9050	73.7750	73.8132
22 December 2020	73.9450	73.8350	73.9550	73.8450	73.8879
21 December 2020	73.7550	73.6450	73.8450	73.7850	73.6498
18 December 2020	73.5650	73.5050	73.5750	73.5650	73.5146
17 December 2020	73.5350	73.3850	73.6050	73.6050	73.4336
16 December 2020	73.4750	73.4750	73.6150	73.5750	73.5209
15 December 2020	73.6450	73.5950	73.6750	73.6450	73.6532
14 December 2020	73.6350	73.4850	73.6350	73.5850	73.5417
11 December 2020	73.6550	73.5650	73.7050	73.6550	73.5914
10 December 2020	73.6950	73.6350	73.7850	73.6650	73.6684
9 December 2020	73.5850	73.5150	73.6150	73.5650	73.5882
8 December 2020	73.8350	73.5250	73.8350	73.5250	73.7613
7 December 2020	73.8050	73.7050	73.9650	73.9050	73.7657
4 December 2020	73.8150	73.7150	73.8150	73.8050	73.7413
3 December 2020	73.8050	73.6950	73.9650	73.9050	73.8938
2 December 2020	73.4650	73.4350	73.8350	73.8050	73.6501
1 December 2020	73.9650	73.4450	73.9650	73.6850	73.5083
27 November 2020	73.8050	73.7650	74.0850	74.0550	73.7983
26 November 2020	73.8350	73.7650	73.8950	73.8950	73.8262
25 November 2020	73.9850	73.8750	74.0150	73.9150	73.9762
24 November 2020	74.1050	73.8750	74.1050	74.0150	73.9752
23 November 2020	74.1350	74.0450	74.2250	74.1050	74.1409
20 November 2020	74.1350	74.0950	74.2150	74.1650	74.1598
19 November 2020	74.2950	74.2250	74.3350	74.2750	74.2555
18 November 2020	74.4950	74.0950	74.5250	74.1950	74.3629
17 November 2020	74.4450	74.3750	74.6350	74.4650	74.5087
13 November 2020	74.6150	74.4650	74.7050	74.6050	74.6713
12 November 2020	74.4550	74.3850	74.7550	74.6550	74.4500
11 November 2020	74.2350	74.1950	74.4250	74.3850	74.2529
10 November 2020	74.0550	74.0250	74.3250	74.1850	74.2116
9 November 2020	73.9550	73.8250	74.1850	74.1750	73.9258
6 November 2020	73.9950	73.8850	74.2350	74.2050	74.0535
5 November 2020	74.3450	74.2550	74.4250	74.3950	74.2677
4 November 2020	74.7850	74.5750	74.8750	74.7450	74.6915
3 November 2020	74.3350	74.2550	74.4150	74.4150	74.3260
2 November 2020	74.4150	74.2750	74.4550	74.4350	74.3220
29 October 2020	74.0350	73.9450	74.1650	74.1050	73.9732
28 October 2020	73.7050	73.6550	73.9450	73.8750	73.7650
27 October 2020	73.9450	73.7150	73.9450	73.7150	73.7487
26 October 2020	73.7850	73.6950	73.8850	73.8550	73.7331
23 October 2020	73.6450	73.4750	73.6650	73.6250	73.5780
22 October 2020	73.7650	73.5350	73.7850	73.5350	73.6557
21 October 2020	73.4150	73.3750	73.6450	73.5850	73.4546
20 October 2020	73.3750	73.2950	73.5350	73.4650	73.3337
19 October 2020	73.3850	73.3550	73.4250	73.3750	73.4189
16 October 2020	73.4250	73.2750	73.4250	73.3450	73.3830
15 October 2020	73.3250	73.2250	73.4250	73.3850	73.2677
14 October 2020	73.3950	73.2950	73.4650	73.3050	73.4558
13 October 2020	73.4050	73.3250	73.4250	73.3650	73.3790
12 October 2020	73.1050	73.0550	73.3150	73.2750	73.1351
9 October 2020	73.1850	73.0250	73.2650	73.1450	73.2103
8 October 2020	73.3050	73.2150	73.3550	73.2450	73.2943
7 October 2020	73.5150	73.2950	73.5650	73.3450	73.3603
6 October 2020	73.1650	73.1550	73.5250	73.4550	73.3684
5 October 2020	73.1750	73.0650	73.4250	73.2950	73.2640
1 October 2020	73.5950	73.0550	73.6150	73.1550	73.3834
30 September 2020	73.8150	73.7050	73.8650	73.7750	73.7978
29 September 2020	73.7850	73.7650	73.9150	73.8550	73.8521
25 September 2020	73.7550	73.5850	73.7750	73.6150	73.7297
24 September 2020	73.8250	73.7650	73.9650	73.9150	73.9246
23 September 2020	73.5850	73.5050	73.6450	73.5750	73.6273
22 September 2020	73.4950	73.3950	73.6550	73.5850	73.4951
21 September 2020	73.4350	73.2650	73.4350	73.3850	73.3164
18 September 2020	73.4750	73.1750	73.5550	73.4550	73.2970
17 September 2020	73.7450	73.6450	73.7850	73.6550	73.7021
16 September 2020	73.6950	73.4750	73.7850	73.5250	73.7451
15 September 2020	73.3750	73.3150	73.7350	73.6550	73.4169
14 September 2020	73.3950	73.2650	73.6150	73.4850	73.3830
11 September 2020	73.4850	73.4050	73.6250	73.5450	73.4737
10 September 2020	73.4450	73.1550	73.5050	73.4650	73.3541
9 September 2020	73.6750	73.4750	73.8250	73.5350	73.6728
8 September 2020	73.6250	73.3950	73.6450	73.6050	73.4272
7 September 2020	73.1550	73.0350	73.4450	73.3450	73.2831
4 September 2020	73.3750	73.0250	73.4750	73.1450	73.3380
3 September 2020	73.2150	73.2150	73.4950	73.4750	73.3560
2 September 2020	73.0550	72.9050	73.1350	73.0350	73.0126
1 September 2020	73.2350	72.7550	73.2350	72.8650	72.8204
31 August 2020	73.2450	73.2450	73.6950	73.6150	73.5951
28 August 2020	73.8450	73.2850	73.8750	73.4050	73.3528
27 August 2020	74.2950	73.8150	74.3650	73.8150	74.3263
26 August 2020	74.3150	74.2450	74.4550	74.3050	74.3541
25 August 2020	74.1750	74.1750	74.5150	74.3250	74.3952
24 August 2020	74.9050	74.2850	74.9150	74.3150	74.8282
21 August 2020	74.9750	74.8450	74.9750	74.8450	74.8755
20 August 2020	74.9850	74.9350	75.0450	75.0350	75.0062
19 August 2020	74.6950	74.6850	74.9450	74.8250	74.7608
18 August 2020	74.7750	74.7350	74.9150	74.7650	74.8190
17 August 2020	74.8750	74.7950	74.9150	74.8950	74.8464
14 August 2020	74.8450	74.7450	74.9450	74.9050	74.7721
13 August 2020	74.8250	74.7950	74.9450	74.8450	74.8369
12 August 2020	74.7750	74.7750	74.9450	74.8350	74.8286
7 August 2020	75.0550	74.9250	75.0550	74.9350	74.9556
6 August 2020	74.8150	74.7850	74.9650	74.9350	74.8591
5 August 2020	74.9350	74.8350	74.9450	74.9450	74.9086
4 August 2020	75.1550	74.9950	75.1750	75.0550	75.0894
3 August 2020	74.8950	74.8850	75.0350	75.0150	74.9789
31 July 2020	74.7450	74.6850	74.9050	74.8150	74.7722
30 July 2020	74.8450	74.8050	74.8750	74.8450	74.8412
29 July 2020	74.8350	74.7450	74.9050	74.7950	74.7667
28 July 2020	74.8650	74.7150	74.9050	74.8350	74.7458
27 July 2020	74.7150	74.6750	74.9050	74.8350	74.7620
24 July 2020	74.9350	74.8050	74.9850	74.8250	74.8672
23 July 2020	74.6450	74.6050	74.8750	74.7650	74.7548
22 July 2020	74.5850	74.5850	74.8650	74.7650	74.6848
21 July 2020	74.7950	74.7450	74.8750	74.7450	74.7678
20 July 2020	74.9350	74.9050	75.0350	74.9050	74.9666
17 July 2020	75.2350	74.9750	75.2550	75.0250	75.1015
16 July 2020	75.2350	75.1550	75.2950	75.1950	75.2420
15 July 2020	75.3450	75.1450	75.3650	75.1550	75.3123
14 July 2020	75.3450	75.2950	75.4950	75.4250	75.3935
13 July 2020	75.1550	75.0850	75.2150	75.1950	75.1567
10 July 2020	75.1550	75.1550	75.3250	75.2150	75.2865
9 July 2020	74.9450	74.9050	75.0750	74.9950	75.0031
8 July 2020	74.8550	74.8550	75.0550	75.0250	75.0270
7 July 2020	74.7050	74.6950	74.9750	74.9450	74.8609
6 July 2020	74.5150	74.5150	74.8350	74.6750	74.6822
3 July 2020	74.5950	74.5850	75.0350	74.6350	74.7843
2 July 2020	75.4950	74.9950	75.5350	75.0350	75.4876
1 July 2020	75.5150	75.4850	75.6050	75.5950	75.5813
30 June 2020	75.4850	75.4550	75.5750	75.5050	75.5270
29 June 2020	75.6250	75.5350	75.6550	75.5850	75.5680
26 June 2020	75.5150	75.4450	75.6550	75.6550	75.4757
25 June 2020	75.7550	75.5750	75.7850	75.6650	75.6349
24 June 2020	75.6050	75.5950	75.7650	75.7250	75.7087
23 June 2020	75.8650	75.6550	75.8950	75.6550	75.7549
22 June 2020	76.1850	75.9950	76.1850	76.0250	76.0620
19 June 2020	76.2850	76.1750	76.2950	76.1950	76.2144
18 June 2020	76.1550	76.0850	76.1950	76.1450	76.1509
17 June 2020	76.2050	76.1150	76.2650	76.1550	76.2032
16 June 2020	75.8750	75.7850	76.2950	76.2050	75.8410
15 June 2020	75.9550	75.9350	76.1550	76.0350	76.1056
12 June 2020	76.1050	75.8350	76.1150	75.8450	75.9730
11 June 2020	75.8050	75.7350	75.8850	75.7850	75.7907
10 June 2020	75.5050	75.4250	75.6050	75.5950	75.4688
9 June 2020	75.5250	75.4350	75.6150	75.6150	75.4931
8 June 2020	75.5950	75.5250	75.6450	75.5450	75.6307
5 June 2020	75.3850	75.3850	75.5850	75.5850	75.4665
4 June 2020	75.6150	75.3850	75.6150	75.5850	75.5290
3 June 2020	-	-	-	-	75.3260
2 June 2020	75.5650	75.3650	75.6150	75.3650	75.5871
1 June 2020	75.3550	75.2950	75.6150	75.5450	75.4792
29 May 2020	75.7150	75.4850	75.7250	75.6250	75.6369
28 May 2020	75.9050	75.7050	75.9050	75.7450	75.7501
27 May 2020	75.6750	75.5750	75.7450	75.7250	75.6476
26 May 2020	75.6850	75.6250	75.7450	75.6650	75.6404
22 May 2020	75.7250	75.7150	75.9650	75.9550	75.7868
21 May 2020	75.6950	75.6150	75.8250	75.6150	75.7785
20 May 2020	75.5650	75.5650	75.8650	75.7950	75.6712
19 May 2020	75.7850	75.6350	75.7950	75.6450	75.6638
18 May 2020	75.8450	75.8350	75.9750	75.9150	75.9345
15 May 2020	75.4750	75.4550	75.5950	75.5650	75.5634
14 May 2020	75.5850	75.3750	75.6050	75.5650	75.4440
13 May 2020	75.2950	75.2750	75.4950	75.4750	75.3885
12 May 2020	75.8850	75.4950	75.9550	75.5050	75.7944
11 May 2020	75.5950	75.5550	75.7750	75.2450	75.6838
8 May 2020	75.4250	75.2750	75.6050	75.5450	75.4411
6 May 2020	75.7350	75.6650	75.8150	75.7650	75.6911
5 May 2020	75.6150	75.5050	75.7450	75.6350	75.5715
4 May 2020	75.7350	75.6550	75.8150	75.7150	75.7902
30 April 2020	75.1550	74.9250	75.2150	75.1150	75.1150
29 April 2020	75.9750	75.6050	75.9950	75.6950	75.6961
28 April 2020	76.3050	76.1250	76.4450	76.1950	76.3710
27 April 2020	76.1750	76.0550	76.3550	76.2550	76.1269
24 April 2020	76.3050	76.1750	76.4950	76.4550	76.4173
23 April 2020	76.3050	75.9950	76.3550	76.0750	76.0635
22 April 2020	76.8750	76.6350	76.9150	76.6750	76.8084
21 April 2020	76.7450	76.6150	76.8450	76.8450	76.6516
20 April 2020	76.4550	76.3950	76.6850	76.5450	76.6335
17 April 2020	76.5650	76.3550	76.6250	76.3950	76.5444
16 April 2020	76.7450	76.6950	76.8850	76.8650	76.7408
15 April 2020	75.9650	75.9650	76.4950	76.4550	76.2743
13 April 2020	76.2850	76.2650	76.4550	76.2750	76.3617
9 April 2020	77.5950	76.0950	76.5550	76.2950	76.4577
8 April 2020	75.8050	75.8050	76.3750	76.3750	76.0867
7 April 2020	75.8850	75.5850	75.9350	75.6350	75.8438
3 April 2020	75.9650	75.7650	76.1750	76.1750	75.8276
1 April 2020	-	-	-	-	75.3859
31 March 2020	75.5250	75.2850	75.6950	75.6650	75.3859
30 March 2020	75.2150	75.0850	75.6350	75.6150	75.3451
27 March 2020	74.6950	74.3550	75.3950	74.8550	74.8434
26 March 2020	75.8650	75.0850	75.9650	75.1550	75.2392
24 March 2020	76.1150	75.8250	76.2350	75.9050	76.1522
23 March 2020	75.7450	75.7450	76.2950	76.2250	75.8814
20 March 2020	74.7750	74.7250	75.3450	75.2450	75.0063
19 March 2020	74.9550	74.7550	75.3450	74.9950	75.0583
18 March 2020	73.9650	73.9350	74.4250	74.2650	74.1727
17 March 2020	74.1550	73.8650	74.3150	74.2550	74.0309
16 March 2020	74.0650	74.0650	74.3650	74.2750	74.2723
13 March 2020	74.3950	73.8150	74.5050	73.9150	74.0694
12 March 2020	74.2750	74.0850	74.3450	74.2250	74.1694
11 March 2020	73.8150	73.5550	74.0150	73.6350	73.8128
9 March 2020	74.0150	73.8650	74.1850	74.0850	73.9538
6 March 2020	73.9450	73.5250	74.0850	73.7950	73.6629
5 March 2020	73.3750	73.0550	73.5650	73.3150	73.2824
4 March 2020	73.0850	72.9050	73.6350	73.2250	73.5603
3 March 2020	72.4750	72.4350	73.3450	73.2950	72.8733
2 March 2020	72.0850	72.0450	72.7350	72.7350	72.2420
28 February 2020	71.9350	71.8150	72.2750	72.1850	72.1895
27 February 2020	71.6550	71.5550	71.6950	71.5550	71.6124
26 February 2020	71.7450	71.5950	71.7950	71.6650	71.7291
25 February 2020	71.8350	71.7950	71.9050	71.8850	71.8598
24 February 2020	71.9050	71.7750	72.0050	71.9950	71.8522
20 February 2020	71.7850	71.5450	71.8050	71.6550	71.5899
18 February 2020	71.4250	71.3750	71.5550	71.5550	71.4013
17 February 2020	71.4350	71.2550	71.4850	71.2950	71.4259
14 February 2020	71.3050	71.2950	71.4250	71.3650	71.3865
13 February 2020	71.3750	71.3150	71.4950	71.3250	71.4699
12 February 2020	71.2350	71.2150	71.3750	71.3350	71.2580
11 February 2020	71.2450	71.1950	71.3250	71.2850	71.2291
10 February 2020	71.3450	71.2850	71.4350	71.2950	71.3046
7 February 2020	71.2650	71.2050	71.4950	71.4050	71.2476
6 February 2020	71.2450	71.1150	71.2950	71.1950	71.2558
5 February 2020	71.2150	71.1750	71.2950	71.2150	71.2664
4 February 2020	71.2450	71.0950	71.2950	71.2750	71.1350
3 February 2020	71.6550	71.3250	71.6550	71.3350	71.5803
31 January 2020	71.4450	71.2950	71.5250	71.3450	71.5096
30 January 2020	71.4150	71.3950	71.6050	71.4850	71.4772
29 January 2020	71.2250	71.1750	71.2950	71.2550	71.1875
28 January 2020	71.3750	71.2750	71.4050	71.3350	71.3263
27 January 2020	71.5150	71.3950	71.5150	71.4450	71.3948
24 January 2020	71.3350	71.2350	71.3450	71.3350	71.2404
23 January 2020	71.2150	71.1750	71.3450	71.2750	71.2437
22 January 2020	71.1350	71.1350	71.2450	71.2050	71.2056
21 January 2020	71.1850	71.1350	71.2450	71.2050	71.1825
20 January 2020	71.1050	71.0450	71.1450	71.1050	71.0570
17 January 2020	70.9950	70.9450	71.1150	71.0850	71.0436
16 January 2020	70.7950	70.7650	70.9850	70.9250	70.9065
15 January 2020	70.9950	70.8150	71.0250	70.8150	70.8753
14 January 2020	70.7350	70.7350	70.9750	70.8850	70.9242
13 January 2020	70.7950	70.7650	70.9350	70.8650	70.8115
10 January 2020	-	-	-	-	71.1136
9 January 2020	71.4250	71.1850	71.5350	71.2150	71.4221
8 January 2020	72.0250	71.6950	72.0850	71.6950	72.0178
7 January 2020	71.7650	71.6850	71.8750	71.8350	71.7764
6 January 2020	72.0150	71.9250	72.1250	71.9350	72.0919
3 January 2020	71.5550	71.5250	71.8150	71.8050	71.6949
2 January 2020	71.2450	71.2350	71.3850	71.3750	71.3429
1 January 2020	71.3650	71.2250	71.3750	71.2250	71.3717
31 December 2019	71.2650	71.2450	71.3850	71.3850	71.2740
30 December 2019	71.3650	71.3050	71.3950	71.3150	71.3449
27 December 2019	71.3050	71.1950	71.3950	71.3650	71.2214
26 December 2019	71.2650	71.2350	71.3550	71.3150	71.2699
24 December 2019	71.2150	71.1550	71.2950	71.2750	71.1959
23 December 2019	71.1350	71.1250	71.2450	71.1850	71.1699
20 December 2019	71.1450	71.0450	71.2350	71.1250	71.1569
19 December 2019	70.9950	70.8850	71.1850	71.0350	71.0813
18 December 2019	71.0350	70.9750	71.1250	70.9750	71.0611
17 December 2019	70.9550	70.8550	71.0250	70.9750	70.9687
16 December 2019	70.7550	70.7550	71.0450	70.9950	70.9410
13 December 2019	70.5450	70.5150	70.8950	70.8150	70.7178
12 December 2019	70.6950	70.5550	70.8750	70.8350	70.7494
11 December 2019	70.8950	70.7550	70.9350	70.8450	70.8679
10 December 2019	70.9650	70.8550	71.0450	70.9250	70.8962
9 December 2019	71.2950	71.0250	71.2950	71.0450	71.1620
6 December 2019	71.2550	71.1950	71.4350	71.1950	71.3165
5 December 2019	71.4850	71.2850	71.6650	71.2850	71.5476
4 December 2019	71.8050	71.5250	71.8150	71.5350	71.7800
3 December 2019	71.7050	71.5350	71.7950	71.6750	71.6006
2 December 2019	71.7850	71.6250	71.8150	71.6550	71.7217
29 November 2019	71.6150	71.6150	71.8750	71.7450	71.7255
28 November 2019	71.3250	71.3150	71.6750	71.6150	71.5147
27 November 2019	71.4450	71.3050	71.4850	71.3550	71.3627
26 November 2019	71.6850	71.4850	71.6850	71.4850	71.5909
25 November 2019	71.7050	71.6150	71.7350	71.7350	71.6468
22 November 2019	71.7550	71.7050	71.8650	71.7150	71.8514
21 November 2019	71.8250	71.7350	71.8950	71.7650	71.7996
20 November 2019	71.8350	71.6650	71.9150	71.8150	71.6756
19 November 2019	71.9150	71.6850	72.0050	71.7150	71.8138
18 November 2019	71.6800	71.5950	71.8550	71.8450	71.7131
15 November 2019	71.7950	71.6850	71.8650	71.7850	71.7109
14 November 2019	72.0750	71.8550	72.2450	71.9750	72.0501
13 November 2019	71.7550	71.6650	72.0950	72.0950	71.7002
11 November 2019	71.3350	71.3150	71.5450	71.4650	71.4450
8 November 2019	71.2950	71.1650	71.3350	71.2950	71.2494
7 November 2019	71.0450	70.8950	71.1150	70.9750	71.0079
6 November 2019	70.7950	70.7750	71.0150	70.9850	70.8861
5 November 2019	70.8450	70.6550	70.8450	70.6950	70.7283
4 November 2019	70.5550	70.5350	70.8050	70.7750	70.6821
1 November 2019	70.9850	70.8150	70.9950	70.8150	70.8095
31 October 2019	70.7750	70.7250	71.0450	70.9250	70.9915
30 October 2019	70.8950	70.8650	71.0250	70.8850	70.7303
29 October 2019	70.7450	70.6950	70.9150	70.8450	70.9523
25 October 2019	71.0450	70.8750	71.0750	70.8850	70.9593
24 October 2019	70.7950	70.7650	71.0850	71.0150	70.9338
23 October 2019	70.9950	70.8950	71.0250	70.9150	70.9373
22 October 2019	70.9050	70.8550	71.0050	70.9350	70.8731
18 October 2019	71.1850	71.0550	71.3150	71.1450	71.1988
17 October 2019	71.3850	71.1450	71.4750	71.1650	71.4087
16 October 2019	71.5850	71.3650	71.7150	71.4450	71.5051
15 October 2019	71.2450	71.2250	71.5650	71.5450	71.3186
14 October 2019	70.8850	70.7550	71.2350	71.2350	71.0188
11 October 2019	70.8350	70.8050	71.0850	71.0250	71.0272
10 October 2019	70.9550	70.9350	71.1450	71.0750	71.0516
9 October 2019	71.1850	70.9450	71.2250	71.0750	71.1121
7 October 2019	70.9650	70.9350	71.0950	71.0250	70.9763
4 October 2019	70.8550	70.7750	71.0350	70.8950	70.8703
3 October 2019	71.2250	70.8650	71.3550	70.8850	71.1163
1 October 2019	70.7350	70.7350	71.1650	71.0850	70.9109
30 September 2019	70.4250	70.3650	70.8850	70.8750	70.6850
27 September 2019	70.9650	70.5250	70.9650	70.5650	70.8381
26 September 2019	71.0250	70.8650	71.0250	70.8850	70.9021
25 September 2019	71.0750	70.9950	71.1350	71.0350	71.0395
24 September 2019	70.7950	70.7250	71.0450	71.0150	70.8477
23 September 2019	71.0350	70.8750	71.0350	70.9350	70.9212
20 September 2019	71.1950	70.6850	71.1950	70.9450	70.9370
19 September 2019	71.3550	71.0650	71.3750	71.3250	71.1382
18 September 2019	71.4950	71.1750	71.5450	71.2350	71.3132
17 September 2019	71.8150	71.7350	71.9750	71.7850	71.8196
16 September 2019	71.6250	71.4150	71.6950	71.5950	71.5362
13 September 2019	70.9650	70.8650	71.1550	70.9250	70.9387
12 September 2019	71.4250	71.1050	71.4550	71.1350	71.3175
11 September 2019	71.8450	71.6050	71.8550	71.6550	71.6637
9 September 2019	71.6950	71.5050	71.7350	71.7050	71.5886
6 September 2019	71.8550	71.6050	71.8850	71.7250	71.7323
5 September 2019	71.8650	71.8050	71.9950	71.8450	71.8611
4 September 2019	72.1950	71.9550	72.2950	72.1250	72.0700
3 September 2019	71.9650	71.9650	72.4050	72.4050	72.1899
30 August 2019	71.7750	71.3750	71.8150	71.4050	71.7586
29 August 2019	71.9050	71.7050	72.0850	71.8050	71.9971
28 August 2019	71.5250	71.4650	71.8750	71.7750	71.7041
27 August 2019	71.7050	71.4550	71.8650	71.4850	71.8206
26 August 2019	71.9850	71.8650	72.2550	72.0250	72.1814
23 August 2019	71.9250	71.5850	72.0450	71.6650	71.7267
22 August 2019	71.5650	71.5650	71.9750	71.8150	71.7033
21 August 2019	71.4550	71.3650	71.6150	71.5650	71.5508
20 August 2019	71.5150	71.5150	71.8050	71.7050	71.6483
19 August 2019	71.1650	71.0550	71.4750	71.4350	71.3419
16 August 2019	71.3650	71.0550	71.4650	71.1550	71.2872
14 August 2019	70.9950	70.8550	71.3550	71.2750	71.0968
13 August 2019	71.1950	71.0250	71.4050	71.4050	71.2365
9 August 2019	70.5450	70.4450	70.8150	70.8050	70.5185
8 August 2019	70.8050	70.5550	70.9550	70.6950	70.8497
7 August 2019	70.9650	70.6250	70.9950	70.8950	70.9553
6 August 2019	70.8050	70.4650	70.8950	70.8150	70.7226
5 August 2019	70.1550	70.1150	70.7450	70.7450	70.3584
2 August 2019	69.2450	69.2050	69.6650	69.5950	69.3981
1 August 2019	69.1950	69.0150	69.1950	69.0550	69.0580
31 July 2019	68.8950	68.7750	68.9450	68.7950	68.8569
30 July 2019	68.7550	68.6650	68.9150	68.8650	68.7500
29 July 2019	68.9450	68.7350	68.9650	68.7350	68.9023
26 July 2019	69.1250	68.8950	69.1350	68.9050	69.0611
25 July 2019	68.9850	68.9350	69.0750	69.0450	68.9904
24 July 2019	69.0850	68.9750	69.0950	68.9850	69.0135
23 July 2019	68.9950	68.9150	69.0450	68.9450	68.9922
22 July 2019	68.8950	68.8950	69.0650	68.9150	69.0199
19 July 2019	68.7550	68.7450	68.9450	68.8050	68.8249
18 July 2019	68.7550	68.7350	69.0050	68.9650	68.8758
17 July 2019	68.7050	68.6950	68.8950	68.8350	68.8051
16 July 2019	68.5650	68.5250	68.7550	68.7150	68.5672
15 July 2019	68.5450	68.5150	68.6050	68.5450	68.5836
12 July 2019	68.4450	68.4450	68.6950	68.6850	68.5855
11 July 2019	68.3050	68.2950	68.5350	68.4450	68.3665
10 July 2019	68.6150	68.4950	68.6750	68.5750	68.5269
9 July 2019	68.6250	68.5450	68.8450	68.5450	68.7301
8 July 2019	68.5750	68.5350	68.7650	68.6650	68.6982
5 July 2019	68.5550	68.3950	68.7850	68.4250	68.7499
4 July 2019	68.8250	68.4850	68.8950	68.5050	68.8545
3 July 2019	68.8450	68.7950	68.9650	68.9150	68.8776
2 July 2019	68.9750	68.9350	69.0650	68.9350	68.9924
1 July 2019	68.8950	68.8350	69.0850	68.9550	68.9665
28 June 2019	69.0150	68.8850	69.1150	69.0250	68.9180
27 June 2019	69.2550	69.0650	69.3250	69.0650	69.2216
26 June 2019	69.3950	69.1050	69.4950	69.1550	69.3192
25 June 2019	69.3150	69.2350	69.4050	69.3550	69.3398
24 June 2019	69.6050	69.3450	69.6350	69.3550	69.4788
21 June 2019	69.7550	69.5250	69.7550	69.5950	69.6343
20 June 2019	69.4750	69.4250	69.6650	69.4450	69.5645
19 June 2019	69.5550	69.5050	69.7950	69.6850	69.6677
18 June 2019	69.8250	69.6350	69.8750	69.7050	69.8010
17 June 2019	69.8050	69.7550	69.9450	69.9050	69.8362
14 June 2019	69.5150	69.5150	69.8450	69.8050	69.5646
13 June 2019	69.3550	69.3150	69.5750	69.5150	69.3579
12 June 2019	69.4450	69.2950	69.4450	69.3450	69.4048
11 June 2019	69.4550	69.3550	69.5050	69.4450	69.4222
10 June 2019	69.4550	69.3950	69.6750	69.6550	69.4598
7 June 2019	69.1950	69.1950	69.5350	69.4750	69.3019
6 June 2019	69.4050	69.1950	69.4550	69.2750	69.3205
5 June 2019	-	-	-	-	-
4 June 2019	69.1450	69.0450	69.3450	69.2650	69.2918
3 June 2019	69.5050	69.1950	69.5050	69.2650	69.4338
30 May 2019	69.7150	69.7150	69.9350	69.8750	69.7852
29 May 2019	69.7550	69.7350	69.9950	69.8350	69.8805
28 May 2019	69.6550	69.6050	69.7350	69.6950	69.6142
27 May 2019	69.4150	69.3550	69.6150	69.5050	69.4327
24 May 2019	69.7450	69.5050	69.8050	69.5350	69.6096
23 May 2019	69.4550	69.3850	70.0850	70.0150	69.6732
22 May 2019	69.6750	69.6250	69.8050	69.6650	69.7655
21 May 2019	69.7350	69.6650	69.8050	69.7150	69.7291
20 May 2019	69.4950	69.3650	69.7550	69.7450	69.5466
17 May 2019	70.2650	70.0850	70.2650	70.2250	70.1666
16 May 2019	70.2750	69.9950	70.3250	70.0350	70.2469
15 May 2019	70.3450	70.1850	70.3950	70.3450	70.2087
14 May 2019	70.4550	70.3050	70.5250	70.4350	70.4208
13 May 2019	70.1450	70.0950	70.5350	70.5350	70.2576
10 May 2019	70.0550	69.7750	70.0750	69.9150	69.9212
9 May 2019	69.8950	69.8250	70.0350	69.9450	69.8685
8 May 2019	69.5550	69.4750	69.7350	69.7150	69.6009
7 May 2019	69.3750	69.2950	69.4650	69.4350	69.3095
6 May 2019	69.3050	69.3050	69.4750	69.4150	69.3558
3 May 2019	69.3950	69.2150	69.4150	69.2250	69.2679
2 May 2019	69.6150	69.3550	69.6250	69.3650	69.5419
1 May 2019	-	-	-	-	-
26 April 2019	70.1350	69.9750	70.2150	70.0150	70.1445
25 April 2019	69.9950	69.9250	70.2750	70.2550	69.9418
24 April 2019	69.8250	69.7550	69.9750	69.8750	69.9045
23 April 2019	69.6250	69.5350	69.8450	69.6250	69.7474
22 April 2019	69.7550	69.5050	69.8750	69.6750	69.7423
18 April 2019	69.4650	69.3350	69.6150	69.3650	69.4189
17 April 2019	-	-	-	-	-
16 April 2019	69.5050	69.4750	69.6950	69.6050	69.5770
15 April 2019	69.0750	69.0250	69.4650	69.4350	69.2293
12 April 2019	69.0450	69.0250	69.3750	69.1550	69.3240
11 April 2019	69.2150	68.8450	69.2150	68.9250	68.9742
10 April 2019	69.2850	69.0950	69.3550	69.1150	69.1482
9 April 2019	69.5950	69.2550	69.7250	69.2950	69.5397
8 April 2019	69.3350	69.3350	69.7150	69.6750	69.5142
5 April 2019	69.0750	69.0550	69.3450	69.2250	69.1965
4 April 2019	68.5350	68.5250	69.1950	69.1650	68.8446
3 April 2019	68.7250	68.3850	68.8350	68.4250	68.4896
2 April 2019	69.2750	68.7050	69.3650	68.7550	69.1198
1 April 2019	-	-	-	-	-
28 March 2019	69.1050	68.9350	69.3550	69.3450	69.0038
27 March 2019	68.9950	68.7550	69.0250	68.8750	68.9030
26 March 2019	68.8950	68.7750	68.9850	68.8650	68.8469
25 March 2019	69.0650	68.7950	69.1750	68.9350	68.9903
22 March 2019	68.6450	68.5350	69.0950	68.9550	68.6607
20 March 2019	69.0550	68.7150	69.1850	68.8250	68.8604
19 March 2019	68.5450	68.3550	69.0350	68.9750	68.5847
18 March 2019	68.9150	68.4550	68.9450	68.5350	68.6088
15 March 2019	69.3350	69.0350	69.3350	69.0950	69.2131
14 March 2019	69.6750	69.2550	69.7750	69.3550	69.6657
13 March 2019	69.7450	69.4350	69.7850	69.5450	69.6225
12 March 2019	69.7550	69.5050	69.7550	69.7050	69.5950
11 March 2019	70.0050	69.8350	70.0350	69.8850	69.9308
8 March 2019	70.1750	69.8250	70.2250	70.1550	70.1010
7 March 2019	70.0850	69.9550	70.1450	70.0050	70.0268
6 March 2019	70.5850	70.2550	70.6750	70.2850	70.5798
5 March 2019	70.9450	70.4550	70.9850	70.4950	70.7601
1 March 2019	70.7450	70.6850	70.9950	70.9150	70.9696
28 February 2019	71.2650	70.7150	71.2650	70.7250	71.1953
27 February 2019	71.1150	70.9450	71.4850	71.2250	71.1663
26 February 2019	71.2550	70.9950	71.3450	71.0650	71.0952
25 February 2019	71.0250	70.9750	71.0950	70.9850	71.0420
22 February 2019	71.2450	71.1050	71.2550	71.1450	71.2177
21 February 2019	71.0850	70.9150	71.2650	71.2550	71.1540
20 February 2019	71.2850	71.0750	71.3350	71.1150	71.1773
18 February 2019	71.3150	71.3150	71.5250	71.3450	71.4705
15 February 2019	71.2950	71.1950	71.4350	71.2250	71.2515
14 February 2019	70.8950	70.7950	71.1850	71.1650	70.9408
13 February 2019	70.4850	70.4050	70.8650	70.8050	70.5547
12 February 2019	71.1750	70.6950	71.2150	70.7050	70.9353
11 February 2019	71.2350	71.1050	71.2950	71.1750	71.1621
8 February 2019	71.3850	71.0250	71.4150	71.3050	71.2949
7 February 2019	71.7350	71.3050	71.7650	71.4550	71.4688
6 February 2019	71.5550	71.4950	71.6850	71.5550	71.5731
5 February 2019	71.7050	71.5650	71.8050	71.5650	71.7459
4 February 2019	71.5950	71.5650	71.8250	71.8050	71.6580
1 February 2019	71.0950	70.9450	71.3950	71.2450	71.1102
30 January 2019	71.3650	71.1150	71.3750	71.1250	71.2442
29 January 2019	71.1450	71.0350	71.2150	71.1150	71.0942
28 January 2019	70.9950	70.9850	71.1950	71.1050	71.1340
25 January 2019	70.9950	70.9550	71.2550	71.1850	71.1051
24 January 2019	71.2650	71.0650	71.3050	71.0750	71.2820
23 January 2019	71.1750	71.1550	71.3550	71.3450	71.2039
22 January 2019	71.2250	71.1750	71.4650	71.4450	71.3761
21 January 2019	71.3650	71.1450	71.5250	71.2850	71.3782
18 January 2019	71.0750	71.0550	71.2450	71.1850	71.1418
17 January 2019	71.1450	70.9750	71.4050	71.0550	71.3418
16 January 2019	71.0550	70.9150	71.2550	71.2450	71.1847
15 January 2019	70.7750	70.7750	71.1550	71.0450	71.0298
14 January 2019	70.4750	70.4550	70.9450	70.9350	70.8244
11 January 2019	70.4150	70.3450	70.5950	70.4950	70.4737
10 January 2019	70.4650	70.3250	70.6550	70.4150	70.5135
9 January 2019	70.0550	70.0550	70.6450	70.4650	70.4418
8 January 2019	69.8050	69.8050	70.2350	70.2050	70.0221
7 January 2019	69.4250	69.2350	69.9250	69.6850	69.4814
4 January 2019	69.9650	69.6650	69.9850	69.7250	69.8653
3 January 2019	70.2950	70.0450	70.5250	70.1950	70.3627
2 January 2019	69.5150	69.5150	70.2350	70.1850	69.6089
1 January 2019	69.6250	69.4350	69.7650	69.4550	69.7131
31 December 2018	69.7950	69.7250	69.9450	69.7750	69.7923
28 December 2018	70.0450	69.9050	70.1350	69.9550	69.9786
27 December 2018	70.2050	70.1850	70.3950	70.3550	70.3270
26 December 2018	69.8850	69.7550	70.1650	70.0750	69.9906
24 December 2018	70.1750	69.8850	70.3050	70.1450	70.1757
21 December 2018	69.7250	69.7250	70.3250	70.1550	70.0368
20 December 2018	70.6750	69.6750	70.6850	69.7050	70.2835
19 December 2018	70.0950	69.8550	70.4750	70.4050	70.1094
18 December 2018	71.3250	70.4150	71.3550	70.4450	71.1940
17 December 2018	71.7950	71.5150	71.8650	71.5550	71.6730
14 December 2018	71.7950	71.7050	72.0450	71.9050	71.7359
13 December 2018	71.6950	71.5150	71.7250	71.6850	71.5368
12 December 2018	72.2050	71.8650	72.2050	72.0150	72.0407
11 December 2018	72.4650	71.6850	72.4650	71.8550	71.9274
10 December 2018	71.3450	71.2350	71.4450	71.3450	71.3257
7 December 2018	70.5550	70.4450	70.8450	70.8050	70.5663
6 December 2018	70.7950	70.7450	71.1450	70.9050	71.0371
5 December 2018	70.6450	70.3850	70.7450	70.4650	70.5171
4 December 2018	70.4950	70.3350	70.6850	70.4950	70.3455
3 December 2018	69.8750	69.8550	70.4550	70.4550	70.0280
30 November 2018	69.6750	69.5550	69.9050	69.5850	69.6574
29 November 2018	70.1150	69.7850	70.1450	69.8450	69.9159
28 November 2018	70.8850	70.5750	70.8950	70.6250	70.6881
27 November 2018	70.8950	70.7250	71.0250	70.7650	70.9065
26 November 2018	70.4650	70.3050	70.8950	70.8750	70.7144
23 November 2018	-	-	-	-	-
22 November 2018	71.1350	70.6750	71.1950	70.6750	71.1787
21 November 2018	-	-	-	-	-
20 November 2018	71.4450	71.2850	71.5150	71.4550	71.3276
19 November 2018	71.9250	71.5550	72.0950	71.6550	71.9007
16 November 2018	71.9950	71.7150	71.9950	71.9250	71.8023
15 November 2018	72.0650	71.8750	72.1850	71.9850	72.1600
14 November 2018	72.1650	72.0050	72.4050	72.3150	72.1039
13 November 2018	72.7950	72.5150	72.8350	72.6750	72.5853
12 November 2018	72.7250	72.7250	73.0650	72.8950	72.9078
9 November 2018	72.7050	72.4650	72.8550	72.4950	72.7347
8 November 2018	-	-	-	-	-
7 November 2018	-	-	-	-	-
6 November 2018	72.9450	72.9150	73.0650	73.0050	73.0097
5 November 2018	72.8050	72.7650	73.1350	73.1250	73.0740
2 November 2018	73.1050	72.4450	73.2150	72.4450	72.8798
1 November 2018	73.8750	73.4550	73.8750	73.4550	73.8295
31 October 2018	73.9150	73.7950	74.1350	73.9550	73.9936
30 October 2018	73.5450	73.5250	73.7050	73.6850	73.5709
29 October 2018	73.3450	73.3250	73.5250	73.4450	73.4181
26 October 2018	73.4350	73.2850	73.4750	73.4650	73.3740
25 October 2018	73.3450	73.1950	73.3750	73.2850	73.2746
24 October 2018	73.2350	73.0950	73.3350	73.1550	73.2645
23 October 2018	73.7050	73.5250	73.8250	73.5750	73.7818
22 October 2018	73.3050	73.1950	73.5650	73.5650	73.3025
19 October 2018	73.6050	73.3050	73.6550	73.3250	73.4354
17 October 2018	73.4150	73.3750	73.6650	73.6050	73.4846
16 October 2018	73.8150	73.4550	73.8350	73.4550	73.9041
15 October 2018	73.7950	73.7850	74.0750	73.8350	73.9708
12 October 2018	73.8350	73.5250	73.8550	73.5650	73.7967
11 October 2018	74.2950	74.0150	74.4950	74.1350	74.3875
10 October 2018	74.1550	74.0550	74.3050	74.2050	74.1316
9 October 2018	73.8650	73.8650	74.4050	74.3950	74.0989
8 October 2018	73.9450	73.7050	74.1050	74.0650	73.9235
5 October 2018	73.6450	73.4350	74.2250	73.7850	73.5809
4 October 2018	73.6050	73.4850	73.8150	73.5850	73.7509
3 October 2018	73.2350	72.9050	73.4150	73.3450	73.0299
1 October 2018	72.6050	72.5850	72.9850	72.9150	72.8036
28 September 2018	72.4950	72.3950	72.6650	72.4850	72.5474
27 September 2018	72.4250	72.3850	72.7750	72.5950	72.6505
26 September 2018	72.7050	72.5350	72.7450	72.6150	72.7182
25 September 2018	72.8950	72.5850	72.9750	72.6950	72.8134
24 September 2018	72.4750	72.3250	72.7450	72.6350	72.6927
21 September 2018	71.8450	71.7650	72.4750	72.2250	71.8489
19 September 2018	72.7150	72.3450	72.8750	72.3750	72.6781
18 September 2018	72.5450	72.3550	72.9850	72.9850	72.3796
17 September 2018	72.5250	72.3050	72.6950	72.5150	72.5505
14 September 2018	71.6950	71.5250	71.9950	71.8550	71.8129
12 September 2018	72.7950	71.9050	72.9150	72.1950	72.7549
11 September 2018	72.3050	72.2550	72.7450	72.6950	72.3227
10 September 2018	72.1750	72.0750	72.6750	72.4550	72.5745
7 September 2018	71.9550	71.6650	72.0450	71.7350	71.9009
6 September 2018	71.6250	71.6250	72.1150	71.9950	71.9214
5 September 2018	71.4050	71.3750	71.9650	71.7550	71.7533
4 September 2018	71.2850	71.0850	71.5850	71.5850	71.1857
3 September 2018	70.8050	70.7150	71.2150	71.2150	70.7695
31 August 2018	70.9550	70.8550	71.0050	70.9950	70.9255
30 August 2018	70.6250	70.6150	70.8550	70.7450	70.7329
29 August 2018	70.3150	70.2450	70.6450	70.5950	70.5046
28 August 2018	70.0250	70.0250	70.3050	70.1050	70.1687
27 August 2018	69.7650	69.7050	70.1750	70.1650	70.0366
24 August 2018	70.1950	69.8950	70.2350	69.9150	70.1377
23 August 2018	70.0150	69.9650	70.1750	70.1150	70.0656
21 August 2018	69.6650	69.5350	69.9250	69.8150	69.6668
20 August 2018	69.8350	69.6050	69.8850	69.8250	69.7617
16 August 2018	70.1850	70.1350	70.4050	70.1550	70.2287
14 August 2018	69.8450	69.6950	70.0850	69.9050	69.7696
13 August 2018	69.4750	69.4050	69.9350	69.9350	69.4685
10 August 2018	68.8350	68.7750	69.0350	68.8350	68.9538
9 August 2018	68.4750	68.4550	68.7150	68.6850	68.6240
8 August 2018	68.6750	68.5750	68.7150	68.6250	68.6465
7 August 2018	68.9150	68.6550	68.9450	68.6850	68.8000
6 August 2018	68.5650	68.5450	68.8950	68.8850	68.6833
3 August 2018	68.6950	68.6150	68.8450	68.6150	68.7933
2 August 2018	68.3750	68.2650	68.7250	68.7050	68.3566
1 August 2018	68.5550	68.4350	68.6250	68.4350	68.6058
31 July 2018	68.7050	68.5450	68.7050	68.5450	68.6068
30 July 2018	68.6950	68.6350	68.7950	68.6750	68.7531
27 July 2018	68.6350	68.5450	68.7550	68.6550	68.7041
26 July 2018	68.7050	68.6250	68.7550	68.6650	68.7017
25 July 2018	68.9650	68.7050	68.9850	68.7850	68.8028
24 July 2018	68.9750	68.8450	69.0850	68.9450	69.0530
23 July 2018	68.7050	68.6550	68.8750	68.8650	68.7040
20 July 2018	69.0250	68.8250	69.1350	68.8450	68.8458
19 July 2018	68.7150	68.6950	69.0650	69.0550	68.8331
18 July 2018	68.4150	68.3850	68.6350	68.6250	68.5652
17 July 2018	68.3950	68.2750	68.4650	68.4550	68.2978
16 July 2018	68.5450	68.5350	68.7150	68.5750	68.5877
13 July 2018	68.3750	68.3250	68.5450	68.5250	68.4094
12 July 2018	68.7650	68.5050	68.7650	68.5750	68.6313
11 July 2018	68.8250	68.7550	68.8950	68.7750	68.8290
10 July 2018	68.7150	68.7150	68.8650	68.8350	68.7942
9 July 2018	68.5650	68.5650	68.8050	68.7250	68.6573
6 July 2018	68.8850	68.8250	69.0450	68.8750	68.8757
5 July 2018	68.8050	68.6950	69.0050	68.9550	68.7545
4 July 2018	68.5250	68.4650	68.7750	68.7450	68.5312
3 July 2018	68.9050	68.5650	68.9750	68.5850	68.6935
2 July 2018	68.4950	68.3350	68.8050	68.8050	68.6227
29 June 2018	68.6950	68.3550	68.6950	68.4750	68.5753
28 June 2018	68.8950	68.7250	69.0950	68.7950	68.9389
27 June 2018	68.4250	68.4150	68.6850	68.6150	68.5246
26 June 2018	68.1350	68.0750	68.2650	68.2450	68.1676
25 June 2018	67.8950	67.8950	68.1850	68.1250	68.1466
22 June 2018	67.8150	67.7150	67.8850	67.8450	67.7695
21 June 2018	68.1950	67.9650	68.2450	67.9850	68.1950
20 June 2018	68.0950	68.0350	68.1850	68.0750	68.0838
19 June 2018	67.9850	67.9750	68.3850	68.3850	68.1511
18 June 2018	68.1550	67.9550	68.1750	67.9950	68.0248
15 June 2018	67.8750	67.8750	68.0350	68.0150	67.9739
14 June 2018	67.5450	67.5450	67.7250	67.6250	67.6875
13 June 2018	67.5950	67.5550	67.7050	67.6450	67.6251
12 June 2018	67.5250	67.3650	67.5150	67.4850	67.4571
11 June 2018	67.4650	67.2850	67.4850	67.4250	67.3353
8 June 2018	67.4650	67.4450	67.7850	67.5050	67.5228
7 June 2018	66.9350	66.9350	67.1550	67.1250	67.0181
6 June 2018	67.0750	66.9050	67.1650	66.9250	67.0397
5 June 2018	67.0750	67.0750	67.2350	67.1550	67.1794
4 June 2018	66.9650	66.8450	67.1650	67.1150	67.0543
1 June 2018	67.4450	67.0150	67.4450	67.0650	67.1840
31 May 2018	67.4250	67.3250	67.5950	67.4150	67.4526
30 May 2018	67.8550	67.4350	67.9050	67.4350	67.6288
29 May 2018	67.6150	67.6050	68.0050	67.8650	67.8201
28 May 2018	67.5250	67.2950	67.5450	67.4350	67.4430
25 May 2018	68.2850	67.7050	68.2850	67.7850	68.2600
24 May 2018	68.3050	68.2950	68.4250	68.3450	68.3872
23 May 2018	68.1550	68.1550	68.4550	68.4250	68.2139
22 May 2018	68.0250	67.9350	68.0950	68.0450	68.0187
21 May 2018	68.1250	68.0250	68.1650	68.1250	68.0883
18 May 2018	67.7750	67.7650	68.0750	68.0150	67.9577
17 May 2018	67.7250	67.5850	67.7950	67.7050	67.7156
16 May 2018	68.1350	67.7550	68.1350	67.7950	67.8276
15 May 2018	67.6850	67.4650	68.1450	68.0750	67.5288
14 May 2018	67.2450	67.2250	67.6250	67.5150	67.3153
11 May 2018	67.1550	67.1050	67.3850	67.3350	67.2203
10 May 2018	67.3250	67.2450	67.4350	67.3150	67.3786
9 May 2018	67.3450	67.2450	67.4850	67.2650	67.3815
8 May 2018	67.1750	66.9950	67.2850	67.0850	67.0809
7 May 2018	66.8250	66.7850	67.1750	67.1350	67.1060
4 May 2018	66.6450	66.6250	66.9250	66.8650	66.7681
3 May 2018	66.6250	66.5250	66.6550	66.6450	66.6093
2 May 2018	66.7450	66.6450	66.7750	66.6650	66.6636
1 May 2018	-	-	-	-	-
26 April 2018	66.8850	66.6950	66.9050	66.7550	66.8299
25 April 2018	66.4750	66.4750	66.9050	66.9050	66.6983
24 April 2018	66.4150	66.2950	66.4650	66.3850	66.3622
23 April 2018	66.2050	66.1550	66.4950	66.4850	66.2177
20 April 2018	66.0550	65.9550	66.1250	66.1250	66.0167
19 April 2018	65.7850	65.7250	65.8550	65.7950	65.7837
18 April 2018	65.6650	65.6050	65.7950	65.6650	65.6814
17 April 2018	65.4450	65.4150	65.7050	65.6450	65.6124
16 April 2018	65.3250	65.3150	65.5150	65.4950	65.4476
13 April 2018	65.3050	65.1950	65.3050	65.2050	65.2226
12 April 2018	65.3150	65.2450	65.4650	65.2650	65.3496
11 April 2018	65.0050	64.9850	65.3150	65.3150	65.1272
10 April 2018	64.8750	64.8750	65.0250	64.9950	64.9368
9 April 2018	64.8550	64.8550	65.0550	65.0250	64.9287
6 April 2018	64.9350	64.9250	65.0450	64.9750	64.9884
5 April 2018	65.0250	64.9550	65.1350	64.9750	65.0601
4 April 2018	64.9950	64.9050	65.1750	65.1550	65.0232
3 April 2018	65.0750	64.9850	65.1350	65.0150	65.0240
2 April 2018	-	-	-	-	65.0441
28 March 2018	64.8850	64.8850	65.2950	65.1850	65.0441
27 March 2018	64.7750	64.7350	64.9850	64.9850	64.7973
26 March 2018	-	-	-	-	64.9055
23 March 2018	65.1850	64.9850	65.2050	65.0150	65.1333
22 March 2018	65.1150	65.0250	65.1650	65.1050	65.0622
21 March 2018	65.2350	65.1950	65.2350	65.2150	65.2162
20 March 2018	65.2250	65.1650	65.2450	65.1950	65.1993
19 March 2018	65.0650	65.0050	65.1850	65.1750	65.0375
16 March 2018	64.9750	64.8550	64.9950	64.9350	64.8737
15 March 2018	64.9250	64.8050	64.9850	64.9350	64.9366
14 March 2018	64.8750	64.8250	65.0650	64.8250	64.9875
13 March 2018	64.9550	64.8450	65.0050	64.8950	64.9567
12 March 2018	64.9550	64.9450	65.0750	65.0450	65.0199
9 March 2018	65.1250	65.0550	65.1850	65.1750	65.0784
8 March 2018	64.9050	64.9050	65.1550	65.1550	64.9212
7 March 2018	64.8850	64.8650	65.0050	64.8850	64.9627
6 March 2018	64.9550	64.9250	65.1150	64.9550	64.9941
5 March 2018	65.0950	64.9350	65.1650	65.1150	65.0530
1 March 2018	65.2050	65.1050	65.2450	65.1750	65.2261
28 February 2018	65.1250	65.0550	65.3150	65.1750	65.1031
27 February 2018	64.8050	64.7650	64.9650	64.8750	64.8514
26 February 2018	64.6850	64.6250	64.8250	64.7950	64.6639
23 February 2018	64.9550	64.6950	64.9550	64.7350	64.8227
22 February 2018	65.0450	64.9550	65.1150	65.0450	65.0458
21 February 2018	64.9050	64.7150	64.9350	64.7850	64.8161
20 February 2018	64.4950	64.4150	64.8650	64.7950	64.5254
19 February 2018	-	-	-	-	-
16 February 2018	63.8750	63.8150	64.2350	64.2150	63.9097
15 February 2018	63.9550	63.8750	63.9950	63.9150	63.9222
14 February 2018	64.1550	64.0450	64.1950	64.0950	64.1259
13 February 2018	-	-	-	-	-
12 February 2018	64.2950	64.2350	64.3350	64.3150	64.2838
9 February 2018	64.4250	64.2950	64.4350	64.4050	64.3686
8 February 2018	64.3750	64.1550	64.4050	64.2650	64.1616
7 February 2018	64.1150	64.0350	64.3050	64.2850	64.1377
6 February 2018	64.3550	64.0950	64.4150	64.2550	64.2723
5 February 2018	64.1950	64.0150	64.2450	64.0650	64.0295
2 February 2018	64.1250	63.7250	64.2050	64.0650	64.0781
1 February 2018	63.6450	63.5650	64.0250	64.0250	63.6113
31 January 2018	63.6750	63.5850	63.7550	63.5850	63.6878
30 January 2018	63.6850	63.5950	63.7950	63.6050	63.7534
29 January 2018	63.5950	63.4850	63.6250	63.5750	63.5470
24 January 2018	63.7250	63.6250	63.7250	63.6950	63.6439
23 January 2018	63.8950	63.7550	63.9050	63.7750	63.7722
22 January 2018	63.8850	63.7150	63.9950	63.8750	63.8895
18 January 2018	63.8450	63.7450	63.9550	63.8550	63.8431
17 January 2018	64.0850	63.7650	64.0850	63.8850	63.9797
16 January 2018	63.6050	63.5950	64.1150	64.0350	63.7602
15 January 2018	63.4950	63.3350	63.5050	63.4950	63.4125
11 January 2018	63.6550	63.6450	63.8350	63.6650	63.7364
10 January 2018	63.6450	63.5650	63.8550	63.5950	63.8264
9 January 2018	63.4850	63.4350	63.7350	63.7150	63.4690
8 January 2018	63.3250	63.2550	63.5150	63.5150	63.3482
4 January 2018	63.5850	63.3750	63.6150	63.4050	63.3914
3 January 2018	63.5550	63.4550	63.5750	63.5350	63.4833
2 January 2018	63.6750	63.4350	63.7750	63.4850	63.6728
1 January 2018	63.8550	63.6450	63.8750	63.6850	63.6697
28 December 2017	64.1450	64.0750	64.2850	64.0850	64.1716
27 December 2017	64.0750	64.0750	64.1850	64.1550	64.1577
26 December 2017	-	-	-	-	64.0538
22 December 2017	64.0450	64.0250	64.0950	64.0550	64.0409
21 December 2017	64.0000	64.0000	64.1500	64.0600	64.0883
20 December 2017	64.0150	64.0050	64.1250	64.1150	64.0577
19 December 2017	64.2250	63.9450	64.2250	64.0350	64.1205
18 December 2017	64.1550	64.0950	64.7450	64.2450	64.1065
15 December 2017	64.1550	64.0150	64.1650	64.0450	64.0958
14 December 2017	64.3550	64.2550	64.3550	64.3450	64.2798
13 December 2017	64.5350	64.4350	64.5650	64.4350	64.4525
12 December 2017	64.4050	64.4050	64.5250	64.4050	64.4834
11 December 2017	64.4450	64.3150	64.4450	64.3750	64.3616
8 December 2017	64.5650	64.4550	64.5950	64.4650	64.4649
7 December 2017	64.5050	64.4950	64.6050	64.5750	64.5388
6 December 2017	64.4550	64.3950	64.5450	64.5250	64.4467
5 December 2017	64.3050	64.2150	64.4650	64.3850	64.3764
4 December 2017	64.5500	64.2950	64.5550	64.3750	64.3799
30 November 2017	64.5350	64.4250	64.6250	64.4650	64.4332
29 November 2017	64.4550	64.2850	64.5250	64.3150	64.4058
28 November 2017	64.5250	64.3550	64.6050	64.4250	64.4206
27 November 2017	64.7150	64.4950	64.8350	64.5050	64.6948
24 November 2017	64.5850	64.5550	64.7450	64.7050	64.7328
23 November 2017	64.8050	64.5750	64.8950	64.5850	64.7949
22 November 2017	64.7950	64.7150	64.9650	64.9150	64.7453
21 November 2017	65.0850	64.8950	65.1250	64.8950	65.0386
20 November 2017	64.9650	64.9650	65.1350	65.1150	65.0565
17 November 2017	64.7550	64.6050	65.0850	65.0150	64.8462
16 November 2017	65.2850	65.1350	65.3850	65.3250	65.2969
15 November 2017	65.4250	65.1650	65.4250	65.2150	65.3689
14 November 2017	65.3350	65.2850	65.5450	65.4250	65.5171
13 November 2017	65.3750	65.2650	65.5150	65.4350	65.4272
10 November 2017	65.0550	65.0050	65.1850	65.1750	65.0147
9 November 2017	64.9450	64.8550	65.0050	64.9450	64.8967
8 November 2017	65.1250	64.9350	65.1750	64.9550	65.0592
7 November 2017	64.6450	64.6150	65.0750	65.0350	64.8064
6 November 2017	64.6550	64.6450	64.7450	64.6850	64.7267
3 November 2017	64.5650	64.5350	64.6350	64.5550	64.5764
2 November 2017	64.5350	64.4850	64.6750	64.6150	64.5930
1 November 2017	64.7050	64.5150	64.7150	64.5950	64.5256
31 October 2017	64.8350	64.7250	64.8550	64.7550	64.7745
30 October 2017	64.8750	64.8050	64.9450	64.8550	64.9338
27 October 2017	65.0150	64.9650	65.1050	65.0550	65.0931
26 October 2017	64.7950	64.7250	64.9150	64.8250	64.7888
25 October 2017	65.1350	64.8950	65.1950	64.8950	65.1386
24 October 2017	64.9750	64.9050	65.1050	65.0650	64.9256
23 October 2017	65.0850	64.9850	65.1150	65.0250	65.0239
18 October 2017	64.9750	64.9350	65.1650	65.0450	65.0649
17 October 2017	64.7850	64.7850	65.0350	65.0250	64.9226
16 October 2017	64.7950	64.6950	64.7950	64.7450	64.7603
13 October 2017	64.9550	64.8750	64.9750	64.9250	64.9301
12 October 2017	65.1350	65.0450	65.1650	65.0850	65.1003
11 October 2017	65.2250	65.1350	65.3250	65.1450	65.2691
10 October 2017	65.3550	65.2050	65.3850	65.2850	65.2652
9 October 2017	65.3750	65.2750	65.4150	65.3550	65.3074
6 October 2017	65.1850	65.1850	65.4050	65.3850	65.2276
5 October 2017	65.0850	64.9750	65.1850	65.1450	65.1758
4 October 2017	65.3650	64.9550	65.3850	65.0150	65.2899
3 October 2017	65.6550	65.4650	65.6550	65.5050	65.5529
29 September 2017	65.3350	65.2450	65.4750	65.2850	65.3552
28 September 2017	65.7850	65.4950	65.8950	65.5050	65.7604
27 September 2017	65.3650	65.3550	65.7650	65.7150	65.6947
26 September 2017	65.2350	65.1550	65.4550	65.4550	65.3371
25 September 2017	64.8450	64.7350	65.1850	65.1050	64.8357
22 September 2017	64.9450	64.7550	65.1650	64.7950	64.9596
21 September 2017	64.4950	64.4550	64.8550	64.8150	64.5256
20 September 2017	64.2450	64.2450	64.4350	64.2650	64.3637
19 September 2017	64.1850	64.1350	64.3350	64.3350	64.1769
18 September 2017	64.0550	63.9950	64.1350	64.1350	64.0371
15 September 2017	64.1450	64.0450	64.1450	64.0750	64.0774
14 September 2017	64.1750	64.0650	64.1750	64.1250	64.0692
13 September 2017	63.9850	63.9650	64.0250	63.9950	63.9818
12 September 2017	63.9850	63.9350	64.0450	64.0450	63.9474
11 September 2017	63.9050	63.8350	63.9350	63.9350	63.8859
8 September 2017	63.8450	63.7850	63.9650	63.7850	63.8664
7 September 2017	64.0350	63.9850	64.0650	64.0550	64.0276
6 September 2017	64.1850	64.1050	64.2650	64.1050	64.2146
5 September 2017	64.1050	64.0850	64.1650	64.1250	64.1164
4 September 2017	63.9450	63.9450	64.1850	64.0350	64.0468
1 September 2017	63.9250	63.8750	64.0450	64.0350	63.9804
31 August 2017	64.0250	63.8950	64.0650	63.9050	64.0154
30 August 2017	63.9650	63.8850	64.0250	64.0250	63.9431
29 August 2017	63.9550	63.9350	64.0450	64.0250	64.0174
28 August 2017	63.9350	63.8450	63.9350	63.9050	63.8701
24 August 2017	64.0350	64.0250	64.0850	64.0350	64.0676
23 August 2017	64.0450	64.0450	64.1450	64.1150	64.1272
22 August 2017	64.0950	64.0550	64.1450	64.1050	64.1099
21 August 2017	64.0750	64.0150	64.1550	64.1350	64.0285
18 August 2017	64.1850	64.0950	64.1850	64.1450	64.1048
16 August 2017	64.2750	64.1450	64.3150	64.1550	64.2428
14 August 2017	64.0250	63.9450	64.1450	64.1250	64.0253
11 August 2017	64.2050	64.1150	64.2850	64.1350	64.1693
10 August 2017	63.9450	63.8850	64.0850	64.0850	63.9437
9 August 2017	63.7850	63.7150	63.8550	63.8350	63.7491
8 August 2017	63.7750	63.6250	63.7950	63.6350	63.7382
7 August 2017	63.7150	63.6550	63.8450	63.8050	63.7375
4 August 2017	63.6750	63.5750	63.7250	63.5850	63.7091
3 August 2017	63.6650	63.5650	63.7050	63.6950	63.6314
2 August 2017	64.1150	63.5950	64.1350	63.7050	64.0690
1 August 2017	64.0950	64.0550	64.1450	64.0750	64.0683
31 July 2017	64.1150	64.0550	64.2650	64.1850	64.0773
28 July 2017	64.1850	64.1250	64.2550	64.1550	64.1483
27 July 2017	64.2150	64.0650	64.2150	64.1150	64.1216
26 July 2017	64.4250	64.3550	64.4550	64.3650	64.4208
25 July 2017	64.4150	64.3550	64.4150	64.3850	64.3580
24 July 2017	64.4150	64.3050	64.4650	64.3450	64.4494
21 July 2017	64.3850	64.3050	64.3950	64.3250	64.3185
20 July 2017	64.3350	64.3350	64.4650	64.4350	64.4273
19 July 2017	64.3350	64.2850	64.3550	64.2850	64.3211
18 July 2017	64.3250	64.3150	64.3750	64.3250	64.3301
17 July 2017	64.3450	64.3450	64.3950	64.3550	64.3666
14 July 2017	64.4350	64.4350	64.4850	64.4550	64.4539
13 July 2017	64.3950	64.3950	64.4650	64.4450	64.4384
12 July 2017	64.5250	64.4850	64.5750	64.5450	64.4969
11 July 2017	64.4550	64.4550	64.5950	64.5950	64.5025
10 July 2017	64.5650	64.4850	64.5750	64.5350	64.5405
7 July 2017	64.7450	64.5650	64.7550	64.5950	64.7342
6 July 2017	64.7550	64.7250	64.8050	64.7850	64.7779
5 July 2017	64.7050	64.6750	64.8750	64.7850	64.7209
4 July 2017	-	-	-	-	64.8168
3 July 2017	64.6550	64.6450	64.9050	64.8850	64.7525
30 June 2017	64.4650	64.4450	64.6450	64.6350	64.7379
29 June 2017	64.4650	64.4450	64.6450	64.6350	64.4715
28 June 2017	64.5550	64.5150	64.6350	64.5550	64.5288
27 June 2017	-	-	-	-	64.4572
23 June 2017	64.5550	64.4250	64.5950	64.5250	64.5365
22 June 2017	64.5350	64.4550	64.5950	64.5950	64.4950
21 June 2017	64.6350	64.4750	64.6750	64.5250	64.6025
20 June 2017	64.4850	64.4150	64.5250	64.4950	64.4672
19 June 2017	64.4250	64.3250	64.4350	64.4350	64.3788
16 June 2017	64.6550	64.4050	64.7450	64.4250	64.5883
15 June 2017	64.2750	64.2450	64.5450	64.5450	64.2801
14 June 2017	64.3450	64.2350	64.3650	64.3050	64.3141
13 June 2017	64.4350	64.3350	64.4950	64.3350	64.4453
12 June 2017	64.2950	64.2950	64.4650	64.4450	64.3407
9 June 2017	64.2750	64.1750	64.3350	64.2450	64.2584
8 June 2017	64.3950	64.2050	64.4250	64.2150	64.3554
7 June 2017	64.4950	64.2950	64.5150	64.3350	64.4538
6 June 2017	64.3250	64.3250	64.4550	64.4350	64.3516
5 June 2017	64.3550	64.2950	64.3950	64.3650	64.3485
2 June 2017	64.3550	64.3250	64.5050	64.4450	64.4208
1 June 2017	64.4850	64.4250	64.5550	64.4750	64.4704
31 May 2017	64.5550	64.5050	64.5750	64.5050	64.5459
30 May 2017	64.6350	64.5950	64.6950	64.6650	64.6336
29 May 2017	64.4750	64.4550	64.5950	64.4950	64.5565
26 May 2017	64.5650	64.4250	64.6350	64.4450	64.5945
25 May 2017	64.5450	64.4850	64.6550	64.6250	64.5088
24 May 2017	64.9150	64.7250	64.9550	64.7350	64.8586
23 May 2017	64.6350	64.6350	64.8950	64.8950	64.7751
22 May 2017	64.5250	64.4450	64.6350	64.5550	64.5632
19 May 2017	64.7850	64.6050	65.0350	64.6450	64.9906
18 May 2017	64.3450	64.3350	64.9150	64.8350	64.3441
17 May 2017	63.9850	63.9850	64.1550	64.1550	64.0214
16 May 2017	64.0650	64.0250	64.1550	64.0850	64.0758
15 May 2017	64.1250	64.0350	64.1650	64.0650	64.1188
12 May 2017	64.3350	64.2650	64.3750	64.3050	64.3043
11 May 2017	64.4950	64.3450	64.5750	64.3850	64.4380
9 May 2017	64.4250	64.4250	64.7050	64.6250	64.5065
8 May 2017	64.2750	64.1950	64.3250	64.3050	64.2154
5 May 2017	64.2250	64.2250	64.3850	64.3750	64.3079
4 May 2017	64.1850	64.1650	64.2450	64.1750	64.2115
3 May 2017	64.1250	64.1050	64.1650	64.1550	64.1439
2 May 2017	64.1850	64.1250	64.2350	64.2150	64.2072
28 April 2017	64.1050	64.1050	64.3750	64.2450	64.2170
27 April 2017	64.0450	63.9750	64.1650	64.1550	64.1141
26 April 2017	64.1950	63.9350	64.1950	64.1250	64.0013
25 April 2017	64.4150	64.2150	64.4250	64.2750	64.2776
24 April 2017	64.5450	64.4350	64.5650	64.4450	64.4757
21 April 2017	64.6450	64.5550	64.6750	64.6150	64.5701
20 April 2017	64.6650	64.5650	64.7250	64.5650	64.6364
19 April 2017	64.6050	64.5050	64.6250	64.5750	64.5443
18 April 2017	64.4950	64.4750	64.6450	64.6350	64.5657
17 April 2017	64.4150	64.2950	64.5150	64.5150	64.4053
13 April 2017	64.4450	64.2750	64.4850	64.4150	64.3165
12 April 2017	64.6250	64.5450	64.7350	64.6850	64.6920
11 April 2017	64.6550	64.4350	64.6950	64.4950	64.5438
10 April 2017	64.3050	64.3050	64.5850	64.5650	64.4418
7 April 2017	64.6850	64.1650	64.6850	64.2750	64.3928
6 April 2017	65.0550	64.5050	65.0650	64.5250	64.9791
5 April 2017	65.0750	64.8750	65.1750	64.8750	65.0438
3 April 2017	64.8050	64.7750	65.0850	65.0350	64.9103
30 March 2017	64.8750	64.8750	64.9950	64.9250	64.9325
29 March 2017	65.0950	64.8850	65.0950	64.9050	64.9552
27 March 2017	65.2750	65.0250	65.2750	65.0450	65.0892
24 March 2017	65.4850	65.3850	65.5150	65.4150	65.4581
23 March 2017	65.4050	65.3850	65.5750	65.5250	65.4220
22 March 2017	65.5550	65.3850	65.5850	65.4450	65.4881
21 March 2017	65.3950	65.2050	65.4450	65.3050	65.3117
20 March 2017	65.4050	65.3050	65.4750	65.3650	65.3827
17 March 2017	65.4550	65.4550	65.6550	65.4650	65.5411
16 March 2017	65.4050	65.2450	65.5150	65.4150	65.3836
15 March 2017	65.7650	65.4250	65.7850	65.6950	65.5146
14 March 2017	66.1950	65.7850	66.2450	65.8250	66.1800
10 March 2017	66.7250	66.5650	66.7250	66.6050	66.6880
9 March 2017	66.8150	66.7150	66.8650	66.7150	66.7707
8 March 2017	66.6250	66.6250	66.7350	66.7050	66.6362
7 March 2017	66.6650	66.5950	66.6950	66.6750	66.6347
6 March 2017	66.7750	66.7050	66.7750	66.7250	66.7559
3 March 2017	66.8650	66.7950	66.8850	66.8150	66.8354
2 March 2017	66.7550	66.6850	66.7850	66.7050	66.7433
1 March 2017	66.7850	66.7650	66.8950	66.8350	66.8482
28 February 2017	-	-	-	-	66.7375
27 February 2017	66.7550	66.6550	66.7750	66.7050	66.7249
23 February 2017	66.9650	66.7850	66.9650	66.8350	66.8351
22 February 2017	66.9550	66.8850	67.0150	66.9550	66.9644
20 February 2017	67.0550	66.9050	67.0550	66.9250	66.9771
17 February 2017	67.1250	66.9950	67.1550	67.0150	67.0467
16 February 2017	66.9650	66.9250	67.0950	67.0750	66.9468
15 February 2017	66.9250	66.8950	66.9550	66.9050	66.9193
14 February 2017	66.9750	66.9050	66.9850	66.9150	66.9439
13 February 2017	66.9050	66.9050	67.0350	67.0250	66.9663
10 February 2017	66.8050	66.7750	66.9950	66.8850	66.9367
9 February 2017	67.0450	66.8450	67.0750	66.8450	67.0123
8 February 2017	67.3750	67.1850	67.3850	67.1850	67.3058
7 February 2017	67.2850	67.2850	67.4450	67.4150	67.3692
6 February 2017	67.2050	67.1550	67.2350	67.2150	67.1958
3 February 2017	67.3450	67.2850	67.4250	67.3150	67.3825
2 February 2017	67.4350	67.3750	67.5250	67.3750	67.4480
1 February 2017	67.6450	67.4750	67.6850	67.4750	67.6458
31 January 2017	67.8350	67.7950	67.8950	67.8750	67.8125
30 January 2017	68.0550	67.9350	68.0950	67.9550	68.0426
27 January 2017	68.1750	68.0350	68.2350	68.0450	68.2043
25 January 2017	68.1750	68.0650	68.1950	68.0850	68.1556
24 January 2017	68.0850	68.0750	68.1650	68.1550	68.1570
23 January 2017	68.0550	68.0250	68.2250	68.2050	68.0843
20 January 2017	68.0550	68.0250	68.2350	68.1950	68.0883
19 January 2017	68.1950	68.1150	68.2650	68.1350	68.1766
18 January 2017	67.9350	67.8950	68.0850	68.0850	67.9364
17 January 2017	68.0850	67.9550	68.1450	67.9550	68.0509
16 January 2017	68.2350	68.0950	68.2650	68.1050	68.1558
13 January 2017	68.1550	68.1450	68.2650	68.1550	68.2310
12 January 2017	68.1550	67.9550	68.1550	68.0950	68.0858
11 January 2017	68.2250	68.1750	68.3550	68.3250	68.2276
10 January 2017	68.0650	67.9850	68.1850	68.1850	68.0641
9 January 2017	68.1650	68.1450	68.2550	68.2150	68.1863
6 January 2017	67.8550	67.8050	68.0350	67.9650	67.9522
5 January 2017	67.8950	67.7650	67.9950	67.9650	67.7884
4 January 2017	68.2850	68.0550	68.2850	68.0550	68.1791
3 January 2017	68.1350	68.0550	68.3450	68.3350	68.0864
2 January 2017	67.9550	67.9350	68.2350	68.2250	68.0225
30 December 2016	67.9550	67.8550	67.9950	67.9250	67.9547
29 December 2016	68.2450	68.0650	68.2450	68.1050	68.1241
28 December 2016	68.0950	68.0950	68.2450	68.2250	68.2250
27 December 2016	67.8350	67.8150	68.0750	68.0650	67.9967
26 December 2016	67.8350	67.7250	67.8650	67.7450	67.8331
23 December 2016	67.9250	67.7750	67.9450	67.8250	67.9117
22 December 2016	67.8250	67.8250	68.0350	67.9950	67.9136
21 December 2016	67.9350	67.8450	67.9550	67.9150	67.8724
20 December 2016	67.8650	67.8150	68.0750	68.0350	67.8954
19 December 2016	67.7850	67.7150	67.8750	67.8750	67.7262
16 December 2016	67.8250	67.7350	67.8550	67.7650	67.7777
15 December 2016	67.7650	67.7150	67.8750	67.8350	67.7994
14 December 2016	67.5350	67.4350	67.5950	67.4350	67.5604
13 December 2016	67.4650	67.4350	67.5450	67.5450	67.4867
9 December 2016	67.4850	67.4050	67.6450	67.4250	67.5840
8 December 2016	67.5250	67.3250	67.5250	67.3550	67.4325
7 December 2016	67.8450	67.6350	68.0450	67.6350	67.8707
6 December 2016	68.1450	67.8750	68.1450	67.9050	68.0322
5 December 2016	68.1750	68.1250	68.2650	68.2150	68.1703
2 December 2016	68.2850	68.2050	68.3850	68.2050	68.3689
1 December 2016	68.4850	68.3150	68.5050	68.3450	68.3734
30 November 2016	68.6750	68.3650	68.6750	68.3850	68.5260
29 November 2016	68.7350	68.6250	68.7650	68.6550	68.6535
28 November 2016	68.4250	68.4250	68.7950	68.7650	68.7235
25 November 2016	68.7150	68.3650	68.7150	68.4650	68.4626
24 November 2016	68.7450	68.5850	68.8650	68.7350	68.6560
23 November 2016	68.3650	68.3650	68.5750	68.5650	68.4772
22 November 2016	68.1250	68.0950	68.2650	68.2550	68.2317
21 November 2016	68.1150	68.0850	68.2650	68.1650	68.2575
18 November 2016	67.9950	67.9950	68.1950	68.1350	68.0937
17 November 2016	67.8850	67.7650	67.9350	67.8250	67.9106
16 November 2016	67.6750	67.6150	67.9650	67.9450	67.7791
15 November 2016	67.6150	67.5350	67.8550	67.7450	67.7173
11 November 2016	67.1550	66.9650	67.2550	67.2550	67.0292
10 November 2016	66.4850	66.3350	66.6550	66.6350	66.4273
9 November 2016	66.8050	66.4050	66.9250	66.4350	66.7968
8 November 2016	66.7150	66.6150	66.7250	66.6250	66.7073
7 November 2016	66.7350	66.6850	66.7650	66.7450	66.7301
4 November 2016	66.7250	66.7050	66.7650	66.7050	66.7219
3 November 2016	66.7150	66.6750	66.7650	66.7450	66.6942
2 November 2016	66.7950	66.7050	66.8650	66.7150	66.8294
1 November 2016	66.7250	66.6850	66.7750	66.7150	66.7140
27 October 2016	66.9250	66.8550	66.9250	66.8650	66.8854
26 October 2016	66.7950	66.7650	66.8450	66.8350	66.7621
25 October 2016	66.9250	66.8250	66.9250	66.8250	66.8777
24 October 2016	66.9050	66.8250	66.9150	66.8550	66.8625
21 October 2016	66.8950	66.8450	66.9450	66.8950	66.8943
20 October 2016	66.6850	66.6850	66.8350	66.8150	66.7411
19 October 2016	66.6750	66.6650	66.7650	66.6750	66.7145
18 October 2016	66.7950	66.6650	66.7950	66.7250	66.7268
17 October 2016	66.8050	66.7550	66.8950	66.8950	66.7779
14 October 2016	66.8450	66.7050	66.8950	66.7150	66.8481
13 October 2016	66.8350	66.7650	66.9650	66.9350	66.8473
10 October 2016	66.5750	66.5250	66.6150	66.5350	66.5856
7 October 2016	66.7450	66.6850	66.8750	66.6850	66.7875
6 October 2016	66.5650	66.5650	66.6950	66.6950	66.6322
5 October 2016	66.6250	66.5050	66.6550	66.5050	66.5699
4 October 2016	66.5450	66.3850	66.6050	66.4550	66.5559
3 October 2016	66.5450	66.4550	66.5950	66.5850	66.5330
30 September 2016	66.8650	66.5750	66.8650	66.6150	66.6596
29 September 2016	66.4350	66.4350	66.9250	66.8550	66.5521
28 September 2016	66.4550	66.4350	66.4950	66.4650	66.4482
27 September 2016	66.5250	66.4450	66.5350	66.4950	66.4627
26 September 2016	66.7550	66.6050	66.7850	66.6050	66.7095
23 September 2016	66.6850	66.6250	66.7350	66.6550	66.6519
22 September 2016	66.8650	66.6550	66.8950	66.6650	66.8451
21 September 2016	66.9950	66.9850	67.1450	67.0250	67.0631
20 September 2016	66.9850	66.9450	67.0650	67.0150	67.0200
19 September 2016	66.9550	66.8650	66.9850	66.9650	66.8737
16 September 2016	66.8550	66.8450	67.0250	66.9850	66.8804
15 September 2016	66.8750	66.8250	67.0750	67.0250	67.0248
14 September 2016	66.9950	66.8250	67.0450	66.8950	66.9642
13 September 2016	-	-	-	-	-
9 September 2016	66.5750	66.5350	66.7650	66.6850	66.5462
8 September 2016	66.4450	66.3850	66.4850	66.4150	66.4483
7 September 2016	66.3650	66.3350	66.3950	66.3750	66.3618
6 September 2016	66.5350	66.4950	66.5750	66.5250	66.5469
2 September 2016	66.8450	66.8150	66.8650	66.8250	66.8405
1 September 2016	67.0450	66.9450	67.0750	66.9550	66.9539
31 August 2016	67.0950	66.9650	67.0950	66.9650	66.9813
30 August 2016	67.1350	67.0250	67.1350	67.0250	67.0879
29 August 2016	67.1450	67.1350	67.2150	67.1750	67.1810
26 August 2016	67.0250	66.9850	67.0750	67.0650	67.0299
25 August 2016	67.0850	67.0150	67.1050	67.0550	67.0876
24 August 2016	67.1350	67.0950	67.1550	67.1150	67.1320
23 August 2016	67.1350	67.0450	67.1450	67.0650	67.0885
22 August 2016	67.2150	67.1550	67.2450	67.1950	67.1940
19 August 2016	66.9450	66.9050	67.0650	67.0650	66.9296
18 August 2016	66.8450	66.7550	66.8750	66.8150	66.7939
16 August 2016	66.8550	66.7350	66.9350	66.7650	66.8983
12 August 2016	66.8050	66.7950	66.8950	66.8950	66.8252
11 August 2016	66.8050	66.8050	66.9150	66.8450	66.8571
10 August 2016	66.6750	66.6750	66.7750	66.7250	66.7442
9 August 2016	66.8350	66.8350	66.9850	66.8450	66.9633
8 August 2016	66.8450	66.7150	66.8550	66.8450	66.7407
5 August 2016	66.8650	66.7550	66.8950	66.7750	66.8141
4 August 2016	66.8450	66.8450	66.9950	66.9150	66.9447
3 August 2016	66.6950	66.6950	67.0150	66.9950	66.9368
2 August 2016	66.7750	66.6950	66.7850	66.7350	66.7612
1 August 2016	66.7950	66.7050	66.7950	66.7450	66.7412
29 July 2016	67.0450	66.9650	67.0850	67.0250	67.0340
28 July 2016	67.0650	67.0050	67.1050	67.0450	67.0550
27 July 2016	67.3350	67.1450	67.3450	67.1450	67.2362
26 July 2016	67.4050	67.2450	67.4350	67.2750	67.3680
25 July 2016	67.1950	67.1650	67.3550	67.3550	67.2430
22 July 2016	67.1850	67.0750	67.2150	67.0750	67.1355
21 July 2016	67.2150	67.1650	67.2750	67.1750	67.2035
20 July 2016	67.1550	67.1450	67.2550	67.2050	67.1720
19 July 2016	67.2250	67.1050	67.2250	67.1050	67.1462
18 July 2016	67.1450	67.0550	67.2150	67.2050	67.1015
15 July 2016	66.8850	66.8550	67.1350	67.0650	67.0655
14 July 2016	67.0050	66.8750	67.0350	66.9150	66.9136
13 July 2016	67.0850	67.0250	67.2150	67.0550	67.2046
12 July 2016	67.1650	67.1050	67.1950	67.1850	67.1471
11 July 2016	67.1250	67.0650	67.2150	67.1250	67.1426
8 July 2016	67.4650	67.3050	67.5050	67.3650	67.4584
7 July 2016	67.4650	67.3450	67.5050	67.3950	67.4972
6 July 2016	67.3250	67.3250	67.5150	67.4650	67.4028
5 July 2016	67.3250	67.3250	67.5150	67.4650	67.4028
4 July 2016	67.2250	67.1550	67.2850	67.2750	67.1848
1 July 2016	67.4950	67.3150	67.4950	67.3250	67.4410
30 June 2016	67.5450	67.4850	67.7150	67.5250	67.6166
29 June 2016	67.7850	67.6150	67.8450	67.6850	67.7443
28 June 2016	67.7750	67.7250	67.9550	67.9550	67.8867
27 June 2016	68.0750	67.8150	68.0750	67.9450	67.9000
24 June 2016	67.9150	67.7850	68.2150	67.9650	68.0144
23 June 2016	67.4350	67.2450	67.4350	67.2550	67.3702
22 June 2016	67.5850	67.4350	67.6150	67.4850	67.5570
21 June 2016	67.3950	67.3550	67.5550	67.4950	67.4767
20 June 2016	67.6450	67.2950	67.6950	67.3150	67.4087
17 June 2016	67.2150	67.0350	67.2150	67.0850	67.1682
16 June 2016	67.1250	67.1250	67.3350	67.2150	67.2068
15 June 2016	67.2550	67.0750	67.2550	67.1550	67.1596
14 June 2016	67.1950	67.1150	67.2950	67.2650	67.1520
13 June 2016	66.9350	66.9350	67.1950	67.1350	67.0737
10 June 2016	66.8050	66.7350	66.8750	66.7650	66.7948
9 June 2016	66.5850	66.5550	66.7950	66.7150	66.6250
8 June 2016	66.7750	66.6250	66.8150	66.6550	66.7370
7 June 2016	66.9050	66.7250	66.9350	66.7750	66.8305
6 June 2016	66.9550	66.8650	67.0550	66.9650	66.9614
3 June 2016	67.2350	67.1550	67.3750	67.2550	67.2415
2 June 2016	67.4250	67.2150	67.4250	67.2950	67.2533
1 June 2016	67.2350	67.1150	67.4650	67.4550	67.3526
31 May 2016	-	-	-	-	67.2030
30 May 2016	67.2050	67.1650	67.3650	67.1650	67.3398
27 May 2016	67.0250	66.9550	67.1250	67.0350	67.0613
26 May 2016	67.3250	67.1450	67.3850	67.1750	67.2855
25 May 2016	67.6350	67.3150	67.6350	67.3350	67.4467
24 May 2016	67.6350	67.6050	67.7550	67.7550	67.7060
23 May 2016	67.2950	67.2550	67.5050	67.4950	67.3492
20 May 2016	67.4250	67.3150	67.5050	67.4450	67.4076
19 May 2016	67.1450	67.1350	67.3950	67.3650	67.2307
18 May 2016	66.9450	66.8650	67.0050	66.9850	66.9131
17 May 2016	66.7450	66.6650	66.8850	66.8750	66.7233
16 May 2016	66.8950	66.7250	66.9150	66.8050	66.8216
13 May 2016	66.7750	66.7050	66.8250	66.7750	66.7609
12 May 2016	66.6250	66.5350	66.6750	66.6250	66.5977
11 May 2016	66.8150	66.5650	66.8350	66.5650	66.6958
10 May 2016	66.6550	66.6050	66.7350	66.6850	66.7224
9 May 2016	66.5150	66.3950	66.5850	66.5850	66.4379
6 May 2016	66.5650	66.5450	66.6150	66.5550	66.5830
5 May 2016	66.5950	66.4450	66.6050	66.5550	66.5105
4 May 2016	66.6250	66.4950	66.6550	66.5550	66.5388
3 May 2016	66.3450	66.2250	66.4650	66.4250	66.2698
2 May 2016	66.4050	66.3150	66.4550	66.4450	66.3435
29 April 2016	66.4750	66.2850	66.5650	66.3350	66.5176
28 April 2016	66.3950	66.3650	66.5550	66.5250	66.4045
27 April 2016	66.5150	66.4050	66.5950	66.4450	66.5460
26 April 2016	66.7250	66.4750	66.8450	66.5250	66.7330
25 April 2016	66.6550	66.6150	66.7550	66.6150	66.6839
22 April 2016	66.5050	66.4650	66.6050	66.4850	66.4925
21 April 2016	66.3150	66.1750	66.4150	66.3950	66.2930
20 April 2016	66.2750	66.0950	66.3450	66.2250	66.2406
18 April 2016	66.6350	66.5250	66.7050	66.5550	66.6663
13 April 2016	66.3550	66.3050	66.6550	66.6450	66.4293
12 April 2016	66.3950	66.3950	66.5450	66.4250	66.4950
11 April 2016	66.5050	66.3350	66.5050	66.4350	66.3925
7 April 2016	66.5350	66.4150	66.6250	66.4750	66.4698
6 April 2016	66.4150	66.3750	66.7150	66.6550	66.5807
5 April 2016	66.2450	66.0750	66.5150	66.4650	66.3248
4 April 2016	66.2950	66.1050	66.3750	66.2050	66.2430
1 April 2016	-	-	-	-	66.3329
31 March 2016	66.3450	66.1750	66.3650	66.2550	66.3329
30 March 2016	66.4750	66.3250	66.4950	66.3750	66.4105
29 March 2016	66.4950	66.4650	66.6050	66.5450	66.5580
28 March 2016	66.8950	66.5650	66.9050	66.5750	66.6680
23 March 2016	66.7450	66.6150	66.9250	66.6350	66.8640
22 March 2016	66.5850	66.5150	66.8350	66.7150	66.5411
21 March 2016	3,355.7300	66.4150	66.5450	66.5350	66.5040
18 March 2016	66.6150	66.4950	66.7050	66.5050	66.6088
17 March 2016	66.8950	66.6350	66.9550	66.7550	66.8806
16 March 2016	67.3550	67.2150	67.4450	67.2250	67.3680
15 March 2016	67.2250	67.1750	67.4250	67.3850	67.2290
14 March 2016	66.9950	66.8850	67.1450	67.1150	67.0230
11 March 2016	67.1550	66.9450	67.2550	67.0450	67.0868
10 March 2016	67.2450	66.9850	67.2450	67.0750	67.0510
9 March 2016	67.4450	67.1750	67.5150	67.2150	67.4632
8 March 2016	67.2050	67.1950	67.4550	67.3550	67.3380
4 March 2016	67.2250	67.0850	67.3450	67.0850	67.2713
3 March 2016	67.3950	67.2850	67.4450	67.3450	67.3786
2 March 2016	67.7350	67.5350	67.7650	67.5450	67.7022
1 March 2016	68.2650	67.8650	68.3550	67.8650	68.1580
29 February 2016	68.6850	68.3550	68.7450	68.4250	68.6160
26 February 2016	68.7350	68.6250	68.7950	68.6250	68.7775
25 February 2016	68.4750	68.4750	68.7750	68.7150	68.5990
24 February 2016	68.6550	68.4850	68.6550	68.5650	68.5650
23 February 2016	68.6450	68.4450	68.6850	68.5850	68.6408
22 February 2016	68.5950	68.5050	68.6950	68.6050	68.5517
18 February 2016	68.3850	68.3250	68.5850	68.4650	68.4940
17 February 2016	68.4950	68.3950	68.6750	68.4750	68.5920
16 February 2016	68.1350	68.1250	68.4250	68.3750	68.3360
15 February 2016	68.1950	68.0150	68.1950	68.0650	68.1348
12 February 2016	68.3950	68.1450	68.4750	68.2350	68.4365
11 February 2016	67.9450	67.9050	68.3450	68.2950	68.0155
10 February 2016	67.8950	67.8150	67.9850	67.8550	67.8781
9 February 2016	68.1350	67.8950	68.2150	67.9050	68.1623
8 February 2016	67.8550	67.7850	67.9550	67.9450	67.8190
5 February 2016	67.6650	67.5850	67.7250	67.6450	67.6365
4 February 2016	67.8550	67.5450	67.8750	67.5450	67.8093
3 February 2016	68.1850	68.0350	68.2550	68.0750	68.1825
2 February 2016	67.8450	67.7750	67.9950	67.9850	67.8340
1 February 2016	67.7650	67.6350	67.8750	67.8450	67.6728
29 January 2016	68.1050	67.7750	68.1250	67.7950	67.8763
28 January 2016	68.1450	68.0150	68.2550	68.2250	68.0858
27 January 2016	67.8950	67.8950	68.0850	68.0550	67.9803
25 January 2016	67.5450	67.5350	67.8450	67.8350	67.6428
22 January 2016	67.8050	67.6150	67.8350	67.6350	67.7480
21 January 2016	67.8850	67.8250	68.1050	68.0250	68.0600
20 January 2016	67.7950	67.7650	68.1650	67.9550	67.9774
19 January 2016	67.6650	67.5250	67.7350	67.6450	67.5630
18 January 2016	67.7050	67.4950	67.7350	67.6850	67.5880
15 January 2016	67.3450	67.2450	67.7050	67.6050	67.4325
14 January 2016	66.9850	66.9850	67.2950	67.2950	67.0950
13 January 2016	66.8150	66.7250	66.9150	66.8550	66.8394
12 January 2016	66.8350	66.7250	66.9750	66.8650	66.8905
11 January 2016	66.8950	66.7050	66.9250	66.8150	66.7885
8 January 2016	66.7450	66.5950	66.7750	66.6350	66.6690
7 January 2016	66.8550	66.6650	66.9650	66.9350	66.9115
6 January 2016	66.6950	66.6650	66.8350	66.8250	66.7165
5 January 2016	66.5150	66.4250	66.6550	66.5950	66.5418
4 January 2016	66.2550	66.2550	66.6250	66.6150	66.4623
1 January 2016	66.1850	66.1350	66.2650	66.1450	66.1780
31 December 2015	66.4550	66.0950	66.4550	66.1550	66.3260
30 December 2015	66.4450	66.3750	66.4750	66.3850	66.4243
29 December 2015	66.2450	66.2450	66.4150	66.3950	66.3700
28 December 2015	66.1050	66.0850	66.2150	66.1950	66.1380
23 December 2015	66.2550	66.1250	66.3050	66.2150	66.2020
22 December 2015	66.3050	66.2750	66.3450	66.3250	66.2985
21 December 2015	66.3450	66.2650	66.3550	66.3550	66.3240
18 December 2015	66.4750	66.3150	66.5250	66.4050	66.4235
17 December 2015	66.6250	66.4150	66.6750	66.4250	66.6488
16 December 2015	66.9050	66.7050	66.9250	66.7350	66.8468
15 December 2015	67.0350	66.9150	67.1150	66.9250	67.0435
14 December 2015	67.0850	66.9550	67.1250	67.0950	66.9940
11 December 2015	66.7950	66.7350	66.9050	66.8850	66.7860
10 December 2015	66.8850	66.7150	66.8850	66.7150	66.7905
9 December 2015	66.8350	66.7250	66.9250	66.8350	66.7500
8 December 2015	66.8550	66.7150	66.8450	66.8350	66.7983
7 December 2015	66.6950	66.5650	66.7450	66.7350	66.6263
4 December 2015	66.9450	66.6750	67.0050	66.6850	66.8365
3 December 2015	66.6750	66.6350	66.7650	66.6550	66.7450
2 December 2015	66.5250	66.4650	66.6650	66.5950	66.6158
1 December 2015	66.5250	66.4350	66.6050	66.4950	66.5180
30 November 2015	66.7850	66.6350	66.8650	66.6750	66.8148
27 November 2015	66.6450	66.6450	66.8950	66.7650	66.7503
26 November 2015	66.3550	66.3450	66.6750	66.5650	66.5507
24 November 2015	66.3750	66.3150	66.4650	66.3250	66.3840
23 November 2015	66.1550	66.1550	66.4750	66.4750	66.3490
20 November 2015	66.0950	66.0750	66.2750	66.1850	66.0940
19 November 2015	66.1050	66.0550	66.2350	66.1750	66.1105
18 November 2015	66.1150	66.0850	66.3250	66.2950	66.1138
17 November 2015	65.9550	65.8950	66.0950	66.0250	65.9805
16 November 2015	66.2050	65.9450	66.2550	66.0050	66.1690
13 November 2015	66.1750	66.0950	66.2350	66.1050	66.1390
12 November 2015	-	-	-	-	-
11 November 2015	-	-	-	-	-
10 November 2015	66.4350	66.3050	66.4750	66.3150	66.3495
9 November 2015	66.4150	66.3150	66.5050	66.4450	66.3378
6 November 2015	65.8050	65.7350	65.8350	65.7650	65.7910
5 November 2015	65.5950	65.5950	65.7650	65.7450	65.6755
4 November 2015	65.5650	65.4550	65.6250	65.4850	65.5680
3 November 2015	65.4850	65.4050	65.7050	65.6550	65.4510
2 November 2015	65.3950	65.3650	65.6250	65.5850	65.4793
30 October 2015	65.2650	65.1150	65.3750	65.2750	65.2231
29 October 2015	65.1450	65.1250	65.3250	65.2950	65.1515
28 October 2015	65.0650	64.9250	65.0950	64.9250	65.0408
27 October 2015	64.9650	64.9450	64.9950	64.9750	64.9553
26 October 2015	64.9950	64.9150	65.0150	64.9650	64.9603
23 October 2015	64.7950	64.7750	64.9550	64.8350	64.8815
21 October 2015	65.0850	65.0850	65.2250	65.1250	65.1513
20 October 2015	64.9450	64.8650	65.0550	65.0550	64.8908
19 October 2015	64.7750	64.7350	64.8450	64.8050	64.8178
16 October 2015	64.8650	64.8050	65.0250	64.8050	64.9697
15 October 2015	64.7450	64.7150	64.8750	64.8250	64.8240
14 October 2015	65.1050	65.0050	65.1750	65.0350	65.1123
13 October 2015	64.8850	64.8550	65.1850	65.1850	65.0215
12 October 2015	64.8250	64.6950	64.8850	64.7550	64.7260
9 October 2015	64.9050	64.7150	64.9250	64.7450	64.7848
8 October 2015	65.0250	65.0250	65.1750	65.0550	65.1570
7 October 2015	65.2950	64.9550	65.3650	64.9550	65.2571
6 October 2015	65.2550	65.2550	65.4450	65.4150	65.3908
5 October 2015	65.2550	65.2050	65.3350	65.2950	65.2905
1 October 2015	65.5750	65.4850	65.6650	65.5150	65.5540
30 September 2015	65.8750	65.5850	65.8750	65.5850	65.7418
29 September 2015	66.3350	65.9250	66.4150	65.9650	66.1843
28 September 2015	66.1150	66.0250	66.1550	66.0450	66.0805
24 September 2015	66.2050	66.0350	66.2750	66.1550	66.0993
23 September 2015	66.0150	65.8950	66.1250	65.9850	65.9696
22 September 2015	65.6650	65.5550	65.9550	65.8850	65.6250
21 September 2015	65.8850	65.6150	65.8850	65.7250	65.7531
18 September 2015	66.1450	65.6650	66.2150	65.6750	65.9255
16 September 2015	66.4050	66.3450	66.5050	66.4650	66.5000
15 September 2015	66.3550	66.3350	66.4650	66.3650	66.4383
14 September 2015	66.4050	66.3050	66.4950	66.3250	66.3708
11 September 2015	66.3450	66.3250	66.5850	66.5450	66.3866
10 September 2015	66.7250	66.4250	66.7650	66.4350	66.5840
9 September 2015	66.3850	66.2450	66.4550	66.4150	66.2945
8 September 2015	66.7750	66.5250	66.7950	66.5450	66.6060
7 September 2015	66.5950	66.5750	66.8650	66.8250	66.7445
4 September 2015	66.1550	66.1550	66.5250	66.4650	66.4003
3 September 2015	66.2550	66.1650	66.2950	66.2450	66.2280
2 September 2015	66.3150	66.1150	66.3150	66.1950	66.1638
1 September 2015	66.4550	66.1850	66.4650	66.2250	66.2603
31 August 2015	66.2450	66.2050	66.4950	66.4850	66.3062
28 August 2015	66.0250	66.0250	66.2050	66.1450	66.0808
27 August 2015	65.9450	65.8650	66.1450	66.0450	66.0605
26 August 2015	66.2250	66.0650	66.3750	66.1450	66.1610
25 August 2015	66.5550	65.8750	66.7650	66.1050	66.7090
24 August 2015	66.4650	66.2950	66.7350	66.6450	66.5093
21 August 2015	65.7350	65.6950	65.9150	65.8250	65.8298
20 August 2015	65.1650	65.1250	65.5550	65.5450	65.2385
19 August 2015	65.4150	65.1150	65.4350	65.2750	65.2525
17 August 2015	65.1150	65.1150	65.3550	65.3150	65.2200
14 August 2015	65.2450	64.9550	65.3150	65.0050	65.1225
13 August 2015	64.7250	64.6350	65.2350	65.1050	64.9212
12 August 2015	64.5550	64.5550	64.9450	64.7750	64.8270
11 August 2015	64.1650	64.0350	64.2750	64.1950	64.1732
10 August 2015	63.7550	63.7350	63.9150	63.8750	63.7590
7 August 2015	63.7650	63.7550	63.8450	63.8150	63.8061
6 August 2015	63.7750	63.7250	63.8150	63.7650	63.7603
5 August 2015	63.9050	63.7250	63.9350	63.7550	63.8159
4 August 2015	64.0950	63.7450	64.0950	63.7550	63.9315
3 August 2015	64.0150	63.9950	64.0750	64.0450	63.9623
31 July 2015	64.0950	63.9850	64.1650	64.1350	64.0054
30 July 2015	63.9650	63.9250	64.0450	64.0450	64.0061
29 July 2015	63.8750	63.8250	63.9350	63.9150	63.8943
28 July 2015	64.1150	63.8950	64.1150	63.9150	64.0270
27 July 2015	64.0750	63.9950	64.2050	64.1650	64.0028
24 July 2015	63.9750	63.8850	64.0650	64.0450	63.8916
23 July 2015	63.6450	63.6350	63.8050	63.7650	63.7138
22 July 2015	63.5850	63.5150	63.6150	63.5750	63.5283
21 July 2015	63.7050	63.5450	63.7450	63.5450	63.6506
20 July 2015	63.5450	63.5250	63.6750	63.6650	63.5510
17 July 2015	63.5150	63.4550	63.5250	63.4750	63.4928
16 July 2015	63.5050	63.4750	63.5450	63.5150	63.4955
15 July 2015	63.3650	63.3550	63.4450	63.4150	63.3847
14 July 2015	63.5650	63.3850	63.5850	63.3850	63.4978
13 July 2015	63.4450	63.4050	63.5250	63.5150	63.4655
10 July 2015	63.3250	63.3250	63.4750	63.3950	63.3793
9 July 2015	63.5450	63.3850	63.5750	63.3850	63.5065
8 July 2015	63.5450	63.5250	63.6450	63.5950	63.5690
7 July 2015	63.3050	63.3050	63.4750	63.4650	63.3749
6 July 2015	63.6250	63.4050	63.6450	63.4050	63.5785
3 July 2015	63.4350	63.3550	63.4950	63.4350	63.3963
2 July 2015	63.6350	63.4950	63.6650	63.5150	63.5705
1 July 2015	63.6550	63.5550	63.6850	63.6050	63.6223
30 June 2015	63.7650	63.6350	63.8050	63.6450	63.7549
29 June 2015	63.8150	63.8250	63.9450	63.8450	63.9170
26 June 2015	63.6350	63.5750	63.6550	63.6450	63.6042
25 June 2015	63.6050	63.5550	63.6350	63.6250	63.6121
24 June 2015	63.6450	63.5750	63.7050	63.5950	63.6600
23 June 2015	63.5850	63.5550	63.6550	63.6050	63.6406
22 June 2015	63.5250	63.4650	63.5750	63.5150	63.5098
19 June 2015	63.6850	63.5250	63.8650	63.5550	63.8195
18 June 2015	63.9450	63.7050	63.9450	63.7350	63.8495
17 June 2015	64.1850	64.0950	64.1950	64.1150	64.1135
16 June 2015	64.0550	64.0550	64.3050	64.2550	64.1505
15 June 2015	64.1450	63.9950	64.1750	64.1650	64.0868
12 June 2015	63.9550	63.8950	64.1450	64.0650	64.0301
11 June 2015	63.8150	63.7450	64.0050	63.9750	63.8910
10 June 2015	64.0250	63.7850	64.0450	63.8450	63.8849
9 June 2015	63.9650	63.8650	64.0150	63.9250	63.9360
8 June 2015	64.0450	64.0050	64.1650	64.0850	64.1100
5 June 2015	64.0150	63.7550	64.0150	63.7550	63.8955
4 June 2015	64.0950	63.9850	64.2550	64.0050	64.1775
3 June 2015	63.7750	63.7550	64.0750	63.9050	63.8515
2 June 2015	63.6950	63.6650	63.9650	63.8250	63.8330
1 June 2015	63.7950	63.5850	63.7950	63.7050	63.6083
29 May 2015	63.8050	63.6950	63.8750	63.8150	63.7615
28 May 2015	63.9750	63.7550	63.9950	63.8050	63.9010
27 May 2015	64.0550	63.8950	64.1550	64.0150	63.9475
26 May 2015	63.6050	63.6050	64.0050	63.9850	63.8450
25 May 2015	63.6150	63.5350	63.6650	63.5650	63.6228
22 May 2015	63.5850	63.5050	63.6250	63.5050	63.5728
21 May 2015	63.7350	63.6250	63.7450	63.6450	63.7000
20 May 2015	63.7750	63.6650	63.8850	63.8250	63.8655
19 May 2015	63.7950	63.5450	63.8050	63.6750	63.6868
18 May 2015	63.4550	63.4550	63.7350	63.7150	63.5543
15 May 2015	63.4950	63.4650	63.6150	63.5150	63.5788
14 May 2015	63.9750	63.6150	64.0350	63.6550	63.8380
13 May 2015	64.1850	63.9450	64.2150	64.0050	64.1895
12 May 2015	64.1250	64.1250	64.2650	64.1650	64.2020
11 May 2015	63.8550	63.7750	64.0150	63.8550	63.8495
8 May 2015	64.1250	63.9050	64.1750	63.9350	64.0493
7 May 2015	63.7750	63.6950	64.2850	64.2350	63.8800
6 May 2015	63.3450	63.3050	63.6450	63.5450	63.6425
5 May 2015	63.5350	63.3850	63.5950	63.4350	63.5194
30 April 2015	63.5150	63.3950	63.7150	63.4250	63.5780
29 April 2015	63.2250	63.1450	63.3850	63.3050	63.2025
28 April 2015	63.3550	63.1150	63.4550	63.1450	63.3305
27 April 2015	63.6950	63.4650	63.7650	63.4850	63.6115
24 April 2015	63.2750	63.2050	63.6450	63.5650	63.4006
23 April 2015	62.9550	62.8950	63.3350	63.3250	63.1850
22 April 2015	62.8450	62.7150	63.0150	62.8250	62.8183
21 April 2015	63.1250	62.7050	63.1550	62.8550	62.9200
20 April 2015	62.5450	62.5050	62.9250	62.9150	62.5633
17 April 2015	62.3250	62.3050	62.3850	62.3650	62.3460
16 April 2015	62.3450	62.2850	62.3950	62.3050	62.3685
15 April 2015	62.3750	62.3750	62.4450	62.3750	62.4026
13 April 2015	62.3350	62.3250	62.5650	62.5150	62.3885
10 April 2015	62.3050	62.2950	62.4150	62.3150	62.3660
9 April 2015	62.1650	62.1450	62.2850	62.2450	62.2560
8 April 2015	62.3250	62.2150	62.3650	62.2450	62.3295
7 April 2015	62.2250	62.2250	62.4050	62.2550	62.3321
6 April 2015	62.0350	62.0350	62.2450	62.1950	62.1580
1 April 2015	-	-	-	-	62.5908
31 March 2015	62.6150	62.4850	62.6650	62.4950	62.5908
30 March 2015	62.5650	62.5250	62.6850	62.6750	62.6305
27 March 2015	62.8050	62.3950	62.8050	62.4250	62.6069
26 March 2015	62.5550	62.5350	62.7750	62.6750	62.6728
25 March 2015	62.3250	62.2650	62.4350	62.3350	62.3419
24 March 2015	62.2050	62.1450	62.2850	62.2650	62.1988
23 March 2015	62.4050	62.2450	62.4050	62.2750	62.2879
20 March 2015	62.5050	62.4350	62.5750	62.4650	62.4923
19 March 2015	62.3750	62.3550	62.6650	62.5150	62.4208
18 March 2015	62.6850	62.6150	62.7850	62.6950	62.6720
17 March 2015	62.7750	62.6750	62.7750	62.7050	62.6920
16 March 2015	62.9850	62.7550	62.9850	62.8050	62.8215
13 March 2015	62.4850	62.4350	63.0050	62.9650	62.6733
12 March 2015	62.7750	62.4950	62.7850	62.5050	62.5665
11 March 2015	62.8250	62.6950	62.8750	62.7850	62.7450
10 March 2015	62.8050	62.6250	62.8250	62.7650	62.6983
9 March 2015	62.6050	62.5350	62.7350	62.5450	62.6160
5 March 2015	62.3150	62.1550	62.3350	62.1650	62.2015
4 March 2015	61.6650	61.6550	62.2750	62.2550	61.8543
3 March 2015	61.8850	61.7950	61.9450	61.9150	61.8387
2 March 2015	61.8950	61.8050	61.9950	61.8650	61.8248
27 February 2015	61.8650	61.7550	61.9150	61.8350	61.7908
26 February 2015	61.9250	61.7050	61.9850	62.2050	61.9395
25 February 2015	62.0650	61.9550	62.0750	61.9650	62.0468
24 February 2015	62.2550	62.2050	62.3350	62.2050	62.2758
23 February 2015	62.2050	62.1450	62.3150	62.3150	62.1838
20 February 2015	62.2150	62.1950	62.2750	62.2250	62.2550
18 February 2015	62.2050	62.2050	62.3550	62.3450	62.2450
16 February 2015	62.1550	62.0750	62.2250	62.1650	62.2023
13 February 2015	62.1350	62.0450	62.2050	62.1950	62.1360
12 February 2015	62.3950	62.2050	62.4650	62.3050	62.4300
11 February 2015	62.2650	62.1150	62.2950	62.2550	62.1536
10 February 2015	62.1450	61.9250	62.1950	62.1850	61.9634
9 February 2015	62.0050	61.9750	62.2150	62.6050	62.1410
6 February 2015	61.7250	61.6750	61.8150	61.7050	61.7363
5 February 2015	61.8750	61.7050	61.9350	61.7350	61.8748
4 February 2015	61.6650	61.5550	61.8650	61.7550	61.6800
3 February 2015	61.6250	61.6150	61.8450	61.6750	61.7389
2 February 2015	61.9950	61.7650	62.0050	61.7950	61.8840
30 January 2015	61.8350	61.7050	62.0350	61.8650	61.7575
29 January 2015	61.4350	61.4250	61.8850	61.8550	61.4998
28 January 2015	61.5050	61.2950	61.5250	61.4150	61.4105
27 January 2015	61.5050	61.3750	61.5050	61.4150	61.4640
23 January 2015	61.4350	61.3750	61.6050	61.4250	61.4988
22 January 2015	61.6250	61.5050	61.7550	61.7050	61.6910
21 January 2015	61.7250	61.5450	61.7150	61.6450	61.6140
20 January 2015	61.8250	61.6850	61.9050	61.6950	61.8475
19 January 2015	61.6450	61.5750	61.7950	61.7150	61.6990
16 January 2015	62.0850	61.7950	62.2050	61.8650	61.8933
15 January 2015	61.8850	61.4750	62.1150	62.0650	61.7588
14 January 2015	62.0850	62.0750	62.2250	62.1850	62.1530
13 January 2015	62.0850	62.0250	62.1850	62.1450	62.1021
12 January 2015	62.1550	62.0950	62.2550	62.1650	62.1605
9 January 2015	62.4850	62.2950	62.5250	62.3350	62.3953
8 January 2015	63.1950	62.5850	63.2050	62.6750	62.9670
7 January 2015	63.5050	63.1650	63.5550	63.1750	63.4495
6 January 2015	63.3750	63.3050	63.6250	63.5750	63.3850
5 January 2015	63.4350	63.2850	63.4750	63.4150	63.3888
2 January 2015	63.4250	63.2450	63.4850	63.2850	63.2878
1 January 2015	63.1650	63.1650	63.4550	63.3550	63.3213
31 December 2014	63.3150	63.0350	63.3850	63.0350	63.3315
30 December 2014	63.7150	63.3550	63.7850	63.3850	63.7498
29 December 2014	63.6650	63.6250	63.7150	63.6750	63.6539
26 December 2014	63.4450	63.4450	63.6950	63.5650	63.6355
24 December 2014	63.4350	63.3750	63.5650	63.5250	63.4614
23 December 2014	63.2950	63.2450	63.4950	63.2850	63.4475
22 December 2014	63.2950	63.1350	63.3150	63.2450	63.1757
19 December 2014	63.0450	62.9950	63.3350	63.2950	63.0670
18 December 2014	63.3550	63.1150	63.3850	63.1150	63.3161
17 December 2014	63.7750	63.4850	63.8850	63.6250	63.5813
16 December 2014	63.2450	63.2050	63.5950	63.5350	63.4135
15 December 2014	62.5050	62.4550	62.9450	62.9450	62.6529
12 December 2014	62.4450	62.2450	62.5050	62.2950	62.4422
11 December 2014	62.1750	62.1250	62.3550	62.3350	62.2059
10 December 2014	61.9650	61.9150	62.0450	62.0250	61.9500
9 December 2014	61.8850	61.8450	61.9150	61.8850	61.8750
8 December 2014	61.9750	61.8350	61.9750	61.8350	61.9253
5 December 2014	61.8350	61.7750	61.8850	61.7750	61.8535
4 December 2014	61.9350	61.8650	61.9550	61.9350	61.8771
3 December 2014	61.8750	61.8350	61.9550	61.9150	61.8866
1 December 2014	62.2350	62.0250	62.2450	62.0250	62.1377
28 November 2014	61.9350	61.8750	62.0750	62.0350	61.9736
27 November 2014	61.8050	61.8050	61.9150	61.8750	61.8650
26 November 2014	61.8450	61.8050	61.8950	61.8550	61.8658
25 November 2014	61.9050	61.8450	62.0450	61.8750	61.9195
24 November 2014	61.6950	61.6550	61.9650	61.9450	61.7798
21 November 2014	61.8450	61.7550	61.9050	61.7750	61.8505
20 November 2014	62.0250	61.9350	62.2150	61.9550	62.1044
19 November 2014	61.8350	61.7850	61.9950	61.9650	61.8280
18 November 2014	61.4550	61.6050	61.5150	61.5050	61.8080
17 November 2014	61.6250	61.6150	61.7850	61.7350	61.6780
14 November 2014	61.6150	61.6050	61.8250	61.7250	61.6475
13 November 2014	61.4850	61.4850	61.5950	61.5550	61.5560
12 November 2014	61.5250	61.4550	61.5650	61.5150	61.4785
11 November 2014	61.5650	61.5250	61.6450	61.5550	61.5500
10 November 2014	61.4550	61.4350	61.5150	61.5050	61.4513
7 November 2014	61.5250	61.4950	61.6750	61.6250	61.5210
5 November 2014	61.3450	61.3350	61.4950	61.4150	61.3870
3 November 2014	61.4950	61.3750	61.5050	61.4050	61.4120
31 October 2014	61.3950	61.3350	61.4450	61.3650	61.4080
30 October 2014	61.5150	61.3850	61.5550	61.4550	61.4636
29 October 2014	61.2550	61.2450	61.3650	61.3550	61.3174
28 October 2014	61.3350	61.2950	61.4050	61.3250	61.3524
27 October 2014	61.1750	61.1750	61.3650	61.3050	61.2290
22 October 2014	61.1550	61.1550	61.2950	61.2850	61.2360
21 October 2014	61.2950	61.2550	61.3650	61.3150	61.2970
20 October 2014	61.2050	61.1750	61.3750	61.3650	61.2870
17 October 2014	61.6850	61.4150	61.7450	61.4450	61.6170
16 October 2014	61.5350	61.4350	61.9350	61.8350	61.4800
14 October 2014	60.9250	60.9250	61.4550	61.4150	61.1080
13 October 2014	61.2550	61.0950	61.3050	61.1050	61.2460
10 October 2014	-	-	-	-	61.1600
9 October 2014	61.1250	60.9050	61.1350	61.0550	61.0400
8 October 2014	61.4650	61.3450	61.5150	61.4050	61.4600
7 October 2014	61.4050	61.3050	61.4650	61.3950	61.3600
1 October 2014	-	-	-	-	61.7500
30 September 2014	61.6050	61.5550	61.8250	61.7550	61.6100
29 September 2014	61.3450	61.3150	61.5950	61.5350	61.4300
26 September 2014	61.4650	61.0050	61.6150	61.1450	61.5700
25 September 2014	60.9550	60.9550	61.4250	61.3450	61.0200
24 September 2014	61.0350	60.9250	61.0450	60.9650	61.0300
23 September 2014	60.9350	60.8650	61.0050	60.9450	60.8700
22 September 2014	60.8550	60.7350	60.8850	60.8250	60.7900
19 September 2014	60.7750	60.7350	60.8950	60.8150	60.8100
18 September 2014	61.1050	60.8350	61.2050	60.8350	61.0600
17 September 2014	60.9750	60.8750	61.0250	60.9250	60.9500
16 September 2014	61.0150	61.0150	61.1350	61.0550	61.1000
15 September 2014	60.9250	60.9250	61.1750	61.1350	60.9900
12 September 2014	60.9650	60.6450	61.0250	60.6450	60.8400
11 September 2014	60.8650	60.7050	60.9450	60.9350	60.9200
10 September 2014	60.7750	60.7550	61.0350	60.9450	60.8300
9 September 2014	60.4350	60.4050	60.6550	60.6050	60.4300
8 September 2014	60.2850	60.2450	60.3150	60.2950	60.2600
5 September 2014	60.4450	60.3750	60.5150	60.3950	60.4400
4 September 2014	60.4650	60.3550	60.4950	60.3650	60.4500
3 September 2014	60.6350	60.3350	60.6850	60.4850	60.5400
2 September 2014	60.5950	60.5250	60.6950	60.6850	60.6100
1 September 2014	60.5050	60.4250	60.5450	60.5250	60.4700
28 August 2014	60.3950	60.3550	60.6950	60.5050	60.4700
27 August 2014	60.4750	60.3850	60.5150	60.4550	60.4700
26 August 2014	60.5250	60.4350	60.5550	60.4350	60.5000
25 August 2014	60.5550	60.4050	60.5750	60.5650	60.4300
22 August 2014	60.5150	60.3750	60.5650	60.4650	60.4400
21 August 2014	-	60.6150	60.7950	60.6750	60.7700
20 August 2014	60.8350	60.5150	60.8850	60.6150	60.6700
19 August 2014	60.7750	60.6550	60.7750	60.6850	60.7300
14 August 2014	61.1050	60.7650	61.1250	60.7650	61.0600
13 August 2014	61.2750	61.2150	61.2950	61.2250	61.2500
12 August 2014	61.1650	61.0750	61.2250	61.0850	61.1800
11 August 2014	-	-	-	-	61.1200
8 August 2014	61.6250	61.1350	61.7350	61.1350	61.5600
7 August 2014	61.3650	61.2150	61.5550	61.2250	61.4100
6 August 2014	-	61.0350	61.5350	61.4950	61.3400
5 August 2014	-	-	-	-	60.8700
4 August 2014	60.9050	60.8750	61.1650	60.9350	61.0200
1 August 2014	60.7450	60.6950	61.1850	61.1750	60.8500
31 July 2014	60.2450	60.2050	60.5650	60.5550	60.2500
30 July 2014	-	-	-	-	60.1500
28 July 2014	60.0850	60.0850	60.1650	60.1350	60.1000
25 July 2014	60.1150	60.0650	60.1850	60.1050	60.1400
24 July 2014	60.0150	59.9850	60.1250	60.1250	60.0000
23 July 2014	60.1350	60.0550	60.1950	60.0950	60.1800
22 July 2014	60.2450	60.1850	60.2850	60.2450	60.2400
21 July 2014	60.3050	60.1650	60.3150	60.3050	60.1900
18 July 2014	60.4050	60.2450	60.4650	60.2850	60.3300
17 July 2014	60.1550	60.1050	60.2050	60.1850	60.1400
16 July 2014	60.2350	60.0950	60.2750	60.1250	60.1900
15 July 2014	60.1250	60.7500	60.2450	60.1250	60.2200
14 July 2014	60.0050	59.9050	60.2050	60.0750	60.0100
11 July 2014	-	-	-	-	60.1900
10 July 2014	59.6950	59.5750	60.2150	60.1950	59.8800
9 July 2014	59.8750	59.6750	59.9350	59.7550	59.7300
8 July 2014	59.9550	59.6750	59.9950	59.7850	59.8000
7 July 2014	59.7950	59.7950	60.0450	60.0150	59.9500
4 July 2014	59.6950	59.6450	59.8250	59.7250	59.7900
3 July 2014	59.6750	59.5250	59.8450	59.7350	59.7200
2 July 2014	60.0650	59.6150	60.0950	59.6950	59.9700
1 July 2014	60.1050	60.0550	60.1850	60.0950	60.1400
30 June 2014	60.0450	59.9950	60.2650	60.1750	60.0900
27 June 2014	60.0850	60.0650	60.1450	60.0950	60.1000
26 June 2014	-	-	-	-	60.1600
25 June 2014	60.2450	60.1250	60.3850	60.1350	60.2800
24 June 2014	60.1550	60.0750	60.1650	60.1350	60.1100
23 June 2014	60.0950	60.0450	60.2750	60.2050	60.1900
20 June 2014	60.2150	60.1350	60.3350	60.1850	60.2800
19 June 2014	59.9950	59.8550	60.1850	60.0850	60.0000
18 June 2014	60.2850	60.0550	60.5450	60.3950	60.1200
17 June 2014	60.3550	60.0250	60.5150	60.0350	60.3700
16 June 2014	59.8150	59.8150	60.2250	60.1650	60.0100
13 June 2014	59.3050	59.3050	59.7950	59.7650	59.4800
12 June 2014	59.2950	59.2350	59.3650	59.2550	59.3300
11 June 2014	59.3250	59.2150	59.3550	59.2750	59.3300
10 June 2014	59.2450	59.2250	59.3350	59.2950	59.2600
9 June 2014	59.0850	58.9850	59.2250	59.2050	59.0600
6 June 2014	59.1350	59.1050	59.2350	59.1750	59.2000
5 June 2014	59.2750	59.2450	59.3550	59.3350	59.3000
4 June 2014	59.4250	59.2050	59.4450	59.3350	59.3400
3 June 2014	59.1650	59.1250	59.4150	59.3850	59.2100
2 June 2014	59.2750	59.0550	59.2850	59.1550	59.1400
30 May 2014	59.0250	58.9250	59.1350	59.1050	59.0300
29 May 2014	58.9250	58.7950	59.0750	59.0350	58.8400
28 May 2014	59.0250	58.8050	59.2150	58.9350	59.0800
27 May 2014	58.7950	58.7950	59.1050	59.0450	59.0600
26 May 2014	58.4450	58.4150	58.9250	58.7150	58.5900
23 May 2014	58.4650	58.3350	58.5550	58.5250	58.4800
22 May 2014	58.6050	58.4150	58.6950	58.4750	58.5700
21 May 2014	58.6950	58.6850	58.8650	58.7850	58.7700
20 May 2014	58.6350	58.5150	58.7950	58.6350	58.7500
19 May 2014	58.5450	58.3750	58.6150	58.5950	58.4300
16 May 2014	58.9950	58.6250	59.1050	58.7850	58.8600
15 May 2014	59.4750	59.0950	59.6150	59.2950	59.4700
13 May 2014	59.6750	59.5950	59.9250	59.6650	59.8800
12 May 2014	-	-	-	-	59.7300
9 May 2014	60.0650	59.9250	60.1050	60.0450	60.0500
8 May 2014	59.9550	59.9250	60.0950	60.0750	59.9900
7 May 2014	60.0450	59.9550	60.1450	60.1450	60.0400
6 May 2014	60.0550	60.0450	60.2250	60.1150	60.2000
5 May 2014	60.0850	59.9950	60.2450	60.2150	60.0500
2 May 2014	60.2250	60.0950	60.2550	60.1650	60.2300
30 April 2014	60.3550	60.2650	60.4050	60.3150	60.3400
29 April 2014	60.5950	60.3650	60.6250	60.4250	60.5300
28 April 2014	60.6250	60.4250	60.7450	60.6450	60.5000
25 April 2014	61.0650	60.5350	61.1450	60.6050	61.1200
23 April 2014	60.8750	60.8650	61.1950	61.0750	61.0700
22 April 2014	60.6750	60.6450	60.8850	60.7650	60.7100
21 April 2014	60.2950	60.2950	60.5950	60.5950	60.3400
17 April 2014	60.2950	60.2650	60.4950	60.2950	60.3800
16 April 2014	60.2950	60.2050	60.4250	60.3750	60.2300
15 April 2014	60.3150	60.2050	60.3450	60.2350	60.2600
11 April 2014	60.3250	60.1350	60.3450	60.1750	60.2700
10 April 2014	60.0350	60.0350	60.3050	60.0750	60.2100
9 April 2014	59.9750	59.8050	60.1550	60.1450	60.0700
7 April 2014	59.9050	59.7850	60.2350	60.1150	59.9500
4 April 2014	60.3550	60.0850	60.3950	60.0850	60.3200
3 April 2014	-	-	-	-	60.1200
2 April 2014	-	-	-	-	59.6500
1 April 2014	-	-	-	-	-
31 March 2014	-	-	-	-	60.1000
28 March 2014	60.1750	59.6850	60.1750	59.9150	60.1000
27 March 2014	60.2450	60.1150	60.3550	60.3150	60.1300
26 March 2014	60.3050	60.0750	60.3050	60.1450	60.1700
25 March 2014	60.5950	60.4250	60.5950	60.4850	60.4900
24 March 2014	60.8450	60.6450	60.8450	60.7750	60.7000
21 March 2014	61.1950	60.8950	61.1950	60.8950	61.0500
20 March 2014	61.3750	61.0650	61.3950	61.3450	61.1300
19 March 2014	61.0750	60.9150	61.1650	60.9550	61.1000
18 March 2014	61.0250	60.8750	61.2150	61.1950	60.9500
14 March 2014	61.4150	61.0650	61.5450	61.1950	61.5200
13 March 2014	61.0250	60.9150	61.1850	61.1750	61.0200
12 March 2014	61.1150	61.0350	61.2650	61.2150	61.0900
11 March 2014	60.8450	60.5950	60.9750	60.9450	60.7000
10 March 2014	61.2550	60.7950	61.3350	60.8550	61.2000
7 March 2014	-	-	-	-	60.9900
6 March 2014	-	-	-	-	61.3200
5 March 2014	-	-	-	-	61.8600
4 March 2014	62.1250	61.8250	62.1450	61.8550	61.9000
3 March 2014	61.9450	61.8350	62.0850	62.0450	61.8600
28 February 2014	-	-	-	-	62.0700
26 February 2014	-	-	-	-	61.9400
25 February 2014	61.9750	61.8850	62.0450	61.9450	61.9800
24 February 2014	62.0950	61.9450	62.1550	62.0750	62.1200
21 February 2014	62.1850	62.0550	62.1850	62.1250	62.1600
20 February 2014	62.3750	62.2050	62.4450	62.2350	62.2800
18 February 2014	62.0150	62.0050	62.3050	62.2050	62.1200
17 February 2014	61.9650	61.8250	62.0850	61.8450	61.9500
14 February 2014	62.2450	61.9250	62.3650	61.9350	62.2800
13 February 2014	62.0450	62.0350	62.4550	62.4250	62.2700
12 February 2014	-	-	-	-	62.1300
11 February 2014	-	-	-	-	62.4400
10 February 2014	62.1550	62.0850	62.4850	62.4350	62.1900
7 February 2014	62.3050	62.2450	62.4150	62.2850	62.3200
6 February 2014	62.3950	62.3750	62.5450	62.3750	62.5000
5 February 2014	62.4150	62.3550	62.6150	62.5750	62.4500
4 February 2014	62.8050	62.4950	62.8350	62.5350	62.6800
3 February 2014	62.7050	62.5650	62.7850	62.5650	62.6900
31 January 2014	62.4050	62.3550	62.7750	62.6850	62.4800
30 January 2014	62.9050	62.5450	62.9050	62.5650	62.7300
29 January 2014	62.3150	62.1050	62.5150	62.4150	62.2000
28 January 2014	63.1850	62.5050	63.1850	62.5150	62.9900
27 January 2014	62.8850	62.6550	63.3250	63.1050	62.7100
24 January 2014	62.1150	62.0750	62.7250	62.6650	62.1800
23 January 2014	61.9550	61.8850	62.0450	61.9350	61.9900
22 January 2014	61.8950	61.7650	62.0150	61.8250	61.9200
21 January 2014	61.5450	61.4550	61.9450	61.8850	61.5400
20 January 2014	61.6650	61.5450	61.6650	61.6250	61.6300
17 January 2014	61.4950	61.3150	61.5450	61.5450	61.3500
16 January 2014	61.6550	61.5050	61.7150	61.5450	61.5300
15 January 2014	61.6750	61.4250	61.7150	61.5450	61.5900
13 January 2014	61.6050	61.4250	61.6450	61.5250	61.5200
10 January 2014	61.9950	61.8350	62.0050	61.9050	61.9400
9 January 2014	62.2150	61.9650	62.2450	62.0750	62.1800
8 January 2014	62.1950	62.0750	62.2650	62.0750	62.2400
7 January 2014	62.4050	62.2950	62.4750	62.3050	62.3800
6 January 2014	62.3550	62.2350	62.4650	62.3150	62.3300
3 January 2014	62.3550	62.1450	62.5550	62.1650	62.4100
2 January 2014	61.8950	61.7450	62.2750	62.2650	61.9000
1 January 2014	61.7950	61.7950	61.9750	61.9050	61.9300
31 December 2013	61.8550	61.7650	61.9250	61.8050	61.9000
30 December 2013	61.9450	61.8850	62.1550	61.9150	62.0000
27 December 2013	61.9650	61.8350	62.1650	61.8550	62.0600
26 December 2013	61.8450	61.8450	62.1650	62.1650	61.9800
24 December 2013	61.8350	61.7850	61.9650	61.7950	61.8700
23 December 2013	62.0750	61.8350	62.0750	61.9550	61.9900
20 December 2013	62.4050	62.0150	62.4450	62.0450	62.2400
19 December 2013	62.2550	62.0750	62.4750	62.1450	62.3800
18 December 2013	61.8250	61.7750	62.1750	62.0950	61.9200
17 December 2013	61.7450	61.7450	62.0250	62.0150	61.9600
16 December 2013	62.1450	61.7350	62.2150	61.7350	62.1000
13 December 2013	62.0950	62.0550	62.2750	62.1250	62.1300
12 December 2013	61.5950	61.4750	61.8950	61.8150	61.6200
11 December 2013	61.2350	61.2350	61.4150	61.2450	61.3300
10 December 2013	60.9850	60.9750	61.2950	61.0550	61.2100
9 December 2013	60.8350	60.8350	61.2050	61.1350	61.1800
6 December 2013	61.6350	61.4050	61.7050	61.4150	61.6700
5 December 2013	61.7550	61.5250	61.8750	61.7550	61.6900
4 December 2013	62.4350	62.0450	62.5350	62.0550	62.3300
3 December 2013	62.2950	62.2750	62.4450	62.3650	62.3400
2 December 2013	62.3550	61.9650	62.3550	62.3150	62.2300
29 November 2013	62.3050	62.2050	62.6450	62.4450	62.3900
28 November 2013	62.3950	62.2650	62.4750	62.4150	62.3900
27 November 2013	62.4550	62.1450	62.4550	62.1450	62.3600
26 November 2013	62.4450	62.2850	62.5450	62.5050	62.4500
25 November 2013	62.6450	62.4350	62.6850	62.5050	62.5800
22 November 2013	62.9050	62.8450	63.0850	62.8750	63.0200
21 November 2013	62.9050	62.7450	62.9950	62.9350	62.8900
20 November 2013	62.2450	62.2350	62.6750	62.5750	62.5600
19 November 2013	62.2150	61.8650	62.3850	62.3650	62.2300
18 November 2013	62.8450	62.3750	62.9150	62.4150	62.6300
14 November 2013	63.1550	62.9550	63.3350	63.1150	63.0600
13 November 2013	63.8950	63.2850	63.9050	63.3050	63.6500
12 November 2013	63.4350	63.3050	63.8350	63.7150	63.5900
11 November 2013	62.9950	62.9350	63.4350	63.2450	63.3000
8 November 2013	62.7050	62.4650	62.7550	62.4750	62.7300
7 November 2013	62.3950	62.3350	62.7250	62.4150	62.5700
6 November 2013	62.0050	61.8350	62.4050	62.3950	61.9200
5 November 2013	61.9450	61.6150	61.9550	61.6250	61.7900
1 November 2013	61.9550	61.6950	61.9550	61.7450	61.9000
31 October 2013	61.3750	61.3050	61.5650	61.5050	61.4100
30 October 2013	61.4450	61.2350	61.5950	61.2350	61.4900
29 October 2013	61.5950	61.3150	61.7150	61.3150	61.4600
28 October 2013	61.4150	61.3750	61.5950	61.5250	61.5000
25 October 2013	61.4950	61.4650	61.7850	61.4650	61.6300
24 October 2013	61.5650	61.3550	61.6850	61.4650	61.4100
23 October 2013	61.0950	61.0550	61.6650	61.5950	61.5300
22 October 2013	61.7150	61.5350	61.8250	61.6550	61.7800
21 October 2013	61.3450	61.3450	61.5750	61.5250	61.4900
18 October 2013	61.1850	60.9250	61.7150	61.2750	61.2800
17 October 2013	61.5550	61.2150	61.7250	61.2350	61.5800
15 October 2013	61.2750	61.2550	61.9450	61.8350	61.6900
14 October 2013	61.1450	61.1350	61.5550	61.5550	61.3000
11 October 2013	61.1050	61.0150	61.3650	61.0750	61.1600
10 October 2013	62.1950	61.3250	62.2850	61.3950	62.1400
9 October 2013	62.0750	61.7150	62.3050	61.9550	61.9200
8 October 2013	61.7350	61.6150	61.9050	61.7950	61.6900
7 October 2013	61.4950	61.4950	61.9550	61.7950	61.7800
4 October 2013	61.8550	61.2550	61.9450	61.4350	61.4100
3 October 2013	62.1550	61.6550	62.2150	61.7350	61.9300
1 October 2013	62.5050	62.1750	62.5550	62.4650	62.3600
30 September 2013	63.0050	62.5050	63.0350	62.6050	62.7800
27 September 2013	61.9050	61.7650	62.5550	62.5150	61.8100
26 September 2013	62.3050	61.9850	62.3650	62.0750	62.2300
25 September 2013	62.7550	62.3150	62.8850	62.4450	62.7000
24 September 2013	62.8050	62.4550	62.9050	62.7550	62.6600
23 September 2013	62.5450	62.3350	62.7250	62.6050	62.5200
20 September 2013	62.0450	61.8850	62.6050	62.2350	62.2400
19 September 2013	61.7050	61.6450	62.1050	61.7750	61.7500
18 September 2013	63.2450	63.0450	63.4450	63.3850	63.1400
17 September 2013	63.3650	62.9550	63.6450	63.3750	63.3800
16 September 2013	62.7950	62.4450	62.9050	62.8350	62.4800
13 September 2013	63.7450	63.3450	64.1850	63.4950	63.7900
12 September 2013	63.1950	62.9250	63.9650	63.5050	63.6700
11 September 2013	63.8950	63.0650	64.1950	63.3850	63.9000
10 September 2013	64.3950	63.7850	64.5350	63.8450	64.2200
6 September 2013	65.9950	64.9950	66.3150	65.2450	65.9600
5 September 2013	66.0950	65.5350	66.5150	66.0150	66.0400
4 September 2013	68.0950	66.8050	68.6250	67.0650	67.0300
3 September 2013	66.2950	66.2450	68.2650	67.6350	66.8900
2 September 2013	66.1050	65.6750	66.3050	66.0050	65.8600
30 August 2013	66.9950	65.7050	67.4350	65.7050	66.5700
29 August 2013	67.2050	66.5050	67.9150	66.5550	67.7100
28 August 2013	66.9050	66.8950	68.8450	68.8050	68.3600
27 August 2013	64.9950	64.9950	66.2950	66.2450	65.6700
26 August 2013	63.6950	63.6550	64.7450	64.3050	64.2300
23 August 2013	64.3050	63.2050	64.7550	63.2050	64.6900
22 August 2013	64.9050	64.5150	65.5650	64.5550	65.4200
21 August 2013	63.4450	63.1450	64.5450	-	63.4600
20 August 2013	63.7550	63.1750	64.1250	63.2550	63.7300
19 August 2013	62.3450	62.2250	63.2750	63.1350	62.3500
16 August 2013	61.3450	61.3250	62.0250	61.6550	61.8200
14 August 2013	61.4650	61.2850	61.5550	61.4350	61.5200
13 August 2013	61.3650	60.9650	61.6550	61.1950	61.4300
12 August 2013	60.4850	60.4450	61.3050	61.2750	60.8000
8 August 2013	61.1950	60.8150	61.3950	60.8850	61.1200
7 August 2013	61.2550	60.9450	61.4450	61.3050	61.3900
6 August 2013	61.0550	60.7750	61.7950	60.7750	61.5400
5 August 2013	61.0250	60.7250	61.0450	60.8850	60.8200
2 August 2013	60.6150	60.5950	61.1750	61.1050	60.8000
1 August 2013	60.7950	60.2550	60.8950	60.4350	60.7400
31 July 2013	60.8550	60.3550	61.1650	60.4050	61.1200
30 July 2013	59.6250	59.5250	60.5550	60.4750	59.8300
29 July 2013	59.1050	59.0850	59.4550	59.4250	59.3000
26 July 2013	58.8250	58.6950	59.0950	59.0450	58.9100
25 July 2013	59.2950	58.7650	59.3850	59.1150	58.9400
24 July 2013	59.4050	59.0150	59.5950	59.1350	59.4500
23 July 2013	59.4950	59.4950	59.8650	59.7650	59.6900
22 July 2013	59.3050	59.2950	59.7250	59.7250	59.4100
19 July 2013	59.7250	59.3050	59.8650	59.3550	59.8000
18 July 2013	59.6150	59.4950	59.7850	59.6750	59.7100
17 July 2013	59.0450	59.0450	59.5750	59.3450	59.3600
16 July 2013	59.1950	59.1450	59.4950	59.3150	59.3900
15 July 2013	59.9350	59.7750	60.0750	59.8950	60.0500
12 July 2013	59.7550	59.5550	60.1650	59.5550	59.9000
11 July 2013	59.3250	59.3250	59.9850	59.6750	59.6400
10 July 2013	60.0350	59.6350	60.2050	59.6650	60.1300
9 July 2013	59.8050	59.6450	60.4750	60.1450	60.0700
8 July 2013	60.9450	60.5850	61.2150	60.6150	61.0500
5 July 2013	60.1150	60.0050	60.5950	60.2250	60.3400
4 July 2013	60.1050	59.9150	60.3750	60.1350	60.0900
3 July 2013	59.8750	59.8350	60.3850	60.2250	60.1000
2 July 2013	59.4950	59.1750	59.7150	59.6650	59.4100
28 June 2013	60.0050	59.2050	60.0050	59.3850	59.7000
27 June 2013	60.4550	60.1050	60.6250	60.1950	60.5900
26 June 2013	59.7350	59.7350	60.7650	60.7150	59.8500
25 June 2013	59.6550	59.4550	59.7850	59.6650	59.7000
24 June 2013	59.5450	59.5450	59.8250	59.6850	59.7300
21 June 2013	59.7950	59.1350	59.7950	59.2750	59.3500
20 June 2013	59.6750	59.5050	59.9850	59.5750	59.7000
19 June 2013	58.8250	58.6150	58.9150	58.7150	58.7400
18 June 2013	58.2450	58.2250	58.8050	58.7750	58.4500
17 June 2013	57.6950	57.5450	57.8950	57.8750	57.7300
14 June 2013	57.7650	57.4550	57.9250	57.5250	57.7400
13 June 2013	58.1050	57.9450	58.5550	57.9850	58.4100
12 June 2013	58.2050	57.7250	58.3850	57.7950	58.2700
11 June 2013	58.3250	58.2450	58.9850	58.3950	58.9300
10 June 2013	57.2550	57.1750	58.1550	58.1550	57.7800
7 June 2013	56.7050	56.6750	57.1150	57.0650	56.7400
6 June 2013	56.9550	56.7950	57.0050	56.8450	56.8700
5 June 2013	56.4250	56.3150	56.7850	56.7250	56.4200
4 June 2013	56.5750	56.3950	56.7350	56.4450	56.6400
3 June 2013	56.5550	56.4150	56.8250	56.7650	56.5700
31 May 2013	56.5550	56.3950	56.7550	56.5050	56.5000
30 May 2013	56.1350	56.0450	56.3850	56.3850	56.1000
29 May 2013	56.1550	56.0750	56.3650	56.1750	56.2400
28 May 2013	55.6850	55.6350	55.9950	55.9650	55.7400
27 May 2013	55.7750	55.5250	55.7750	55.5750	55.6200
24 May 2013	55.6150	55.4350	55.7650	55.6350	55.6100
23 May 2013	55.8450	55.5450	56.0050	55.5950	55.9900
22 May 2013	55.3750	55.3350	55.6450	55.4650	55.5200
21 May 2013	54.9750	54.9450	55.4150	55.4150	55.0400
20 May 2013	55.0550	54.9650	55.1350	55.1050	55.0400
17 May 2013	54.8450	54.8150	54.9950	54.8850	54.8900
16 May 2013	54.7650	54.6550	54.8950	54.7850	54.7700
15 May 2013	54.8550	54.6550	54.9050	54.7850	54.7800
14 May 2013	54.7450	54.5250	54.8350	54.8150	54.6300
13 May 2013	54.8550	54.7150	55.0250	54.7350	54.9200
10 May 2013	54.5950	54.4350	54.8050	54.8050	54.5400
9 May 2013	54.1450	54.1450	54.3150	54.2550	54.2400
8 May 2013	-	-	-	-	54.1600
7 May 2013	54.1850	54.0650	54.3550	54.1450	54.2800
6 May 2013	53.7750	53.7650	54.2450	54.1850	53.9500
3 May 2013	-	-	-	-	53.9500
2 May 2013	53.8150	53.6650	53.9550	53.8150	53.7400
30 April 2013	54.1250	53.7950	54.2450	53.8050	54.2200
29 April 2013	54.3550	54.2150	54.3850	54.2450	54.2800
26 April 2013	54.1450	54.1450	54.4150	54.3750	54.2900
25 April 2013	54.1750	54.1150	54.2650	54.2250	54.1700
23 April 2013	54.2450	54.2450	54.4250	54.3850	54.3000
22 April 2013	53.9550	53.9250	54.2450	54.1450	54.1700
18 April 2013	54.1350	53.9650	54.2450	53.9750	54.0300
17 April 2013	53.9350	53.7650	54.2150	54.2150	53.9400
16 April 2013	54.6350	54.1250	54.6350	54.1450	54.3300
15 April 2013	54.6550	54.5850	54.7950	54.6250	54.6300
12 April 2013	54.3450	54.3450	54.6250	54.5250	54.4400
10 April 2013	54.4150	54.4050	54.5650	54.5250	54.5300
9 April 2013	54.4850	54.4050	54.6550	54.5850	54.4600
8 April 2013	54.7950	54.5350	54.8350	54.5650	54.7200
5 April 2013	54.8050	54.7650	54.8950	54.8150	54.8800
4 April 2013	54.4950	54.4950	54.8950	54.8750	54.6500
3 April 2013	54.4150	54.3450	54.4650	54.4350	54.3900
2 April 2013	54.2750	54.2450	54.3650	54.2650	54.3300
1 April 2013	-	-	-	-	-
28 March 2013	54.4650	54.2650	54.4750	54.2850	54.3900
26 March 2013	54.3450	54.2550	54.4150	54.3650	54.2700
25 March 2013	54.1550	54.0550	54.2350	54.1750	54.1000
22 March 2013	54.3550	54.2650	54.4050	54.3350	54.3400
21 March 2013	54.3050	54.1850	54.3350	54.2850	54.2800
20 March 2013	54.5450	54.2650	54.5650	54.3650	54.3800
19 March 2013	54.0650	53.9050	54.4750	54.3750	54.2600
18 March 2013	54.2850	54.1150	54.3450	54.1650	54.2900
15 March 2013	54.1550	53.9650	54.2050	54.0250	54.1600
14 March 2013	54.3550	54.1650	54.5250	54.3550	54.4400
13 March 2013	54.1550	54.0250	54.3650	54.3050	54.1100
12 March 2013	54.2950	54.1750	54.3950	54.1750	54.3400
11 March 2013	54.4150	54.1750	54.5150	54.4150	54.2900
8 March 2013	54.5150	54.2750	54.5650	54.2850	54.4000
7 March 2013	54.8450	54.5050	54.9150	54.5650	54.7400
6 March 2013	54.7350	54.6150	54.8850	54.7250	54.7100
5 March 2013	54.8250	54.6150	54.9250	54.9250	54.6500
4 March 2013	55.1450	54.7950	55.1550	54.8650	55.0500
1 March 2013	54.7350	54.4050	54.9450	54.9050	54.4800
28 February 2013	53.6650	53.5850	54.4850	54.3650	53.7700
27 February 2013	54.0650	53.6350	54.0650	53.8750	53.8400
26 February 2013	54.0750	53.9950	54.2250	54.0950	54.0600
25 February 2013	54.2250	53.8650	54.2450	53.8750	54.0400
22 February 2013	54.5150	54.1450	54.5350	54.1850	54.4300
21 February 2013	54.3650	54.2950	54.6050	54.4850	54.4800
20 February 2013	54.1750	54.0250	54.1750	54.0750	54.0500
18 February 2013	54.4250	54.1450	54.4350	54.1850	54.2900
15 February 2013	53.9250	53.8550	54.2350	54.2250	53.9900
14 February 2013	53.8150	53.8150	53.9650	53.9250	53.8700
13 February 2013	53.7450	53.7450	53.9150	53.8250	53.8500
12 February 2013	53.9450	53.8450	54.0750	53.8450	53.9600
11 February 2013	53.6450	53.5950	53.8650	53.8550	53.6800
8 February 2013	53.4750	53.4250	53.6550	53.5350	53.5700
7 February 2013	53.1250	53.0650	53.3150	53.2250	53.1400
6 February 2013	52.9650	52.8650	53.2650	53.1650	53.0900
5 February 2013	53.3950	53.0750	53.4150	53.1350	53.2900
4 February 2013	53.0250	52.9150	53.3250	53.2950	52.9700
1 February 2013	53.2250	53.1650	53.4050	53.1950	53.3200
31 January 2013	53.2750	53.0750	53.3750	53.2250	53.2900
30 January 2013	53.5550	53.2950	53.5950	53.3150	53.5700
29 January 2013	53.9550	53.5450	53.9550	53.7750	53.7000
28 January 2013	53.8050	53.7550	53.9550	53.9150	53.8900
24 January 2013	53.6950	53.6250	53.8950	53.6850	53.8500
23 January 2013	53.6850	53.5850	53.8750	53.6750	53.7700
22 January 2013	53.6150	53.3750	53.8850	53.8150	53.5100
21 January 2013	53.7250	53.6350	53.9650	53.7750	53.8700
18 January 2013	54.1350	53.7050	54.1950	53.7150	53.9500
17 January 2013	54.7050	54.2250	54.7750	54.3850	54.6400
16 January 2013	54.7150	54.6850	54.8850	54.6950	54.8300
15 January 2013	-	-	-	-	54.5400
14 January 2013	54.7450	54.4250	54.8150	54.5050	54.6400
11 January 2013	54.4050	54.3950	54.8450	54.7650	54.5400
10 January 2013	54.7450	54.5650	54.7850	54.5650	54.6300
9 January 2013	55.0150	54.7050	55.0750	54.7550	54.9600
8 January 2013	55.1550	54.9950	55.3750	54.9950	55.3300
7 January 2013	54.9950	54.9350	55.3150	55.2150	54.9800
4 January 2013	54.8950	54.7650	55.1650	55.0750	54.8500
3 January 2013	54.3950	54.3750	54.6150	54.5050	54.4200
2 January 2013	54.4050	54.2650	54.5350	54.3550	54.3900
1 January 2013	54.8950	54.6850	54.9150	54.6850	54.8300
31 December 2012	54.7550	54.6350	55.0050	55.0050	54.7800
28 December 2012	54.9250	54.7550	54.9750	54.7650	54.8500
27 December 2012	54.7750	54.7250	54.9850	54.9350	54.8500
26 December 2012	55.0950	54.8050	55.0950	54.8450	54.9600
24 December 2012	55.0950	54.9550	55.2150	54.9550	55.0900
21 December 2012	54.9950	54.9850	55.2550	55.0650	55.0900
20 December 2012	54.6650	54.6450	54.9050	54.8550	54.8400
19 December 2012	54.9050	54.5050	54.9250	54.5550	54.7400
18 December 2012	54.7050	54.7050	55.0550	54.8550	54.8500
17 December 2012	54.4150	54.3950	54.8850	54.8550	54.6300
14 December 2012	54.4450	54.2650	54.6950	54.4950	54.3900
13 December 2012	54.1750	54.0950	54.5150	54.4650	54.2300
12 December 2012	54.2950	54.1550	54.3350	54.3250	54.2700
11 December 2012	54.4050	54.2550	54.4650	54.2650	54.3200
10 December 2012	54.3050	54.2550	54.5750	54.4950	54.3400
7 December 2012	54.2550	54.1050	54.5550	54.4750	54.2000
6 December 2012	54.3750	54.0450	54.5750	54.1450	54.4700
5 December 2012	54.5950	54.4450	54.6350	54.5550	54.5700
4 December 2012	54.7550	54.5950	54.9550	54.6850	54.9500
3 December 2012	54.2750	54.2350	54.7850	54.7750	54.5600
30 November 2012	54.5550	54.2750	54.6950	54.2750	54.5300
29 November 2012	55.5450	54.7650	55.6050	54.8450	55.2000
27 November 2012	55.5350	55.4350	55.7750	55.4550	55.7000
26 November 2012	55.4450	55.4250	55.8750	55.7250	55.6900
23 November 2012	55.1950	55.1950	55.6150	55.5150	55.3400
22 November 2012	55.0750	55.0050	55.2650	55.2150	55.1600
21 November 2012	55.1350	55.0650	55.3650	55.1150	55.2000
20 November 2012	54.8150	54.7950	55.1350	55.1050	54.9100
19 November 2012	-	-	-	-	54.9700
16 November 2012	54.8450	54.8450	55.2050	55.1650	54.9900
15 November 2012	54.9850	54.6850	55.0850	54.7050	54.9600
12 November 2012	54.6750	54.6150	55.1150	54.8850	54.9300
9 November 2012	54.3050	54.2750	54.7750	54.7550	54.3400
8 November 2012	54.5050	54.3450	54.6750	54.3750	54.4400
7 November 2012	54.2950	53.9650	54.3450	54.2150	54.2500
6 November 2012	54.7050	54.3550	54.7850	54.4350	54.6000
5 November 2012	53.9950	53.9950	54.6550	54.6050	54.0800
2 November 2012	53.6850	53.6150	53.8650	53.8150	53.6600
1 November 2012	53.8450	53.6650	53.9050	53.7050	53.7800
31 October 2012	54.0050	53.7750	54.2050	53.8150	54.1200
30 October 2012	54.0950	53.8550	54.1950	53.9650	54.1700
29 October 2012	-	-	-	-	53.8100
25 October 2012	53.8150	53.4750	53.8350	53.5750	53.6300
23 October 2012	53.4050	53.3450	53.8350	53.7250	53.5900
22 October 2012	53.8950	53.4750	53.8950	53.4750	53.6700
19 October 2012	53.6950	53.5850	53.9850	53.8550	53.7200
18 October 2012	52.9550	52.9150	53.4350	53.4250	52.9700
17 October 2012	52.7250	52.6750	52.9650	52.8750	52.7500
16 October 2012	52.9950	52.7850	53.0150	52.8950	52.8200
15 October 2012	52.9950	52.9150	53.1550	53.0250	53.1200
12 October 2012	52.6350	52.5550	52.8950	52.8150	52.7000
11 October 2012	53.0850	52.6250	53.1550	52.6950	53.0700
10 October 2012	52.9750	52.8450	53.1850	53.0550	53.0400
9 October 2012	52.3750	52.2250	52.8350	52.7250	52.3800
8 October 2012	51.9650	51.9650	52.6450	52.6450	52.2100
5 October 2012	51.3650	51.3650	52.0250	51.8550	51.6200
4 October 2012	52.0050	51.6550	52.0450	-	51.9800
3 October 2012	52.5450	52.1350	52.5650	52.1650	52.3300
1 October 2012	53.0050	52.3950	53.0050	52.4050	52.7800
28 September 2012	52.7350	52.4950	52.9050	52.8550	52.7000
27 September 2012	53.4750	52.9950	53.5550	53.0250	53.2600
26 September 2012	53.4950	53.4250	53.6250	53.5150	53.5800
25 September 2012	53.3750	53.3150	53.6250	53.3650	53.5300
24 September 2012	53.3950	53.0450	53.5350	53.4750	53.2900
21 September 2012	54.1550	53.3350	54.1950	53.4550	53.9100
20 September 2012	54.2950	54.2250	54.4150	54.3950	54.3400
18 September 2012	54.1750	53.9650	54.3750	54.0150	54.2600
17 September 2012	53.8050	53.6650	54.1450	54.0150	53.9700
14 September 2012	54.8850	54.2950	54.9250	54.3050	54.7300
13 September 2012	55.2950	55.2950	55.4850	55.4250	55.4400
12 September 2012	55.1450	55.1450	55.3750	55.2050	55.2600
11 September 2012	55.3950	55.3250	55.5350	55.3450	55.5200
10 September 2012	55.2650	55.2550	55.4850	55.4450	55.3400
7 September 2012	55.5650	55.3550	55.6250	55.3650	55.5200
6 September 2012	55.7950	55.6250	56.0250	55.6650	55.9700
5 September 2012	55.7450	55.7450	55.9550	55.9150	55.9000
4 September 2012	55.3750	55.3750	55.6950	55.6550	55.5400
3 September 2012	55.4350	55.4150	55.5950	55.5350	55.4500
31 August 2012	55.7450	55.5250	55.7750	55.5250	55.7200
30 August 2012	55.7150	55.5750	55.7550	55.6350	55.6500
29 August 2012	55.6950	55.5650	55.7450	55.6250	55.6700
28 August 2012	55.8050	55.6150	55.8850	55.6750	55.7800
27 August 2012	55.4950	55.4950	55.7150	55.6950	55.5900
24 August 2012	55.3550	55.3350	55.5450	55.5050	55.3800
23 August 2012	55.1950	55.1150	55.3150	55.2550	55.1900
22 August 2012	55.4750	55.3550	55.5550	55.4950	55.5100
21 August 2012	55.5550	55.4550	55.6150	55.5750	55.5400
17 August 2012	55.7050	55.6150	55.7750	55.7350	55.7000
16 August 2012	56.0050	55.7050	56.0350	55.7550	55.9900
14 August 2012	55.5450	55.4950	55.7850	55.6550	55.6400
13 August 2012	55.2750	55.1950	55.4750	55.3450	55.4200
10 August 2012	55.3450	55.2550	55.4750	55.2850	55.3400
9 August 2012	55.1850	55.0450	55.3850	55.2750	55.1700
8 August 2012	55.0750	54.9550	55.4250	55.4250	55.1500
7 August 2012	55.3050	55.0650	55.5050	55.0650	55.5000
6 August 2012	55.4850	55.2350	55.6550	55.5250	55.4700
3 August 2012	56.1650	55.7250	56.1850	55.7550	56.0800
2 August 2012	55.7550	55.6350	55.8950	55.8450	55.7800
1 August 2012	55.7450	55.4350	55.7550	55.4750	55.4800
31 July 2012	55.4050	55.4050	55.8450	55.6450	55.8100
30 July 2012	55.2850	55.2050	55.6150	55.5950	55.4400
27 July 2012	55.5250	55.3050	55.5750	55.3350	55.4100
26 July 2012	56.0350	55.5150	56.1050	55.5250	55.9500
25 July 2012	56.3150	56.1150	56.4350	56.1650	56.3800
24 July 2012	56.0250	55.9050	56.1650	56.1150	56.0200
23 July 2012	55.6950	55.6150	55.9750	55.9650	55.7600
20 July 2012	55.2550	55.0850	55.3250	55.3250	55.1500
19 July 2012	-	-	-	-	55.3800
18 July 2012	-	54.9750	55.5450	55.4850	55.3400
17 July 2012	54.8950	54.8150	55.2150	55.1150	55.1500
16 July 2012	54.8950	54.7650	55.3750	55.3050	54.9200
13 July 2012	55.6550	55.1050	55.6950	55.1550	55.6600
12 July 2012	55.6050	55.5350	55.9550	55.9350	55.7000
11 July 2012	55.6250	55.2550	55.7250	55.6350	55.3700
10 July 2012	55.8750	55.3350	55.9250	55.3950	55.8100
9 July 2012	55.8950	55.8150	56.0650	55.9350	56.0200
6 July 2012	55.4250	55.3350	55.6350	55.4250	55.4200
5 July 2012	54.7950	54.7850	55.2350	54.9450	55.0300
4 July 2012	54.3550	54.1850	54.8550	54.4850	54.5500
3 July 2012	55.3550	54.3450	55.4350	54.3650	54.8100
29 June 2012	56.5550	55.6450	56.6650	55.6450	56.3100
28 June 2012	57.0050	56.8050	57.1050	56.8050	56.9200
27 June 2012	56.9850	56.9850	57.2450	57.1550	57.2200
26 June 2012	56.9550	56.8450	57.1950	57.0150	57.0700
25 June 2012	56.7350	56.3750	57.1150	57.0150	56.5300
22 June 2012	56.7950	56.7550	57.3150	57.1250	56.9900
21 June 2012	56.4050	56.2650	56.5450	56.3050	56.4200
20 June 2012	55.9050	55.8250	56.1650	56.1550	55.8600
19 June 2012	55.9450	55.8650	56.1250	55.9550	56.0100
18 June 2012	55.2950	55.2750	56.0350	55.9350	55.6000
15 June 2012	55.6750	55.3950	55.7750	55.3950	55.7600
14 June 2012	55.7450	55.6250	55.8850	55.8050	55.7900
13 June 2012	55.6950	55.5450	55.9150	55.6850	55.8500
12 June 2012	55.8000	55.7050	56.0750	55.8050	56.0500
11 June 2012	55.1050	55.0850	55.8150	55.7450	55.2400
8 June 2012	55.1950	55.1450	55.6450	55.4250	55.3600
7 June 2012	55.0650	54.9250	55.2250	54.9450	55.1500
6 June 2012	55.4450	55.3250	55.6050	55.3650	55.5000
5 June 2012	55.3850	55.2850	55.9150	55.6450	55.5600
4 June 2012	55.4950	55.2650	55.6750	55.6750	55.5200
1 June 2012	56.2550	55.5450	56.2750	55.5450	55.9200
31 May 2012	56.5050	55.7350	56.5150	56.0850	56.4200
30 May 2012	55.9550	55.9550	56.2550	56.2550	56.0100
29 May 2012	55.3650	55.3650	55.8650	55.6750	55.5800
28 May 2012	55.2550	55.0150	55.3650	55.1950	55.2600
25 May 2012	56.0050	55.2450	56.0950	55.3750	55.7300
24 May 2012	-	55.6250	56.3950	55.6550	56.2900
23 May 2012	55.6550	55.5250	56.2250	56.0050	55.9300
22 May 2012	54.5950	54.5950	55.4750	55.3950	54.8800
21 May 2012	54.4550	54.4550	55.0550	55.0350	54.6800
18 May 2012	54.5950	54.4050	54.9150	54.4250	54.8800
17 May 2012	54.3950	54.2050	54.5850	54.4950	54.3900
16 May 2012	54.0950	54.0350	54.5250	54.4950	54.2900
15 May 2012	54.0550	53.5950	54.0750	53.7950	53.8400
14 May 2012	53.6650	53.5450	53.9750	53.9650	53.7100
11 May 2012	53.4950	53.3950	53.6950	53.6350	53.6400
10 May 2012	53.9050	52.9550	53.9050	53.4250	53.3400
9 May 2012	53.5350	53.4250	53.8550	53.8250	53.4600
8 May 2012	52.8350	52.6850	53.3150	53.1250	52.8600
7 May 2012	53.6250	52.8550	53.7650	52.9150	53.3400
4 May 2012	53.6550	53.4450	53.9250	53.4750	53.7200
3 May 2012	53.1050	53.1050	53.4750	53.4150	53.2400
2 May 2012	52.6450	52.5950	53.0250	52.9650	52.9300
30 April 2012	52.4550	52.4350	52.7550	52.7350	52.5200
27 April 2012	52.4750	52.4750	52.7250	52.5450	52.6800
26 April 2012	52.5150	52.4250	52.6450	52.5550	52.5700
25 April 2012	52.6650	52.4650	52.7450	52.5450	52.4900
24 April 2012	52.6950	52.5950	52.8650	52.6750	52.7900
23 April 2012	52.1050	52.0150	52.5750	52.5050	52.2300
20 April 2012	52.1550	51.9650	52.1950	52.0850	52.0000
19 April 2012	51.8650	51.7850	52.1550	52.1550	51.8900
18 April 2012	51.3750	51.3750	51.7850	51.7850	51.5000
17 April 2012	51.6250	51.4750	51.6550	51.4850	51.6300
16 April 2012	51.6350	51.5850	51.7150	51.6750	51.6600
13 April 2012	51.3650	51.2950	51.5250	51.3050	51.4200
12 April 2012	51.3850	51.2950	51.5950	51.5950	51.4400
11 April 2012	51.5350	51.3850	51.6350	51.4250	51.5500
10 April 2012	51.1350	51.0650	51.4750	51.4750	51.2000
9 April 2012	51.3650	51.1450	51.4050	51.1450	51.2800
4 April 2012	50.8650	50.8650	51.2350	51.1150	51.0500
3 April 2012	50.6150	50.5150	50.7750	50.7250	50.5600
2 April 2012	-	-	-	-	-
30 March 2012	51.2150	50.8050	51.2950	50.8750	51.1600
29 March 2012	50.9850	50.9850	51.4050	51.4050	51.1500
28 March 2012	50.8550	50.7250	51.0150	50.7750	50.9200
27 March 2012	51.1450	50.6250	51.1450	50.7050	50.9100
26 March 2012	51.1450	51.0850	51.4850	51.2650	51.3100
22 March 2012	-	-	-	-	50.9100
21 March 2012	50.5050	50.4150	50.6750	50.6550	50.5900
20 March 2012	50.2250	50.1850	50.4250	50.3950	50.2500
19 March 2012	50.1950	50.0650	50.2550	50.2350	50.1200
16 March 2012	50.2250	50.1850	50.4350	50.1850	50.3100
15 March 2012	50.0950	50.0950	50.4850	50.3850	50.2200
14 March 2012	49.9250	49.8450	50.0150	49.9150	49.9000
13 March 2012	49.8850	49.7950	49.9450	49.9350	49.8500
12 March 2012	49.9250	49.8550	50.0050	49.9750	49.9400
9 March 2012	50.0350	49.8350	50.0350	49.8450	50.0200
7 March 2012	50.5450	50.2450	50.7550	50.2850	50.5700
6 March 2012	49.8650	49.8650	50.3950	50.3650	50.0300
5 March 2012	49.7150	49.6850	49.9550	49.8350	49.8000
2 March 2012	49.1650	49.1650	49.5550	49.5050	49.3500
1 March 2012	49.0750	49.0750	49.2450	49.2150	49.1500
29 February 2012	48.8450	48.8250	49.0250	49.0150	48.9400
28 February 2012	49.1150	49.0350	49.2150	49.0850	49.1400
27 February 2012	48.9950	48.9350	49.3050	49.2250	49.0500
24 February 2012	49.0650	48.9350	49.1550	48.9550	49.0700
23 February 2012	49.3150	49.1350	49.3150	49.1950	49.2500
22 February 2012	49.2950	49.1650	49.3050	49.2350	49.2500
21 February 2012	49.0650	49.0650	49.3150	49.3150	49.0800
17 February 2012	49.2950	49.1550	49.3550	49.2750	49.2100
15 February 2012	49.3950	49.1950	49.3950	49.2950	49.2500
14 February 2012	49.3650	49.2350	49.4250	49.3650	49.3300
13 February 2012	49.4550	49.1250	49.5450	49.1950	49.3200
10 February 2012	49.6050	49.3650	49.7550	49.3950	49.6400
9 February 2012	49.1950	49.1950	49.5250	49.5050	49.2900
8 February 2012	49.0550	48.9850	49.2550	49.1550	49.0700
7 February 2012	48.9250	48.8150	49.2350	49.2050	48.9200
6 February 2012	48.5950	48.5950	49.1350	49.0550	48.6800
3 February 2012	49.1250	48.6750	49.1950	48.6950	48.9600
2 February 2012	49.0150	48.9450	49.2550	49.1550	49.1300
1 February 2012	49.6050	49.2350	49.6550	49.2650	49.5300
31 January 2012	49.6050	49.3250	49.7450	49.4650	49.6800
30 January 2012	49.2950	49.2950	49.8050	49.7950	49.5000
27 January 2012	49.7250	49.2950	49.8150	49.3150	49.6500
25 January 2012	50.0050	49.9750	50.2450	50.0950	50.0200
24 January 2012	49.9750	49.9250	50.1250	50.0850	49.9700
23 January 2012	50.3050	50.0550	50.4050	50.0950	50.2400
20 January 2012	-	50.1650	50.4750	50.3250	50.3300
19 January 2012	50.1650	50.0750	50.4750	50.2450	50.2900
18 January 2012	50.7050	50.3850	50.8350	50.3850	50.6700
17 January 2012	51.2150	50.7050	51.2250	50.7250	51.0700
16 January 2012	51.7250	51.3650	51.7850	51.3650	51.6500
13 January 2012	51.5250	51.2850	51.5950	51.5250	51.4300
12 January 2012	51.8750	51.5150	51.9250	51.6050	51.8300
11 January 2012	51.8450	51.5250	51.9150	51.9050	51.7500
10 January 2012	52.3950	51.7050	52.4050	51.7050	52.2300
9 January 2012	52.7950	52.4850	52.8650	52.5050	52.7300
6 January 2012	52.9150	52.7050	52.9550	52.7250	52.7800
5 January 2012	53.0450	52.6150	53.0450	52.9850	52.7800
4 January 2012	53.0950	52.9050	53.2050	52.9550	53.1400
3 January 2012	53.2450	53.1150	53.2950	53.2150	53.2300
2 January 2012	53.3050	53.1150	53.3450	53.3050	53.3000
30 December 2011	53.1550	53.0250	53.3550	53.0650	53.2700
29 December 2011	53.3450	52.9750	53.5050	53.0550	53.3600
28 December 2011	53.0250	52.9750	53.4350	52.9750	53.2100
27 December 2011	52.8050	52.7550	53.1250	53.0250	52.8900
26 December 2011	52.8550	52.6650	52.9250	52.7150	52.8200
23 December 2011	52.6850	52.6350	52.9850	52.9650	52.7200
22 December 2011	52.8550	52.6150	52.8950	52.7250	52.7800
21 December 2011	52.6950	52.4450	52.7950	52.4950	52.6800
20 December 2011	53.0050	52.8750	53.0950	52.8750	53.0300
19 December 2011	52.8450	52.7150	53.2450	52.8050	52.9600
16 December 2011	52.9050	52.2050	53.0250	52.7050	52.8100
15 December 2011	54.2050	53.6250	54.3050	53.6450	54.2400
14 December 2011	-	-	-	53.7150	53.5800
13 December 2011	53.0950	53.0850	53.5250	53.2350	53.4000
12 December 2011	52.1550	52.1050	52.8450	52.8450	52.4200
9 December 2011	52.2450	51.9850	52.3350	52.0450	52.2300
8 December 2011	51.7450	51.6750	51.9250	51.7550	51.7800
7 December 2011	51.3450	51.3450	51.7150	51.7150	51.4500
5 December 2011	51.2750	51.2350	51.4650	51.4150	51.3900
2 December 2011	51.4950	51.2050	51.5950	51.2150	51.3500
1 December 2011	51.8750	51.4050	51.8750	51.4650	51.6500
30 November 2011	52.0250	52.0250	52.4250	52.2050	52.1700
29 November 2011	51.9750	51.8850	52.1250	52.0250	51.9300
28 November 2011	52.0650	51.8650	52.1450	51.9650	51.9800
25 November 2011	52.2550	52.0750	52.4650	52.2350	52.1700
24 November 2011	52.3950	52.0250	52.3950	52.0650	52.2500
23 November 2011	52.5350	51.7050	52.5750	52.3450	52.1000
22 November 2011	52.3650	52.2550	52.7350	52.2950	52.7000
21 November 2011	51.4250	51.4250	52.1550	52.1550	51.7200
18 November 2011	51.0550	51.0050	51.4150	51.3350	51.3500
17 November 2011	50.7850	50.6450	50.9250	50.8850	50.7200
16 November 2011	50.9050	50.6050	50.9650	50.7450	50.9000
15 November 2011	50.4050	50.4050	50.7450	50.6650	50.5600
14 November 2011	-	-	-	-	50.0800
11 November 2011	50.3450	49.9650	50.4250	50.1250	50.2800
8 November 2011	49.1350	49.1350	49.5250	49.4850	49.3800
4 November 2011	49.0250	48.9850	49.2650	49.1050	49.0800
3 November 2011	49.4250	49.1350	49.5650	49.1450	49.3700
2 November 2011	49.4050	49.1550	49.4250	49.1850	49.2500
1 November 2011	48.8350	48.8350	49.3150	49.2750	49.0800
31 October 2011	48.7750	48.6050	48.9050	48.7050	48.8700
28 October 2011	48.9050	48.7350	48.9350	48.7550	48.8200
25 October 2011	49.6750	49.4950	49.7650	49.5250	49.6600
24 October 2011	49.8550	49.7650	50.0150	49.8350	49.8700
21 October 2011	50.0650	49.9750	50.3250	50.0250	50.0700
20 October 2011	49.4050	49.3950	49.8050	49.8050	49.7100
19 October 2011	49.1350	49.0950	49.2450	49.1550	49.1800
18 October 2011	49.0950	49.0650	49.3650	49.2950	49.1400
17 October 2011	48.9150	48.6850	48.9550	48.9450	48.8900
14 October 2011	49.2150	48.9850	49.2250	49.0250	49.0700
13 October 2011	48.9650	48.9050	49.2350	49.1250	49.0200
12 October 2011	49.2950	48.9250	49.4750	49.9650	49.2400
11 October 2011	48.9050	48.8650	49.3950	49.3350	49.0300
10 October 2011	49.0450	48.9050	49.1350	48.9750	49.0700
7 October 2011	49.0250	49.0050	49.2250	49.1550	49.1400
5 October 2011	49.1950	49.1150	49.5150	49.3450	49.1900
4 October 2011	49.5050	49.2050	49.5050	49.4050	49.2300
3 October 2011	49.4450	49.1450	49.5650	49.1550	49.4200
30 September 2011	-	-	-	-	-
29 September 2011	49.1050	48.8550	49.1550	48.9750	48.9300
28 September 2011	49.1350	48.6450	49.2150	48.7550	48.9100
27 September 2011	49.1950	49.0650	49.2950	49.0650	49.1800
26 September 2011	49.5950	49.3250	49.7950	49.4450	49.6200
23 September 2011	49.6550	49.0350	49.9050	49.4350	49.6700
22 September 2011	48.7750	48.6850	49.5850	49.5850	48.8200
21 September 2011	47.9550	47.8350	48.3350	48.3350	47.8900
20 September 2011	48.1450	47.9250	48.2350	48.0550	48.2200
19 September 2011	47.5550	47.5550	47.8350	47.8250	47.7900
16 September 2011	47.4950	47.2250	47.5150	47.2650	47.4700
15 September 2011	47.6650	47.5250	47.9250	47.5550	47.8400
14 September 2011	47.7550	47.5850	48.0250	47.6450	47.8100
13 September 2011	47.1250	46.9650	47.6550	47.5950	47.1000
12 September 2011	46.9050	46.8750	47.2250	47.2250	46.9700
9 September 2011	46.2750	46.2550	46.5850	46.5650	46.3800
8 September 2011	46.1550	46.1450	46.2750	46.1950	46.1800
7 September 2011	46.0550	45.9750	46.1850	46.1650	46.0200
6 September 2011	46.1150	45.9650	46.1750	46.1150	46.1300
5 September 2011	45.9250	45.8450	46.0250	45.9850	45.9400
2 September 2011	45.9850	45.7950	45.9850	45.7950	45.9000
30 August 2011	45.9850	45.9050	46.1450	46.0950	46.0200
29 August 2011	45.9350	45.7650	46.0750	46.0550	45.8700
26 August 2011	46.0850	45.9850	46.1750	46.1550	46.0500
25 August 2011	46.1450	45.9450	46.2150	46.0450	46.1300
24 August 2011	45.7050	45.7150	46.0350	45.9950	45.7700
23 August 2011	45.7350	45.5650	45.7550	45.6350	45.6900
22 August 2011	45.9250	45.6750	46.0950	45.6750	45.9500
18 August 2011	45.4750	45.4750	45.7450	45.7450	45.6100
17 August 2011	45.3350	45.3350	45.4550	45.4150	45.3700
16 August 2011	45.1750	45.1750	45.3850	45.3850	45.2500
12 August 2011	45.2550	45.2550	45.4650	45.3450	45.3700
11 August 2011	45.3050	45.2050	45.4550	45.4050	45.2700
10 August 2011	45.0150	44.9550	45.2950	45.2550	45.2100
9 August 2011	45.3750	45.0750	45.4050	45.2150	45.1700
8 August 2011	44.8750	44.8750	45.0650	44.9750	44.9600
5 August 2011	44.7550	44.7250	44.8550	44.7350	44.8000
4 August 2011	44.3050	44.3050	44.5750	44.5550	44.4200
3 August 2011	44.3750	44.2850	44.4050	44.3150	44.3800
2 August 2011	44.2150	44.1850	44.2950	44.2750	44.2300
1 August 2011	44.0350	44.0250	44.1050	44.0750	44.0500
29 July 2011	44.0650	44.0550	44.2450	44.1850	44.1600
28 July 2011	44.1650	44.0150	44.1750	44.0750	44.1300
27 July 2011	44.1050	43.8550	44.1050	44.0850	43.9500
26 July 2011	44.3150	44.1850	44.3450	44.1850	44.2900
25 July 2011	44.4050	44.3850	44.4350	44.4050	44.4200
22 July 2011	44.3750	44.3450	44.4050	44.3550	44.3800
21 July 2011	44.4350	44.4250	44.5350	44.5050	44.4300
20 July 2011	44.4550	44.4450	44.5050	44.4550	44.4600
19 July 2011	44.5350	44.4850	44.5950	44.5050	44.5900
18 July 2011	44.6050	44.5350	44.6050	44.5750	44.5700
15 July 2011	44.5150	44.4750	44.5850	44.5150	44.5300
14 July 2011	44.4550	44.4450	44.5550	44.4950	44.5300
13 July 2011	44.5850	44.5250	44.6250	44.5250	44.5900
12 July 2011	44.5850	44.5850	44.7650	44.7150	44.6900
11 July 2011	44.4350	44.3550	44.4950	44.4850	44.3700
8 July 2011	44.2950	44.2950	44.3950	44.3350	44.3300
7 July 2011	44.4250	44.3650	44.4550	44.4350	44.4200
6 July 2011	44.4250	44.3350	44.4950	44.4850	44.3800
5 July 2011	44.4750	44.3850	44.5350	44.4350	44.5000
4 July 2011	44.4950	44.3550	44.5050	44.4350	44.4600
30 June 2011	44.7250	44.6650	44.7750	44.6950	44.7200
29 June 2011	44.9550	44.8650	45.0050	44.8650	44.9400
28 June 2011	44.9750	44.9650	45.0650	45.0450	45.0500
27 June 2011	45.1350	45.0250	45.1450	45.0350	45.1000
24 June 2011	44.9550	44.9250	45.0250	44.9950	44.9400
23 June 2011	44.9150	44.8950	44.9750	44.9550	44.9300
22 June 2011	44.8250	44.8050	44.9150	44.8950	44.8200
21 June 2011	44.9450	44.8450	44.9650	44.8450	44.9100
20 June 2011	44.8650	44.8650	45.0550	45.0050	44.9900
17 June 2011	44.8450	44.8250	44.9650	44.8650	44.9300
16 June 2011	44.8650	44.8250	44.9450	44.9050	44.9000
15 June 2011	44.7450	44.6650	44.7750	44.7750	44.6800
14 June 2011	44.7850	44.7150	44.8450	44.7350	44.7700
13 June 2011	44.8550	44.8250	44.9150	44.8550	44.8700
10 June 2011	44.7050	44.6650	44.7650	44.7250	44.7200
9 June 2011	44.7050	44.6450	44.7650	44.7350	44.7200
8 June 2011	44.7250	44.5750	44.7550	44.7050	44.6100
7 June 2011	44.8050	44.6550	44.8250	44.6750	44.7400
6 June 2011	44.7450	44.6950	44.7750	44.7750	44.7200
3 June 2011	44.7850	44.7950	44.9250	44.8150	44.8500
2 June 2011	44.9850	44.8250	44.9850	44.8250	44.9400
1 June 2011	45.0050	44.7750	45.0050	44.8450	44.8900
31 May 2011	44.9950	44.9750	45.0850	45.0650	45.0300
30 May 2011	45.1050	45.0450	45.1350	45.0850	45.1000
27 May 2011	45.1950	45.1550	45.2550	45.1650	45.2100
26 May 2011	45.2350	45.2050	45.3450	45.3050	45.2900
25 May 2011	45.2750	45.2650	45.4250	45.3250	45.3800
24 May 2011	45.1950	45.1250	45.2650	45.2150	45.2500
23 May 2011	45.1250	45.1250	45.3250	45.2350	45.2800
20 May 2011	44.9450	44.8850	45.0250	45.0150	44.9300
19 May 2011	44.9750	44.9250	45.0550	44.9850	44.9800
18 May 2011	45.0550	45.0150	45.1050	45.0650	45.0800
16 May 2011	45.0350	45.0150	45.1850	45.1650	45.0700
13 May 2011	44.9050	44.8350	45.0550	44.8650	44.9100
12 May 2011	44.7550	44.7450	45.0050	44.9950	44.7900
11 May 2011	44.6550	44.6450	44.7250	44.6950	44.6900
10 May 2011	44.6550	44.6450	44.8050	44.7450	44.7300
9 May 2011	44.6850	44.6350	44.7250	44.7250	44.7000
6 May 2011	44.8450	44.7050	44.9050	44.7850	44.7800
5 May 2011	44.5950	44.5250	44.7750	44.7750	44.5700
4 May 2011	44.6050	44.4750	44.6250	44.4750	44.5900
3 May 2011	44.4550	44.3050	44.5350	44.5150	44.3400
2 May 2011	44.2850	44.2850	44.3750	44.3350	44.3000
29 April 2011	44.4350	44.2150	44.4650	44.2250	44.3800
28 April 2011	44.3050	44.2550	44.4450	44.4350	44.3300
27 April 2011	44.4250	44.3650	44.4850	44.4350	44.4000
26 April 2011	44.5450	44.4750	44.6250	44.5250	44.5900
25 April 2011	44.4450	44.4350	44.5450	44.4950	44.4500
21 April 2011	44.2750	44.2650	44.3750	44.3650	44.3000
20 April 2011	44.3650	44.3050	44.4450	44.3250	44.3800
19 April 2011	44.5450	44.4550	44.7150	44.4850	44.6800
18 April 2011	44.3550	44.2550	44.4550	44.4550	44.2700
15 April 2011	44.4950	44.3250	44.5750	44.3350	44.5200
13 April 2011	44.5550	44.4350	44.5950	44.5050	44.4800
11 April 2011	44.0550	44.0550	44.3950	44.3950	44.2000
8 April 2011	44.0750	43.9850	44.1350	44.0750	44.0400
7 April 2011	44.1650	44.0950	44.2850	44.2100	44.2200
6 April 2011	44.2550	44.1450	44.2850	44.1650	44.2000
5 April 2011	44.4350	44.3950	44.4750	44.4150	44.4500
1 April 2011	-	-	-	-	-
31 March 2011	44.6950	44.5150	44.7250	44.5950	44.6500
30 March 2011	44.7650	44.7250	44.7950	44.7550	44.7700
29 March 2011	44.8150	44.6650	44.8250	44.7850	44.6700
28 March 2011	44.7150	44.7150	44.9050	44.8350	44.7800
25 March 2011	44.6750	44.6150	44.7050	44.6750	44.6500
24 March 2011	44.8950	44.7150	44.8950	44.7550	44.7700
23 March 2011	45.0250	44.8350	45.0250	44.8350	44.9600
22 March 2011	44.9650	44.9350	45.0050	44.9650	44.9700
21 March 2011	45.0350	45.0050	45.0950	45.0150	45.0500
18 March 2011	45.0850	45.0550	45.1450	45.1250	45.0900
17 March 2011	45.2250	45.1250	45.2750	45.1850	45.2400
16 March 2011	45.1950	45.1050	45.2450	45.1150	45.1800
15 March 2011	45.2350	45.2050	45.3850	45.2550	45.2700
14 March 2011	45.2150	45.0550	45.2250	45.0650	45.1500
11 March 2011	45.2350	45.1650	45.2950	45.2450	45.2100
10 March 2011	45.0650	45.0550	45.1950	45.1850	45.1100
9 March 2011	45.0450	44.9750	45.0450	45.0050	45.0200
8 March 2011	45.0450	44.9850	45.1250	45.0850	45.0300
7 March 2011	45.0950	45.0350	45.1750	45.0550	45.1300
4 March 2011	44.9350	44.9150	45.0350	44.9850	44.9900
3 March 2011	44.9650	44.9350	45.0850	45.0450	44.9600
1 March 2011	45.1850	44.9050	45.1850	44.9550	45.1200
28 February 2011	45.2950	45.1750	45.3150	45.2650	45.1800
25 February 2011	45.4150	45.2750	45.4350	45.3250	45.3700
24 February 2011	45.2350	45.2350	45.4950	45.4850	45.3700
23 February 2011	45.2650	45.1250	45.2950	45.1250	45.2000
22 February 2011	45.1250	45.1250	45.3450	45.2650	45.2000
21 February 2011	45.2050	44.9850	45.2050	44.9850	45.1100
18 February 2011	45.2550	45.1650	45.2850	45.1950	45.1800
17 February 2011	45.4450	45.3350	45.4650	45.3350	45.3800
15 February 2011	45.4350	45.3950	45.5450	45.5150	45.4500
14 February 2011	45.6050	45.4250	45.6050	45.4950	45.5000
11 February 2011	45.7050	45.6450	45.7850	45.6850	45.7600
10 February 2011	45.5550	45.5350	45.7350	45.7350	45.5800
9 February 2011	45.2950	45.2950	45.5150	45.4850	45.3300
8 February 2011	45.3650	45.2350	45.4150	45.2950	45.3900
7 February 2011	45.6550	45.4550	45.6550	45.4850	45.5900
4 February 2011	45.6650	45.5750	45.7050	45.6050	45.6400
3 February 2011	45.6450	45.5750	45.6550	45.6150	45.6300
2 February 2011	45.5450	45.5450	45.6850	45.6250	45.6300
1 February 2011	45.8550	45.7450	45.8750	45.7650	45.8100
31 January 2011	45.9850	45.8950	46.0050	45.9050	45.9500
28 January 2011	45.6450	45.6450	45.8450	45.7550	45.7400
27 January 2011	45.5750	45.5350	45.6750	45.5650	45.5700
25 January 2011	45.5150	45.4650	45.7750	45.7150	45.5300
24 January 2011	45.6050	45.5350	45.6850	45.6850	45.5800
21 January 2011	45.6250	45.5750	45.7750	45.6250	45.7000
20 January 2011	45.6250	45.4950	45.7150	45.5250	45.5800
19 January 2011	45.3650	45.3050	45.4750	45.4550	45.3800
18 January 2011	45.5350	45.4050	45.5750	45.4350	45.5300
17 January 2011	45.4250	45.4250	45.6250	45.5250	45.5900
14 January 2011	45.1950	45.1450	45.4450	45.3650	45.3000
13 January 2011	45.0450	45.0450	45.2650	45.2350	45.1300
12 January 2011	45.0850	45.0650	45.2050	45.1350	45.1600
11 January 2011	45.3850	45.1650	45.4350	45.1750	45.3200
10 January 2011	45.3050	45.2750	45.5150	45.4550	45.4400
7 January 2011	45.4050	45.3250	45.4850	45.3850	45.3700
6 January 2011	45.4050	45.1950	45.4350	45.2550	45.3100
5 January 2011	45.1850	45.1350	45.3350	45.3350	45.2000
4 January 2011	44.6650	44.6350	44.9950	44.9950	44.8400
3 January 2011	44.7450	44.6550	44.7850	44.7050	44.6700
31 December 2010	44.8850	44.6550	44.8950	44.7050	44.8100
30 December 2010	44.9550	44.8750	44.9650	44.9650	44.9000
29 December 2010	45.1150	45.0150	45.1550	45.0450	45.1200
28 December 2010	45.1350	45.0850	45.2050	45.0950	45.1700
27 December 2010	45.0750	45.0750	45.2850	45.2450	45.1500
24 December 2010	45.1250	45.0950	45.2550	45.1250	45.2300
23 December 2010	45.0650	44.9750	45.2050	45.1650	45.0200
22 December 2010	45.2350	45.0750	45.2650	45.0950	45.1300
21 December 2010	45.3450	45.1650	45.3850	45.2350	45.2600
20 December 2010	45.6350	45.3150	45.6650	45.4750	45.3800
16 December 2010	45.4950	45.2650	45.6050	45.3550	45.3900
15 December 2010	45.0950	45.0950	45.4650	45.4050	45.3200
14 December 2010	44.9450	44.9450	45.0550	44.9550	45.0100
13 December 2010	45.1050	45.1050	45.2650	45.1350	45.2500
10 December 2010	45.1850	45.0350	45.3450	45.0550	45.2200
9 December 2010	44.9950	44.9950	45.3150	45.2150	45.1700
8 December 2010	44.8950	44.8950	45.1650	45.0850	45.1200
7 December 2010	44.8550	44.6450	44.8550	44.6450	44.8400
6 December 2010	-	-	-	-	44.8500
3 December 2010	45.1450	45.0550	45.1850	45.1050	45.0900
2 December 2010	45.2450	45.2150	45.3950	45.2850	45.3700
1 December 2010	45.8750	45.3350	45.8850	45.3850	45.7000
30 November 2010	45.9350	45.8850	46.1250	45.8850	46.0400
29 November 2010	45.8250	45.7050	45.9450	45.9350	45.8100
26 November 2010	45.6050	45.5750	45.9150	45.8450	45.7400
25 November 2010	45.6550	45.5150	45.7550	45.5250	45.6400
24 November 2010	45.6450	45.6250	45.8350	45.7050	45.6600
23 November 2010	45.5450	45.5150	45.6750	45.5850	45.6100
22 November 2010	45.2750	45.2050	45.4150	45.4050	45.2900
19 November 2010	45.2350	45.1750	45.3750	45.2950	45.2600
18 November 2010	45.4350	45.2050	45.5750	45.2350	45.4500
16 November 2010	45.1550	45.0850	45.3250	45.3150	45.2200
15 November 2010	44.9250	44.9250	45.2450	45.2350	45.1400
12 November 2010	44.5050	44.5050	44.8550	44.8050	44.6400
11 November 2010	44.2450	44.2450	44.3450	44.3150	44.2500
10 November 2010	44.4050	44.2650	44.4550	44.3150	44.3900
9 November 2010	44.3750	44.3150	44.4350	44.3150	44.4000
8 November 2010	44.2550	44.2450	44.4150	44.3750	44.2600
4 November 2010	44.2550	44.1950	44.3450	44.2050	44.3200
3 November 2010	44.2950	44.2450	44.4250	44.3650	44.3600
2 November 2010	44.4850	44.3450	44.4950	44.3750	44.4300
1 November 2010	44.3550	44.3550	44.4850	44.4750	44.4200
29 October 2010	44.4950	44.4250	44.5750	44.4250	44.5400
28 October 2010	44.4850	44.4650	44.5550	44.5350	44.4900
27 October 2010	44.6250	44.4250	44.6450	44.4550	44.5200
26 October 2010	44.4450	44.4050	44.5150	44.4350	44.4300
25 October 2010	44.4050	44.3150	44.4550	44.3550	44.3600
22 October 2010	-	-	-	-	44.4600
21 October 2010	44.3350	44.2850	44.4350	44.3050	44.3600
20 October 2010	44.4950	44.2350	44.5050	44.3650	44.2900
19 October 2010	44.4250	44.1950	44.5050	44.3550	44.4600
18 October 2010	44.2550	44.1850	44.4150	44.3650	44.2600
15 October 2010	44.2350	43.9550	44.2550	44.1250	44.0300
14 October 2010	44.2550	44.0950	44.3350	44.1050	44.1800
13 October 2010	44.4250	44.4150	44.5350	44.5150	44.5000
12 October 2010	44.5050	44.4750	44.7650	44.6750	44.7400
11 October 2010	44.1850	44.1850	44.4450	44.4150	44.3000
8 October 2010	44.3350	44.3350	44.5050	44.4250	44.3800
7 October 2010	44.3550	44.1250	44.4350	44.2050	44.2800
6 October 2010	44.4350	44.2850	44.5550	44.5050	44.3000
5 October 2010	44.6550	44.6150	44.7850	44.7050	44.7200
4 October 2010	44.3550	44.2550	44.6450	44.5750	44.3700
1 October 2010	44.7850	44.4650	44.8150	44.4850	44.6800
29 September 2010	44.9050	44.8550	45.0850	44.9450	44.9200
28 September 2010	45.0550	45.0550	45.2850	45.1550	45.1300
27 September 2010	45.1450	44.9950	45.2050	45.0050	45.0400
24 September 2010	45.5350	45.2550	45.6050	45.2550	45.5400
23 September 2010	45.6250	45.5750	45.7250	45.6450	45.5900
22 September 2010	45.4650	45.4450	45.6150	45.5950	45.5300
21 September 2010	45.6050	45.4950	45.8250	45.6750	45.7300
20 September 2010	45.8550	45.5850	45.8750	45.6950	45.6100
17 September 2010	46.1250	45.8150	46.1250	45.8350	45.9700
16 September 2010	46.3850	46.1350	46.4050	46.1450	46.3000
15 September 2010	46.4350	46.3450	46.4550	46.3650	46.3700
14 September 2010	46.2850	46.2850	46.4650	46.4550	46.3700
13 September 2010	46.2950	46.2650	46.4150	46.4050	46.3100
9 September 2010	46.5450	46.4750	46.6050	46.4850	46.5600
8 September 2010	46.8250	46.6150	46.8350	46.6350	46.7000
7 September 2010	46.6250	46.5850	46.8750	46.8450	46.7100
6 September 2010	46.5550	46.4550	46.5550	46.5450	46.4800
3 September 2010	46.6450	46.6250	46.7150	46.6350	46.6700
2 September 2010	46.7550	46.7250	46.8250	46.7250	46.7800
1 September 2010	46.9250	46.7950	46.9350	46.8050	46.8700
31 August 2010	47.0050	46.9850	47.0950	47.0650	47.0800
30 August 2010	46.7650	46.7650	46.9250	46.9150	46.8400
27 August 2010	46.8750	46.8250	46.9550	46.8950	46.8600
26 August 2010	46.8250	46.7550	46.8850	46.8450	46.8100
25 August 2010	46.9050	46.8250	46.9650	46.9150	46.9300
24 August 2010	46.7950	46.7050	46.9850	46.9150	46.7900
23 August 2010	46.6550	46.5650	46.6750	46.6550	46.6100
20 August 2010	-	-	-	-	46.5800
18 August 2010	46.5950	46.5550	46.6950	46.5650	46.6400
17 August 2010	46.6650	46.5850	46.7150	46.6450	46.6800
16 August 2010	46.8450	46.7350	46.8950	46.8050	46.7800
13 August 2010	46.6750	46.5550	46.8250	46.7750	46.5800
12 August 2010	46.9450	46.7550	47.0350	46.7750	46.9400
11 August 2010	46.4750	46.4350	46.7050	46.7050	46.5400
10 August 2010	46.2750	46.2350	46.4250	46.3950	46.3000
9 August 2010	46.0450	46.0250	46.1550	46.1250	46.0700
6 August 2010	46.0850	45.9750	46.1850	46.1650	46.0200
5 August 2010	46.2250	46.1450	46.2650	46.1850	46.2300
4 August 2010	46.2250	46.1550	46.3050	46.1650	46.2200
3 August 2010	46.0950	46.0950	46.2350	46.1750	46.2200
2 August 2010	46.2050	46.1150	46.2650	46.2450	46.1900
30 July 2010	46.5950	46.3950	46.6450	46.4150	46.4600
29 July 2010	46.7450	46.5250	46.7550	46.5350	46.6300
28 July 2010	46.7250	46.5550	46.8050	46.7650	46.5700
27 July 2010	46.8650	46.6550	46.9550	46.6650	46.7600
26 July 2010	46.9050	46.8050	47.0550	47.0550	46.8600
23 July 2010	46.9550	46.8950	47.0750	46.9450	47.0000
22 July 2010	47.3450	47.0850	47.3550	47.1250	47.3300
21 July 2010	47.1950	47.1250	47.3550	47.1750	47.2500
20 July 2010	47.1500	47.0800	47.3800	47.3500	47.1000
19 July 2010	47.0550	46.9950	47.1250	47.1150	47.0800
16 July 2010	46.6250	46.6250	46.8350	46.8050	46.8000
15 July 2010	46.7150	46.5850	46.7850	46.6150	46.7400
14 July 2010	46.5350	46.5350	46.7150	46.7050	46.6300
13 July 2010	46.7950	46.7750	46.9550	46.7750	46.9300
12 July 2010	46.6750	46.6150	46.7950	46.7850	46.7300
9 July 2010	46.7450	46.6350	46.7950	46.6650	46.7500
8 July 2010	46.7750	46.7550	46.9450	46.8650	46.8500
7 July 2010	46.9150	46.9150	47.1550	47.0250	47.0800
6 July 2010	46.7950	46.7350	46.9150	46.9050	46.8000
5 July 2010	46.7950	46.6850	46.8350	46.7850	46.6900
2 July 2010	46.4750	46.4450	46.8050	46.7850	46.6800
30 June 2010	46.6950	46.4050	46.7050	46.4550	46.6000
29 June 2010	46.3750	46.3650	46.5950	46.4850	46.5200
28 June 2010	46.1050	46.0750	46.2250	46.2050	46.1600
25 June 2010	46.5150	46.2750	46.6050	46.2750	46.5400
24 June 2010	46.1950	46.1750	46.4950	46.4950	46.2400
23 June 2010	46.3050	46.1350	46.3650	46.1550	46.3100
22 June 2010	45.8950	45.8950	46.2750	46.2450	46.0400
21 June 2010	45.7350	45.5850	45.7750	45.7550	45.6400
18 June 2010	46.2050	46.0950	46.2650	46.1750	46.1400
17 June 2010	46.5550	46.2950	46.6350	46.3050	46.5000
16 June 2010	46.4050	46.2850	46.5650	46.5550	46.3500
15 June 2010	46.5950	46.5050	46.7550	46.5550	46.7300
14 June 2010	46.6550	46.4050	46.6550	46.4950	46.5700
11 June 2010	46.6850	46.6850	46.9050	46.8450	46.8200
10 June 2010	47.1050	46.8850	47.1050	46.9650	46.9800
9 June 2010	46.9050	46.9050	47.1650	47.0250	46.9800
8 June 2010	47.0250	46.8750	47.1450	46.9450	46.9500
7 June 2010	47.4650	47.0250	47.4650	47.0950	47.2800
4 June 2010	46.7450	46.5650	46.8750	46.8750	46.6700
3 June 2010	46.6450	46.4750	46.6950	46.6950	46.5200
2 June 2010	46.9950	46.8950	47.2950	46.9950	47.1900
1 June 2010	46.4950	46.4950	47.2150	47.1550	46.6900
31 May 2010	46.4950	46.3550	46.6050	46.3650	46.4500
28 May 2010	46.7050	46.3250	46.7650	46.3450	46.5400
26 May 2010	47.5050	47.2550	47.5950	47.2950	47.5700
25 May 2010	47.2550	47.1850	47.7450	47.7050	47.4000
24 May 2010	46.8550	46.5950	47.0350	46.9750	46.6700
21 May 2010	47.0950	46.7650	47.3250	46.9550	46.9500
20 May 2010	46.2150	46.2050	46.8350	46.8250	46.7500
19 May 2010	45.8550	45.8550	46.4150	46.3650	46.0000
18 May 2010	45.6250	45.5150	45.6950	45.6050	45.5500
17 May 2010	45.6350	45.5850	45.7750	45.6250	45.7200
14 May 2010	45.2050	45.0450	45.2650	45.2150	45.1000
13 May 2010	44.9650	44.9450	45.1650	45.0850	44.9900
12 May 2010	45.3350	45.0850	45.3750	45.1150	45.3300
11 May 2010	44.8950	44.8950	45.3250	45.3050	45.1400
10 May 2010	45.1000	44.8200	45.1400	44.8600	44.9600
7 May 2010	45.7050	45.4650	45.7350	45.4850	45.5800
6 May 2010	45.1050	45.0950	45.4550	45.3150	45.4000
5 May 2010	44.9050	44.8250	44.9850	44.9450	44.8700
4 May 2010	44.4750	44.4750	44.6350	44.6250	44.5600
3 May 2010	44.5150	44.5050	44.6050	44.5250	44.5600
30 April 2010	44.4350	44.3450	44.4650	44.3650	44.4400
29 April 2010	44.5750	44.4850	44.6350	44.5150	44.5700
28 April 2010	44.5750	44.5450	44.7450	44.6450	44.6000
27 April 2010	44.4450	44.3750	44.4750	44.4450	44.4500
26 April 2010	44.2950	44.2850	44.4250	44.3950	44.3300
23 April 2010	44.5950	44.4250	44.6050	44.4450	44.5400
22 April 2010	44.6050	44.4250	44.6050	44.5450	44.4500
21 April 2010	44.3750	44.3750	44.5650	44.5650	44.4100
20 April 2010	44.5850	44.4550	44.6250	44.5050	44.6100
19 April 2010	44.6050	44.5350	44.7450	44.7450	44.6000
16 April 2010	44.4950	44.3150	44.5850	44.3150	44.4900
15 April 2010	44.1950	44.1850	44.4950	44.4550	44.3800
13 April 2010	44.5650	44.4550	44.6850	44.4750	44.6200
12 April 2010	44.1750	44.1750	44.5050	44.4650	44.3500
9 April 2010	44.3850	44.2350	44.4450	44.2850	44.3500
8 April 2010	44.5550	44.4050	44.7250	44.4650	44.6900
7 April 2010	44.3650	44.3150	44.5850	44.5450	44.4200
6 April 2010	44.3550	44.3550	44.5850	44.4650	44.4500
5 April 2010	44.7750	44.4350	44.7850	44.4550	44.7300
1 April 2010	-	-	-	-	45.1400
31 March 2010	45.1450	44.9050	45.1850	44.9250	45.1400
30 March 2010	44.8950	44.8850	45.1450	45.0950	44.9400
29 March 2010	45.1550	44.9450	45.1550	44.9650	45.0800
26 March 2010	45.5350	45.2350	45.5550	45.2450	45.3400
25 March 2010	45.6750	45.4950	45.7150	45.5150	45.6300
23 March 2010	45.4950	45.4850	45.6050	45.6050	45.5600
22 March 2010	45.5450	45.4750	45.5950	45.5950	45.4900
19 March 2010	45.4950	45.4350	45.5150	45.5050	45.4800
18 March 2010	45.3950	45.3850	45.5350	45.4550	45.4900
17 March 2010	45.4750	45.3350	45.4750	45.3450	45.4100
15 March 2010	45.5550	45.5350	45.6750	45.5950	45.5800
12 March 2010	45.5250	45.3950	45.5350	45.4450	45.4500
11 March 2010	45.4450	45.4350	45.6350	45.6150	45.4700
10 March 2010	45.5250	45.3450	45.5250	45.3750	45.4100
9 March 2010	45.5150	45.4750	45.6350	45.6250	45.5400
8 March 2010	45.4250	45.3850	45.5450	45.5350	45.4300
5 March 2010	45.7550	45.6050	45.8150	45.6150	45.7800
4 March 2010	45.7650	45.7650	45.8450	45.8150	45.8200
3 March 2010	45.8750	45.8250	45.9150	45.8250	45.9000
2 March 2010	45.9550	45.9550	46.0850	46.0150	46.0200
26 February 2010	46.3050	46.0850	46.3250	46.0950	46.2300
25 February 2010	46.3250	46.3150	46.4450	46.4050	46.3600
24 February 2010	46.3350	46.2150	46.3450	46.3250	46.2500
23 February 2010	46.2550	46.0650	46.2650	46.2650	46.1300
22 February 2010	46.0950	46.0650	46.2350	46.2250	46.1600
19 February 2010	46.4450	46.2950	46.4850	46.3050	46.4700
18 February 2010	46.2150	46.1750	46.3050	46.2750	46.2200
17 February 2010	46.0050	45.9550	46.1250	46.1150	46.0200
16 February 2010	46.2650	46.1350	46.2950	46.2150	46.1800
15 February 2010	46.4150	46.2850	46.4250	46.3250	46.3800
11 February 2010	46.4550	46.5150	46.3750	46.4950	46.4600
10 February 2010	46.5250	46.4850	46.6050	46.4850	46.5600
9 February 2010	46.7850	46.6050	46.7950	46.6650	46.6800
8 February 2010	46.7250	46.6750	46.8650	46.8350	46.8100
5 February 2010	46.4650	46.4650	46.7650	46.7450	46.5600
4 February 2010	46.0950	46.0350	46.2550	46.2550	46.0900
3 February 2010	46.1150	45.9450	46.1350	45.9750	46.0400
2 February 2010	46.1750	46.1750	46.3150	46.2150	46.2500
1 February 2010	46.3950	46.2750	46.4450	46.3750	46.3400
29 January 2010	46.4150	46.1450	46.4450	46.1650	46.3700
28 January 2010	-	46.1850	46.3850	46.3650	46.3100
27 January 2010	46.2850	46.2450	46.4450	46.3650	46.2900
25 January 2010	46.1750	46.0950	46.2550	46.1350	46.1800
22 January 2010	46.2250	46.0350	46.2750	46.1550	46.1700
21 January 2010	46.0250	45.9150	46.0950	46.0450	45.9700
20 January 2010	45.8750	45.8350	45.9950	45.9350	45.9500
19 January 2010	45.5650	45.5550	45.8150	45.8150	45.6200
18 January 2010	45.8050	45.5450	45.8450	45.6450	45.6600
15 January 2010	45.7150	45.6050	45.8350	45.7750	45.6700
14 January 2010	45.4550	45.4350	45.6750	45.6250	45.4800
13 January 2010	45.5850	45.5550	45.7450	45.6250	45.6800
12 January 2010	45.4450	45.3650	45.7250	45.7250	45.4000
11 January 2010	39.5000	28.5000	44.5000	34.5000	45.3600
8 January 2010	45.7550	45.7150	45.8850	45.7650	45.8000
7 January 2010	45.7650	45.5550	45.8850	45.6750	45.8700
6 January 2010	46.1650	45.8550	46.1950	45.8650	46.1200
5 January 2010	46.2650	46.0850	46.2950	46.2450	46.2000
4 January 2010	46.6250	46.2650	46.6350	46.2950	46.5100
1 January 2010	46.6150	46.5950	46.6550	46.6250	46.6500
31 December 2009	46.6750	46.5150	46.6950	46.5250	46.6800
30 December 2009	46.7550	46.7050	46.7750	46.7450	46.7300
29 December 2009	46.6650	46.6550	46.7050	46.6750	46.6900
24 December 2009	46.7550	46.6550	46.7850	46.6550	46.7600
23 December 2009	46.8350	46.8150	46.9150	46.8750	46.8500
22 December 2009	46.8450	46.7550	46.8550	46.8050	46.8000
21 December 2009	46.8450	46.7650	46.8550	46.8450	46.8000
18 December 2009	46.9050	46.7050	46.9250	46.7250	46.8500
17 December 2009	46.8350	46.7550	46.9750	46.8850	46.7800
16 December 2009	46.7950	46.6050	46.7950	46.6750	46.6800
15 December 2009	46.6250	46.5750	46.7250	46.7150	46.6400
14 December 2009	46.7450	46.5850	46.7450	46.7150	46.6600
11 December 2009	46.6050	46.4950	46.6050	46.5350	46.5200
10 December 2009	46.5450	46.5450	46.7350	46.6550	46.7200
9 December 2009	46.8050	46.5250	46.8650	46.5450	46.7700
8 December 2009	46.5150	46.4850	46.7550	46.6850	46.6700
7 December 2009	46.4950	46.4050	46.6150	46.5650	46.4400
4 December 2009	46.1750	46.1450	46.2950	46.2950	46.2500
3 December 2009	46.2950	46.0750	46.2950	46.0850	46.2200
2 December 2009	46.1550	46.1350	46.3650	46.3450	46.2700
1 December 2009	46.4050	46.2450	46.4950	46.3250	46.4500
30 November 2009	46.3950	46.3450	46.5550	46.5350	46.4800
27 November 2009	46.8050	46.5550	47.0750	46.6650	46.8100
26 November 2009	46.2550	46.1350	46.5550	46.4550	46.2700
25 November 2009	46.3050	46.2050	46.3650	46.2050	46.3400
24 November 2009	46.5450	46.3650	46.6450	46.3850	46.6000
23 November 2009	46.5550	46.4150	46.5950	46.4750	46.4900
20 November 2009	46.7550	46.5050	46.7550	46.6250	46.5800
19 November 2009	46.4050	46.3550	46.7050	46.6850	46.4100
18 November 2009	46.2250	46.1750	46.3050	46.2050	46.2600
17 November 2009	46.1750	46.1350	46.3750	46.3250	46.2500
16 November 2009	46.1400	46.0050	46.2850	46.2250	46.0900
13 November 2009	46.7250	46.3150	46.7250	46.3150	46.5000
12 November 2009	46.3650	46.3650	46.6650	46.6650	46.5000
11 November 2009	46.5150	46.2950	46.6150	46.3050	46.5700
10 November 2009	46.3550	46.3550	46.6150	46.4950	46.5300
9 November 2009	46.6150	46.3550	46.6450	46.4550	46.5800
6 November 2009	46.8550	46.7350	46.8950	46.8150	46.8200
5 November 2009	47.0450	46.9950	47.2450	47.0250	47.1300
4 November 2009	47.2550	46.9750	47.2550	47.0650	47.1300
3 November 2009	47.0050	46.9750	47.4250	47.4050	47.0400
30 October 2009	46.9550	46.8450	47.1550	46.9750	46.9600
29 October 2009	47.6050	47.1950	47.6450	47.2050	47.5200
28 October 2009	47.1150	47.0550	47.3750	47.3550	47.1500
27 October 2009	46.8950	46.7550	47.0050	46.9150	46.8300
26 October 2009	46.5550	46.4750	46.6750	46.6350	46.5800
23 October 2009	46.5150	46.4050	46.6250	46.5150	46.4500
22 October 2009	46.5550	46.5250	46.8250	46.7450	46.6600
21 October 2009	46.4550	46.3250	46.5150	46.4950	46.4400
20 October 2009	46.0850	45.9550	46.1750	46.1250	46.0400
16 October 2009	46.1050	46.0650	46.3550	46.3050	46.2700
15 October 2009	45.9050	45.8050	46.2450	46.2350	45.9100
14 October 2009	46.2550	46.0850	46.2550	46.1450	46.1600
12 October 2009	46.5450	46.3950	46.6850	46.4950	46.5800
9 October 2009	46.3450	46.2950	46.6450	46.4250	46.5000
8 October 2009	46.4250	46.2250	46.4350	46.3450	46.2800
7 October 2009	46.8150	46.4950	46.8950	46.6650	46.8200
6 October 2009	47.3250	46.8950	47.3250	46.8950	47.1600
5 October 2009	47.6450	47.4950	47.6450	47.5150	47.5300
1 October 2009	47.8550	47.7050	47.9450	47.7450	47.8600
30 September 2009	-	-	-	-	48.0400
29 September 2009	48.0150	47.9900	48.1150	48.1100	48.0400
25 September 2009	48.2750	47.9250	48.3050	47.9750	47.9800
24 September 2009	48.1850	47.9450	48.2050	47.9650	48.1000
23 September 2009	47.8550	47.8550	48.1250	48.0050	47.9600
22 September 2009	48.1250	47.9650	48.2250	47.9750	48.1700
18 September 2009	48.2450	48.0950	48.2850	48.1450	48.1800
17 September 2009	47.9950	47.9650	48.1850	48.1550	47.9700
16 September 2009	48.4250	48.2050	48.4750	48.2350	48.3600
15 September 2009	48.6450	48.5450	48.6950	48.6450	48.5700
14 September 2009	48.6150	48.5950	48.7950	48.7350	48.7000
11 September 2009	48.4550	48.3850	48.6250	48.4850	48.5100
10 September 2009	48.4150	48.2950	48.6650	48.6350	48.3700
9 September 2009	48.4550	48.4550	48.5850	48.5150	48.4700
8 September 2009	48.6150	48.4650	48.6750	48.4650	48.6500
7 September 2009	48.7450	48.6350	48.7650	48.6650	48.7500
4 September 2009	48.9450	48.8050	48.9450	48.8950	48.8900
3 September 2009	48.8250	48.7950	48.9750	48.9150	48.8800
2 September 2009	49.1750	48.9650	49.2050	48.9650	49.0600
1 September 2009	48.7350	48.6650	49.0550	49.0450	48.7300
31 August 2009	48.8450	48.7450	48.9250	48.8250	48.8800
28 August 2009	48.8450	48.6450	48.8950	48.6450	48.8700
27 August 2009	49.0050	48.8050	49.0550	48.9150	48.9800
26 August 2009	48.8450	48.7550	48.9350	48.9350	48.8300
25 August 2009	48.7850	48.6950	48.8450	48.7550	48.7900
24 August 2009	48.3950	48.3850	48.6650	48.6150	48.5000
21 August 2009	48.6350	48.5650	48.8850	48.6250	48.7400
20 August 2009	48.7950	48.5950	48.7950	48.7050	48.7000
18 August 2009	48.8550	48.6550	48.9250	48.8050	48.7400
17 August 2009	48.5550	48.5250	49.0050	48.9650	48.6800
14 August 2009	48.2050	48.2050	48.3550	48.2450	48.2700
13 August 2009	48.1950	48.0550	48.2050	48.1150	48.1400
12 August 2009	48.0850	48.0850	48.4950	48.3650	48.3500
11 August 2009	48.0050	47.8850	48.0450	47.9750	47.9400
10 August 2009	47.8050	47.6450	47.8850	47.8150	47.8100
7 August 2009	47.8250	47.7550	47.9950	47.8550	47.8600
6 August 2009	47.6750	47.5650	47.7750	47.6850	47.5800
5 August 2009	47.6850	47.5150	47.7250	47.5250	47.6700
4 August 2009	47.4250	47.4250	47.7450	47.7450	47.5400
3 August 2009	47.8250	47.6350	47.9250	47.6350	47.8700
31 July 2009	48.2450	47.9150	48.2650	47.9450	48.1600
30 July 2009	48.5750	48.3350	48.5850	48.3550	48.4900
29 July 2009	48.3250	48.2550	48.5250	48.4150	48.4700
28 July 2009	48.2250	48.1350	48.3050	48.2250	48.2100
27 July 2009	48.1350	48.0850	48.2450	48.1650	48.2100
24 July 2009	48.3950	48.2050	48.4150	48.2150	48.3800
23 July 2009	-	48.3650	48.5050	48.4550	48.4400
22 July 2009	48.3850	48.2850	48.6350	48.5150	48.3700
21 July 2009	48.2450	48.2450	48.4750	48.4350	48.2700
20 July 2009	48.5250	48.1850	48.5700	48.2150	48.4300
17 July 2009	48.6050	48.6050	48.7650	48.7350	48.6900
16 July 2009	48.4950	48.4950	48.8550	48.6850	48.7400
15 July 2009	48.8450	48.6350	48.8450	48.6450	48.7200
14 July 2009	48.7950	48.7950	48.9750	48.9650	48.8400
13 July 2009	49.1100	49.0550	49.4650	49.0750	49.4000
10 July 2009	48.6900	48.5650	49.0150	49.0050	48.6900
9 July 2009	49.0050	48.6650	49.0650	48.7150	48.9200
8 July 2009	48.7550	48.7550	48.9350	48.8850	48.9200
7 July 2009	48.4250	48.2750	48.7550	48.4450	48.5200
6 July 2009	47.9350	47.8650	48.5550	48.5550	48.2200
3 July 2009	48.1550	47.8750	48.1750	47.8950	47.9900
2 July 2009	47.7550	47.7350	48.0350	47.9550	47.7900
30 June 2009	47.9750	47.8350	48.0550	47.9050	47.8700
29 June 2009	48.0950	48.0550	48.2650	48.1050	48.2000
26 June 2009	48.4850	48.1050	48.5650	48.1150	48.5100
25 June 2009	48.5650	48.5150	48.7150	48.6050	48.5300
24 June 2009	48.4050	48.3850	48.5850	48.5550	48.5300
23 June 2009	48.8550	48.5150	48.9250	48.5650	48.9100
22 June 2009	48.1550	48.1350	48.6650	48.6250	48.3900
19 June 2009	48.1550	48.0650	48.2750	48.0850	48.1300
18 June 2009	48.0250	48.0075	48.3250	48.2150	48.0600
17 June 2009	47.8450	47.8050	48.1650	48.1250	47.9100
16 June 2009	47.9550	47.7050	47.9550	47.7650	47.7600
15 June 2009	47.7050	47.7050	48.0050	47.7350	47.9400
12 June 2009	47.4550	47.3850	47.6150	47.6150	47.4100
11 June 2009	47.3550	47.3450	47.6150	47.6050	47.4200
10 June 2009	47.3250	47.2350	47.3500	47.2450	47.2700
9 June 2009	47.6550	47.4000	47.8050	47.4850	47.5900
8 June 2009	47.3050	47.2550	47.7550	47.5600	47.3800
5 June 2009	47.1350	47.0150	47.1950	47.1100	47.0800
4 June 2009	47.2650	47.0650	47.3250	47.2050	47.1600
3 June 2009	46.9150	46.7550	47.0750	47.0750	46.8400
2 June 2009	47.0600	46.9350	47.2450	47.0250	47.1400
1 June 2009	47.0050	46.9050	47.0550	46.9650	46.9900
29 May 2009	47.5050	47.0750	47.5550	47.1150	47.2900
28 May 2009	48.0350	47.5850	48.1050	47.6050	47.8300
27 May 2009	47.6050	47.5050	47.8550	47.7150	47.6700
26 May 2009	47.4750	47.4050	47.9250	47.9250	47.6300
25 May 2009	47.2650	47.2150	47.4750	47.3050	47.2200
22 May 2009	47.1550	46.9850	47.2550	47.1150	47.1900
21 May 2009	47.4800	47.2850	47.5550	47.3900	47.4000
20 May 2009	47.9250	47.4350	47.9550	47.4900	47.7100
19 May 2009	47.5550	47.2750	47.9550	47.7750	47.4900
18 May 2009	48.6750	47.7750	48.6750	47.8900	48.1700
15 May 2009	-	-	-	-	49.5500
14 May 2009	49.9550	49.7350	50.0250	49.7850	49.8300
13 May 2009	49.2400	49.2400	49.7350	49.7100	49.3400
12 May 2009	49.7050	49.2350	49.7050	49.3150	49.5900
11 May 2009	49.0650	49.0550	49.5250	49.5100	49.2300
8 May 2009	49.3550	49.2250	49.4700	49.2850	49.2500
7 May 2009	49.3550	49.2250	49.5250	49.2800	49.4600
6 May 2009	49.5550	49.3350	49.7550	49.6050	49.5000
5 May 2009	49.6050	49.2850	49.7050	49.3050	49.6500
4 May 2009	49.6550	49.5550	49.9350	49.9050	49.6800
29 April 2009	50.2650	50.0450	50.3050	50.0450	50.2200
28 April 2009	50.4550	50.2850	50.5750	50.5200	50.4400
27 April 2009	49.9550	49.9350	50.3150	50.2400	49.9800
24 April 2009	49.8550	-	50.0450	49.8050	49.9400
23 April 2009	50.4550	49.9250	50.4550	49.9250	50.2200
22 April 2009	50.3550	50.0550	50.4450	50.3250	50.2000
21 April 2009	-	-	-	-	50.3600
20 April 2009	50.0550	49.9250	50.3550	50.3250	49.9500
17 April 2009	-	-	-	-	49.7100
16 April 2009	49.5550	49.3450	49.8550	49.7550	49.4900
15 April 2009	50.0050	49.6050	50.0950	49.6650	49.8800
13 April 2009	49.8550	49.8350	49.9650	49.8900	49.8600
9 April 2009	-	-	-	-	49.9100
8 April 2009	50.4050	50.1650	50.6750	50.1950	50.5300
6 April 2009	49.9450	49.8850	50.1550	50.0450	50.0000
2 April 2009	50.3550	50.2850	50.4550	50.3450	50.3000
31 March 2009	51.0550	50.5550	51.0850	50.7150	50.9500
30 March 2009	50.9050	50.8750	51.3350	51.1800	51.0800
26 March 2009	50.6350	50.4650	50.7150	50.5750	50.5400
25 March 2009	50.9450	50.6850	51.1050	50.7350	50.8300
24 March 2009	50.3350	50.2150	50.7450	50.7150	50.3100
23 March 2009	50.5250	50.3950	50.6550	50.4650	50.5200
20 March 2009	50.3850	50.0250	50.8550	50.6550	50.1400
19 March 2009	50.9850	50.3050	51.1050	50.3750	50.7700
18 March 2009	51.3950	51.2650	51.4950	51.2850	51.3500
17 March 2009	51.4100	51.2350	51.5250	51.4750	51.2500
16 March 2009	51.3400	51.3350	51.7050	51.4150	51.5800
13 March 2009	51.7550	51.4550	51.7550	51.4850	51.6700
12 March 2009	51.5450	51.5250	51.9350	51.8750	51.7000
9 March 2009	51.7350	51.5650	52.0150	51.8550	51.8000
6 March 2009	51.8550	51.4750	51.8550	51.6950	51.5100
5 March 2009	51.5050	51.5050	52.1150	51.7650	52.0600
4 March 2009	51.9550	51.4250	52.0350	51.5450	51.9300
3 March 2009	51.8550	51.5550	52.1950	51.9650	51.6600
2 March 2009	51.5550	51.5550	51.9100	51.9100	51.7500
27 February 2009	50.6250	50.6250	51.1850	51.1250	50.7300
26 February 2009	50.0450	50.0450	50.4550	50.4550	50.4100
25 February 2009	49.7250	49.7250	49.9650	49.9250	49.8200
24 February 2009	49.8550	49.7950	49.9450	49.8750	49.8900
19 February 2009	49.9050	49.6150	49.9650	49.6250	49.8500
18 February 2009	49.7850	49.5750	50.1050	49.9250	49.8500
17 February 2009	49.0050	48.9350	49.6750	49.6750	49.1600
16 February 2009	48.7800	48.6400	48.8300	48.8300	48.7200
13 February 2009	48.8450	48.6250	48.8550	48.6750	48.7200
12 February 2009	48.7350	48.7050	48.8550	48.8450	48.7200
11 February 2009	48.9050	48.6650	48.9550	48.6850	48.8200
10 February 2009	48.7050	48.7450	48.6650	48.7150	48.7000
9 February 2009	48.5750	48.6450	48.5450	48.5750	48.6000
6 February 2009	48.6800	48.6650	48.7650	48.6850	48.7300
5 February 2009	48.8050	48.7450	48.8950	48.7750	48.8200
4 February 2009	48.6050	48.6050	48.8450	48.8150	48.6500
3 February 2009	48.8100	48.7450	48.8750	48.8150	48.8000
2 February 2009	49.0100	48.9050	49.1250	48.9250	49.0100
30 January 2009	49.1350	48.8550	49.1550	48.8750	49.0200
29 January 2009	48.9550	48.8650	49.0250	48.9800	48.9000
28 January 2009	48.8550	48.7700	48.9450	48.9200	48.8700
27 January 2009	48.9050	48.7400	48.9450	48.9450	48.8500
23 January 2009	49.3050	49.1250	49.3050	49.2550	49.1900
22 January 2009	48.9050	48.8550	49.2050	49.1550	48.9300
21 January 2009	49.3550	49.0850	49.3950	49.1100	49.1200
20 January 2009	48.9100	48.8750	49.2100	49.2100	48.9900
19 January 2009	48.6550	48.5050	48.7150	48.6550	48.5600
16 January 2009	48.7950	48.7250	48.7950	48.7950	48.7700
15 January 2009	49.2050	48.8950	49.2050	49.0300	49.0800
14 January 2009	48.9550	48.6850	48.9550	48.8300	48.7000
13 January 2009	48.9050	48.7550	49.1300	49.1300	48.9100
12 January 2009	48.5400	48.3750	48.8650	48.8450	48.6000
9 January 2009	49.2050	48.2750	49.2950	48.2750	48.9200
7 January 2009	48.5050	48.3650	48.8800	48.8100	48.6100
6 January 2009	48.6150	48.5550	48.7750	48.7100	48.6800
5 January 2009	48.2050	48.2050	48.7350	48.5500	48.3700
2 January 2009	48.9550	48.5900	49.1350	48.5900	48.8900
1 January 2009	48.5150	48.4450	48.8450	48.7500	48.7300
31 December 2008	48.3100	48.3100	48.8250	48.7250	48.4500
30 December 2008	48.4100	48.3450	48.6550	48.4750	48.5000
29 December 2008	48.3550	48.2450	48.8250	48.4350	48.7600
26 December 2008	47.8100	47.7450	48.5950	48.4550	47.8900
24 December 2008	48.8550	47.9750	49.2050	48.0800	48.9900
23 December 2008	48.2250	48.2250	48.9450	48.7700	48.4900
22 December 2008	47.3550	47.3050	48.0550	48.0150	47.3900
19 December 2008	47.2350	46.8650	47.3650	47.2550	47.0800
18 December 2008	47.3550	46.8850	47.4350	46.9450	47.2800
17 December 2008	47.3050	47.2250	47.6550	47.6550	47.3300
16 December 2008	48.0100	47.7950	48.0100	47.9250	47.8200
15 December 2008	48.2050	47.9250	48.2050	48.0300	47.9400
12 December 2008	48.6100	48.3250	49.0050	48.4500	48.7100
11 December 2008	48.8050	48.2550	48.8050	48.3100	48.5200
10 December 2008	49.2550	48.8850	49.2550	48.9850	49.1200
8 December 2008	49.2550	49.1850	49.6050	49.5850	49.2200
5 December 2008	49.9400	49.5550	49.9400	49.5750	49.6900
4 December 2008	49.8550	49.5350	49.9550	49.8750	49.7900
3 December 2008	49.9400	49.7550	50.1050	50.0050	49.9000
2 December 2008	50.5250	50.0950	50.5950	50.1450	50.5200
1 December 2008	50.2050	49.9650	50.3550	50.2750	50.0900
28 November 2008	49.6950	49.6950	50.1950	50.0850	49.8400
26 November 2008	49.8250	49.2750	50.0150	49.4850	49.8500
25 November 2008	49.7250	49.7250	50.1150	49.9450	49.9700
24 November 2008	50.0550	49.9750	50.2550	50.1000	50.0900
21 November 2008	50.5400	49.9550	50.5400	50.0250	50.0300
20 November 2008	50.5050	49.8850	50.6050	50.2000	50.5200
19 November 2008	49.7350	49.6850	50.0350	49.9950	49.7400
18 November 2008	49.5550	49.5050	49.8050	49.6750	49.6800
17 November 2008	49.1550	48.7900	49.3750	49.3450	48.9900
14 November 2008	49.4050	48.9250	49.4950	48.9900	49.4600
12 November 2008	48.4550	48.4550	49.4050	49.3100	48.7900
11 November 2008	47.6850	47.4550	48.1750	48.1150	47.5900
10 November 2008	47.4200	47.1750	47.4550	47.3850	47.3200
7 November 2008	47.9600	47.6550	47.9550	47.6550	47.7600
6 November 2008	47.8750	47.4850	47.9650	47.7350	47.6700
5 November 2008	47.2250	46.7050	47.5550	47.4650	47.1800
4 November 2008	48.7250	47.7100	48.9550	47.7250	48.6200
3 November 2008	49.0450	48.6550	49.0650	48.6550	48.9600
31 October 2008	49.4750	49.2450	49.5550	49.4750	49.2500
29 October 2008	49.6050	49.6050	49.8850	49.6750	49.7700
27 October 2008	50.0850	49.8550	50.2850	49.8750	50.0900
24 October 2008	50.1550	49.8350	50.1550	49.9550	49.9500
23 October 2008	49.7050	49.5950	49.8650	49.8150	49.7900
22 October 2008	49.3050	49.1550	49.4950	49.3050	49.2900
21 October 2008	-	-	-	-	-
20 October 2008	48.7450	48.7050	49.0550	48.9950	48.8300
17 October 2008	48.7050	48.5750	48.9600	48.8750	48.6800
16 October 2008	49.0050	48.6550	49.1050	48.8350	48.8600
15 October 2008	48.3550	48.3550	48.6250	48.5250	48.4300
14 October 2008	47.9050	47.5750	48.1050	48.0750	47.7100
13 October 2008	48.3050	47.9950	48.3050	48.2550	48.1400
10 October 2008	48.8200	47.8550	49.3550	48.4550	48.7200
8 October 2008	48.2250	47.8550	48.8200	47.9950	48.7400
7 October 2008	47.9050	47.7250	48.1750	47.9250	48.0100
6 October 2008	47.4050	47.2750	47.8550	47.8150	47.4600
3 October 2008	47.0550	46.8050	47.2950	47.0750	46.8800
1 October 2008	47.1100	46.6150	47.2350	46.6150	46.9600
30 September 2008	-	-	-	-	46.9400
29 September 2008	46.8550	46.8350	47.1150	46.9650	46.9400
26 September 2008	46.1650	46.0550	46.5950	46.5450	46.4300
25 September 2008	46.1050	46.1050	46.3050	46.2150	46.2500
24 September 2008	45.7650	45.7550	46.1150	45.9550	45.8300
23 September 2008	45.3350	45.3350	45.9650	45.7350	45.7200
22 September 2008	45.5250	45.2350	45.5250	45.4550	45.4000
19 September 2008	46.1550	45.7550	46.3950	45.8250	46.3200
18 September 2008	46.7550	46.4150	46.7950	46.4150	46.7100
17 September 2008	46.3550	46.2700	46.7250	46.3400	46.3400
16 September 2008	46.1050	46.0550	46.9950	46.8750	46.6300
15 September 2008	45.6050	45.5550	46.0850	46.0450	45.9400
12 September 2008	45.6450	45.5250	45.8050	45.7250	45.7700
11 September 2008	45.3450	45.3050	45.5750	45.5650	45.4400
10 September 2008	44.9450	44.8750	45.1750	45.1050	45.1200
9 September 2008	44.6950	44.6950	44.9350	44.8250	44.8900
8 September 2008	44.2950	44.1250	44.6450	44.5950	44.2600
5 September 2008	44.5750	44.2850	44.7550	44.6550	44.3700
4 September 2008	44.4250	44.2150	44.5350	44.3550	44.4500
2 September 2008	44.2250	44.1450	44.5850	44.4350	44.2600
1 September 2008	44.1550	44.0550	44.2350	44.1750	44.2100
29 August 2008	43.7450	43.7150	43.9850	43.9450	43.7900
28 August 2008	43.6550	43.6350	43.8150	43.7850	43.7300
27 August 2008	43.7250	43.6550	43.9350	43.7550	43.7300
26 August 2008	43.9450	43.7900	44.1550	43.8450	44.0700
25 August 2008	43.4550	43.4550	43.7950	43.7850	43.5800
22 August 2008	43.5250	43.3050	43.5650	43.4250	43.3800
21 August 2008	43.7050	43.4750	43.7650	43.5150	43.5800
20 August 2008	43.7050	43.6550	43.8750	43.7050	43.7200
18 August 2008	43.2850	43.1950	43.6950	43.5950	43.2300
14 August 2008	42.7550	42.7550	43.0550	43.0550	42.8200
13 August 2008	42.5700	42.5550	42.7750	42.6450	42.6700
12 August 2008	42.1750	42.1750	42.4450	42.3750	42.4000
11 August 2008	42.0350	41.9050	42.2050	42.1650	42.0000
8 August 2008	42.2050	42.0350	42.2850	42.0650	42.2000
7 August 2008	42.0250	41.8750	42.0750	42.0750	41.8900
6 August 2008	42.0650	41.9050	42.1250	42.0850	42.0000
5 August 2008	42.3550	42.2050	42.3850	42.2450	42.2800
4 August 2008	42.4600	42.3550	42.4850	42.4850	42.4000
1 August 2008	42.5650	42.3150	42.5750	42.3550	42.3700
31 July 2008	42.4150	42.4150	42.5750	42.5750	42.4900
30 July 2008	42.5200	42.3350	42.5850	42.3650	42.4700
29 July 2008	42.6600	42.5150	42.8050	42.6450	42.5400
28 July 2008	42.2500	42.2000	42.5450	42.5450	42.3000
25 July 2008	42.1850	42.1850	42.3650	42.2650	42.2300
24 July 2008	41.9950	41.8150	42.1850	42.1450	41.9600
23 July 2008	42.4850	42.0850	42.4850	42.0850	42.3300
22 July 2008	42.6950	42.5650	42.8450	42.7350	42.7100
21 July 2008	42.6950	42.6750	42.7850	42.6850	42.7100
18 July 2008	42.7150	42.6650	42.8650	42.7650	42.7800
17 July 2008	42.9550	42.7850	42.9650	42.8250	42.9400
16 July 2008	43.1650	43.0750	43.1850	43.0750	43.1700
15 July 2008	43.0100	43.0100	43.3050	43.2350	43.1700
14 July 2008	42.8450	42.7850	42.9850	42.9250	42.8200
11 July 2008	43.0300	42.6850	43.0500	42.8750	42.7200
10 July 2008	43.1800	42.9950	43.2500	42.9950	43.1600
9 July 2008	43.1400	43.0750	43.1850	43.1250	43.1300
8 July 2008	43.3400	43.2600	43.4250	43.2600	43.3700
7 July 2008	43.1150	43.0725	43.3225	43.2950	43.1200
4 July 2008	43.2750	43.1100	43.2650	43.1550	43.2100
3 July 2008	43.2750	43.2050	43.3450	43.2950	43.3000
2 July 2008	43.3450	43.1350	43.3850	43.1650	43.3400
1 July 2008	43.0800	43.0500	43.4650	43.3350	43.2700
30 June 2008	42.9000	42.8950	43.1250	43.0250	42.9500
27 June 2008	42.8350	42.7700	42.8850	42.8850	42.7900
26 June 2008	42.6650	42.6550	42.7350	42.6850	42.7300
25 June 2008	42.9050	42.7350	42.9350	42.7350	42.8200
24 June 2008	42.9650	42.9300	42.9800	42.9650	42.9400
23 June 2008	42.9550	42.9450	42.9750	42.9750	42.9700
20 June 2008	42.9450	42.9250	42.9950	42.9250	42.9700
19 June 2008	42.9250	42.9150	42.9850	42.9650	42.9300
18 June 2008	42.9250	42.8450	42.9250	42.8950	42.9000
17 June 2008	42.9250	42.8450	42.9250	42.8950	42.9200
16 June 2008	42.8850	42.8850	42.9800	42.9550	42.9000
13 June 2008	42.8150	42.8150	42.9500	42.9450	42.8700
12 June 2008	42.7650	42.7650	42.8850	42.8300	42.8100
11 June 2008	42.9450	42.8250	42.9625	42.8650	42.8900
10 June 2008	42.8750	42.8550	42.9850	42.9650	42.8900
9 June 2008	42.9350	42.8450	42.9250	42.8600	42.8900
6 June 2008	42.8450	42.6250	42.8450	42.6650	42.7900
5 June 2008	42.9050	42.8250	42.9750	42.9050	42.8600
4 June 2008	42.6050	42.5250	42.7950	42.7800	42.6300
3 June 2008	42.4750	42.4750	42.6650	42.6150	42.5300
2 June 2008	42.1250	42.1250	42.4050	42.4050	42.2400
30 May 2008	42.5050	42.4050	42.6150	42.4650	42.5900
29 May 2008	42.7350	42.7350	42.9350	42.7850	42.7700
28 May 2008	42.8750	42.7050	42.8950	42.7350	42.8500
27 May 2008	42.7850	42.7650	42.9850	42.9650	42.8900
26 May 2008	42.7950	42.5250	42.7950	42.7250	42.5600
23 May 2008	42.8450	42.6950	42.8950	42.6950	42.8400
22 May 2008	43.0250	42.9350	43.2050	42.9650	43.1500
21 May 2008	42.7450	42.6350	42.8950	42.8350	42.7200
20 May 2008	42.6150	42.5450	42.7350	42.6050	42.6700
16 May 2008	42.6150	42.5150	42.9250	42.5450	42.6400
15 May 2008	42.4050	42.3150	42.7350	42.7350	42.4000
14 May 2008	42.1900	42.1550	42.6650	42.4450	42.3300
13 May 2008	41.9850	41.9850	42.2050	42.1050	42.1600
12 May 2008	41.6450	41.5700	42.1100	42.0450	41.6800
9 May 2008	40.7350	41.3350	41.7550	41.6050	41.3800
8 May 2008	41.5000	41.5000	41.8050	41.7650	41.7900
7 May 2008	40.9850	40.9850	41.4050	41.3550	41.2000
6 May 2008	40.6550	40.6550	40.9825	40.9450	40.6900
5 May 2008	40.6350	40.5350	40.6550	40.6100	40.5500
2 May 2008	40.5150	40.5150	40.7750	40.6350	40.6500
30 April 2008	40.4250	40.3750	40.6550	40.5250	40.4600
29 April 2008	40.1550	40.1550	40.4850	40.4850	40.2200
28 April 2008	40.1250	40.1250	40.2125	40.1675	40.1400
25 April 2008	40.1250	40.0950	40.2450	40.1300	40.1800
24 April 2008	40.0050	40.0050	40.1950	40.1800	40.0400
23 April 2008	39.9550	39.9350	40.0850	40.0550	39.9500
22 April 2008	39.9350	39.9150	39.9650	39.9650	39.9400
21 April 2008	39.8450	39.8250	39.9800	39.9800	39.8900
17 April 2008	39.9350	39.9150	39.9650	39.9250	39.9400
16 April 2008	39.9550	39.9550	39.9850	39.9650	39.9600
15 April 2008	39.9750	39.9450	39.9850	39.9650	39.9600
11 April 2008	39.9250	39.8950	39.9650	39.9550	39.9400
10 April 2008	39.9950	39.9150	39.9950	39.9450	39.9500
9 April 2008	40.0250	39.9950	40.0550	40.0050	40.0200
8 April 2008	39.9750	39.9750	40.0450	40.0150	40.0200
7 April 2008	39.9150	39.8850	39.9850	39.9650	39.9300
4 April 2008	39.9950	39.9250	40.0450	39.9650	39.9700
3 April 2008	39.9600	39.9250	40.0450	40.0350	39.9500
2 April 2008	39.8950	39.8950	40.0350	39.9850	39.9800
31 March 2008	39.9100	39.7950	40.1550	40.1250	39.9700
28 March 2008	40.1400	39.8500	40.1450	39.8950	40.1000
27 March 2008	40.1850	40.0650	40.1850	40.1050	40.1500
26 March 2008	40.1650	40.0950	40.1650	40.1475	40.1400
25 March 2008	40.1900	40.0200	40.1900	40.1250	40.1200
24 March 2008	40.3800	40.2450	40.4150	40.2650	40.3400
19 March 2008	40.3750	40.3650	40.5250	40.4250	40.4500
18 March 2008	40.6750	40.4850	40.6850	40.5150	40.6200
17 March 2008	40.7750	40.6850	40.8250	40.7250	40.7700
14 March 2008	40.4300	40.3850	40.5650	40.4450	40.4500
13 March 2008	40.4300	40.3650	40.5850	40.4350	40.4400
12 March 2008	40.3050	40.2950	40.4250	40.3350	40.3600
11 March 2008	40.5950	40.4350	40.5950	40.4600	40.4700
10 March 2008	40.5550	40.4650	40.7125	40.4950	40.6700
7 March 2008	40.3900	40.3900	40.6450	40.5250	40.5300
5 March 2008	40.3450	40.2150	40.3850	40.3050	40.2900
4 March 2008	40.3150	40.2250	40.3550	40.3150	40.2900
3 March 2008	40.1450	40.1450	40.3850	40.3850	40.2600
29 February 2008	39.8950	39.8250	40.0250	40.0150	39.9200
28 February 2008	39.7450	39.7250	39.8950	39.8750	39.8100
27 February 2008	39.8450	39.7050	39.8450	39.7900	39.7300
26 February 2008	39.9350	39.9100	39.9450	39.9100	39.9100
25 February 2008	40.0150	39.9550	40.0850	39.9675	40.0500
22 February 2008	39.9150	39.9150	40.0550	40.0550	39.9800
21 February 2008	40.1850	39.9050	40.1850	39.9300	40.0700
20 February 2008	39.9500	39.9500	40.2450	40.2200	40.1500
19 February 2008	39.7750	39.7650	39.9450	39.9250	39.8700
18 February 2008	39.6450	39.6450	39.7850	39.7800	39.6600
15 February 2008	39.6450	39.6150	39.7050	39.6850	39.6600
14 February 2008	39.7550	39.6050	39.7550	39.6250	39.6500
13 February 2008	39.6150	39.6150	39.8850	39.7750	39.6800
12 February 2008	39.6650	39.6100	39.6800	39.6650	39.6500
11 February 2008	39.6350	39.6350	39.7450	39.7050	39.7300
8 February 2008	39.5300	39.4950	39.6450	39.6350	39.5500
7 February 2008	39.5050	39.4650	39.5650	39.5350	39.4800
6 February 2008	39.6350	39.5150	39.6850	39.5250	39.6000
5 February 2008	39.4350	39.4250	39.5600	39.5600	39.4300
4 February 2008	39.3350	39.3350	39.4800	39.4550	39.3800
1 February 2008	39.3750	39.3325	39.3825	39.3550	39.3600
31 January 2008	39.3850	39.3550	39.4450	39.3750	39.3900
30 January 2008	39.3850	39.3850	39.4400	39.3900	39.4300
29 January 2008	39.3550	39.3450	39.4050	39.3850	39.4000
28 January 2008	39.4150	39.3825	39.4750	39.3825	39.4700
25 January 2008	39.3850	39.3550	39.4150	39.3675	39.4000
24 January 2008	39.5050	39.4250	39.5250	39.4600	39.4300
23 January 2008	39.4050	39.4050	39.5950	39.5850	39.5600
22 January 2008	39.7150	39.4550	39.7600	39.4850	39.7300
21 January 2008	39.3450	39.3450	39.5950	39.5650	39.3800
18 January 2008	39.3450	39.2750	39.3450	39.3050	39.2700
17 January 2008	39.3150	39.2650	39.3450	39.3100	39.2900
16 January 2008	39.2800	39.2550	39.3000	39.3000	39.2700
15 January 2008	39.2800	39.2625	39.2800	39.2625	39.2700
14 January 2008	39.2850	39.2750	39.3050	39.2900	39.2900
11 January 2008	39.2650	39.2550	39.3050	39.3000	39.2900
10 January 2008	39.2750	39.2550	39.3250	39.2950	39.2900
9 January 2008	39.2950	39.2550	39.3150	39.2850	39.2900
8 January 2008	39.2450	39.2150	39.3050	39.2800	39.2700
7 January 2008	39.3350	39.2150	39.3350	39.2950	39.2800
4 January 2008	39.3850	39.2750	39.3850	39.3350	39.3200
3 January 2008	39.4650	39.3750	39.4750	39.3950	39.4500
2 January 2008	39.4150	39.3950	39.4450	39.4350	39.4300
1 January 2008	39.4150	39.3775	39.4350	39.4150	39.4200
31 December 2007	39.4000	39.3850	39.4350	39.4150	39.4100
28 December 2007	39.4650	39.4150	39.4650	39.4350	39.4400
27 December 2007	39.4350	39.3950	39.4450	39.4150	39.4300
26 December 2007	39.4150	39.3750	39.4450	39.4225	39.3900
24 December 2007	39.4600	39.4300	39.5300	39.4450	39.4900
20 December 2007	39.5450	39.5050	39.5950	39.5450	39.5700
19 December 2007	39.4750	39.4750	39.6500	39.6025	39.5500
18 December 2007	39.6250	39.4750	39.6250	39.5450	39.5700
17 December 2007	39.3900	39.3450	39.5450	39.5450	39.3700
14 December 2007	39.4250	39.3350	39.4250	39.3550	39.3500
13 December 2007	39.3550	-	39.4075	39.4075	39.3700
12 December 2007	39.4150	39.3550	39.4200	39.3850	39.3600
11 December 2007	39.3850	39.3450	39.3950	39.3550	39.3600
10 December 2007	39.3850	39.3750	39.4225	39.4125	39.3800
7 December 2007	39.4350	39.3900	39.4700	39.4050	39.4100
6 December 2007	39.4650	39.4550	39.5550	39.4900	39.4700
5 December 2007	39.4250	39.4250	39.5000	39.5000	39.4500
4 December 2007	39.4650	39.4150	39.4650	39.4350	39.4300
3 December 2007	39.6400	39.5050	39.6400	39.5050	39.5600
30 November 2007	39.6850	39.5750	39.7350	39.6250	39.6700
29 November 2007	39.7100	39.6650	39.7950	39.7550	39.7700
28 November 2007	39.7550	39.6650	39.8150	39.8050	39.6800
27 November 2007	39.8850	39.7250	39.8950	39.7950	39.8500
26 November 2007	39.6150	39.5850	39.8025	39.8025	39.6800
23 November 2007	39.4900	39.4850	39.7150	39.7050	39.5700
22 November 2007	39.4350	39.3950	39.5350	39.5350	39.4100
21 November 2007	39.3650	39.3600	39.4150	39.3950	39.3900
20 November 2007	39.4250	39.3300	39.4250	39.3600	39.3400
19 November 2007	39.2700	39.2700	39.3400	39.3400	39.2900
16 November 2007	39.3350	39.3250	39.3900	39.3250	39.3500
15 November 2007	39.3400	39.2750	39.3400	39.3150	39.2800
14 November 2007	39.3750	39.3050	39.3750	39.3150	39.3300
13 November 2007	39.3750	39.3450	39.4450	39.4250	39.3900
12 November 2007	39.3850	39.2850	39.4150	39.3650	39.3300
8 November 2007	39.3500	39.3150	39.3750	39.3300	39.3400
7 November 2007	39.2550	39.1950	39.3250	39.3150	39.2700
6 November 2007	39.2900	39.2450	39.3150	39.3050	39.2900
5 November 2007	39.3700	39.2450	39.3950	39.3150	39.3200
2 November 2007	39.4050	39.2950	39.4400	39.3175	39.3700
1 November 2007	39.2500	39.2500	39.3350	39.3150	39.3200
31 October 2007	39.3350	39.3050	39.3550	39.3250	39.3200
30 October 2007	39.4200	39.3250	39.4750	39.3925	39.4000
29 October 2007	39.3700	39.3700	39.4550	39.4250	39.3800
26 October 2007	39.6100	39.4250	39.6100	39.4550	39.5100
25 October 2007	39.5350	39.4250	39.5850	39.5300	39.5400
24 October 2007	39.5500	39.4550	39.6750	39.5850	39.5700
23 October 2007	-	-	-	-	39.6900
22 October 2007	39.8300	39.7750	39.9150	39.8950	39.7900
19 October 2007	39.7250	39.6750	39.8450	39.7350	39.7900
18 October 2007	39.4550	39.4200	39.7950	39.7750	39.4700
17 October 2007	39.8250	39.4850	39.9650	39.5550	39.6800
16 October 2007	39.3550	39.3150	39.3850	39.3550	39.3100
15 October 2007	39.3500	39.3025	39.3650	39.3075	39.3100
12 October 2007	39.2750	39.2750	39.4650	39.3650	39.3300
11 October 2007	39.2850	39.2750	39.3250	39.3050	39.3100
10 October 2007	39.3350	39.3050	39.3750	39.3125	39.3400
9 October 2007	-	-	-	-	39.5500
8 October 2007	39.4400	39.3850	39.4850	39.4575	39.4300
5 October 2007	39.4850	39.4350	39.5350	39.5000	39.4900
4 October 2007	39.6050	39.3650	39.6050	39.4950	39.5600
3 October 2007	39.8850	39.5850	39.8850	39.5850	39.7900
1 October 2007	39.7650	39.7150	39.8500	39.8500	39.7300
28 September 2007	39.6950	39.6950	39.8450	39.8450	39.7400
27 September 2007	39.6650	39.6250	39.9050	39.7150	39.7500
26 September 2007	39.7450	39.6150	39.7500	39.7050	39.7000
25 September 2007	39.7950	39.7150	39.8350	39.7450	39.8100
24 September 2007	39.8500	39.7550	39.8450	39.7700	39.8200
21 September 2007	39.9100	39.8550	40.0050	39.9050	39.8700
20 September 2007	40.0500	39.8700	40.0500	39.8850	39.9100
19 September 2007	40.2650	40.1850	40.3350	40.2050	40.2600
18 September 2007	40.5900	40.4650	40.6150	40.4850	40.5900
17 September 2007	40.4550	40.4250	40.5850	40.5600	40.4700
14 September 2007	40.4500	40.4350	40.4950	40.4650	40.4500
13 September 2007	40.4150	40.4150	40.4650	40.4650	40.4400
12 September 2007	40.5150	40.4350	40.5350	40.4450	40.4900
11 September 2007	40.6050	40.5550	40.6450	40.5650	40.5800
10 September 2007	40.7600	40.5950	40.7750	40.6750	40.6300
7 September 2007	-	40.6650	40.7400	40.6950	40.7100
6 September 2007	40.9550	40.7450	40.9650	40.7950	40.8500
5 September 2007	40.9050	40.8950	40.9750	40.9350	40.9400
4 September 2007	40.8750	40.8650	40.9850	40.9850	40.9200
3 September 2007	40.8850	40.8450	40.9450	40.8850	40.8800
31 August 2007	41.1150	40.8850	41.1150	40.8850	40.9600
30 August 2007	41.0050	40.9850	41.1850	41.1650	41.0400
29 August 2007	41.3250	41.1150	41.3700	41.1150	41.2400
28 August 2007	41.1200	41.0850	41.1800	41.1750	41.1200
27 August 2007	40.9400	40.8950	41.0500	41.0250	40.9800
24 August 2007	41.0450	41.0450	41.2050	41.0950	41.1800
23 August 2007	40.7950	40.7950	41.1850	41.0500	40.8600
22 August 2007	41.0750	40.8950	41.0950	40.8950	41.0100
21 August 2007	41.1350	40.9750	41.2525	41.0850	41.0600
17 August 2007	41.6150	41.2150	41.7150	41.3350	41.5700
16 August 2007	41.0600	41.0350	41.3650	41.3650	41.0900
14 August 2007	40.6550	40.6250	40.7850	40.7450	40.6900
13 August 2007	40.6100	40.5250	40.6350	40.6300	40.5600
10 August 2007	40.6600	40.6150	40.6950	40.6350	40.6700
9 August 2007	40.4550	40.3950	40.5400	40.5350	40.4000
8 August 2007	40.7750	40.4625	40.8250	40.5350	40.5800
7 August 2007	40.3550	40.3625	40.4350	40.4250	40.3700
6 August 2007	40.4850	40.4150	40.5125	40.4150	40.4500
3 August 2007	40.3850	40.3250	40.3850	40.3550	40.3600
2 August 2007	40.4250	40.4025	40.4750	40.4250	40.4300
1 August 2007	40.4450	40.4400	40.5550	40.4550	40.5500
31 July 2007	40.4400	40.3650	40.4900	40.3850	40.4400
30 July 2007	40.5950	40.4350	40.6250	40.5550	40.5400
27 July 2007	40.5100	40.4350	40.5700	40.5250	40.4800
26 July 2007	40.3550	40.2750	40.3550	40.3450	40.2700
25 July 2007	40.2700	40.2700	40.3600	40.3600	40.3000
24 July 2007	40.2250	40.2050	40.2750	40.2750	40.2400
23 July 2007	40.3750	40.2250	40.3650	40.2950	40.3400
20 July 2007	40.3350	40.3100	40.3450	40.3250	40.3300
19 July 2007	40.4150	40.3150	40.4500	40.3600	40.3900
18 July 2007	40.3750	40.3650	40.4550	40.4050	40.4000
17 July 2007	40.3550	40.3350	40.3750	40.3650	40.3600
16 July 2007	40.3900	40.3150	40.4150	40.3750	40.3700
13 July 2007	40.4850	40.4100	40.4925	40.4250	40.4700
12 July 2007	40.3850	40.3450	40.7450	40.5025	40.3800
11 July 2007	40.3850	40.3700	40.4300	40.4050	40.3800
10 July 2007	40.3950	40.3750	40.4150	40.3850	40.4100
9 July 2007	40.3850	40.3850	40.4400	40.4300	40.4100
6 July 2007	40.4550	40.4150	40.4850	40.4550	40.4600
5 July 2007	40.4100	40.3900	40.5250	40.4350	40.4600
4 July 2007	40.5350	40.4500	40.5750	40.4525	40.4900
3 July 2007	40.5750	40.4450	40.5750	40.5450	40.5800
2 July 2007	40.6250	40.6100	40.6750	40.6550	40.6600
30 June 2007	-	-	-	-	-
29 June 2007	40.8250	40.7050	40.8250	40.7050	40.7500
28 June 2007	40.9550	40.8100	41.0050	40.8350	40.8400
27 June 2007	40.9550	40.9450	41.0450	41.0050	41.0100
26 June 2007	40.9150	40.9000	41.0100	40.9350	40.9500
25 June 2007	40.7850	40.7850	40.8900	40.8750	40.8100
22 June 2007	40.7200	40.6950	40.7900	40.7550	40.7100
21 June 2007	40.8150	40.7150	40.8150	40.7150	40.7500
20 June 2007	40.7850	40.7550	40.8600	40.7550	40.8200
19 June 2007	40.6900	40.6950	40.8138	40.8138	40.7000
18 June 2007	40.7800	40.7200	40.7950	40.7850	40.7600
15 June 2007	40.8950	40.8450	41.0100	40.8750	40.9700
14 June 2007	40.8300	40.8050	40.9550	40.9350	40.8400
13 June 2007	40.8600	40.8250	41.0600	40.9750	40.9300
12 June 2007	40.7600	40.6600	40.7800	40.7550	40.7300
11 June 2007	40.9700	40.7825	41.0625	40.8050	40.9100
8 June 2007	40.8600	40.8600	41.2450	41.1350	40.9800
7 June 2007	40.7050	40.5900	40.7500	40.7050	40.6300
6 June 2007	40.5150	40.5150	40.7150	40.6650	40.5500
5 June 2007	40.5100	40.5050	40.5750	40.5250	40.5600
4 June 2007	40.5250	40.4450	40.5450	40.5350	40.4700
1 June 2007	40.5550	40.5150	40.5750	40.5550	40.5400
31 May 2007	40.8250	40.6050	40.8250	40.6250	40.7300
30 May 2007	40.5350	40.5350	40.8850	40.8650	40.6400
29 May 2007	40.4950	40.4150	40.5350	40.4950	40.4500
28 May 2007	40.5400	40.2850	40.5800	40.5150	40.5300
25 May 2007	40.6150	40.5650	40.6300	40.5925	40.6000
24 May 2007	40.5350	40.5350	40.6150	40.6050	40.5700
23 May 2007	40.5800	40.5450	40.6100	40.5750	40.5500
22 May 2007	40.6250	40.5300	40.6325	40.6150	40.6400
21 May 2007	40.7600	40.5250	40.7600	40.6850	40.6000
18 May 2007	40.9050	40.6950	40.9300	40.7150	40.9000
17 May 2007	40.8350	40.7750	40.8650	40.8600	40.8400
16 May 2007	40.8650	40.7750	40.9150	40.7950	40.8400
15 May 2007	40.7900	40.7850	40.9650	40.9650	40.8700
14 May 2007	41.0650	40.8750	41.1850	40.8750	40.9300
11 May 2007	41.4050	41.2000	41.4450	41.2650	41.3400
10 May 2007	40.9850	40.9450	41.2950	41.2950	41.0000
9 May 2007	40.8800	40.8650	41.0050	40.9250	40.9100
8 May 2007	40.8800	40.7250	40.8750	40.8450	40.7800
7 May 2007	40.7100	40.5150	40.8800	40.8800	40.5700
4 May 2007	41.0600	40.8600	41.0600	40.8600	40.9000
3 May 2007	41.2650	41.1050	41.2850	41.1050	41.1800
30 April 2007	41.1850	41.1500	41.4450	41.1900	41.2900
27 April 2007	40.9350	40.9500	41.0950	41.0900	41.0700
26 April 2007	40.8250	40.7200	40.9450	40.9000	40.7800
25 April 2007	41.1150	40.8650	41.1250	40.9050	40.9700
24 April 2007	41.6450	41.0550	41.7050	41.1750	41.6400
23 April 2007	41.6700	41.6350	41.7350	41.6650	41.6700
20 April 2007	42.0700	41.7500	42.0800	41.7650	41.9900
19 April 2007	42.0300	42.0300	42.2150	42.0700	42.1500
18 April 2007	41.9050	41.8150	42.0850	42.0100	41.8900
17 April 2007	41.8950	41.6450	41.9950	41.9800	41.7300
16 April 2007	42.4950	41.8600	42.5500	41.9000	42.3000
13 April 2007	42.7650	42.5050	42.8110	42.5150	42.7400
12 April 2007	42.8950	42.8200	42.9400	42.8450	42.8600
11 April 2007	42.8050	42.8050	42.9250	42.8750	42.8700
10 April 2007	42.9000	42.7800	42.9850	42.8450	42.8600
9 April 2007	42.9100	42.7600	43.0400	42.9050	42.8800
5 April 2007	43.0000	42.9250	43.2000	42.9250	43.1500
4 April 2007	43.0450	42.8450	43.1350	43.0850	42.9000
3 April 2007	43.2950	43.0450	43.2950	43.0750	43.1300
2 April 2007	-	-	-	-	-
31 March 2007	-	-	-	-	-
30 March 2007	43.6100	43.4750	43.6550	43.4750	43.5900
29 March 2007	43.3000	43.2650	43.7800	43.7500	43.4700
28 March 2007	43.1500	43.0300	43.2250	43.0500	43.1400
26 March 2007	43.5350	43.2950	43.5350	43.2950	43.3900
23 March 2007	43.7900	43.5350	43.7800	43.5750	43.7000
22 March 2007	43.4700	43.4700	43.7350	43.7350	43.6600
21 March 2007	43.7000	43.4500	43.7200	43.4500	43.6300
20 March 2007	44.0700	43.7600	44.0750	43.7600	43.9800
16 March 2007	44.1850	44.1100	44.2050	44.1175	44.1700
15 March 2007	44.2050	44.1975	44.2375	44.1975	44.2200
14 March 2007	44.2900	44.2450	44.3650	44.2450	44.3100
13 March 2007	44.2450	44.1800	44.2450	44.2150	44.2200
12 March 2007	44.2100	44.1875	44.2575	44.2375	44.2200
9 March 2007	44.3350	44.2250	44.3600	44.2250	44.2700
8 March 2007	44.5100	44.3400	44.5650	44.3400	44.4400
7 March 2007	44.4650	44.4250	44.5700	44.4950	44.5000
6 March 2007	44.5650	44.4675	44.5900	44.4675	44.5600
5 March 2007	44.3600	44.3600	44.6900	44.6500	44.4900
2 March 2007	44.2650	44.2675	44.3200	44.2950	44.2800
1 March 2007	44.2750	44.2600	44.2950	44.2650	44.2700
28 February 2007	44.2700	44.2450	44.3425	44.2750	44.3100
27 February 2007	44.2150	44.1625	44.2375	44.2225	44.2000
26 February 2007	44.1550	44.1500	44.2150	44.2150	44.1700
23 February 2007	44.2650	44.1850	44.2900	44.1950	44.2800
22 February 2007	44.2000	44.1825	44.2850	44.2500	44.2500
21 February 2007	44.1900	44.1700	44.2200	44.1863	44.1900
20 February 2007	44.1500	44.1350	44.1950	44.1863	44.2000
19 February 2007	44.0650	44.0525	44.1575	44.1375	44.0700
15 February 2007	44.0700	44.0650	44.1063	44.1063	44.0900
14 February 2007	44.1900	44.1150	44.2050	44.1313	44.1600
13 February 2007	44.1750	44.1500	44.2150	44.2075	44.1700
12 February 2007	44.1350	44.1050	44.1875	44.1650	44.1800
9 February 2007	44.0600	44.0250	44.1325	44.1325	44.0600
8 February 2007	44.1350	44.1050	44.1350	44.1300	44.1200
7 February 2007	44.0950	44.0725	44.1250	44.1250	44.0900
6 February 2007	44.0750	44.0650	44.1275	44.1100	44.1300
5 February 2007	44.1350	44.0950	44.1350	44.1100	44.1100
2 February 2007	44.1100	44.0700	44.1500	44.1150	44.1100
31 January 2007	44.1600	44.1200	44.2000	44.1900	44.1700
29 January 2007	44.3100	44.2150	44.3325	44.2150	44.2700
25 January 2007	44.2500	44.2125	44.2800	44.2513	44.2400
24 January 2007	44.2300	44.2100	44.2850	44.2875	44.2300
23 January 2007	44.1900	44.1600	44.2650	44.2425	44.2100
22 January 2007	44.2700	44.1875	44.3050	44.1900	44.2100
19 January 2007	44.3050	44.2600	44.3600	44.2750	44.3400
18 January 2007	44.1550	44.1550	44.3600	44.3550	44.2500
17 January 2007	44.2750	44.1900	44.2750	44.1900	44.2700
16 January 2007	44.2650	44.2450	44.3450	44.2850	44.3200
15 January 2007	44.3750	44.2800	44.3950	44.2800	44.3100
12 January 2007	44.6400	44.4250	44.6250	44.4250	44.6100
11 January 2007	44.6000	44.5250	44.6150	44.5950	44.5600
10 January 2007	44.4600	44.4450	44.5575	44.5575	44.5300
9 January 2007	44.4400	44.3800	44.5000	44.3800	44.4700
8 January 2007	44.3600	44.3450	44.5350	44.5050	44.4200
5 January 2007	44.3100	44.2420	44.3470	44.3100	44.3000
4 January 2007	44.4300	44.2850	44.4750	44.2850	44.4200
3 January 2007	44.2500	44.2200	44.4450	44.3650	44.3300
2 January 2007	44.1900	44.1700	44.2475	44.2475	44.2000
31 December 2006	-	-	-	-	-
29 December 2006	44.2400	44.1350	44.4000	44.2750	44.2300
28 December 2006	44.2600	44.2300	44.3650	44.2950	44.3600
27 December 2006	44.4500	44.3000	44.4300	44.3050	44.3900
26 December 2006	44.5900	44.4500	44.6000	44.4550	44.5400
22 December 2006	44.6250	44.5550	44.6250	44.5650	44.5900
21 December 2006	44.7600	44.6200	44.7600	44.6200	44.7300
20 December 2006	44.7050	44.6900	44.7500	44.7200	44.7400
19 December 2006	44.7650	44.7550	44.8750	44.7550	44.8300
18 December 2006	44.7100	44.7100	44.7900	44.7450	44.7900
15 December 2006	44.7100	44.6600	44.7400	44.6950	44.6600
14 December 2006	44.8300	44.6650	44.8300	44.6650	44.7400
13 December 2006	44.8100	44.7800	44.8800	44.7775	44.8300
12 December 2006	44.8050	44.7800	44.9300	44.8400	44.8200
11 December 2006	44.8250	44.7400	44.8500	44.8500	44.7600
8 December 2006	44.6800	44.6550	44.7350	44.7250	44.6900
7 December 2006	44.7100	44.6100	44.7700	44.6500	44.6600
6 December 2006	44.5100	44.4800	44.7550	44.7050	44.5100
5 December 2006	44.5900	44.5150	44.6000	44.5250	44.5600
4 December 2006	44.6150	44.5700	44.6450	44.6150	44.5900
1 December 2006	44.6600	44.6500	44.7100	44.6650	44.6700
30 November 2006	44.6950	44.6950	44.7600	44.7450	44.7600
29 November 2006	44.6350	44.6350	44.7150	-	44.6500
28 November 2006	44.6550	44.6550	44.7650	44.6950	44.7400
27 November 2006	44.6100	44.6050	44.6750	44.6550	44.6400
24 November 2006	44.7200	44.6950	44.9450	44.7000	44.8700
23 November 2006	44.7050	44.6950	44.7400	44.6950	44.7000
22 November 2006	44.8100	44.7350	44.8150	44.8000	44.7500
21 November 2006	44.9800	44.8650	45.0450	44.8650	44.9900
20 November 2006	44.8450	44.8000	45.0800	44.9850	44.8600
17 November 2006	44.9600	44.8800	45.0650	44.9150	45.0100
16 November 2006	45.3100	44.9350	45.3400	44.9350	45.1700
15 November 2006	45.1800	45.2100	45.3700	45.3450	45.3400
14 November 2006	44.9600	44.9700	45.2200	45.1950	45.1600
13 November 2006	44.6550	44.6400	44.9950	44.9950	44.9000
10 November 2006	44.4450	44.3600	44.7150	44.7150	44.4500
9 November 2006	44.7200	44.5200	44.7400	44.5550	44.6500
8 November 2006	44.6600	44.6450	44.7025	44.6900	44.6800
7 November 2006	44.8500	44.7250	44.8700	44.7250	44.8300
6 November 2006	44.9300	44.8575	44.9300	44.9050	44.8600
3 November 2006	44.8900	44.8050	44.8900	44.8250	44.8400
2 November 2006	44.8950	44.8650	44.9475	44.8950	44.9300
1 November 2006	44.9200	44.8525	44.9400	44.8650	44.9300
31 October 2006	44.9900	44.9775	45.0450	45.0300	45.0200
30 October 2006	45.1000	44.9725	45.1125	44.9750	45.0900
27 October 2006	45.1900	45.1825	45.2275	45.1950	45.2200
26 October 2006	45.3100	45.2375	45.3210	45.2600	45.3000
23 October 2006	45.3500	45.3500	45.4225	45.3800	45.4000
20 October 2006	45.2300	45.2150	45.3735	45.3200	45.3100
19 October 2006	45.3250	45.2625	45.3675	45.3150	45.3200
18 October 2006	45.2300	45.2235	45.3725	45.3700	45.2600
17 October 2006	45.4100	45.2725	45.4100	45.2800	45.3600
16 October 2006	45.4550	45.4175	45.4650	45.4350	45.4600
13 October 2006	45.5100	45.4200	45.5200	45.4450	45.4900
12 October 2006	45.5900	45.5650	45.6250	45.6150	45.6000
11 October 2006	45.8250	45.6350	45.8250	45.6450	45.7600
10 October 2006	45.7550	45.7175	45.8100	45.8100	45.7400
9 October 2006	45.6850	45.6650	45.7350	45.7250	45.7200
6 October 2006	45.6650	45.6775	45.5535	45.5850	45.6100
5 October 2006	45.7050	45.6475	45.7125	45.6550	45.7100
4 October 2006	45.7450	45.6550	45.7450	45.7450	45.6900
3 October 2006	45.8700	45.7500	45.8750	45.7500	45.8400
30 September 2006	-	-	-	-	-
29 September 2006	45.9350	45.9250	45.9900	45.9250	45.9600
28 September 2006	45.9250	45.9050	45.9350	45.9250	45.9200
27 September 2006	45.9100	45.8750	45.9150	45.8950	45.9200
26 September 2006	45.9800	45.9050	46.0050	45.9350	45.9700
25 September 2006	45.8850	45.8500	45.9500	45.9500	45.8600
22 September 2006	45.8350	45.8350	45.9900	45.9000	45.9400
21 September 2006	45.9100	45.8150	45.9100	45.8650	45.8800
20 September 2006	46.0900	45.9650	46.0950	45.9750	46.0500
19 September 2006	46.1100	46.0650	46.1250	46.0800	46.1100
18 September 2006	46.1500	46.0950	46.1650	46.1450	46.1200
15 September 2006	46.1250	46.0750	46.1400	46.1200	46.1300
14 September 2006	46.0850	46.0850	46.1650	46.1350	46.1500
13 September 2006	46.2750	46.1650	46.2750	46.1850	46.2200
12 September 2006	46.3350	46.2400	46.3600	46.2800	46.3400
11 September 2006	46.2500	46.2400	46.3050	46.3050	46.2700
8 September 2006	46.1700	46.1350	46.2550	46.2300	46.2000
7 September 2006	46.1700	46.0250	46.2250	46.2050	46.1000
6 September 2006	46.3050	46.1100	46.3200	46.1650	46.2100
5 September 2006	46.3150	46.1800	46.3550	46.2800	46.2200
4 September 2006	46.4650	46.2850	46.4750	46.3450	46.4400
1 September 2006	46.5450	46.5250	46.5450	46.5250	46.5300
31 August 2006	46.5450	46.5200	46.5600	46.5350	46.5500
30 August 2006	46.4750	46.4750	46.5150	46.5150	46.5100
29 August 2006	46.4950	46.4750	46.5350	46.5050	46.5200
28 August 2006	46.5550	46.5050	46.5700	46.5050	46.5600
25 August 2006	46.5600	46.5400	46.6000	46.5550	46.6100
24 August 2006	46.5550	46.5050	46.5750	46.5400	46.5000
23 August 2006	46.5450	46.5150	46.5700	46.5300	46.5600
22 August 2006	46.5100	46.4900	46.5400	46.5000	46.5200
21 August 2006	46.4250	46.4100	46.4650	46.4600	46.4500
18 August 2006	46.4900	46.4400	46.5150	46.4650	46.4800
17 August 2006	46.5150	46.4150	46.5250	46.4400	46.4600
16 August 2006	46.5600	46.5300	46.5950	46.5800	46.5500
14 August 2006	46.5700	46.5375	46.6250	46.6250	46.5600
11 August 2006	46.4750	46.4450	46.5463	46.5200	46.5200
10 August 2006	46.4600	46.3750	46.4700	46.4100	46.4300
9 August 2006	46.6150	46.4500	46.6150	46.4750	46.5300
8 August 2006	46.6200	46.5075	46.6350	46.5350	46.5900
7 August 2006	46.4250	46.4125	46.5900	46.5850	46.4900
4 August 2006	46.5550	46.5250	46.6450	46.5450	46.5400
3 August 2006	46.7600	46.5500	46.7850	46.5600	46.7200
2 August 2006	46.5250	46.5100	46.7113	46.7000	46.5600
1 August 2006	46.6100	46.5863	46.6688	46.5900	46.6500
31 July 2006	46.5550	46.4700	46.5725	46.5550	46.5100
28 July 2006	46.6350	46.5600	46.6900	46.6850	46.5600
27 July 2006	46.7000	46.5588	46.7550	46.6050	46.6400
26 July 2006	46.9000	46.7850	46.8975	46.7950	46.8500
25 July 2006	46.8950	46.8100	46.9175	46.8250	46.8100
24 July 2006	46.8100	46.8100	46.9750	46.9050	46.9300
21 July 2006	46.7800	46.7600	46.8500	46.7650	46.8300
20 July 2006	46.8100	46.7750	46.8650	46.7900	46.8400
19 July 2006	46.7600	46.7450	47.0450	46.9950	46.9500
18 July 2006	46.7050	46.6700	46.8175	46.7100	46.7300
17 July 2006	46.4600	46.4425	46.7975	46.7550	46.4400
14 July 2006	46.4550	46.3150	46.4900	46.3650	46.4300
13 July 2006	46.2800	46.2600	46.3350	46.3250	46.2900
12 July 2006	46.2550	46.1925	46.2550	46.2350	46.2100
11 July 2006	46.1950	46.1525	46.2250	46.1750	46.2100
10 July 2006	45.9600	45.9550	46.1525	46.1400	46.0600
7 July 2006	46.1100	46.0600	46.1250	46.0700	46.1200
6 July 2006	46.1700	46.1250	46.1900	46.1600	46.1500
5 July 2006	46.0700	46.0050	46.0850	46.0750	46.0300
4 July 2006	46.0100	45.9600	46.0400	46.0050	46.0100
3 July 2006	45.9650	45.9400	46.0975	46.0650	45.9800
30 June 2006	46.1250	46.0200	46.1275	46.0450	46.0800
29 June 2006	46.3900	46.2650	46.3900	46.2875	46.3400
28 June 2006	46.3600	46.3500	46.4625	46.3775	46.4000
27 June 2006	46.3500	46.2750	46.3950	46.3500	46.3600
26 June 2006	46.1900	46.1900	46.3925	46.3925	46.3400
23 June 2006	46.2250	46.1150	46.2675	46.1200	46.2000
22 June 2006	45.9250	45.9250	46.1300	46.1300	46.0100
21 June 2006	45.9200	45.8900	45.9700	45.9650	45.9200
20 June 2006	45.8950	45.8950	45.9550	45.9550	45.9100
19 June 2006	45.9000	45.8750	45.9250	45.9300	45.8900
16 June 2006	45.9150	45.8375	45.9300	45.8450	45.9200
15 June 2006	45.9250	45.9025	45.9800	45.9800	45.9100
14 June 2006	46.0750	45.9500	46.0900	45.9850	45.9800
13 June 2006	45.9650	45.9650	46.0450	46.0350	46.0400
12 June 2006	45.9300	45.8625	45.9300	45.9250	45.8800
9 June 2006	45.9650	45.8950	45.9700	45.9600	45.9200
8 June 2006	46.0450	45.9700	46.1250	45.9800	46.0600
7 June 2006	46.0250	45.8638	46.0500	45.9650	45.9300
6 June 2006	45.8800	45.8100	45.9825	45.9350	45.9200
5 June 2006	45.8000	45.7750	45.8825	45.7800	45.8200
2 June 2006	46.2900	45.8950	46.3150	45.8950	46.1700
1 June 2006	46.4500	46.2250	46.4800	46.3650	46.2200
31 May 2006	46.3950	46.2850	46.5450	46.3600	46.4300
30 May 2006	46.0700	46.0700	46.3000	46.2850	46.1900
29 May 2006	45.9100	45.9100	46.1250	46.0900	45.9700
26 May 2006	45.8400	45.7875	45.8900	45.8850	45.8500
25 May 2006	45.8800	45.7700	45.9338	45.8850	45.8500
24 May 2006	45.5900	45.5900	45.7550	45.7450	45.7300
23 May 2006	45.5100	45.4750	45.6150	45.5450	45.5200
22 May 2006	45.6100	45.5550	45.8050	45.5600	45.6800
19 May 2006	45.4200	45.3725	45.6150	45.5650	45.4600
18 May 2006	45.4100	45.3600	45.6300	45.4600	45.4800
17 May 2006	45.3750	45.1650	45.3950	45.1950	45.3400
16 May 2006	45.5600	45.4650	45.6450	45.5300	45.6100
15 May 2006	45.0700	45.0600	45.5750	45.4450	45.3900
12 May 2006	45.0100	44.9850	45.0950	45.0350	45.0500
11 May 2006	44.9900	44.9900	45.0950	45.0900	45.0700
10 May 2006	44.8900	44.8900	44.9550	44.9400	44.9300
9 May 2006	44.9200	44.9200	44.9700	44.9250	44.9600
8 May 2006	44.8500	44.8138	44.8900	44.8750	44.8800
5 May 2006	44.8600	44.8500	44.9750	44.9350	44.8800
4 May 2006	44.9000	44.8950	44.9900	44.9000	44.9700
3 May 2006	44.8500	44.8450	44.9050	44.8700	44.8600
2 May 2006	44.8900	44.8550	44.9450	44.8950	44.9000
30 April 2006	-	-	-	-	-
28 April 2006	44.9900	44.9350	45.0700	44.9700	44.9700
27 April 2006	45.0900	45.0200	45.0900	45.0200	45.0600
26 April 2006	45.0300	45.0050	45.1450	45.1100	45.0300
25 April 2006	44.8350	44.7750	45.1125	45.0050	44.8300
24 April 2006	45.0900	44.9138	45.1150	44.9150	45.0600
21 April 2006	45.1300	45.0750	45.1550	45.1525	45.0900
20 April 2006	45.1100	45.0950	45.1750	45.1150	45.1500
19 April 2006	45.0900	45.0900	45.1950	45.1000	45.1400
18 April 2006	45.0700	45.0700	45.2900	45.1850	45.1500
17 April 2006	45.1200	45.0550	45.1750	45.1400	45.1500
13 April 2006	45.2400	45.1000	45.4100	45.1950	45.3000
12 April 2006	44.8000	44.8000	45.2700	45.1950	44.9300
10 April 2006	44.7200	44.6850	44.9050	44.8400	44.7400
7 April 2006	44.7200	44.6100	44.7425	44.6900	44.6300
5 April 2006	44.6350	44.6350	44.7250	44.7150	44.6900
4 April 2006	44.5625	44.5625	44.7200	44.7150	44.6100
3 April 2006	44.6200	44.5800	44.6338	44.6000	44.6100
31 March 2006	44.6150	44.6025	44.6563	44.6200	44.6100
29 March 2006	44.7250	44.6550	44.7300	44.7025	44.6900
28 March 2006	44.6900	44.6450	44.7425	44.6525	44.6600
27 March 2006	44.5700	44.5700	44.6800	44.6700	44.6600
24 March 2006	44.6200	44.6200	44.6925	44.6550	44.6600
23 March 2006	44.5250	44.5000	44.5750	44.5475	44.5500
22 March 2006	44.4700	44.4450	44.5075	44.5050	44.4700
21 March 2006	44.4200	44.3450	44.4425	44.4350	44.3800
20 March 2006	44.4300	44.4088	44.4475	44.4100	44.4400
17 March 2006	44.3600	44.3475	44.4550	44.4550	44.4200
16 March 2006	44.3900	44.3850	44.4425	44.4300	44.4100
14 March 2006	44.4900	44.4600	44.4963	44.4750	44.4700
13 March 2006	44.5400	44.5000	44.5500	44.5150	44.5300
10 March 2006	44.5400	44.4775	44.5625	44.5000	44.5000
9 March 2006	44.5300	44.4625	44.5900	44.4800	44.5500
8 March 2006	44.3750	44.3625	44.4850	44.4850	44.4200
7 March 2006	44.3550	44.3225	44.3850	44.3550	44.3300
6 March 2006	44.3450	44.2838	44.3725	44.3200	44.3200
3 March 2006	44.3300	44.3150	44.3750	44.3400	44.3600
2 March 2006	44.3900	44.3050	44.3900	44.3750	44.3400
1 March 2006	44.3200	44.2900	44.3750	44.3700	44.3500
28 February 2006	44.4900	44.3650	44.5425	44.3750	44.4400
27 February 2006	44.3700	44.3700	44.4950	44.4950	44.4200
24 February 2006	44.4200	44.4050	44.4725	44.4300	44.4500
23 February 2006	44.6100	44.4500	44.6375	44.4550	44.5600
22 February 2006	44.4350	44.4075	44.6500	44.6450	44.5100
21 February 2006	44.3950	44.3675	44.4375	44.4200	44.4000
20 February 2006	44.4100	44.3650	44.4575	44.3650	44.4300
17 February 2006	44.3850	44.3850	44.4988	44.4650	44.4600
16 February 2006	44.3200	44.2750	44.3575	44.3500	44.3000
15 February 2006	-	-	-	-	44.2700
14 February 2006	44.2350	44.2000	44.2400	44.2250	44.2200
13 February 2006	44.2450	44.2450	44.2925	44.2650	44.2600
10 February 2006	44.2250	44.1700	44.2450	44.1850	44.2100
8 February 2006	44.2100	44.1900	44.2775	44.2600	44.2000
7 February 2006	44.2600	44.2025	44.3125	44.2200	44.2700
6 February 2006	44.2100	44.1550	44.2325	44.2300	44.2000
3 February 2006	44.2250	44.1788	44.2450	44.2000	44.2300
2 February 2006	44.2700	44.2350	44.3450	44.2600	44.3100
1 February 2006	44.0900	44.0650	44.2300	44.1950	44.1500
31 January 2006	44.1000	44.0550	44.1525	44.1150	44.0700
30 January 2006	44.2700	44.0900	44.2700	44.1250	44.1400
27 January 2006	44.3000	44.0975	44.3000	44.1550	44.1500
25 January 2006	44.3350	44.1650	44.3750	44.1750	44.2900
24 January 2006	44.2100	44.1550	44.2700	44.2650	44.2100
23 January 2006	44.0950	44.0800	44.2150	44.2050	44.1500
20 January 2006	44.3800	44.2150	44.3800	44.2550	44.3600
19 January 2006	44.4300	44.3425	44.4300	44.3425	44.3600
18 January 2006	44.4400	44.3750	44.5400	44.4150	44.5100
17 January 2006	44.3100	44.2750	44.3650	44.3650	44.3100
16 January 2006	44.1300	44.1100	44.2288	44.2200	44.1700
13 January 2006	44.2700	44.2150	44.3100	44.2475	44.2600
12 January 2006	44.2000	44.1125	44.2050	44.1300	44.1500
10 January 2006	44.3400	44.2900	44.4375	44.3250	44.3800
9 January 2006	44.2900	44.2700	44.3500	44.3150	44.2800
6 January 2006	-	-	-	-	44.6600
5 January 2006	44.7500	44.6225	44.7500	44.7050	44.6700
4 January 2006	44.7900	44.7675	44.8775	44.7900	44.8500
3 January 2006	45.0100	44.9050	45.0500	45.0500	44.9500
2 January 2006	45.0700	45.0425	45.1250	45.0900	45.0500
31 December 2005	-	-	-	-	-
30 December 2005	45.1100	45.0275	45.1200	45.0350	45.0700
29 December 2005	45.1800	45.1025	45.1875	45.1650	45.1600
28 December 2005	45.2700	45.1300	45.3275	45.1400	45.2600
27 December 2005	45.0800	45.0800	45.2600	45.2600	45.2000
26 December 2005	45.1300	45.0213	45.1400	45.0425	45.1200
23 December 2005	45.0900	45.0700	45.2300	45.1700	45.1600
22 December 2005	45.2900	45.1900	45.3850	45.1950	45.3200
21 December 2005	45.3500	45.2250	45.4200	45.2250	45.3700
20 December 2005	45.0700	44.9300	45.2800	45.2100	45.0300
19 December 2005	45.3400	45.0300	45.3525	45.0300	45.2400
16 December 2005	45.4500	45.3175	45.5150	-	45.3800
15 December 2005	45.6400	45.3800	45.6400	45.4200	45.5000
14 December 2005	45.9200	45.7400	45.9350	45.7400	45.8400
13 December 2005	45.9800	45.9800	46.0975	46.0900	46.0600
12 December 2005	46.1700	46.1100	46.2113	46.1100	46.2000
9 December 2005	46.1900	46.1200	46.2500	46.2150	46.2200
8 December 2005	46.2150	46.2150	46.3500	46.2600	46.3300
7 December 2005	46.1700	46.0600	46.2525	46.2400	46.1700
6 December 2005	46.2850	46.1475	46.2875	46.1900	46.1800
5 December 2005	46.2800	46.2400	46.3925	46.3350	46.2800
2 December 2005	46.1250	46.1050	46.2350	46.1850	46.1200
1 December 2005	45.9300	45.9300	46.0050	45.9975	45.9900
30 November 2005	45.9300	45.9250	45.9700	45.9300	45.9400
29 November 2005	45.8400	45.8400	45.9350	45.9000	45.9200
28 November 2005	45.9000	45.9000	46.0200	45.9688	45.9400
25 November 2005	45.7400	45.7400	45.8325	45.8200	45.7800
24 November 2005	45.7500	45.6575	45.7525	45.7100	45.7200
23 November 2005	45.7700	45.7175	45.7813	45.7525	45.7400
22 November 2005	45.8100	45.7950	45.8800	45.8400	45.8500
21 November 2005	45.7400	45.7400	45.7925	45.7550	45.7800
18 November 2005	45.7150	45.6925	45.8100	45.7750	45.7400
17 November 2005	45.7700	45.6900	45.8025	45.7550	45.7700
16 November 2005	45.7650	45.7425	45.8250	45.7700	45.8200
14 November 2005	45.6600	45.6100	45.7350	45.7300	45.6700
11 November 2005	45.8250	45.6700	45.8750	45.6850	45.7700
10 November 2005	45.8300	45.7100	45.8400	45.7750	45.8100
9 November 2005	45.7100	45.6850	45.8650	45.8100	45.8000
8 November 2005	-	-	-	-	45.9900
7 November 2005	45.6400	45.6400	45.9200	45.9000	45.6700
4 November 2005	45.3700	45.3550	45.5400	45.5400	45.4100
3 November 2005	45.2700	45.2375	45.3475	45.2900	45.2700
2 November 2005	45.1950	45.1600	45.2900	45.2900	45.1800
31 October 2005	45.1250	45.0813	45.1650	45.1600	45.1100
28 October 2005	45.1000	45.0550	45.1525	45.0825	45.0900
27 October 2005	45.0300	45.0150	45.0950	45.0850	45.0600
26 October 2005	44.9800	44.9350	45.0750	45.0750	44.9400
25 October 2005	45.1550	45.0650	45.1775	45.0700	45.1200
24 October 2005	45.1650	45.1375	45.2250	45.1650	45.1400
21 October 2005	45.1750	44.9750	45.1750	45.0650	45.0900
20 October 2005	45.1650	45.1350	45.2550	45.2350	45.2000
19 October 2005	45.2150	45.1200	45.4125	45.1650	45.3200
18 October 2005	44.9550	44.9375	45.2350	45.1700	45.1100
17 October 2005	44.7700	44.7600	44.9050	44.8850	44.8200
14 October 2005	44.9200	44.8200	44.9450	44.8450	44.8900
13 October 2005	44.9750	44.8700	44.9750	44.9500	44.8900
11 October 2005	44.8600	44.7600	44.9775	44.8800	44.9400
10 October 2005	44.4400	44.4400	44.7700	44.7650	44.6200
7 October 2005	44.2200	44.2050	44.4275	44.3800	44.3200
6 October 2005	44.2200	44.2050	44.2850	44.2850	44.2600
5 October 2005	44.1850	44.1850	44.3550	44.2850	44.3100
4 October 2005	44.1300	44.1100	44.2213	44.2175	44.1300
3 October 2005	44.0700	44.0700	44.1400	44.1325	44.0900
30 September 2005	-	-	-	-	43.9900
29 September 2005	44.0200	43.9800	44.0350	44.0150	43.9900
28 September 2005	44.0500	44.0375	44.0913	44.0375	44.0800
27 September 2005	43.9700	43.9600	44.0500	44.0450	43.9800
26 September 2005	43.9600	43.9350	43.9675	43.9650	43.9500
23 September 2005	43.9500	43.8800	43.9613	43.9150	43.9300
22 September 2005	43.8950	43.8800	43.9388	43.9350	43.9000
21 September 2005	43.8850	43.8700	43.9250	43.8850	43.9200
20 September 2005	43.9000	43.8500	43.9363	43.8700	43.9100
19 September 2005	43.9300	43.8850	43.9450	43.9025	43.9000
16 September 2005	43.8700	43.8400	43.9100	43.8800	43.8700
15 September 2005	43.9400	43.8688	43.9775	43.8925	43.9400
14 September 2005	43.8900	43.8800	43.9475	43.9025	43.9200
13 September 2005	43.8600	43.8363	43.9150	43.9100	43.8800
12 September 2005	43.8100	43.8050	43.8488	43.8350	43.8200
9 September 2005	43.8200	43.7900	43.8800	43.8450	43.8100
8 September 2005	43.8500	43.8050	43.8825	43.8200	43.8600
6 September 2005	43.8350	43.8150	43.9700	43.8950	43.8600
5 September 2005	43.8200	43.7300	43.8200	43.8150	43.7400
2 September 2005	43.9550	43.8575	43.9700	43.8650	43.9500
1 September 2005	44.0550	44.0150	44.1363	44.0250	44.1200
31 August 2005	44.0550	44.0000	44.1700	44.1450	44.0400
30 August 2005	43.9750	43.9700	44.1550	44.0400	44.0200
29 August 2005	43.7300	43.7300	43.9150	43.8875	43.7800
26 August 2005	43.7200	43.6588	43.7588	43.6963	43.7300
25 August 2005	43.7125	43.6825	43.7875	43.7100	43.7600
24 August 2005	43.6800	43.6775	43.7850	43.7400	43.7200
23 August 2005	43.6350	43.6350	43.7050	43.6563	43.6700
22 August 2005	43.5800	43.5800	43.6450	43.6250	43.5900
19 August 2005	43.5800	43.5750	43.5925	43.5850	43.5800
18 August 2005	43.5500	43.5350	43.5763	43.5700	43.5600
17 August 2005	43.5350	43.5250	43.5488	43.5450	43.5400
16 August 2005	43.5500	43.5175	43.5525	43.5300	43.5400
12 August 2005	43.5900	43.5350	43.6050	43.5350	43.6000
11 August 2005	43.5450	43.5450	43.6100	43.5950	43.5800
10 August 2005	43.5400	43.5300	43.5913	43.5700	43.5300
9 August 2005	43.5513	43.5325	43.5913	43.5450	43.5500
8 August 2005	43.5075	43.5050	43.5600	43.5475	43.5500
5 August 2005	43.5100	43.4825	43.5250	43.4850	43.5000
4 August 2005	43.4400	43.4375	43.5275	43.5238	43.5100
3 August 2005	43.5325	43.4275	43.5400	43.4400	43.5100
2 August 2005	43.4275	43.4275	43.5400	43.5388	43.4600
1 August 2005	43.4500	43.4150	43.4750	43.4150	43.4500
31 July 2005	-	-	-	-	-
29 July 2005	43.4350	43.4350	43.5150	43.4825	43.4900
26 July 2005	43.5450	43.4625	43.5863	43.4625	43.5200
25 July 2005	43.4900	43.4900	43.5538	43.5538	43.5000
22 July 2005	43.1600	43.1600	43.5150	43.5150	43.3900
21 July 2005	43.4850	43.1900	43.5200	43.1900	43.5100
20 July 2005	43.5350	43.5200	43.5450	43.5200	43.5400
19 July 2005	43.5450	43.5425	43.5650	43.5425	43.5600
18 July 2005	43.5350	43.5250	43.5450	43.5450	43.5400
15 July 2005	43.5150	43.5075	43.5300	43.5175	43.5200
14 July 2005	43.5500	43.5138	43.5500	43.5325	43.5300
13 July 2005	43.5050	43.5050	43.5350	43.5100	43.5200
12 July 2005	43.4975	43.4950	43.5488	43.5350	43.5300
11 July 2005	43.5700	43.5525	43.5750	43.5625	43.5600
8 July 2005	43.6350	43.6125	43.6450	43.6125	43.6300
7 July 2005	43.6050	43.6050	43.6850	43.6450	43.6400
6 July 2005	43.5625	43.5550	43.5925	43.5850	43.5700
5 July 2005	43.5500	43.5450	43.5975	43.5775	43.5700
4 July 2005	43.5650	43.5350	43.5763	43.5475	43.5600
1 July 2005	43.4950	43.4800	43.5400	43.4800	43.5300
30 June 2005	43.5400	43.5050	43.5488	43.5150	43.5100
29 June 2005	43.5500	43.5350	43.5700	43.5700	43.5500
28 June 2005	-	-	-	-	43.5600
27 June 2005	43.5300	43.4875	43.5200	43.5100	43.4900
24 June 2005	43.6050	43.5050	43.6050	43.5300	43.5600
23 June 2005	43.5150	43.5050	43.5700	43.5650	43.5300
22 June 2005	43.5250	43.4750	43.5450	43.5375	43.5000
21 June 2005	43.6150	43.5700	43.6313	43.5700	43.6100
20 June 2005	43.5125	43.5125	43.5825	43.5775	43.5400
17 June 2005	43.5600	43.5400	43.5950	43.5475	43.5900
16 June 2005	43.6050	43.5700	43.6275	43.5850	43.6100
15 June 2005	43.6500	43.6150	43.6613	43.6538	43.6600
14 June 2005	43.6550	43.6000	43.6775	43.6050	43.6500
13 June 2005	43.6150	43.5800	43.6850	43.6700	43.6200
10 June 2005	43.5425	43.5250	43.5563	43.5250	43.5600
9 June 2005	43.5350	43.5200	43.5550	43.5275	43.5500
8 June 2005	43.5250	43.4900	43.5338	43.4950	43.5300
7 June 2005	43.5350	43.5225	43.5500	43.5500	43.5300
6 June 2005	43.5800	43.5600	43.6050	43.5725	43.6000
3 June 2005	43.6500	43.5950	43.6650	43.6050	43.6600
2 June 2005	43.7800	43.6800	43.7850	43.6900	43.7600
1 June 2005	43.7550	43.6850	43.8150	43.7750	43.7200
31 May 2005	43.6600	43.6350	43.7750	43.7650	43.6900
30 May 2005	43.5300	43.5100	43.5950	43.5950	43.5400
27 May 2005	43.5100	43.4900	43.5438	43.5400	43.5200
26 May 2005	43.5350	43.5000	43.5350	43.5200	43.5200
25 May 2005	43.5200	43.4750	43.5550	43.5350	43.5100
24 May 2005	43.5300	43.4850	43.5300	43.5050	43.4900
20 May 2005	-	-	-	-	43.5000
19 May 2005	43.4325	43.4150	43.4875	43.4800	43.4500
18 May 2005	43.5550	43.4750	43.6250	43.4750	43.5600
17 May 2005	43.4550	43.4050	43.4950	43.4850	43.4300
16 May 2005	43.4800	43.4650	43.5050	43.5000	43.4900
13 May 2005	43.4300	43.3850	43.4525	43.4250	43.4300
12 May 2005	43.3400	43.2850	43.3850	43.3750	43.3000
11 May 2005	43.4250	43.2750	43.4250	43.2950	43.3700
10 May 2005	43.4825	43.4250	43.4850	43.4350	43.4500
9 May 2005	43.5050	43.4700	43.5350	43.4750	43.5100
6 May 2005	43.4250	43.4100	43.4725	43.4300	43.4400
5 May 2005	43.4700	43.3825	43.4700	43.4100	43.4100
4 May 2005	43.5450	43.5150	43.5425	43.5250	43.5400
3 May 2005	43.5900	43.5750	43.6075	43.5850	43.6000
2 May 2005	43.5550	43.5600	43.6150	43.5700	43.5700
30 April 2005	-	-	-	-	-
29 April 2005	43.7100	43.5475	43.7075	43.5525	43.6500
28 April 2005	43.7200	43.7075	43.7350	43.7075	43.7100
27 April 2005	43.6900	43.6850	43.7250	43.7175	43.7100
26 April 2005	43.7050	43.6725	43.7050	43.6750	43.6900
25 April 2005	43.7275	43.7025	43.7225	43.7050	43.7100
21 April 2005	43.7400	43.7400	43.7575	43.7525	43.7500
20 April 2005	43.7450	43.7425	43.7638	43.7550	43.7600
19 April 2005	43.7500	43.7400	43.7838	43.7663	43.7600
15 April 2005	43.8000	43.8000	43.8475	43.8250	43.8300
13 April 2005	43.7250	43.7200	43.7550	43.7463	43.7500
12 April 2005	43.6900	43.6863	43.7325	43.7300	43.7000
11 April 2005	43.7400	43.7150	43.7438	43.7150	43.7400
8 April 2005	43.7550	43.7450	43.7750	43.7688	43.7700
7 April 2005	43.7600	43.7250	43.7663	43.7300	43.7400
6 April 2005	43.7650	43.7375	43.7650	43.7550	43.7600
5 April 2005	43.8300	43.7850	43.8513	43.7850	43.8100
4 April 2005	43.7350	43.7350	43.7963	43.7725	43.7600
1 April 2005	-	-	-	-	43.7500
31 March 2005	43.8000	43.7525	43.8000	43.7550	43.7500
30 March 2005	43.8300	43.7900	43.8400	43.8238	43.8200
29 March 2005	43.7750	43.7600	43.8300	43.8225	43.7900
28 March 2005	43.7900	43.7725	43.8188	43.7800	43.8100
24 March 2005	43.8200	43.7550	43.8250	43.7550	43.8300
23 March 2005	43.7850	43.7325	43.8000	43.8000	43.7400
22 March 2005	43.7350	43.7250	43.7675	43.7250	43.7700
21 March 2005	43.7100	43.6750	43.7250	43.7250	43.6700
18 March 2005	43.6850	43.6500	43.7000	43.6500	43.6900
17 March 2005	43.6300	43.6150	43.6875	43.6588	43.6300
16 March 2005	43.6200	43.6125	43.6575	43.6400	43.6200
15 March 2005	43.5700	43.5400	43.5950	43.5950	43.5500
14 March 2005	43.5400	43.5050	43.5575	43.5575	43.5200
11 March 2005	43.5850	43.5650	43.5950	43.5650	43.5800
10 March 2005	43.5800	43.5350	43.5950	43.5950	43.5800
9 March 2005	43.6700	43.6300	43.6688	43.6600	43.6700
7 March 2005	43.7075	43.6750	43.7338	43.7338	43.6900
4 March 2005	43.7175	43.7050	43.7650	43.7650	43.7100
3 March 2005	43.7150	43.6400	43.7150	43.7150	43.6500
2 March 2005	43.7325	43.6925	43.7325	43.7125	43.7000
1 March 2005	43.6800	43.6750	43.7338	43.7338	43.7200
28 February 2005	43.6950	43.6200	43.6900	43.6850	43.6400
25 February 2005	43.7000	43.6350	43.7325	43.7275	43.6900
24 February 2005	43.7400	43.6500	43.7400	43.6950	43.7000
23 February 2005	43.7175	43.6825	43.7350	43.7338	43.7200
22 February 2005	43.7500	43.6675	43.7638	43.7575	43.7200
21 February 2005	43.8350	43.7600	43.8450	43.8288	43.8200
18 February 2005	43.7900	43.7300	43.8500	43.8475	43.8400
17 February 2005	43.7600	43.7150	43.8050	43.8050	43.7400
16 February 2005	43.7800	43.7500	43.8200	43.7500	43.8200
15 February 2005	43.7600	43.7500	43.8400	43.8188	43.7600
14 February 2005	-	-	-	-	43.7200
11 February 2005	43.7150	43.7150	43.8350	43.8338	43.7900
10 February 2005	43.7000	43.6625	43.8300	43.7900	43.7800
9 February 2005	43.6900	43.6100	43.7375	43.7375	43.6400
8 February 2005	43.6150	43.5625	43.7250	43.7163	43.6000
7 February 2005	43.5400	43.4450	43.5925	43.5075	43.4600
4 February 2005	43.4800	43.4600	43.5400	43.4700	43.4700
3 February 2005	43.4100	43.3050	43.4400	43.4200	43.3600
2 February 2005	43.6600	43.3950	43.6675	43.4075	43.5900
1 February 2005	43.6700	43.6600	43.7120	43.7050	43.6800
31 January 2005	43.7400	43.6650	43.7400	43.7175	43.6900
28 January 2005	43.8000	43.7225	43.8050	43.7225	43.7800
27 January 2005	43.7600	43.7475	43.7900	43.7900	43.7500
25 January 2005	43.7950	43.7950	43.8350	43.8000	43.8100
24 January 2005	43.7350	43.7125	43.7650	43.7625	43.7500
20 January 2005	43.7300	43.7250	43.8200	43.8075	43.7800
19 January 2005	43.6950	43.6875	43.7638	43.7150	43.7400
18 January 2005	43.7500	43.7120	43.7900	43.7200	43.7400
17 January 2005	43.6900	43.7300	43.6550	43.6550	43.7200
14 January 2005	43.8100	43.8600	43.7650	43.7600	43.8500
13 January 2005	43.6600	43.6450	43.7550	43.7075	43.6900
12 January 2005	43.7100	43.6775	43.8350	43.8350	43.7300
11 January 2005	43.8700	43.7675	43.8700	43.8000	43.8200
10 January 2005	43.9600	43.9600	44.0850	43.9700	44.0200
7 January 2005	43.9450	43.7800	43.9525	43.8138	43.8300
6 January 2005	43.7650	43.7050	43.9650	43.9000	43.8700
5 January 2005	43.7550	43.7125	43.8475	43.8475	43.7700
4 January 2005	43.5100	43.3775	43.5900	43.5400	43.4300
3 January 2005	43.5550	43.4600	43.6750	43.4600	43.6100
31 December 2004	43.6650	43.4350	43.6650	43.4750	43.5800
30 December 2004	43.7450	43.6850	43.7800	43.7300	43.7100
29 December 2004	43.7450	43.7050	43.8050	43.7050	43.7400
28 December 2004	43.7450	43.7050	43.7925	43.7125	43.7800
27 December 2004	43.7750	43.7750	43.8513	43.8400	43.8400
24 December 2004	43.6750	43.6650	43.8400	43.7800	43.8100
23 December 2004	43.8400	43.7400	43.8400	43.7700	43.7900
22 December 2004	43.8350	43.8350	43.8850	43.8425	43.8800
21 December 2004	43.8900	43.7450	43.8900	43.8100	43.8000
20 December 2004	43.8800	43.8550	43.9400	43.9275	43.9100
17 December 2004	44.0650	43.7600	44.0650	43.9850	44.0300
16 December 2004	43.8600	43.7600	43.9525	43.9000	43.8900
15 December 2004	44.1950	44.0250	44.3050	44.0400	44.1300
14 December 2004	44.2700	44.1050	44.2700	44.1150	44.0900
13 December 2004	-	-	-	-	44.3500
10 December 2004	44.2750	44.2750	44.7500	44.7000	44.6100
9 December 2004	44.1150	44.1150	44.2600	44.1800	44.2300
8 December 2004	43.7500	43.7500	44.1850	44.0550	43.9200
7 December 2004	43.6300	43.6300	43.8150	43.7050	43.7000
6 December 2004	44.0400	43.6200	44.0400	43.6475	43.8300
3 December 2004	44.2000	44.0975	44.2750	44.1350	44.2400
2 December 2004	44.3400	44.0650	44.3400	44.1300	44.2200
1 December 2004	-	-	-	-	44.4700
30 November 2004	44.7850	44.6300	44.7800	44.6600	44.7500
29 November 2004	44.9900	44.8500	45.0100	44.8600	44.9700
25 November 2004	45.0300	44.9825	45.0725	45.0300	45.0300
24 November 2004	45.0300	45.0000	45.0800	45.0800	45.0600
23 November 2004	45.0550	45.0550	45.1025	45.0713	45.0600
22 November 2004	45.0700	45.0400	45.1025	45.0500	45.0800
19 November 2004	45.0900	45.0800	45.1600	45.1000	45.1300
18 November 2004	45.0000	44.9675	45.1750	45.1025	45.0300
17 November 2004	45.0600	44.9825	45.0700	45.0700	45.0300
16 November 2004	45.0700	44.9850	45.0825	45.0813	45.0100
11 November 2004	45.2000	45.1400	45.2200	45.1400	45.2000
10 November 2004	45.1400	45.1000	45.1850	45.1850	45.1500
9 November 2004	45.1850	45.0925	45.2300	45.1800	45.1000
8 November 2004	45.0100	45.0100	45.2050	45.1950	45.1100
5 November 2004	45.1350	45.0500	45.2400	45.2350	45.1000
4 November 2004	45.2900	45.2025	45.3950	45.2025	45.3000
3 November 2004	45.5050	45.3600	45.5300	45.3650	45.5000
2 November 2004	-	-	-	-	45.3900
1 November 2004	45.3350	45.3100	45.4200	45.4150	45.4100
31 October 2004	-	-	-	-	-
29 October 2004	45.5250	45.4000	45.5250	45.4050	45.4500
28 October 2004	45.6250	45.5350	45.6250	45.5425	45.5600
27 October 2004	45.7100	45.6300	45.7425	45.6325	45.7200
26 October 2004	45.6500	45.6325	45.6950	45.6763	45.6600
25 October 2004	45.6550	45.6075	45.6663	45.6400	45.6500
21 October 2004	45.7425	45.7300	45.7850	45.7350	45.7700
20 October 2004	45.8100	45.7475	45.8100	45.7700	45.7900
19 October 2004	45.8425	45.7950	45.8400	45.7950	45.8300
18 October 2004	45.8300	45.8050	45.8500	45.8450	45.8300
15 October 2004	45.8600	45.8375	45.8775	45.8575	45.8600
14 October 2004	45.8450	45.8350	45.8775	45.8550	45.8600
12 October 2004	45.8650	45.8400	45.8925	45.8675	45.8600
11 October 2004	45.7750	45.7500	45.8400	45.8350	45.7700
8 October 2004	45.8500	45.7900	45.8500	45.8100	45.8300
7 October 2004	45.8900	45.8350	45.9050	45.8550	45.8600
6 October 2004	45.8800	45.8600	45.9250	45.8675	45.9000
5 October 2004	45.8750	45.8350	45.8800	45.8600	45.8600
4 October 2004	45.9150	45.8400	45.9400	45.8425	45.9100
1 October 2004	45.9350	45.8750	45.9375	45.8888	45.9200
30 September 2004	-	-	-	-	-
29 September 2004	46.1200	45.9900	46.2100	46.0275	46.1600
28 September 2004	-	-	-	-	46.0500
27 September 2004	45.9250	45.9250	45.9650	45.9475	45.9500
24 September 2004	45.9200	45.8950	45.9500	45.8975	45.9400
23 September 2004	45.8950	45.8950	45.9450	45.9250	45.9400
22 September 2004	-	-	-	-	45.7900
21 September 2004	-	-	-	-	45.8600
20 September 2004	-	-	-	-	45.9400
17 September 2004	45.8300	45.7950	45.9313	45.8750	45.8300
16 September 2004	45.9100	45.8550	45.9725	45.8800	45.9500
15 September 2004	45.7700	45.7000	45.9150	45.8500	45.8000
14 September 2004	46.1300	45.8950	46.1300	45.9075	46.0300
13 September 2004	46.2250	46.1675	46.2400	46.1800	46.2200
10 September 2004	46.2800	46.2513	46.2800	46.2663	46.2700
9 September 2004	46.3000	46.2800	46.3150	46.2925	46.3000
8 September 2004	46.3450	46.3100	46.3500	46.3263	46.3400
7 September 2004	-	-	-	-	46.3700
6 September 2004	46.3300	46.3050	46.3450	46.3450	46.3200
3 September 2004	46.3200	46.2950	46.3225	46.2950	46.3200
2 September 2004	46.3300	46.3125	46.3475	46.3200	46.3500
1 September 2004	46.3300	46.3050	46.3425	46.3325	46.3300
31 August 2004	46.3600	46.3350	46.3825	46.3650	46.3400
30 August 2004	46.3400	46.3175	46.3750	46.3650	46.3400
27 August 2004	46.3400	46.2800	46.3700	46.3100	46.3100
26 August 2004	46.3700	46.3300	46.3900	46.3350	46.3500
25 August 2004	46.3150	46.3050	46.3575	46.3513	46.3300
24 August 2004	46.2650	46.2650	46.3150	46.3000	46.2900
23 August 2004	46.2700	46.2400	46.2950	46.2700	46.2500
19 August 2004	46.3700	46.2800	46.3900	46.3300	46.3500
18 August 2004	46.3600	46.3500	46.4300	46.3575	46.3900
17 August 2004	46.4200	46.3350	46.4450	46.3550	46.4100
16 August 2004	46.2650	46.2650	46.4050	46.4000	46.3200
13 August 2004	46.2150	46.1775	46.3050	46.3050	46.2600
12 August 2004	46.3100	46.1900	46.3150	46.2125	46.2600
11 August 2004	46.3650	46.3150	46.4400	46.3150	46.3600
10 August 2004	46.4100	46.3250	46.4925	46.3575	46.4600
9 August 2004	-	-	-	-	46.3800
6 August 2004	46.3950	46.3650	46.4900	46.3650	46.4300
5 August 2004	46.3350	46.3075	46.3900	46.3625	46.3300
4 August 2004	46.4050	46.3600	46.4025	46.3600	46.3700
3 August 2004	46.3450	46.2700	46.4025	46.3950	46.3000
2 August 2004	46.4550	46.3375	46.4700	46.3425	46.3600
31 July 2004	-	-	-	-	-
30 July 2004	46.4850	46.3650	46.5350	46.4450	46.4500
29 July 2004	46.3150	46.3150	46.4900	46.4550	46.4300
28 July 2004	46.2850	46.2750	46.4000	46.3050	46.3100
27 July 2004	46.2750	46.1500	46.2750	46.2150	46.2700
26 July 2004	46.3750	46.2550	46.3750	46.2713	46.2700
23 July 2004	46.2850	46.1750	46.3200	46.3075	46.2200
22 July 2004	46.1550	46.1300	46.2850	46.2600	46.1800
21 July 2004	46.1650	46.0400	46.1700	46.1200	46.0900
20 July 2004	46.1150	45.9850	46.1900	46.0950	46.0600
19 July 2004	45.8750	45.8550	46.0800	46.0700	45.9500
16 July 2004	46.1300	45.9225	46.2525	45.9550	46.1700
15 July 2004	46.0200	46.0200	46.1950	46.0950	46.1500
14 July 2004	45.9200	45.9200	46.0150	46.0000	45.9400
13 July 2004	45.7350	45.7300	45.8750	45.8700	45.8200
12 July 2004	45.6250	45.6250	45.7200	45.6900	45.6400
9 July 2004	45.7550	45.6600	45.8250	45.6600	45.7600
8 July 2004	45.8600	45.7100	45.8950	45.8325	45.7300
7 July 2004	45.9750	45.8450	46.0200	45.8500	45.9500
6 July 2004	45.8350	45.8350	46.0900	46.0300	45.9800
5 July 2004	45.6500	45.6500	45.8150	45.8150	45.7500
2 July 2004	-	-	-	-	45.9600
1 July 2004	-	-	-	-	45.8800
30 June 2004	46.0900	45.9300	46.1050	46.0575	45.9800
29 June 2004	45.9350	45.9350	46.1300	46.1000	45.9600
28 June 2004	45.8350	45.8350	45.9300	45.9300	45.8400
25 June 2004	45.8950	45.8300	45.9700	45.3300	45.9000
24 June 2004	-	-	-	-	45.8300
23 June 2004	-	-	-	-	46.0600
22 June 2004	-	-	-	-	46.2000
21 June 2004	-	-	-	-	45.8200
18 June 2004	-	-	-	-	45.6300
17 June 2004	-	-	-	-	45.5400
16 June 2004	-	-	-	-	45.3900
15 June 2004	-	-	-	-	45.2800
14 June 2004	-	-	-	-	45.2600
11 June 2004	-	-	-	-	45.0900
10 June 2004	-	-	-	-	45.0700
9 June 2004	-	-	-	-	44.9800
8 June 2004	45.0350	45.0325	45.1200	45.0325	45.0900
7 June 2004	45.0400	44.9650	45.0600	45.0475	45.0600
4 June 2004	45.2000	45.0963	45.2100	45.1200	45.1900
3 June 2004	45.3500	45.2400	45.3500	45.2450	45.3100
2 June 2004	45.4225	45.3550	45.4400	45.3900	45.4200
1 June 2004	45.4250	45.4100	45.4650	45.4200	45.4500
31 May 2004	45.4900	45.4400	45.6550	45.4550	45.5600
28 May 2004	45.3900	45.3750	45.5950	45.4650	45.3900
27 May 2004	45.4000	45.4000	45.5550	45.4150	45.4500
26 May 2004	45.3350	45.3350	45.3900	45.3350	45.3400
25 May 2004	45.2950	45.2850	45.3750	45.3600	45.3600
24 May 2004	45.2950	45.2950	45.3900	45.3188	45.3700
21 May 2004	45.3100	45.2325	45.4450	45.3000	45.3300
20 May 2004	-	-	-	-	45.2500
19 May 2004	45.3750	45.1450	45.3750	45.2350	45.2900
18 May 2004	45.5500	45.4200	45.5900	45.4600	45.4600
17 May 2004	-	-	-	-	45.9600
14 May 2004	-	-	-	-	45.4400
13 May 2004	45.5750	45.0000	45.6750	45.2700	45.1200
12 May 2004	45.4400	45.2750	45.4750	45.3800	45.4200
11 May 2004	45.1500	45.1500	45.5050	45.3700	45.3400
10 May 2004	44.8450	44.8450	45.0850	45.0250	44.9500
7 May 2004	44.6550	44.6500	44.7450	44.6800	44.7100
6 May 2004	44.5750	44.5250	44.7150	44.6650	44.6900
5 May 2004	44.6050	44.4750	44.8100	44.7100	44.7600
3 May 2004	44.5050	44.4850	45.0100	44.8450	44.9700
30 April 2004	44.3150	44.3150	44.5050	44.5025	44.3700
29 April 2004	44.1850	44.1850	44.4700	44.3950	44.4100
28 April 2004	44.2250	44.1500	44.2250	44.1500	44.1800
27 April 2004	44.0975	44.0975	44.2225	44.2100	44.1800
23 April 2004	-	-	-	-	44.1600
22 April 2004	44.0500	43.9875	44.1550	44.1350	44.0400
21 April 2004	43.9800	43.9875	44.0800	44.0500	44.0000
20 April 2004	43.9000	43.8850	44.0175	43.9600	44.0000
19 April 2004	-	-	-	-	43.8600
16 April 2004	44.0200	43.8300	44.0200	43.9300	43.8900
15 April 2004	43.8300	43.8075	44.0050	43.9850	43.9000
13 April 2004	43.6450	43.6450	43.8250	43.7775	43.7600
12 April 2004	43.6050	43.5400	43.6875	43.6525	43.6500
8 April 2004	43.5250	43.5250	43.6350	43.6350	43.6200
7 April 2004	43.7300	43.4250	43.7475	43.5450	43.5600
6 April 2004	43.6875	43.6875	43.7750	43.7463	43.7800
5 April 2004	43.7550	43.6500	43.7850	43.7000	43.6700
2 April 2004	43.3800	43.3350	43.7925	43.7375	43.7700
31 March 2004	43.9600	43.3750	44.0650	43.7800	43.3900
29 March 2004	44.4150	44.0450	44.4150	44.0750	44.1200
26 March 2004	44.7400	44.4200	44.7500	44.4850	44.7300
25 March 2004	-	-	-	-	44.7500
24 March 2004	44.8475	44.7500	44.8475	44.7575	44.7600
23 March 2004	45.0875	44.8700	45.0875	44.8738	44.9300
22 March 2004	45.1700	45.0925	45.1700	45.0975	45.1500
19 March 2004	-	-	-	-	45.2200
18 March 2004	-	-	-	-	45.2200
17 March 2004	45.2388	45.2388	45.2600	45.2450	45.2500
16 March 2004	45.2375	45.2300	45.2438	45.2438	45.2400
15 March 2004	45.2438	45.2350	45.2488	45.2400	45.2500
12 March 2004	45.2800	45.2488	45.2875	45.2600	45.2700
11 March 2004	-	-	-	-	45.2500
10 March 2004	-	-	-	-	45.2300
9 March 2004	45.2350	45.2113	45.2400	45.2350	45.2100
8 March 2004	45.2725	45.2400	45.2725	45.2425	45.2500
5 March 2004	45.3225	45.2850	45.3350	45.2950	45.3100
4 March 2004	45.2800	45.2800	45.3250	45.3250	45.3000
3 March 2004	45.2400	45.2300	45.2950	45.2900	45.2400
1 March 2004	45.2400	45.2275	45.2450	45.2413	45.2400
29 February 2004	-	-	-	-	-
27 February 2004	45.2550	45.2425	45.2625	45.2425	45.2600
26 February 2004	45.2550	45.2288	45.2550	45.2525	45.2400
25 February 2004	-	-	-	-	45.2700
24 February 2004	-	-	-	-	45.2900
23 February 2004	45.2850	45.2700	45.2963	45.2925	45.2900
20 February 2004	45.2600	45.2475	45.2675	45.2575	45.2700
19 February 2004	45.2600	45.2450	45.3050	45.2550	45.2800
17 February 2004	45.2900	45.2700	45.3100	45.2938	45.2900
16 February 2004	45.2300	45.2250	45.2900	45.2900	45.2500
13 February 2004	45.2550	45.2250	45.2700	45.2325	45.2600
12 February 2004	45.2425	45.2375	45.2575	45.2550	45.2500
11 February 2004	45.2425	45.2400	45.2700	45.2625	45.2600
10 February 2004	45.2275	45.2250	45.2550	45.2475	45.2500
9 February 2004	45.2650	45.2400	45.2750	45.2450	45.2700
6 February 2004	45.2625	45.2525	45.2850	45.2763	45.2800
5 February 2004	45.2975	45.2600	45.3013	45.2775	45.2700
4 February 2004	45.2950	45.2725	45.3300	45.3000	45.3100
3 February 2004	45.2800	45.2800	45.3000	45.2975	45.3000
31 January 2004	-	-	-	-	-
30 January 2004	45.3025	45.2900	45.3200	45.3050	45.3100
29 January 2004	45.3500	45.3038	45.3538	45.3075	45.3500
28 January 2004	45.3500	45.3325	45.3550	45.3425	45.3400
27 January 2004	45.3525	45.3500	45.3625	45.3538	45.3600
23 January 2004	45.3700	45.3400	45.3700	45.3475	45.3600
22 January 2004	45.4150	45.3900	45.4150	45.4025	45.4000
21 January 2004	45.4000	45.3600	45.4150	45.4088	45.3900
20 January 2004	45.4175	45.4050	45.4325	45.4100	45.4200
19 January 2004	45.4500	45.4000	45.4625	45.4150	45.4100
16 January 2004	45.4450	45.4150	45.4750	45.4150	45.4500
15 January 2004	45.4425	45.4100	45.4525	45.4200	45.4300
14 January 2004	45.4400	45.3825	-	45.4100	45.4100
13 January 2004	-	-	-	-	45.4300
12 January 2004	45.4300	45.4000	45.4325	45.4275	45.4200
9 January 2004	45.5200	45.4400	45.5250	45.4500	45.5000
8 January 2004	45.5500	45.5175	45.5700	45.5375	45.5400
7 January 2004	45.6250	45.5675	45.6475	45.5700	45.6300
6 January 2004	45.6050	45.5950	45.6450	45.6325	45.6200
5 January 2004	45.6825	45.5950	45.7025	45.6250	45.6200
2 January 2004	45.5950	45.5750	45.7200	45.7200	45.5900
1 January 2004	45.5900	45.5700	45.6100	45.5975	45.6100
31 December 2003	45.5400	45.5400	45.6075	45.6063	45.6100
30 December 2003	45.6450	45.5700	45.7100	45.5700	45.6400
29 December 2003	45.5750	45.5700	45.6850	45.6375	45.6600
26 December 2003	45.5700	45.5650	45.5850	45.5788	45.5800
24 December 2003	45.5550	45.5550	45.5900	45.5875	45.5900
23 December 2003	45.5700	45.5575	45.6150	45.5600	45.6033
22 December 2003	45.5000	45.4900	45.5750	45.5675	45.5150
19 December 2003	45.5125	45.5125	45.5250	45.5125	45.5173
18 December 2003	45.5000	45.4950	45.5238	45.5163	45.5165
17 December 2003	45.5275	45.5150	45.5525	45.5150	45.5395
16 December 2003	45.5425	45.5325	45.5600	45.5375	45.5550
15 December 2003	45.5500	45.5450	45.5625	45.5600	45.5565
12 December 2003	45.5275	45.5150	45.5550	45.5550	45.5300
11 December 2003	45.5350	45.5300	45.5513	45.5475	45.5370
10 December 2003	45.5575	45.5225	45.5763	45.5225	45.5760
9 December 2003	45.4800	45.4800	45.5725	45.5400	45.5350
8 December 2003	45.5600	45.5425	45.5800	45.5650	45.5580
5 December 2003	45.6125	45.5875	45.6250	45.6025	45.6230
4 December 2003	45.6200	45.6150	45.6413	45.6150	45.6200
3 December 2003	45.6300	45.5550	45.6650	45.6300	45.6200
2 December 2003	45.7050	45.6825	45.7288	45.6950	45.7100
1 December 2003	45.7700	45.7200	45.7950	45.7375	45.7800
30 November 2003	-	-	-	-	-
28 November 2003	-	-	-	-	45.9400
27 November 2003	-	-	-	-	45.8900
25 November 2003	-	-	-	-	45.9300
24 November 2003	45.7700	45.7700	45.8925	45.8925	45.8700
21 November 2003	45.7950	45.6975	45.9400	45.7525	45.8400
20 November 2003	45.6150	45.5950	45.7900	45.7650	45.7100
19 November 2003	45.5750	45.4650	45.6350	45.6300	45.5400
18 November 2003	45.5650	45.5300	45.6450	45.6325	45.5400
17 November 2003	-	-	-	-	45.4100
14 November 2003	45.3600	45.3225	45.4250	45.4200	45.3500
13 November 2003	45.3650	45.3575	45.4450	45.3875	45.3900
12 November 2003	45.3075	45.3000	45.3550	45.3475	45.3200
11 November 2003	45.2800	45.2650	45.3100	45.3050	45.2900
10 November 2003	45.2625	45.2400	45.2975	45.2900	45.2700
7 November 2003	45.3050	45.2600	45.3150	45.2750	45.2900
6 November 2003	-	-	-	-	45.2900
5 November 2003	45.3250	45.2900	45.3438	45.2938	45.3200
4 November 2003	45.3400	45.3175	45.3650	45.3325	45.3600
3 November 2003	45.3200	45.2850	45.3375	45.3100	45.3300
31 October 2003	-	-	-	-	45.3200
30 October 2003	-	-	-	-	45.3200
29 October 2003	-	-	-	-	45.3100
28 October 2003	45.4300	45.3000	45.4700	45.3125	45.4000
27 October 2003	45.3200	45.3125	45.3925	45.3850	45.3400
24 October 2003	-	-	-	-	45.3300
23 October 2003	-	-	-	-	45.3300
22 October 2003	45.3250	45.2950	45.3900	45.3400	45.3700
21 October 2003	-	-	-	-	45.3100
20 October 2003	-	-	-	-	45.3500
17 October 2003	45.3000	45.3000	45.4250	45.3400	45.3500
16 October 2003	-	-	-	-	45.2900
15 October 2003	45.7300	45.5850	45.7600	45.6900	45.7100
14 October 2003	-	-	-	-	45.5900
13 October 2003	-	-	-	-	45.3500
10 October 2003	-	-	-	-	45.3800
9 October 2003	-	-	-	-	45.3300
8 October 2003	-	-	-	-	45.2900
7 October 2003	-	-	-	-	45.3600
6 October 2003	-	-	-	-	45.4200
3 October 2003	-	-	-	-	45.4600
1 October 2003	-	-	-	-	45.6800
30 September 2003	-	-	-	-	-
29 September 2003	45.8550	45.8200	45.8775	45.8413	45.8500
26 September 2003	45.8450	45.8125	45.8750	45.8525	45.8700
25 September 2003	-	-	-	-	45.8200
24 September 2003	-	-	-	-	45.8400
23 September 2003	-	-	-	-	45.7500
22 September 2003	-	-	-	-	45.7900
19 September 2003	-	-	-	-	45.9300
18 September 2003	-	-	-	-	46.0800
17 September 2003	-	-	-	-	45.9400
16 September 2003	-	-	-	-	45.8500
15 September 2003	-	-	-	-	45.7700
12 September 2003	45.7025	45.6975	45.8250	45.8025	45.7800
11 September 2003	45.7125	45.6975	45.7200	45.7000	45.7200
10 September 2003	45.7650	45.7175	45.7900	45.7250	45.7700
9 September 2003	45.8200	45.7825	45.8250	45.7975	45.8100
8 September 2003	45.8400	45.8250	45.8525	45.8250	45.8500
5 September 2003	45.9050	45.8700	45.9375	45.8700	45.9400
4 September 2003	45.9225	45.9000	45.9500	45.9250	45.9200
3 September 2003	45.8750	45.8550	45.9325	45.9100	45.8800
2 September 2003	45.8500	45.8450	45.9000	45.8700	45.8700
1 September 2003	45.8350	45.8025	45.8525	45.8525	45.8300
31 August 2003	-	-	-	-	-
29 August 2003	45.8450	45.8425	45.8800	45.8575	45.8500
28 August 2003	45.8500	45.8075	45.8600	45.8475	45.8300
27 August 2003	45.8600	45.8250	45.8650	45.8350	45.8400
26 August 2003	45.8900	45.8475	45.8900	45.8625	45.8700
25 August 2003	45.8300	45.8300	45.9700	45.8900	45.8600
22 August 2003	45.8600	45.8275	45.8875	45.8275	45.8600
21 August 2003	45.8350	45.8300	45.8750	45.8525	45.8400
20 August 2003	45.8200	45.8100	45.8300	45.8175	45.8200
19 August 2003	45.8500	45.8325	45.8675	45.8400	45.8400
18 August 2003	45.8600	45.8225	45.8800	45.8500	45.8600
14 August 2003	45.8700	45.8600	45.9100	45.9025	45.9100
13 August 2003	45.8875	45.8875	45.9425	45.8925	45.9200
12 August 2003	45.9200	45.8625	45.9325	45.8800	45.9300
11 August 2003	46.0100	45.9200	46.0100	45.9500	45.9600
8 August 2003	45.9400	45.9200	46.0425	46.0100	46.0300
7 August 2003	46.0450	45.9600	46.0525	45.9600	46.0200
6 August 2003	46.0950	46.0450	46.0950	46.0500	46.0800
5 August 2003	46.1200	46.0850	46.1400	46.1000	46.1200
4 August 2003	46.1400	46.0950	46.1400	46.1300	46.1100
1 August 2003	46.1500	46.1450	46.2000	46.1650	46.1600
31 July 2003	46.1200	46.1100	46.1450	46.1450	46.1400
30 July 2003	46.1100	46.0975	46.1300	46.1200	46.1200
29 July 2003	46.1300	46.1150	46.1750	46.1150	46.1200
28 July 2003	46.1100	46.1050	46.1550	46.1250	46.1300
25 July 2003	46.1600	46.1050	46.1600	46.1350	46.1600
24 July 2003	46.1300	46.1300	46.1925	46.1600	46.1500
23 July 2003	46.1700	46.1325	46.1800	46.1550	46.1800
22 July 2003	46.2900	46.1500	46.2900	46.1950	46.2600
21 July 2003	46.2500	46.2250	46.2850	46.2700	46.2600
18 July 2003	46.2100	46.2050	46.2700	46.2550	46.2300
17 July 2003	46.2400	46.1800	46.2700	46.2150	46.2600
16 July 2003	46.1900	46.1450	46.3475	46.2100	46.2000
15 July 2003	46.0300	46.0275	46.2100	46.1400	46.1200
14 July 2003	46.0900	45.9900	46.1000	46.0500	46.0600
11 July 2003	46.2050	46.0700	46.2050	46.1250	46.1400
10 July 2003	46.2250	46.1925	46.2450	46.2050	46.2100
9 July 2003	46.2800	46.2200	46.3000	46.2300	46.2900
8 July 2003	46.3100	46.2600	46.3300	46.2850	46.2900
7 July 2003	46.3300	46.2650	46.3300	46.3300	46.2800
4 July 2003	46.3900	46.3075	46.4000	46.3400	46.3300
3 July 2003	46.4150	46.3800	46.4150	46.4000	46.4100
2 July 2003	46.4500	46.4050	46.4775	46.4200	46.4600
1 July 2003	46.4500	46.3850	46.4800	46.4400	46.4800
30 June 2003	46.3800	46.3800	46.4850	46.4750	46.4700
27 June 2003	46.5450	46.4000	46.5500	46.4100	46.4900
26 June 2003	46.6000	46.5275	46.6200	46.5325	46.5400
25 June 2003	46.5700	46.5700	46.6500	46.5950	46.6200
24 June 2003	46.6850	46.5550	46.7150	46.5775	46.6000
23 June 2003	46.5500	46.5350	46.6950	46.6600	46.5800
20 June 2003	46.5150	46.5150	46.5400	46.5400	46.5400
19 June 2003	46.6250	46.5400	46.6250	46.5400	46.5800
18 June 2003	46.5850	46.5600	46.6075	46.5875	46.5800
17 June 2003	46.6550	46.5775	46.6575	46.5900	46.6400
16 June 2003	46.7000	46.6050	46.7000	46.6600	46.6300
13 June 2003	46.6725	46.6700	46.7450	46.7250	46.6900
12 June 2003	-	-	-	-	46.6800
11 June 2003	46.7500	46.6850	46.8175	46.7000	46.7300
10 June 2003	46.8675	46.7800	46.8675	46.7900	46.8200
9 June 2003	46.8700	46.8700	46.9350	46.8775	46.9000
6 June 2003	46.8500	46.8050	46.8800	46.8800	46.8200
5 June 2003	46.9025	46.8700	46.9600	46.9050	46.9100
4 June 2003	46.9300	46.8500	46.9300	46.8750	46.8800
3 June 2003	47.0900	46.9350	47.1000	46.9350	47.0300
2 June 2003	47.0800	47.0800	47.2500	47.1150	47.1600
31 May 2003	-	-	-	-	-
30 May 2003	47.0000	46.9700	47.1000	47.0900	47.0300
29 May 2003	46.9800	46.9700	47.0625	47.0550	47.0300
28 May 2003	46.8850	46.8750	46.9950	46.9700	46.9600
27 May 2003	46.8800	46.8200	46.9000	46.8850	46.8400
26 May 2003	46.8750	46.8700	46.9275	46.8900	46.9000
23 May 2003	46.8975	46.8400	46.9800	46.8950	46.9400
22 May 2003	46.8200	46.8150	46.9350	46.8975	46.9100
21 May 2003	46.8800	46.7600	46.9000	46.8800	46.7600
20 May 2003	46.9800	46.8950	46.9800	46.9000	46.9400
19 May 2003	47.0950	46.9825	47.1100	46.9925	47.0600
14 May 2003	47.1500	47.1250	47.1500	47.1400	47.1400
13 May 2003	47.1550	47.1475	47.1800	47.1500	47.1700
12 May 2003	47.1650	47.1450	47.2000	47.1675	47.1600
9 May 2003	47.2500	47.1700	47.2500	47.1850	47.1900
8 May 2003	47.2650	47.2250	47.2700	47.2350	47.2600
7 May 2003	47.2500	47.2475	47.2750	47.2500	47.2700
6 May 2003	47.2800	47.2525	47.3150	47.2725	47.3100
5 May 2003	47.3325	47.3025	47.3500	47.3050	47.3500
2 May 2003	-	-	-	-	47.3600
30 April 2003	-	-	-	-	47.3500
29 April 2003	-	-	-	-	47.3700
28 April 2003	-	-	-	-	47.3600
25 April 2003	-	-	-	-	47.3500
24 April 2003	-	-	-	-	47.3400
23 April 2003	47.3375	47.3150	47.3500	47.3375	47.3300
22 April 2003	47.3550	47.3200	47.3750	47.3425	47.3700
21 April 2003	47.3450	47.3300	47.3575	47.3525	47.3500
17 April 2003	47.3500	47.3400	47.3725	47.3500	47.3700
16 April 2003	47.3400	47.3400	47.3550	47.3500	47.3600
10 April 2003	47.4650	47.3825	47.4650	47.3900	47.4100
9 April 2003	47.4150	47.4150	47.4775	47.4750	47.4600
8 April 2003	47.4000	47.3925	47.4375	47.4100	47.4200
7 April 2003	47.3900	47.3600	47.4025	47.4000	47.3900
4 April 2003	47.4050	47.3850	47.4050	47.4025	47.4000
3 April 2003	47.3850	47.3700	47.4125	47.4000	47.4100
31 March 2003	47.5450	47.4775	47.5450	47.4850	47.5000
28 March 2003	47.5550	47.5250	47.5650	47.5425	47.5500
27 March 2003	47.5700	47.5300	47.5800	47.5350	47.5400
26 March 2003	47.5975	47.5450	47.6125	47.5550	47.5800
25 March 2003	47.6650	47.6100	47.6650	47.6100	47.6500
24 March 2003	47.6550	47.6450	47.6800	47.6500	47.6600
21 March 2003	47.7500	47.6600	47.7600	47.6775	47.7000
20 March 2003	47.7200	47.7200	47.8300	47.7425	47.7900
19 March 2003	47.6525	47.6425	47.7000	47.7000	47.6700
17 March 2003	47.6700	47.6450	47.6725	47.6625	47.6600
13 March 2003	47.6600	47.6500	47.6700	47.6600	47.6600
12 March 2003	47.6475	47.6450	47.6600	47.6525	47.6600
11 March 2003	47.6475	47.6375	47.6575	47.6425	47.6500
10 March 2003	47.6425	47.6425	47.6800	47.6425	47.6600
7 March 2003	47.6200	47.6150	47.6800	47.6450	47.6700
6 March 2003	47.6400	47.6200	47.6450	47.6250	47.6400
5 March 2003	47.6400	47.6200	47.6475	47.6350	47.6300
4 March 2003	47.6350	47.6325	47.6525	47.6425	47.6500
3 March 2003	47.6550	47.6425	47.6600	47.6525	47.6600
28 February 2003	47.6625	47.6525	47.6875	47.6750	47.6700
27 February 2003	47.6850	47.6600	47.6925	47.6700	47.6800
26 February 2003	47.7050	47.6575	47.7125	47.6725	47.6900
25 February 2003	47.7450	47.7100	47.7625	47.7100	47.7600
24 February 2003	-	-	-	-	47.7100
21 February 2003	47.7000	47.6925	47.7475	47.7175	47.7400
20 February 2003	47.7000	47.6750	47.7100	47.6975	47.7100
19 February 2003	47.7025	47.6900	47.7075	47.6950	47.7000
18 February 2003	47.7550	47.7050	47.7550	47.7100	47.7400
17 February 2003	47.7750	47.7500	47.7900	47.7575	47.7600
14 February 2003	47.8800	47.8350	47.8800	47.8625	47.8600
12 February 2003	47.7500	47.7275	47.8750	47.8750	47.7900
11 February 2003	47.6950	47.6700	47.8600	47.7275	47.7100
10 February 2003	47.6900	47.6750	47.7025	47.6875	47.6900
7 February 2003	47.7300	47.6875	47.7325	47.7025	47.7200
6 February 2003	47.7350	47.7125	47.7550	47.7400	47.7300
5 February 2003	47.7850	47.7250	47.7900	47.7450	47.7600
4 February 2003	47.7650	47.7575	47.7875	47.7875	47.7800
3 February 2003	47.7900	47.7525	47.7900	47.7775	47.7800
31 January 2003	47.7975	47.7875	47.8200	47.7975	47.8000
30 January 2003	47.8150	47.7850	47.8175	47.7975	47.8200
29 January 2003	47.8825	47.8150	47.8825	47.8200	47.8600
28 January 2003	47.9250	47.8850	47.9575	47.8850	47.9200
27 January 2003	47.8900	47.8700	47.9025	47.9000	47.8900
24 January 2003	47.8825	47.8600	47.9200	47.8825	47.8700
23 January 2003	47.9200	47.8850	47.9225	47.8950	47.9100
22 January 2003	47.9225	47.8975	47.9225	47.9075	47.9100
21 January 2003	47.9550	47.9325	47.9625	47.9475	47.9500
20 January 2003	47.9225	47.8950	47.9400	47.9300	47.9100
17 January 2003	47.9250	47.9125	47.9400	47.9225	47.9400
16 January 2003	47.9650	47.9250	47.9800	47.9300	47.9600
15 January 2003	47.9150	47.9150	47.9450	47.9375	47.9400
14 January 2003	47.9275	47.8875	47.9325	47.9125	47.9000
13 January 2003	47.9550	47.9275	47.9675	47.9375	47.9500
10 January 2003	47.9300	47.9250	47.9750	47.9675	47.9600
9 January 2003	47.9675	47.9250	47.9875	47.9350	47.9700
8 January 2003	47.9700	47.9550	47.9850	47.9725	47.9800
7 January 2003	47.9825	47.9700	48.0125	47.9750	47.9900
6 January 2003	47.9850	47.9675	48.0000	47.9850	48.0000
3 January 2003	48.0300	47.9800	48.0350	48.0000	48.0200
2 January 2003	48.0200	47.9800	48.0300	48.0150	48.0100
1 January 2003	47.9650	47.9200	47.9650	47.9300	47.9900
31 December 2002	47.9650	47.9200	47.9650	47.9300	48.0300
30 December 2002	47.9650	47.9200	47.9650	47.9300	47.9600
27 December 2002	48.0200	48.0100	48.0325	48.0200	48.0300
26 December 2002	48.0200	48.0100	48.0325	48.0200	48.0300
24 December 2002	48.0000	47.9850	48.0350	48.0150	48.0100
23 December 2002	47.9900	47.9600	48.0050	48.0050	47.9900
20 December 2002	48.0700	47.9600	48.0700	48.0000	48.0500
19 December 2002	48.1350	48.0725	48.1425	48.0800	48.1100
18 December 2002	48.1650	48.1350	48.1775	48.1450	48.1500
17 December 2002	48.1650	48.1350	48.1775	48.1450	48.1300
16 December 2002	48.1650	48.1350	48.1775	48.1450	48.1600
13 December 2002	48.1825	48.1575	48.1950	48.1725	48.1800
12 December 2002	-	-	-	-	48.2200
11 December 2002	-	-	-	-	48.1900
10 December 2002	48.2050	48.1800	48.2320	48.1950	48.1900
9 December 2002	48.2050	48.1800	48.2325	48.1950	48.2200
6 December 2002	48.2800	48.2200	48.2825	48.2500	48.2700
5 December 2002	48.2800	48.2200	48.2825	48.2500	48.2400
4 December 2002	48.2800	48.2200	48.2825	48.2500	48.2100
3 December 2002	48.2800	48.2200	48.2825	48.2500	48.2500
2 December 2002	48.2700	48.2600	48.3500	48.2700	48.3200
30 November 2002	-	-	-	-	-
29 November 2002	48.2610	48.2600	48.3350	48.3100	48.2700
28 November 2002	48.2300	48.2200	48.2650	48.2625	48.2400
27 November 2002	48.2050	48.1900	48.2450	48.2450	48.2100
26 November 2002	48.2100	48.1950	48.2225	48.2150	48.2100
25 November 2002	48.1900	48.1850	48.2125	48.1950	48.2000
22 November 2002	48.1850	48.1775	48.2050	48.1950	48.2000
21 November 2002	48.2250	48.1800	48.2500	48.1850	48.2100
20 November 2002	48.1850	48.1850	48.2275	48.2200	48.2100
18 November 2002	48.1750	48.1750	48.2100	48.2100	48.2000
15 November 2002	48.2400	48.1750	48.2500	48.2000	48.2300
14 November 2002	48.2800	48.2525	48.2875	48.2650	48.2800
13 November 2002	48.2650	48.2600	48.2950	48.2750	48.2800
12 November 2002	48.2525	48.2450	48.2800	48.2675	48.2700
11 November 2002	48.2500	48.2400	48.2650	48.2450	48.2700
8 November 2002	48.2775	48.2425	48.2775	48.2625	48.2700
7 November 2002	48.3300	48.2825	48.3425	48.2850	48.3200
6 November 2002	48.3200	48.3100	48.3325	48.3250	48.3200
5 November 2002	48.3250	48.3025	48.3325	48.3200	48.3200
1 November 2002	48.3525	48.3225	48.3525	48.3275	48.3400
31 October 2002	48.3950	48.3500	48.4150	48.3500	48.4100
30 October 2002	48.3750	48.3700	48.4025	48.3800	48.3900
29 October 2002	48.4250	48.3700	48.4800	48.3775	48.4500
28 October 2002	48.3625	48.3600	48.4275	48.4275	48.3900
25 October 2002	48.3800	48.3600	48.3850	48.3700	48.3800
24 October 2002	48.3900	48.3750	48.4375	48.3800	48.4300
23 October 2002	48.3625	48.3525	48.3925	48.3850	48.3700
22 October 2002	48.3450	48.3400	48.3675	48.3625	48.3600
21 October 2002	48.3750	48.3425	48.3750	48.3450	48.3600
18 October 2002	48.4000	48.3800	48.4125	48.3950	48.4100
17 October 2002	48.3775	48.3475	48.4025	48.3950	48.3900
16 October 2002	48.3200	48.3200	48.3850	48.3850	48.3400
14 October 2002	48.3275	48.3150	48.3375	48.3375	48.3300
11 October 2002	48.3450	48.3175	48.3450	48.3350	48.3300
10 October 2002	48.3200	48.3200	48.3600	48.3500	48.3400
9 October 2002	48.3375	48.3100	48.3400	48.3125	48.3400
8 October 2002	48.3575	48.3400	48.3700	48.3475	48.3700
7 October 2002	48.3525	48.3400	48.3600	48.3550	48.3600
4 October 2002	48.3550	48.3500	48.3650	48.3575	48.3600
3 October 2002	48.3600	48.3475	48.3625	48.3600	48.3600
1 October 2002	48.3500	48.3475	48.3650	48.3600	48.3600
30 September 2002	-	-	-	-	-
27 September 2002	48.3950	48.3600	48.3975	48.3750	48.3800
26 September 2002	48.4050	48.3800	48.4075	48.3900	48.3900
25 September 2002	48.4150	48.3900	48.4175	48.3925	48.4100
24 September 2002	48.4025	48.3900	48.4150	48.3975	48.4100
23 September 2002	48.4100	48.4000	48.4200	48.4000	48.4200
20 September 2002	48.4650	48.4025	48.4700	48.4150	48.4500
19 September 2002	48.4100	48.4000	48.4225	48.4100	48.4200
18 September 2002	48.4000	48.3950	48.4100	48.4050	48.4100
17 September 2002	48.4000	48.4000	48.4300	48.4125	48.4100
16 September 2002	48.4200	48.3850	48.4200	48.4100	48.4000
13 September 2002	48.4450	48.4100	48.4475	48.4150	48.4500
12 September 2002	48.4500	48.4425	48.4725	48.4500	48.4700
11 September 2002	48.4700	48.4425	48.4700	48.4475	48.4500
9 September 2002	48.5650	48.5000	48.5650	48.5025	48.5200
6 September 2002	48.4950	48.4800	48.5725	48.5700	48.5300
5 September 2002	48.4525	48.4500	48.4775	48.4775	48.4700
4 September 2002	48.4500	48.4350	48.4550	48.4475	48.4500
3 September 2002	48.4800	48.4550	48.4800	48.4700	48.4700
2 September 2002	48.4800	48.4575	48.4850	48.4700	48.4800
31 August 2002	-	-	-	-	-
30 August 2002	48.5275	48.4875	48.5350	48.4975	48.5100
29 August 2002	48.4900	48.4775	48.5400	48.5175	48.5000
28 August 2002	48.4925	48.4650	48.4925	48.4800	48.4800
27 August 2002	48.5075	48.4900	48.5150	48.4975	48.5000
26 August 2002	48.5200	48.5025	48.5200	48.5125	48.5200
23 August 2002	48.5200	48.5125	48.5400	48.5350	48.5200
22 August 2002	48.5300	48.5100	48.5400	48.5200	48.5400
21 August 2002	48.5550	48.5250	48.5550	48.5350	48.5400
20 August 2002	48.5950	48.5500	48.6025	48.5600	48.5700
19 August 2002	48.5600	48.5450	48.5800	48.5800	48.5600
16 August 2002	48.5875	48.5650	48.5875	48.5700	48.5800
14 August 2002	48.5950	48.5800	48.6200	48.6000	48.6000
13 August 2002	48.5950	48.5750	48.6150	48.5975	48.6200
12 August 2002	48.6350	48.6050	48.6350	48.6100	48.6200
9 August 2002	48.6625	48.6450	48.6875	48.6500	48.6700
8 August 2002	48.6600	48.6400	48.6650	48.6525	48.6600
7 August 2002	48.7100	48.6500	48.7175	48.6525	48.6900
6 August 2002	48.6500	48.6500	48.7100	48.7000	48.6800
5 August 2002	48.6400	48.6225	48.6475	48.6375	48.6400
2 August 2002	48.6425	48.6375	48.6575	48.6500	48.6500
1 August 2002	48.6650	48.6425	48.6675	48.6525	48.6700
31 July 2002	48.6800	48.6500	48.6825	48.6625	48.6800
30 July 2002	48.7750	48.6800	48.7750	48.6800	48.7300
29 July 2002	48.6825	48.6800	48.7500	48.7425	48.7000
26 July 2002	48.6825	48.6600	48.6825	48.6750	48.6700
25 July 2002	48.6900	48.6600	48.6900	48.6775	48.6800
24 July 2002	48.6725	48.6600	48.6850	48.6800	48.6700
23 July 2002	48.6975	48.6700	48.7100	48.6825	48.7000
22 July 2002	48.7250	48.6825	48.7250	48.6925	48.7000
19 July 2002	48.7700	48.7125	48.7700	48.7275	48.7400
18 July 2002	48.7750	48.7650	48.7800	48.7750	48.7800
17 July 2002	48.7850	48.7550	48.7875	48.7700	48.7800
16 July 2002	48.8350	48.7850	48.8350	48.8000	48.8200
15 July 2002	48.7950	48.7950	48.8400	48.8275	48.8300
12 July 2002	48.7825	48.7525	48.7850	48.7725	48.7700
11 July 2002	48.7900	48.7775	48.8100	48.7850	48.8100
10 July 2002	48.7850	48.7650	48.7850	48.7800	48.7800
9 July 2002	48.8050	48.7825	48.8175	48.7875	48.8200
8 July 2002	48.8150	48.7950	48.8225	48.8100	48.8200
5 July 2002	48.8100	48.8100	48.8325	48.8325	48.8200
4 July 2002	48.8000	48.7750	48.8100	48.8075	48.7900
3 July 2002	48.8350	48.7700	48.8375	48.7950	48.8100
2 July 2002	48.8425	48.8200	48.8550	48.8350	48.8300
1 July 2002	48.8775	48.8175	48.8775	48.8375	48.8400
30 June 2002	-	-	-	-	-
28 June 2002	48.8400	48.8250	48.9050	48.8750	48.8700
27 June 2002	48.8750	48.8225	48.8750	48.8500	48.8500
26 June 2002	48.8975	48.8275	48.8975	48.8650	48.8800
25 June 2002	48.8875	48.8850	48.9050	48.9000	48.9000
24 June 2002	48.9050	48.8775	48.9075	48.8825	48.9100
21 June 2002	48.9150	48.9000	48.9300	48.9050	48.9200
20 June 2002	48.9125	48.8800	48.9200	48.9125	48.9100
19 June 2002	48.9600	48.8900	48.9625	48.9100	48.9600
18 June 2002	48.9925	48.9525	49.0025	48.9575	48.9900
17 June 2002	49.0000	48.9825	49.0075	48.9900	49.0000
14 June 2002	49.0125	48.9950	49.0300	49.0000	49.0300
13 June 2002	48.9950	48.9800	49.0075	49.0050	48.9900
12 June 2002	48.9700	48.9650	48.9850	48.9725	48.9800
11 June 2002	48.9550	48.9550	48.9875	48.9625	48.9800
10 June 2002	49.0175	48.9850	49.0175	48.9925	49.0100
7 June 2002	49.0125	49.0050	49.0300	49.0200	49.0200
6 June 2002	49.0225	48.9975	49.0350	49.0125	49.0300
5 June 2002	49.0375	48.9925	49.0500	49.0050	49.0400
4 June 2002	49.0450	49.0275	49.0550	49.0350	49.0400
3 June 2002	49.0300	49.0075	49.0525	49.0400	49.0200
31 May 2002	49.0100	49.0100	49.0425	49.0350	49.0300
30 May 2002	48.9900	48.9850	49.0075	49.0000	49.0100
29 May 2002	48.9750	48.9675	48.9900	48.9750	48.9900
28 May 2002	48.9950	48.9700	48.9950	48.9750	48.9900
27 May 2002	48.9900	48.9600	48.9925	48.9600	48.9800
24 May 2002	49.0000	48.9800	49.0175	48.9850	49.0100
23 May 2002	49.0050	49.0025	49.0550	49.0400	49.0300
22 May 2002	48.9850	48.9650	48.9900	48.9750	48.9800
21 May 2002	49.0300	48.9775	49.0475	48.9800	49.0200
20 May 2002	49.0200	49.0000	49.0600	49.0275	49.0400
17 May 2002	49.0400	48.9700	49.0450	49.0000	49.0100
16 May 2002	49.0475	49.0200	49.0700	49.0200	49.0600
15 May 2002	48.9900	48.9775	49.0500	49.0175	49.0200
14 May 2002	49.0050	48.9900	49.0200	48.9900	49.0200
13 May 2002	49.0000	48.9900	49.0225	48.9925	49.0200
10 May 2002	48.9625	48.9625	49.0000	48.9850	48.9800
9 May 2002	48.9625	48.9475	48.9725	48.9625	48.9600
8 May 2002	48.9625	48.9400	48.9750	48.9400	48.9700
7 May 2002	48.9450	48.9425	48.9650	48.9600	48.9600
6 May 2002	48.9800	48.9450	49.0000	48.9450	48.9800
3 May 2002	48.9500	48.9425	48.9850	48.9750	48.9800
2 May 2002	48.9500	48.9300	48.9625	48.9475	48.9600
30 April 2002	48.9900	48.9375	48.9900	48.9450	48.9700
29 April 2002	48.9650	48.9600	48.9875	48.9600	48.9800
26 April 2002	48.9775	48.9525	48.9850	48.9575	48.9900
24 April 2002	49.0150	48.9625	49.0525	48.9675	49.0500
23 April 2002	48.9250	48.9250	48.9925	48.9750	48.9600
22 April 2002	48.9000	48.8825	48.9350	48.9150	48.9100
19 April 2002	48.9000	48.8700	48.9150	48.8950	48.8900
18 April 2002	48.9400	48.8950	48.9400	48.8950	48.9200
17 April 2002	48.9350	48.9200	48.9625	48.9250	48.9500
16 April 2002	48.9400	48.9000	48.9400	48.9350	48.9200
15 April 2002	48.9050	48.9050	48.9400	48.9400	48.9200
12 April 2002	48.9250	48.8875	48.9325	48.8950	48.9200
11 April 2002	48.9000	48.8900	48.9300	48.8975	48.9100
10 April 2002	48.8850	48.8675	48.9050	48.8675	48.9000
9 April 2002	48.9000	48.8800	48.9550	48.8875	48.9400
8 April 2002	48.8300	48.8300	48.8875	48.8775	48.8500
5 April 2002	48.8600	48.8300	48.8600	48.8325	48.8500
4 April 2002	48.9300	48.8650	48.9300	48.8650	48.8800
3 April 2002	48.8200	48.8200	48.9400	48.8875	48.8800
2 April 2002	48.7800	48.7800	48.8275	48.8175	48.8000
31 March 2002	-	-	-	-	-
28 March 2002	48.8000	48.7925	48.8050	48.8000	48.8000
27 March 2002	48.8300	48.7750	48.8475	48.7925	48.8300
26 March 2002	48.7500	48.7350	48.7700	48.7500	48.7600
22 March 2002	48.7475	48.7450	48.7775	48.7650	48.7700
21 March 2002	48.7500	48.7375	48.7575	48.7500	48.7500
20 March 2002	48.7275	48.7100	48.7325	48.7300	48.7300
19 March 2002	48.7100	48.7075	48.7325	48.7300	48.7300
18 March 2002	48.7050	48.7050	48.7150	48.7075	48.7100
15 March 2002	48.7200	48.6950	48.7275	48.7050	48.7100
14 March 2002	48.7375	48.7000	48.7375	48.7150	48.7200
13 March 2002	48.7250	48.6950	48.7400	48.7200	48.7500
11 March 2002	48.7450	48.7100	48.7625	48.7300	48.7300
8 March 2002	48.7350	48.6850	48.7775	48.7375	48.7500
7 March 2002	48.7000	48.6825	48.7350	48.7300	48.7200
6 March 2002	48.6900	48.6675	48.7025	48.6800	48.7000
5 March 2002	48.6950	48.6750	48.7225	48.7000	48.7000
4 March 2002	48.7125	48.6850	48.7125	48.6900	48.7000
1 March 2002	48.7400	48.7000	48.7600	48.7050	48.7500
28 February 2002	48.7600	48.7200	48.8200	48.7325	48.8100
27 February 2002	48.7150	48.6950	48.7900	48.7350	48.7300
26 February 2002	48.7900	48.7200	48.7950	48.7250	48.7700
25 February 2002	48.8200	48.7900	48.8800	48.7950	48.8500
22 February 2002	48.6800	48.6750	48.7450	48.7450	48.7100
21 February 2002	48.6350	48.6175	48.6575	48.6575	48.6300
20 February 2002	48.6375	48.6000	48.6375	48.6150	48.6300
19 February 2002	48.6650	48.6300	48.6700	48.6425	48.6600
18 February 2002	48.6650	48.6450	48.6800	48.6550	48.6700
15 February 2002	48.6850	48.6700	48.7175	48.6750	48.7100
14 February 2002	48.7000	48.6750	48.7300	48.6875	48.7100
13 February 2002	48.6650	48.6550	48.6900	48.6775	48.6800
12 February 2002	48.7100	48.6600	48.7100	48.6600	48.7100
11 February 2002	48.7000	48.6800	48.7250	48.7125	48.7100
8 February 2002	48.7000	48.6400	48.7000	48.7000	48.6700
7 February 2002	48.7300	48.6550	48.7350	48.6900	48.7100
6 February 2002	48.6400	48.6400	48.7150	48.6775	48.6900
5 February 2002	48.6500	48.6400	48.7250	48.6400	48.7000
4 February 2002	48.5250	48.5225	48.6150	48.6150	48.5500
1 February 2002	48.5300	48.5150	48.5550	48.5250	48.5300
31 January 2002	48.5250	48.5150	48.5900	48.5175	48.5800
30 January 2002	48.4300	48.4300	48.6050	48.5000	48.5600
29 January 2002	48.3550	48.3525	48.4100	48.4075	48.3700
28 January 2002	48.3500	48.3300	48.3500	48.3475	48.3400
25 January 2002	48.3500	48.3425	48.3625	48.3550	48.3600
24 January 2002	48.2850	48.2850	48.3450	48.3425	48.3500
23 January 2002	48.2725	48.2600	48.2825	48.2650	48.2700
22 January 2002	48.2800	48.2500	48.2875	48.2775	48.2800
21 January 2002	48.2300	48.2300	48.2575	48.2550	48.2400
18 January 2002	48.2950	48.2425	48.3125	48.2450	48.2900
17 January 2002	48.2900	48.2825	48.3100	48.2900	48.3000
16 January 2002	48.2650	48.2600	48.3150	48.2650	48.3100
15 January 2002	48.3150	48.2700	48.3150	48.2850	48.2900
14 January 2002	48.3500	48.3425	48.3875	48.3425	48.3900
11 January 2002	48.3650	48.3650	48.4150	48.4100	48.4100
10 January 2002	48.3500	48.3300	48.3900	48.3600	48.3700
9 January 2002	48.2750	48.2575	48.3025	48.3000	48.2900
8 January 2002	48.2500	48.2500	48.2950	48.2750	48.2900
7 January 2002	48.2550	48.2150	48.2575	48.2500	48.2500
4 January 2002	48.2450	48.2450	48.3000	48.2600	48.3000
3 January 2002	48.2350	48.2225	48.2600	48.2525	48.2500
2 January 2002	48.2700	48.2300	48.3175	48.2500	48.3100
1 January 2002	48.2300	48.1900	48.2950	48.2650	48.2400
31 December 2001	48.2000	48.1400	48.2400	48.2400	48.1800
28 December 2001	48.2100	48.2100	48.3500	48.2600	48.3400
27 December 2001	48.0650	48.0650	48.1900	48.1900	48.1300
26 December 2001	47.9400	47.9400	48.0700	48.0300	48.0700
24 December 2001	47.8350	47.8350	47.9375	47.9150	47.8700
21 December 2001	47.8200	47.8075	47.8375	47.8200	47.8300
20 December 2001	47.7800	47.7650	47.7975	47.7950	47.7800
19 December 2001	47.8000	47.7450	47.8025	47.7600	47.7900
18 December 2001	47.8200	47.7850	47.8350	47.8000	47.8100
14 December 2001	47.8500	47.8225	47.8675	47.8275	47.8700
13 December 2001	47.8300	47.8175	47.8700	47.8450	47.8800
12 December 2001	47.8150	47.7850	47.8200	47.8100	47.8100
11 December 2001	47.8250	47.8050	47.8275	47.8175	47.8200
10 December 2001	47.8250	47.7975	47.8250	47.8200	47.8200
7 December 2001	47.8600	47.8025	47.8625	47.8250	47.8400
6 December 2001	47.9200	47.8675	47.9300	47.8700	47.9100
5 December 2001	47.9025	47.8825	47.9175	47.9175	47.9100
4 December 2001	47.9450	47.9025	47.9575	47.9075	47.9400
3 December 2001	47.9250	47.9000	47.9425	47.9425	47.9300
30 November 2001	-	-	-	-	-
29 November 2001	47.9800	47.9475	47.9975	47.9500	47.9900
28 November 2001	47.9800	47.9700	48.0100	47.9775	48.0000
27 November 2001	47.9850	47.9575	47.9925	47.9575	47.9800
26 November 2001	48.0400	47.9800	48.0400	47.9875	48.0200
23 November 2001	48.0300	48.0150	48.0500	48.0400	48.0400
22 November 2001	47.9800	47.9800	48.0375	48.0150	48.0200
21 November 2001	47.9700	47.9550	47.9700	47.9625	47.9700
20 November 2001	47.9475	47.9475	47.9725	47.9700	47.9700
19 November 2001	47.9550	47.9300	47.9675	47.9400	47.9700
15 November 2001	48.0500	47.9675	48.0500	47.9725	48.0200
13 November 2001	48.0000	48.0000	48.0650	48.0550	48.0200
12 November 2001	47.9950	47.9725	47.9950	47.9850	47.9900
9 November 2001	48.0150	47.9875	48.0350	47.9950	48.0300
8 November 2001	47.9900	47.9900	48.0250	48.0125	48.0100
7 November 2001	47.9775	47.9650	47.9825	47.9800	47.9800
6 November 2001	47.9625	47.9525	47.9800	47.9750	47.9700
5 November 2001	47.9825	47.9625	48.0000	47.9625	47.9800
2 November 2001	47.9950	47.9750	48.0000	47.9850	47.9900
1 November 2001	47.9850	47.9750	48.0025	47.9900	48.0000
31 October 2001	47.9750	47.9600	47.9825	47.9775	47.9700
30 October 2001	47.9750	47.9350	47.9825	47.9700	47.9800
29 October 2001	47.9950	47.9625	48.0025	47.9700	47.9800
25 October 2001	48.0350	48.0000	48.0550	48.0000	48.0500
24 October 2001	47.9950	47.9900	48.0375	48.0325	48.0200
23 October 2001	47.9850	47.9750	48.0150	47.9800	48.0100
22 October 2001	48.0250	48.0000	48.0375	48.0075	48.0300
19 October 2001	48.0350	48.0225	48.0575	48.0300	48.0400
18 October 2001	48.0100	47.9925	48.0275	48.0250	48.0100
17 October 2001	47.9650	47.9600	48.0000	47.9800	47.9900
16 October 2001	48.0300	47.9600	48.0500	47.9700	48.0400
15 October 2001	48.0150	47.9800	48.0225	48.0200	48.0100
12 October 2001	48.0300	48.0000	48.0400	48.0200	48.0400
11 October 2001	48.0400	48.0100	48.0600	48.0325	48.0300
10 October 2001	48.1000	48.0250	48.1125	48.0350	48.0600
9 October 2001	48.1350	48.1100	48.1725	48.1175	48.1600
8 October 2001	48.0100	48.0100	48.2100	48.1250	48.1700
5 October 2001	47.9900	47.9725	48.0225	47.9975	47.9900
4 October 2001	47.9300	47.9150	47.9950	47.9850	47.9600
3 October 2001	47.9700	47.9000	47.9700	47.9150	47.9600
1 October 2001	47.8650	47.8650	47.9800	47.9750	47.9300
30 September 2001	-	-	-	-	-
28 September 2001	47.8650	47.8400	47.8700	47.8650	47.8600
27 September 2001	47.8700	47.8400	47.9100	47.8550	47.8900
26 September 2001	47.8500	47.8400	47.8750	47.8525	47.8800
25 September 2001	47.8700	47.8350	47.9225	47.8700	47.9000
24 September 2001	47.9600	47.8500	47.9700	47.8800	47.9300
21 September 2001	47.9900	47.9200	48.0500	48.0100	48.0100
20 September 2001	48.0200	47.8900	48.0850	47.9800	48.0600
19 September 2001	48.0000	47.8600	48.0500	47.8900	47.9600
18 September 2001	47.8500	47.8250	48.0200	47.9700	48.0200
17 September 2001	47.8200	47.7700	48.4300	47.7700	48.1800
14 September 2001	47.5700	47.5700	47.8300	47.8000	47.7000
13 September 2001	47.4350	47.4350	47.5650	47.5550	47.5400
12 September 2001	47.4100	47.4000	47.4500	47.4300	47.4300
11 September 2001	47.3500	47.3425	47.4775	47.4175	47.4500
10 September 2001	47.2600	47.2500	47.3525	47.3475	47.2800
7 September 2001	47.1875	47.1825	47.2650	47.2500	47.2200
6 September 2001	47.1525	47.1500	47.1775	47.1750	47.1600
5 September 2001	47.1650	47.1400	47.1675	47.1425	47.1600
4 September 2001	47.1400	47.1375	47.1700	47.1675	47.1600
3 September 2001	47.1350	47.1200	47.1400	47.1375	47.1300
31 August 2001	47.1350	47.1325	47.1550	47.1375	47.1500
30 August 2001	47.1250	47.1200	47.1425	47.1375	47.1400
29 August 2001	47.1350	47.1025	47.1350	47.1150	47.1300
28 August 2001	47.1375	47.1300	47.1525	47.1325	47.1500
27 August 2001	47.1200	47.1150	47.1350	47.1300	47.1300
24 August 2001	47.1200	47.1150	47.1250	47.1200	47.1200
23 August 2001	47.1125	47.1100	47.1225	47.1200	47.1200
20 August 2001	47.1225	47.1200	47.1300	47.1200	47.1300
17 August 2001	47.1225	47.1150	47.1300	47.1225	47.1300
16 August 2001	47.1225	47.1100	47.1225	47.1125	47.1200
14 August 2001	47.1150	47.1050	47.1225	47.1125	47.1200
13 August 2001	47.1200	47.1100	47.1225	47.1100	47.1200
10 August 2001	47.1275	47.1050	47.1325	47.1150	47.1200
9 August 2001	47.1350	47.1150	47.1500	47.1250	47.1400
8 August 2001	47.1600	47.1000	47.1625	47.1100	47.1400
7 August 2001	47.1075	47.1000	47.1150	47.1125	47.1100
6 August 2001	47.1200	47.0950	47.1200	47.1050	47.1200
3 August 2001	47.1000	47.0875	47.1225	47.1175	47.1000
2 August 2001	47.1200	47.0900	47.1250	47.0950	47.1200
1 August 2001	47.1350	47.1025	47.1375	47.1075	47.1300
31 July 2001	47.1450	47.1250	47.1650	47.1275	47.1600
30 July 2001	47.1375	47.1325	47.1450	47.1450	47.1400
27 July 2001	47.1550	47.1275	47.1700	47.1300	47.1600
26 July 2001	47.1450	47.1400	47.1575	47.1525	47.1600
25 July 2001	47.1225	47.1150	47.1475	47.1400	47.1300
24 July 2001	47.1175	47.1150	47.1350	47.1175	47.1300
23 July 2001	47.1225	47.1100	47.1350	47.1175	47.1300
20 July 2001	47.1125	47.1000	47.1200	47.1200	47.1200
19 July 2001	47.1600	47.1050	47.1600	47.1150	47.1600
18 July 2001	47.1075	47.1000	47.1500	47.1500	47.1100
17 July 2001	47.1450	47.1000	47.1450	47.1075	47.1400
16 July 2001	47.1575	47.1350	47.1650	47.1400	47.1600
13 July 2001	47.1575	47.1450	47.1600	47.1475	47.1600
12 July 2001	47.1550	47.1450	47.1850	47.1525	47.1800
11 July 2001	47.1450	47.1425	47.1600	47.1525	47.1600
10 July 2001	47.1500	47.1350	47.1700	47.1425	47.1600
9 July 2001	47.1300	47.1275	47.1575	47.1350	47.1500
6 July 2001	47.1300	47.1250	47.1650	47.1300	47.1500
5 July 2001	47.1225	47.1150	47.1375	47.1250	47.1300
4 July 2001	47.1200	47.0900	47.1225	47.1025	47.1100
3 July 2001	47.1475	47.0950	47.2000	47.1200	47.1500
2 July 2001	47.0450	47.0400	47.1600	47.1100	47.0700
30 June 2001	-	-	-	-	-
29 June 2001	47.0200	47.0200	47.0600	47.0400	47.0400
28 June 2001	47.0100	47.0000	47.0200	47.0100	47.0100
27 June 2001	47.0100	46.9875	47.0225	46.9925	47.0100
26 June 2001	47.0200	47.0050	47.0450	47.0100	47.0400
25 June 2001	46.9600	46.9550	47.0250	47.0075	46.9900
22 June 2001	47.0000	46.9750	47.0175	46.9750	47.0100
21 June 2001	46.9650	46.9600	47.0000	46.9850	47.0000
20 June 2001	46.9625	46.9450	46.9625	46.9550	46.9600
19 June 2001	46.9725	46.9550	46.9725	46.9625	46.9700
18 June 2001	47.0000	46.9675	47.0025	46.9750	46.9900
15 June 2001	47.0275	46.9900	47.0275	46.9950	47.0000
14 June 2001	47.0450	47.0100	47.0600	47.0225	47.0500
13 June 2001	47.0200	47.0175	47.0500	47.0200	47.0400
12 June 2001	47.0050	46.9900	47.0325	47.0125	47.0200
11 June 2001	46.9500	46.9425	46.9950	46.9775	46.9500
8 June 2001	46.9750	46.9450	46.9750	46.9550	46.9600
7 June 2001	46.9700	46.9500	46.9875	46.9600	46.9800
6 June 2001	47.0000	46.9675	47.0000	46.9725	47.0000
4 June 2001	47.0100	47.0000	47.0350	47.0075	47.0200
1 June 2001	47.0400	47.0000	47.0750	47.0000	47.0500
31 May 2001	46.9600	46.9550	47.0125	47.0025	46.9900
30 May 2001	46.9550	46.9450	46.9725	46.9550	46.9600
29 May 2001	46.9850	46.9475	47.0000	46.9475	46.9700
28 May 2001	46.9550	46.9350	46.9750	46.9700	46.9400
25 May 2001	46.9750	46.9400	46.9750	46.9550	46.9500
24 May 2001	46.9850	46.9600	46.9875	46.9725	46.9800
23 May 2001	47.0050	46.9600	47.0050	46.9600	46.9900
22 May 2001	46.9900	46.9800	47.0175	47.0050	47.0200
21 May 2001	46.9450	46.9450	46.9725	46.9675	46.9600
18 May 2001	46.9350	46.9300	46.9375	46.9375	46.9400
17 May 2001	46.9600	46.9300	46.9600	46.9350	46.9400
16 May 2001	46.9450	46.9200	46.9600	46.9400	46.9300
15 May 2001	46.9650	46.9650	47.0450	46.9900	47.0000
14 May 2001	46.8900	46.8825	46.9650	46.9550	46.9000
11 May 2001	46.8500	46.8500	46.8800	46.8750	46.8700
10 May 2001	46.8350	46.8300	46.8475	46.8425	46.8500
9 May 2001	46.8225	46.8100	46.8400	46.8250	46.8300
8 May 2001	46.8000	46.7950	46.8225	46.8225	46.8100
4 May 2001	46.8275	46.8075	46.8300	46.8175	46.8300
3 May 2001	46.8350	46.8175	46.8525	46.8300	46.8500
2 May 2001	46.8225	46.8000	46.8250	46.8150	46.8100
30 April 2001	46.8500	46.8300	46.8600	46.8350	46.8600
27 April 2001	46.8450	46.8350	46.8675	46.8500	46.8600
26 April 2001	46.8500	46.8325	46.8700	46.8375	46.8600
25 April 2001	46.8250	46.8200	46.8500	46.8500	46.8500
24 April 2001	46.8150	46.8150	46.8600	46.8275	46.8400
23 April 2001	46.7850	46.7750	46.8200	46.8100	46.7900
20 April 2001	46.8400	46.8050	46.8500	46.8050	46.8500
19 April 2001	46.8650	46.8150	46.8650	46.8500	46.8400
18 April 2001	46.8600	46.8100	46.8725	46.8425	46.8400
17 April 2001	47.0500	46.8300	47.0900	46.8300	46.9700
16 April 2001	46.8800	46.8800	47.0200	47.0100	46.9600
12 April 2001	46.7200	46.7200	46.9600	46.8300	46.8900
11 April 2001	46.5600	46.5600	46.6900	46.6800	46.5800
10 April 2001	46.5550	46.5475	46.5650	46.5525	46.5600
9 April 2001	46.5500	46.5450	46.5700	46.5525	46.5500
4 April 2001	46.6200	46.5850	46.6325	46.5900	46.6300
3 April 2001	46.6400	46.6200	46.6550	46.6200	46.6400
31 March 2001	-	-	-	-	-
30 March 2001	46.6150	46.6075	46.6400	46.6200	46.6400
29 March 2001	46.6600	46.6175	46.6700	46.6200	46.6600
28 March 2001	46.6100	46.5850	46.6275	46.6175	46.6200
27 March 2001	46.6600	46.6175	46.6600	46.6250	46.6300
23 March 2001	46.6850	46.6450	46.6900	46.6625	46.6700
22 March 2001	46.6950	46.6550	46.6950	46.6875	46.6800
21 March 2001	46.6975	46.6625	46.7250	46.6850	46.7000
20 March 2001	46.6850	46.6775	46.7050	46.6975	46.7000
19 March 2001	46.6800	46.6700	46.6950	46.6875	46.6900
16 March 2001	46.6600	46.6400	46.7100	46.7000	46.6700
15 March 2001	46.6650	46.6200	46.6650	46.6300	46.6500
14 March 2001	46.6800	46.6500	46.7225	46.6500	46.6900
13 March 2001	46.5650	46.5650	46.6450	46.6450	46.6100
12 March 2001	46.5350	46.5350	46.5675	46.5550	46.5500
9 March 2001	46.5150	46.5100	46.5375	46.5375	46.5300
8 March 2001	46.5300	46.5125	46.5550	46.5200	46.5400
7 March 2001	46.5000	46.4750	46.5275	46.5250	46.5200
5 March 2001	46.5400	46.5200	46.5650	46.5275	46.5600
2 March 2001	46.5500	46.5300	46.5775	46.5400	46.5700
1 March 2001	46.5450	46.4900	46.5450	46.5450	46.5300
28 February 2001	46.6400	46.5050	46.6500	46.5450	46.6100
27 February 2001	46.6200	46.6175	46.6675	46.6400	46.6700
26 February 2001	46.6000	46.6000	46.6325	46.6225	46.6300
23 February 2001	46.5650	46.5500	46.5950	46.5925	46.5800
22 February 2001	46.6300	46.5500	46.6575	46.5550	46.6300
20 February 2001	46.5400	46.5400	46.6150	46.6025	46.5800
16 February 2001	46.5500	46.5000	46.5500	46.5200	46.5400
15 February 2001	46.6250	46.5600	46.6425	46.5600	46.5900
14 February 2001	46.5550	46.5525	46.6225	46.6100	46.6000
13 February 2001	46.5050	46.4900	46.5500	46.5475	46.5500
12 February 2001	46.4600	46.4550	46.5050	46.5050	46.4800
9 February 2001	46.4100	46.4100	46.4700	46.4500	46.4300
8 February 2001	46.4350	46.3950	46.4725	46.3950	46.4400
7 February 2001	46.3700	46.3625	46.4250	46.4200	46.3900
6 February 2001	46.4000	46.3700	46.4050	46.3725	46.4000
5 February 2001	46.3950	46.3950	46.4050	46.4000	46.4100
2 February 2001	46.3950	46.3800	46.4100	46.4000	46.4100
1 February 2001	46.4000	46.3850	46.4075	46.4000	46.4000
31 January 2001	46.4100	46.3700	46.4225	46.3900	46.4100
30 January 2001	46.4900	46.4150	46.4900	46.4200	46.4700
29 January 2001	46.4900	46.4850	46.5350	46.4900	46.5300
25 January 2001	46.3700	46.3700	46.4900	46.4825	46.4600
24 January 2001	46.3600	46.3550	46.3700	46.3675	46.3700
23 January 2001	46.3675	46.3250	46.3675	46.3450	46.3500
22 January 2001	46.3650	46.3475	46.4000	46.3625	46.3900
19 January 2001	46.3850	46.3625	46.4050	46.3700	46.4000
18 January 2001	46.4400	46.3950	46.4400	46.4000	46.4200
17 January 2001	46.4600	46.3700	46.4600	46.4325	46.4100
16 January 2001	46.5350	46.4825	46.5400	46.4825	46.5300
15 January 2001	46.5350	46.4800	46.5425	46.5375	46.5300
12 January 2001	46.6200	46.5400	46.6200	46.5500	46.6100
11 January 2001	46.6375	46.6125	46.6425	46.6250	46.6300
10 January 2001	46.6200	46.5725	46.6275	46.6125	46.6100
9 January 2001	46.6750	46.6150	46.6900	46.6200	46.6600
8 January 2001	46.7050	46.6650	46.7150	46.6800	46.6900
5 January 2001	46.7250	46.6850	46.7475	46.7100	46.7400
4 January 2001	46.7100	46.7100	46.7350	46.7200	46.7400
3 January 2001	46.6900	46.6875	46.7100	46.7000	46.7000
2 January 2001	46.6600	46.6600	46.7050	46.6925	46.6900
1 January 2001	46.6600	46.6475	46.6700	46.6575	46.6600
31 December 2000	-	-	-	-	-
29 December 2000	46.7050	46.6700	46.7450	46.6700	46.7500
27 December 2000	46.6650	46.6550	46.7350	46.7350	46.7000
26 December 2000	46.6650	46.6425	46.6800	46.6425	46.6800
22 December 2000	46.6850	46.6600	46.7000	46.6600	46.6900
21 December 2000	46.7100	46.6825	46.7275	46.6825	46.7100
20 December 2000	46.6850	46.6650	46.7050	46.7000	46.6800
19 December 2000	46.7300	46.6775	46.7300	46.6875	46.7100
18 December 2000	46.7550	46.7250	46.7600	46.7250	46.7600
15 December 2000	46.7550	46.7500	46.7650	46.7600	46.7700
14 December 2000	46.7650	46.7550	46.7675	46.7625	46.7600
13 December 2000	46.7600	46.7475	46.7725	46.7600	46.7700
12 December 2000	46.7550	46.7550	46.7750	46.7650	46.7700
11 December 2000	46.7450	46.7450	46.7600	46.7550	46.7600
8 December 2000	46.7500	46.7450	46.7625	46.7500	46.7600
7 December 2000	46.7550	46.7425	46.7800	46.7525	46.7700
6 December 2000	46.7450	46.7100	46.7575	46.7500	46.7400
5 December 2000	46.8150	46.7575	46.8150	46.7575	46.8000
4 December 2000	46.8400	46.8075	46.8400	46.8175	46.8300
1 December 2000	46.8450	46.8300	46.8550	46.8550	46.8500
30 November 2000	46.8600	46.8250	46.8650	46.8400	46.8400
29 November 2000	46.8850	46.7650	46.8925	46.8600	46.8900
28 November 2000	46.8700	46.8700	46.8975	46.8850	46.8900
27 November 2000	46.8250	46.8250	46.8750	46.8750	46.8600
24 November 2000	46.8250	46.8250	46.8825	46.8350	46.8700
23 November 2000	46.8150	46.8025	46.8300	46.8150	46.8200
22 November 2000	46.8150	46.8000	46.8375	46.8200	46.8300
21 November 2000	46.7650	46.7600	46.8000	46.7900	46.7800
20 November 2000	46.7800	46.7475	46.7975	46.7650	46.7800
17 November 2000	46.8350	46.7800	46.8400	46.7800	46.8300
16 November 2000	46.7800	46.7750	46.8375	46.8350	46.8400
15 November 2000	46.7850	46.7300	46.8000	46.7550	46.7500
14 November 2000	46.7500	46.7500	46.7900	46.7700	46.7800
13 November 2000	46.7300	46.7300	46.7600	46.7500	46.7600
10 November 2000	46.7300	46.7125	46.7500	46.7300	46.7400
9 November 2000	46.7000	46.7000	46.7350	46.7200	46.7300
8 November 2000	46.6500	46.6500	46.7150	46.6800	46.6900
7 November 2000	46.6100	46.5950	46.6750	46.6500	46.6500
6 November 2000	46.5800	46.5300	46.6400	46.6100	46.6400
3 November 2000	46.7250	46.5600	46.7300	46.5800	46.6900
2 November 2000	46.7450	46.7100	46.7600	46.7200	46.7600
1 November 2000	46.8500	46.7200	46.8700	46.7400	46.7900
31 October 2000	46.6300	46.6300	46.8400	46.8400	46.8000
30 October 2000	46.7350	46.6400	46.9100	46.6400	46.8600
27 October 2000	46.6900	46.6500	46.7850	46.7450	46.7800
25 October 2000	46.4500	46.4475	46.6300	46.6100	46.4800
24 October 2000	46.3600	46.3600	46.4300	46.4200	46.4300
23 October 2000	46.3450	46.3350	46.3825	46.3625	46.3800
20 October 2000	46.2900	46.2900	46.3525	46.3525	46.3400
19 October 2000	46.3450	46.2950	46.3775	46.3250	46.3300
18 October 2000	46.2650	46.2650	46.3300	46.3250	46.3300
17 October 2000	46.3150	46.3000	46.3600	46.3150	46.3600
16 October 2000	46.2800	46.2450	46.3300	46.3175	46.3200
13 October 2000	46.2800	46.2800	46.4300	46.3400	46.3800
12 October 2000	46.2700	46.2450	46.3400	46.2700	46.3000
11 October 2000	46.2000	46.2000	46.3500	46.2650	46.3300
10 October 2000	46.0850	46.0850	46.1800	46.1700	46.1300
9 October 2000	46.1050	46.0700	46.1050	46.0825	46.0800
6 October 2000	46.0800	46.0800	46.1200	46.1075	46.1100
5 October 2000	46.0600	46.0600	46.0875	46.0700	46.0900
4 October 2000	46.0350	46.0300	46.0625	46.0500	46.0500
3 October 2000	46.0600	46.0300	46.0900	46.0300	46.0700
30 September 2000	-	-	-	-	-
29 September 2000	45.9800	45.9800	46.0700	46.0300	46.0700
28 September 2000	46.1200	46.0800	46.1850	46.0800	46.1600
27 September 2000	46.0900	46.0800	46.1550	46.1000	46.1500
26 September 2000	46.0000	46.0000	46.1100	46.0500	46.0700
25 September 2000	46.1500	45.9900	46.1500	46.0000	46.0200
22 September 2000	45.8800	45.8000	46.1800	46.1800	46.0800
21 September 2000	46.2700	46.1250	46.3000	46.2000	46.2000
20 September 2000	46.3000	46.0300	46.3800	46.2600	46.2200
19 September 2000	46.0500	46.0500	46.3900	46.3650	46.2200
18 September 2000	45.8200	45.8200	45.9900	45.9900	45.8500
15 September 2000	45.6800	45.6800	45.7800	45.7700	45.7600
14 September 2000	45.6500	45.6450	45.6900	45.6775	45.6800
13 September 2000	45.5900	45.5900	45.6400	45.6350	45.6400
12 September 2000	45.5900	45.5825	45.6150	45.5975	45.6000
11 September 2000	45.6300	45.5850	45.6300	45.5925	45.6300
8 September 2000	45.6200	45.6150	45.6400	45.6350	45.6400
7 September 2000	45.6275	45.6150	45.6450	45.6300	45.6400
6 September 2000	45.7000	45.6150	45.7050	45.6275	45.6800
5 September 2000	45.7275	45.6950	45.7425	45.7000	45.7400
4 September 2000	45.7500	45.7000	45.7500	45.7150	45.7300
31 August 2000	45.7950	45.7500	45.8200	45.7625	45.8000
30 August 2000	45.8300	45.7675	45.8800	45.7975	45.8300
29 August 2000	45.7400	45.7350	45.8150	45.7800	45.7900
28 August 2000	45.8600	45.7550	45.8750	45.7650	45.8400
25 August 2000	45.9350	45.8300	45.9500	45.8600	45.8900
24 August 2000	45.8500	45.8425	45.9500	45.9100	45.9200
23 August 2000	45.6800	45.6750	45.8000	45.7700	45.7600
22 August 2000	45.6200	45.6150	45.7300	45.6750	45.7200
18 August 2000	45.9400	45.7600	45.9500	45.8150	45.8500
17 August 2000	45.7300	45.7000	45.8950	45.8950	45.7800
16 August 2000	45.6600	45.6000	45.6950	45.6925	45.6600
14 August 2000	45.6800	45.6800	45.9050	45.7250	45.7700
11 August 2000	45.9000	45.8000	46.0500	45.8200	45.9300
10 August 2000	45.6500	45.6150	45.8400	45.8400	45.6800
9 August 2000	45.7700	45.5300	45.7700	45.6150	45.6400
8 August 2000	45.5650	45.5650	45.7325	45.7300	45.7200
